##TITLE=N16_3-aminoacetophenone_5
##DATA TYPE=INFRARED SPECTRUM
##XUNITS=1/CM
##YUNITS=%T
399.826377  	49.795328 
400.183684  	47.371566 
400.540991  	42.929177 
400.898298  	41.937853 
401.255605  	44.290686 
401.612912  	48.680061 
401.970219  	48.076340 
402.327525  	45.552587 
402.684832  	48.275703 
403.042139  	51.172047 
403.399446  	50.041855 
403.756753  	47.266464 
404.114060  	43.981412 
404.471367  	42.364940 
404.828674  	42.254093 
405.185980  	42.959279 
405.543287  	47.590398 
405.900594  	51.929305 
406.257901  	50.687323 
406.615208  	48.715286 
406.972515  	48.204490 
407.329822  	46.290757 
407.687128  	46.726228 
408.044435  	50.237931 
408.401742  	51.005789 
408.759049  	51.063868 
409.116356  	51.860658 
409.473663  	51.606738 
409.830970  	50.884671 
410.188276  	48.266555 
410.545583  	46.048416 
410.902890  	47.825393 
411.260197  	50.838658 
411.617504  	52.617214 
411.974811  	51.473957 
412.332118  	50.262035 
412.689424  	48.703794 
413.046731  	47.662695 
413.404038  	49.961010 
413.761345  	48.608625 
414.118652  	46.600048 
414.475959  	49.280589 
414.833266  	50.551650 
415.190572  	50.241152 
415.547879  	49.740343 
415.905186  	49.961104 
416.262493  	50.718341 
416.619800  	48.992895 
416.977107  	47.799632 
417.334414  	49.024742 
417.691720  	51.423048 
418.049027  	49.767853 
418.406334  	45.778309 
418.763641  	55.044835 
419.120948  	56.690247 
419.478255  	54.197849 
419.835562  	61.165267 
420.192869  	55.683362 
420.550175  	50.134726 
420.907482  	49.775102 
421.264789  	49.366942 
421.622096  	50.968613 
421.979403  	52.923882 
422.336710  	50.719739 
422.694017  	47.450918 
423.051323  	47.737512 
423.408630  	51.232110 
423.765937  	52.586863 
424.123244  	53.287846 
424.480551  	53.095028 
424.837858  	52.416271 
425.195165  	53.356217 
425.552471  	53.381617 
425.909778  	52.007079 
426.267085  	52.999301 
426.624392  	52.970935 
426.981699  	50.269936 
427.339006  	49.635150 
427.696313  	51.119803 
428.053619  	53.188502 
428.410926  	53.341876 
428.768233  	51.335425 
429.125540  	52.190439 
429.482847  	54.007911 
429.840154  	54.451788 
430.197461  	54.771537 
430.554767  	52.783416 
430.912074  	50.365534 
431.269381  	50.629556 
431.626688  	52.649708 
431.983995  	55.001592 
432.341302  	55.500092 
432.698609  	54.738819 
433.055916  	54.240243 
433.413222  	53.355771 
433.770529  	52.765873 
434.127836  	53.715283 
434.485143  	55.066106 
434.842450  	54.271155 
435.199757  	53.094311 
435.557064  	54.454754 
435.914370  	55.401097 
436.271677  	52.672234 
436.628984  	49.735546 
436.986291  	50.626811 
437.343598  	52.689129 
437.700905  	54.257268 
438.058212  	53.577476 
438.415518  	53.372730 
438.772825  	54.435290 
439.130132  	54.188543 
439.487439  	54.218245 
439.844746  	53.923954 
440.202053  	53.040519 
440.559360  	53.443720 
440.916666  	52.618762 
441.273973  	51.731564 
441.631280  	52.737187 
441.988587  	53.538816 
442.345894  	54.161556 
442.703201  	53.388172 
443.060508  	52.111677 
443.417814  	52.752350 
443.775121  	54.225378 
444.132428  	54.009199 
444.489735  	53.892565 
444.847042  	54.022752 
445.204349  	53.785293 
445.561656  	54.170995 
445.918963  	54.337897 
446.276269  	53.847937 
446.633576  	53.633671 
446.990883  	52.129514 
447.348190  	51.579286 
447.705497  	52.807180 
448.062804  	52.963207 
448.420111  	52.913452 
448.777417  	53.134238 
449.134724  	52.614850 
449.492031  	53.574988 
449.849338  	56.529815 
450.206645  	56.798557 
450.563952  	54.370569 
450.921259  	54.590278 
451.278565  	55.458499 
451.635872  	54.229508 
451.993179  	53.202935 
452.350486  	53.290741 
452.707793  	54.653920 
453.065100  	54.682014 
453.422407  	53.464953 
453.779713  	54.799117 
454.137020  	55.976637 
454.494327  	55.128566 
454.851634  	54.500490 
455.208941  	54.540114 
455.566248  	54.916221 
455.923555  	55.128721 
456.280861  	54.053785 
456.638168  	53.286051 
456.995475  	54.785296 
457.352782  	56.514094 
457.710089  	58.390910 
458.067396  	55.055419 
458.424703  	52.877681 
458.782010  	54.742223 
459.139316  	55.391116 
459.496623  	53.956424 
459.853930  	53.929492 
460.211237  	54.140529 
460.568544  	55.323890 
460.925851  	56.475385 
461.283158  	55.814288 
461.640464  	54.968851 
461.997771  	54.602486 
462.355078  	54.493547 
462.712385  	53.253427 
463.069692  	52.404659 
463.426999  	53.812069 
463.784306  	54.089920 
464.141612  	53.522970 
464.498919  	54.143012 
464.856226  	55.018394 
465.213533  	55.726467 
465.570840  	56.037731 
465.928147  	55.820584 
466.285454  	54.468778 
466.642760  	53.595774 
467.000067  	53.977670 
467.357374  	52.995533 
467.714681  	51.784876 
468.071988  	52.489134 
468.429295  	52.630431 
468.786602  	51.960704 
469.143908  	52.654622 
469.501215  	53.628191 
469.858522  	53.170864 
470.215829  	52.358397 
470.573136  	51.647685 
470.930443  	51.824459 
471.287750  	53.284581 
471.645057  	54.262947 
472.002363  	55.633819 
472.359670  	58.121529 
472.716977  	56.992066 
473.074284  	53.347690 
473.431591  	52.107774 
473.788898  	52.233823 
474.146205  	51.872841 
474.503511  	51.359583 
474.860818  	51.016157 
475.218125  	51.249806 
475.575432  	52.929818 
475.932739  	54.019908 
476.290046  	53.252676 
476.647353  	51.907569 
477.004659  	51.048283 
477.361966  	50.972814 
477.719273  	50.632127 
478.076580  	50.159057 
478.433887  	50.466503 
478.791194  	50.200655 
479.148501  	50.077799 
479.505807  	51.045253 
479.863114  	50.394586 
480.220421  	48.112706 
480.577728  	47.772266 
480.935035  	50.440185 
481.292342  	51.357843 
481.649649  	49.292255 
482.006955  	49.615473 
482.364262  	50.236908 
482.721569  	48.254340 
483.078876  	47.362105 
483.436183  	47.776339 
483.793490  	48.398614 
484.150797  	47.951069 
484.508104  	46.869385 
484.865410  	47.341489 
485.222717  	47.522814 
485.580024  	47.027687 
485.937331  	47.057595 
486.294638  	48.059397 
486.651945  	48.714152 
487.009252  	47.199040 
487.366558  	46.549080 
487.723865  	46.910717 
488.081172  	47.059208 
488.438479  	48.546401 
488.795786  	48.472291 
489.153093  	46.879145 
489.510400  	46.360677 
489.867706  	47.195132 
490.225013  	49.032127 
490.582320  	49.350458 
490.939627  	49.740463 
491.296934  	50.761580 
491.654241  	50.189897 
492.011548  	50.071923 
492.368854  	50.605775 
492.726161  	51.937722 
493.083468  	53.676569 
493.440775  	53.012097 
493.798082  	52.747354 
494.155389  	54.213550 
494.512696  	54.158077 
494.870002  	53.160821 
495.227309  	52.895370 
495.584616  	53.102244 
495.941923  	54.515494 
496.299230  	56.330571 
496.656537  	55.758544 
497.013844  	54.831162 
497.371151  	55.205061 
497.728457  	54.840262 
498.085764  	54.610975 
498.443071  	54.922449 
498.800378  	54.760823 
499.157685  	54.864814 
499.514992  	54.842007 
499.872299  	54.225763 
500.229605  	54.102939 
500.586912  	54.422122 
500.944219  	54.614419 
501.301526  	55.505607 
501.658833  	55.908384 
502.016140  	54.683656 
502.373447  	54.242400 
502.730753  	54.348180 
503.088060  	53.615282 
503.445367  	52.903696 
503.802674  	52.187771 
504.159981  	51.606600 
504.517288  	50.632171 
504.874595  	49.739952 
505.231901  	50.235389 
505.589208  	50.412872 
505.946515  	49.362155 
506.303822  	48.259905 
506.661129  	47.273164 
507.018436  	46.326795 
507.375743  	45.526094 
507.733049  	44.463452 
508.090356  	43.036284 
508.447663  	41.863391 
508.804970  	41.270431 
509.162277  	40.447892 
509.519584  	39.131141 
509.876891  	38.639348 
510.234197  	38.508162 
510.591504  	37.485780 
510.948811  	36.484918 
511.306118  	35.572049 
511.663425  	34.591982 
512.020732  	34.113263 
512.378039  	33.802422 
512.735346  	33.339451 
513.092652  	33.883955 
513.449959  	35.520794 
513.807266  	35.670454 
514.164573  	35.382807 
514.521880  	36.756634 
514.879187  	37.313008 
515.236494  	37.683713 
515.593800  	39.408067 
515.951107  	41.307342 
516.308414  	42.772852 
516.665721  	43.754654 
517.023028  	45.126482 
517.380335  	46.325673 
517.737642  	47.487209 
518.094948  	49.393883 
518.452255  	50.463940 
518.809562  	50.562463 
519.166869  	50.518028 
519.524176  	51.681913 
519.881483  	53.389548 
520.238790  	53.183256 
520.596096  	53.834048 
520.953403  	55.135421 
521.310710  	54.775293 
521.668017  	55.119738 
522.025324  	56.016307 
522.382631  	56.177548 
522.739938  	56.916651 
523.097244  	57.294854 
523.454551  	56.943890 
523.811858  	57.045283 
524.169165  	57.396979 
524.526472  	57.729430 
524.883779  	57.604557 
525.241086  	57.376346 
525.598393  	57.743457 
525.955699  	57.904030 
526.313006  	58.200116 
526.670313  	58.602471 
527.027620  	58.065017 
527.384927  	57.818527 
527.742234  	57.882504 
528.099541  	57.780760 
528.456847  	58.595027 
528.814154  	58.867990 
529.171461  	58.437288 
529.528768  	58.698364 
529.886075  	58.366968 
530.243382  	57.560865 
530.600689  	57.472753 
530.957995  	57.939431 
531.315302  	58.533001 
531.672609  	58.384711 
532.029916  	58.035347 
532.387223  	58.479480 
532.744530  	59.032322 
533.101837  	58.937636 
533.459143  	58.705393 
533.816450  	58.949455 
534.173757  	58.993818 
534.531064  	58.534416 
534.888371  	58.121878 
535.245678  	57.557270 
535.602985  	57.344756 
535.960291  	58.269785 
536.317598  	59.313345 
536.674905  	59.394740 
537.032212  	59.144476 
537.389519  	59.111884 
537.746826  	58.865719 
538.104133  	57.910541 
538.461440  	57.380350 
538.818746  	58.620134 
539.176053  	59.429931 
539.533360  	58.458856 
539.890667  	58.158253 
540.247974  	58.550118 
540.605281  	58.629038 
540.962588  	58.647577 
541.319894  	57.970184 
541.677201  	56.909633 
542.034508  	56.242707 
542.391815  	56.270456 
542.749122  	56.796845 
543.106429  	56.852023 
543.463736  	56.534897 
543.821042  	56.198375 
544.178349  	56.243889 
544.535656  	56.794492 
544.892963  	57.306161 
545.250270  	57.935264 
545.607577  	58.020432 
545.964884  	57.500377 
546.322190  	57.192319 
546.679497  	57.383643 
547.036804  	58.461331 
547.394111  	58.789985 
547.751418  	57.898209 
548.108725  	57.974018 
548.466032  	58.349896 
548.823338  	58.080728 
549.180645  	58.012977 
549.537952  	58.273366 
549.895259  	57.976431 
550.252566  	57.455407 
550.609873  	58.221930 
550.967180  	58.418189 
551.324487  	57.471569 
551.681793  	57.893100 
552.039100  	58.137630 
552.396407  	57.247785 
552.753714  	57.489299 
553.111021  	57.656686 
553.468328  	56.567278 
553.825635  	55.906914 
554.182941  	56.206252 
554.540248  	57.083088 
554.897555  	57.964030 
555.254862  	58.330156 
555.612169  	58.452895 
555.969476  	58.166306 
556.326783  	57.659334 
556.684089  	57.543422 
557.041396  	57.487729 
557.398703  	57.221518 
557.756010  	56.860241 
558.113317  	56.635775 
558.470624  	56.551721 
558.827931  	56.492941 
559.185237  	56.956908 
559.542544  	57.285726 
559.899851  	56.960670 
560.257158  	56.938309 
560.614465  	57.204686 
560.971772  	57.611591 
561.329079  	57.721595 
561.686385  	57.141109 
562.043692  	56.657009 
562.400999  	56.603574 
562.758306  	57.006735 
563.115613  	57.131696 
563.472920  	56.561021 
563.830227  	56.358335 
564.187534  	56.587956 
564.544840  	56.665251 
564.902147  	56.196918 
565.259454  	55.732806 
565.616761  	55.984390 
565.974068  	56.094887 
566.331375  	55.970474 
566.688682  	55.887934 
567.045988  	55.786899 
567.403295  	55.772084 
567.760602  	55.449588 
568.117909  	55.161563 
568.475216  	55.006806 
568.832523  	54.780740 
569.189830  	54.893663 
569.547136  	55.042344 
569.904443  	55.114719 
570.261750  	55.445058 
570.619057  	55.606148 
570.976364  	55.130045 
571.333671  	54.526032 
571.690978  	54.376138 
572.048284  	54.306353 
572.405591  	54.258147 
572.762898  	53.971426 
573.120205  	53.266252 
573.477512  	53.061799 
573.834819  	53.155470 
574.192126  	52.950979 
574.549432  	52.829156 
574.906739  	52.653313 
575.264046  	52.245419 
575.621353  	52.089529 
575.978660  	52.209188 
576.335967  	51.722754 
576.693274  	51.229436 
577.050581  	51.409294 
577.407887  	51.129154 
577.765194  	50.515052 
578.122501  	50.383232 
578.479808  	49.892383 
578.837115  	49.231823 
579.194422  	49.197655 
579.551729  	49.031886 
579.909035  	48.327415 
580.266342  	47.796593 
580.623649  	47.874063 
580.980956  	47.649659 
581.338263  	46.344681 
581.695570  	45.190508 
582.052877  	45.060906 
582.410183  	45.233530 
582.767490  	44.977657 
583.124797  	44.174827 
583.482104  	43.575049 
583.839411  	43.226356 
584.196718  	42.856532 
584.554025  	42.710129 
584.911331  	41.489612 
585.268638  	39.980861 
585.625945  	39.855175 
585.983252  	39.197095 
586.340559  	37.753262 
586.697866  	37.011686 
587.055173  	36.513010 
587.412479  	36.101930 
587.769786  	35.743792 
588.127093  	35.498230 
588.484400  	36.122729 
588.841707  	37.289683 
589.199014  	38.086559 
589.556321  	38.665600 
589.913627  	39.612595 
590.270934  	40.975710 
590.628241  	42.805820 
590.985548  	45.103171 
591.342855  	47.480972 
591.700162  	49.517013 
592.057469  	50.939968 
592.414776  	52.706642 
592.772082  	54.969553 
593.129389  	56.826093 
593.486696  	58.684718 
593.844003  	60.591353 
594.201310  	61.927471 
594.558617  	63.444837 
594.915924  	65.027363 
595.273230  	65.776878 
595.630537  	66.420848 
595.987844  	67.500653 
596.345151  	68.508453 
596.702458  	69.328992 
597.059765  	69.910788 
597.417072  	70.373429 
597.774378  	70.691274 
598.131685  	70.748044 
598.488992  	71.543953 
598.846299  	72.550089 
599.203606  	72.631760 
599.560913  	72.556441 
599.918220  	72.059097 
600.275526  	71.421850 
600.632833  	71.712701 
600.990140  	71.781382 
601.347447  	71.567997 
601.704754  	71.743267 
602.062061  	72.036466 
602.419368  	72.139750 
602.776674  	71.888020 
603.133981  	71.612310 
603.491288  	71.430907 
603.848595  	71.293789 
604.205902  	71.231102 
604.563209  	71.023294 
604.920516  	71.127166 
605.277823  	71.216947 
605.635129  	70.512172 
605.992436  	70.161783 
606.349743  	70.426856 
606.707050  	70.319001 
607.064357  	70.663152 
607.421664  	71.213188 
607.778971  	70.730919 
608.136277  	70.496457 
608.493584  	70.867872 
608.850891  	70.420076 
609.208198  	69.834162 
609.565505  	70.137560 
609.922812  	70.239825 
610.280119  	69.960093 
610.637425  	70.218748 
610.994732  	70.197428 
611.352039  	69.834668 
611.709346  	69.836234 
612.066653  	69.833758 
612.423960  	70.256605 
612.781267  	70.557731 
613.138573  	70.236968 
613.495880  	70.253908 
613.853187  	70.026787 
614.210494  	69.557604 
614.567801  	69.334315 
614.925108  	69.228870 
615.282415  	69.385897 
615.639721  	69.158146 
615.997028  	69.233132 
616.354335  	69.948707 
616.711642  	69.808504 
617.068949  	69.239524 
617.426256  	68.815236 
617.783563  	68.730563 
618.140870  	69.001253 
618.498176  	69.011546 
618.855483  	69.218539 
619.212790  	69.382354 
619.570097  	68.990055 
619.927404  	68.568448 
620.284711  	68.255888 
620.642018  	68.368933 
620.999324  	68.760712 
621.356631  	68.812979 
621.713938  	68.811396 
622.071245  	68.903652 
622.428552  	68.832782 
622.785859  	68.594709 
623.143166  	68.703546 
623.500472  	69.243798 
623.857779  	69.381579 
624.215086  	69.016387 
624.572393  	68.668635 
624.929700  	68.588190 
625.287007  	68.841923 
625.644314  	68.935804 
626.001620  	68.781989 
626.358927  	68.699041 
626.716234  	68.600414 
627.073541  	68.554782 
627.430848  	68.615363 
627.788155  	68.702739 
628.145462  	68.535771 
628.502768  	67.995652 
628.860075  	67.816090 
629.217382  	68.128661 
629.574689  	68.447810 
629.931996  	68.582447 
630.289303  	68.419833 
630.646610  	68.452665 
631.003917  	68.528432 
631.361223  	68.087665 
631.718530  	67.940244 
632.075837  	68.167385 
632.433144  	68.024608 
632.790451  	67.879955 
633.147758  	67.892235 
633.505065  	67.644526 
633.862371  	67.430010 
634.219678  	67.575879 
634.576985  	67.645730 
634.934292  	67.246194 
635.291599  	66.865527 
635.648906  	66.911439 
636.006213  	66.827024 
636.363519  	66.822202 
636.720826  	66.956136 
637.078133  	66.703470 
637.435440  	66.880762 
637.792747  	67.244267 
638.150054  	67.122854 
638.507361  	67.312023 
638.864667  	67.382200 
639.221974  	67.451507 
639.579281  	67.831545 
639.936588  	67.449552 
640.293895  	67.271176 
640.651202  	67.563501 
641.008509  	67.246877 
641.365815  	67.222994 
641.723122  	67.488283 
642.080429  	67.422967 
642.437736  	67.640253 
642.795043  	67.747138 
643.152350  	67.505247 
643.509657  	67.561156 
643.866964  	67.411715 
644.224270  	66.972323 
644.581577  	66.954959 
644.938884  	66.937318 
645.296191  	66.780521 
645.653498  	66.878272 
646.010805  	66.918531 
646.368112  	66.769929 
646.725418  	66.991164 
647.082725  	67.522873 
647.440032  	67.360794 
647.797339  	66.806991 
648.154646  	66.549535 
648.511953  	66.070605 
648.869260  	65.898299 
649.226566  	66.204546 
649.583873  	66.397031 
649.941180  	66.716912 
650.298487  	66.657230 
650.655794  	66.217263 
651.013101  	66.105436 
651.370408  	66.325635 
651.727714  	66.470746 
652.085021  	65.896779 
652.442328  	65.767802 
652.799635  	66.257190 
653.156942  	66.140009 
653.514249  	65.926100 
653.871556  	65.920344 
654.228862  	65.781515 
654.586169  	65.792472 
654.943476  	65.758076 
655.300783  	65.745270 
655.658090  	65.830939 
656.015397  	65.749678 
656.372704  	65.561216 
656.730011  	65.464266 
657.087317  	65.545873 
657.444624  	65.456903 
657.801931  	65.396800 
658.159238  	65.670153 
658.516545  	65.493863 
658.873852  	65.319812 
659.231159  	65.546534 
659.588465  	65.231402 
659.945772  	64.960639 
660.303079  	65.061138 
660.660386  	64.762884 
661.017693  	64.388717 
661.375000  	64.163642 
661.732307  	64.256283 
662.089613  	64.469054 
662.446920  	64.089281 
662.804227  	63.645734 
663.161534  	63.764181 
663.518841  	64.014780 
663.876148  	63.843426 
664.233455  	63.357935 
664.590761  	63.167692 
664.948068  	63.291917 
665.305375  	63.586732 
665.662682  	63.516427 
666.019989  	63.125723 
666.377296  	63.056129 
666.734603  	62.955025 
667.091909  	62.988494 
667.449216  	63.369383 
667.806523  	63.205214 
668.163830  	63.047173 
668.521137  	62.231567 
668.878444  	61.501155 
669.235751  	61.286094 
669.593057  	61.135420 
669.950364  	61.163273 
670.307671  	61.154394 
670.664978  	61.151202 
671.022285  	61.096827 
671.379592  	60.892387 
671.736899  	60.543034 
672.094206  	59.803317 
672.451512  	59.131230 
672.808819  	58.633227 
673.166126  	58.182058 
673.523433  	58.053328 
673.880740  	57.890989 
674.238047  	57.434863 
674.595354  	56.796884 
674.952660  	56.269894 
675.309967  	55.700686 
675.667274  	54.826000 
676.024581  	53.971742 
676.381888  	53.325260 
676.739195  	52.622659 
677.096502  	51.684552 
677.453808  	50.740932 
677.811115  	49.644869 
678.168422  	48.334473 
678.525729  	47.260970 
678.883036  	45.638545 
679.240343  	43.731682 
679.597650  	42.387187 
679.954956  	40.505190 
680.312263  	38.597618 
680.669570  	36.872895 
681.026877  	34.478031 
681.384184  	32.407126 
681.741491  	30.934981 
682.098798  	29.116470 
682.456104  	26.876103 
682.813411  	25.293742 
683.170718  	24.373195 
683.528025  	24.085388 
683.885332  	24.894310 
684.242639  	25.991019 
684.599946  	26.851660 
684.957253  	28.026969 
685.314559  	30.168538 
685.671866  	33.302890 
686.029173  	36.878714 
686.386480  	40.651312 
686.743787  	44.296883 
687.101094  	48.044868 
687.458401  	51.509468 
687.815707  	54.438988 
688.173014  	57.099690 
688.530321  	59.363070 
688.887628  	61.826309 
689.244935  	63.596017 
689.602242  	64.399179 
689.959549  	65.321294 
690.316855  	65.961040 
690.674162  	66.682648 
691.031469  	67.449176 
691.388776  	67.714365 
691.746083  	67.895632 
692.103390  	67.809658 
692.460697  	68.017998 
692.818003  	68.473604 
693.175310  	68.576731 
693.532617  	68.831583 
693.889924  	69.069974 
694.247231  	69.056055 
694.604538  	68.736721 
694.961845  	68.444614 
695.319151  	68.770411 
695.676458  	68.718742 
696.033765  	68.237139 
696.391072  	68.272809 
696.748379  	68.620211 
697.105686  	68.880204 
697.462993  	68.972913 
697.820300  	68.619826 
698.177606  	67.987465 
698.534913  	67.844108 
698.892220  	67.888931 
699.249527  	67.738418 
699.606834  	67.593826 
699.964141  	67.356118 
700.321448  	67.245305 
700.678754  	67.001370 
701.036061  	66.749663 
701.393368  	66.914491 
701.750675  	66.770177 
702.107982  	66.478938 
702.465289  	66.375524 
702.822596  	66.308459 
703.179902  	66.290025 
703.537209  	65.691867 
703.894516  	64.977858 
704.251823  	64.838956 
704.609130  	64.699469 
704.966437  	64.377077 
705.323744  	63.818040 
705.681050  	63.100939 
706.038357  	62.810478 
706.395664  	62.618117 
706.752971  	61.894814 
707.110278  	61.241535 
707.467585  	60.771746 
707.824892  	59.924030 
708.182198  	59.193726 
708.539505  	58.954569 
708.896812  	58.989506 
709.254119  	58.885417 
709.611426  	58.674125 
709.968733  	59.266644 
710.326040  	60.347507 
710.683347  	61.442924 
711.040653  	63.274490 
711.397960  	65.778155 
711.755267  	68.504783 
712.112574  	71.125908 
712.469881  	73.530857 
712.827188  	75.875988 
713.184495  	77.606822 
713.541801  	78.498855 
713.899108  	78.936269 
714.256415  	79.132385 
714.613722  	79.388490 
714.971029  	79.697592 
715.328336  	79.817416 
715.685643  	79.859928 
716.042949  	79.623333 
716.400256  	79.089713 
716.757563  	79.093483 
717.114870  	79.197452 
717.472177  	78.640348 
717.829484  	78.322555 
718.186791  	78.360564 
718.544097  	78.088384 
718.901404  	77.737885 
719.258711  	77.528976 
719.616018  	77.154880 
719.973325  	76.623489 
720.330632  	76.368937 
720.687939  	76.169943 
721.045245  	75.758654 
721.402552  	75.435254 
721.759859  	75.299977 
722.117166  	75.287242 
722.474473  	75.239616 
722.831780  	75.346154 
723.189087  	75.511097 
723.546394  	75.168378 
723.903700  	74.869059 
724.261007  	75.034799 
724.618314  	74.845744 
724.975621  	74.325820 
725.332928  	74.265049 
725.690235  	74.341624 
726.047542  	74.288728 
726.404848  	74.397782 
726.762155  	74.225427 
727.119462  	73.976074 
727.476769  	74.051702 
727.834076  	74.024205 
728.191383  	73.982090 
728.548690  	73.829271 
728.905996  	73.571981 
729.263303  	73.411953 
729.620610  	73.046604 
729.977917  	72.837297 
730.335224  	72.956389 
730.692531  	73.044033 
731.049838  	73.059858 
731.407144  	72.986552 
731.764451  	72.860645 
732.121758  	72.725250 
732.479065  	72.776286 
732.836372  	72.882317 
733.193679  	72.726185 
733.550986  	72.639803 
733.908292  	72.673167 
734.265599  	72.394609 
734.622906  	71.954131 
734.980213  	72.015117 
735.337520  	72.248996 
735.694827  	72.069767 
736.052134  	72.097602 
736.409441  	72.281664 
736.766747  	72.315406 
737.124054  	72.449910 
737.481361  	72.224295 
737.838668  	71.866936 
738.195975  	71.860110 
738.553282  	71.698360 
738.910589  	71.439599 
739.267895  	71.256503 
739.625202  	71.062599 
739.982509  	71.297968 
740.339816  	71.713552 
740.697123  	71.695227 
741.054430  	71.464148 
741.411737  	71.064068 
741.769043  	70.918962 
742.126350  	71.367888 
742.483657  	71.371319 
742.840964  	71.121415 
743.198271  	71.336618 
743.555578  	71.250168 
743.912885  	70.843254 
744.270191  	70.769433 
744.627498  	71.033226 
744.984805  	71.167253 
745.342112  	70.880544 
745.699419  	70.579909 
746.056726  	70.315541 
746.414033  	69.983619 
746.771339  	70.085787 
747.128646  	70.473077 
747.485953  	70.315029 
747.843260  	69.934824 
748.200567  	69.900053 
748.557874  	69.789578 
748.915181  	69.610727 
749.272488  	69.434428 
749.629794  	69.318135 
749.987101  	69.637450 
750.344408  	69.726196 
750.701715  	69.359837 
751.059022  	69.108598 
751.416329  	69.045314 
751.773636  	69.122305 
752.130942  	68.959894 
752.488249  	68.571910 
752.845556  	68.346382 
753.202863  	68.411819 
753.560170  	68.662554 
753.917477  	68.639763 
754.274784  	68.421280 
754.632090  	68.128872 
754.989397  	67.860810 
755.346704  	67.823187 
755.704011  	67.651793 
756.061318  	67.425705 
756.418625  	67.212312 
756.775932  	67.041900 
757.133238  	66.883653 
757.490545  	66.521864 
757.847852  	66.774525 
758.205159  	67.076889 
758.562466  	66.461004 
758.919773  	65.881011 
759.277080  	65.514033 
759.634386  	65.317698 
759.991693  	65.170383 
760.349000  	64.761435 
760.706307  	64.570534 
761.063614  	64.094177 
761.420921  	63.517171 
761.778228  	63.638516 
762.135534  	63.651119 
762.492841  	63.286776 
762.850148  	62.863639 
763.207455  	62.478275 
763.564762  	62.270110 
763.922069  	61.935744 
764.279376  	61.399866 
764.636683  	60.847762 
764.993989  	60.404077 
765.351296  	59.814551 
765.708603  	58.960091 
766.065910  	58.382353 
766.423217  	57.788880 
766.780524  	56.890720 
767.137831  	56.007470 
767.495137  	54.956529 
767.852444  	54.007961 
768.209751  	53.177894 
768.567058  	51.859433 
768.924365  	50.304654 
769.281672  	48.906820 
769.638979  	47.585896 
769.996285  	46.270982 
770.353592  	44.957102 
770.710899  	43.390474 
771.068206  	41.563526 
771.425513  	39.854328 
771.782820  	38.017554 
772.140127  	36.089928 
772.497433  	34.438553 
772.854740  	32.891582 
773.212047  	31.606617 
773.569354  	30.703919 
773.926661  	30.073978 
774.283968  	29.783843 
774.641275  	29.989212 
774.998581  	30.797279 
775.355888  	31.694595 
775.713195  	32.674781 
776.070502  	34.213668 
776.427809  	35.576705 
776.785116  	36.144729 
777.142423  	36.419471 
777.499730  	36.906806 
777.857036  	37.629217 
778.214343  	38.356842 
778.571650  	39.237068 
778.928957  	40.551259 
779.286264  	42.016168 
779.643571  	43.436255 
780.000878  	45.102639 
780.358184  	46.939626 
780.715491  	48.663013 
781.072798  	50.270027 
781.430105  	51.796071 
781.787412  	53.437130 
782.144719  	54.917562 
782.502026  	55.769945 
782.859332  	56.514084 
783.216639  	57.342063 
783.573946  	58.017266 
783.931253  	58.951418 
784.288560  	60.188528 
784.645867  	61.522364 
785.003174  	62.969208 
785.360480  	64.247576 
785.717787  	65.423673 
786.075094  	66.849345 
786.432401  	68.008171 
786.789708  	68.653930 
787.147015  	69.596849 
787.504322  	70.469263 
787.861628  	70.593271 
788.218935  	70.733492 
788.576242  	71.101746 
788.933549  	71.464297 
789.290856  	71.786451 
789.648163  	71.933248 
790.005470  	72.101988 
790.362777  	72.180834 
790.720083  	72.137838 
791.077390  	72.291882 
791.434697  	72.650795 
791.792004  	72.940159 
792.149311  	73.184720 
792.506618  	73.656415 
792.863925  	73.554356 
793.221231  	72.999563 
793.578538  	73.114180 
793.935845  	73.104539 
794.293152  	72.787416 
794.650459  	72.682044 
795.007766  	72.595932 
795.365073  	73.042663 
795.722379  	73.417306 
796.079686  	73.119474 
796.436993  	73.050091 
796.794300  	73.142566 
797.151607  	73.116882 
797.508914  	73.073827 
797.866221  	72.854941 
798.223527  	72.699339 
798.580834  	72.882589 
798.938141  	73.080799 
799.295448  	72.921507 
799.652755  	72.705321 
800.010062  	72.644115 
800.367369  	72.590998 
800.724675  	72.802283 
801.081982  	73.175065 
801.439289  	73.215025 
801.796596  	73.175970 
802.153903  	73.307654 
802.511210  	73.265274 
802.868517  	73.015061 
803.225824  	72.849137 
803.583130  	72.972825 
803.940437  	73.044548 
804.297744  	72.711223 
804.655051  	72.795634 
805.012358  	73.266286 
805.369665  	73.135918 
805.726972  	72.745644 
806.084278  	72.301255 
806.441585  	72.073994 
806.798892  	72.486249 
807.156199  	72.725899 
807.513506  	72.704508 
807.870813  	72.588500 
808.228120  	72.327643 
808.585426  	72.588177 
808.942733  	72.970066 
809.300040  	72.930463 
809.657347  	72.711838 
810.014654  	72.459929 
810.371961  	72.468508 
810.729268  	72.480206 
811.086574  	72.368721 
811.443881  	72.600131 
811.801188  	72.975525 
812.158495  	72.945096 
812.515802  	72.710971 
812.873109  	73.001542 
813.230416  	73.270212 
813.587722  	72.837981 
813.945029  	72.488718 
814.302336  	72.314931 
814.659643  	72.330143 
815.016950  	72.594952 
815.374257  	72.443576 
815.731564  	72.542815 
816.088871  	73.035581 
816.446177  	72.963715 
816.803484  	72.793630 
817.160791  	72.890790 
817.518098  	73.054039 
817.875405  	73.110174 
818.232712  	72.814764 
818.590019  	72.537916 
818.947325  	72.406472 
819.304632  	72.216740 
819.661939  	72.193817 
820.019246  	72.588186 
820.376553  	72.849975 
820.733860  	72.388301 
821.091167  	72.133291 
821.448473  	72.346399 
821.805780  	72.126224 
822.163087  	71.951975 
822.520394  	72.307881 
822.877701  	72.707086 
823.235008  	72.682118 
823.592315  	72.372827 
823.949621  	72.515930 
824.306928  	72.783848 
824.664235  	72.565117 
825.021542  	72.287479 
825.378849  	72.124679 
825.736156  	72.117507 
826.093463  	72.267770 
826.450769  	72.267149 
826.808076  	72.326328 
827.165383  	72.610502 
827.522690  	72.639799 
827.879997  	72.454463 
828.237304  	72.571020 
828.594611  	72.540407 
828.951918  	72.043714 
829.309224  	71.788977 
829.666531  	71.727075 
830.023838  	71.607320 
830.381145  	71.865758 
830.738452  	72.027876 
831.095759  	71.710864 
831.453066  	71.757536 
831.810372  	72.184577 
832.167679  	72.216730 
832.524986  	71.976132 
832.882293  	72.046563 
833.239600  	72.319358 
833.596907  	71.990042 
833.954214  	71.423084 
834.311520  	71.789512 
834.668827  	72.208605 
835.026134  	71.869120 
835.383441  	71.869917 
835.740748  	72.078332 
836.098055  	71.860331 
836.455362  	71.686699 
836.812668  	71.487404 
837.169975  	71.271642 
837.527282  	71.344153 
837.884589  	71.388842 
838.241896  	71.343785 
838.599203  	71.355211 
838.956510  	71.517598 
839.313816  	71.633871 
839.671123  	71.337722 
840.028430  	71.303222 
840.385737  	71.590574 
840.743044  	71.330759 
841.100351  	71.023342 
841.457658  	71.118087 
841.814964  	71.247345 
842.172271  	71.210834 
842.529578  	71.011657 
842.886885  	70.938768 
843.244192  	70.751292 
843.601499  	70.572727 
843.958806  	70.824183 
844.316113  	70.828955 
844.673419  	70.722483 
845.030726  	71.029898 
845.388033  	71.162063 
845.745340  	70.875925 
846.102647  	70.533042 
846.459954  	70.276103 
846.817261  	69.940422 
847.174567  	69.881067 
847.531874  	70.326863 
847.889181  	70.419806 
848.246488  	70.028965 
848.603795  	69.859084 
848.961102  	70.035646 
849.318409  	70.127248 
849.675715  	69.875786 
850.033022  	69.725679 
850.390329  	69.735158 
850.747636  	69.532050 
851.104943  	69.382020 
851.462250  	69.341482 
851.819557  	69.025634 
852.176863  	68.774563 
852.534170  	68.888276 
852.891477  	68.710839 
853.248784  	68.333283 
853.606091  	68.156939 
853.963398  	67.860023 
854.320705  	67.765976 
854.678011  	67.895920 
855.035318  	67.795982 
855.392625  	67.619477 
855.749932  	67.229692 
856.107239  	66.697789 
856.464546  	66.541281 
856.821853  	66.670162 
857.179160  	66.502074 
857.536466  	66.025260 
857.893773  	65.829867 
858.251080  	65.730206 
858.608387  	65.460936 
858.965694  	65.271880 
859.323001  	64.893117 
859.680308  	64.274460 
860.037614  	63.926613 
860.394921  	63.773794 
860.752228  	63.205247 
861.109535  	62.362644 
861.466842  	61.760865 
861.824149  	61.252957 
862.181456  	60.737669 
862.538762  	60.064569 
862.896069  	59.135919 
863.253376  	58.231626 
863.610683  	57.241352 
863.967990  	56.238851 
864.325297  	55.270275 
864.682604  	53.983218 
865.039910  	52.803278 
865.397217  	51.881221 
865.754524  	50.550690 
866.111831  	49.042118 
866.469138  	47.690950 
866.826445  	46.184565 
867.183752  	44.846818 
867.541058  	43.828707 
867.898365  	42.682494 
868.255672  	41.610551 
868.612979  	40.897520 
868.970286  	40.457355 
869.327593  	40.282345 
869.684900  	40.392905 
870.042207  	40.784996 
870.399513  	41.530164 
870.756820  	42.828984 
871.114127  	44.502470 
871.471434  	46.044811 
871.828741  	47.585600 
872.186048  	49.612419 
872.543355  	51.902024 
872.900661  	53.981229 
873.257968  	56.008139 
873.615275  	57.827504 
873.972582  	59.202661 
874.329889  	60.721170 
874.687196  	62.118145 
875.044503  	62.947938 
875.401809  	63.624856 
875.759116  	64.141889 
876.116423  	64.474872 
876.473730  	64.791788 
876.831037  	65.272775 
877.188344  	65.579382 
877.545651  	65.363533 
877.902957  	65.190333 
878.260264  	64.916500 
878.617571  	64.507769 
878.974878  	64.485824 
879.332185  	64.688033 
879.689492  	64.839744 
880.046799  	64.466285 
880.404105  	63.725357 
880.761412  	63.331908 
881.118719  	63.212846 
881.476026  	62.919140 
881.833333  	62.402141 
882.190640  	62.088892 
882.547947  	61.897860 
882.905254  	61.732501 
883.262560  	61.302262 
883.619867  	60.263523 
883.977174  	59.831459 
884.334481  	60.040009 
884.691788  	59.900347 
885.049095  	59.669999 
885.406402  	59.493985 
885.763708  	59.383128 
886.121015  	59.029248 
886.478322  	58.685252 
886.835629  	58.737705 
887.192936  	58.720087 
887.550243  	59.446479 
887.907550  	60.977665 
888.264856  	62.372059 
888.622163  	64.067351 
888.979470  	66.090848 
889.336777  	68.029716 
889.694084  	69.726254 
890.051391  	71.377614 
890.408698  	73.216110 
890.766004  	74.728790 
891.123311  	76.087144 
891.480618  	77.535082 
891.837925  	78.782233 
892.195232  	79.806107 
892.552539  	80.332991 
892.909846  	80.557786 
893.267152  	81.016431 
893.624459  	81.409828 
893.981766  	81.531407 
894.339073  	81.701121 
894.696380  	81.797636 
895.053687  	81.599116 
895.410994  	81.304709 
895.768301  	81.207583 
896.125607  	81.437504 
896.482914  	81.470000 
896.840221  	81.090177 
897.197528  	81.004339 
897.554835  	81.434739 
897.912142  	81.672079 
898.269449  	81.283264 
898.626755  	80.949292 
898.984062  	80.756710 
899.341369  	80.692965 
899.698676  	81.069488 
900.055983  	80.926591 
900.413290  	80.716668 
900.770597  	80.786911 
901.127903  	80.241625 
901.485210  	80.134933 
901.842517  	80.064505 
902.199824  	79.473536 
902.557131  	79.640743 
902.914438  	79.790794 
903.271745  	79.501156 
903.629051  	79.565431 
903.986358  	79.741668 
904.343665  	79.670130 
904.700972  	79.497950 
905.058279  	79.511078 
905.415586  	79.367325 
905.772893  	78.984940 
906.130199  	78.790375 
906.487506  	78.977846 
906.844813  	79.243534 
907.202120  	79.123682 
907.559427  	79.104617 
907.916734  	78.979020 
908.274041  	78.496247 
908.631348  	78.559253 
908.988654  	78.902024 
909.345961  	79.099103 
909.703268  	79.147976 
910.060575  	78.984407 
910.417882  	78.797387 
910.775189  	78.376346 
911.132496  	78.110985 
911.489802  	78.134769 
911.847109  	78.081477 
912.204416  	78.248054 
912.561723  	78.299955 
912.919030  	78.106442 
913.276337  	78.047814 
913.633644  	77.873197 
913.990950  	77.877763 
914.348257  	78.226005 
914.705564  	78.059629 
915.062871  	77.638798 
915.420178  	77.824695 
915.777485  	77.949338 
916.134792  	77.729073 
916.492098  	77.719623 
916.849405  	77.739249 
917.206712  	77.829281 
917.564019  	77.978057 
917.921326  	77.711112 
918.278633  	77.353089 
918.635940  	77.383556 
918.993246  	77.540900 
919.350553  	77.765321 
919.707860  	77.905575 
920.065167  	77.636328 
920.422474  	77.603624 
920.779781  	77.617366 
921.137088  	77.191093 
921.494394  	77.155410 
921.851701  	77.145701 
922.209008  	77.028717 
922.566315  	77.363496 
922.923622  	77.326601 
923.280929  	77.004958 
923.638236  	77.042249 
923.995543  	77.125537 
924.352849  	76.948858 
924.710156  	76.853428 
925.067463  	77.106319 
925.424770  	77.195776 
925.782077  	77.491046 
926.139384  	77.921005 
926.496691  	77.688277 
926.853997  	77.333984 
927.211304  	76.750476 
927.568611  	76.288135 
927.925918  	76.846080 
928.283225  	77.366552 
928.640532  	77.194253 
928.997839  	76.896181 
929.355145  	76.903112 
929.712452  	77.059254 
930.069759  	76.921487 
930.427066  	76.710796 
930.784373  	76.540172 
931.141680  	76.385447 
931.498987  	76.364423 
931.856293  	76.313326 
932.213600  	76.320293 
932.570907  	76.447263 
932.928214  	76.503924 
933.285521  	76.615383 
933.642828  	76.862444 
934.000135  	76.888167 
934.357441  	76.622597 
934.714748  	76.522002 
935.072055  	76.745223 
935.429362  	76.733483 
935.786669  	76.317909 
936.143976  	76.236700 
936.501283  	76.431281 
936.858590  	76.614648 
937.215896  	76.813635 
937.573203  	76.588842 
937.930510  	76.508890 
938.287817  	76.713386 
938.645124  	76.592165 
939.002431  	76.552174 
939.359738  	76.439195 
939.717044  	76.418154 
940.074351  	76.653627 
940.431658  	76.506981 
940.788965  	76.410915 
941.146272  	76.464243 
941.503579  	76.375653 
941.860886  	76.234459 
942.218192  	76.061255 
942.575499  	76.021365 
942.932806  	75.916488 
943.290113  	75.969422 
943.647420  	76.124635 
944.004727  	76.020824 
944.362034  	76.072326 
944.719340  	75.907057 
945.076647  	75.610667 
945.433954  	75.809489 
945.791261  	76.107581 
946.148568  	76.270876 
946.505875  	75.988823 
946.863182  	75.454301 
947.220488  	75.414535 
947.577795  	75.537101 
947.935102  	75.431614 
948.292409  	75.216683 
948.649716  	75.112577 
949.007023  	75.245309 
949.364330  	75.250056 
949.721637  	74.998937 
950.078943  	74.805102 
950.436250  	74.775312 
950.793557  	74.863950 
951.150864  	75.044548 
951.508171  	75.097040 
951.865478  	74.859260 
952.222785  	74.698392 
952.580091  	74.819967 
952.937398  	74.867459 
953.294705  	74.782274 
953.652012  	74.635809 
954.009319  	74.385717 
954.366626  	74.166948 
954.723933  	73.830989 
955.081239  	73.640308 
955.438546  	73.930731 
955.795853  	73.996866 
956.153160  	73.826845 
956.510467  	73.756306 
956.867774  	73.491436 
957.225081  	73.347617 
957.582387  	73.285469 
957.939694  	73.055983 
958.297001  	72.986888 
958.654308  	72.889965 
959.011615  	72.808444 
959.368922  	72.971937 
959.726229  	72.960346 
960.083535  	72.788783 
960.440842  	72.605534 
960.798149  	72.248760 
961.155456  	72.171737 
961.512763  	72.350277 
961.870070  	71.985961 
962.227377  	71.468797 
962.584684  	71.486565 
962.941990  	71.544784 
963.299297  	71.246948 
963.656604  	71.017923 
964.013911  	70.985438 
964.371218  	70.899755 
964.728525  	70.929812 
965.085832  	70.710512 
965.443138  	70.118505 
965.800445  	69.969469 
966.157752  	69.909569 
966.515059  	69.666528 
966.872366  	69.577440 
967.229673  	69.376203 
967.586980  	69.159020 
967.944286  	68.734347 
968.301593  	68.120814 
968.658900  	67.695305 
969.016207  	67.228060 
969.373514  	67.011613 
969.730821  	66.823293 
970.088128  	66.173654 
970.445434  	65.656589 
970.802741  	65.435106 
971.160048  	65.161563 
971.517355  	64.746300 
971.874662  	64.402017 
972.231969  	64.163087 
972.589276  	63.796774 
972.946582  	63.321979 
973.303889  	62.729895 
973.661196  	62.109834 
974.018503  	61.508401 
974.375810  	60.949484 
974.733117  	60.561572 
975.090424  	60.185322 
975.447731  	59.922527 
975.805037  	59.858191 
976.162344  	59.818804 
976.519651  	59.791806 
976.876958  	59.764456 
977.234265  	59.780001 
977.591572  	59.948598 
977.948879  	60.546816 
978.306185  	61.363166 
978.663492  	62.077778 
979.020799  	63.125684 
979.378106  	64.406369 
979.735413  	65.621053 
980.092720  	66.844396 
980.450027  	68.010201 
980.807333  	69.239278 
981.164640  	70.379557 
981.521947  	71.331050 
981.879254  	72.286085 
982.236561  	73.104042 
982.593868  	73.820218 
982.951175  	74.573748 
983.308481  	75.283778 
983.665788  	76.033135 
984.023095  	76.825397 
984.380402  	77.072148 
984.737709  	76.633815 
985.095016  	76.446976 
985.452323  	76.726265 
985.809629  	76.854960 
986.166936  	76.675219 
986.524243  	76.301563 
986.881550  	75.928988 
987.238857  	75.761992 
987.596164  	75.744510 
987.953471  	75.465370 
988.310778  	74.656219 
988.668084  	73.829661 
989.025391  	73.268726 
989.382698  	72.376479 
989.740005  	71.228548 
990.097312  	70.255398 
990.454619  	69.060085 
990.811926  	67.755743 
991.169232  	66.541717 
991.526539  	65.035324 
991.883846  	63.523440 
992.241153  	62.573725 
992.598460  	62.736477 
992.955767  	63.932188 
993.313074  	65.729293 
993.670380  	68.499459 
994.027687  	71.756009 
994.384994  	74.707837 
994.742301  	77.422006 
995.099608  	79.464541 
995.456915  	80.859419 
995.814222  	82.195696 
996.171528  	83.105616 
996.528835  	83.460077 
996.886142  	83.995829 
997.243449  	84.621521 
997.600756  	84.828876 
997.958063  	84.962926 
998.315370  	85.017138 
998.672676  	84.781061 
999.029983  	84.541628 
999.387290  	84.464890 
999.744597  	84.443930 
1000.101904  	84.086521 
1000.459211  	83.793014 
1000.816518  	83.890877 
1001.173824  	83.761063 
1001.531131  	83.648439 
1001.888438  	83.653715 
1002.245745  	83.408209 
1002.603052  	83.155826 
1002.960359  	83.146870 
1003.317666  	83.354684 
1003.674973  	83.257984 
1004.032279  	82.909281 
1004.389586  	82.681549 
1004.746893  	82.376240 
1005.104200  	82.201425 
1005.461507  	82.158359 
1005.818814  	82.119513 
1006.176121  	81.900614 
1006.533427  	81.356671 
1006.890734  	81.185698 
1007.248041  	81.240468 
1007.605348  	80.932984 
1007.962655  	80.569478 
1008.319962  	80.401648 
1008.677269  	80.429241 
1009.034575  	80.391339 
1009.391882  	80.190122 
1009.749189  	80.147508 
1010.106496  	80.249083 
1010.463803  	80.043800 
1010.821110  	79.505245 
1011.178417  	79.163957 
1011.535723  	79.001645 
1011.893030  	78.661675 
1012.250337  	78.143470 
1012.607644  	77.651633 
1012.964951  	77.159002 
1013.322258  	76.596310 
1013.679565  	76.258689 
1014.036871  	75.632029 
1014.394178  	74.556515 
1014.751485  	73.819191 
1015.108792  	73.015999 
1015.466099  	72.137156 
1015.823406  	71.448582 
1016.180713  	70.424878 
1016.538020  	69.502988 
1016.895326  	68.925825 
1017.252633  	68.697010 
1017.609940  	69.129920 
1017.967247  	69.800133 
1018.324554  	70.563675 
1018.681861  	71.304536 
1019.039168  	71.967251 
1019.396474  	73.086817 
1019.753781  	74.214183 
1020.111088  	74.849081 
1020.468395  	75.414418 
1020.825702  	75.883203 
1021.183009  	75.924288 
1021.540316  	75.684738 
1021.897622  	75.588860 
1022.254929  	75.478245 
1022.612236  	74.930988 
1022.969543  	74.480507 
1023.326850  	74.634709 
1023.684157  	75.082297 
1024.041464  	75.465410 
1024.398770  	75.783335 
1024.756077  	76.493108 
1025.113384  	77.563063 
1025.470691  	78.459222 
1025.827998  	79.019733 
1026.185305  	79.179347 
1026.542612  	79.319026 
1026.899918  	79.748700 
1027.257225  	79.952857 
1027.614532  	79.854032 
1027.971839  	79.997367 
1028.329146  	80.428057 
1028.686453  	80.618363 
1029.043760  	80.521986 
1029.401067  	80.407105 
1029.758373  	80.396191 
1030.115680  	80.733529 
1030.472987  	80.758638 
1030.830294  	80.344439 
1031.187601  	80.515293 
1031.544908  	80.637000 
1031.902215  	80.310430 
1032.259521  	80.538571 
1032.616828  	80.932105 
1032.974135  	80.725026 
1033.331442  	80.537318 
1033.688749  	80.653862 
1034.046056  	80.334218 
1034.403363  	80.072427 
1034.760669  	80.492983 
1035.117976  	80.678551 
1035.475283  	80.674368 
1035.832590  	80.732758 
1036.189897  	80.471338 
1036.547204  	80.287100 
1036.904511  	80.236311 
1037.261817  	80.457469 
1037.619124  	80.820147 
1037.976431  	80.412516 
1038.333738  	79.918989 
1038.691045  	80.107540 
1039.048352  	80.273043 
1039.405659  	80.374910 
1039.762965  	80.665231 
1040.120272  	80.489916 
1040.477579  	79.903103 
1040.834886  	79.805689 
1041.192193  	79.985225 
1041.549500  	79.923049 
1041.906807  	80.025280 
1042.264114  	80.239480 
1042.621420  	80.103486 
1042.978727  	79.936393 
1043.336034  	79.960218 
1043.693341  	79.863851 
1044.050648  	79.812621 
1044.407955  	79.918324 
1044.765262  	79.929328 
1045.122568  	80.059082 
1045.479875  	80.271100 
1045.837182  	80.262464 
1046.194489  	80.054990 
1046.551796  	79.698711 
1046.909103  	79.567252 
1047.266410  	79.773276 
1047.623716  	79.792278 
1047.981023  	79.532286 
1048.338330  	79.446603 
1048.695637  	79.687643 
1049.052944  	79.765999 
1049.410251  	79.482019 
1049.767558  	79.199420 
1050.124864  	79.248409 
1050.482171  	79.786191 
1050.839478  	80.052676 
1051.196785  	79.588384 
1051.554092  	79.395337 
1051.911399  	79.600657 
1052.268706  	79.644393 
1052.626012  	79.625294 
1052.983319  	79.363755 
1053.340626  	79.125120 
1053.697933  	79.438708 
1054.055240  	79.594013 
1054.412547  	79.316504 
1054.769854  	79.178068 
1055.127161  	78.965538 
1055.484467  	78.801450 
1055.841774  	78.982276 
1056.199081  	78.875354 
1056.556388  	78.584987 
1056.913695  	78.508120 
1057.271002  	78.426642 
1057.628309  	78.456216 
1057.985615  	78.458933 
1058.342922  	78.416571 
1058.700229  	78.571922 
1059.057536  	78.581351 
1059.414843  	78.387496 
1059.772150  	78.182472 
1060.129457  	78.199704 
1060.486763  	78.244726 
1060.844070  	77.735846 
1061.201377  	77.654788 
1061.558684  	78.264648 
1061.915991  	77.978757 
1062.273298  	77.240737 
1062.630605  	77.200062 
1062.987911  	77.286544 
1063.345218  	77.138874 
1063.702525  	76.934546 
1064.059832  	76.914139 
1064.417139  	77.108207 
1064.774446  	76.881166 
1065.131753  	76.459030 
1065.489059  	76.352146 
1065.846366  	76.137883 
1066.203673  	76.141305 
1066.560980  	76.364932 
1066.918287  	76.146235 
1067.275594  	75.862726 
1067.632901  	75.451498 
1067.990208  	75.035482 
1068.347514  	75.187687 
1068.704821  	75.170192 
1069.062128  	74.817578 
1069.419435  	74.672975 
1069.776742  	74.627397 
1070.134049  	74.630231 
1070.491356  	74.739096 
1070.848662  	74.896702 
1071.205969  	74.881062 
1071.563276  	74.707935 
1071.920583  	74.606562 
1072.277890  	74.612400 
1072.635197  	74.790531 
1072.992504  	75.075283 
1073.349810  	75.281623 
1073.707117  	75.232234 
1074.064424  	75.318679 
1074.421731  	75.758063 
1074.779038  	75.917683 
1075.136345  	76.021471 
1075.493652  	76.237842 
1075.850958  	76.278809 
1076.208265  	76.563074 
1076.565572  	76.838218 
1076.922879  	76.861031 
1077.280186  	77.037514 
1077.637493  	77.312421 
1077.994800  	77.546222 
1078.352106  	77.600726 
1078.709413  	77.617255 
1079.066720  	77.921937 
1079.424027  	78.026840 
1079.781334  	77.647626 
1080.138641  	77.774232 
1080.495948  	78.193361 
1080.853255  	77.679824 
1081.210561  	77.305301 
1081.567868  	77.878450 
1081.925175  	78.348622 
1082.282482  	78.466394 
1082.639789  	78.330211 
1082.997096  	78.257084 
1083.354403  	78.485121 
1083.711709  	78.381772 
1084.069016  	78.045428 
1084.426323  	77.932930 
1084.783630  	78.006155 
1085.140937  	78.224787 
1085.498244  	78.423113 
1085.855551  	78.423413 
1086.212857  	78.325110 
1086.570164  	78.257543 
1086.927471  	78.216975 
1087.284778  	78.275602 
1087.642085  	78.315095 
1087.999392  	78.306819 
1088.356699  	78.419596 
1088.714005  	78.552834 
1089.071312  	78.683941 
1089.428619  	78.495262 
1089.785926  	78.167203 
1090.143233  	78.315101 
1090.500540  	78.341623 
1090.857847  	78.204969 
1091.215153  	78.284694 
1091.572460  	78.241819 
1091.929767  	78.281220 
1092.287074  	78.193685 
1092.644381  	77.893428 
1093.001688  	78.071755 
1093.358995  	78.323237 
1093.716301  	78.223542 
1094.073608  	78.287595 
1094.430915  	78.267054 
1094.788222  	77.876949 
1095.145529  	77.930013 
1095.502836  	78.243425 
1095.860143  	78.054800 
1096.217450  	77.888871 
1096.574756  	77.762713 
1096.932063  	77.487708 
1097.289370  	77.730062 
1097.646677  	78.254533 
1098.003984  	78.427105 
1098.361291  	78.359534 
1098.718598  	78.232099 
1099.075904  	78.164066 
1099.433211  	78.116174 
1099.790518  	77.919714 
1100.147825  	77.806042 
1100.505132  	77.882063 
1100.862439  	77.811542 
1101.219746  	77.811935 
1101.577052  	77.960212 
1101.934359  	77.667571 
1102.291666  	77.372299 
1102.648973  	77.650449 
1103.006280  	77.853134 
1103.363587  	77.860720 
1103.720894  	77.938825 
1104.078200  	77.789924 
1104.435507  	77.779235 
1104.792814  	77.887652 
1105.150121  	77.526415 
1105.507428  	77.362194 
1105.864735  	77.571518 
1106.222042  	77.680004 
1106.579348  	77.925104 
1106.936655  	77.918941 
1107.293962  	77.420527 
1107.651269  	77.150923 
1108.008576  	77.319640 
1108.365883  	77.476326 
1108.723190  	77.488065 
1109.080497  	77.537805 
1109.437803  	77.527783 
1109.795110  	77.628642 
1110.152417  	77.690730 
1110.509724  	77.317936 
1110.867031  	77.157475 
1111.224338  	77.172741 
1111.581645  	76.913879 
1111.938951  	76.868551 
1112.296258  	77.075777 
1112.653565  	77.175547 
1113.010872  	77.099572 
1113.368179  	77.100372 
1113.725486  	77.114962 
1114.082793  	76.806427 
1114.440099  	76.525007 
1114.797406  	76.521861 
1115.154713  	76.693605 
1115.512020  	76.761258 
1115.869327  	76.661396 
1116.226634  	76.729979 
1116.583941  	76.516674 
1116.941247  	76.174223 
1117.298554  	76.202890 
1117.655861  	75.948196 
1118.013168  	75.731484 
1118.370475  	75.967881 
1118.727782  	76.124677 
1119.085089  	76.173220 
1119.442395  	75.955624 
1119.799702  	75.808680 
1120.157009  	76.054402 
1120.514316  	75.946348 
1120.871623  	75.844107 
1121.228930  	75.983927 
1121.586237  	75.839944 
1121.943544  	75.904182 
1122.300850  	75.831725 
1122.658157  	75.407656 
1123.015464  	75.541610 
1123.372771  	75.874262 
1123.730078  	76.016486 
1124.087385  	76.103509 
1124.444692  	75.981276 
1124.801998  	75.829992 
1125.159305  	75.803344 
1125.516612  	75.896156 
1125.873919  	75.831057 
1126.231226  	75.869653 
1126.588533  	76.451949 
1126.945840  	76.763497 
1127.303146  	76.601495 
1127.660453  	76.577605 
1128.017760  	76.673189 
1128.375067  	76.760709 
1128.732374  	76.853108 
1129.089681  	76.980128 
1129.446988  	77.033172 
1129.804294  	77.103733 
1130.161601  	77.135312 
1130.518908  	76.986809 
1130.876215  	76.965566 
1131.233522  	76.988134 
1131.590829  	77.071076 
1131.948136  	77.153205 
1132.305442  	77.032318 
1132.662749  	77.046562 
1133.020056  	76.927896 
1133.377363  	76.749301 
1133.734670  	76.887016 
1134.091977  	76.879243 
1134.449284  	76.726917 
1134.806591  	76.721228 
1135.163897  	76.898906 
1135.521204  	76.976399 
1135.878511  	76.790579 
1136.235818  	76.776959 
1136.593125  	77.033646 
1136.950432  	77.163915 
1137.307739  	76.848095 
1137.665045  	76.732181 
1138.022352  	76.937557 
1138.379659  	76.669253 
1138.736966  	76.587715 
1139.094273  	76.843579 
1139.451580  	76.950083 
1139.808887  	77.143919 
1140.166193  	76.988763 
1140.523500  	76.761643 
1140.880807  	76.790941 
1141.238114  	76.607941 
1141.595421  	76.438193 
1141.952728  	76.419071 
1142.310035  	76.585360 
1142.667341  	76.720646 
1143.024648  	76.621965 
1143.381955  	76.530794 
1143.739262  	76.263210 
1144.096569  	76.180507 
1144.453876  	76.400242 
1144.811183  	76.325387 
1145.168489  	76.281060 
1145.525796  	76.324696 
1145.883103  	76.154836 
1146.240410  	76.109584 
1146.597717  	76.259723 
1146.955024  	76.369321 
1147.312331  	76.237303 
1147.669638  	75.928596 
1148.026944  	75.883416 
1148.384251  	76.008392 
1148.741558  	75.944743 
1149.098865  	75.951540 
1149.456172  	76.054780 
1149.813479  	75.989809 
1150.170786  	75.922783 
1150.528092  	75.932380 
1150.885399  	75.959797 
1151.242706  	75.931729 
1151.600013  	75.828290 
1151.957320  	75.842575 
1152.314627  	75.762415 
1152.671934  	75.545121 
1153.029240  	75.655971 
1153.386547  	75.800789 
1153.743854  	75.606877 
1154.101161  	75.518443 
1154.458468  	75.584070 
1154.815775  	75.560400 
1155.173082  	75.516324 
1155.530388  	75.287367 
1155.887695  	75.000667 
1156.245002  	75.036484 
1156.602309  	75.129328 
1156.959616  	75.040259 
1157.316923  	74.892908 
1157.674230  	74.787254 
1158.031536  	74.818139 
1158.388843  	74.841704 
1158.746150  	74.689364 
1159.103457  	74.523276 
1159.460764  	74.504709 
1159.818071  	74.562501 
1160.175378  	74.552193 
1160.532685  	74.386763 
1160.889991  	74.232965 
1161.247298  	74.238991 
1161.604605  	74.114194 
1161.961912  	73.856983 
1162.319219  	73.770971 
1162.676526  	73.719333 
1163.033833  	73.568447 
1163.391139  	73.290261 
1163.748446  	72.949358 
1164.105753  	72.822133 
1164.463060  	72.799701 
1164.820367  	72.630064 
1165.177674  	72.269149 
1165.534981  	71.634624 
1165.892287  	70.974221 
1166.249594  	70.727480 
1166.606901  	70.646590 
1166.964208  	70.499636 
1167.321515  	70.849967 
1167.678822  	71.547232 
1168.036129  	71.861387 
1168.393435  	72.144944 
1168.750742  	72.583381 
1169.108049  	72.662390 
1169.465356  	72.520257 
1169.822663  	72.434908 
1170.179970  	72.346949 
1170.537277  	72.244267 
1170.894583  	72.146222 
1171.251890  	72.149986 
1171.609197  	72.204702 
1171.966504  	72.207154 
1172.323811  	72.237568 
1172.681118  	72.197411 
1173.038425  	72.027019 
1173.395731  	71.825797 
1173.753038  	71.676351 
1174.110345  	71.708379 
1174.467652  	71.794257 
1174.824959  	71.791044 
1175.182266  	71.606665 
1175.539573  	71.284265 
1175.896880  	71.356339 
1176.254186  	71.629805 
1176.611493  	71.568362 
1176.968800  	71.617660 
1177.326107  	71.866137 
1177.683414  	71.921079 
1178.040721  	71.988618 
1178.398028  	72.252400 
1178.755334  	72.464665 
1179.112641  	72.471567 
1179.469948  	72.454632 
1179.827255  	72.554143 
1180.184562  	72.681336 
1180.541869  	72.720837 
1180.899176  	72.733560 
1181.256482  	72.802076 
1181.613789  	72.779271 
1181.971096  	72.672372 
1182.328403  	72.533808 
1182.685710  	72.356029 
1183.043017  	72.367469 
1183.400324  	72.429187 
1183.757630  	72.295522 
1184.114937  	72.226828 
1184.472244  	72.295502 
1184.829551  	72.291379 
1185.186858  	72.129867 
1185.544165  	71.975358 
1185.901472  	72.078601 
1186.258778  	72.216941 
1186.616085  	72.127220 
1186.973392  	71.990174 
1187.330699  	71.831459 
1187.688006  	71.729931 
1188.045313  	71.763964 
1188.402620  	71.572235 
1188.759927  	71.299154 
1189.117233  	71.308049 
1189.474540  	71.446410 
1189.831847  	71.579810 
1190.189154  	71.431400 
1190.546461  	71.100441 
1190.903768  	71.067192 
1191.261075  	71.052634 
1191.618381  	70.929997 
1191.975688  	70.969093 
1192.332995  	70.970070 
1192.690302  	70.862690 
1193.047609  	70.743225 
1193.404916  	70.643348 
1193.762223  	70.656458 
1194.119529  	70.528602 
1194.476836  	70.300453 
1194.834143  	70.390617 
1195.191450  	70.458458 
1195.548757  	70.390268 
1195.906064  	70.486497 
1196.263371  	70.318591 
1196.620677  	70.006848 
1196.977984  	70.127918 
1197.335291  	70.349891 
1197.692598  	70.278977 
1198.049905  	70.140933 
1198.407212  	70.269337 
1198.764519  	70.402916 
1199.121825  	70.186673 
1199.479132  	69.933353 
1199.836439  	69.896078 
1200.193746  	69.990540 
1200.551053  	70.076403 
1200.908360  	70.065070 
1201.265667  	70.082831 
1201.622974  	70.199578 
1201.980280  	70.060254 
1202.337587  	69.634723 
1202.694894  	69.695549 
1203.052201  	70.091703 
1203.409508  	70.068616 
1203.766815  	69.983749 
1204.124122  	69.929966 
1204.481428  	69.719070 
1204.838735  	69.688254 
1205.196042  	69.724598 
1205.553349  	69.565291 
1205.910656  	69.364925 
1206.267963  	69.307761 
1206.625270  	69.380662 
1206.982576  	69.532010 
1207.339883  	69.492903 
1207.697190  	69.173717 
1208.054497  	69.132964 
1208.411804  	69.240098 
1208.769111  	69.135417 
1209.126418  	69.128756 
1209.483724  	69.118496 
1209.841031  	69.027495 
1210.198338  	68.967937 
1210.555645  	68.782238 
1210.912952  	68.571593 
1211.270259  	68.551770 
1211.627566  	68.585273 
1211.984872  	68.430220 
1212.342179  	68.230889 
1212.699486  	68.007842 
1213.056793  	67.729957 
1213.414100  	67.617894 
1213.771407  	67.578927 
1214.128714  	67.575511 
1214.486021  	67.447001 
1214.843327  	67.114725 
1215.200634  	66.879917 
1215.557941  	66.646918 
1215.915248  	66.492754 
1216.272555  	66.362436 
1216.629862  	66.079380 
1216.987169  	65.910137 
1217.344475  	65.702295 
1217.701782  	65.496813 
1218.059089  	65.373210 
1218.416396  	65.094667 
1218.773703  	64.865557 
1219.131010  	64.736694 
1219.488317  	64.654151 
1219.845623  	64.535081 
1220.202930  	64.301151 
1220.560237  	64.139405 
1220.917544  	63.996410 
1221.274851  	63.865154 
1221.632158  	63.682209 
1221.989465  	63.379049 
1222.346771  	63.219514 
1222.704078  	63.174224 
1223.061385  	62.961696 
1223.418692  	62.489627 
1223.775999  	62.139528 
1224.133306  	62.074027 
1224.490613  	61.805586 
1224.847919  	61.383131 
1225.205226  	61.130750 
1225.562533  	60.914964 
1225.919840  	60.579919 
1226.277147  	60.098150 
1226.634454  	59.575923 
1226.991761  	59.282109 
1227.349068  	59.275676 
1227.706374  	59.022773 
1228.063681  	58.363800 
1228.420988  	57.904174 
1228.778295  	57.602855 
1229.135602  	57.059622 
1229.492909  	56.379707 
1229.850216  	55.719709 
1230.207522  	55.239984 
1230.564829  	54.929776 
1230.922136  	54.462985 
1231.279443  	53.796860 
1231.636750  	53.257647 
1231.994057  	52.925496 
1232.351364  	52.453878 
1232.708670  	51.831753 
1233.065977  	51.417444 
1233.423284  	51.044958 
1233.780591  	50.422670 
1234.137898  	49.730963 
1234.495205  	49.213841 
1234.852512  	48.873268 
1235.209818  	48.443737 
1235.567125  	48.013436 
1235.924432  	47.867416 
1236.281739  	47.724070 
1236.639046  	47.494591 
1236.996353  	47.356671 
1237.353660  	47.159682 
1237.710966  	46.890812 
1238.068273  	46.772000 
1238.425580  	46.925624 
1238.782887  	47.229314 
1239.140194  	47.742442 
1239.497501  	48.586882 
1239.854808  	49.357726 
1240.212115  	50.150303 
1240.569421  	51.360872 
1240.926728  	52.612393 
1241.284035  	53.821455 
1241.641342  	55.225834 
1241.998649  	56.705770 
1242.355956  	58.403409 
1242.713263  	60.431397 
1243.070569  	62.420345 
1243.427876  	64.194964 
1243.785183  	65.923565 
1244.142490  	67.577939 
1244.499797  	69.018156 
1244.857104  	70.385268 
1245.214411  	71.834665 
1245.571717  	73.110864 
1245.929024  	74.108313 
1246.286331  	75.142137 
1246.643638  	76.083565 
1247.000945  	76.799307 
1247.358252  	77.475361 
1247.715559  	78.099103 
1248.072865  	78.722803 
1248.430172  	79.059968 
1248.787479  	79.170428 
1249.144786  	79.520864 
1249.502093  	79.764431 
1249.859400  	79.986336 
1250.216707  	80.312304 
1250.574013  	80.320613 
1250.931320  	80.322420 
1251.288627  	80.512049 
1251.645934  	80.727089 
1252.003241  	80.760709 
1252.360548  	80.490287 
1252.717855  	80.366456 
1253.075161  	80.466562 
1253.432468  	80.462199 
1253.789775  	80.271822 
1254.147082  	80.034014 
1254.504389  	79.850155 
1254.861696  	79.568019 
1255.219003  	79.451225 
1255.576310  	79.578367 
1255.933616  	79.361596 
1256.290923  	78.904698 
1256.648230  	78.668496 
1257.005537  	78.554347 
1257.362844  	78.390169 
1257.720151  	78.184732 
1258.077458  	77.944553 
1258.434764  	77.667092 
1258.792071  	77.432368 
1259.149378  	77.231603 
1259.506685  	77.013838 
1259.863992  	76.892500 
1260.221299  	76.697975 
1260.578606  	76.278281 
1260.935912  	76.013164 
1261.293219  	75.770025 
1261.650526  	75.352870 
1262.007833  	75.146861 
1262.365140  	74.993645 
1262.722447  	74.767229 
1263.079754  	74.670318 
1263.437060  	74.496979 
1263.794367  	74.220430 
1264.151674  	73.823028 
1264.508981  	73.387560 
1264.866288  	73.205218 
1265.223595  	73.008966 
1265.580902  	72.689969 
1265.938208  	72.561209 
1266.295515  	72.538660 
1266.652822  	72.229665 
1267.010129  	71.724821 
1267.367436  	71.485547 
1267.724743  	71.271010 
1268.082050  	70.755387 
1268.439357  	70.335664 
1268.796663  	70.324754 
1269.153970  	70.404726 
1269.511277  	70.039874 
1269.868584  	69.399716 
1270.225891  	69.018984 
1270.583198  	68.886129 
1270.940505  	68.824044 
1271.297811  	68.600314 
1271.655118  	68.123252 
1272.012425  	67.633234 
1272.369732  	67.187187 
1272.727039  	66.772284 
1273.084346  	66.498475 
1273.441653  	66.259339 
1273.798959  	65.808042 
1274.156266  	65.307093 
1274.513573  	65.054775 
1274.870880  	64.859612 
1275.228187  	64.484517 
1275.585494  	63.993470 
1275.942801  	63.559046 
1276.300107  	63.205571 
1276.657414  	62.779053 
1277.014721  	62.365138 
1277.372028  	61.983436 
1277.729335  	61.502278 
1278.086642  	61.060394 
1278.443949  	60.577192 
1278.801255  	59.917064 
1279.158562  	59.365585 
1279.515869  	59.011087 
1279.873176  	58.542538 
1280.230483  	57.892406 
1280.587790  	57.402993 
1280.945097  	56.967328 
1281.302404  	56.196351 
1281.659710  	55.404841 
1282.017017  	54.856977 
1282.374324  	54.271376 
1282.731631  	53.666639 
1283.088938  	53.230626 
1283.446245  	52.768540 
1283.803552  	52.146729 
1284.160858  	51.563441 
1284.518165  	50.961950 
1284.875472  	50.264005 
1285.232779  	49.682037 
1285.590086  	49.279513 
1285.947393  	49.105147 
1286.304700  	49.063294 
1286.662006  	49.023852 
1287.019313  	49.065002 
1287.376620  	49.134782 
1287.733927  	49.375153 
1288.091234  	49.808724 
1288.448541  	50.259759 
1288.805848  	50.961248 
1289.163154  	51.831051 
1289.520461  	52.515502 
1289.877768  	53.164806 
1290.235075  	53.990447 
1290.592382  	54.806460 
1290.949689  	55.432890 
1291.306996  	56.005075 
1291.664302  	56.610849 
1292.021609  	57.178547 
1292.378916  	57.654228 
1292.736223  	58.066772 
1293.093530  	58.510897 
1293.450837  	58.849284 
1293.808144  	58.926840 
1294.165451  	59.060519 
1294.522757  	59.450884 
1294.880064  	59.740554 
1295.237371  	59.769761 
1295.594678  	59.857401 
1295.951985  	60.182600 
1296.309292  	60.558478 
1296.666599  	60.801314 
1297.023905  	61.113421 
1297.381212  	61.613766 
1297.738519  	62.016040 
1298.095826  	62.331222 
1298.453133  	62.694101 
1298.810440  	63.050553 
1299.167747  	63.520841 
1299.525053  	63.988479 
1299.882360  	64.247877 
1300.239667  	64.463635 
1300.596974  	64.729122 
1300.954281  	65.080061 
1301.311588  	65.459282 
1301.668895  	65.644450 
1302.026201  	65.616919 
1302.383508  	65.446376 
1302.740815  	65.212215 
1303.098122  	65.035677 
1303.455429  	64.990109 
1303.812736  	64.978426 
1304.170043  	64.774495 
1304.527349  	64.454220 
1304.884656  	64.071553 
1305.241963  	63.637962 
1305.599270  	63.474270 
1305.956577  	63.394636 
1306.313884  	63.039207 
1306.671191  	62.685173 
1307.028498  	62.409061 
1307.385804  	61.991678 
1307.743111  	61.553530 
1308.100418  	61.224628 
1308.457725  	60.766916 
1308.815032  	60.163490 
1309.172339  	59.773200 
1309.529646  	59.388550 
1309.886952  	58.708305 
1310.244259  	58.102661 
1310.601566  	57.657374 
1310.958873  	57.167728 
1311.316180  	56.582123 
1311.673487  	55.907107 
1312.030794  	55.423145 
1312.388100  	54.868904 
1312.745407  	53.931552 
1313.102714  	53.382547 
1313.460021  	53.129139 
1313.817328  	52.426602 
1314.174635  	51.609484 
1314.531942  	51.039684 
1314.889248  	50.364478 
1315.246555  	49.549037 
1315.603862  	49.031859 
1315.961169  	48.658973 
1316.318476  	48.013583 
1316.675783  	47.287447 
1317.033090  	46.607937 
1317.390396  	46.008527 
1317.747703  	45.665079 
1318.105010  	45.463460 
1318.462317  	45.294247 
1318.819624  	45.161521 
1319.176931  	45.064394 
1319.534238  	45.077476 
1319.891545  	45.135685 
1320.248851  	45.220176 
1320.606158  	45.544744 
1320.963465  	45.904645 
1321.320772  	46.088682 
1321.678079  	46.421228 
1322.035386  	46.760170 
1322.392693  	46.933073 
1322.749999  	47.208195 
1323.107306  	47.438551 
1323.464613  	47.569061 
1323.821920  	47.862866 
1324.179227  	48.279404 
1324.536534  	48.680080 
1324.893841  	49.093191 
1325.251147  	49.687304 
1325.608454  	50.430734 
1325.965761  	51.106681 
1326.323068  	51.763649 
1326.680375  	52.384825 
1327.037682  	52.910101 
1327.394989  	53.586421 
1327.752295  	54.342357 
1328.109602  	54.827564 
1328.466909  	55.072723 
1328.824216  	55.219905 
1329.181523  	55.117964 
1329.538830  	54.745064 
1329.896137  	54.415595 
1330.253443  	54.004415 
1330.610750  	53.373751 
1330.968057  	52.866227 
1331.325364  	52.501782 
1331.682671  	52.405333 
1332.039978  	52.718754 
1332.397285  	53.302277 
1332.754592  	54.176498 
1333.111898  	55.453809 
1333.469205  	57.426390 
1333.826512  	59.828328 
1334.183819  	62.234939 
1334.541126  	64.668508 
1334.898433  	67.042041 
1335.255740  	69.457133 
1335.613046  	71.761920 
1335.970353  	73.727234 
1336.327660  	75.489678 
1336.684967  	76.814169 
1337.042274  	77.747012 
1337.399581  	78.725549 
1337.756888  	79.746556 
1338.114194  	80.673511 
1338.471501  	81.058467 
1338.828808  	81.068439 
1339.186115  	81.123896 
1339.543422  	81.098907 
1339.900729  	81.385442 
1340.258036  	81.425924 
1340.615342  	80.805874 
1340.972649  	80.640212 
1341.329956  	80.597839 
1341.687263  	80.389512 
1342.044570  	80.064116 
1342.401877  	79.536284 
1342.759184  	79.103832 
1343.116490  	78.606021 
1343.473797  	77.851808 
1343.831104  	77.032882 
1344.188411  	76.310635 
1344.545718  	75.712623 
1344.903025  	75.006056 
1345.260332  	74.113933 
1345.617638  	73.079193 
1345.974945  	72.053923 
1346.332252  	71.166478 
1346.689559  	70.309080 
1347.046866  	69.305257 
1347.404173  	68.173931 
1347.761480  	67.200736 
1348.118787  	66.135943 
1348.476093  	64.827179 
1348.833400  	63.436920 
1349.190707  	61.889754 
1349.548014  	60.420797 
1349.905321  	58.796273 
1350.262628  	56.966698 
1350.619935  	55.253907 
1350.977241  	53.364942 
1351.334548  	51.373009 
1351.691855  	49.337196 
1352.049162  	47.320152 
1352.406469  	45.488862 
1352.763776  	43.714360 
1353.121083  	42.192246 
1353.478389  	40.959253 
1353.835696  	40.102086 
1354.193003  	39.673357 
1354.550310  	39.580651 
1354.907617  	39.880939 
1355.264924  	40.689178 
1355.622231  	42.220776 
1355.979537  	43.960015 
1356.336844  	45.737687 
1356.694151  	47.852181 
1357.051458  	49.988098 
1357.408765  	52.066549 
1357.766072  	54.032438 
1358.123379  	55.808299 
1358.480685  	57.393847 
1358.837992  	58.799678 
1359.195299  	60.312291 
1359.552606  	61.891295 
1359.909913  	63.463139 
1360.267220  	65.136260 
1360.624527  	66.904251 
1360.981834  	68.615483 
1361.339140  	70.133394 
1361.696447  	71.726157 
1362.053754  	73.212876 
1362.411061  	74.694487 
1362.768368  	76.444623 
1363.125675  	77.459618 
1363.482982  	77.746216 
1363.840288  	78.832406 
1364.197595  	79.932224 
1364.554902  	80.670482 
1364.912209  	81.281982 
1365.269516  	81.796115 
1365.626823  	82.169906 
1365.984130  	82.499349 
1366.341436  	82.927519 
1366.698743  	83.375131 
1367.056050  	83.589830 
1367.413357  	83.586998 
1367.770664  	83.756708 
1368.127971  	84.056783 
1368.485278  	83.922388 
1368.842584  	83.577676 
1369.199891  	83.711532 
1369.557198  	83.955273 
1369.914505  	83.973225 
1370.271812  	83.980582 
1370.629119  	84.106715 
1370.986426  	84.274403 
1371.343732  	84.417666 
1371.701039  	84.386739 
1372.058346  	84.306800 
1372.415653  	84.314691 
1372.772960  	84.358847 
1373.130267  	84.715263 
1373.487574  	84.965779 
1373.844881  	83.960684 
1374.202187  	83.333576 
1374.559494  	84.206185 
1374.916801  	84.680598 
1375.274108  	84.164339 
1375.631415  	84.149667 
1375.988722  	84.408082 
1376.346029  	84.426857 
1376.703335  	84.556355 
1377.060642  	84.584921 
1377.417949  	84.601262 
1377.775256  	84.772487 
1378.132563  	84.723464 
1378.489870  	84.670882 
1378.847177  	84.853691 
1379.204483  	85.036234 
1379.561790  	85.030951 
1379.919097  	84.928467 
1380.276404  	84.932024 
1380.633711  	84.948231 
1380.991018  	84.988190 
1381.348325  	85.091018 
1381.705631  	85.070127 
1382.062938  	84.979087 
1382.420245  	85.052526 
1382.777552  	85.121143 
1383.134859  	85.028351 
1383.492166  	85.060297 
1383.849473  	85.232720 
1384.206779  	85.343362 
1384.564086  	85.247884 
1384.921393  	85.067727 
1385.278700  	85.219137 
1385.636007  	85.490595 
1385.993314  	85.508523 
1386.350621  	85.146281 
1386.707928  	85.061895 
1387.065234  	85.938844 
1387.422541  	85.673392 
1387.779848  	83.631041 
1388.137155  	84.079174 
1388.494462  	84.799914 
1388.851769  	84.815614 
1389.209076  	84.957620 
1389.566382  	84.988513 
1389.923689  	84.806305 
1390.280996  	84.607405 
1390.638303  	84.442872 
1390.995610  	84.514789 
1391.352917  	84.583042 
1391.710224  	84.453124 
1392.067530  	84.371159 
1392.424837  	84.447106 
1392.782144  	84.444367 
1393.139451  	84.317721 
1393.496758  	84.452032 
1393.854065  	84.934689 
1394.211372  	84.973361 
1394.568678  	83.202266 
1394.925985  	82.603695 
1395.283292  	83.900874 
1395.640599  	84.346513 
1395.997906  	83.303690 
1396.355213  	83.071999 
1396.712520  	83.428904 
1397.069826  	83.518337 
1397.427133  	83.647281 
1397.784440  	83.175488 
1398.141747  	82.586499 
1398.499054  	83.484924 
1398.856361  	84.556540 
1399.213668  	83.511802 
1399.570975  	81.838118 
1399.928281  	82.155348 
1400.285588  	82.452719 
1400.642895  	82.475370 
1401.000202  	82.635224 
1401.357509  	82.478741 
1401.714816  	82.176169 
1402.072123  	82.082121 
1402.429429  	82.032633 
1402.786736  	81.981678 
1403.144043  	81.804897 
1403.501350  	81.868199 
1403.858657  	81.912747 
1404.215964  	81.826075 
1404.573271  	82.288540 
1404.930577  	81.760402 
1405.287884  	80.151855 
1405.645191  	80.435751 
1406.002498  	80.769892 
1406.359805  	80.654094 
1406.717112  	80.635674 
1407.074419  	80.385723 
1407.431725  	80.073458 
1407.789032  	79.832983 
1408.146339  	79.626112 
1408.503646  	79.439323 
1408.860953  	79.162205 
1409.218260  	79.043827 
1409.575567  	78.955524 
1409.932873  	78.525784 
1410.290180  	78.007578 
1410.647487  	77.775985 
1411.004794  	77.637292 
1411.362101  	77.405855 
1411.719408  	77.102239 
1412.076715  	76.533291 
1412.434022  	76.074784 
1412.791328  	75.982498 
1413.148635  	75.594882 
1413.505942  	75.004247 
1413.863249  	74.619858 
1414.220556  	74.193542 
1414.577863  	73.798030 
1414.935170  	73.323328 
1415.292476  	72.725302 
1415.649783  	72.495799 
1416.007090  	72.145903 
1416.364397  	71.260765 
1416.721704  	71.020137 
1417.079011  	71.258199 
1417.436318  	70.198069 
1417.793624  	68.494709 
1418.150931  	68.580522 
1418.508238  	69.364553 
1418.865545  	70.181497 
1419.222852  	70.012892 
1419.580159  	65.479265 
1419.937466  	65.292563 
1420.294772  	66.626070 
1420.652079  	67.097864 
1421.009386  	67.070554 
1421.366693  	66.851283 
1421.724000  	66.599175 
1422.081307  	66.662105 
1422.438614  	66.780141 
1422.795920  	66.772736 
1423.153227  	66.969820 
1423.510534  	67.331344 
1423.867841  	67.199996 
1424.225148  	66.564061 
1424.582455  	66.602887 
1424.939762  	66.975174 
1425.297068  	67.140802 
1425.654375  	67.174856 
1426.011682  	67.167752 
1426.368989  	67.163132 
1426.726296  	67.239774 
1427.083603  	67.194108 
1427.440910  	67.068499 
1427.798217  	67.127340 
1428.155523  	67.088533 
1428.512830  	67.000473 
1428.870137  	67.187169 
1429.227444  	67.513418 
1429.584751  	67.993350 
1429.942058  	67.846327 
1430.299365  	67.143659 
1430.656671  	67.685337 
1431.013978  	68.165715 
1431.371285  	68.279872 
1431.728592  	68.693120 
1432.085899  	68.827276 
1432.443206  	68.916218 
1432.800513  	69.282768 
1433.157819  	69.302296 
1433.515126  	69.149236 
1433.872433  	69.200950 
1434.229740  	69.478175 
1434.587047  	69.643932 
1434.944354  	69.692054 
1435.301661  	69.922070 
1435.658967  	69.866941 
1436.016274  	70.210605 
1436.373581  	71.553386 
1436.730888  	70.189733 
1437.088195  	66.042020 
1437.445502  	67.440897 
1437.802809  	68.346211 
1438.160115  	68.436929 
1438.517422  	68.287526 
1438.874729  	68.227256 
1439.232036  	68.039527 
1439.589343  	67.741019 
1439.946650  	67.339373 
1440.303957  	66.948471 
1440.661264  	66.840369 
1441.018570  	66.587845 
1441.375877  	66.146259 
1441.733184  	65.840995 
1442.090491  	65.476329 
1442.447798  	65.023051 
1442.805105  	64.573401 
1443.162412  	64.186972 
1443.519718  	63.896141 
1443.877025  	63.515507 
1444.234332  	62.842428 
1444.591639  	62.149251 
1444.948946  	61.755617 
1445.306253  	61.355666 
1445.663560  	60.942132 
1446.020866  	60.553617 
1446.378173  	60.020178 
1446.735480  	59.554609 
1447.092787  	59.234150 
1447.450094  	59.230996 
1447.807401  	58.688601 
1448.164708  	56.365172 
1448.522014  	55.667712 
1448.879321  	55.797220 
1449.236628  	55.229735 
1449.593935  	54.481031 
1449.951242  	53.645312 
1450.308549  	52.601946 
1450.665856  	51.662712 
1451.023162  	50.745659 
1451.380469  	49.838606 
1451.737776  	48.923406 
1452.095083  	47.502827 
1452.452390  	45.871526 
1452.809697  	44.715197 
1453.167004  	43.546839 
1453.524311  	42.335201 
1453.881617  	41.223684 
1454.238924  	40.087524 
1454.596231  	39.121914 
1454.953538  	38.157591 
1455.310845  	36.970933 
1455.668152  	35.746171 
1456.025459  	35.300328 
1456.382765  	35.829918 
1456.740072  	35.311920 
1457.097379  	33.057944 
1457.454686  	34.022475 
1457.811993  	34.431259 
1458.169300  	34.925221 
1458.526607  	35.532211 
1458.883913  	36.640239 
1459.241220  	38.243233 
1459.598527  	39.705225 
1459.955834  	41.215722 
1460.313141  	43.091304 
1460.670448  	45.289840 
1461.027755  	47.613357 
1461.385061  	49.848758 
1461.742368  	52.143901 
1462.099675  	54.621663 
1462.456982  	57.073492 
1462.814289  	59.422114 
1463.171596  	61.774031 
1463.528903  	63.979640 
1463.886209  	65.917467 
1464.243516  	68.017044 
1464.600823  	70.108950 
1464.958130  	70.886953 
1465.315437  	72.187930 
1465.672744  	74.280312 
1466.030051  	75.635331 
1466.387358  	76.570090 
1466.744664  	77.437621 
1467.101971  	78.384198 
1467.459278  	79.289790 
1467.816585  	79.922359 
1468.173892  	80.491880 
1468.531199  	81.161105 
1468.888506  	81.778601 
1469.245812  	82.276184 
1469.603119  	82.768771 
1469.960426  	83.055460 
1470.317733  	83.248052 
1470.675040  	83.725535 
1471.032347  	84.338412 
1471.389654  	85.112389 
1471.746960  	85.440252 
1472.104267  	83.087431 
1472.461574  	82.274775 
1472.818881  	84.358199 
1473.176188  	85.777715 
1473.533495  	83.984522 
1473.890802  	82.613642 
1474.248108  	83.858706 
1474.605415  	84.311052 
1474.962722  	84.433761 
1475.320029  	84.808614 
1475.677336  	85.601163 
1476.034643  	85.865294 
1476.391950  	83.264540 
1476.749256  	82.285044 
1477.106563  	83.276157 
1477.463870  	83.718642 
1477.821177  	83.622598 
1478.178484  	83.418176 
1478.535791  	83.185767 
1478.893098  	82.870453 
1479.250405  	82.685556 
1479.607711  	82.390590 
1479.965018  	81.949265 
1480.322325  	81.736609 
1480.679632  	81.671884 
1481.036939  	81.368537 
1481.394246  	80.317626 
1481.751553  	79.360162 
1482.108859  	78.898907 
1482.466166  	78.234885 
1482.823473  	77.442450 
1483.180780  	76.691780 
1483.538087  	76.095432 
1483.895394  	75.429497 
1484.252701  	74.394308 
1484.610007  	73.291759 
1484.967314  	72.222459 
1485.324621  	71.081291 
1485.681928  	69.936546 
1486.039235  	68.756979 
1486.396542  	67.292504 
1486.753849  	66.406555 
1487.111155  	65.735510 
1487.468462  	62.633505 
1487.825769  	60.312224 
1488.183076  	59.877490 
1488.540383  	59.079935 
1488.897690  	58.119070 
1489.254997  	56.981488 
1489.612303  	55.806385 
1489.969610  	54.313763 
1490.326917  	53.607087 
1490.684224  	53.901179 
1491.041531  	53.432167 
1491.398838  	53.703161 
1491.756145  	54.711679 
1492.113452  	55.849763 
1492.470758  	57.553382 
1492.828065  	59.360664 
1493.185372  	61.145499 
1493.542679  	63.080137 
1493.899986  	64.906041 
1494.257293  	66.890028 
1494.614600  	68.916974 
1494.971906  	70.619368 
1495.329213  	72.542365 
1495.686520  	74.750262 
1496.043827  	76.401641 
1496.401134  	75.560526 
1496.758441  	76.000565 
1497.115748  	77.899631 
1497.473054  	79.109058 
1497.830361  	79.960947 
1498.187668  	81.056758 
1498.544975  	81.909347 
1498.902282  	81.059796 
1499.259589  	80.611753 
1499.616896  	81.960234 
1499.974202  	82.766251 
1500.331509  	83.081488 
1500.688816  	83.500109 
1501.046123  	83.812881 
1501.403430  	84.272180 
1501.760737  	84.312387 
1502.118044  	84.110071 
1502.475350  	84.574233 
1502.832657  	84.950579 
1503.189964  	85.227165 
1503.547271  	85.471681 
1503.904578  	85.514911 
1504.261885  	85.776154 
1504.619192  	86.387092 
1504.976498  	87.432718 
1505.333805  	88.230007 
1505.691112  	85.260471 
1506.048419  	84.331190 
1506.405726  	87.501830 
1506.763033  	88.781290 
1507.120340  	83.637084 
1507.477647  	82.902512 
1507.834953  	85.346715 
1508.192260  	87.131046 
1508.549567  	86.607467 
1508.906874  	85.931646 
1509.264181  	87.458648 
1509.621488  	87.834250 
1509.978795  	86.737855 
1510.336101  	86.660963 
1510.693408  	86.748235 
1511.050715  	86.837500 
1511.408022  	87.204103 
1511.765329  	88.168287 
1512.122636  	88.301795 
1512.479943  	85.654829 
1512.837249  	85.389927 
1513.194556  	86.429821 
1513.551863  	86.739160 
1513.909170  	86.725695 
1514.266477  	86.995040 
1514.623784  	87.519740 
1514.981091  	86.862694 
1515.338397  	85.705988 
1515.695704  	86.211910 
1516.053011  	87.214846 
1516.410318  	87.520295 
1516.767625  	86.616798 
1517.124932  	86.305106 
1517.482239  	85.352013 
1517.839545  	83.795009 
1518.196852  	84.600065 
1518.554159  	85.447188 
1518.911466  	85.652389 
1519.268773  	85.760431 
1519.626080  	86.274694 
1519.983387  	86.262172 
1520.340694  	84.648080 
1520.698000  	85.584745 
1521.055307  	86.819897 
1521.412614  	82.428854 
1521.769921  	82.181846 
1522.127228  	84.791043 
1522.484535  	85.667077 
1522.841842  	83.692390 
1523.199148  	83.053636 
1523.556455  	83.718367 
1523.913762  	83.962479 
1524.271069  	84.407975 
1524.628376  	84.831095 
1524.985683  	85.336902 
1525.342990  	85.182606 
1525.700296  	82.013146 
1526.057603  	81.911439 
1526.414910  	83.591681 
1526.772217  	84.632113 
1527.129524  	84.715749 
1527.486831  	82.973237 
1527.844138  	82.483769 
1528.201444  	83.576724 
1528.558751  	83.016560 
1528.916058  	81.708294 
1529.273365  	82.068856 
1529.630672  	82.393960 
1529.987979  	82.445845 
1530.345286  	82.540748 
1530.702592  	82.549123 
1531.059899  	82.747325 
1531.417206  	82.585265 
1531.774513  	81.551562 
1532.131820  	81.264476 
1532.489127  	82.169989 
1532.846434  	83.027101 
1533.203741  	82.767143 
1533.561047  	81.904824 
1533.918354  	80.662543 
1534.275661  	79.070468 
1534.632968  	79.574998 
1534.990275  	80.533015 
1535.347582  	80.596659 
1535.704889  	80.139018 
1536.062195  	79.964246 
1536.419502  	80.117183 
1536.776809  	80.160262 
1537.134116  	79.852590 
1537.491423  	79.687646 
1537.848730  	80.100805 
1538.206037  	80.828557 
1538.563343  	81.753055 
1538.920650  	82.215051 
1539.277957  	77.772586 
1539.635264  	78.075067 
1539.992571  	80.903655 
1540.349878  	79.026032 
1540.707185  	76.655728 
1541.064491  	78.570320 
1541.421798  	80.403511 
1541.779105  	81.867885 
1542.136412  	79.612757 
1542.493719  	76.402029 
1542.851026  	78.377588 
1543.208333  	79.688028 
1543.565639  	79.150926 
1543.922946  	78.707785 
1544.280253  	79.554372 
1544.637560  	80.308001 
1544.994867  	80.134556 
1545.352174  	77.801198 
1545.709481  	76.703873 
1546.066788  	77.610699 
1546.424094  	78.195182 
1546.781401  	78.186220 
1547.138708  	78.017197 
1547.496015  	77.904372 
1547.853322  	77.786132 
1548.210629  	77.463682 
1548.567936  	77.366361 
1548.925242  	77.524499 
1549.282549  	77.833508 
1549.639856  	78.055396 
1549.997163  	76.788944 
1550.354470  	74.845202 
1550.711777  	74.564376 
1551.069084  	75.191724 
1551.426390  	75.584905 
1551.783697  	75.473414 
1552.141004  	75.206217 
1552.498311  	74.890521 
1552.855618  	74.822268 
1553.212925  	74.739581 
1553.570232  	74.886135 
1553.927538  	75.885147 
1554.284845  	74.918639 
1554.642152  	70.809986 
1554.999459  	71.522026 
1555.356766  	72.746996 
1555.714073  	72.995475 
1556.071380  	72.635201 
1556.428686  	72.563794 
1556.785993  	73.096203 
1557.143300  	74.140352 
1557.500607  	74.062475 
1557.857914  	70.820689 
1558.215221  	72.061233 
1558.572528  	71.502749 
1558.929835  	68.823106 
1559.287141  	71.320351 
1559.644448  	73.534691 
1560.001755  	72.882857 
1560.359062  	67.292174 
1560.716369  	67.471174 
1561.073676  	69.004994 
1561.430983  	69.771671 
1561.788289  	70.068719 
1562.145596  	70.151962 
1562.502903  	69.946073 
1562.860210  	69.761115 
1563.217517  	69.663368 
1563.574824  	69.469403 
1563.932131  	69.448000 
1564.289437  	69.979897 
1564.646744  	70.057504 
1565.004051  	68.571958 
1565.361358  	67.998034 
1565.718665  	68.696141 
1566.075972  	68.805742 
1566.433279  	68.344898 
1566.790585  	68.277511 
1567.147892  	68.388211 
1567.505199  	68.281508 
1567.862506  	68.085302 
1568.219813  	68.019794 
1568.577120  	68.312265 
1568.934427  	68.279628 
1569.291733  	68.141494 
1569.649040  	68.158595 
1570.006347  	65.543447 
1570.363654  	64.616329 
1570.720961  	65.267854 
1571.078268  	65.275301 
1571.435575  	65.025522 
1571.792882  	64.784697 
1572.150188  	64.413620 
1572.507495  	63.906995 
1572.864802  	63.330911 
1573.222109  	62.886191 
1573.579416  	62.428040 
1573.936723  	61.904727 
1574.294030  	61.328267 
1574.651336  	60.835185 
1575.008643  	60.383538 
1575.365950  	60.182611 
1575.723257  	60.928848 
1576.080564  	60.385449 
1576.437871  	53.448925 
1576.795178  	53.028570 
1577.152484  	53.871656 
1577.509791  	53.718305 
1577.867098  	52.922423 
1578.224405  	52.233649 
1578.581712  	51.646855 
1578.939019  	51.151677 
1579.296326  	50.913581 
1579.653632  	50.752590 
1580.010939  	50.851674 
1580.368246  	51.111301 
1580.725553  	51.468461 
1581.082860  	51.977839 
1581.440167  	52.383641 
1581.797474  	52.852553 
1582.154780  	53.314349 
1582.512087  	53.674279 
1582.869394  	54.040423 
1583.226701  	54.217532 
1583.584008  	54.335086 
1583.941315  	54.495420 
1584.298622  	54.527473 
1584.655928  	54.474229 
1585.013235  	54.441958 
1585.370542  	54.433822 
1585.727849  	54.487250 
1586.085156  	54.451292 
1586.442463  	54.046948 
1586.799770  	53.672475 
1587.157077  	53.578833 
1587.514383  	53.332396 
1587.871690  	52.998945 
1588.228997  	52.791290 
1588.586304  	52.511138 
1588.943611  	52.088900 
1589.300918  	51.635519 
1589.658225  	51.116509 
1590.015531  	50.484961 
1590.372838  	49.799146 
1590.730145  	49.133460 
1591.087452  	48.621420 
1591.444759  	47.961225 
1591.802066  	46.980592 
1592.159373  	46.076870 
1592.516679  	45.207807 
1592.873986  	44.340628 
1593.231293  	43.411574 
1593.588600  	42.350433 
1593.945907  	41.582652 
1594.303214  	40.852826 
1594.660521  	39.845723 
1595.017827  	38.955132 
1595.375134  	38.204898 
1595.732441  	37.531191 
1596.089748  	36.876083 
1596.447055  	36.225767 
1596.804362  	35.840832 
1597.161669  	35.648618 
1597.518975  	35.493355 
1597.876282  	35.584030 
1598.233589  	35.831619 
1598.590896  	36.058523 
1598.948203  	36.533376 
1599.305510  	37.148080 
1599.662817  	37.737244 
1600.020124  	38.503710 
1600.377430  	39.557679 
1600.734737  	40.917362 
1601.092044  	42.314529 
1601.449351  	43.708149 
1601.806658  	45.224685 
1602.163965  	46.808963 
1602.521272  	48.538229 
1602.878578  	50.175305 
1603.235885  	51.622470 
1603.593192  	53.059520 
1603.950499  	54.562878 
1604.307806  	56.129707 
1604.665113  	57.482074 
1605.022420  	58.562188 
1605.379726  	59.356723 
1605.737033  	60.018193 
1606.094340  	60.813840 
1606.451647  	61.484548 
1606.808954  	62.081842 
1607.166261  	62.613532 
1607.523568  	62.809731 
1607.880874  	62.954192 
1608.238181  	63.201621 
1608.595488  	63.447760 
1608.952795  	63.634808 
1609.310102  	63.672972 
1609.667409  	63.360502 
1610.024716  	63.097893 
1610.382022  	63.131955 
1610.739329  	63.060685 
1611.096636  	62.945782 
1611.453943  	62.738888 
1611.811250  	62.343137 
1612.168557  	62.037702 
1612.525864  	61.751345 
1612.883171  	61.402107 
1613.240477  	60.998223 
1613.597784  	60.608348 
1613.955091  	60.101179 
1614.312398  	59.492929 
1614.669705  	59.069470 
1615.027012  	58.498725 
1615.384319  	57.974049 
1615.741625  	57.810759 
1616.098932  	57.920423 
1616.456239  	58.379025 
1616.813546  	55.434645 
1617.170853  	51.925929 
1617.528160  	52.437898 
1617.885467  	52.710218 
1618.242773  	52.305396 
1618.600080  	51.515168 
1618.957387  	50.752925 
1619.314694  	49.970438 
1619.672001  	49.228948 
1620.029308  	48.698167 
1620.386615  	48.107467 
1620.743921  	47.528764 
1621.101228  	46.897836 
1621.458535  	46.063174 
1621.815842  	45.331645 
1622.173149  	44.893650 
1622.530456  	44.508243 
1622.887763  	44.247098 
1623.245069  	44.432846 
1623.602376  	43.503792 
1623.959683  	41.787025 
1624.316990  	42.050402 
1624.674297  	42.358208 
1625.031604  	42.305247 
1625.388911  	42.243277 
1625.746218  	42.162864 
1626.103524  	42.131486 
1626.460831  	42.247731 
1626.818138  	42.392320 
1627.175445  	42.550726 
1627.532752  	42.984396 
1627.890059  	43.077401 
1628.247366  	42.984131 
1628.604672  	43.860949 
1628.961979  	44.603502 
1629.319286  	44.985444 
1629.676593  	45.626447 
1630.033900  	46.327639 
1630.391207  	46.879902 
1630.748514  	47.517258 
1631.105820  	48.282691 
1631.463127  	49.025358 
1631.820434  	49.769819 
1632.177741  	50.553195 
1632.535048  	51.343789 
1632.892355  	52.257418 
1633.249662  	53.213769 
1633.606968  	54.039292 
1633.964275  	54.882310 
1634.321582  	56.046394 
1634.678889  	57.548385 
1635.036196  	59.015719 
1635.393503  	59.389834 
1635.750810  	58.196973 
1636.108116  	58.430578 
1636.465423  	59.813085 
1636.822730  	61.325029 
1637.180037  	62.512677 
1637.537344  	62.696985 
1637.894651  	62.344399 
1638.251958  	63.001120 
1638.609265  	63.795646 
1638.966571  	64.340628 
1639.323878  	65.012182 
1639.681185  	65.576246 
1640.038492  	65.899921 
1640.395799  	66.080810 
1640.753106  	66.182296 
1641.110413  	66.380533 
1641.467719  	66.616126 
1641.825026  	66.925514 
1642.182333  	67.023796 
1642.539640  	66.835787 
1642.896947  	66.869272 
1643.254254  	67.052832 
1643.611561  	67.068271 
1643.968867  	66.867887 
1644.326174  	66.848153 
1644.683481  	66.961008 
1645.040788  	66.994845 
1645.398095  	67.575423 
1645.755402  	68.145553 
1646.112709  	65.673297 
1646.470015  	64.368422 
1646.827322  	65.676734 
1647.184629  	66.407628 
1647.541936  	65.378178 
1647.899243  	64.526403 
1648.256550  	64.356790 
1648.613857  	63.708689 
1648.971163  	63.760855 
1649.328470  	63.835849 
1649.685777  	63.421316 
1650.043084  	63.035598 
1650.400391  	62.776451 
1650.757698  	62.558943 
1651.115005  	62.161799 
1651.472312  	61.833527 
1651.829618  	62.243159 
1652.186925  	62.701969 
1652.544232  	61.116768 
1652.901539  	59.821000 
1653.258846  	57.770692 
1653.616153  	55.987859 
1653.973460  	57.743243 
1654.330766  	58.180589 
1654.688073  	56.274914 
1655.045380  	55.388364 
1655.402687  	55.459505 
1655.759994  	55.288239 
1656.117301  	54.791476 
1656.474608  	54.031265 
1656.831914  	53.253693 
1657.189221  	52.520260 
1657.546528  	51.659370 
1657.903835  	50.833770 
1658.261142  	50.131990 
1658.618449  	49.398237 
1658.975756  	48.591815 
1659.333062  	47.715876 
1659.690369  	47.007297 
1660.047676  	46.319452 
1660.404983  	45.342590 
1660.762290  	44.388491 
1661.119597  	43.525224 
1661.476904  	42.822930 
1661.834210  	42.341353 
1662.191517  	42.093941 
1662.548824  	42.033821 
1662.906131  	40.639699 
1663.263438  	39.314395 
1663.620745  	39.557864 
1663.978052  	39.546913 
1664.335359  	39.265748 
1664.692665  	39.078775 
1665.049972  	39.071009 
1665.407279  	39.116927 
1665.764586  	39.180475 
1666.121893  	39.326862 
1666.479200  	39.339865 
1666.836507  	39.354989 
1667.193813  	39.488804 
1667.551120  	39.859050 
1667.908427  	40.418526 
1668.265734  	40.963061 
1668.623041  	41.902293 
1668.980348  	43.193721 
1669.337655  	45.145243 
1669.694961  	47.190658 
1670.052268  	48.631286 
1670.409575  	50.900913 
1670.766882  	53.573572 
1671.124189  	56.221954 
1671.481496  	58.850038 
1671.838803  	61.335438 
1672.196109  	63.852761 
1672.553416  	66.337248 
1672.910723  	68.753596 
1673.268030  	70.923001 
1673.625337  	73.013093 
1673.982644  	75.142151 
1674.339951  	76.918597 
1674.697257  	78.598072 
1675.054564  	79.948012 
1675.411871  	78.641733 
1675.769178  	79.293941 
1676.126485  	81.592695 
1676.483792  	82.979724 
1676.841099  	83.982517 
1677.198405  	85.000695 
1677.555712  	85.696773 
1677.913019  	86.181617 
1678.270326  	86.870858 
1678.627633  	87.506848 
1678.984940  	88.041829 
1679.342247  	88.491332 
1679.699554  	88.839197 
1680.056860  	89.347929 
1680.414167  	89.474480 
1680.771474  	89.298415 
1681.128781  	89.603356 
1681.486088  	90.030204 
1681.843395  	90.446734 
1682.200702  	91.017326 
1682.558008  	91.700220 
1682.915315  	92.033163 
1683.272622  	91.608258 
1683.629929  	91.802653 
1683.987236  	92.864234 
1684.344543  	93.589319 
1684.701850  	91.824781 
1685.059156  	87.421706 
1685.416463  	88.801164 
1685.773770  	90.661303 
1686.131077  	91.428987 
1686.488384  	91.865592 
1686.845691  	92.197053 
1687.202998  	92.335749 
1687.560304  	92.539881 
1687.917611  	92.723333 
1688.274918  	92.184826 
1688.632225  	91.547432 
1688.989532  	92.014169 
1689.346839  	92.645530 
1689.704146  	92.823308 
1690.061452  	92.398844 
1690.418759  	91.933856 
1690.776066  	92.302317 
1691.133373  	92.538780 
1691.490680  	92.355233 
1691.847987  	92.405615 
1692.205294  	92.769092 
1692.562601  	93.121263 
1692.919907  	93.247587 
1693.277214  	93.342751 
1693.634521  	93.502311 
1693.991828  	93.560950 
1694.349135  	93.668292 
1694.706442  	94.147882 
1695.063749  	95.286339 
1695.421055  	96.590972 
1695.778362  	93.893275 
1696.135669  	88.594272 
1696.492976  	91.267352 
1696.850283  	93.277552 
1697.207590  	94.009990 
1697.564897  	93.664314 
1697.922203  	93.456107 
1698.279510  	93.884147 
1698.636817  	94.272514 
1698.994124  	94.909301 
1699.351431  	96.170144 
1699.708738  	97.167878 
1700.066045  	96.831873 
1700.423351  	97.126827 
1700.780658  	91.823118 
1701.137965  	90.324547 
1701.495272  	92.477616 
1701.852579  	93.537971 
1702.209886  	93.786422 
1702.567193  	94.217152 
1702.924499  	94.386076 
1703.281806  	94.346472 
1703.639113  	94.698425 
1703.996420  	95.257487 
1704.353727  	94.826912 
1704.711034  	92.804005 
1705.068341  	92.834562 
1705.425648  	94.082570 
1705.782954  	95.090718 
1706.140261  	94.995904 
1706.497568  	92.702767 
1706.854875  	92.224219 
1707.212182  	93.041516 
1707.569489  	93.127235 
1707.926796  	93.417781 
1708.284102  	93.487145 
1708.641409  	93.355291 
1708.998716  	93.656459 
1709.356023  	93.682075 
1709.713330  	93.574748 
1710.070637  	93.306270 
1710.427944  	92.808553 
1710.785250  	93.134014 
1711.142557  	93.588632 
1711.499864  	93.585954 
1711.857171  	93.517859 
1712.214478  	93.465242 
1712.571785  	93.279917 
1712.929092  	93.164003 
1713.286398  	93.541940 
1713.643705  	93.885989 
1714.001012  	93.374622 
1714.358319  	93.318964 
1714.715626  	94.267745 
1715.072933  	93.463176 
1715.430240  	91.247096 
1715.787546  	91.988660 
1716.144853  	92.900236 
1716.502160  	93.398662 
1716.859467  	94.462223 
1717.216774  	94.648320 
1717.574081  	91.023265 
1717.931388  	91.200762 
1718.288695  	93.376975 
1718.646001  	92.847569 
1719.003308  	90.707797 
1719.360615  	91.403997 
1719.717922  	92.237477 
1720.075229  	92.480830 
1720.432536  	92.393958 
1720.789843  	92.342031 
1721.147149  	92.369396 
1721.504456  	92.051629 
1721.861763  	92.051947 
1722.219070  	92.370504 
1722.576377  	92.215555 
1722.933684  	92.088226 
1723.290991  	91.880507 
1723.648297  	91.338352 
1724.005604  	91.450001 
1724.362911  	91.842613 
1724.720218  	91.889873 
1725.077525  	91.873467 
1725.434832  	91.798764 
1725.792139  	91.640885 
1726.149445  	91.728066 
1726.506752  	91.714047 
1726.864059  	91.441862 
1727.221366  	91.527203 
1727.578673  	91.823506 
1727.935980  	91.872869 
1728.293287  	91.712109 
1728.650593  	91.592699 
1729.007900  	91.795610 
1729.365207  	92.222318 
1729.722514  	92.203651 
1730.079821  	90.791729 
1730.437128  	89.752667 
1730.794435  	90.427426 
1731.151742  	91.064182 
1731.509048  	91.411701 
1731.866355  	91.412161 
1732.223662  	91.064063 
1732.580969  	91.597336 
1732.938276  	92.750684 
1733.295583  	92.577473 
1733.652890  	91.225393 
1734.010196  	92.668645 
1734.367503  	93.556285 
1734.724810  	89.003271 
1735.082117  	88.155755 
1735.439424  	90.358285 
1735.796731  	91.388782 
1736.154038  	91.623885 
1736.511344  	91.624454 
1736.868651  	91.697791 
1737.225958  	91.831168 
1737.583265  	91.612916 
1737.940572  	91.366504 
1738.297879  	91.591644 
1738.655186  	91.954718 
1739.012492  	92.419706 
1739.369799  	92.966099 
1739.727106  	92.142432 
1740.084413  	89.501133 
1740.441720  	89.819317 
1740.799027  	90.953537 
1741.156334  	91.476203 
1741.513640  	91.761677 
1741.870947  	91.792922 
1742.228254  	91.870674 
1742.585561  	92.445953 
1742.942868  	92.543539 
1743.300175  	91.573291 
1743.657482  	91.122349 
1744.014789  	91.529204 
1744.372095  	91.706054 
1744.729402  	91.595951 
1745.086709  	91.817731 
1745.444016  	92.076662 
1745.801323  	91.787321 
1746.158630  	91.587409 
1746.515937  	91.914066 
1746.873243  	92.095436 
1747.230550  	91.492852 
1747.587857  	91.006560 
1747.945164  	91.811608 
1748.302471  	92.369530 
1748.659778  	91.359394 
1749.017085  	90.598255 
1749.374391  	90.791749 
1749.731698  	90.824997 
1750.089005  	91.307613 
1750.446312  	92.311320 
1750.803619  	93.183919 
1751.160926  	92.205643 
1751.518233  	89.128698 
1751.875539  	89.683456 
1752.232846  	91.042059 
1752.590153  	91.623484 
1752.947460  	91.602002 
1753.304767  	91.337884 
1753.662074  	91.342048 
1754.019381  	91.558395 
1754.376687  	91.615466 
1754.733994  	91.511141 
1755.091301  	91.464880 
1755.448608  	91.544084 
1755.805915  	91.729894 
1756.163222  	92.319768 
1756.520529  	92.548678 
1756.877835  	90.706539 
1757.235142  	89.689288 
1757.592449  	90.778299 
1757.949756  	91.191789 
1758.307063  	91.069179 
1758.664370  	91.065640 
1759.021677  	91.056140 
1759.378984  	91.136868 
1759.736290  	91.219705 
1760.093597  	91.278231 
1760.450904  	91.402581 
1760.808211  	91.711038 
1761.165518  	92.615277 
1761.522825  	93.208048 
1761.880132  	90.854917 
1762.237438  	88.668970 
1762.594745  	89.874271 
1762.952052  	90.638817 
1763.309359  	90.564958 
1763.666666  	90.765657 
1764.023973  	91.273591 
1764.381280  	91.378746 
1764.738586  	91.105131 
1765.095893  	90.997103 
1765.453200  	90.837955 
1765.810507  	90.622494 
1766.167814  	90.779210 
1766.525121  	90.829022 
1766.882428  	90.730718 
1767.239734  	91.066379 
1767.597041  	91.798692 
1767.954348  	91.845952 
1768.311655  	89.728623 
1768.668962  	89.303838 
1769.026269  	90.725454 
1769.383576  	91.254762 
1769.740882  	91.069131 
1770.098189  	91.012819 
1770.455496  	91.616450 
1770.812803  	92.487658 
1771.170110  	91.959228 
1771.527417  	90.066196 
1771.884724  	90.414071 
1772.242031  	92.013908 
1772.599337  	91.733074 
1772.956644  	88.463880 
1773.313951  	89.043869 
1773.671258  	90.224404 
1774.028565  	90.611410 
1774.385872  	90.863690 
1774.743179  	91.075145 
1775.100485  	91.326093 
1775.457792  	91.100610 
1775.815099  	90.233368 
1776.172406  	90.277481 
1776.529713  	90.839317 
1776.887020  	90.925516 
1777.244327  	90.937996 
1777.601633  	91.056476 
1777.958940  	91.024453 
1778.316247  	91.132309 
1778.673554  	91.231821 
1779.030861  	91.057312 
1779.388168  	90.944525 
1779.745475  	91.168299 
1780.102781  	91.912888 
1780.460088  	92.144715 
1780.817395  	90.693894 
1781.174702  	90.080627 
1781.532009  	90.918844 
1781.889316  	91.287549 
1782.246623  	90.805885 
1782.603929  	90.407829 
1782.961236  	90.607285 
1783.318543  	90.903127 
1783.675850  	91.125336 
1784.033157  	91.215325 
1784.390464  	91.267934 
1784.747771  	91.340600 
1785.105078  	90.591030 
1785.462384  	90.297839 
1785.819691  	90.951346 
1786.176998  	91.141728 
1786.534305  	91.097450 
1786.891612  	91.095599 
1787.248919  	91.104725 
1787.606226  	91.319133 
1787.963532  	91.214906 
1788.320839  	90.942782 
1788.678146  	90.948450 
1789.035453  	91.097558 
1789.392760  	91.276398 
1789.750067  	91.252601 
1790.107374  	91.379821 
1790.464680  	91.822798 
1790.821987  	91.698413 
1791.179294  	90.839631 
1791.536601  	90.822009 
1791.893908  	91.857733 
1792.251215  	92.939517 
1792.608522  	91.868781 
1792.965828  	88.968656 
1793.323135  	89.631001 
1793.680442  	90.635762 
1794.037749  	90.784925 
1794.395056  	90.894856 
1794.752363  	91.116118 
1795.109670  	91.249248 
1795.466976  	91.523612 
1795.824283  	91.464844 
1796.181590  	90.793423 
1796.538897  	90.534102 
1796.896204  	90.817540 
1797.253511  	91.100990 
1797.610818  	91.153440 
1797.968125  	91.095454 
1798.325431  	91.465306 
1798.682738  	91.931126 
1799.040045  	92.031166 
1799.397352  	91.971109 
1799.754659  	91.000252 
1800.111966  	90.041474 
1800.469273  	90.631123 
1800.826579  	91.486989 
1801.183886  	91.524154 
1801.541193  	90.965730 
1801.898500  	91.148880 
1802.255807  	91.654780 
1802.613114  	91.152420 
1802.970421  	90.399305 
1803.327727  	90.378948 
1803.685034  	90.688680 
1804.042341  	90.921127 
1804.399648  	90.755698 
1804.756955  	90.526315 
1805.114262  	90.497938 
1805.471569  	90.599790 
1805.828875  	90.732280 
1806.186182  	90.771420 
1806.543489  	90.747759 
1806.900796  	90.824839 
1807.258103  	91.106950 
1807.615410  	91.019775 
1807.972717  	90.502736 
1808.330023  	90.364201 
1808.687330  	90.513115 
1809.044637  	90.859650 
1809.401944  	91.169503 
1809.759251  	91.308623 
1810.116558  	91.521440 
1810.473865  	91.207907 
1810.831172  	90.325796 
1811.188478  	90.269309 
1811.545785  	91.029586 
1811.903092  	91.522247 
1812.260399  	91.266830 
1812.617706  	91.192247 
1812.975013  	91.219466 
1813.332320  	90.855313 
1813.689626  	90.699339 
1814.046933  	90.753660 
1814.404240  	90.843448 
1814.761547  	91.044121 
1815.118854  	91.292069 
1815.476161  	91.183041 
1815.833468  	90.651429 
1816.190774  	90.475741 
1816.548081  	90.431578 
1816.905388  	90.375085 
1817.262695  	90.688653 
1817.620002  	90.657820 
1817.977309  	90.291011 
1818.334616  	90.205348 
1818.691922  	90.301838 
1819.049229  	90.335223 
1819.406536  	90.235876 
1819.763843  	90.416035 
1820.121150  	90.647893 
1820.478457  	90.531277 
1820.835764  	90.387441 
1821.193070  	90.340769 
1821.550377  	90.376188 
1821.907684  	90.486479 
1822.264991  	90.620001 
1822.622298  	90.646025 
1822.979605  	90.491586 
1823.336912  	90.364794 
1823.694219  	90.315670 
1824.051525  	90.468343 
1824.408832  	91.055081 
1824.766139  	91.605920 
1825.123446  	90.673607 
1825.480753  	88.334937 
1825.838060  	88.338724 
1826.195367  	89.419733 
1826.552673  	89.999852 
1826.909980  	90.091600 
1827.267287  	89.966832 
1827.624594  	89.831522 
1827.981901  	89.686881 
1828.339208  	89.800653 
1828.696515  	90.200367 
1829.053821  	90.139915 
1829.411128  	89.927790 
1829.768435  	90.591422 
1830.125742  	90.459452 
1830.483049  	88.994824 
1830.840356  	89.659998 
1831.197663  	90.651042 
1831.554969  	90.328880 
1831.912276  	90.039135 
1832.269583  	90.314742 
1832.626890  	90.488482 
1832.984197  	90.327131 
1833.341504  	89.785255 
1833.698811  	89.670981 
1834.056117  	89.899335 
1834.413424  	89.892981 
1834.770731  	89.930951 
1835.128038  	89.952374 
1835.485345  	89.980949 
1835.842652  	90.056891 
1836.199959  	90.176774 
1836.557265  	90.432952 
1836.914572  	90.368517 
1837.271879  	90.249042 
1837.629186  	90.456008 
1837.986493  	90.294614 
1838.343800  	89.960535 
1838.701107  	89.976879 
1839.058414  	90.221881 
1839.415720  	90.317579 
1839.773027  	89.812641 
1840.130334  	89.142126 
1840.487641  	89.009141 
1840.844948  	89.215315 
1841.202255  	89.580720 
1841.559562  	89.888820 
1841.916868  	89.631453 
1842.274175  	88.827289 
1842.631482  	88.593736 
1842.988789  	89.416125 
1843.346096  	90.126153 
1843.703403  	90.579727 
1844.060710  	90.704756 
1844.418016  	88.130125 
1844.775323  	87.516635 
1845.132630  	88.806590 
1845.489937  	89.003448 
1845.847244  	88.839208 
1846.204551  	89.075833 
1846.561858  	89.551196 
1846.919164  	89.894704 
1847.276471  	89.906947 
1847.633778  	89.695920 
1847.991085  	88.945950 
1848.348392  	88.323861 
1848.705699  	88.436216 
1849.063006  	88.797382 
1849.420312  	89.108464 
1849.777619  	89.173603 
1850.134926  	88.973436 
1850.492233  	88.806456 
1850.849540  	89.067267 
1851.206847  	89.248443 
1851.564154  	89.091337 
1851.921461  	89.332846 
1852.278767  	89.599862 
1852.636074  	89.716049 
1852.993381  	89.723410 
1853.350688  	89.309241 
1853.707995  	89.206060 
1854.065302  	89.254769 
1854.422609  	89.284087 
1854.779915  	89.708847 
1855.137222  	89.891451 
1855.494529  	89.771399 
1855.851836  	89.484543 
1856.209143  	89.073115 
1856.566450  	88.810395 
1856.923757  	88.726458 
1857.281063  	89.080571 
1857.638370  	89.327660 
1857.995677  	89.389602 
1858.352984  	89.869264 
1858.710291  	89.886856 
1859.067598  	89.428696 
1859.424905  	89.534725 
1859.782211  	89.872513 
1860.139518  	89.846584 
1860.496825  	89.541426 
1860.854132  	89.332292 
1861.211439  	89.331201 
1861.568746  	89.458858 
1861.926053  	89.580446 
1862.283359  	89.427381 
1862.640666  	89.277948 
1862.997973  	89.336725 
1863.355280  	89.212397 
1863.712587  	89.138034 
1864.069894  	89.511904 
1864.427201  	90.015028 
1864.784508  	90.190825 
1865.141814  	89.995663 
1865.499121  	90.100546 
1865.856428  	90.450278 
1866.213735  	89.980758 
1866.571042  	89.088080 
1866.928349  	89.014620 
1867.285656  	89.482054 
1867.642962  	89.715156 
1868.000269  	89.747586 
1868.357576  	90.482195 
1868.714883  	91.492255 
1869.072190  	91.611216 
1869.429497  	90.066974 
1869.786804  	88.946892 
1870.144110  	89.694423 
1870.501417  	90.291274 
1870.858724  	90.277267 
1871.216031  	90.107005 
1871.573338  	89.927169 
1871.930645  	89.737755 
1872.287952  	89.324977 
1872.645258  	89.305964 
1873.002565  	89.604179 
1873.359872  	89.375843 
1873.717179  	89.257539 
1874.074486  	89.241354 
1874.431793  	89.286379 
1874.789100  	89.597136 
1875.146406  	89.424672 
1875.503713  	89.456180 
1875.861020  	89.805210 
1876.218327  	89.765939 
1876.575634  	89.858404 
1876.932941  	89.469691 
1877.290248  	88.750322 
1877.647555  	88.950126 
1878.004861  	89.434690 
1878.362168  	89.613689 
1878.719475  	89.550095 
1879.076782  	89.461178 
1879.434089  	89.531075 
1879.791396  	89.292122 
1880.148703  	89.396262 
1880.506009  	89.950484 
1880.863316  	89.557759 
1881.220623  	88.941132 
1881.577930  	89.064791 
1881.935237  	89.225305 
1882.292544  	89.314808 
1882.649851  	89.588457 
1883.007157  	89.933548 
1883.364464  	89.884179 
1883.721771  	89.669768 
1884.079078  	89.880513 
1884.436385  	89.824483 
1884.793692  	89.749710 
1885.150999  	90.108115 
1885.508305  	89.940683 
1885.865612  	89.692853 
1886.222919  	89.666756 
1886.580226  	89.247374 
1886.937533  	89.223627 
1887.294840  	89.899947 
1887.652147  	90.074402 
1888.009453  	89.666889 
1888.366760  	89.891520 
1888.724067  	90.507363 
1889.081374  	90.542497 
1889.438681  	90.156626 
1889.795988  	89.626374 
1890.153295  	89.863321 
1890.510602  	90.462413 
1890.867908  	89.999337 
1891.225215  	89.486957 
1891.582522  	90.094890 
1891.939829  	90.208850 
1892.297136  	89.726318 
1892.654443  	89.774744 
1893.011750  	89.774851 
1893.369056  	89.936958 
1893.726363  	90.379327 
1894.083670  	90.441437 
1894.440977  	90.841399 
1894.798284  	91.126453 
1895.155591  	90.323403 
1895.512898  	89.938851 
1895.870204  	90.396874 
1896.227511  	90.300863 
1896.584818  	89.541078 
1896.942125  	89.263966 
1897.299432  	89.927873 
1897.656739  	90.112042 
1898.014046  	89.809821 
1898.371352  	90.396578 
1898.728659  	90.586282 
1899.085966  	89.619814 
1899.443273  	89.331042 
1899.800580  	89.644441 
1900.157887  	89.669047 
1900.515194  	90.015855 
1900.872500  	90.426079 
1901.229807  	90.169731 
1901.587114  	89.695303 
1901.944421  	89.726969 
1902.301728  	90.295497 
1902.659035  	90.580773 
1903.016342  	89.858167 
1903.373649  	89.134847 
1903.730955  	89.873990 
1904.088262  	90.539748 
1904.445569  	89.695272 
1904.802876  	89.268848 
1905.160183  	89.485437 
1905.517490  	89.396283 
1905.874797  	89.737151 
1906.232103  	90.277454 
1906.589410  	90.333802 
1906.946717  	89.795785 
1907.304024  	89.096478 
1907.661331  	89.016649 
1908.018638  	89.130165 
1908.375945  	89.494385 
1908.733251  	90.265338 
1909.090558  	90.410117 
1909.447865  	90.297207 
1909.805172  	90.289003 
1910.162479  	89.695199 
1910.519786  	89.377592 
1910.877093  	89.568976 
1911.234399  	89.481198 
1911.591706  	89.440632 
1911.949013  	89.686968 
1912.306320  	89.807145 
1912.663627  	89.558174 
1913.020934  	89.450702 
1913.378241  	89.692895 
1913.735547  	89.730998 
1914.092854  	89.860208 
1914.450161  	89.832797 
1914.807468  	89.651009 
1915.164775  	90.107277 
1915.522082  	89.876605 
1915.879389  	89.227100 
1916.236696  	89.664273 
1916.594002  	90.156575 
1916.951309  	90.148435 
1917.308616  	90.091190 
1917.665923  	90.819080 
1918.023230  	91.518018 
1918.380537  	90.026981 
1918.737844  	89.411424 
1919.095150  	89.478260 
1919.452457  	88.909647 
1919.809764  	88.750158 
1920.167071  	88.823871 
1920.524378  	89.174742 
1920.881685  	89.708608 
1921.238992  	89.574310 
1921.596298  	89.300628 
1921.953605  	89.196062 
1922.310912  	89.333029 
1922.668219  	89.901413 
1923.025526  	89.883968 
1923.382833  	88.535692 
1923.740140  	87.587087 
1924.097446  	88.279707 
1924.454753  	89.576344 
1924.812060  	90.410993 
1925.169367  	90.520936 
1925.526674  	90.430445 
1925.883981  	89.928540 
1926.241288  	89.209106 
1926.598594  	89.373040 
1926.955901  	89.188710 
1927.313208  	88.640858 
1927.670515  	89.373081 
1928.027822  	89.860101 
1928.385129  	89.336452 
1928.742436  	89.458040 
1929.099742  	89.724046 
1929.457049  	88.922584 
1929.814356  	88.786935 
1930.171663  	89.704973 
1930.528970  	89.469069 
1930.886277  	89.171432 
1931.243584  	89.483377 
1931.600891  	89.174543 
1931.958197  	89.367680 
1932.315504  	89.843833 
1932.672811  	89.482245 
1933.030118  	89.360285 
1933.387425  	89.742692 
1933.744732  	88.909381 
1934.102039  	87.603847 
1934.459345  	88.549014 
1934.816652  	90.017687 
1935.173959  	89.674645 
1935.531266  	89.060588 
1935.888573  	88.946416 
1936.245880  	89.334950 
1936.603187  	89.286061 
1936.960493  	88.411648 
1937.317800  	88.402915 
1937.675107  	88.641322 
1938.032414  	88.267087 
1938.389721  	88.091166 
1938.747028  	88.255740 
1939.104335  	88.704996 
1939.461641  	89.193574 
1939.818948  	89.269238 
1940.176255  	88.234246 
1940.533562  	87.016458 
1940.890869  	87.931536 
1941.248176  	89.629647 
1941.605483  	89.910394 
1941.962789  	90.363552 
1942.320096  	91.606694 
1942.677403  	91.109367 
1943.034710  	88.889948 
1943.392017  	88.157279 
1943.749324  	87.879054 
1944.106631  	87.163010 
1944.463938  	88.018647 
1944.821244  	89.429162 
1945.178551  	89.569634 
1945.535858  	89.209352 
1945.893165  	88.042636 
1946.250472  	87.964049 
1946.607779  	89.055867 
1946.965086  	88.178603 
1947.322392  	87.000564 
1947.679699  	87.123459 
1948.037006  	88.882083 
1948.394313  	90.672237 
1948.751620  	90.211976 
1949.108927  	89.896606 
1949.466234  	89.543640 
1949.823540  	89.033477 
1950.180847  	88.495520 
1950.538154  	87.076572 
1950.895461  	88.525531 
1951.252768  	89.560305 
1951.610075  	88.017590 
1951.967382  	88.982059 
1952.324688  	89.625746 
1952.681995  	89.383597 
1953.039302  	89.904854 
1953.396609  	89.020726 
1953.753916  	88.110324 
1954.111223  	88.157360 
1954.468530  	89.562789 
1954.825836  	90.801251 
1955.183143  	90.867117 
1955.540450  	90.965547 
1955.897757  	89.973609 
1956.255064  	89.131397 
1956.612371  	88.351865 
1956.969678  	88.854317 
1957.326985  	92.173863 
1957.684291  	91.440113 
1958.041598  	89.108674 
1958.398905  	90.253432 
1958.756212  	90.047819 
1959.113519  	90.104776 
1959.470826  	91.821708 
1959.828133  	91.090805 
1960.185439  	90.116206 
1960.542746  	89.913712 
1960.900053  	88.376153 
1961.257360  	87.315361 
1961.614667  	86.901895 
1961.971974  	85.774324 
1962.329281  	86.911953 
1962.686587  	89.627275 
1963.043894  	89.637591 
1963.401201  	89.719939 
1963.758508  	91.828795 
1964.115815  	90.976324 
1964.473122  	88.900305 
1964.830429  	88.771551 
1965.187735  	87.139089 
1965.545042  	86.677400 
1965.902349  	89.185058 
1966.259656  	88.771152 
1966.616963  	87.152846 
1966.974270  	88.104204 
1967.331577  	90.054757 
1967.688883  	91.380607 
1968.046190  	90.346304 
1968.403497  	89.038660 
1968.760804  	88.893947 
1969.118111  	89.210925 
1969.475418  	89.600835 
1969.832725  	89.695572 
1970.190032  	89.870536 
1970.547338  	89.769531 
1970.904645  	89.692974 
1971.261952  	89.425961 
1971.619259  	88.597833 
1971.976566  	88.899892 
1972.333873  	89.256369 
1972.691180  	90.153782 
1973.048486  	91.693693 
1973.405793  	90.889005 
1973.763100  	89.736855 
1974.120407  	89.202766 
1974.477714  	89.253286 
1974.835021  	90.424120 
1975.192328  	89.710259 
1975.549634  	88.438888 
1975.906941  	89.243344 
1976.264248  	91.542320 
1976.621555  	92.519569 
1976.978862  	90.937626 
1977.336169  	89.174841 
1977.693476  	87.557728 
1978.050782  	88.011858 
1978.408089  	90.565093 
1978.765396  	89.503690 
1979.122703  	87.363520 
1979.480010  	87.867256 
1979.837317  	88.249862 
1980.194624  	87.360032 
1980.551930  	86.846523 
1980.909237  	86.334441 
1981.266544  	85.245930 
1981.623851  	86.282527 
1981.981158  	88.305733 
1982.338465  	87.948061 
1982.695772  	88.133626 
1983.053079  	89.966859 
1983.410385  	89.856096 
1983.767692  	87.641197 
1984.124999  	86.285449 
1984.482306  	86.248712 
1984.839613  	86.251833 
1985.196920  	86.270879 
1985.554227  	86.055347 
1985.911533  	87.014702 
1986.268840  	88.332970 
1986.626147  	87.733590 
1986.983454  	88.737105 
1987.340761  	89.416063 
1987.698068  	87.041581 
1988.055375  	86.887946 
1988.412681  	89.214143 
1988.769988  	91.113720 
1989.127295  	90.992775 
1989.484602  	89.080439 
1989.841909  	87.714465 
1990.199216  	87.250806 
1990.556523  	89.452793 
1990.913829  	90.812775 
1991.271136  	87.775630 
1991.628443  	85.933052 
1991.985750  	84.990793 
1992.343057  	85.730748 
1992.700364  	89.510030 
1993.057671  	89.462065 
1993.414977  	88.462413 
1993.772284  	90.683326 
1994.129591  	91.674645 
1994.486898  	90.007850 
1994.844205  	87.989117 
1995.201512  	87.936302 
1995.558819  	88.828532 
1995.916126  	88.830540 
1996.273432  	89.102802 
1996.630739  	89.432791 
1996.988046  	89.305233 
1997.345353  	88.328250 
1997.702660  	88.113788 
1998.059967  	90.439636 
1998.417274  	91.159808 
1998.774580  	89.275715 
1999.131887  	88.994267 
1999.489194  	89.851812 
1999.846501  	88.855727 
2000.203808  	86.701213 
2000.561115  	86.917658 
2000.918422  	89.310013 
2001.275728  	89.421828 
2001.633035  	87.900307 
2001.990342  	87.603823 
2002.347649  	87.283721 
2002.704956  	86.699539 
2003.062263  	87.298319 
2003.419570  	88.221337 
2003.776876  	88.169771 
2004.134183  	87.884649 
2004.491490  	88.745863 
2004.848797  	89.194846 
2005.206104  	88.479162 
2005.563411  	89.336086 
2005.920718  	91.291632 
2006.278024  	91.088441 
2006.635331  	89.338891 
2006.992638  	89.650167 
2007.349945  	91.584519 
2007.707252  	91.789298 
2008.064559  	91.065851 
2008.421866  	90.022465 
2008.779172  	88.691831 
2009.136479  	88.036314 
2009.493786  	86.405385 
2009.851093  	85.305308 
2010.208400  	87.396939 
2010.565707  	90.120891 
2010.923014  	90.176891 
2011.280321  	89.414681 
2011.637627  	90.375762 
2011.994934  	91.103975 
2012.352241  	90.676031 
2012.709548  	89.917570 
2013.066855  	89.176966 
2013.424162  	88.948093 
2013.781469  	88.717873 
2014.138775  	88.933395 
2014.496082  	88.654341 
2014.853389  	87.599610 
2015.210696  	87.911017 
2015.568003  	89.239893 
2015.925310  	90.336232 
2016.282617  	88.492105 
2016.639923  	86.660917 
2016.997230  	88.885204 
2017.354537  	88.455690 
2017.711844  	87.685710 
2018.069151  	90.068363 
2018.426458  	89.568531 
2018.783765  	87.133120 
2019.141071  	85.421982 
2019.498378  	86.347244 
2019.855685  	89.791821 
2020.212992  	91.320508 
2020.570299  	92.510246 
2020.927606  	94.094993 
2021.284913  	92.986901 
2021.642219  	89.487900 
2021.999526  	86.402154 
2022.356833  	86.225372 
2022.714140  	87.214019 
2023.071447  	88.978972 
2023.428754  	90.978107 
2023.786061  	91.658130 
2024.143368  	92.224688 
2024.500674  	91.387957 
2024.857981  	89.737266 
2025.215288  	88.366703 
2025.572595  	88.066201 
2025.929902  	88.998228 
2026.287209  	87.646708 
2026.644516  	86.651309 
2027.001822  	86.625470 
2027.359129  	85.247028 
2027.716436  	86.694063 
2028.073743  	89.082805 
2028.431050  	88.211499 
2028.788357  	87.094256 
2029.145664  	88.608787 
2029.502970  	91.203472 
2029.860277  	91.534509 
2030.217584  	91.498368 
2030.574891  	91.606228 
2030.932198  	90.293352 
2031.289505  	89.172939 
2031.646812  	87.510724 
2032.004118  	86.426704 
2032.361425  	86.781494 
2032.718732  	87.199970 
2033.076039  	87.921643 
2033.433346  	87.865509 
2033.790653  	87.706691 
2034.147960  	89.115639 
2034.505266  	90.366258 
2034.862573  	89.385035 
2035.219880  	87.966253 
2035.577187  	89.302637 
2035.934494  	90.324967 
2036.291801  	89.723157 
2036.649108  	89.914454 
2037.006415  	89.095466 
2037.363721  	87.967686 
2037.721028  	87.710068 
2038.078335  	88.880571 
2038.435642  	91.469571 
2038.792949  	90.677995 
2039.150256  	88.947786 
2039.507563  	88.624179 
2039.864869  	86.781064 
2040.222176  	87.307654 
2040.579483  	91.048662 
2040.936790  	92.450522 
2041.294097  	90.234838 
2041.651404  	88.092322 
2042.008711  	88.172819 
2042.366017  	88.814122 
2042.723324  	89.587143 
2043.080631  	90.596939 
2043.437938  	91.570644 
2043.795245  	93.185552 
2044.152552  	93.632053 
2044.509859  	91.814802 
2044.867165  	89.764367 
2045.224472  	89.243969 
2045.581779  	90.565902 
2045.939086  	90.344687 
2046.296393  	87.309129 
2046.653700  	86.961544 
2047.011007  	89.302324 
2047.368313  	88.391553 
2047.725620  	86.797848 
2048.082927  	88.077123 
2048.440234  	89.339861 
2048.797541  	89.884663 
2049.154848  	90.448213 
2049.512155  	91.025689 
2049.869462  	90.448574 
2050.226768  	88.083255 
2050.584075  	87.588597 
2050.941382  	88.310363 
2051.298689  	87.330969 
2051.655996  	87.101718 
2052.013303  	88.777321 
2052.370610  	89.906731 
2052.727916  	89.123913 
2053.085223  	87.949692 
2053.442530  	87.527225 
2053.799837  	87.339503 
2054.157144  	87.280594 
2054.514451  	86.420435 
2054.871758  	85.730198 
2055.229064  	86.337098 
2055.586371  	86.782147 
2055.943678  	87.393958 
2056.300985  	88.396499 
2056.658292  	88.645516 
2057.015599  	88.092661 
2057.372906  	88.227743 
2057.730212  	89.983609 
2058.087519  	90.330037 
2058.444826  	88.087454 
2058.802133  	86.667611 
2059.159440  	86.829321 
2059.516747  	87.268531 
2059.874054  	88.237724 
2060.231360  	89.177580 
2060.588667  	88.703479 
2060.945974  	88.327923 
2061.303281  	88.400461 
2061.660588  	87.447889 
2062.017895  	87.415496 
2062.375202  	88.462748 
2062.732509  	88.502937 
2063.089815  	88.059173 
2063.447122  	87.512255 
2063.804429  	87.586834 
2064.161736  	88.776705 
2064.519043  	89.357595 
2064.876350  	88.659045 
2065.233657  	88.052458 
2065.590963  	88.564814 
2065.948270  	89.633502 
2066.305577  	89.556395 
2066.662884  	88.699027 
2067.020191  	88.641423 
2067.377498  	87.817305 
2067.734805  	86.916558 
2068.092111  	88.170154 
2068.449418  	88.392779 
2068.806725  	87.473961 
2069.164032  	88.496978 
2069.521339  	89.237984 
2069.878646  	88.178755 
2070.235953  	87.296717 
2070.593259  	87.218221 
2070.950566  	86.797457 
2071.307873  	86.576830 
2071.665180  	87.817584 
2072.022487  	89.199513 
2072.379794  	89.578844 
2072.737101  	88.624031 
2073.094407  	87.367862 
2073.451714  	87.262477 
2073.809021  	87.919553 
2074.166328  	89.082009 
2074.523635  	89.136629 
2074.880942  	88.307977 
2075.238249  	88.803547 
2075.595556  	89.083250 
2075.952862  	88.949524 
2076.310169  	88.722572 
2076.667476  	87.580045 
2077.024783  	86.929755 
2077.382090  	87.434818 
2077.739397  	88.475245 
2078.096704  	88.317581 
2078.454010  	87.564612 
2078.811317  	88.057491 
2079.168624  	87.485772 
2079.525931  	86.555337 
2079.883238  	87.637386 
2080.240545  	88.537443 
2080.597852  	88.153577 
2080.955158  	87.616396 
2081.312465  	87.331411 
2081.669772  	87.017128 
2082.027079  	87.000116 
2082.384386  	87.631081 
2082.741693  	88.177940 
2083.099000  	88.130194 
2083.456306  	87.410222 
2083.813613  	87.492217 
2084.170920  	88.535226 
2084.528227  	88.428046 
2084.885534  	88.533319 
2085.242841  	89.602219 
2085.600148  	89.589170 
2085.957454  	89.144766 
2086.314761  	89.111657 
2086.672068  	88.843653 
2087.029375  	88.307557 
2087.386682  	88.422092 
2087.743989  	89.240705 
2088.101296  	89.149981 
2088.458602  	88.245089 
2088.815909  	87.525716 
2089.173216  	87.107648 
2089.530523  	87.437346 
2089.887830  	88.282766 
2090.245137  	88.769210 
2090.602444  	87.768412 
2090.959751  	86.447256 
2091.317057  	87.625518 
2091.674364  	89.325963 
2092.031671  	88.493887 
2092.388978  	87.138735 
2092.746285  	87.567649 
2093.103592  	88.725743 
2093.460899  	88.557455 
2093.818205  	88.082593 
2094.175512  	88.816163 
2094.532819  	89.346910 
2094.890126  	88.774432 
2095.247433  	87.426476 
2095.604740  	86.564621 
2095.962047  	87.379975 
2096.319353  	88.109980 
2096.676660  	87.505614 
2097.033967  	87.462467 
2097.391274  	88.573624 
2097.748581  	89.027808 
2098.105888  	88.503713 
2098.463195  	88.257158 
2098.820501  	88.376221 
2099.177808  	87.911370 
2099.535115  	87.168347 
2099.892422  	87.892419 
2100.249729  	89.265362 
2100.607036  	88.962520 
2100.964343  	87.782816 
2101.321649  	87.231292 
2101.678956  	87.549479 
2102.036263  	87.738144 
2102.393570  	87.199853 
2102.750877  	87.040364 
2103.108184  	87.127791 
2103.465491  	87.115286 
2103.822798  	87.277771 
2104.180104  	87.432896 
2104.537411  	87.818223 
2104.894718  	88.806626 
2105.252025  	89.947258 
2105.609332  	89.548197 
2105.966639  	88.227559 
2106.323946  	87.709132 
2106.681252  	87.555087 
2107.038559  	87.856413 
2107.395866  	87.858845 
2107.753173  	88.133481 
2108.110480  	89.018896 
2108.467787  	88.524939 
2108.825094  	88.564467 
2109.182400  	88.745429 
2109.539707  	87.638410 
2109.897014  	87.309371 
2110.254321  	87.327960 
2110.611628  	88.178839 
2110.968935  	88.853488 
2111.326242  	87.919792 
2111.683548  	88.018139 
2112.040855  	88.463848 
2112.398162  	88.225115 
2112.755469  	87.503828 
2113.112776  	86.908514 
2113.470083  	87.583352 
2113.827390  	87.272854 
2114.184696  	86.570610 
2114.542003  	87.211848 
2114.899310  	87.742140 
2115.256617  	87.792465 
2115.613924  	86.792899 
2115.971231  	85.975893 
2116.328538  	86.917421 
2116.685845  	88.096176 
2117.043151  	88.002193 
2117.400458  	86.968889 
2117.757765  	86.900277 
2118.115072  	87.600028 
2118.472379  	87.887779 
2118.829686  	87.848386 
2119.186993  	87.420410 
2119.544299  	87.732303 
2119.901606  	87.954524 
2120.258913  	87.466237 
2120.616220  	88.428141 
2120.973527  	89.591212 
2121.330834  	88.781011 
2121.688141  	87.240728 
2122.045447  	86.979399 
2122.402754  	87.776484 
2122.760061  	88.201807 
2123.117368  	88.772946 
2123.474675  	88.882268 
2123.831982  	87.919199 
2124.189289  	87.349848 
2124.546595  	86.825777 
2124.903902  	86.809409 
2125.261209  	87.482185 
2125.618516  	87.299786 
2125.975823  	86.886673 
2126.333130  	86.536036 
2126.690437  	86.550325 
2127.047743  	87.505894 
2127.405050  	88.098800 
2127.762357  	88.131652 
2128.119664  	88.021425 
2128.476971  	88.435237 
2128.834278  	89.462494 
2129.191585  	89.136813 
2129.548892  	88.863290 
2129.906198  	89.768273 
2130.263505  	89.805505 
2130.620812  	89.217676 
2130.978119  	87.652793 
2131.335426  	86.329423 
2131.692733  	87.691116 
2132.050040  	88.439036 
2132.407346  	87.577579 
2132.764653  	87.501062 
2133.121960  	86.975373 
2133.479267  	86.768698 
2133.836574  	87.818260 
2134.193881  	88.744860 
2134.551188  	89.485138 
2134.908494  	89.669387 
2135.265801  	89.584311 
2135.623108  	89.420876 
2135.980415  	88.022662 
2136.337722  	87.116746 
2136.695029  	87.485006 
2137.052336  	87.698023 
2137.409642  	88.285002 
2137.766949  	88.289201 
2138.124256  	87.375715 
2138.481563  	87.865985 
2138.838870  	88.998384 
2139.196177  	88.915412 
2139.553484  	88.301449 
2139.910790  	88.566326 
2140.268097  	89.517504 
2140.625404  	89.666184 
2140.982711  	89.376501 
2141.340018  	89.046143 
2141.697325  	88.883425 
2142.054632  	89.655005 
2142.411939  	89.680522 
2142.769245  	88.515263 
2143.126552  	88.051097 
2143.483859  	86.893140 
2143.841166  	85.625066 
2144.198473  	87.294726 
2144.555780  	87.886974 
2144.913087  	85.755190 
2145.270393  	85.576862 
2145.627700  	85.001660 
2145.985007  	84.357700 
2146.342314  	86.927878 
2146.699621  	88.514620 
2147.056928  	88.689228 
2147.414235  	88.686895 
2147.771541  	87.288900 
2148.128848  	87.472757 
2148.486155  	87.719520 
2148.843462  	86.194335 
2149.200769  	86.522717 
2149.558076  	87.790904 
2149.915383  	87.274806 
2150.272689  	87.104545 
2150.629996  	88.326184 
2150.987303  	88.444352 
2151.344610  	87.525684 
2151.701917  	87.962608 
2152.059224  	89.726866 
2152.416531  	89.695830 
2152.773837  	86.912677 
2153.131144  	86.010578 
2153.488451  	86.907890 
2153.845758  	87.316235 
2154.203065  	88.640615 
2154.560372  	88.739106 
2154.917679  	87.384176 
2155.274986  	87.001843 
2155.632292  	86.786123 
2155.989599  	88.256822 
2156.346906  	89.773243 
2156.704213  	88.660929 
2157.061520  	88.143647 
2157.418827  	88.260575 
2157.776134  	88.497429 
2158.133440  	89.664507 
2158.490747  	89.016573 
2158.848054  	88.524609 
2159.205361  	90.593289 
2159.562668  	91.514668 
2159.919975  	90.555072 
2160.277282  	88.357861 
2160.634588  	87.063747 
2160.991895  	87.858738 
2161.349202  	85.552381 
2161.706509  	82.895847 
2162.063816  	85.023893 
2162.421123  	86.683587 
2162.778430  	86.360656 
2163.135736  	87.424148 
2163.493043  	87.818935 
2163.850350  	86.895147 
2164.207657  	86.647407 
2164.564964  	87.535520 
2164.922271  	88.355685 
2165.279578  	88.459449 
2165.636884  	88.126134 
2165.994191  	88.258645 
2166.351498  	88.907060 
2166.708805  	88.928361 
2167.066112  	87.812225 
2167.423419  	86.433786 
2167.780726  	85.405607 
2168.138032  	85.839720 
2168.495339  	88.529733 
2168.852646  	90.237357 
2169.209953  	88.195309 
2169.567260  	86.312336 
2169.924567  	86.419499 
2170.281874  	86.798797 
2170.639181  	87.681677 
2170.996487  	87.449334 
2171.353794  	85.407150 
2171.711101  	85.217165 
2172.068408  	86.738935 
2172.425715  	86.307717 
2172.783022  	86.721858 
2173.140329  	89.961385 
2173.497635  	89.963114 
2173.854942  	87.685535 
2174.212249  	87.379082 
2174.569556  	86.852287 
2174.926863  	87.449433 
2175.284170  	88.112900 
2175.641477  	86.565855 
2175.998783  	87.863796 
2176.356090  	89.790054 
2176.713397  	87.385882 
2177.070704  	86.449008 
2177.428011  	88.240294 
2177.785318  	88.709907 
2178.142625  	89.116027 
2178.499931  	89.438867 
2178.857238  	88.595302 
2179.214545  	87.331067 
2179.571852  	86.069282 
2179.929159  	85.871047 
2180.286466  	86.921215 
2180.643773  	89.752664 
2181.001079  	91.031590 
2181.358386  	88.522187 
2181.715693  	87.826874 
2182.073000  	87.206079 
2182.430307  	84.574305 
2182.787614  	85.363053 
2183.144921  	87.616356 
2183.502228  	86.621695 
2183.859534  	84.822476 
2184.216841  	87.159534 
2184.574148  	89.737449 
2184.931455  	87.805931 
2185.288762  	88.319289 
2185.646069  	88.396295 
2186.003376  	85.452045 
2186.360682  	87.824439 
2186.717989  	90.242764 
2187.075296  	88.107169 
2187.432603  	87.524542 
2187.789910  	87.098028 
2188.147217  	85.805331 
2188.504524  	86.455597 
2188.861830  	88.009608 
2189.219137  	88.249960 
2189.576444  	88.159775 
2189.933751  	88.274521 
2190.291058  	87.294470 
2190.648365  	86.365274 
2191.005672  	86.584825 
2191.362978  	86.941520 
2191.720285  	87.423609 
2192.077592  	88.771812 
2192.434899  	89.113032 
2192.792206  	87.871396 
2193.149513  	87.947138 
2193.506820  	88.944711 
2193.864126  	89.538610 
2194.221433  	88.575614 
2194.578740  	86.328924 
2194.936047  	87.316390 
2195.293354  	89.603252 
2195.650661  	88.161620 
2196.007968  	85.946780 
2196.365275  	86.243184 
2196.722581  	87.886523 
2197.079888  	88.680445 
2197.437195  	87.865860 
2197.794502  	86.339295 
2198.151809  	86.310989 
2198.509116  	87.705489 
2198.866423  	87.392890 
2199.223729  	85.920694 
2199.581036  	85.448396 
2199.938343  	85.800333 
2200.295650  	86.886428 
2200.652957  	89.321079 
2201.010264  	90.674362 
2201.367571  	88.640875 
2201.724877  	87.164063 
2202.082184  	87.038390 
2202.439491  	85.945031 
2202.796798  	85.217831 
2203.154105  	85.825940 
2203.511412  	87.398842 
2203.868719  	86.941677 
2204.226025  	86.054557 
2204.583332  	87.559795 
2204.940639  	87.071206 
2205.297946  	86.474405 
2205.655253  	87.935990 
2206.012560  	87.874968 
2206.369867  	87.020409 
2206.727173  	86.262207 
2207.084480  	86.345021 
2207.441787  	87.000135 
2207.799094  	87.240545 
2208.156401  	87.618107 
2208.513708  	87.951461 
2208.871015  	88.470710 
2209.228322  	87.470403 
2209.585628  	86.585751 
2209.942935  	87.602060 
2210.300242  	87.318556 
2210.657549  	87.249845 
2211.014856  	87.220117 
2211.372163  	86.601069 
2211.729470  	87.011810 
2212.086776  	86.042095 
2212.444083  	85.448861 
2212.801390  	85.662587 
2213.158697  	84.833919 
2213.516004  	85.519320 
2213.873311  	86.032661 
2214.230618  	86.202859 
2214.587924  	87.556001 
2214.945231  	87.041121 
2215.302538  	86.866492 
2215.659845  	88.122853 
2216.017152  	86.923297 
2216.374459  	86.337001 
2216.731766  	88.289575 
2217.089072  	88.347754 
2217.446379  	86.569194 
2217.803686  	85.626112 
2218.160993  	85.908687 
2218.518300  	85.813087 
2218.875607  	84.972619 
2219.232914  	85.775426 
2219.590220  	86.759912 
2219.947527  	86.733057 
2220.304834  	87.713069 
2220.662141  	88.334361 
2221.019448  	87.457257 
2221.376755  	86.523220 
2221.734062  	86.346816 
2222.091369  	86.860983 
2222.448675  	87.780787 
2222.805982  	88.621337 
2223.163289  	88.448063 
2223.520596  	88.068225 
2223.877903  	87.970926 
2224.235210  	87.707453 
2224.592517  	86.964421 
2224.949823  	86.445048 
2225.307130  	87.938911 
2225.664437  	88.343208 
2226.021744  	86.623774 
2226.379051  	87.240475 
2226.736358  	88.980181 
2227.093665  	88.043303 
2227.450971  	85.911283 
2227.808278  	87.338617 
2228.165585  	89.924169 
2228.522892  	88.679365 
2228.880199  	87.994127 
2229.237506  	87.863578 
2229.594813  	86.718754 
2229.952119  	87.447698 
2230.309426  	87.466599 
2230.666733  	86.872075 
2231.024040  	87.619127 
2231.381347  	87.799850 
2231.738654  	87.457299 
2232.095961  	87.482888 
2232.453267  	88.023269 
2232.810574  	88.077535 
2233.167881  	87.801773 
2233.525188  	87.920791 
2233.882495  	87.556172 
2234.239802  	87.273210 
2234.597109  	87.443846 
2234.954416  	87.638907 
2235.311722  	87.465103 
2235.669029  	87.356572 
2236.026336  	87.739090 
2236.383643  	86.935457 
2236.740950  	86.116247 
2237.098257  	86.938173 
2237.455564  	87.227643 
2237.812870  	86.255941 
2238.170177  	85.648896 
2238.527484  	85.782064 
2238.884791  	86.327468 
2239.242098  	87.455056 
2239.599405  	87.682341 
2239.956712  	87.173359 
2240.314018  	88.179086 
2240.671325  	88.242962 
2241.028632  	86.869462 
2241.385939  	87.240215 
2241.743246  	87.792795 
2242.100553  	86.909227 
2242.457860  	86.780746 
2242.815166  	87.672345 
2243.172473  	87.457446 
2243.529780  	87.004159 
2243.887087  	87.638880 
2244.244394  	87.701382 
2244.601701  	87.370971 
2244.959008  	87.352261 
2245.316314  	87.084004 
2245.673621  	87.478541 
2246.030928  	88.240411 
2246.388235  	88.052749 
2246.745542  	87.975787 
2247.102849  	88.282798 
2247.460156  	87.545713 
2247.817463  	87.432133 
2248.174769  	88.395087 
2248.532076  	87.421724 
2248.889383  	86.021789 
2249.246690  	86.449392 
2249.603997  	86.775196 
2249.961304  	86.676793 
2250.318611  	87.301728 
2250.675917  	87.436476 
2251.033224  	86.692101 
2251.390531  	86.796975 
2251.747838  	87.253016 
2252.105145  	87.434812 
2252.462452  	87.544316 
2252.819759  	87.196604 
2253.177065  	87.405316 
2253.534372  	86.952408 
2253.891679  	85.772365 
2254.248986  	85.894033 
2254.606293  	86.015533 
2254.963600  	86.700734 
2255.320907  	87.753918 
2255.678213  	87.626002 
2256.035520  	87.799288 
2256.392827  	87.599828 
2256.750134  	87.433301 
2257.107441  	88.080792 
2257.464748  	87.856161 
2257.822055  	87.280082 
2258.179361  	86.922694 
2258.536668  	86.781497 
2258.893975  	87.121433 
2259.251282  	87.513275 
2259.608589  	87.599275 
2259.965896  	87.205239 
2260.323203  	87.056427 
2260.680509  	87.460784 
2261.037816  	87.592807 
2261.395123  	87.026184 
2261.752430  	86.820326 
2262.109737  	87.497548 
2262.467044  	87.495909 
2262.824351  	86.921145 
2263.181658  	86.761352 
2263.538964  	86.609106 
2263.896271  	86.435902 
2264.253578  	86.665503 
2264.610885  	87.008057 
2264.968192  	86.885358 
2265.325499  	87.374360 
2265.682806  	87.953071 
2266.040112  	87.300161 
2266.397419  	87.071644 
2266.754726  	87.164614 
2267.112033  	87.058134 
2267.469340  	87.037725 
2267.826647  	86.968001 
2268.183954  	87.727923 
2268.541260  	87.844693 
2268.898567  	87.080058 
2269.255874  	87.068467 
2269.613181  	87.076732 
2269.970488  	87.055179 
2270.327795  	86.640618 
2270.685102  	86.113276 
2271.042408  	86.386521 
2271.399715  	86.715335 
2271.757022  	86.729213 
2272.114329  	85.872407 
2272.471636  	85.482777 
2272.828943  	85.968491 
2273.186250  	85.735295 
2273.543556  	86.241076 
2273.900863  	86.892939 
2274.258170  	86.424151 
2274.615477  	86.614943 
2274.972784  	87.135066 
2275.330091  	87.642503 
2275.687398  	88.252686 
2276.044705  	87.973286 
2276.402011  	87.199192 
2276.759318  	86.615272 
2277.116625  	86.390016 
2277.473932  	86.432192 
2277.831239  	86.325038 
2278.188546  	86.483380 
2278.545853  	87.067368 
2278.903159  	86.996218 
2279.260466  	86.707435 
2279.617773  	87.220709 
2279.975080  	87.048991 
2280.332387  	86.351498 
2280.689694  	86.919246 
2281.047001  	87.203893 
2281.404307  	86.507502 
2281.761614  	86.731325 
2282.118921  	87.403888 
2282.476228  	87.272406 
2282.833535  	86.777158 
2283.190842  	86.464132 
2283.548149  	86.884344 
2283.905455  	87.627617 
2284.262762  	87.560222 
2284.620069  	87.070271 
2284.977376  	86.735276 
2285.334683  	86.591165 
2285.691990  	86.530834 
2286.049297  	86.137137 
2286.406603  	86.179014 
2286.763910  	86.870698 
2287.121217  	86.961603 
2287.478524  	86.609563 
2287.835831  	86.604069 
2288.193138  	86.877971 
2288.550445  	87.099307 
2288.907752  	86.813795 
2289.265058  	86.478783 
2289.622365  	86.520503 
2289.979672  	86.285749 
2290.336979  	86.307743 
2290.694286  	87.229529 
2291.051593  	87.862603 
2291.408900  	87.636211 
2291.766206  	87.014505 
2292.123513  	86.600910 
2292.480820  	86.708312 
2292.838127  	87.026866 
2293.195434  	87.460657 
2293.552741  	87.512051 
2293.910048  	87.237949 
2294.267354  	87.051720 
2294.624661  	86.483114 
2294.981968  	86.401153 
2295.339275  	86.759770 
2295.696582  	86.728169 
2296.053889  	86.748134 
2296.411196  	86.369689 
2296.768502  	86.296735 
2297.125809  	86.520642 
2297.483116  	86.076887 
2297.840423  	86.571479 
2298.197730  	87.232955 
2298.555037  	86.811962 
2298.912344  	86.821387 
2299.269650  	86.838422 
2299.626957  	86.611091 
2299.984264  	86.801464 
2300.341571  	87.061741 
2300.698878  	86.966402 
2301.056185  	86.684151 
2301.413492  	86.694733 
2301.770799  	86.810971 
2302.128105  	87.081930 
2302.485412  	87.307239 
2302.842719  	87.043241 
2303.200026  	86.930905 
2303.557333  	86.972331 
2303.914640  	86.893261 
2304.271947  	86.749280 
2304.629253  	86.735123 
2304.986560  	86.909871 
2305.343867  	86.827089 
2305.701174  	86.705131 
2306.058481  	86.419600 
2306.415788  	86.607495 
2306.773095  	87.528870 
2307.130401  	87.125294 
2307.487708  	86.439336 
2307.845015  	86.729125 
2308.202322  	86.832600 
2308.559629  	87.159216 
2308.916936  	87.020303 
2309.274243  	85.963939 
2309.631549  	85.890888 
2309.988856  	86.725098 
2310.346163  	87.603425 
2310.703470  	88.078768 
2311.060777  	87.625013 
2311.418084  	86.318264 
2311.775391  	85.575072 
2312.132697  	86.035707 
2312.490004  	86.804640 
2312.847311  	87.303385 
2313.204618  	86.835858 
2313.561925  	85.694410 
2313.919232  	85.996770 
2314.276539  	87.254677 
2314.633846  	88.079511 
2314.991152  	87.895943 
2315.348459  	86.405241 
2315.705766  	84.997202 
2316.063073  	85.591905 
2316.420380  	86.644918 
2316.777687  	87.004809 
2317.134994  	86.733070 
2317.492300  	85.765032 
2317.849607  	85.479785 
2318.206914  	86.165575 
2318.564221  	87.114509 
2318.921528  	87.717911 
2319.278835  	86.165714 
2319.636142  	84.720283 
2319.993448  	86.071745 
2320.350755  	87.424837 
2320.708062  	88.249474 
2321.065369  	87.802469 
2321.422676  	85.493296 
2321.779983  	85.121926 
2322.137290  	86.695638 
2322.494596  	88.093181 
2322.851903  	87.737093 
2323.209210  	85.550712 
2323.566517  	84.838805 
2323.923824  	86.077486 
2324.281131  	87.500871 
2324.638438  	88.096953 
2324.995744  	86.729266 
2325.353051  	84.946188 
2325.710358  	85.697831 
2326.067665  	87.152475 
2326.424972  	87.955490 
2326.782279  	87.638457 
2327.139586  	85.735383 
2327.496893  	85.339610 
2327.854199  	86.825507 
2328.211506  	88.052326 
2328.568813  	88.117887 
2328.926120  	85.385070 
2329.283427  	83.946127 
2329.640734  	86.043966 
2329.998041  	87.915434 
2330.355347  	88.728449 
2330.712654  	86.917492 
2331.069961  	84.794566 
2331.427268  	86.218362 
2331.784575  	87.753089 
2332.141882  	87.682161 
2332.499189  	85.012604 
2332.856495  	83.673833 
2333.213802  	85.799524 
2333.571109  	87.750661 
2333.928416  	88.528812 
2334.285723  	86.387879 
2334.643030  	84.270221 
2335.000337  	85.990380 
2335.357643  	87.972393 
2335.714950  	88.705648 
2336.072257  	86.678327 
2336.429564  	84.418399 
2336.786871  	85.703926 
2337.144178  	87.407137 
2337.501485  	87.380104 
2337.858791  	84.795810 
2338.216098  	84.342293 
2338.573405  	86.732128 
2338.930712  	88.291239 
2339.288019  	87.160489 
2339.645326  	84.145434 
2340.002633  	84.787414 
2340.359939  	87.133202 
2340.717246  	88.293601 
2341.074553  	86.896431 
2341.431860  	84.271250 
2341.789167  	85.437896 
2342.146474  	87.589323 
2342.503781  	87.782723 
2342.861088  	85.767318 
2343.218394  	84.764100 
2343.575701  	86.474707 
2343.933008  	87.903380 
2344.290315  	86.958477 
2344.647622  	85.163213 
2345.004929  	85.638122 
2345.362236  	86.932910 
2345.719542  	87.576204 
2346.076849  	86.365164 
2346.434156  	84.951561 
2346.791463  	85.771615 
2347.148770  	86.697256 
2347.506077  	86.334471 
2347.863384  	85.550949 
2348.220690  	85.766896 
2348.577997  	86.370694 
2348.935304  	86.669122 
2349.292611  	86.780491 
2349.649918  	86.670522 
2350.007225  	86.004758 
2350.364532  	85.820960 
2350.721838  	86.959458 
2351.079145  	87.844401 
2351.436452  	86.920861 
2351.793759  	85.299679 
2352.151066  	86.039796 
2352.508373  	87.848267 
2352.865680  	87.921667 
2353.222986  	85.802476 
2353.580293  	85.665665 
2353.937600  	87.451096 
2354.294907  	87.610551 
2354.652214  	85.069215 
2355.009521  	84.825456 
2355.366828  	87.144890 
2355.724135  	87.937226 
2356.081441  	86.084392 
2356.438748  	85.837791 
2356.796055  	87.788053 
2357.153362  	88.465607 
2357.510669  	86.458521 
2357.867976  	85.444561 
2358.225283  	87.525274 
2358.582589  	88.343243 
2358.939896  	85.550719 
2359.297203  	84.817244 
2359.654510  	86.907028 
2360.011817  	87.078686 
2360.369124  	84.707119 
2360.726431  	85.273198 
2361.083737  	87.611591 
2361.441044  	87.006309 
2361.798351  	84.367654 
2362.155658  	85.705576 
2362.512965  	87.937780 
2362.870272  	87.248342 
2363.227579  	85.307427 
2363.584885  	86.979698 
2363.942192  	88.181347 
2364.299499  	86.067467 
2364.656806  	85.628537 
2365.014113  	87.651055 
2365.371420  	87.617421 
2365.728727  	85.638793 
2366.086033  	86.623394 
2366.443340  	88.270587 
2366.800647  	86.785227 
2367.157954  	85.500654 
2367.515261  	87.119242 
2367.872568  	87.250200 
2368.229875  	85.701494 
2368.587182  	86.103238 
2368.944488  	86.772026 
2369.301795  	85.870550 
2369.659102  	86.130753 
2370.016409  	87.387433 
2370.373716  	86.416869 
2370.731023  	85.072216 
2371.088330  	86.128492 
2371.445636  	86.337561 
2371.802943  	85.288898 
2372.160250  	85.891765 
2372.517557  	86.478182 
2372.874864  	85.740068 
2373.232171  	85.931375 
2373.589478  	86.208931 
2373.946784  	85.753790 
2374.304091  	86.495412 
2374.661398  	86.955200 
2375.018705  	86.008820 
2375.376012  	85.849740 
2375.733319  	86.408922 
2376.090626  	86.248402 
2376.447932  	86.282575 
2376.805239  	86.537938 
2377.162546  	86.286051 
2377.519853  	86.624874 
2377.877160  	86.684423 
2378.234467  	85.775628 
2378.591774  	85.959571 
2378.949080  	86.286298 
2379.306387  	86.061273 
2379.663694  	86.551427 
2380.021001  	86.771708 
2380.378308  	86.693348 
2380.735615  	86.734709 
2381.092922  	86.448627 
2381.450229  	86.420769 
2381.807535  	86.603965 
2382.164842  	86.764024 
2382.522149  	86.647442 
2382.879456  	86.278607 
2383.236763  	86.445396 
2383.594070  	86.540731 
2383.951377  	86.381101 
2384.308683  	86.498210 
2384.665990  	86.442553 
2385.023297  	86.335057 
2385.380604  	86.376089 
2385.737911  	86.539641 
2386.095218  	86.673101 
2386.452525  	86.374795 
2386.809831  	86.210993 
2387.167138  	86.518893 
2387.524445  	86.747424 
2387.881752  	86.588913 
2388.239059  	86.393682 
2388.596366  	86.669845 
2388.953673  	86.926900 
2389.310979  	86.756142 
2389.668286  	86.531754 
2390.025593  	86.335432 
2390.382900  	86.305696 
2390.740207  	86.410835 
2391.097514  	86.255110 
2391.454821  	85.993457 
2391.812127  	86.054737 
2392.169434  	86.354968 
2392.526741  	86.472272 
2392.884048  	86.424198 
2393.241355  	86.450817 
2393.598662  	86.569135 
2393.955969  	86.897669 
2394.313276  	87.195832 
2394.670582  	86.944006 
2395.027889  	86.500073 
2395.385196  	86.379110 
2395.742503  	86.221101 
2396.099810  	86.012087 
2396.457117  	86.231141 
2396.814424  	86.530230 
2397.171730  	86.406012 
2397.529037  	86.042844 
2397.886344  	85.933199 
2398.243651  	86.320704 
2398.600958  	86.595924 
2398.958265  	86.330320 
2399.315572  	86.134228 
2399.672878  	86.272612 
2400.030185  	86.404627 
2400.387492  	86.307923 
2400.744799  	86.105735 
2401.102106  	86.293446 
2401.459413  	86.704665 
2401.816720  	86.628719 
2402.174026  	86.199711 
2402.531333  	85.908648 
2402.888640  	85.968230 
2403.245947  	86.328359 
2403.603254  	86.619792 
2403.960561  	86.654631 
2404.317868  	86.327338 
2404.675174  	85.773257 
2405.032481  	85.710663 
2405.389788  	86.162034 
2405.747095  	86.396490 
2406.104402  	86.355418 
2406.461709  	86.296615 
2406.819016  	86.165324 
2407.176323  	86.206184 
2407.533629  	86.506746 
2407.890936  	86.335304 
2408.248243  	85.712597 
2408.605550  	85.744525 
2408.962857  	86.251912 
2409.320164  	86.238443 
2409.677471  	86.211910 
2410.034777  	86.672269 
2410.392084  	86.859062 
2410.749391  	86.515664 
2411.106698  	86.224659 
2411.464005  	86.393406 
2411.821312  	86.663492 
2412.178619  	86.487247 
2412.535925  	86.151106 
2412.893232  	86.024074 
2413.250539  	86.210005 
2413.607846  	86.594147 
2413.965153  	86.721364 
2414.322460  	86.556375 
2414.679767  	86.217908 
2415.037073  	86.105224 
2415.394380  	86.447858 
2415.751687  	86.563902 
2416.108994  	86.694034 
2416.466301  	86.996730 
2416.823608  	86.792173 
2417.180915  	86.745177 
2417.538221  	86.955984 
2417.895528  	86.585339 
2418.252835  	86.164459 
2418.610142  	86.065102 
2418.967449  	86.000926 
2419.324756  	86.181860 
2419.682063  	86.554462 
2420.039369  	86.831928 
2420.396676  	87.012776 
2420.753983  	86.892832 
2421.111290  	86.477713 
2421.468597  	86.399409 
2421.825904  	86.775811 
2422.183211  	86.911346 
2422.540518  	86.669812 
2422.897824  	86.574193 
2423.255131  	86.542721 
2423.612438  	86.458774 
2423.969745  	86.570471 
2424.327052  	86.498302 
2424.684359  	86.187595 
2425.041666  	86.103944 
2425.398972  	86.136527 
2425.756279  	86.305961 
2426.113586  	86.633357 
2426.470893  	86.727923 
2426.828200  	86.435912 
2427.185507  	86.040829 
2427.542814  	86.206552 
2427.900120  	86.865849 
2428.257427  	86.814852 
2428.614734  	85.997446 
2428.972041  	85.751430 
2429.329348  	86.263935 
2429.686655  	86.693703 
2430.043962  	86.850215 
2430.401268  	86.761193 
2430.758575  	86.411502 
2431.115882  	86.248690 
2431.473189  	86.489362 
2431.830496  	86.582979 
2432.187803  	86.577319 
2432.545110  	86.778486 
2432.902416  	86.490677 
2433.259723  	86.045524 
2433.617030  	85.916945 
2433.974337  	85.849073 
2434.331644  	86.495272 
2434.688951  	86.781642 
2435.046258  	86.116322 
2435.403565  	86.169560 
2435.760871  	86.271506 
2436.118178  	86.037582 
2436.475485  	86.289025 
2436.832792  	86.392093 
2437.190099  	86.315470 
2437.547406  	86.201863 
2437.904713  	86.063562 
2438.262019  	86.164947 
2438.619326  	86.196260 
2438.976633  	85.997039 
2439.333940  	85.765550 
2439.691247  	86.013834 
2440.048554  	86.590865 
2440.405861  	86.811169 
2440.763167  	86.673175 
2441.120474  	86.427514 
2441.477781  	86.435954 
2441.835088  	86.341021 
2442.192395  	85.943088 
2442.549702  	85.945269 
2442.907009  	86.126582 
2443.264315  	86.337794 
2443.621622  	86.723193 
2443.978929  	86.728619 
2444.336236  	86.361210 
2444.693543  	86.157454 
2445.050850  	86.265832 
2445.408157  	86.416563 
2445.765463  	86.388141 
2446.122770  	86.251770 
2446.480077  	86.224735 
2446.837384  	86.255824 
2447.194691  	86.205841 
2447.551998  	86.450475 
2447.909305  	86.593886 
2448.266612  	86.318450 
2448.623918  	86.436127 
2448.981225  	86.454439 
2449.338532  	86.081229 
2449.695839  	86.254357 
2450.053146  	86.632045 
2450.410453  	86.857294 
2450.767760  	86.802784 
2451.125066  	86.196410 
2451.482373  	86.064162 
2451.839680  	86.549300 
2452.196987  	86.661325 
2452.554294  	86.495718 
2452.911601  	86.295146 
2453.268908  	86.190031 
2453.626214  	86.294013 
2453.983521  	86.404375 
2454.340828  	86.403660 
2454.698135  	86.122881 
2455.055442  	86.045912 
2455.412749  	86.312149 
2455.770056  	86.196479 
2456.127362  	85.916929 
2456.484669  	85.795297 
2456.841976  	85.950361 
2457.199283  	86.279705 
2457.556590  	86.293770 
2457.913897  	86.205930 
2458.271204  	85.899789 
2458.628510  	85.540048 
2458.985817  	85.646029 
2459.343124  	85.848991 
2459.700431  	86.105677 
2460.057738  	86.156243 
2460.415045  	85.928153 
2460.772352  	85.968376 
2461.129659  	86.135409 
2461.486965  	86.023075 
2461.844272  	85.442367 
2462.201579  	85.173756 
2462.558886  	85.496092 
2462.916193  	85.843404 
2463.273500  	86.416650 
2463.630807  	86.601944 
2463.988113  	86.284975 
2464.345420  	86.012766 
2464.702727  	85.626928 
2465.060034  	85.839728 
2465.417341  	86.332359 
2465.774648  	86.328732 
2466.131955  	86.292369 
2466.489261  	86.288681 
2466.846568  	86.361230 
2467.203875  	86.159669 
2467.561182  	85.991941 
2467.918489  	86.721988 
2468.275796  	87.155650 
2468.633103  	86.592146 
2468.990409  	85.861050 
2469.347716  	85.443948 
2469.705023  	85.651733 
2470.062330  	86.095005 
2470.419637  	86.146657 
2470.776944  	85.970574 
2471.134251  	85.864182 
2471.491557  	85.921108 
2471.848864  	85.995266 
2472.206171  	85.886439 
2472.563478  	85.742288 
2472.920785  	85.619127 
2473.278092  	85.720582 
2473.635399  	86.319281 
2473.992706  	86.738573 
2474.350012  	86.636943 
2474.707319  	86.405924 
2475.064626  	86.200521 
2475.421933  	86.241838 
2475.779240  	86.175783 
2476.136547  	85.871143 
2476.493854  	85.844701 
2476.851160  	85.767569 
2477.208467  	85.720589 
2477.565774  	86.185937 
2477.923081  	86.506001 
2478.280388  	86.388947 
2478.637695  	86.385168 
2478.995002  	86.335361 
2479.352308  	86.052134 
2479.709615  	86.151093 
2480.066922  	86.456659 
2480.424229  	86.287576 
2480.781536  	85.860932 
2481.138843  	85.582329 
2481.496150  	85.689282 
2481.853456  	86.114039 
2482.210763  	86.482672 
2482.568070  	86.416862 
2482.925377  	86.003423 
2483.282684  	86.122998 
2483.639991  	86.476953 
2483.997298  	86.167881 
2484.354604  	86.036680 
2484.711911  	86.193328 
2485.069218  	86.002223 
2485.426525  	86.222642 
2485.783832  	86.578271 
2486.141139  	86.352545 
2486.498446  	86.220867 
2486.855753  	86.177717 
2487.213059  	86.151286 
2487.570366  	86.164547 
2487.927673  	85.769855 
2488.284980  	85.733951 
2488.642287  	86.102006 
2488.999594  	86.119000 
2489.356901  	86.204781 
2489.714207  	86.347433 
2490.071514  	86.502550 
2490.428821  	86.466370 
2490.786128  	85.849552 
2491.143435  	85.594711 
2491.500742  	85.819976 
2491.858049  	85.998233 
2492.215355  	86.302307 
2492.572662  	86.372749 
2492.929969  	86.246011 
2493.287276  	86.362985 
2493.644583  	86.491749 
2494.001890  	86.477613 
2494.359197  	86.294404 
2494.716503  	86.003993 
2495.073810  	86.059021 
2495.431117  	86.397068 
2495.788424  	86.336677 
2496.145731  	86.011830 
2496.503038  	86.177739 
2496.860345  	86.715266 
2497.217651  	86.901486 
2497.574958  	86.693925 
2497.932265  	86.260767 
2498.289572  	85.638075 
2498.646879  	85.517200 
2499.004186  	86.009708 
2499.361493  	86.391724 
2499.718800  	86.452270 
2500.076106  	86.181787 
2500.433413  	86.129933 
2500.790720  	86.431036 
2501.148027  	86.130857 
2501.505334  	85.577932 
2501.862641  	85.606924 
2502.219948  	85.996008 
2502.577254  	86.441511 
2502.934561  	86.636498 
2503.291868  	86.470177 
2503.649175  	86.411320 
2504.006482  	86.532702 
2504.363789  	86.406444 
2504.721096  	86.299208 
2505.078402  	86.460434 
2505.435709  	86.558010 
2505.793016  	86.471705 
2506.150323  	86.284290 
2506.507630  	86.254850 
2506.864937  	86.247173 
2507.222244  	86.244794 
2507.579550  	86.441234 
2507.936857  	86.290083 
2508.294164  	86.261321 
2508.651471  	86.545924 
2509.008778  	86.342258 
2509.366085  	86.391360 
2509.723392  	86.592125 
2510.080698  	86.212270 
2510.438005  	86.073025 
2510.795312  	86.313219 
2511.152619  	86.655736 
2511.509926  	86.775744 
2511.867233  	86.198399 
2512.224540  	85.888395 
2512.581846  	86.211227 
2512.939153  	86.139805 
2513.296460  	85.977059 
2513.653767  	86.092927 
2514.011074  	85.881895 
2514.368381  	85.772131 
2514.725688  	85.957915 
2515.082995  	85.924165 
2515.440301  	85.834367 
2515.797608  	85.873656 
2516.154915  	86.165489 
2516.512222  	86.435222 
2516.869529  	86.346003 
2517.226836  	86.157997 
2517.584143  	85.946833 
2517.941449  	85.887957 
2518.298756  	85.940064 
2518.656063  	86.154791 
2519.013370  	86.527549 
2519.370677  	86.240356 
2519.727984  	85.950121 
2520.085291  	86.369663 
2520.442597  	86.417168 
2520.799904  	85.984578 
2521.157211  	85.631101 
2521.514518  	85.473415 
2521.871825  	85.789617 
2522.229132  	86.332778 
2522.586439  	86.533028 
2522.943745  	86.204200 
2523.301052  	85.687892 
2523.658359  	85.557625 
2524.015666  	85.759482 
2524.372973  	85.985881 
2524.730280  	86.300765 
2525.087587  	86.441461 
2525.444893  	86.344087 
2525.802200  	86.296718 
2526.159507  	86.135254 
2526.516814  	85.968166 
2526.874121  	85.887492 
2527.231428  	85.819229 
2527.588735  	85.703426 
2527.946042  	85.410456 
2528.303348  	85.728351 
2528.660655  	86.395092 
2529.017962  	86.358780 
2529.375269  	86.491221 
2529.732576  	86.790777 
2530.089883  	86.359993 
2530.447190  	85.886106 
2530.804496  	85.827023 
2531.161803  	85.982521 
2531.519110  	86.233987 
2531.876417  	86.261340 
2532.233724  	86.038248 
2532.591031  	85.879894 
2532.948338  	85.791613 
2533.305644  	85.715767 
2533.662951  	85.825970 
2534.020258  	86.231963 
2534.377565  	86.571043 
2534.734872  	86.351297 
2535.092179  	86.172670 
2535.449486  	86.369083 
2535.806792  	86.237350 
2536.164099  	86.141479 
2536.521406  	86.376760 
2536.878713  	86.303731 
2537.236020  	86.070788 
2537.593327  	86.117775 
2537.950634  	86.005010 
2538.307940  	85.601820 
2538.665247  	85.957653 
2539.022554  	86.683319 
2539.379861  	86.582274 
2539.737168  	86.345858 
2540.094475  	86.365582 
2540.451782  	86.366081 
2540.809089  	86.399407 
2541.166395  	86.510983 
2541.523702  	86.468513 
2541.881009  	85.877157 
2542.238316  	85.813190 
2542.595623  	86.346661 
2542.952930  	86.140059 
2543.310237  	85.970377 
2543.667543  	86.134792 
2544.024850  	86.060243 
2544.382157  	86.116754 
2544.739464  	86.019529 
2545.096771  	85.924211 
2545.454078  	86.347557 
2545.811385  	86.486585 
2546.168691  	86.237709 
2546.525998  	86.467564 
2546.883305  	86.454553 
2547.240612  	85.814819 
2547.597919  	85.729336 
2547.955226  	85.866488 
2548.312533  	85.711423 
2548.669839  	85.879387 
2549.027146  	86.249943 
2549.384453  	86.561950 
2549.741760  	86.561164 
2550.099067  	86.172352 
2550.456374  	86.162784 
2550.813681  	86.615903 
2551.170987  	86.492609 
2551.528294  	85.834925 
2551.885601  	85.782932 
2552.242908  	86.074976 
2552.600215  	86.082902 
2552.957522  	86.078114 
2553.314829  	85.976079 
2553.672136  	85.866355 
2554.029442  	86.066585 
2554.386749  	86.044478 
2554.744056  	85.518354 
2555.101363  	85.551310 
2555.458670  	86.107078 
2555.815977  	85.897923 
2556.173284  	85.521267 
2556.530590  	85.474913 
2556.887897  	85.294983 
2557.245204  	85.299261 
2557.602511  	85.428574 
2557.959818  	85.588149 
2558.317125  	85.715868 
2558.674432  	85.690884 
2559.031738  	85.645790 
2559.389045  	85.275841 
2559.746352  	84.909348 
2560.103659  	85.006952 
2560.460966  	85.365346 
2560.818273  	85.624245 
2561.175580  	85.562201 
2561.532886  	85.491089 
2561.890193  	85.264771 
2562.247500  	85.081309 
2562.604807  	85.471610 
2562.962114  	85.777949 
2563.319421  	85.829189 
2563.676728  	85.998045 
2564.034034  	86.029926 
2564.391341  	85.747442 
2564.748648  	85.531574 
2565.105955  	85.605742 
2565.463262  	85.714603 
2565.820569  	85.949184 
2566.177876  	86.009192 
2566.535183  	85.687282 
2566.892489  	85.615596 
2567.249796  	85.685237 
2567.607103  	85.727130 
2567.964410  	85.781837 
2568.321717  	85.653199 
2568.679024  	85.593000 
2569.036331  	85.713190 
2569.393637  	85.740977 
2569.750944  	85.629333 
2570.108251  	85.793770 
2570.465558  	85.910732 
2570.822865  	85.489872 
2571.180172  	85.512009 
2571.537479  	86.018741 
2571.894785  	85.913801 
2572.252092  	85.511717 
2572.609399  	85.564781 
2572.966706  	85.877217 
2573.324013  	86.087182 
2573.681320  	86.189605 
2574.038627  	85.972916 
2574.395933  	85.845082 
2574.753240  	86.112596 
2575.110547  	85.877809 
2575.467854  	85.511930 
2575.825161  	85.625927 
2576.182468  	85.566361 
2576.539775  	85.470770 
2576.897081  	85.640855 
2577.254388  	85.828091 
2577.611695  	85.903386 
2577.969002  	85.939343 
2578.326309  	85.877389 
2578.683616  	85.446877 
2579.040923  	85.311389 
2579.398230  	85.836516 
2579.755536  	86.064510 
2580.112843  	85.994487 
2580.470150  	86.112577 
2580.827457  	85.989646 
2581.184764  	85.547641 
2581.542071  	85.249395 
2581.899378  	85.345495 
2582.256684  	85.734307 
2582.613991  	85.986966 
2582.971298  	85.888847 
2583.328605  	85.650647 
2583.685912  	85.684084 
2584.043219  	85.890956 
2584.400526  	85.531731 
2584.757832  	85.090172 
2585.115139  	85.374662 
2585.472446  	85.587873 
2585.829753  	85.438923 
2586.187060  	85.490578 
2586.544367  	85.650421 
2586.901674  	85.688121 
2587.258980  	85.588890 
2587.616287  	85.545722 
2587.973594  	85.649138 
2588.330901  	85.746808 
2588.688208  	85.820510 
2589.045515  	85.691399 
2589.402822  	85.217003 
2589.760128  	84.898250 
2590.117435  	85.121658 
2590.474742  	85.514685 
2590.832049  	85.596267 
2591.189356  	85.222006 
2591.546663  	84.983803 
2591.903970  	85.347548 
2592.261276  	85.455177 
2592.618583  	85.228466 
2592.975890  	85.278446 
2593.333197  	85.194359 
2593.690504  	85.069951 
2594.047811  	85.177380 
2594.405118  	85.378565 
2594.762425  	85.635231 
2595.119731  	85.617621 
2595.477038  	85.508328 
2595.834345  	85.527699 
2596.191652  	85.532912 
2596.548959  	85.632647 
2596.906266  	85.636098 
2597.263573  	85.572843 
2597.620879  	85.729553 
2597.978186  	85.964917 
2598.335493  	85.970418 
2598.692800  	85.620528 
2599.050107  	85.377144 
2599.407414  	85.582856 
2599.764721  	85.848465 
2600.122027  	85.759678 
2600.479334  	85.411895 
2600.836641  	85.086243 
2601.193948  	84.878192 
2601.551255  	85.028043 
2601.908562  	85.365636 
2602.265869  	85.348914 
2602.623175  	85.272167 
2602.980482  	85.399719 
2603.337789  	85.311413 
2603.695096  	84.842862 
2604.052403  	84.585539 
2604.409710  	85.108591 
2604.767017  	85.660883 
2605.124323  	85.437339 
2605.481630  	85.083591 
2605.838937  	85.067066 
2606.196244  	85.131530 
2606.553551  	85.329014 
2606.910858  	85.595010 
2607.268165  	85.489016 
2607.625472  	85.127464 
2607.982778  	84.964029 
2608.340085  	84.904445 
2608.697392  	84.756901 
2609.054699  	84.782394 
2609.412006  	85.178169 
2609.769313  	85.424895 
2610.126620  	85.170324 
2610.483926  	85.047168 
2610.841233  	85.250134 
2611.198540  	85.422787 
2611.555847  	85.438213 
2611.913154  	85.088694 
2612.270461  	84.920753 
2612.627768  	85.292977 
2612.985074  	85.396152 
2613.342381  	85.249559 
2613.699688  	85.254109 
2614.056995  	85.352964 
2614.414302  	85.553260 
2614.771609  	85.638603 
2615.128916  	85.657265 
2615.486222  	85.594325 
2615.843529  	85.351369 
2616.200836  	85.255066 
2616.558143  	85.151843 
2616.915450  	85.051942 
2617.272757  	85.217111 
2617.630064  	85.301370 
2617.987370  	85.265548 
2618.344677  	85.292926 
2618.701984  	85.214520 
2619.059291  	84.961255 
2619.416598  	84.750582 
2619.773905  	84.753628 
2620.131212  	84.952857 
2620.488519  	85.282355 
2620.845825  	85.405456 
2621.203132  	85.297213 
2621.560439  	85.291660 
2621.917746  	85.207911 
2622.275053  	85.142113 
2622.632360  	85.250513 
2622.989667  	85.121242 
2623.346973  	84.973207 
2623.704280  	85.128418 
2624.061587  	85.191626 
2624.418894  	85.133202 
2624.776201  	85.223377 
2625.133508  	85.329045 
2625.490815  	85.298968 
2625.848121  	85.183030 
2626.205428  	85.157551 
2626.562735  	85.372404 
2626.920042  	85.511565 
2627.277349  	85.310412 
2627.634656  	85.178914 
2627.991963  	85.357991 
2628.349269  	85.469943 
2628.706576  	85.334972 
2629.063883  	85.169603 
2629.421190  	85.082999 
2629.778497  	85.105317 
2630.135804  	85.169779 
2630.493111  	85.116601 
2630.850417  	85.093022 
2631.207724  	85.185841 
2631.565031  	85.143159 
2631.922338  	84.966316 
2632.279645  	84.932374 
2632.636952  	85.099232 
2632.994259  	85.279150 
2633.351566  	85.345083 
2633.708872  	85.229290 
2634.066179  	84.936878 
2634.423486  	84.808277 
2634.780793  	84.988895 
2635.138100  	85.016120 
2635.495407  	84.848498 
2635.852714  	84.926590 
2636.210020  	85.070210 
2636.567327  	85.045118 
2636.924634  	84.956396 
2637.281941  	84.806154 
2637.639248  	84.861349 
2637.996555  	85.113280 
2638.353862  	85.129936 
2638.711168  	85.014400 
2639.068475  	84.901231 
2639.425782  	84.748919 
2639.783089  	84.797158 
2640.140396  	84.949793 
2640.497703  	84.870620 
2640.855010  	84.748734 
2641.212316  	84.690539 
2641.569623  	84.538381 
2641.926930  	84.487426 
2642.284237  	84.649252 
2642.641544  	84.886754 
2642.998851  	84.906441 
2643.356158  	84.684740 
2643.713464  	84.627967 
2644.070771  	84.514220 
2644.428078  	84.304378 
2644.785385  	84.361041 
2645.142692  	84.459724 
2645.499999  	84.486955 
2645.857306  	84.359288 
2646.214613  	84.303302 
2646.571919  	84.381617 
2646.929226  	84.187541 
2647.286533  	84.105472 
2647.643840  	84.065799 
2648.001147  	84.120507 
2648.358454  	84.384260 
2648.715761  	84.038336 
2649.073067  	83.946372 
2649.430374  	84.393141 
2649.787681  	84.111133 
2650.144988  	83.614439 
2650.502295  	83.502571 
2650.859602  	83.608975 
2651.216909  	83.764248 
2651.574215  	83.742163 
2651.931522  	83.663061 
2652.288829  	83.610011 
2652.646136  	83.710727 
2653.003443  	83.841284 
2653.360750  	83.841693 
2653.718057  	83.745023 
2654.075363  	83.579672 
2654.432670  	83.662879 
2654.789977  	83.709330 
2655.147284  	83.611479 
2655.504591  	83.701546 
2655.861898  	83.710907 
2656.219205  	83.745253 
2656.576511  	83.825894 
2656.933818  	83.768440 
2657.291125  	83.719206 
2657.648432  	83.604901 
2658.005739  	83.574621 
2658.363046  	83.640385 
2658.720353  	83.523173 
2659.077660  	83.444430 
2659.434966  	83.693400 
2659.792273  	83.950824 
2660.149580  	83.962691 
2660.506887  	84.012414 
2660.864194  	84.022089 
2661.221501  	83.938558 
2661.578808  	83.943667 
2661.936114  	83.952375 
2662.293421  	84.029702 
2662.650728  	84.103159 
2663.008035  	84.187135 
2663.365342  	84.303279 
2663.722649  	84.279203 
2664.079956  	84.309241 
2664.437262  	84.425603 
2664.794569  	84.566507 
2665.151876  	84.524760 
2665.509183  	84.330111 
2665.866490  	84.490528 
2666.223797  	84.663307 
2666.581104  	84.635957 
2666.938410  	84.643806 
2667.295717  	84.579969 
2667.653024  	84.564501 
2668.010331  	84.603751 
2668.367638  	84.750387 
2668.724945  	84.937138 
2669.082252  	84.908656 
2669.439558  	84.880411 
2669.796865  	84.885912 
2670.154172  	84.838330 
2670.511479  	84.836013 
2670.868786  	84.891754 
2671.226093  	84.940850 
2671.583400  	85.006198 
2671.940706  	84.975427 
2672.298013  	84.759685 
2672.655320  	84.889070 
2673.012627  	85.126991 
2673.369934  	85.029675 
2673.727241  	85.072823 
2674.084548  	85.054051 
2674.441855  	85.012250 
2674.799161  	85.098712 
2675.156468  	84.985105 
2675.513775  	85.056567 
2675.871082  	85.263239 
2676.228389  	85.406153 
2676.585696  	85.408249 
2676.943003  	85.127099 
2677.300309  	85.086333 
2677.657616  	85.134894 
2678.014923  	85.053970 
2678.372230  	85.043183 
2678.729537  	84.867675 
2679.086844  	84.756193 
2679.444151  	84.907428 
2679.801457  	85.047215 
2680.158764  	85.030012 
2680.516071  	85.036341 
2680.873378  	85.190974 
2681.230685  	85.167615 
2681.587992  	85.074575 
2681.945299  	85.111497 
2682.302605  	85.007965 
2682.659912  	84.828528 
2683.017219  	84.870460 
2683.374526  	85.087713 
2683.731833  	85.137362 
2684.089140  	85.016412 
2684.446447  	84.954125 
2684.803753  	85.040845 
2685.161060  	85.259169 
2685.518367  	85.393771 
2685.875674  	85.346920 
2686.232981  	85.114525 
2686.590288  	85.046816 
2686.947595  	85.188876 
2687.304902  	84.921104 
2687.662208  	84.824462 
2688.019515  	85.144833 
2688.376822  	84.978120 
2688.734129  	84.777027 
2689.091436  	84.951177 
2689.448743  	84.985010 
2689.806050  	84.932725 
2690.163356  	84.913751 
2690.520663  	84.807899 
2690.877970  	84.647947 
2691.235277  	84.603777 
2691.592584  	84.786152 
2691.949891  	85.036323 
2692.307198  	85.090353 
2692.664504  	84.955814 
2693.021811  	84.821181 
2693.379118  	84.690527 
2693.736425  	84.587779 
2694.093732  	84.609430 
2694.451039  	84.764799 
2694.808346  	84.883226 
2695.165652  	84.749807 
2695.522959  	84.620526 
2695.880266  	84.751553 
2696.237573  	85.017441 
2696.594880  	85.103941 
2696.952187  	84.760730 
2697.309494  	84.436013 
2697.666800  	84.399990 
2698.024107  	84.414686 
2698.381414  	84.584769 
2698.738721  	84.726153 
2699.096028  	84.728929 
2699.453335  	84.856288 
2699.810642  	84.832434 
2700.167949  	84.644428 
2700.525255  	84.756034 
2700.882562  	85.073484 
2701.239869  	85.135698 
2701.597176  	84.968319 
2701.954483  	84.972732 
2702.311790  	85.045021 
2702.669097  	85.080868 
2703.026403  	85.225531 
2703.383710  	85.158675 
2703.741017  	84.982959 
2704.098324  	85.051461 
2704.455631  	85.050718 
2704.812938  	84.925915 
2705.170245  	84.897919 
2705.527551  	85.002818 
2705.884858  	85.107187 
2706.242165  	84.978522 
2706.599472  	84.865029 
2706.956779  	84.960904 
2707.314086  	85.093695 
2707.671393  	85.220099 
2708.028699  	85.121882 
2708.386006  	84.878757 
2708.743313  	84.972193 
2709.100620  	85.217450 
2709.457927  	85.221628 
2709.815234  	85.191048 
2710.172541  	85.202690 
2710.529847  	85.120247 
2710.887154  	85.141345 
2711.244461  	85.206296 
2711.601768  	85.152691 
2711.959075  	85.207698 
2712.316382  	85.336558 
2712.673689  	85.342618 
2713.030996  	85.309416 
2713.388302  	85.374942 
2713.745609  	85.382805 
2714.102916  	85.228911 
2714.460223  	85.229038 
2714.817530  	85.367474 
2715.174837  	85.379925 
2715.532144  	85.272321 
2715.889450  	85.244368 
2716.246757  	85.317742 
2716.604064  	85.129230 
2716.961371  	85.038595 
2717.318678  	85.244123 
2717.675985  	85.120456 
2718.033292  	85.020104 
2718.390598  	85.147187 
2718.747905  	85.134995 
2719.105212  	85.185225 
2719.462519  	85.279246 
2719.819826  	85.343476 
2720.177133  	85.315775 
2720.534440  	85.241614 
2720.891746  	85.306588 
2721.249053  	85.244572 
2721.606360  	85.107323 
2721.963667  	85.092538 
2722.320974  	85.215168 
2722.678281  	85.328288 
2723.035588  	85.148119 
2723.392894  	85.103392 
2723.750201  	85.188196 
2724.107508  	85.100045 
2724.464815  	85.268624 
2724.822122  	85.338968 
2725.179429  	85.039310 
2725.536736  	84.940450 
2725.894043  	85.040930 
2726.251349  	85.158781 
2726.608656  	85.151528 
2726.965963  	85.002789 
2727.323270  	85.024476 
2727.680577  	85.097401 
2728.037884  	85.058215 
2728.395191  	85.002032 
2728.752497  	84.981104 
2729.109804  	85.092272 
2729.467111  	85.086794 
2729.824418  	84.989466 
2730.181725  	85.121280 
2730.539032  	85.119438 
2730.896339  	85.070379 
2731.253645  	85.182295 
2731.610952  	85.078275 
2731.968259  	85.049227 
2732.325566  	85.107150 
2732.682873  	85.032573 
2733.040180  	85.064540 
2733.397487  	84.989307 
2733.754793  	85.071415 
2734.112100  	85.315418 
2734.469407  	85.064746 
2734.826714  	84.911198 
2735.184021  	85.132143 
2735.541328  	85.112032 
2735.898635  	85.003179 
2736.255941  	84.970920 
2736.613248  	84.834588 
2736.970555  	84.780353 
2737.327862  	85.015668 
2737.685169  	85.225134 
2738.042476  	85.183805 
2738.399783  	85.119390 
2738.757090  	85.016335 
2739.114396  	84.871872 
2739.471703  	84.920277 
2739.829010  	85.092190 
2740.186317  	85.218853 
2740.543624  	85.248520 
2740.900931  	85.107301 
2741.258238  	84.921259 
2741.615544  	84.943104 
2741.972851  	85.075026 
2742.330158  	85.167950 
2742.687465  	85.207422 
2743.044772  	85.064041 
2743.402079  	84.883520 
2743.759386  	84.805668 
2744.116692  	84.765610 
2744.473999  	84.835779 
2744.831306  	84.908156 
2745.188613  	84.984987 
2745.545920  	85.071703 
2745.903227  	84.950070 
2746.260534  	84.792180 
2746.617840  	84.730020 
2746.975147  	84.838934 
2747.332454  	85.080427 
2747.689761  	85.007288 
2748.047068  	84.835854 
2748.404375  	84.810704 
2748.761682  	84.689106 
2749.118988  	84.706256 
2749.476295  	84.824768 
2749.833602  	84.850692 
2750.190909  	84.972007 
2750.548216  	85.072907 
2750.905523  	85.081386 
2751.262830  	85.070597 
2751.620136  	85.021548 
2751.977443  	84.939749 
2752.334750  	84.849684 
2752.692057  	84.897251 
2753.049364  	84.939803 
2753.406671  	84.871826 
2753.763978  	84.941885 
2754.121285  	85.016572 
2754.478591  	84.964875 
2754.835898  	85.049800 
2755.193205  	85.239768 
2755.550512  	85.095591 
2755.907819  	84.807781 
2756.265126  	84.932246 
2756.622433  	85.055284 
2756.979739  	85.016927 
2757.337046  	85.026287 
2757.694353  	84.726097 
2758.051660  	84.620009 
2758.408967  	84.984766 
2758.766274  	85.193992 
2759.123581  	85.296403 
2759.480887  	85.241873 
2759.838194  	85.111540 
2760.195501  	85.252658 
2760.552808  	85.245853 
2760.910115  	84.997913 
2761.267422  	84.901818 
2761.624729  	85.035595 
2761.982035  	85.256431 
2762.339342  	85.349734 
2762.696649  	85.298415 
2763.053956  	85.176229 
2763.411263  	85.072988 
2763.768570  	85.048611 
2764.125877  	85.049450 
2764.483183  	85.066905 
2764.840490  	85.069667 
2765.197797  	85.138079 
2765.555104  	85.304791 
2765.912411  	85.337680 
2766.269718  	85.215259 
2766.627025  	85.086872 
2766.984332  	84.987744 
2767.341638  	84.943161 
2767.698945  	84.965073 
2768.056252  	85.075439 
2768.413559  	85.193946 
2768.770866  	85.161246 
2769.128173  	85.170173 
2769.485480  	85.300496 
2769.842786  	85.191659 
2770.200093  	85.046513 
2770.557400  	85.171624 
2770.914707  	85.175956 
2771.272014  	85.038377 
2771.629321  	84.985925 
2771.986628  	84.860029 
2772.343934  	84.830082 
2772.701241  	85.132018 
2773.058548  	85.377985 
2773.415855  	85.245042 
2773.773162  	85.035126 
2774.130469  	85.037179 
2774.487776  	85.098857 
2774.845082  	85.039594 
2775.202389  	84.928328 
2775.559696  	84.832982 
2775.917003  	84.797556 
2776.274310  	84.878581 
2776.631617  	84.909747 
2776.988924  	84.944953 
2777.346230  	85.121082 
2777.703537  	85.172313 
2778.060844  	85.188167 
2778.418151  	85.225258 
2778.775458  	85.081475 
2779.132765  	84.968231 
2779.490072  	84.937767 
2779.847379  	85.047349 
2780.204685  	85.196099 
2780.561992  	85.118200 
2780.919299  	85.225806 
2781.276606  	85.414063 
2781.633913  	85.343430 
2781.991220  	85.311820 
2782.348527  	85.265750 
2782.705833  	85.270015 
2783.063140  	85.344160 
2783.420447  	85.192461 
2783.777754  	85.108920 
2784.135061  	85.303020 
2784.492368  	85.523872 
2784.849675  	85.599037 
2785.206981  	85.590579 
2785.564288  	85.656273 
2785.921595  	85.688432 
2786.278902  	85.577469 
2786.636209  	85.423854 
2786.993516  	85.334334 
2787.350823  	85.339326 
2787.708129  	85.314981 
2788.065436  	85.259528 
2788.422743  	85.350851 
2788.780050  	85.488530 
2789.137357  	85.515737 
2789.494664  	85.516821 
2789.851971  	85.421246 
2790.209277  	85.320445 
2790.566584  	85.389642 
2790.923891  	85.330632 
2791.281198  	85.273123 
2791.638505  	85.446534 
2791.995812  	85.564392 
2792.353119  	85.683275 
2792.710426  	85.655855 
2793.067732  	85.332573 
2793.425039  	85.184600 
2793.782346  	85.327819 
2794.139653  	85.559521 
2794.496960  	85.629987 
2794.854267  	85.525926 
2795.211574  	85.501245 
2795.568880  	85.410097 
2795.926187  	85.317608 
2796.283494  	85.414584 
2796.640801  	85.485372 
2796.998108  	85.514133 
2797.355415  	85.565120 
2797.712722  	85.618688 
2798.070028  	85.645861 
2798.427335  	85.628593 
2798.784642  	85.668189 
2799.141949  	85.629022 
2799.499256  	85.438208 
2799.856563  	85.381679 
2800.213870  	85.533372 
2800.571176  	85.682613 
2800.928483  	85.699824 
2801.285790  	85.618330 
2801.643097  	85.550103 
2802.000404  	85.637379 
2802.357711  	85.745834 
2802.715018  	85.658190 
2803.072324  	85.610067 
2803.429631  	85.682542 
2803.786938  	85.688073 
2804.144245  	85.636291 
2804.501552  	85.504877 
2804.858859  	85.425526 
2805.216166  	85.490428 
2805.573473  	85.520503 
2805.930779  	85.519601 
2806.288086  	85.527188 
2806.645393  	85.554315 
2807.002700  	85.564241 
2807.360007  	85.517665 
2807.717314  	85.570095 
2808.074621  	85.597774 
2808.431927  	85.505604 
2808.789234  	85.466126 
2809.146541  	85.356226 
2809.503848  	85.198193 
2809.861155  	85.249457 
2810.218462  	85.428972 
2810.575769  	85.462611 
2810.933075  	85.364067 
2811.290382  	85.358012 
2811.647689  	85.305383 
2812.004996  	85.171944 
2812.362303  	85.274567 
2812.719610  	85.447005 
2813.076917  	85.513248 
2813.434223  	85.614268 
2813.791530  	85.519532 
2814.148837  	85.225741 
2814.506144  	85.198843 
2814.863451  	85.353798 
2815.220758  	85.389033 
2815.578065  	85.457920 
2815.935371  	85.497269 
2816.292678  	85.435362 
2816.649985  	85.558250 
2817.007292  	85.684978 
2817.364599  	85.620263 
2817.721906  	85.565531 
2818.079213  	85.379475 
2818.436520  	85.243312 
2818.793826  	85.473698 
2819.151133  	85.545730 
2819.508440  	85.359300 
2819.865747  	85.271751 
2820.223054  	85.242070 
2820.580361  	85.367401 
2820.937668  	85.306817 
2821.294974  	84.974024 
2821.652281  	85.049529 
2822.009588  	85.150581 
2822.366895  	85.054342 
2822.724202  	85.272650 
2823.081509  	85.438596 
2823.438816  	85.419706 
2823.796122  	85.357451 
2824.153429  	85.189993 
2824.510736  	85.297397 
2824.868043  	85.579673 
2825.225350  	85.634554 
2825.582657  	85.576552 
2825.939964  	85.517482 
2826.297270  	85.442008 
2826.654577  	85.392114 
2827.011884  	85.362333 
2827.369191  	85.390612 
2827.726498  	85.499914 
2828.083805  	85.428358 
2828.441112  	85.366371 
2828.798418  	85.558632 
2829.155725  	85.381338 
2829.513032  	84.946186 
2829.870339  	84.928323 
2830.227646  	85.198376 
2830.584953  	85.373296 
2830.942260  	85.314486 
2831.299567  	85.371478 
2831.656873  	85.490292 
2832.014180  	85.383550 
2832.371487  	85.306550 
2832.728794  	85.268707 
2833.086101  	85.511352 
2833.443408  	85.792165 
2833.800715  	85.473191 
2834.158021  	85.219833 
2834.515328  	85.287550 
2834.872635  	85.343119 
2835.229942  	85.343428 
2835.587249  	85.138329 
2835.944556  	85.062286 
2836.301863  	85.160913 
2836.659169  	85.147498 
2837.016476  	85.079113 
2837.373783  	85.126716 
2837.731090  	85.429068 
2838.088397  	85.546438 
2838.445704  	85.528836 
2838.803011  	85.636135 
2839.160317  	85.331035 
2839.517624  	85.015615 
2839.874931  	85.102749 
2840.232238  	85.082495 
2840.589545  	85.093204 
2840.946852  	85.260557 
2841.304159  	85.225867 
2841.661465  	85.072736 
2842.018772  	85.136602 
2842.376079  	85.259706 
2842.733386  	85.242681 
2843.090693  	85.383583 
2843.448000  	85.532628 
2843.805307  	85.420581 
2844.162613  	85.340558 
2844.519920  	85.345665 
2844.877227  	85.450295 
2845.234534  	85.614886 
2845.591841  	85.556679 
2845.949148  	85.469399 
2846.306455  	85.545866 
2846.663762  	85.527547 
2847.021068  	85.270853 
2847.378375  	85.139346 
2847.735682  	85.408808 
2848.092989  	85.560754 
2848.450296  	85.473878 
2848.807603  	85.499856 
2849.164910  	85.455670 
2849.522216  	85.422884 
2849.879523  	85.458624 
2850.236830  	85.457154 
2850.594137  	85.568999 
2850.951444  	85.500232 
2851.308751  	85.225691 
2851.666058  	85.035705 
2852.023364  	85.036057 
2852.380671  	85.327154 
2852.737978  	85.517545 
2853.095285  	85.516521 
2853.452592  	85.460191 
2853.809899  	85.162386 
2854.167206  	84.966916 
2854.524512  	85.066831 
2854.881819  	85.207601 
2855.239126  	85.274860 
2855.596433  	85.316362 
2855.953740  	85.301792 
2856.311047  	85.082978 
2856.668354  	84.993579 
2857.025660  	85.104352 
2857.382967  	85.133031 
2857.740274  	85.102207 
2858.097581  	85.037588 
2858.454888  	85.195721 
2858.812195  	85.312629 
2859.169502  	85.241763 
2859.526809  	85.451276 
2859.884115  	85.409175 
2860.241422  	85.065581 
2860.598729  	84.978895 
2860.956036  	84.956230 
2861.313343  	84.924044 
2861.670650  	84.790999 
2862.027957  	84.794403 
2862.385263  	85.036757 
2862.742570  	85.055880 
2863.099877  	85.153991 
2863.457184  	85.389688 
2863.814491  	85.328537 
2864.171798  	85.107794 
2864.529105  	84.981484 
2864.886411  	85.021790 
2865.243718  	85.088841 
2865.601025  	85.055741 
2865.958332  	84.893826 
2866.315639  	84.715029 
2866.672946  	84.694539 
2867.030253  	84.752022 
2867.387559  	84.884242 
2867.744866  	84.986936 
2868.102173  	84.922870 
2868.459480  	84.882918 
2868.816787  	84.868265 
2869.174094  	84.739058 
2869.531401  	84.626994 
2869.888707  	84.788228 
2870.246014  	84.949597 
2870.603321  	84.733095 
2870.960628  	84.579258 
2871.317935  	84.728016 
2871.675242  	84.884231 
2872.032549  	84.952779 
2872.389856  	84.917911 
2872.747162  	84.884465 
2873.104469  	84.896520 
2873.461776  	84.835238 
2873.819083  	84.818312 
2874.176390  	84.901723 
2874.533697  	84.875612 
2874.891004  	84.789186 
2875.248310  	84.841901 
2875.605617  	84.933186 
2875.962924  	84.998249 
2876.320231  	85.052085 
2876.677538  	85.001408 
2877.034845  	84.901895 
2877.392152  	84.849007 
2877.749458  	84.809621 
2878.106765  	84.804849 
2878.464072  	84.898968 
2878.821379  	84.931549 
2879.178686  	84.857628 
2879.535993  	84.918009 
2879.893300  	84.901626 
2880.250606  	84.698593 
2880.607913  	84.673499 
2880.965220  	84.709979 
2881.322527  	84.676065 
2881.679834  	84.747628 
2882.037141  	84.847869 
2882.394448  	84.875751 
2882.751754  	84.820334 
2883.109061  	84.729871 
2883.466368  	84.778102 
2883.823675  	84.999244 
2884.180982  	85.073693 
2884.538289  	84.808500 
2884.895596  	84.641174 
2885.252903  	84.840078 
2885.610209  	84.958922 
2885.967516  	84.804703 
2886.324823  	84.744177 
2886.682130  	84.789615 
2887.039437  	84.669128 
2887.396744  	84.595137 
2887.754051  	84.791943 
2888.111357  	84.857066 
2888.468664  	84.647805 
2888.825971  	84.747992 
2889.183278  	85.111647 
2889.540585  	85.072347 
2889.897892  	84.818752 
2890.255199  	84.768659 
2890.612505  	84.626082 
2890.969812  	84.395634 
2891.327119  	84.540928 
2891.684426  	84.728817 
2892.041733  	84.647399 
2892.399040  	84.805952 
2892.756347  	84.900452 
2893.113653  	84.792567 
2893.470960  	85.043730 
2893.828267  	84.916020 
2894.185574  	84.338231 
2894.542881  	84.282588 
2894.900188  	84.476904 
2895.257495  	84.644843 
2895.614801  	84.841165 
2895.972108  	84.795103 
2896.329415  	84.633253 
2896.686722  	84.791733 
2897.044029  	85.141136 
2897.401336  	84.980684 
2897.758643  	84.524922 
2898.115950  	84.415181 
2898.473256  	84.530311 
2898.830563  	84.641868 
2899.187870  	84.625778 
2899.545177  	84.606476 
2899.902484  	84.573941 
2900.259791  	84.475585 
2900.617098  	84.567059 
2900.974404  	84.615867 
2901.331711  	84.579538 
2901.689018  	84.529124 
2902.046325  	84.313940 
2902.403632  	84.235764 
2902.760939  	84.270341 
2903.118246  	84.361304 
2903.475552  	84.449933 
2903.832859  	84.206740 
2904.190166  	84.045209 
2904.547473  	84.128503 
2904.904780  	84.055262 
2905.262087  	84.083052 
2905.619394  	84.384175 
2905.976700  	84.548090 
2906.334007  	84.615148 
2906.691314  	84.763242 
2907.048621  	84.706043 
2907.405928  	84.565039 
2907.763235  	84.482557 
2908.120542  	84.421646 
2908.477848  	84.570371 
2908.835155  	84.560374 
2909.192462  	84.311739 
2909.549769  	84.222027 
2909.907076  	84.191485 
2910.264383  	84.233402 
2910.621690  	84.448226 
2910.978997  	84.711016 
2911.336303  	84.641847 
2911.693610  	84.268855 
2912.050917  	84.166727 
2912.408224  	84.152072 
2912.765531  	84.135591 
2913.122838  	84.317737 
2913.480145  	84.293247 
2913.837451  	84.125900 
2914.194758  	84.117770 
2914.552065  	84.214075 
2914.909372  	84.269729 
2915.266679  	84.102922 
2915.623986  	83.895957 
2915.981293  	83.928171 
2916.338599  	84.148952 
2916.695906  	84.178292 
2917.053213  	83.910209 
2917.410520  	83.850335 
2917.767827  	84.059944 
2918.125134  	84.158385 
2918.482441  	84.061260 
2918.839747  	83.854956 
2919.197054  	83.776646 
2919.554361  	83.914844 
2919.911668  	83.958058 
2920.268975  	83.838767 
2920.626282  	83.776293 
2920.983589  	83.757699 
2921.340895  	83.900119 
2921.698202  	84.253288 
2922.055509  	84.371011 
2922.412816  	84.130276 
2922.770123  	83.853269 
2923.127430  	83.796754 
2923.484737  	84.044169 
2923.842043  	84.320872 
2924.199350  	84.207610 
2924.556657  	83.919743 
2924.913964  	84.023437 
2925.271271  	84.128317 
2925.628578  	83.940744 
2925.985885  	84.037482 
2926.343192  	84.125134 
2926.700498  	83.952949 
2927.057805  	84.029901 
2927.415112  	84.098466 
2927.772419  	83.990289 
2928.129726  	84.080312 
2928.487033  	84.166395 
2928.844340  	84.044339 
2929.201646  	84.069386 
2929.558953  	84.269635 
2929.916260  	84.312055 
2930.273567  	84.287030 
2930.630874  	84.460312 
2930.988181  	84.676524 
2931.345488  	84.615738 
2931.702794  	84.504611 
2932.060101  	84.435178 
2932.417408  	84.192682 
2932.774715  	84.163442 
2933.132022  	84.182553 
2933.489329  	84.086924 
2933.846636  	84.335033 
2934.203942  	84.372539 
2934.561249  	84.337368 
2934.918556  	84.674120 
2935.275863  	84.577986 
2935.633170  	84.328481 
2935.990477  	84.399412 
2936.347784  	84.490537 
2936.705090  	84.710443 
2937.062397  	84.833354 
2937.419704  	84.640017 
2937.777011  	84.388441 
2938.134318  	84.332625 
2938.491625  	84.575703 
2938.848932  	84.796397 
2939.206239  	84.745258 
2939.563545  	84.716473 
2939.920852  	84.863061 
2940.278159  	84.854772 
2940.635466  	84.716794 
2940.992773  	84.682319 
2941.350080  	84.557192 
2941.707387  	84.349482 
2942.064693  	84.295668 
2942.422000  	84.357729 
2942.779307  	84.264009 
2943.136614  	84.126078 
2943.493921  	84.243288 
2943.851228  	84.270736 
2944.208535  	84.205084 
2944.565841  	84.259031 
2944.923148  	84.171142 
2945.280455  	84.123823 
2945.637762  	84.119435 
2945.995069  	84.041826 
2946.352376  	84.197740 
2946.709683  	84.332567 
2947.066989  	84.243143 
2947.424296  	84.172995 
2947.781603  	84.105347 
2948.138910  	84.215687 
2948.496217  	84.597654 
2948.853524  	84.673520 
2949.210831  	84.428102 
2949.568137  	84.402960 
2949.925444  	84.330481 
2950.282751  	84.062760 
2950.640058  	84.017967 
2950.997365  	84.167253 
2951.354672  	84.283802 
2951.711979  	84.343278 
2952.069286  	84.379626 
2952.426592  	84.241742 
2952.783899  	83.969558 
2953.141206  	83.860324 
2953.498513  	83.862924 
2953.855820  	83.934257 
2954.213127  	83.957343 
2954.570434  	83.888774 
2954.927740  	84.041694 
2955.285047  	84.227857 
2955.642354  	84.184922 
2955.999661  	84.107649 
2956.356968  	84.139985 
2956.714275  	84.088588 
2957.071582  	83.889679 
2957.428888  	83.974313 
2957.786195  	84.157037 
2958.143502  	84.015421 
2958.500809  	83.850969 
2958.858116  	83.867002 
2959.215423  	84.016358 
2959.572730  	84.132955 
2959.930036  	84.201410 
2960.287343  	84.255144 
2960.644650  	84.134936 
2961.001957  	84.100090 
2961.359264  	84.256793 
2961.716571  	84.344803 
2962.073878  	84.183376 
2962.431184  	83.975138 
2962.788491  	84.242964 
2963.145798  	84.478624 
2963.503105  	84.224652 
2963.860412  	84.093745 
2964.217719  	84.064624 
2964.575026  	83.964696 
2964.932333  	83.963376 
2965.289639  	83.919070 
2965.646946  	83.823997 
2966.004253  	83.831425 
2966.361560  	84.036315 
2966.718867  	84.234831 
2967.076174  	84.145647 
2967.433481  	84.003032 
2967.790787  	83.965487 
2968.148094  	83.907552 
2968.505401  	83.944883 
2968.862708  	84.082931 
2969.220015  	84.041557 
2969.577322  	83.915562 
2969.934629  	84.023578 
2970.291935  	84.167996 
2970.649242  	84.103525 
2971.006549  	84.047959 
2971.363856  	84.137533 
2971.721163  	84.314733 
2972.078470  	84.333079 
2972.435777  	84.022323 
2972.793083  	83.925450 
2973.150390  	84.062789 
2973.507697  	83.868051 
2973.865004  	83.781150 
2974.222311  	83.950721 
2974.579618  	83.952615 
2974.936925  	84.002563 
2975.294231  	84.085493 
2975.651538  	84.035815 
2976.008845  	83.918934 
2976.366152  	83.858474 
2976.723459  	84.006195 
2977.080766  	84.062203 
2977.438073  	84.040786 
2977.795380  	84.221319 
2978.152686  	84.280440 
2978.509993  	84.060871 
2978.867300  	83.828540 
2979.224607  	83.800566 
2979.581914  	83.862989 
2979.939221  	83.852149 
2980.296528  	83.914738 
2980.653834  	84.034712 
2981.011141  	84.002866 
2981.368448  	83.745674 
2981.725755  	83.578291 
2982.083062  	83.738460 
2982.440369  	83.831457 
2982.797676  	83.796806 
2983.154982  	83.855699 
2983.512289  	83.926725 
2983.869596  	84.019042 
2984.226903  	84.006078 
2984.584210  	83.894644 
2984.941517  	83.936455 
2985.298824  	83.952267 
2985.656130  	83.804663 
2986.013437  	83.632660 
2986.370744  	83.405944 
2986.728051  	83.264329 
2987.085358  	83.389727 
2987.442665  	83.496033 
2987.799972  	83.440266 
2988.157278  	83.441702 
2988.514585  	83.509494 
2988.871892  	83.552069 
2989.229199  	83.457256 
2989.586506  	83.154505 
2989.943813  	82.967936 
2990.301120  	83.033856 
2990.658427  	82.958828 
2991.015733  	82.895946 
2991.373040  	83.164941 
2991.730347  	83.202039 
2992.087654  	83.000345 
2992.444961  	83.047939 
2992.802268  	82.972019 
2993.159575  	82.835875 
2993.516881  	82.854517 
2993.874188  	82.610320 
2994.231495  	82.397204 
2994.588802  	82.394537 
2994.946109  	82.246930 
2995.303416  	82.207661 
2995.660723  	82.333150 
2996.018029  	82.267726 
2996.375336  	81.940984 
2996.732643  	81.538792 
2997.089950  	81.383237 
2997.447257  	81.497498 
2997.804564  	81.632390 
2998.161871  	81.532910 
2998.519177  	81.271090 
2998.876484  	81.371721 
2999.233791  	81.591492 
2999.591098  	81.491328 
2999.948405  	81.480236 
3000.305712  	81.470899 
3000.663019  	81.407268 
3001.020325  	81.546234 
3001.377632  	81.457387 
3001.734939  	81.390040 
3002.092246  	81.779553 
3002.449553  	82.049692 
3002.806860  	82.083506 
3003.164167  	82.228031 
3003.521473  	82.399171 
3003.878780  	82.406713 
3004.236087  	82.420858 
3004.593394  	82.719345 
3004.950701  	83.049751 
3005.308008  	83.018279 
3005.665315  	82.809507 
3006.022622  	82.908303 
3006.379928  	83.158439 
3006.737235  	83.116427 
3007.094542  	83.184620 
3007.451849  	83.611436 
3007.809156  	83.866330 
3008.166463  	83.800347 
3008.523770  	83.744918 
3008.881076  	83.793195 
3009.238383  	83.831392 
3009.595690  	83.961175 
3009.952997  	84.073837 
3010.310304  	83.917095 
3010.667611  	83.840472 
3011.024918  	83.990014 
3011.382224  	83.994515 
3011.739531  	83.788594 
3012.096838  	83.682413 
3012.454145  	84.001547 
3012.811452  	84.414278 
3013.168759  	84.317012 
3013.526066  	84.048326 
3013.883372  	84.075732 
3014.240679  	84.090291 
3014.597986  	83.956239 
3014.955293  	83.853003 
3015.312600  	83.731427 
3015.669907  	83.671137 
3016.027214  	83.826017 
3016.384520  	84.081964 
3016.741827  	84.089802 
3017.099134  	83.836466 
3017.456441  	83.840321 
3017.813748  	84.069687 
3018.171055  	84.141514 
3018.528362  	84.070397 
3018.885669  	83.966788 
3019.242975  	83.934504 
3019.600282  	83.861188 
3019.957589  	83.811505 
3020.314896  	83.926989 
3020.672203  	83.925702 
3021.029510  	83.793061 
3021.386817  	83.661959 
3021.744123  	83.671394 
3022.101430  	83.822275 
3022.458737  	83.887339 
3022.816044  	83.906405 
3023.173351  	83.695205 
3023.530658  	83.449094 
3023.887965  	83.566149 
3024.245271  	83.662130 
3024.602578  	83.690325 
3024.959885  	83.795488 
3025.317192  	83.888496 
3025.674499  	83.848124 
3026.031806  	83.691242 
3026.389113  	83.745429 
3026.746419  	83.697054 
3027.103726  	83.647971 
3027.461033  	83.966051 
3027.818340  	83.961731 
3028.175647  	83.779010 
3028.532954  	83.811435 
3028.890261  	83.696293 
3029.247567  	83.508425 
3029.604874  	83.463163 
3029.962181  	83.649539 
3030.319488  	83.719929 
3030.676795  	83.508071 
3031.034102  	83.463707 
3031.391409  	83.567671 
3031.748716  	83.793920 
3032.106022  	83.997236 
3032.463329  	83.800757 
3032.820636  	83.571367 
3033.177943  	83.537634 
3033.535250  	83.443338 
3033.892557  	83.331050 
3034.249864  	83.324812 
3034.607170  	83.281273 
3034.964477  	83.223281 
3035.321784  	83.369666 
3035.679091  	83.535641 
3036.036398  	83.484800 
3036.393705  	83.271395 
3036.751012  	83.112006 
3037.108318  	83.238615 
3037.465625  	83.316987 
3037.822932  	82.987226 
3038.180239  	82.706488 
3038.537546  	82.744451 
3038.894853  	82.676400 
3039.252160  	82.561596 
3039.609466  	82.720978 
3039.966773  	82.813139 
3040.324080  	82.751319 
3040.681387  	82.724953 
3041.038694  	82.566703 
3041.396001  	82.428369 
3041.753308  	82.505285 
3042.110614  	82.582808 
3042.467921  	82.493496 
3042.825228  	82.358775 
3043.182535  	82.377564 
3043.539842  	82.376519 
3043.897149  	82.264505 
3044.254456  	82.303904 
3044.611763  	82.392695 
3044.969069  	82.277170 
3045.326376  	82.116010 
3045.683683  	82.122593 
3046.040990  	82.258745 
3046.398297  	82.461522 
3046.755604  	82.569732 
3047.112911  	82.410202 
3047.470217  	82.231616 
3047.827524  	82.210553 
3048.184831  	82.252137 
3048.542138  	82.279854 
3048.899445  	82.189566 
3049.256752  	82.225814 
3049.614059  	82.381564 
3049.971365  	82.169111 
3050.328672  	81.894433 
3050.685979  	81.855074 
3051.043286  	81.718387 
3051.400593  	81.628481 
3051.757900  	81.731664 
3052.115207  	81.833468 
3052.472513  	81.950544 
3052.829820  	82.128940 
3053.187127  	82.370363 
3053.544434  	82.557368 
3053.901741  	82.653635 
3054.259048  	82.900819 
3054.616355  	83.243801 
3054.973661  	83.357254 
3055.330968  	83.269709 
3055.688275  	83.379589 
3056.045582  	83.571201 
3056.402889  	83.351113 
3056.760196  	83.128340 
3057.117503  	83.333518 
3057.474810  	83.652252 
3057.832116  	83.964173 
3058.189423  	84.156548 
3058.546730  	84.131686 
3058.904037  	84.125045 
3059.261344  	84.107569 
3059.618651  	83.991859 
3059.975958  	84.046499 
3060.333264  	84.103915 
3060.690571  	83.885476 
3061.047878  	83.945325 
3061.405185  	84.223976 
3061.762492  	84.111078 
3062.119799  	83.980606 
3062.477106  	83.991552 
3062.834412  	84.040884 
3063.191719  	84.303681 
3063.549026  	84.472086 
3063.906333  	84.448533 
3064.263640  	84.313000 
3064.620947  	84.070781 
3064.978254  	84.028340 
3065.335560  	84.186813 
3065.692867  	84.307069 
3066.050174  	84.250379 
3066.407481  	84.033060 
3066.764788  	83.865458 
3067.122095  	83.921535 
3067.479402  	84.098932 
3067.836708  	84.126752 
3068.194015  	84.136920 
3068.551322  	84.110897 
3068.908629  	83.995406 
3069.265936  	84.163747 
3069.623243  	84.272470 
3069.980550  	84.122515 
3070.337857  	84.148258 
3070.695163  	84.241998 
3071.052470  	84.292773 
3071.409777  	84.251318 
3071.767084  	84.159529 
3072.124391  	84.201554 
3072.481698  	84.173965 
3072.839005  	84.133059 
3073.196311  	84.183866 
3073.553618  	84.200228 
3073.910925  	84.210984 
3074.268232  	84.128322 
3074.625539  	84.042107 
3074.982846  	84.162129 
3075.340153  	84.338701 
3075.697459  	84.312776 
3076.054766  	84.324786 
3076.412073  	84.694415 
3076.769380  	84.713018 
3077.126687  	84.169365 
3077.483994  	84.032750 
3077.841301  	84.072431 
3078.198607  	83.743237 
3078.555914  	83.699532 
3078.913221  	83.957217 
3079.270528  	83.992278 
3079.627835  	83.938512 
3079.985142  	83.849781 
3080.342449  	83.765236 
3080.699755  	83.878018 
3081.057062  	83.958573 
3081.414369  	83.925455 
3081.771676  	83.882337 
3082.128983  	83.702756 
3082.486290  	83.650846 
3082.843597  	83.873395 
3083.200904  	83.903673 
3083.558210  	83.720539 
3083.915517  	83.656581 
3084.272824  	83.758439 
3084.630131  	83.909287 
3084.987438  	83.912152 
3085.344745  	83.904049 
3085.702052  	83.991196 
3086.059358  	83.927428 
3086.416665  	83.921973 
3086.773972  	84.073818 
3087.131279  	84.049513 
3087.488586  	83.846614 
3087.845893  	83.583312 
3088.203200  	83.573565 
3088.560506  	83.827509 
3088.917813  	83.806230 
3089.275120  	83.642281 
3089.632427  	83.586815 
3089.989734  	83.458230 
3090.347041  	83.397693 
3090.704348  	83.639857 
3091.061654  	83.945787 
3091.418961  	83.873462 
3091.776268  	83.735692 
3092.133575  	83.805266 
3092.490882  	83.742495 
3092.848189  	83.845615 
3093.205496  	84.051756 
3093.562802  	83.850951 
3093.920109  	83.611771 
3094.277416  	83.565275 
3094.634723  	83.646134 
3094.992030  	83.750462 
3095.349337  	83.859582 
3095.706644  	84.063573 
3096.063950  	83.935410 
3096.421257  	83.837659 
3096.778564  	84.110352 
3097.135871  	84.015246 
3097.493178  	83.852049 
3097.850485  	83.959908 
3098.207792  	83.990576 
3098.565099  	83.968457 
3098.922405  	83.831845 
3099.279712  	83.844702 
3099.637019  	83.955024 
3099.994326  	83.766623 
3100.351633  	83.760667 
3100.708940  	83.971807 
3101.066247  	83.852968 
3101.423553  	83.703700 
3101.780860  	84.016425 
3102.138167  	84.174195 
3102.495474  	83.810447 
3102.852781  	83.707641 
3103.210088  	83.843461 
3103.567395  	83.957814 
3103.924701  	84.092135 
3104.282008  	83.994740 
3104.639315  	84.071892 
3104.996622  	84.122440 
3105.353929  	83.903967 
3105.711236  	84.023160 
3106.068543  	84.116909 
3106.425849  	84.049595 
3106.783156  	83.991018 
3107.140463  	83.874163 
3107.497770  	84.022340 
3107.855077  	84.169598 
3108.212384  	84.262197 
3108.569691  	84.351481 
3108.926997  	84.186932 
3109.284304  	84.112848 
3109.641611  	84.052271 
3109.998918  	83.927831 
3110.356225  	84.043765 
3110.713532  	84.240458 
3111.070839  	84.327130 
3111.428146  	84.337078 
3111.785452  	84.422446 
3112.142759  	84.434788 
3112.500066  	84.380702 
3112.857373  	84.522779 
3113.214680  	84.460945 
3113.571987  	84.181447 
3113.929294  	84.203619 
3114.286600  	84.333412 
3114.643907  	84.318084 
3115.001214  	84.353564 
3115.358521  	84.276437 
3115.715828  	84.106828 
3116.073135  	84.212730 
3116.430442  	84.125118 
3116.787748  	83.939490 
3117.145055  	84.177789 
3117.502362  	84.249227 
3117.859669  	84.191302 
3118.216976  	84.333099 
3118.574283  	84.405920 
3118.931590  	84.285130 
3119.288896  	84.022423 
3119.646203  	84.020528 
3120.003510  	84.023998 
3120.360817  	83.868053 
3120.718124  	84.035942 
3121.075431  	84.167280 
3121.432738  	84.209793 
3121.790044  	84.364754 
3122.147351  	84.412782 
3122.504658  	84.276353 
3122.861965  	84.017881 
3123.219272  	84.228676 
3123.576579  	84.582017 
3123.933886  	84.352165 
3124.291193  	84.078867 
3124.648499  	84.040530 
3125.005806  	84.119872 
3125.363113  	84.134431 
3125.720420  	84.008566 
3126.077727  	84.098578 
3126.435034  	84.349203 
3126.792341  	84.558136 
3127.149647  	84.536638 
3127.506954  	84.180332 
3127.864261  	83.891740 
3128.221568  	83.926785 
3128.578875  	84.053456 
3128.936182  	84.045113 
3129.293489  	84.130126 
3129.650795  	84.371873 
3130.008102  	84.384289 
3130.365409  	84.140888 
3130.722716  	84.024587 
3131.080023  	84.134369 
3131.437330  	84.154134 
3131.794637  	84.118469 
3132.151943  	84.110750 
3132.509250  	84.067634 
3132.866557  	84.154459 
3133.223864  	84.104589 
3133.581171  	83.999012 
3133.938478  	84.005390 
3134.295785  	83.786627 
3134.653091  	83.881971 
3135.010398  	84.230367 
3135.367705  	84.124637 
3135.725012  	84.013046 
3136.082319  	84.182376 
3136.439626  	84.451652 
3136.796933  	84.551151 
3137.154240  	84.243247 
3137.511546  	83.981199 
3137.868853  	83.965179 
3138.226160  	83.879212 
3138.583467  	83.873048 
3138.940774  	84.178715 
3139.298081  	84.372630 
3139.655388  	84.235476 
3140.012694  	84.212244 
3140.370001  	84.262042 
3140.727308  	84.119605 
3141.084615  	84.014741 
3141.441922  	84.117453 
3141.799229  	84.249415 
3142.156536  	84.233083 
3142.513842  	84.259803 
3142.871149  	84.225851 
3143.228456  	83.953430 
3143.585763  	83.960732 
3143.943070  	84.019010 
3144.300377  	83.735799 
3144.657684  	83.757508 
3145.014990  	83.888781 
3145.372297  	83.755039 
3145.729604  	83.764496 
3146.086911  	83.777875 
3146.444218  	83.800312 
3146.801525  	83.914984 
3147.158832  	83.824478 
3147.516138  	83.656650 
3147.873445  	83.541660 
3148.230752  	83.611639 
3148.588059  	83.805506 
3148.945366  	83.873289 
3149.302673  	83.954767 
3149.659980  	83.924171 
3150.017287  	83.807332 
3150.374593  	83.822895 
3150.731900  	83.880573 
3151.089207  	83.904118 
3151.446514  	83.731542 
3151.803821  	83.761888 
3152.161128  	84.015806 
3152.518435  	83.884828 
3152.875741  	83.772038 
3153.233048  	83.787802 
3153.590355  	83.668628 
3153.947662  	83.587317 
3154.304969  	83.520436 
3154.662276  	83.625375 
3155.019583  	83.859536 
3155.376889  	84.047871 
3155.734196  	84.072738 
3156.091503  	83.874551 
3156.448810  	83.837355 
3156.806117  	83.753120 
3157.163424  	83.536055 
3157.520731  	83.680209 
3157.878037  	83.903420 
3158.235344  	83.842492 
3158.592651  	83.663442 
3158.949958  	83.622721 
3159.307265  	83.649985 
3159.664572  	83.645730 
3160.021879  	83.706096 
3160.379185  	83.577898 
3160.736492  	83.398779 
3161.093799  	83.425641 
3161.451106  	83.575569 
3161.808413  	83.845590 
3162.165720  	83.721177 
3162.523027  	83.451332 
3162.880334  	83.723172 
3163.237640  	83.862669 
3163.594947  	83.603078 
3163.952254  	83.442539 
3164.309561  	83.609769 
3164.666868  	83.898033 
3165.024175  	83.644758 
3165.381482  	83.245311 
3165.738788  	83.338331 
3166.096095  	83.408699 
3166.453402  	83.375478 
3166.810709  	83.494705 
3167.168016  	83.637685 
3167.525323  	83.705136 
3167.882630  	83.707746 
3168.239936  	83.839230 
3168.597243  	83.798205 
3168.954550  	83.493606 
3169.311857  	83.560783 
3169.669164  	83.696523 
3170.026471  	83.576899 
3170.383778  	83.599016 
3170.741084  	83.720249 
3171.098391  	83.876491 
3171.455698  	83.823006 
3171.813005  	83.517106 
3172.170312  	83.525995 
3172.527619  	83.610362 
3172.884926  	83.469749 
3173.242232  	83.481900 
3173.599539  	83.600597 
3173.956846  	83.594944 
3174.314153  	83.557163 
3174.671460  	83.675853 
3175.028767  	83.828221 
3175.386074  	83.654155 
3175.743380  	83.336448 
3176.100687  	83.369530 
3176.457994  	83.578283 
3176.815301  	83.469396 
3177.172608  	83.281277 
3177.529915  	83.445555 
3177.887222  	83.643220 
3178.244529  	83.609596 
3178.601835  	83.520634 
3178.959142  	83.282589 
3179.316449  	83.049189 
3179.673756  	83.190264 
3180.031063  	83.379196 
3180.388370  	83.287319 
3180.745677  	83.029258 
3181.102983  	82.861956 
3181.460290  	82.991231 
3181.817597  	83.118553 
3182.174904  	83.150926 
3182.532211  	83.197509 
3182.889518  	83.115944 
3183.246825  	83.091377 
3183.604131  	83.079251 
3183.961438  	83.148117 
3184.318745  	83.389020 
3184.676052  	83.264381 
3185.033359  	83.044538 
3185.390666  	82.947584 
3185.747973  	82.771475 
3186.105279  	82.879209 
3186.462586  	82.888469 
3186.819893  	82.661672 
3187.177200  	82.769040 
3187.534507  	83.027860 
3187.891814  	83.149214 
3188.249121  	83.056250 
3188.606427  	82.951832 
3188.963734  	83.035479 
3189.321041  	83.107822 
3189.678348  	83.225514 
3190.035655  	83.307632 
3190.392962  	83.246799 
3190.750269  	83.167980 
3191.107576  	82.949597 
3191.464882  	82.804657 
3191.822189  	82.952455 
3192.179496  	82.987849 
3192.536803  	82.773598 
3192.894110  	82.652975 
3193.251417  	82.610420 
3193.608724  	82.486437 
3193.966030  	82.537271 
3194.323337  	82.624721 
3194.680644  	82.512459 
3195.037951  	82.638308 
3195.395258  	82.879724 
3195.752565  	82.812247 
3196.109872  	82.703518 
3196.467178  	82.511574 
3196.824485  	82.182575 
3197.181792  	82.160342 
3197.539099  	82.333418 
3197.896406  	82.477050 
3198.253713  	82.511886 
3198.611020  	82.223344 
3198.968326  	82.244265 
3199.325633  	82.661116 
3199.682940  	82.609321 
3200.040247  	82.480748 
3200.397554  	82.448442 
3200.754861  	82.063635 
3201.112168  	81.853564 
3201.469474  	81.816559 
3201.826781  	81.780528 
3202.184088  	82.001143 
3202.541395  	81.971514 
3202.898702  	81.673512 
3203.256009  	81.755189 
3203.613316  	82.023009 
3203.970623  	81.983072 
3204.327929  	81.825055 
3204.685236  	81.694585 
3205.042543  	81.430486 
3205.399850  	81.524106 
3205.757157  	81.927845 
3206.114464  	81.824496 
3206.471771  	81.436572 
3206.829077  	81.098167 
3207.186384  	80.851519 
3207.543691  	81.040744 
3207.900998  	81.343759 
3208.258305  	81.277480 
3208.615612  	81.163619 
3208.972919  	81.217508 
3209.330225  	81.055318 
3209.687532  	80.765180 
3210.044839  	80.740595 
3210.402146  	80.780293 
3210.759453  	80.748939 
3211.116760  	80.588268 
3211.474067  	80.346811 
3211.831373  	80.228125 
3212.188680  	80.007630 
3212.545987  	79.993902 
3212.903294  	80.335437 
3213.260601  	80.241259 
3213.617908  	80.022524 
3213.975215  	80.241682 
3214.332521  	80.125311 
3214.689828  	79.691686 
3215.047135  	79.750621 
3215.404442  	79.695305 
3215.761749  	79.267664 
3216.119056  	79.359266 
3216.476363  	79.621187 
3216.833670  	79.656117 
3217.190976  	79.858945 
3217.548283  	79.887168 
3217.905590  	79.740019 
3218.262897  	79.835290 
3218.620204  	79.858794 
3218.977511  	79.582916 
3219.334818  	79.505383 
3219.692124  	79.807411 
3220.049431  	79.911173 
3220.406738  	79.696442 
3220.764045  	79.381250 
3221.121352  	79.107561 
3221.478659  	79.073742 
3221.835966  	79.129694 
3222.193272  	79.245438 
3222.550579  	79.285222 
3222.907886  	79.151608 
3223.265193  	79.213794 
3223.622500  	79.409758 
3223.979807  	79.611413 
3224.337114  	79.654584 
3224.694420  	79.538045 
3225.051727  	79.689227 
3225.409034  	79.749467 
3225.766341  	79.600290 
3226.123648  	79.534363 
3226.480955  	79.320668 
3226.838262  	79.362794 
3227.195568  	79.727084 
3227.552875  	79.721681 
3227.910182  	79.637297 
3228.267489  	79.755291 
3228.624796  	79.772734 
3228.982103  	79.829341 
3229.339410  	79.931754 
3229.696717  	79.985569 
3230.054023  	79.966670 
3230.411330  	79.722270 
3230.768637  	79.811175 
3231.125944  	80.061405 
3231.483251  	79.774046 
3231.840558  	79.739813 
3232.197865  	80.034761 
3232.555171  	80.063893 
3232.912478  	80.005424 
3233.269785  	79.776678 
3233.627092  	79.764468 
3233.984399  	80.234133 
3234.341706  	80.577168 
3234.699013  	80.492509 
3235.056319  	80.199979 
3235.413626  	80.069792 
3235.770933  	80.035093 
3236.128240  	80.093265 
3236.485547  	80.171438 
3236.842854  	80.082477 
3237.200161  	80.165807 
3237.557467  	80.081275 
3237.914774  	79.852463 
3238.272081  	79.969054 
3238.629388  	79.954145 
3238.986695  	79.983144 
3239.344002  	80.155293 
3239.701309  	80.040119 
3240.058615  	80.007077 
3240.415922  	80.022065 
3240.773229  	79.730486 
3241.130536  	79.438633 
3241.487843  	79.518886 
3241.845150  	79.661165 
3242.202457  	79.588603 
3242.559764  	79.722786 
3242.917070  	79.874095 
3243.274377  	79.750763 
3243.631684  	79.773237 
3243.988991  	79.790032 
3244.346298  	79.673181 
3244.703605  	79.975262 
3245.060912  	80.470383 
3245.418218  	80.418724 
3245.775525  	80.108151 
3246.132832  	80.008009 
3246.490139  	79.953220 
3246.847446  	79.854349 
3247.204753  	79.833770 
3247.562060  	79.966225 
3247.919366  	79.996572 
3248.276673  	79.988076 
3248.633980  	80.313606 
3248.991287  	80.572932 
3249.348594  	80.616596 
3249.705901  	80.819305 
3250.063208  	80.952242 
3250.420514  	80.725582 
3250.777821  	80.494659 
3251.135128  	80.616719 
3251.492435  	80.732129 
3251.849742  	80.656777 
3252.207049  	80.547727 
3252.564356  	80.367414 
3252.921662  	80.487626 
3253.278969  	80.842926 
3253.636276  	80.906527 
3253.993583  	80.905078 
3254.350890  	81.028862 
3254.708197  	81.071232 
3255.065504  	81.102066 
3255.422810  	81.221586 
3255.780117  	81.115430 
3256.137424  	80.892231 
3256.494731  	81.064196 
3256.852038  	81.265664 
3257.209345  	81.204693 
3257.566652  	81.183199 
3257.923959  	81.228605 
3258.281265  	81.366699 
3258.638572  	81.392140 
3258.995879  	81.165355 
3259.353186  	81.161985 
3259.710493  	81.374345 
3260.067800  	81.364234 
3260.425107  	81.341932 
3260.782413  	81.466681 
3261.139720  	81.498603 
3261.497027  	81.516925 
3261.854334  	81.412317 
3262.211641  	81.077978 
3262.568948  	80.943092 
3262.926255  	81.131286 
3263.283561  	81.312042 
3263.640868  	81.325484 
3263.998175  	81.363432 
3264.355482  	81.408146 
3264.712789  	81.469660 
3265.070096  	81.663598 
3265.427403  	81.593915 
3265.784709  	81.488582 
3266.142016  	81.483397 
3266.499323  	81.324350 
3266.856630  	81.534085 
3267.213937  	81.674576 
3267.571244  	81.509164 
3267.928551  	81.542561 
3268.285857  	81.298187 
3268.643164  	81.096662 
3269.000471  	81.198491 
3269.357778  	81.237184 
3269.715085  	81.416826 
3270.072392  	81.446892 
3270.429699  	81.294543 
3270.787006  	81.267557 
3271.144312  	81.391194 
3271.501619  	81.594707 
3271.858926  	81.536086 
3272.216233  	81.415822 
3272.573540  	81.460083 
3272.930847  	81.503739 
3273.288154  	81.449437 
3273.645460  	81.357741 
3274.002767  	81.462026 
3274.360074  	81.366874 
3274.717381  	81.117414 
3275.074688  	81.337090 
3275.431995  	81.568920 
3275.789302  	81.403355 
3276.146608  	81.204609 
3276.503915  	81.098699 
3276.861222  	80.955310 
3277.218529  	80.932868 
3277.575836  	81.039618 
3277.933143  	81.142620 
3278.290450  	81.343629 
3278.647756  	81.295095 
3279.005063  	81.012936 
3279.362370  	80.755779 
3279.719677  	80.557877 
3280.076984  	81.002225 
3280.434291  	81.373245 
3280.791598  	81.024662 
3281.148904  	81.005474 
3281.506211  	81.118625 
3281.863518  	80.897774 
3282.220825  	80.701591 
3282.578132  	80.708321 
3282.935439  	81.081878 
3283.292746  	81.245539 
3283.650053  	80.836792 
3284.007359  	80.681879 
3284.364666  	81.120086 
3284.721973  	81.338235 
3285.079280  	81.009034 
3285.436587  	80.833235 
3285.793894  	80.875388 
3286.151201  	80.888777 
3286.508507  	80.939959 
3286.865814  	80.816388 
3287.223121  	80.578094 
3287.580428  	80.489486 
3287.937735  	80.634919 
3288.295042  	80.888321 
3288.652349  	81.058728 
3289.009655  	80.980422 
3289.366962  	80.496160 
3289.724269  	80.196277 
3290.081576  	80.339733 
3290.438883  	80.391649 
3290.796190  	80.511530 
3291.153497  	80.630062 
3291.510803  	80.328989 
3291.868110  	80.115252 
3292.225417  	80.347640 
3292.582724  	80.588139 
3292.940031  	80.539039 
3293.297338  	80.364260 
3293.654645  	80.334690 
3294.011951  	80.356052 
3294.369258  	80.156069 
3294.726565  	80.124122 
3295.083872  	80.391202 
3295.441179  	80.337983 
3295.798486  	80.176769 
3296.155793  	80.227451 
3296.513100  	80.241192 
3296.870406  	80.211295 
3297.227713  	80.167192 
3297.585020  	80.297200 
3297.942327  	80.348517 
3298.299634  	80.073132 
3298.656941  	79.958665 
3299.014248  	79.830929 
3299.371554  	79.800139 
3299.728861  	80.227465 
3300.086168  	80.443741 
3300.443475  	80.334083 
3300.800782  	80.132568 
3301.158089  	79.916346 
3301.515396  	80.021554 
3301.872702  	80.160930 
3302.230009  	80.197737 
3302.587316  	80.156776 
3302.944623  	79.689148 
3303.301930  	79.463589 
3303.659237  	79.735098 
3304.016544  	79.646506 
3304.373850  	79.706838 
3304.731157  	80.177896 
3305.088464  	80.090651 
3305.445771  	79.902204 
3305.803078  	80.076488 
3306.160385  	79.906559 
3306.517692  	79.520482 
3306.874998  	79.407628 
3307.232305  	79.472095 
3307.589612  	79.524885 
3307.946919  	79.551015 
3308.304226  	79.572355 
3308.661533  	79.416302 
3309.018840  	79.139816 
3309.376147  	79.155919 
3309.733453  	79.397899 
3310.090760  	79.397470 
3310.448067  	79.301545 
3310.805374  	79.331248 
3311.162681  	79.247049 
3311.519988  	79.086753 
3311.877295  	78.808310 
3312.234601  	78.561920 
3312.591908  	78.651341 
3312.949215  	78.661957 
3313.306522  	78.691441 
3313.663829  	78.863462 
3314.021136  	78.703551 
3314.378443  	78.589778 
3314.735749  	78.698382 
3315.093056  	78.706079 
3315.450363  	78.683824 
3315.807670  	78.634616 
3316.164977  	78.670577 
3316.522284  	78.657360 
3316.879591  	78.378711 
3317.236897  	78.222575 
3317.594204  	78.255534 
3317.951511  	78.371889 
3318.308818  	78.466316 
3318.666125  	78.139415 
3319.023432  	77.869181 
3319.380739  	78.048514 
3319.738045  	78.021495 
3320.095352  	77.913463 
3320.452659  	78.025701 
3320.809966  	78.115277 
3321.167273  	78.247467 
3321.524580  	78.142138 
3321.881887  	77.976565 
3322.239194  	78.117318 
3322.596500  	78.033559 
3322.953807  	77.967218 
3323.311114  	78.112062 
3323.668421  	78.200580 
3324.025728  	78.501585 
3324.383035  	78.414312 
3324.740342  	77.875696 
3325.097648  	77.838780 
3325.454955  	77.906719 
3325.812262  	77.678792 
3326.169569  	77.680950 
3326.526876  	77.907735 
3326.884183  	77.968906 
3327.241490  	77.933923 
3327.598796  	77.947720 
3327.956103  	77.890326 
3328.313410  	77.948929 
3328.670717  	78.068842 
3329.028024  	77.921706 
3329.385331  	77.771311 
3329.742638  	77.725719 
3330.099944  	77.624304 
3330.457251  	77.484475 
3330.814558  	77.392114 
3331.171865  	77.487235 
3331.529172  	77.577515 
3331.886479  	77.494754 
3332.243786  	77.316854 
3332.601092  	77.194160 
3332.958399  	77.278705 
3333.315706  	77.126218 
3333.673013  	76.735949 
3334.030320  	76.743317 
3334.387627  	76.909993 
3334.744934  	76.976135 
3335.102240  	77.012537 
3335.459547  	76.795057 
3335.816854  	76.622982 
3336.174161  	76.807363 
3336.531468  	76.915796 
3336.888775  	76.796334 
3337.246082  	76.651768 
3337.603389  	76.423224 
3337.960695  	76.378007 
3338.318002  	76.379931 
3338.675309  	75.959298 
3339.032616  	75.852330 
3339.389923  	76.031035 
3339.747230  	75.705840 
3340.104537  	75.536849 
3340.461843  	75.657691 
3340.819150  	75.589555 
3341.176457  	75.436382 
3341.533764  	75.240632 
3341.891071  	75.249823 
3342.248378  	75.283273 
3342.605685  	75.119509 
3342.962991  	74.987878 
3343.320298  	74.810684 
3343.677605  	74.682767 
3344.034912  	74.460189 
3344.392219  	74.152814 
3344.749526  	74.101401 
3345.106833  	73.839566 
3345.464139  	73.489374 
3345.821446  	73.610957 
3346.178753  	73.642609 
3346.536060  	73.245130 
3346.893367  	73.057127 
3347.250674  	73.273785 
3347.607981  	73.332050 
3347.965287  	73.078438 
3348.322594  	72.695607 
3348.679901  	72.311976 
3349.037208  	72.015783 
3349.394515  	71.708026 
3349.751822  	71.521254 
3350.109129  	71.413379 
3350.466436  	71.234972 
3350.823742  	71.138409 
3351.181049  	70.974001 
3351.538356  	70.731757 
3351.895663  	70.482951 
3352.252970  	70.136463 
3352.610277  	69.791175 
3352.967584  	69.509521 
3353.324890  	69.330886 
3353.682197  	69.113317 
3354.039504  	68.913669 
3354.396811  	68.695017 
3354.754118  	68.029332 
3355.111425  	67.526411 
3355.468732  	67.415981 
3355.826038  	66.928320 
3356.183345  	66.521810 
3356.540652  	66.419616 
3356.897959  	65.905934 
3357.255266  	65.377983 
3357.612573  	65.159170 
3357.969880  	64.725376 
3358.327186  	64.214226 
3358.684493  	63.789647 
3359.041800  	63.262651 
3359.399107  	62.747900 
3359.756414  	62.170871 
3360.113721  	61.639027 
3360.471028  	61.284055 
3360.828334  	60.743661 
3361.185641  	60.073268 
3361.542948  	59.501556 
3361.900255  	59.100752 
3362.257562  	58.897974 
3362.614869  	58.535183 
3362.972176  	57.888270 
3363.329483  	57.254660 
3363.686789  	56.747230 
3364.044096  	56.306976 
3364.401403  	55.981899 
3364.758710  	55.582265 
3365.116017  	54.820201 
3365.473324  	54.273327 
3365.830631  	54.262550 
3366.187937  	54.057797 
3366.545244  	53.624340 
3366.902551  	53.501840 
3367.259858  	53.547153 
3367.617165  	53.529699 
3367.974472  	53.408516 
3368.331779  	53.243579 
3368.689085  	53.436646 
3369.046392  	53.920049 
3369.403699  	54.217875 
3369.761006  	54.251602 
3370.118313  	54.119442 
3370.475620  	54.299585 
3370.832927  	54.982115 
3371.190233  	55.640955 
3371.547540  	56.225643 
3371.904847  	56.860489 
3372.262154  	57.504353 
3372.619461  	58.082234 
3372.976768  	58.653668 
3373.334075  	59.463359 
3373.691381  	60.105386 
3374.048688  	60.651055 
3374.405995  	61.647604 
3374.763302  	62.826204 
3375.120609  	63.914821 
3375.477916  	64.697488 
3375.835223  	65.442892 
3376.192530  	66.568910 
3376.549836  	67.609312 
3376.907143  	68.473825 
3377.264450  	69.316896 
3377.621757  	70.135162 
3377.979064  	71.058679 
3378.336371  	72.041417 
3378.693678  	72.935996 
3379.050984  	73.591468 
3379.408291  	74.346880 
3379.765598  	75.267144 
3380.122905  	76.022784 
3380.480212  	76.710271 
3380.837519  	77.111361 
3381.194826  	77.463122 
3381.552132  	78.149709 
3381.909439  	78.536081 
3382.266746  	78.543592 
3382.624053  	78.845047 
3382.981360  	79.537385 
3383.338667  	80.054722 
3383.695974  	80.294038 
3384.053280  	80.556852 
3384.410587  	80.851940 
3384.767894  	81.184549 
3385.125201  	81.199487 
3385.482508  	81.054819 
3385.839815  	81.257801 
3386.197122  	81.363500 
3386.554428  	81.527512 
3386.911735  	82.007838 
3387.269042  	82.250461 
3387.626349  	82.336327 
3387.983656  	82.427115 
3388.340963  	82.432999 
3388.698270  	82.496350 
3389.055577  	82.519309 
3389.412883  	82.527120 
3389.770190  	82.718702 
3390.127497  	82.774626 
3390.484804  	82.625585 
3390.842111  	82.775107 
3391.199418  	83.100985 
3391.556725  	83.183651 
3391.914031  	83.122032 
3392.271338  	83.152003 
3392.628645  	83.262328 
3392.985952  	83.212715 
3393.343259  	82.993164 
3393.700566  	82.806400 
3394.057873  	82.819388 
3394.415179  	83.016248 
3394.772486  	83.093525 
3395.129793  	82.967494 
3395.487100  	82.890216 
3395.844407  	83.077520 
3396.201714  	83.202019 
3396.559021  	82.985386 
3396.916327  	83.099424 
3397.273634  	83.480697 
3397.630941  	83.168952 
3397.988248  	82.625330 
3398.345555  	82.720259 
3398.702862  	83.007134 
3399.060169  	83.122609 
3399.417475  	83.181537 
3399.774782  	82.953321 
3400.132089  	82.760740 
3400.489396  	82.818500 
3400.846703  	82.674123 
3401.204010  	82.594554 
3401.561317  	82.665838 
3401.918624  	82.685061 
3402.275930  	82.759343 
3402.633237  	82.605472 
3402.990544  	82.446121 
3403.347851  	82.568611 
3403.705158  	82.502236 
3404.062465  	82.357963 
3404.419772  	82.548145 
3404.777078  	82.578970 
3405.134385  	82.334485 
3405.491692  	82.420599 
3405.848999  	82.364960 
3406.206306  	82.116829 
3406.563613  	82.276574 
3406.920920  	82.197256 
3407.278226  	81.907716 
3407.635533  	81.817632 
3407.992840  	81.756198 
3408.350147  	81.876681 
3408.707454  	81.842035 
3409.064761  	81.681776 
3409.422068  	81.674675 
3409.779374  	81.694960 
3410.136681  	81.841672 
3410.493988  	81.820418 
3410.851295  	81.751157 
3411.208602  	81.838091 
3411.565909  	81.702750 
3411.923216  	81.478680 
3412.280522  	81.313265 
3412.637829  	81.350335 
3412.995136  	81.554249 
3413.352443  	81.551042 
3413.709750  	81.543260 
3414.067057  	81.477877 
3414.424364  	81.184664 
3414.781671  	81.254999 
3415.138977  	81.557563 
3415.496284  	81.331366 
3415.853591  	80.953313 
3416.210898  	80.716217 
3416.568205  	80.358432 
3416.925512  	80.323070 
3417.282819  	80.603315 
3417.640125  	80.814992 
3417.997432  	80.889063 
3418.354739  	80.789963 
3418.712046  	80.836046 
3419.069353  	80.753506 
3419.426660  	80.453287 
3419.783967  	80.388760 
3420.141273  	80.301692 
3420.498580  	80.374268 
3420.855887  	80.586479 
3421.213194  	80.322941 
3421.570501  	79.903599 
3421.927808  	79.845386 
3422.285115  	80.109581 
3422.642421  	80.243449 
3422.999728  	80.097368 
3423.357035  	79.791718 
3423.714342  	79.597252 
3424.071649  	79.913333 
3424.428956  	80.155103 
3424.786263  	80.077092 
3425.143569  	80.044799 
3425.500876  	79.830321 
3425.858183  	79.620805 
3426.215490  	79.417468 
3426.572797  	79.213579 
3426.930104  	79.387073 
3427.287411  	79.467298 
3427.644717  	79.352895 
3428.002024  	79.300972 
3428.359331  	79.063049 
3428.716638  	78.895136 
3429.073945  	78.901683 
3429.431252  	78.777528 
3429.788559  	78.632493 
3430.145866  	78.518141 
3430.503172  	78.419448 
3430.860479  	78.440200 
3431.217786  	78.515143 
3431.575093  	78.601663 
3431.932400  	78.536714 
3432.289707  	78.317849 
3432.647014  	78.293213 
3433.004320  	78.275869 
3433.361627  	78.135915 
3433.718934  	78.164018 
3434.076241  	78.195043 
3434.433548  	78.078953 
3434.790855  	77.942736 
3435.148162  	77.823499 
3435.505468  	77.588159 
3435.862775  	77.320253 
3436.220082  	77.349249 
3436.577389  	77.386832 
3436.934696  	77.264585 
3437.292003  	77.210464 
3437.649310  	76.981238 
3438.006616  	76.644744 
3438.363923  	76.574025 
3438.721230  	76.649729 
3439.078537  	76.465364 
3439.435844  	76.159693 
3439.793151  	76.205203 
3440.150458  	76.250088 
3440.507764  	76.059995 
3440.865071  	75.719515 
3441.222378  	75.250764 
3441.579685  	75.165444 
3441.936992  	75.232615 
3442.294299  	75.173676 
3442.651606  	75.123760 
3443.008913  	74.657842 
3443.366219  	74.376739 
3443.723526  	74.490401 
3444.080833  	74.293948 
3444.438140  	74.115479 
3444.795447  	74.004200 
3445.152754  	73.858891 
3445.510061  	73.633687 
3445.867367  	73.341007 
3446.224674  	73.675275 
3446.581981  	73.968646 
3446.939288  	73.512444 
3447.296595  	72.908287 
3447.653902  	72.241492 
3448.011209  	71.974609 
3448.368515  	72.161135 
3448.725822  	72.089480 
3449.083129  	71.852075 
3449.440436  	71.542685 
3449.797743  	71.077391 
3450.155050  	70.827622 
3450.512357  	70.926946 
3450.869663  	70.693687 
3451.226970  	70.103614 
3451.584277  	69.792917 
3451.941584  	69.446067 
3452.298891  	69.216459 
3452.656198  	69.287318 
3453.013505  	69.008040 
3453.370811  	68.650792 
3453.728118  	68.457855 
3454.085425  	68.200527 
3454.442732  	67.905731 
3454.800039  	67.665199 
3455.157346  	67.450843 
3455.514653  	66.908687 
3455.871960  	66.491630 
3456.229266  	66.342884 
3456.586573  	65.749705 
3456.943880  	65.221625 
3457.301187  	64.996189 
3457.658494  	64.648159 
3458.015801  	64.287650 
3458.373108  	63.910247 
3458.730414  	63.625410 
3459.087721  	63.366905 
3459.445028  	62.808920 
3459.802335  	62.114249 
3460.159642  	61.698678 
3460.516949  	61.519907 
3460.874256  	61.118171 
3461.231562  	60.641854 
3461.588869  	60.369294 
3461.946176  	60.163448 
3462.303483  	59.978806 
3462.660790  	59.616906 
3463.018097  	59.083028 
3463.375404  	58.718084 
3463.732710  	58.594366 
3464.090017  	58.331728 
3464.447324  	57.793400 
3464.804631  	57.675503 
3465.161938  	57.994375 
3465.519245  	57.918762 
3465.876552  	57.610845 
3466.233858  	57.482624 
3466.591165  	57.469920 
3466.948472  	57.739360 
3467.305779  	58.002989 
3467.663086  	57.956467 
3468.020393  	58.110711 
3468.377700  	58.493114 
3468.735007  	58.821135 
3469.092313  	59.131214 
3469.449620  	59.500893 
3469.806927  	60.103816 
3470.164234  	60.512593 
3470.521541  	60.690882 
3470.878848  	61.336750 
3471.236155  	62.196160 
3471.593461  	62.876777 
3471.950768  	63.416982 
3472.308075  	64.105133 
3472.665382  	65.000851 
3473.022689  	65.581716 
3473.379996  	66.240808 
3473.737303  	67.214272 
3474.094609  	68.075078 
3474.451916  	68.961681 
3474.809223  	69.816831 
3475.166530  	70.546970 
3475.523837  	71.152939 
3475.881144  	71.922369 
3476.238451  	72.973582 
3476.595757  	73.643106 
3476.953064  	74.148095 
3477.310371  	74.890199 
3477.667678  	75.702512 
3478.024985  	76.473367 
3478.382292  	77.056733 
3478.739599  	77.791164 
3479.096905  	78.453681 
3479.454212  	78.797652 
3479.811519  	79.408128 
3480.168826  	80.149621 
3480.526133  	80.832017 
3480.883440  	81.339485 
3481.240747  	81.499995 
3481.598054  	81.933282 
3481.955360  	82.650315 
3482.312667  	83.077662 
3482.669974  	83.266172 
3483.027281  	83.400966 
3483.384588  	83.730426 
3483.741895  	84.349173 
3484.099202  	84.566295 
3484.456508  	84.410815 
3484.813815  	84.841462 
3485.171122  	85.372116 
3485.528429  	85.408048 
3485.885736  	85.476926 
3486.243043  	85.589382 
3486.600350  	85.724066 
3486.957656  	85.950955 
3487.314963  	86.072639 
3487.672270  	86.122935 
3488.029577  	86.274364 
3488.386884  	86.542573 
3488.744191  	86.543253 
3489.101498  	86.558627 
3489.458804  	87.073207 
3489.816111  	87.464119 
3490.173418  	87.475462 
3490.530725  	87.425221 
3490.888032  	87.436858 
3491.245339  	87.646742 
3491.602646  	87.797605 
3491.959952  	87.684288 
3492.317259  	87.581493 
3492.674566  	87.684106 
3493.031873  	87.883721 
3493.389180  	87.948575 
3493.746487  	87.999614 
3494.103794  	88.110605 
3494.461101  	88.185881 
3494.818407  	88.403614 
3495.175714  	88.393681 
3495.533021  	88.055570 
3495.890328  	88.091899 
3496.247635  	88.245201 
3496.604942  	88.237375 
3496.962249  	88.326974 
3497.319555  	88.379403 
3497.676862  	88.440769 
3498.034169  	88.379763 
3498.391476  	88.413554 
3498.748783  	88.811204 
3499.106090  	88.905177 
3499.463397  	88.826928 
3499.820703  	88.854615 
3500.178010  	88.687104 
3500.535317  	88.587713 
3500.892624  	88.647506 
3501.249931  	88.748641 
3501.607238  	88.711966 
3501.964545  	88.522659 
3502.321851  	88.580080 
3502.679158  	88.896833 
3503.036465  	89.101450 
3503.393772  	88.777300 
3503.751079  	88.407382 
3504.108386  	88.498179 
3504.465693  	88.534884 
3504.822999  	88.535352 
3505.180306  	88.568512 
3505.537613  	88.552725 
3505.894920  	88.618122 
3506.252227  	88.762354 
3506.609534  	89.013714 
3506.966841  	88.900753 
3507.324147  	88.569752 
3507.681454  	88.564114 
3508.038761  	88.544147 
3508.396068  	88.700081 
3508.753375  	89.098448 
3509.110682  	89.110290 
3509.467989  	88.760144 
3509.825296  	88.447700 
3510.182602  	88.319323 
3510.539909  	88.306314 
3510.897216  	88.530011 
3511.254523  	88.858898 
3511.611830  	88.904179 
3511.969137  	88.853847 
3512.326444  	89.044535 
3512.683750  	89.296427 
3513.041057  	89.059245 
3513.398364  	88.748194 
3513.755671  	88.853771 
3514.112978  	88.725640 
3514.470285  	88.718529 
3514.827592  	89.036354 
3515.184898  	88.999346 
3515.542205  	88.974206 
3515.899512  	88.952409 
3516.256819  	88.881955 
3516.614126  	89.034313 
3516.971433  	88.913483 
3517.328740  	88.764998 
3517.686046  	88.803322 
3518.043353  	88.585897 
3518.400660  	88.434701 
3518.757967  	88.493698 
3519.115274  	88.529021 
3519.472581  	88.577533 
3519.829888  	88.712114 
3520.187194  	88.921931 
3520.544501  	88.789211 
3520.901808  	88.372243 
3521.259115  	88.376775 
3521.616422  	88.556768 
3521.973729  	88.533385 
3522.331036  	88.717082 
3522.688343  	88.937830 
3523.045649  	88.728529 
3523.402956  	88.282554 
3523.760263  	88.127948 
3524.117570  	88.460155 
3524.474877  	88.616653 
3524.832184  	88.380373 
3525.189491  	88.431992 
3525.546797  	88.620693 
3525.904104  	88.465540 
3526.261411  	88.485041 
3526.618718  	88.879256 
3526.976025  	88.755556 
3527.333332  	88.234224 
3527.690639  	88.445859 
3528.047945  	88.842370 
3528.405252  	88.648320 
3528.762559  	88.612310 
3529.119866  	88.682716 
3529.477173  	88.494952 
3529.834480  	88.383591 
3530.191787  	88.241407 
3530.549093  	88.148702 
3530.906400  	88.166316 
3531.263707  	88.116867 
3531.621014  	88.214304 
3531.978321  	88.211848 
3532.335628  	88.199564 
3532.692935  	88.564430 
3533.050241  	88.739803 
3533.407548  	88.775153 
3533.764855  	88.938514 
3534.122162  	88.706053 
3534.479469  	88.361551 
3534.836776  	88.365867 
3535.194083  	88.464546 
3535.551390  	88.568827 
3535.908696  	88.743315 
3536.266003  	88.756238 
3536.623310  	88.300825 
3536.980617  	87.816486 
3537.337924  	87.889676 
3537.695231  	88.201464 
3538.052538  	88.411397 
3538.409844  	88.378546 
3538.767151  	88.185507 
3539.124458  	88.064178 
3539.481765  	87.803726 
3539.839072  	87.518445 
3540.196379  	87.562666 
3540.553686  	87.731400 
3540.910992  	87.943396 
3541.268299  	88.235008 
3541.625606  	88.391707 
3541.982913  	88.210619 
3542.340220  	88.027191 
3542.697527  	88.360671 
3543.054834  	88.658061 
3543.412140  	88.509341 
3543.769447  	88.317614 
3544.126754  	88.126033 
3544.484061  	88.225439 
3544.841368  	88.437715 
3545.198675  	88.192414 
3545.555982  	87.876214 
3545.913288  	87.766427 
3546.270595  	88.045769 
3546.627902  	88.410399 
3546.985209  	88.055447 
3547.342516  	87.225113 
3547.699823  	86.963053 
3548.057130  	87.614345 
3548.414437  	87.970909 
3548.771743  	87.772923 
3549.129050  	88.002681 
3549.486357  	88.082404 
3549.843664  	87.883825 
3550.200971  	88.067225 
3550.558278  	88.055387 
3550.915585  	88.009065 
3551.272891  	88.260657 
3551.630198  	88.293257 
3551.987505  	88.076228 
3552.344812  	87.935704 
3552.702119  	87.958616 
3553.059426  	87.934943 
3553.416733  	88.020637 
3553.774039  	88.113890 
3554.131346  	87.835986 
3554.488653  	87.626239 
3554.845960  	87.736006 
3555.203267  	87.954274 
3555.560574  	88.083230 
3555.917881  	88.021623 
3556.275187  	87.865887 
3556.632494  	87.574346 
3556.989801  	87.536198 
3557.347108  	87.806371 
3557.704415  	87.921684 
3558.061722  	88.009137 
3558.419029  	88.014928 
3558.776335  	88.062701 
3559.133642  	88.330313 
3559.490949  	88.282256 
3559.848256  	88.026677 
3560.205563  	87.877096 
3560.562870  	87.580457 
3560.920177  	87.549135 
3561.277484  	87.947050 
3561.634790  	87.970518 
3561.992097  	87.836386 
3562.349404  	88.152195 
3562.706711  	88.274109 
3563.064018  	88.049110 
3563.421325  	87.924375 
3563.778632  	87.670674 
3564.135938  	87.574171 
3564.493245  	88.158994 
3564.850552  	88.719368 
3565.207859  	88.694591 
3565.565166  	88.823064 
3565.922473  	88.889544 
3566.279780  	87.833569 
3566.637086  	87.107388 
3566.994393  	87.314710 
3567.351700  	87.505296 
3567.709007  	88.087091 
3568.066314  	88.314311 
3568.423621  	87.187350 
3568.780928  	85.682921 
3569.138234  	85.808852 
3569.495541  	87.002771 
3569.852848  	87.705802 
3570.210155  	87.828728 
3570.567462  	87.774260 
3570.924769  	87.464930 
3571.282076  	87.336557 
3571.639382  	87.514614 
3571.996689  	87.463313 
3572.353996  	87.422723 
3572.711303  	87.733602 
3573.068610  	87.610177 
3573.425917  	87.168843 
3573.783224  	87.304982 
3574.140531  	87.554802 
3574.497837  	87.763306 
3574.855144  	87.992419 
3575.212451  	88.066085 
3575.569758  	88.258247 
3575.927065  	88.107927 
3576.284372  	87.825119 
3576.641679  	87.782766 
3576.998985  	87.489191 
3577.356292  	87.517549 
3577.713599  	87.933856 
3578.070906  	87.988404 
3578.428213  	87.868310 
3578.785520  	87.906299 
3579.142827  	88.020887 
3579.500133  	87.796356 
3579.857440  	87.595757 
3580.214747  	87.897110 
3580.572054  	87.910962 
3580.929361  	87.490337 
3581.286668  	87.361312 
3581.643975  	87.434165 
3582.001281  	87.416144 
3582.358588  	87.485352 
3582.715895  	87.517700 
3583.073202  	87.537738 
3583.430509  	87.732075 
3583.787816  	87.641695 
3584.145123  	87.582011 
3584.502429  	87.819236 
3584.859736  	87.906469 
3585.217043  	88.174915 
3585.574350  	88.482900 
3585.931657  	88.657449 
3586.288964  	88.938181 
3586.646271  	88.419030 
3587.003577  	86.898740 
3587.360884  	86.443673 
3587.718191  	87.940578 
3588.075498  	89.094234 
3588.432805  	88.677325 
3588.790112  	87.541181 
3589.147419  	86.469863 
3589.504726  	86.530900 
3589.862032  	87.205342 
3590.219339  	87.238170 
3590.576646  	87.274808 
3590.933953  	87.347714 
3591.291260  	87.338385 
3591.648567  	87.788249 
3592.005874  	87.982105 
3592.363180  	87.846821 
3592.720487  	88.085677 
3593.077794  	88.050075 
3593.435101  	87.345243 
3593.792408  	86.937599 
3594.149715  	87.347649 
3594.507022  	88.009371 
3594.864328  	88.402459 
3595.221635  	88.307522 
3595.578942  	87.670270 
3595.936249  	86.738131 
3596.293556  	86.454518 
3596.650863  	86.956560 
3597.008170  	87.553780 
3597.365476  	87.993971 
3597.722783  	88.017419 
3598.080090  	87.942449 
3598.437397  	88.140169 
3598.794704  	87.934249 
3599.152011  	87.705733 
3599.509318  	87.877625 
3599.866624  	87.974469 
3600.223931  	88.079159 
3600.581238  	88.067305 
3600.938545  	88.031041 
3601.295852  	87.744993 
3601.653159  	87.025887 
3602.010466  	87.091627 
3602.367773  	87.494130 
3602.725079  	87.359827 
3603.082386  	87.371999 
3603.439693  	87.627743 
3603.797000  	87.684885 
3604.154307  	87.642428 
3604.511614  	87.693147 
3604.868921  	87.491352 
3605.226227  	87.133859 
3605.583534  	87.505149 
3605.940841  	88.201774 
3606.298148  	88.450217 
3606.655455  	88.389412 
3607.012762  	87.845379 
3607.370069  	86.871038 
3607.727375  	86.347533 
3608.084682  	87.143594 
3608.441989  	88.451299 
3608.799296  	88.900086 
3609.156603  	88.459771 
3609.513910  	87.147827 
3609.871217  	85.459502 
3610.228523  	85.950583 
3610.585830  	87.237016 
3610.943137  	87.716125 
3611.300444  	88.344947 
3611.657751  	88.941483 
3612.015058  	88.552486 
3612.372365  	88.137730 
3612.729671  	87.730281 
3613.086978  	86.540999 
3613.444285  	86.508538 
3613.801592  	87.587075 
3614.158899  	88.060436 
3614.516206  	87.820164 
3614.873513  	86.811857 
3615.230820  	85.798965 
3615.588126  	86.191870 
3615.945433  	87.138016 
3616.302740  	87.863955 
3616.660047  	88.407688 
3617.017354  	88.605416 
3617.374661  	88.493972 
3617.731968  	88.057200 
3618.089274  	87.560783 
3618.446581  	87.730302 
3618.803888  	88.558187 
3619.161195  	88.940424 
3619.518502  	87.978755 
3619.875809  	86.549829 
3620.233116  	86.118069 
3620.590422  	86.634055 
3620.947729  	87.240449 
3621.305036  	87.320256 
3621.662343  	86.920225 
3622.019650  	86.720568 
3622.376957  	87.145730 
3622.734264  	87.670826 
3623.091570  	87.717479 
3623.448877  	87.500883 
3623.806184  	87.111735 
3624.163491  	86.883723 
3624.520798  	87.165162 
3624.878105  	87.481756 
3625.235412  	87.698086 
3625.592718  	87.764841 
3625.950025  	87.800395 
3626.307332  	87.769562 
3626.664639  	87.362119 
3627.021946  	87.744144 
3627.379253  	88.911479 
3627.736560  	89.273472 
3628.093867  	89.077965 
3628.451173  	89.103218 
3628.808480  	88.550096 
3629.165787  	87.287829 
3629.523094  	86.669748 
3629.880401  	85.658282 
3630.237708  	84.695741 
3630.595015  	85.416341 
3630.952321  	86.551774 
3631.309628  	87.307071 
3631.666935  	87.469285 
3632.024242  	87.373171 
3632.381549  	87.626268 
3632.738856  	87.944899 
3633.096163  	88.287909 
3633.453469  	88.482942 
3633.810776  	87.854262 
3634.168083  	86.726626 
3634.525390  	85.912278 
3634.882697  	86.122112 
3635.240004  	86.945707 
3635.597311  	87.477304 
3635.954617  	87.608238 
3636.311924  	87.781472 
3636.669231  	87.921836 
3637.026538  	87.771678 
3637.383845  	87.833988 
3637.741152  	88.006815 
3638.098459  	87.775467 
3638.455765  	87.623125 
3638.813072  	87.521861 
3639.170379  	87.255162 
3639.527686  	87.377152 
3639.884993  	87.845827 
3640.242300  	87.883194 
3640.599607  	87.538946 
3640.956914  	87.531528 
3641.314220  	87.568019 
3641.671527  	87.537974 
3642.028834  	87.645947 
3642.386141  	87.445396 
3642.743448  	87.303839 
3643.100755  	87.369713 
3643.458062  	87.442559 
3643.815368  	87.771915 
3644.172675  	87.916814 
3644.529982  	87.820419 
3644.887289  	87.902508 
3645.244596  	88.143095 
3645.601903  	88.259519 
3645.959210  	88.186677 
3646.316516  	88.474055 
3646.673823  	88.945227 
3647.031130  	88.715530 
3647.388437  	87.591978 
3647.745744  	86.157880 
3648.103051  	85.914025 
3648.460358  	87.401468 
3648.817664  	88.866059 
3649.174971  	88.715201 
3649.532278  	87.130687 
3649.889585  	85.981740 
3650.246892  	86.443086 
3650.604199  	87.224951 
3650.961506  	86.527852 
3651.318812  	85.056405 
3651.676119  	84.908398 
3652.033426  	85.328570 
3652.390733  	86.092093 
3652.748040  	86.789402 
3653.105347  	87.064561 
3653.462654  	87.277072 
3653.819961  	87.518658 
3654.177267  	87.742697 
3654.534574  	87.521665 
3654.891881  	87.317247 
3655.249188  	88.093229 
3655.606495  	88.878174 
3655.963802  	88.696149 
3656.321109  	87.880213 
3656.678415  	86.389405 
3657.035722  	85.379852 
3657.393029  	86.195030 
3657.750336  	87.094650 
3658.107643  	87.285238 
3658.464950  	87.617740 
3658.822257  	87.666369 
3659.179563  	87.213997 
3659.536870  	87.151575 
3659.894177  	87.194979 
3660.251484  	87.309474 
3660.608791  	87.391712 
3660.966098  	87.223876 
3661.323405  	87.253495 
3661.680711  	87.198241 
3662.038018  	87.289098 
3662.395325  	87.539828 
3662.752632  	87.376289 
3663.109939  	87.250871 
3663.467246  	87.318999 
3663.824553  	87.482663 
3664.181859  	87.459919 
3664.539166  	87.147420 
3664.896473  	87.265669 
3665.253780  	87.642155 
3665.611087  	87.651982 
3665.968394  	87.263696 
3666.325701  	86.960130 
3666.683008  	87.086329 
3667.040314  	87.354703 
3667.397621  	87.880073 
3667.754928  	88.400230 
3668.112235  	88.364328 
3668.469542  	88.237461 
3668.826849  	88.106918 
3669.184156  	87.517429 
3669.541462  	87.296490 
3669.898769  	88.346195 
3670.256076  	89.068265 
3670.613383  	87.714059 
3670.970690  	85.239640 
3671.327997  	83.802394 
3671.685304  	84.523204 
3672.042610  	86.045279 
3672.399917  	86.836034 
3672.757224  	87.116598 
3673.114531  	87.469533 
3673.471838  	88.107750 
3673.829145  	88.894068 
3674.186452  	89.078675 
3674.543758  	88.853455 
3674.901065  	89.015779 
3675.258372  	88.551735 
3675.615679  	86.887453 
3675.972986  	85.979283 
3676.330293  	84.908006 
3676.687600  	83.839274 
3677.044906  	85.010518 
3677.402213  	86.546323 
3677.759520  	86.877156 
3678.116827  	87.059168 
3678.474134  	87.613494 
3678.831441  	87.675730 
3679.188748  	87.551883 
3679.546054  	87.674255 
3679.903361  	86.878959 
3680.260668  	86.081853 
3680.617975  	86.681773 
3680.975282  	87.005160 
3681.332589  	86.841959 
3681.689896  	86.941468 
3682.047203  	87.037014 
3682.404509  	87.232569 
3682.761816  	87.359856 
3683.119123  	87.274287 
3683.476430  	86.983862 
3683.833737  	86.753239 
3684.191044  	87.249212 
3684.548351  	87.546619 
3684.905657  	87.242539 
3685.262964  	87.273864 
3685.620271  	87.393434 
3685.977578  	87.321970 
3686.334885  	87.144931 
3686.692192  	87.195094 
3687.049499  	87.749781 
3687.406805  	88.411104 
3687.764112  	88.939583 
3688.121419  	88.940290 
3688.478726  	87.596218 
3688.836033  	84.596417 
3689.193340  	83.282693 
3689.550647  	85.139007 
3689.907953  	87.040340 
3690.265260  	88.141965 
3690.622567  	88.273591 
3690.979874  	87.535480 
3691.337181  	86.766923 
3691.694488  	85.577639 
3692.051795  	85.375295 
3692.409101  	86.648618 
3692.766408  	87.347911 
3693.123715  	87.419846 
3693.481022  	87.276060 
3693.838329  	86.991455 
3694.195636  	86.888679 
3694.552943  	87.111610 
3694.910250  	87.446110 
3695.267556  	87.384736 
3695.624863  	87.162593 
3695.982170  	87.054218 
3696.339477  	86.951548 
3696.696784  	87.043095 
3697.054091  	86.892817 
3697.411398  	86.666669 
3697.768704  	87.151056 
3698.126011  	87.503223 
3698.483318  	87.104078 
3698.840625  	87.039578 
3699.197932  	87.484670 
3699.555239  	87.593422 
3699.912546  	87.550827 
3700.269852  	87.640398 
3700.627159  	87.906468 
3700.984466  	88.434554 
3701.341773  	88.511299 
3701.699080  	87.846355 
3702.056387  	86.677577 
3702.413694  	85.311365 
3702.771000  	85.343173 
3703.128307  	86.325091 
3703.485614  	86.662123 
3703.842921  	86.515845 
3704.200228  	86.644272 
3704.557535  	86.919820 
3704.914842  	87.317743 
3705.272148  	87.491456 
3705.629455  	87.006188 
3705.986762  	86.893475 
3706.344069  	87.375407 
3706.701376  	87.530306 
3707.058683  	87.312833 
3707.415990  	86.978692 
3707.773297  	87.116010 
3708.130603  	87.724197 
3708.487910  	88.074241 
3708.845217  	88.124579 
3709.202524  	87.759997 
3709.559831  	86.897336 
3709.917138  	85.967048 
3710.274445  	86.037595 
3710.631751  	87.252563 
3710.989058  	88.182707 
3711.346365  	88.611186 
3711.703672  	88.865765 
3712.060979  	88.209252 
3712.418286  	86.342489 
3712.775593  	84.774297 
3713.132899  	85.348697 
3713.490206  	86.499146 
3713.847513  	87.155067 
3714.204820  	87.732520 
3714.562127  	87.985358 
3714.919434  	87.584488 
3715.276741  	86.953580 
3715.634047  	86.491225 
3715.991354  	86.439406 
3716.348661  	86.770439 
3716.705968  	87.148797 
3717.063275  	87.314755 
3717.420582  	87.431306 
3717.777889  	87.567026 
3718.135195  	87.741177 
3718.492502  	87.942621 
3718.849809  	87.811207 
3719.207116  	87.291962 
3719.564423  	86.427028 
3719.921730  	85.911575 
3720.279037  	86.469801 
3720.636344  	87.158085 
3720.993650  	87.593169 
3721.350957  	88.264115 
3721.708264  	88.578551 
3722.065571  	88.084246 
3722.422878  	87.139840 
3722.780185  	85.994212 
3723.137492  	85.830607 
3723.494798  	86.729746 
3723.852105  	87.197711 
3724.209412  	87.115722 
3724.566719  	87.216438 
3724.924026  	86.987096 
3725.281333  	86.418572 
3725.638640  	86.555886 
3725.995946  	87.075715 
3726.353253  	87.475352 
3726.710560  	87.399526 
3727.067867  	86.039078 
3727.425174  	85.131882 
3727.782481  	85.961749 
3728.139788  	86.497304 
3728.497094  	86.671564 
3728.854401  	87.336151 
3729.211708  	87.500552 
3729.569015  	87.047867 
3729.926322  	86.863100 
3730.283629  	87.113903 
3730.640936  	87.698115 
3730.998242  	88.209577 
3731.355549  	88.396359 
3731.712856  	88.264970 
3732.070163  	87.702475 
3732.427470  	86.278594 
3732.784777  	84.685852 
3733.142084  	85.423488 
3733.499391  	87.022506 
3733.856697  	87.684434 
3734.214004  	88.239310 
3734.571311  	89.025763 
3734.928618  	88.312329 
3735.285925  	85.955540 
3735.643232  	85.131687 
3736.000539  	85.969708 
3736.357845  	86.550246 
3736.715152  	86.385101 
3737.072459  	85.144726 
3737.429766  	84.458562 
3737.787073  	85.849071 
3738.144380  	87.105648 
3738.501687  	87.183547 
3738.858993  	86.314380 
3739.216300  	85.651639 
3739.573607  	86.011133 
3739.930914  	86.619719 
3740.288221  	87.235253 
3740.645528  	87.643008 
3741.002835  	87.447788 
3741.360141  	86.869175 
3741.717448  	86.139198 
3742.074755  	86.026661 
3742.432062  	86.688527 
3742.789369  	87.442928 
3743.146676  	88.346212 
3743.503983  	89.530071 
3743.861289  	90.575814 
3744.218596  	90.335131 
3744.575903  	86.598976 
3744.933210  	80.443725 
3745.290517  	79.551240 
3745.647824  	81.961533 
3746.005131  	84.221600 
3746.362438  	85.823567 
3746.719744  	86.699559 
3747.077051  	86.876214 
3747.434358  	87.012540 
3747.791665  	87.146271 
3748.148972  	87.595481 
3748.506279  	88.455909 
3748.863586  	88.801687 
3749.220892  	88.343796 
3749.578199  	86.474410 
3749.935506  	84.019847 
3750.292813  	84.184440 
3750.650120  	86.207871 
3751.007427  	88.118009 
3751.364734  	88.743548 
3751.722040  	88.566732 
3752.079347  	88.212408 
3752.436654  	86.124812 
3752.793961  	83.489508 
3753.151268  	83.723510 
3753.508575  	85.526846 
3753.865882  	86.593055 
3754.223188  	86.788925 
3754.580495  	86.989501 
3754.937802  	87.046237 
3755.295109  	87.122685 
3755.652416  	87.358472 
3756.009723  	87.229883 
3756.367030  	87.110787 
3756.724336  	86.676297 
3757.081643  	85.688217 
3757.438950  	85.760839 
3757.796257  	86.735445 
3758.153564  	87.280337 
3758.510871  	87.555251 
3758.868178  	88.016460 
3759.225484  	87.982878 
3759.582791  	87.033368 
3759.940098  	86.138683 
3760.297405  	85.639961 
3760.654712  	85.615234 
3761.012019  	86.176645 
3761.369326  	86.611549 
3761.726633  	86.808978 
3762.083939  	87.110208 
3762.441246  	87.321822 
3762.798553  	87.195101 
3763.155860  	87.004040 
3763.513167  	86.957210 
3763.870474  	86.990774 
3764.227781  	87.008722 
3764.585087  	87.178896 
3764.942394  	87.509337 
3765.299701  	87.514051 
3765.657008  	87.275194 
3766.014315  	86.644930 
3766.371622  	85.622783 
3766.728929  	85.666751 
3767.086235  	86.249221 
3767.443542  	86.697834 
3767.800849  	87.166985 
3768.158156  	87.205114 
3768.515463  	87.154680 
3768.872770  	87.415383 
3769.230077  	87.847039 
3769.587383  	88.014289 
3769.944690  	86.741031 
3770.301997  	84.968406 
3770.659304  	84.871243 
3771.016611  	85.868073 
3771.373918  	86.570063 
3771.731225  	86.651885 
3772.088531  	86.646375 
3772.445838  	86.880358 
3772.803145  	86.990098 
3773.160452  	86.946378 
3773.517759  	86.804543 
3773.875066  	86.751317 
3774.232373  	86.969328 
3774.589680  	87.008028 
3774.946986  	86.878981 
3775.304293  	87.041494 
3775.661600  	87.088435 
3776.018907  	86.843330 
3776.376214  	86.763317 
3776.733521  	86.860758 
3777.090828  	87.016660 
3777.448134  	86.877062 
3777.805441  	86.737687 
3778.162748  	87.311651 
3778.520055  	87.643619 
3778.877362  	87.311880 
3779.234669  	87.223232 
3779.591976  	86.954844 
3779.949282  	86.052994 
3780.306589  	85.704203 
3780.663896  	86.303648 
3781.021203  	86.791475 
3781.378510  	87.038607 
3781.735817  	87.165206 
3782.093124  	86.791124 
3782.450430  	86.428748 
3782.807737  	86.440114 
3783.165044  	86.597391 
3783.522351  	86.944325 
3783.879658  	87.233232 
3784.236965  	87.358496 
3784.594272  	87.160216 
3784.951578  	86.661542 
3785.308885  	86.407943 
3785.666192  	86.541185 
3786.023499  	86.874522 
3786.380806  	86.952304 
3786.738113  	86.782887 
3787.095420  	86.599064 
3787.452727  	86.555504 
3787.810033  	86.869912 
3788.167340  	86.779790 
3788.524647  	86.578000 
3788.881954  	87.013712 
3789.239261  	87.159980 
3789.596568  	86.997552 
3789.953875  	86.895322 
3790.311181  	86.784110 
3790.668488  	86.932076 
3791.025795  	86.993771 
3791.383102  	87.023538 
3791.740409  	87.101531 
3792.097716  	86.970015 
3792.455023  	87.055835 
3792.812329  	87.076969 
3793.169636  	86.753497 
3793.526943  	86.823605 
3793.884250  	87.031184 
3794.241557  	86.910635 
3794.598864  	87.132363 
3794.956171  	87.552812 
3795.313477  	87.547641 
3795.670784  	87.689390 
3796.028091  	88.152839 
3796.385398  	87.768897 
3796.742705  	86.203112 
3797.100012  	85.178812 
3797.457319  	85.688516 
3797.814625  	86.443639 
3798.171932  	86.786850 
3798.529239  	86.841987 
3798.886546  	86.852003 
3799.243853  	86.913676 
3799.601160  	87.296646 
3799.958467  	88.038862 
3800.315774  	88.307425 
3800.673080  	88.308081 
3801.030387  	88.572427 
3801.387694  	87.996938 
3801.745001  	85.706000 
3802.102308  	83.341358 
3802.459615  	84.426945 
3802.816922  	86.509570 
3803.174228  	86.667160 
3803.531535  	86.304014 
3803.888842  	86.528599 
3804.246149  	86.630185 
3804.603456  	86.609257 
3804.960763  	86.842821 
3805.318070  	87.424228 
3805.675376  	87.765816 
3806.032683  	87.912735 
3806.389990  	88.163996 
3806.747297  	87.900806 
3807.104604  	86.815180 
3807.461911  	84.761681 
3807.819218  	83.762909 
3808.176524  	84.812507 
3808.533831  	85.764087 
3808.891138  	86.319337 
3809.248445  	86.733761 
3809.605752  	86.895549 
3809.963059  	86.946542 
3810.320366  	86.844856 
3810.677672  	86.575015 
3811.034979  	86.453671 
3811.392286  	86.580202 
3811.749593  	86.511952 
3812.106900  	86.384072 
3812.464207  	86.572100 
3812.821514  	86.657823 
3813.178821  	86.730580 
3813.536127  	86.859734 
3813.893434  	86.752500 
3814.250741  	86.890697 
3814.608048  	87.382536 
3814.965355  	87.883658 
3815.322662  	88.317886 
3815.679969  	88.392035 
3816.037275  	87.668732 
3816.394582  	85.583958 
3816.751889  	83.471791 
3817.109196  	84.054455 
3817.466503  	85.774869 
3817.823810  	86.759518 
3818.181117  	87.113442 
3818.538423  	87.230065 
3818.895730  	87.143721 
3819.253037  	87.273158 
3819.610344  	87.777403 
3819.967651  	88.086719 
3820.324958  	88.168486 
3820.682265  	88.665895 
3821.039571  	88.359581 
3821.396878  	85.919183 
3821.754185  	84.605972 
3822.111492  	84.385060 
3822.468799  	84.048570 
3822.826106  	85.244723 
3823.183413  	86.540064 
3823.540719  	86.814205 
3823.898026  	86.738065 
3824.255333  	86.643832 
3824.612640  	86.689310 
3824.969947  	86.866539 
3825.327254  	87.086615 
3825.684561  	87.282486 
3826.041868  	87.356241 
3826.399174  	87.584774 
3826.756481  	87.442739 
3827.113788  	86.353699 
3827.471095  	85.653751 
3827.828402  	86.271463 
3828.185709  	86.926245 
3828.543016  	86.859739 
3828.900322  	86.732034 
3829.257629  	86.885321 
3829.614936  	86.797268 
3829.972243  	86.632785 
3830.329550  	86.931491 
3830.686857  	87.401467 
3831.044164  	87.664159 
3831.401470  	87.797284 
3831.758777  	87.254420 
3832.116084  	85.832038 
3832.473391  	85.075704 
3832.830698  	85.509709 
3833.188005  	86.110114 
3833.545312  	86.581974 
3833.902618  	87.262701 
3834.259925  	88.001626 
3834.617232  	87.970027 
3834.974539  	87.311965 
3835.331846  	86.055648 
3835.689153  	84.654737 
3836.046460  	85.489132 
3836.403766  	87.134083 
3836.761073  	87.807851 
3837.118380  	88.503642 
3837.475687  	88.962376 
3837.832994  	87.614896 
3838.190301  	85.356191 
3838.547608  	84.021904 
3838.904914  	84.861801 
3839.262221  	86.367778 
3839.619528  	87.054771 
3839.976835  	87.275361 
3840.334142  	87.204753 
3840.691449  	86.820914 
3841.048756  	86.673104 
3841.406063  	86.143896 
3841.763369  	85.343267 
3842.120676  	85.643687 
3842.477983  	86.807861 
3842.835290  	87.521173 
3843.192597  	87.336568 
3843.549904  	87.132976 
3843.907211  	86.552712 
3844.264517  	85.172815 
3844.621824  	84.982574 
3844.979131  	85.824572 
3845.336438  	86.296778 
3845.693745  	86.456077 
3846.051052  	86.499228 
3846.408359  	86.556193 
3846.765665  	86.549606 
3847.122972  	86.391271 
3847.480279  	86.417641 
3847.837586  	86.733248 
3848.194893  	87.130512 
3848.552200  	87.413161 
3848.909507  	87.300110 
3849.266813  	86.765455 
3849.624120  	86.438645 
3849.981427  	86.554904 
3850.338734  	86.607570 
3850.696041  	86.850621 
3851.053348  	87.603285 
3851.410655  	88.297466 
3851.767961  	88.413026 
3852.125268  	87.514132 
3852.482575  	85.970610 
3852.839882  	85.965500 
3853.197189  	87.850158 
3853.554496  	89.547215 
3853.911803  	89.638634 
3854.269110  	86.903255 
3854.626416  	82.790392 
3854.983723  	81.685235 
3855.341030  	83.106667 
3855.698337  	85.135957 
3856.055644  	86.608408 
3856.412951  	87.293361 
3856.770258  	87.229205 
3857.127564  	86.932757 
3857.484871  	86.660278 
3857.842178  	85.934608 
3858.199485  	85.628269 
3858.556792  	86.212701 
3858.914099  	86.598315 
3859.271406  	86.714971 
3859.628712  	86.919433 
3859.986019  	86.841654 
3860.343326  	86.827941 
3860.700633  	87.219543 
3861.057940  	87.392583 
3861.415247  	87.245628 
3861.772554  	86.748518 
3862.129860  	85.656246 
3862.487167  	85.267953 
3862.844474  	86.003054 
3863.201781  	86.525228 
3863.559088  	86.929005 
3863.916395  	87.604209 
3864.273702  	88.034879 
3864.631008  	87.846269 
3864.988315  	87.017614 
3865.345622  	85.484562 
3865.702929  	84.165382 
3866.060236  	84.525512 
3866.417543  	85.625126 
3866.774850  	86.232142 
3867.132157  	86.392809 
3867.489463  	86.392533 
3867.846770  	86.650761 
3868.204077  	87.032639 
3868.561384  	87.451539 
3868.918691  	88.251473 
3869.275998  	88.372788 
3869.633305  	87.509758 
3869.990611  	86.759845 
3870.347918  	85.138963 
3870.705225  	83.662309 
3871.062532  	84.450701 
3871.419839  	85.932553 
3871.777146  	86.511248 
3872.134453  	86.444215 
3872.491759  	86.437275 
3872.849066  	86.772824 
3873.206373  	87.307533 
3873.563680  	87.689194 
3873.920987  	87.501275 
3874.278294  	86.700597 
3874.635601  	85.665188 
3874.992907  	85.066451 
3875.350214  	85.394616 
3875.707521  	86.255502 
3876.064828  	86.715756 
3876.422135  	86.629682 
3876.779442  	86.487261 
3877.136749  	86.384450 
3877.494055  	86.595275 
3877.851362  	86.818461 
3878.208669  	86.536409 
3878.565976  	86.598538 
3878.923283  	87.240319 
3879.280590  	87.846454 
3879.637897  	88.219630 
3879.995204  	88.098653 
3880.352510  	87.129787 
3880.709817  	85.276671 
3881.067124  	84.416586 
3881.424431  	84.985985 
3881.781738  	85.441041 
3882.139045  	85.998233 
3882.496352  	86.386999 
3882.853658  	86.500386 
3883.210965  	86.943014 
3883.568272  	86.964839 
3883.925579  	86.456648 
3884.282886  	86.680002 
3884.640193  	87.626660 
3884.997500  	88.346974 
3885.354806  	88.414530 
3885.712113  	87.777919 
3886.069420  	85.515262 
3886.426727  	83.194308 
3886.784034  	83.896895 
3887.141341  	85.217811 
3887.498648  	85.683899 
3887.855954  	86.041848 
3888.213261  	86.444058 
3888.570568  	86.649604 
3888.927875  	86.604236 
3889.285182  	86.554877 
3889.642489  	87.029655 
3889.999796  	87.686342 
3890.357102  	87.834173 
3890.714409  	87.595718 
3891.071716  	87.243922 
3891.429023  	86.860270 
3891.786330  	85.919825 
3892.143637  	84.712562 
3892.500944  	84.926362 
3892.858251  	85.798650 
3893.215557  	86.282453 
3893.572864  	86.493731 
3893.930171  	86.698075 
3894.287478  	86.788357 
3894.644785  	86.355696 
3895.002092  	85.968047 
3895.359399  	86.301519 
3895.716705  	86.711458 
3896.074012  	86.930579 
3896.431319  	86.959970 
3896.788626  	86.742312 
3897.145933  	86.620005 
3897.503240  	86.667627 
3897.860547  	86.932442 
3898.217853  	87.276402 
3898.575160  	87.278032 
3898.932467  	86.985491 
3899.289774  	86.618358 
3899.647081  	85.629194 
3900.004388  	84.238007 
3900.361695  	84.843543 
3900.719001  	86.555790 
3901.076308  	87.379471 
3901.433615  	87.795242 
3901.790922  	87.716416 
3902.148229  	85.976167 
3902.505536  	84.390105 
3902.862843  	85.167353 
3903.220149  	86.612011 
3903.577456  	87.352876 
3903.934763  	87.659589 
3904.292070  	87.287180 
3904.649377  	85.641281 
3905.006684  	84.871086 
3905.363991  	86.009832 
3905.721298  	86.811365 
3906.078604  	86.488739 
3906.435911  	85.798173 
3906.793218  	85.448221 
3907.150525  	85.571306 
3907.507832  	86.050673 
3907.865139  	86.493683 
3908.222446  	86.643507 
3908.579752  	86.563346 
3908.937059  	86.523042 
3909.294366  	86.655374 
3909.651673  	86.605838 
3910.008980  	86.388787 
3910.366287  	86.438532 
3910.723594  	86.777101 
3911.080900  	86.962528 
3911.438207  	86.668475 
3911.795514  	86.382304 
3912.152821  	86.440497 
3912.510128  	86.465815 
3912.867435  	86.287145 
3913.224742  	86.314808 
3913.582048  	86.752270 
3913.939355  	86.860244 
3914.296662  	86.548349 
3914.653969  	86.466236 
3915.011276  	86.611579 
3915.368583  	86.981226 
3915.725890  	87.235348 
3916.083196  	87.143958 
3916.440503  	87.048230 
3916.797810  	86.815910 
3917.155117  	86.543890 
3917.512424  	86.095742 
3917.869731  	85.524646 
3918.227038  	85.777008 
3918.584344  	86.476181 
3918.941651  	86.932105 
3919.298958  	86.988720 
3919.656265  	86.912352 
3920.013572  	86.954297 
3920.370879  	86.412664 
3920.728186  	85.723846 
3921.085493  	85.836414 
3921.442799  	86.195561 
3921.800106  	86.544553 
3922.157413  	86.770840 
3922.514720  	86.806387 
3922.872027  	86.934230 
3923.229334  	87.004870 
3923.586641  	86.948704 
3923.943947  	86.861629 
3924.301254  	86.608530 
3924.658561  	86.363014 
3925.015868  	86.321765 
3925.373175  	86.130161 
3925.730482  	85.828094 
3926.087789  	85.902832 
3926.445095  	85.996991 
3926.802402  	85.937764 
3927.159709  	86.109779 
3927.517016  	86.309612 
3927.874323  	86.530343 
3928.231630  	86.919365 
3928.588937  	86.919524 
3928.946243  	86.678097 
3929.303550  	86.855359 
3929.660857  	86.984680 
3930.018164  	86.586288 
3930.375471  	86.330394 
3930.732778  	86.432978 
3931.090085  	86.465766 
3931.447391  	86.797250 
3931.804698  	87.320536 
3932.162005  	87.181582 
3932.519312  	86.571459 
3932.876619  	85.845889 
3933.233926  	85.322165 
3933.591233  	85.600772 
3933.948540  	86.291157 
3934.305846  	86.646074 
3934.663153  	86.465362 
3935.020460  	86.291286 
3935.377767  	86.306501 
3935.735074  	86.276083 
3936.092381  	86.423804 
3936.449688  	86.517877 
3936.806994  	86.496974 
3937.164301  	86.621307 
3937.521608  	86.440974 
3937.878915  	86.212738 
3938.236222  	86.304900 
3938.593529  	86.378126 
3938.950836  	86.537419 
3939.308142  	86.593359 
3939.665449  	86.284628 
3940.022756  	86.031193 
3940.380063  	86.105095 
3940.737370  	86.267234 
3941.094677  	86.306328 
3941.451984  	86.580268 
3941.809290  	86.966987 
3942.166597  	86.871405 
3942.523904  	86.764546 
3942.881211  	86.760406 
3943.238518  	86.103017 
3943.595825  	85.583340 
3943.953132  	85.866883 
3944.310438  	86.246950 
3944.667745  	86.522333 
3945.025052  	86.484183 
3945.382359  	86.201342 
3945.739666  	86.170577 
3946.096973  	86.226965 
3946.454280  	86.376361 
3946.811587  	86.560228 
3947.168893  	86.733681 
3947.526200  	86.986366 
3947.883507  	86.456554 
3948.240814  	85.793814 
3948.598121  	86.088210 
3948.955428  	86.346644 
3949.312735  	86.428753 
3949.670041  	86.503166 
3950.027348  	86.265778 
3950.384655  	85.900828 
3950.741962  	85.702788 
3951.099269  	86.151018 
3951.456576  	86.714034 
3951.813883  	86.798661 
3952.171189  	86.822930 
3952.528496  	86.731929 
3952.885803  	86.409066 
3953.243110  	86.154150 
3953.600417  	86.122245 
3953.957724  	86.285806 
3954.315031  	86.387973 
3954.672337  	86.388586 
3955.029644  	86.318215 
3955.386951  	86.298462 
3955.744258  	86.480266 
3956.101565  	86.437181 
3956.458872  	86.019384 
3956.816179  	85.858079 
3957.173485  	86.200847 
3957.530792  	86.511232 
3957.888099  	86.470349 
3958.245406  	86.411929 
3958.602713  	86.472329 
3958.960020  	86.419066 
3959.317327  	86.303066 
3959.674634  	86.274667 
3960.031940  	86.180990 
3960.389247  	86.126697 
3960.746554  	86.299926 
3961.103861  	86.599350 
3961.461168  	86.887290 
3961.818475  	86.714186 
3962.175782  	86.205330 
3962.533088  	86.044922 
3962.890395  	86.022413 
3963.247702  	86.031195 
3963.605009  	86.262679 
3963.962316  	86.430276 
3964.319623  	86.446891 
3964.676930  	86.443921 
3965.034236  	86.499779 
3965.391543  	86.583466 
3965.748850  	86.488938 
3966.106157  	86.347885 
3966.463464  	86.423818 
3966.820771  	86.327763 
3967.178078  	85.849247 
3967.535384  	85.761596 
3967.892691  	86.262192 
3968.249998  	86.541840 
3968.607305  	86.381280 
3968.964612  	86.313689 
3969.321919  	86.467496 
3969.679226  	86.363822 
3970.036532  	86.095394 
3970.393839  	86.057168 
3970.751146  	86.080086 
3971.108453  	86.273659 
3971.465760  	86.580938 
3971.823067  	86.614106 
3972.180374  	86.536245 
3972.537681  	86.339597 
3972.894987  	86.095262 
3973.252294  	86.153784 
3973.609601  	86.224779 
3973.966908  	86.309175 
3974.324215  	86.556859 
3974.681522  	86.445469 
3975.038829  	86.138807 
3975.396135  	86.160394 
3975.753442  	86.299942 
3976.110749  	86.417428 
3976.468056  	86.475537 
3976.825363  	86.414603 
3977.182670  	86.345915 
3977.539977  	86.365648 
3977.897283  	86.408760 
3978.254590  	86.217223 
3978.611897  	86.130365 
3978.969204  	86.422849 
3979.326511  	86.537392 
3979.683818  	86.487101 
3980.041125  	86.468739 
3980.398431  	86.376485 
3980.755738  	86.449099 
3981.113045  	86.570459 
3981.470352  	86.416272 
3981.827659  	86.199195 
3982.184966  	86.234797 
3982.542273  	86.326948 
3982.899579  	86.342797 
3983.256886  	86.454930 
3983.614193  	86.428072 
3983.971500  	86.276212 
3984.328807  	86.282157 
3984.686114  	86.360788 
3985.043421  	86.313170 
3985.400728  	86.060619 
3985.758034  	86.047409 
3986.115341  	86.379606 
3986.472648  	86.644617 
3986.829955  	86.696580 
3987.187262  	86.373297 
3987.544569  	86.144404 
3987.901876  	86.257060 
3988.259182  	86.150604 
3988.616489  	86.058827 
3988.973796  	86.208430 
3989.331103  	86.383962 
3989.688410  	86.628777 
3990.045717  	86.695814 
3990.403024  	86.480605 
3990.760330  	86.307590 
3991.117637  	86.244848 
3991.474944  	86.277978 
3991.832251  	86.447965 
3992.189558  	86.509558 
3992.546865  	86.358156 
3992.904172  	86.137206 
3993.261478  	85.948901 
3993.618785  	86.111043 
3993.976092  	86.439515 
3994.333399  	86.480401 
3994.690706  	86.521338 
3995.048013  	86.520503 
3995.405320  	86.241620 
3995.762626  	86.179691 
3996.119933  	86.378723 
3996.477240  	86.397604 
3996.834547  	86.380892 
3997.191854  	86.346674 
3997.549161  	86.128874 
3997.906468  	86.140285 
3998.263775  	86.328811 
3998.621081  	86.354168 
3998.978388  	86.471837 
3999.335695  	86.627618 
3999.693002  	86.567435 
4000.050309  	86.377569 