##TITLE=N11_m-toluicacid_4
##DATA TYPE=INFRARED SPECTRUM
##XUNITS=1/CM
##YUNITS=%T
399.826377  	84.040547 
400.183684  	85.587725 
400.540991  	86.874681 
400.898298  	86.357156 
401.255605  	84.703071 
401.612912  	85.790986 
401.970219  	88.203588 
402.327525  	87.730569 
402.684832  	84.836661 
403.042139  	81.015448 
403.399446  	79.241026 
403.756753  	79.524531 
404.114060  	81.627520 
404.471367  	86.047142 
404.828674  	90.246473 
405.185980  	91.322183 
405.543287  	87.195250 
405.900594  	84.320297 
406.257901  	85.296049 
406.615208  	84.226449 
406.972515  	84.618276 
407.329822  	86.131416 
407.687128  	84.610483 
408.044435  	84.663253 
408.401742  	86.535659 
408.759049  	87.414007 
409.116356  	84.269075 
409.473663  	81.405467 
409.830970  	84.692339 
410.188276  	85.983015 
410.545583  	83.886344 
410.902890  	84.776442 
411.260197  	85.543932 
411.617504  	86.472258 
411.974811  	89.141634 
412.332118  	90.329435 
412.689424  	86.678729 
413.046731  	81.594773 
413.404038  	83.084688 
413.761345  	84.760811 
414.118652  	80.743380 
414.475959  	80.758771 
414.833266  	83.263807 
415.190572  	81.551032 
415.547879  	80.883528 
415.905186  	82.710554 
416.262493  	82.727852 
416.619800  	79.022469 
416.977107  	76.162913 
417.334414  	76.535574 
417.691720  	75.245459 
418.049027  	74.748102 
418.406334  	79.183637 
418.763641  	81.895812 
419.120948  	78.496304 
419.478255  	75.227356 
419.835562  	74.542344 
420.192869  	76.891204 
420.550175  	76.469018 
420.907482  	77.088421 
421.264789  	76.331923 
421.622096  	72.655568 
421.979403  	71.042434 
422.336710  	71.105057 
422.694017  	72.418563 
423.051323  	77.053336 
423.408630  	76.969478 
423.765937  	75.713024 
424.123244  	76.296462 
424.480551  	76.985645 
424.837858  	77.762874 
425.195165  	79.260052 
425.552471  	81.129133 
425.909778  	82.195418 
426.267085  	81.064611 
426.624392  	80.215538 
426.981699  	82.317914 
427.339006  	84.791132 
427.696313  	87.384058 
428.053619  	88.476067 
428.410926  	86.328150 
428.768233  	85.078679 
429.125540  	85.659765 
429.482847  	86.985901 
429.840154  	88.138751 
430.197461  	88.115590 
430.554767  	88.790360 
430.912074  	88.230337 
431.269381  	86.831817 
431.626688  	85.819315 
431.983995  	83.810720 
432.341302  	85.434123 
432.698609  	89.208752 
433.055916  	90.650640 
433.413222  	91.467055 
433.770529  	90.387561 
434.127836  	87.975312 
434.485143  	86.687321 
434.842450  	87.545844 
435.199757  	89.319230 
435.557064  	88.859126 
435.914370  	88.031644 
436.271677  	87.210500 
436.628984  	85.991498 
436.986291  	87.450628 
437.343598  	89.655921 
437.700905  	89.766126 
438.058212  	87.076321 
438.415518  	85.988996 
438.772825  	88.635033 
439.130132  	90.273517 
439.487439  	88.913278 
439.844746  	85.664823 
440.202053  	83.430949 
440.559360  	84.855662 
440.916666  	85.591774 
441.273973  	84.857135 
441.631280  	86.093565 
441.988587  	87.881588 
442.345894  	89.118854 
442.703201  	88.681984 
443.060508  	86.716334 
443.417814  	86.824057 
443.775121  	88.030990 
444.132428  	87.830120 
444.489735  	88.230263 
444.847042  	88.789302 
445.204349  	89.213476 
445.561656  	89.337107 
445.918963  	88.126953 
446.276269  	86.261088 
446.633576  	85.190892 
446.990883  	85.474001 
447.348190  	85.592715 
447.705497  	85.886534 
448.062804  	86.149512 
448.420111  	84.167449 
448.777417  	83.231033 
449.134724  	86.299714 
449.492031  	87.822791 
449.849338  	85.298207 
450.206645  	85.102033 
450.563952  	86.518818 
450.921259  	85.169643 
451.278565  	84.395766 
451.635872  	84.558731 
451.993179  	83.998946 
452.350486  	85.049732 
452.707793  	86.844529 
453.065100  	86.316772 
453.422407  	85.252023 
453.779713  	85.063271 
454.137020  	83.758588 
454.494327  	82.400371 
454.851634  	83.148464 
455.208941  	84.271509 
455.566248  	83.971149 
455.923555  	82.107895 
456.280861  	81.743574 
456.638168  	83.642898 
456.995475  	82.846067 
457.352782  	81.363898 
457.710089  	83.417710 
458.067396  	85.593234 
458.424703  	84.644112 
458.782010  	82.796752 
459.139316  	83.193662 
459.496623  	86.141742 
459.853930  	86.291942 
460.211237  	85.316499 
460.568544  	86.404385 
460.925851  	86.397690 
461.283158  	83.927127 
461.640464  	82.902521 
461.997771  	84.230572 
462.355078  	84.462907 
462.712385  	84.674541 
463.069692  	85.148669 
463.426999  	84.196842 
463.784306  	83.685073 
464.141612  	84.173441 
464.498919  	83.581542 
464.856226  	82.538962 
465.213533  	84.103534 
465.570840  	86.021577 
465.928147  	84.349644 
466.285454  	82.622376 
466.642760  	83.240738 
467.000067  	84.197295 
467.357374  	85.505811 
467.714681  	85.525382 
468.071988  	82.238490 
468.429295  	81.197723 
468.786602  	82.888974 
469.143908  	81.676699 
469.501215  	79.637260 
469.858522  	81.017540 
470.215829  	83.409766 
470.573136  	83.110410 
470.930443  	81.336720 
471.287750  	81.229956 
471.645057  	81.939169 
472.002363  	82.676460 
472.359670  	82.817223 
472.716977  	79.046902 
473.074284  	79.234807 
473.431591  	82.883761 
473.788898  	81.302089 
474.146205  	78.926426 
474.503511  	78.531923 
474.860818  	76.636576 
475.218125  	76.928734 
475.575432  	78.525767 
475.932739  	78.145371 
476.290046  	77.114247 
476.647353  	75.127486 
477.004659  	74.454661 
477.361966  	75.037570 
477.719273  	75.176138 
478.076580  	76.452594 
478.433887  	76.784431 
478.791194  	75.668571 
479.148501  	75.507271 
479.505807  	74.571442 
479.863114  	72.633111 
480.220421  	71.367065 
480.577728  	71.146117 
480.935035  	70.855831 
481.292342  	70.432221 
481.649649  	70.984481 
482.006955  	69.871530 
482.364262  	67.226559 
482.721569  	67.052147 
483.078876  	67.821577 
483.436183  	66.848110 
483.793490  	65.195578 
484.150797  	64.236287 
484.508104  	63.822593 
484.865410  	63.609566 
485.222717  	64.129233 
485.580024  	64.603465 
485.937331  	63.968355 
486.294638  	63.059793 
486.651945  	63.133115 
487.009252  	63.981718 
487.366558  	65.155503 
487.723865  	65.790170 
488.081172  	65.731906 
488.438479  	65.973957 
488.795786  	66.629499 
489.153093  	68.134357 
489.510400  	69.529599 
489.867706  	70.009452 
490.225013  	71.925901 
490.582320  	72.418127 
490.939627  	70.333873 
491.296934  	70.517163 
491.654241  	72.090639 
492.011548  	73.199080 
492.368854  	74.262679 
492.726161  	74.247827 
493.083468  	73.902411 
493.440775  	74.501634 
493.798082  	75.771282 
494.155389  	76.166725 
494.512696  	75.839015 
494.870002  	75.373829 
495.227309  	74.100246 
495.584616  	73.875534 
495.941923  	74.997149 
496.299230  	75.753059 
496.656537  	75.966240 
497.013844  	75.631027 
497.371151  	74.922694 
497.728457  	73.683031 
498.085764  	73.070103 
498.443071  	73.666229 
498.800378  	73.718954 
499.157685  	73.638172 
499.514992  	73.754036 
499.872299  	73.947045 
500.229605  	74.169789 
500.586912  	73.334052 
500.944219  	72.214795 
501.301526  	71.758275 
501.658833  	71.861870 
502.016140  	71.937659 
502.373447  	71.728340 
502.730753  	71.538142 
503.088060  	70.970074 
503.445367  	70.361123 
503.802674  	69.666061 
504.159981  	68.900412 
504.517288  	68.904356 
504.874595  	68.550849 
505.231901  	67.595770 
505.589208  	67.105614 
505.946515  	66.418493 
506.303822  	65.143026 
506.661129  	64.297227 
507.018436  	63.708704 
507.375743  	61.897093 
507.733049  	60.284281 
508.090356  	60.028736 
508.447663  	59.712353 
508.804970  	58.311969 
509.162277  	56.237300 
509.519584  	54.314419 
509.876891  	52.486958 
510.234197  	50.486923 
510.591504  	48.897644 
510.948811  	47.957268 
511.306118  	46.767544 
511.663425  	44.793870 
512.020732  	43.595281 
512.378039  	43.626674 
512.735346  	43.029781 
513.092652  	41.693979 
513.449959  	40.810942 
513.807266  	41.128838 
514.164573  	42.905450 
514.521880  	44.593059 
514.879187  	46.219326 
515.236494  	48.683853 
515.593800  	50.975532 
515.951107  	54.035100 
516.308414  	57.135437 
516.665721  	59.201105 
517.023028  	62.324892 
517.380335  	65.693408 
517.737642  	68.097062 
518.094948  	69.998065 
518.452255  	71.914353 
518.809562  	73.658809 
519.166869  	75.579438 
519.524176  	77.553361 
519.881483  	78.191744 
520.238790  	79.447052 
520.596096  	80.949264 
520.953403  	81.473607 
521.310710  	82.301819 
521.668017  	82.907913 
522.025324  	83.266214 
522.382631  	83.515319 
522.739938  	83.798190 
523.097244  	85.338319 
523.454551  	86.363795 
523.811858  	85.822300 
524.169165  	85.294188 
524.526472  	84.943216 
524.883779  	84.676233 
525.241086  	85.504590 
525.598393  	86.739927 
525.955699  	86.575816 
526.313006  	85.993034 
526.670313  	85.722000 
527.027620  	85.217256 
527.384927  	85.600595 
527.742234  	85.728085 
528.099541  	84.817760 
528.456847  	84.240418 
528.814154  	84.539680 
529.171461  	85.257787 
529.528768  	85.120000 
529.886075  	84.675654 
530.243382  	84.781830 
530.600689  	84.321143 
530.957995  	83.799133 
531.315302  	83.597720 
531.672609  	83.577905 
532.029916  	84.497741 
532.387223  	84.636694 
532.744530  	83.923726 
533.101837  	84.524609 
533.459143  	84.404109 
533.816450  	83.081868 
534.173757  	82.918245 
534.531064  	82.649955 
534.888371  	81.362321 
535.245678  	80.401445 
535.602985  	80.643349 
535.960291  	81.494985 
536.317598  	81.426762 
536.674905  	80.859335 
537.032212  	80.202052 
537.389519  	79.306670 
537.746826  	79.232686 
538.104133  	79.895852 
538.461440  	80.006137 
538.818746  	78.617984 
539.176053  	77.317464 
539.533360  	77.511584 
539.890667  	77.269737 
540.247974  	76.232695 
540.605281  	75.532143 
540.962588  	75.396510 
541.319894  	75.402011 
541.677201  	74.462176 
542.034508  	73.875393 
542.391815  	74.114599 
542.749122  	73.787324 
543.106429  	73.722487 
543.463736  	73.300486 
543.821042  	72.021988 
544.178349  	71.743619 
544.535656  	71.702188 
544.892963  	71.060172 
545.250270  	70.558584 
545.607577  	69.530927 
545.964884  	68.366308 
546.322190  	67.967922 
546.679497  	67.563624 
547.036804  	66.622879 
547.394111  	65.415414 
547.751418  	64.660836 
548.108725  	64.505964 
548.466032  	63.970000 
548.823338  	63.305953 
549.180645  	62.768644 
549.537952  	61.864660 
549.895259  	60.470030 
550.252566  	58.649575 
550.609873  	57.515099 
550.967180  	56.853424 
551.324487  	55.565782 
551.681793  	54.201428 
552.039100  	52.560566 
552.396407  	51.158825 
552.753714  	50.760332 
553.111021  	49.679941 
553.468328  	47.835777 
553.825635  	46.321236 
554.182941  	45.368704 
554.540248  	44.817046 
554.897555  	43.665032 
555.254862  	42.284603 
555.612169  	41.296703 
555.969476  	40.354932 
556.326783  	39.774337 
556.684089  	39.307882 
557.041396  	38.492212 
557.398703  	38.086538 
557.756010  	38.379046 
558.113317  	38.563663 
558.470624  	38.942748 
558.827931  	39.840503 
559.185237  	40.235928 
559.542544  	40.468226 
559.899851  	41.649379 
560.257158  	43.144534 
560.614465  	43.849248 
560.971772  	44.244106 
561.329079  	45.290018 
561.686385  	47.066354 
562.043692  	49.182797 
562.400999  	50.741301 
562.758306  	51.812612 
563.115613  	52.911942 
563.472920  	53.646632 
563.830227  	54.492291 
564.187534  	55.944463 
564.544840  	57.969376 
564.902147  	59.702659 
565.259454  	60.595300 
565.616761  	61.722191 
565.974068  	62.836129 
566.331375  	63.887984 
566.688682  	65.019638 
567.045988  	65.375059 
567.403295  	66.044862 
567.760602  	67.429207 
568.117909  	68.725232 
568.475216  	69.712251 
568.832523  	70.140087 
569.189830  	70.787554 
569.547136  	71.516676 
569.904443  	72.157065 
570.261750  	73.306297 
570.619057  	74.228245 
570.976364  	74.793646 
571.333671  	75.518389 
571.690978  	76.184453 
572.048284  	76.406237 
572.405591  	76.390919 
572.762898  	76.943614 
573.120205  	77.906975 
573.477512  	78.401006 
573.834819  	78.725195 
574.192126  	79.573666 
574.549432  	79.900841 
574.906739  	79.706443 
575.264046  	80.117308 
575.621353  	80.056129 
575.978660  	80.103038 
576.335967  	81.320852 
576.693274  	81.959867 
577.050581  	82.363493 
577.407887  	82.724062 
577.765194  	82.875325 
578.122501  	83.117379 
578.479808  	82.989507 
578.837115  	83.105873 
579.194422  	83.278417 
579.551729  	83.449861 
579.909035  	84.127068 
580.266342  	84.300326 
580.623649  	84.328044 
580.980956  	84.761852 
581.338263  	85.110036 
581.695570  	85.510351 
582.052877  	85.816486 
582.410183  	85.784605 
582.767490  	84.962111 
583.124797  	84.375508 
583.482104  	85.162421 
583.839411  	85.646972 
584.196718  	85.409859 
584.554025  	85.632651 
584.911331  	86.155416 
585.268638  	86.569052 
585.625945  	86.803213 
585.983252  	86.888916 
586.340559  	86.443172 
586.697866  	85.645804 
587.055173  	85.720578 
587.412479  	86.347116 
587.769786  	86.700210 
588.127093  	86.817255 
588.484400  	86.459841 
588.841707  	86.407642 
589.199014  	86.836057 
589.556321  	86.572732 
589.913627  	86.119617 
590.270934  	85.962915 
590.628241  	85.943659 
590.985548  	86.340220 
591.342855  	86.920460 
591.700162  	87.383237 
592.057469  	87.105320 
592.414776  	86.722942 
592.772082  	86.950743 
593.129389  	86.757503 
593.486696  	86.629990 
593.844003  	87.057344 
594.201310  	87.299400 
594.558617  	87.511528 
594.915924  	87.244203 
595.273230  	86.768425 
595.630537  	86.976252 
595.987844  	87.332464 
596.345151  	87.630731 
596.702458  	87.551894 
597.059765  	86.972584 
597.417072  	86.969421 
597.774378  	87.214870 
598.131685  	86.978593 
598.488992  	86.984168 
598.846299  	86.840964 
599.203606  	86.572675 
599.560913  	87.129511 
599.918220  	87.232428 
600.275526  	86.712174 
600.632833  	86.770774 
600.990140  	86.845727 
601.347447  	86.688119 
601.704754  	86.285569 
602.062061  	86.452535 
602.419368  	87.062930 
602.776674  	86.864728 
603.133981  	86.890344 
603.491288  	87.125160 
603.848595  	87.101048 
604.205902  	86.980672 
604.563209  	86.286160 
604.920516  	86.167237 
605.277823  	86.063501 
605.635129  	85.626593 
605.992436  	86.110193 
606.349743  	86.276437 
606.707050  	86.327039 
607.064357  	86.680687 
607.421664  	86.617033 
607.778971  	86.645866 
608.136277  	86.451977 
608.493584  	86.497363 
608.850891  	86.785069 
609.208198  	86.683967 
609.565505  	86.913605 
609.922812  	86.719037 
610.280119  	86.258389 
610.637425  	86.132385 
610.994732  	85.641026 
611.352039  	85.538216 
611.709346  	85.652623 
612.066653  	85.651775 
612.423960  	86.038047 
612.781267  	85.949840 
613.138573  	85.812908 
613.495880  	85.992850 
613.853187  	85.758499 
614.210494  	85.893881 
614.567801  	86.151718 
614.925108  	86.043586 
615.282415  	86.246325 
615.639721  	85.966648 
615.997028  	85.138744 
616.354335  	84.871992 
616.711642  	84.938663 
617.068949  	85.024777 
617.426256  	85.016842 
617.783563  	84.913568 
618.140870  	85.085799 
618.498176  	85.457769 
618.855483  	85.373947 
619.212790  	84.587525 
619.570097  	84.317308 
619.927404  	84.587835 
620.284711  	84.326475 
620.642018  	84.096182 
620.999324  	84.149151 
621.356631  	84.382573 
621.713938  	84.676170 
622.071245  	84.365610 
622.428552  	84.146286 
622.785859  	84.256802 
623.143166  	83.931984 
623.500472  	83.695770 
623.857779  	83.768256 
624.215086  	83.693910 
624.572393  	83.701457 
624.929700  	83.918618 
625.287007  	84.115700 
625.644314  	84.146054 
626.001620  	84.062260 
626.358927  	84.055786 
626.716234  	83.984678 
627.073541  	83.863403 
627.430848  	83.876839 
627.788155  	83.691172 
628.145462  	83.733930 
628.502768  	84.077746 
628.860075  	84.057325 
629.217382  	84.214715 
629.574689  	84.344902 
629.931996  	84.235644 
630.289303  	84.532151 
630.646610  	84.635082 
631.003917  	84.322214 
631.361223  	84.123305 
631.718530  	84.357949 
632.075837  	84.471298 
632.433144  	83.853848 
632.790451  	83.736823 
633.147758  	84.137330 
633.505065  	84.260964 
633.862371  	84.324789 
634.219678  	84.090413 
634.576985  	83.824728 
634.934292  	83.410392 
635.291599  	83.115489 
635.648906  	83.620812 
636.006213  	83.523274 
636.363519  	83.097802 
636.720826  	83.057720 
637.078133  	82.712260 
637.435440  	82.675546 
637.792747  	83.082394 
638.150054  	83.158193 
638.507361  	82.708637 
638.864667  	82.323131 
639.221974  	82.653714 
639.579281  	82.775775 
639.936588  	82.222747 
640.293895  	82.061102 
640.651202  	82.114210 
641.008509  	81.996961 
641.365815  	81.926854 
641.723122  	81.570345 
642.080429  	81.022060 
642.437736  	80.812072 
642.795043  	81.018513 
643.152350  	81.098312 
643.509657  	80.645557 
643.866964  	80.333690 
644.224270  	80.282009 
644.581577  	79.987509 
644.938884  	79.788249 
645.296191  	79.727101 
645.653498  	79.633474 
646.010805  	79.223430 
646.368112  	78.519741 
646.725418  	78.331506 
647.082725  	78.378409 
647.440032  	78.266526 
647.797339  	78.037288 
648.154646  	77.718828 
648.511953  	77.825285 
648.869260  	77.658096 
649.226566  	76.792825 
649.583873  	76.079180 
649.941180  	75.287984 
650.298487  	74.982501 
650.655794  	75.019075 
651.013101  	74.376525 
651.370408  	73.938624 
651.727714  	73.711097 
652.085021  	73.245322 
652.442328  	72.804135 
652.799635  	72.123582 
653.156942  	71.608676 
653.514249  	71.545128 
653.871556  	71.300427 
654.228862  	70.838622 
654.586169  	70.090010 
654.943476  	69.375011 
655.300783  	69.088319 
655.658090  	68.197276 
656.015397  	66.758296 
656.372704  	65.616443 
656.730011  	64.777908 
657.087317  	63.944608 
657.444624  	62.713389 
657.801931  	61.156031 
658.159238  	59.786087 
658.516545  	58.558454 
658.873852  	57.269077 
659.231159  	55.879780 
659.588465  	55.004689 
659.945772  	54.909410 
660.303079  	54.704390 
660.660386  	54.091669 
661.017693  	53.019745 
661.375000  	51.594958 
661.732307  	49.568964 
662.089613  	46.723930 
662.446920  	43.826394 
662.804227  	40.846662 
663.161534  	37.600222 
663.518841  	34.327206 
663.876148  	31.327754 
664.233455  	29.215736 
664.590761  	27.635043 
664.948068  	27.147801 
665.305375  	28.152432 
665.662682  	30.862081 
666.019989  	35.888188 
666.377296  	42.187766 
666.734603  	48.707157 
667.091909  	53.450010 
667.449216  	56.029409 
667.806523  	63.491069 
668.163830  	70.867687 
668.521137  	71.933392 
668.878444  	72.699058 
669.235751  	73.497854 
669.593057  	74.974153 
669.950364  	75.569473 
670.307671  	75.554948 
670.664978  	75.609394 
671.022285  	75.287642 
671.379592  	74.838113 
671.736899  	74.375031 
672.094206  	73.443714 
672.451512  	72.015095 
672.808819  	71.005994 
673.166126  	70.338772 
673.523433  	69.063766 
673.880740  	67.373867 
674.238047  	65.004620 
674.595354  	62.419374 
674.952660  	60.187554 
675.309967  	57.360406 
675.667274  	54.134068 
676.024581  	50.888367 
676.381888  	47.876672 
676.739195  	45.367772 
677.096502  	42.600602 
677.453808  	39.969184 
677.811115  	38.292639 
678.168422  	37.016404 
678.525729  	36.549908 
678.883036  	37.960154 
679.240343  	41.852505 
679.597650  	46.229915 
679.954956  	49.567012 
680.312263  	52.414397 
680.669570  	54.758208 
681.026877  	57.288803 
681.384184  	60.373621 
681.741491  	63.442782 
682.098798  	66.677919 
682.456104  	70.383058 
682.813411  	73.750739 
683.170718  	76.060376 
683.528025  	78.052117 
683.885332  	79.749942 
684.242639  	80.650944 
684.599946  	81.686631 
684.957253  	82.979984 
685.314559  	83.792894 
685.671866  	84.125784 
686.029173  	84.734834 
686.386480  	85.238014 
686.743787  	85.479518 
687.101094  	86.098469 
687.458401  	86.477132 
687.815707  	86.472614 
688.173014  	86.486996 
688.530321  	86.407801 
688.887628  	86.545548 
689.244935  	86.671723 
689.602242  	86.794948 
689.959549  	86.836845 
690.316855  	86.635567 
690.674162  	86.761295 
691.031469  	86.826490 
691.388776  	86.943526 
691.746083  	87.081301 
692.103390  	86.925846 
692.460697  	87.722430 
692.818003  	88.418966 
693.175310  	87.945813 
693.532617  	87.578356 
693.889924  	87.204927 
694.247231  	86.806776 
694.604538  	86.947391 
694.961845  	86.884208 
695.319151  	86.540372 
695.676458  	86.229984 
696.033765  	86.171261 
696.391072  	86.648112 
696.748379  	86.854691 
697.105686  	86.509884 
697.462993  	86.196331 
697.820300  	85.882390 
698.177606  	85.554560 
698.534913  	85.160478 
698.892220  	85.169189 
699.249527  	85.495181 
699.606834  	85.384597 
699.964141  	85.532444 
700.321448  	85.630592 
700.678754  	85.308584 
701.036061  	85.516112 
701.393368  	85.379458 
701.750675  	84.967069 
702.107982  	84.967886 
702.465289  	84.779231 
702.822596  	84.855220 
703.179902  	84.726266 
703.537209  	84.307317 
703.894516  	84.378922 
704.251823  	84.402774 
704.609130  	84.737281 
704.966437  	84.832673 
705.323744  	83.925581 
705.681050  	83.201776 
706.038357  	82.712885 
706.395664  	82.584114 
706.752971  	83.024574 
707.110278  	83.114320 
707.467585  	82.859433 
707.824892  	82.423152 
708.182198  	81.985750 
708.539505  	81.924651 
708.896812  	81.693350 
709.254119  	81.228406 
709.611426  	80.819074 
709.968733  	79.989035 
710.326040  	79.027178 
710.683347  	78.589665 
711.040653  	78.473043 
711.397960  	78.770320 
711.755267  	79.338359 
712.112574  	79.419137 
712.469881  	79.525944 
712.827188  	80.264687 
713.184495  	80.704118 
713.541801  	80.544719 
713.899108  	80.492077 
714.256415  	80.300921 
714.613722  	79.960715 
714.971029  	79.956757 
715.328336  	79.786163 
715.685643  	79.340988 
716.042949  	78.976681 
716.400256  	78.700899 
716.757563  	78.594404 
717.114870  	78.597008 
717.472177  	78.810324 
717.829484  	78.802510 
718.186791  	78.586175 
718.544097  	78.825472 
718.901404  	78.745519 
719.258711  	78.536579 
719.616018  	78.520006 
719.973325  	77.940701 
720.330632  	77.770597 
720.687939  	77.851547 
721.045245  	77.418941 
721.402552  	77.200889 
721.759859  	76.738312 
722.117166  	76.261123 
722.474473  	76.261365 
722.831780  	76.105505 
723.189087  	75.946806 
723.546394  	75.637278 
723.903700  	75.164803 
724.261007  	75.055557 
724.618314  	74.792755 
724.975621  	74.262652 
725.332928  	73.794198 
725.690235  	73.389251 
726.047542  	73.155563 
726.404848  	72.685326 
726.762155  	72.081194 
727.119462  	71.874469 
727.476769  	71.740870 
727.834076  	71.489172 
728.191383  	70.843577 
728.548690  	69.819432 
728.905996  	69.097769 
729.263303  	68.721706 
729.620610  	68.501468 
729.977917  	67.886440 
730.335224  	66.989293 
730.692531  	66.650406 
731.049838  	66.315401 
731.407144  	65.804150 
731.764451  	65.275327 
732.121758  	64.415743 
732.479065  	63.498950 
732.836372  	62.437891 
733.193679  	61.507426 
733.550986  	60.790515 
733.908292  	59.772878 
734.265599  	58.817905 
734.622906  	57.782068 
734.980213  	56.367972 
735.337520  	54.955370 
735.694827  	53.788604 
736.052134  	52.587077 
736.409441  	50.858789 
736.766747  	49.078607 
737.124054  	47.428320 
737.481361  	45.712122 
737.838668  	44.264235 
738.195975  	43.200339 
738.553282  	42.454962 
738.910589  	41.225476 
739.267895  	39.433797 
739.625202  	38.036507 
739.982509  	36.732151 
740.339816  	35.091719 
740.697123  	33.232377 
741.054430  	31.413583 
741.411737  	29.774786 
741.769043  	28.119129 
742.126350  	26.424432 
742.483657  	24.334761 
742.840964  	22.063477 
743.198271  	20.195877 
743.555578  	18.281713 
743.912885  	16.465893 
744.270191  	15.336319 
744.627498  	14.654543 
744.984805  	14.639548 
745.342112  	15.716738 
745.699419  	17.380074 
746.056726  	19.307078 
746.414033  	21.524324 
746.771339  	23.992646 
747.128646  	26.573062 
747.485953  	28.547477 
747.843260  	29.821639 
748.200567  	30.974069 
748.557874  	31.661156 
748.915181  	31.388404 
749.272488  	30.654685 
749.629794  	30.329040 
749.987101  	31.023870 
750.344408  	32.888684 
750.701715  	35.313376 
751.059022  	37.412470 
751.416329  	39.076215 
751.773636  	40.189009 
752.130942  	40.256356 
752.488249  	39.121548 
752.845556  	37.032986 
753.202863  	35.097885 
753.560170  	34.428152 
753.917477  	35.226876 
754.274784  	37.286222 
754.632090  	40.394051 
754.989397  	44.244674 
755.346704  	47.796213 
755.704011  	50.489968 
756.061318  	52.397387 
756.418625  	53.260965 
756.775932  	53.655621 
757.133238  	53.743334 
757.490545  	53.002369 
757.847852  	52.067014 
758.205159  	51.234539 
758.562466  	50.407975 
758.919773  	49.573375 
759.277080  	48.615583 
759.634386  	48.015584 
759.991693  	47.695356 
760.349000  	47.447208 
760.706307  	47.496319 
761.063614  	47.772721 
761.420921  	48.569486 
761.778228  	49.691320 
762.135534  	50.575016 
762.492841  	51.592804 
762.850148  	52.819301 
763.207455  	54.113028 
763.564762  	55.864789 
763.922069  	57.858407 
764.279376  	59.466995 
764.636683  	61.106007 
764.993989  	63.115702 
765.351296  	64.709735 
765.708603  	66.163296 
766.065910  	67.995251 
766.423217  	69.501427 
766.780524  	70.913767 
767.137831  	72.517469 
767.495137  	73.987889 
767.852444  	75.325111 
768.209751  	76.234486 
768.567058  	77.156024 
768.924365  	78.393868 
769.281672  	79.117343 
769.638979  	79.533336 
769.996285  	80.340555 
770.353592  	81.124040 
770.710899  	81.621722 
771.068206  	82.405703 
771.425513  	83.198018 
771.782820  	83.312324 
772.140127  	83.250526 
772.497433  	83.394350 
772.854740  	83.688590 
773.212047  	84.160746 
773.569354  	84.422513 
773.926661  	84.416304 
774.283968  	84.685904 
774.641275  	85.245826 
774.998581  	85.662973 
775.355888  	85.925041 
775.713195  	85.954076 
776.070502  	85.766848 
776.427809  	85.638501 
776.785116  	85.499332 
777.142423  	85.737879 
777.499730  	86.046580 
777.857036  	85.632324 
778.214343  	85.409086 
778.571650  	85.679885 
778.928957  	85.740549 
779.286264  	85.697159 
779.643571  	85.779012 
780.000878  	85.842950 
780.358184  	85.628639 
780.715491  	85.479252 
781.072798  	85.575779 
781.430105  	85.731897 
781.787412  	85.698351 
782.144719  	85.172337 
782.502026  	85.039455 
782.859332  	85.217834 
783.216639  	84.986790 
783.573946  	84.990835 
783.931253  	85.005460 
784.288560  	84.954239 
784.645867  	84.846241 
785.003174  	84.281541 
785.360480  	84.102241 
785.717787  	84.328574 
786.075094  	84.242182 
786.432401  	83.894140 
786.789708  	83.948292 
787.147015  	84.288975 
787.504322  	83.972752 
787.861628  	83.697717 
788.218935  	83.710912 
788.576242  	83.520806 
788.933549  	83.528430 
789.290856  	83.695888 
789.648163  	83.890280 
790.005470  	83.608234 
790.362777  	83.539675 
790.720083  	84.192261 
791.077390  	83.905407 
791.434697  	83.556177 
791.792004  	84.040005 
792.149311  	84.106491 
792.506618  	83.862887 
792.863925  	83.791526 
793.221231  	83.932065 
793.578538  	83.737814 
793.935845  	83.544011 
794.293152  	83.721120 
794.650459  	83.205096 
795.007766  	82.858510 
795.365073  	82.965448 
795.722379  	82.548505 
796.079686  	82.373404 
796.436993  	82.461970 
796.794300  	82.393224 
797.151607  	82.144084 
797.508914  	81.830558 
797.866221  	81.871861 
798.223527  	81.752909 
798.580834  	81.616014 
798.938141  	81.850878 
799.295448  	81.604248 
799.652755  	81.191265 
800.010062  	81.165480 
800.367369  	80.727779 
800.724675  	80.296099 
801.081982  	80.536413 
801.439289  	80.555582 
801.796596  	80.605023 
802.153903  	80.760764 
802.511210  	80.055805 
802.868517  	79.452539 
803.225824  	79.350864 
803.583130  	79.064276 
803.940437  	78.834701 
804.297744  	78.560118 
804.655051  	78.123203 
805.012358  	77.590129 
805.369665  	77.186978 
805.726972  	77.206991 
806.084278  	77.027722 
806.441585  	76.426646 
806.798892  	75.784176 
807.156199  	75.160932 
807.513506  	74.715007 
807.870813  	74.380445 
808.228120  	73.875864 
808.585426  	73.401745 
808.942733  	73.072418 
809.300040  	72.310455 
809.657347  	71.270992 
810.014654  	70.745952 
810.371961  	70.343165 
810.729268  	69.560391 
811.086574  	68.672760 
811.443881  	67.830030 
811.801188  	67.007603 
812.158495  	65.907473 
812.515802  	64.571299 
812.873109  	63.503823 
813.230416  	62.559251 
813.587722  	61.540255 
813.945029  	60.294436 
814.302336  	58.632413 
814.659643  	57.276166 
815.016950  	56.306979 
815.374257  	55.322966 
815.731564  	54.889387 
816.088871  	54.858824 
816.446177  	54.859734 
816.803484  	55.033629 
817.160791  	55.241265 
817.518098  	55.729447 
817.875405  	56.528097 
818.232712  	57.672125 
818.590019  	59.503143 
818.947325  	61.317779 
819.304632  	62.677224 
819.661939  	64.361977 
820.019246  	66.379873 
820.376553  	68.120938 
820.733860  	69.857726 
821.091167  	71.513737 
821.448473  	72.933422 
821.805780  	74.865879 
822.163087  	76.730868 
822.520394  	77.876202 
822.877701  	78.932654 
823.235008  	79.501525 
823.592315  	79.834070 
823.949621  	80.832043 
824.306928  	81.302670 
824.664235  	80.795294 
825.021542  	80.816581 
825.378849  	81.283894 
825.736156  	81.406972 
826.093463  	81.371963 
826.450769  	80.998900 
826.808076  	80.715219 
827.165383  	80.964782 
827.522690  	80.957196 
827.879997  	80.638677 
828.237304  	80.303510 
828.594611  	80.170873 
828.951918  	80.407409 
829.309224  	80.457183 
829.666531  	80.247437 
830.023838  	79.989482 
830.381145  	79.774919 
830.738452  	79.445393 
831.095759  	79.063003 
831.453066  	79.108158 
831.810372  	79.013135 
832.167679  	78.997776 
832.524986  	79.287943 
832.882293  	78.918397 
833.239600  	78.709950 
833.596907  	78.813891 
833.954214  	78.579273 
834.311520  	78.573747 
834.668827  	78.341622 
835.026134  	77.975933 
835.383441  	78.056418 
835.740748  	78.040668 
836.098055  	77.915079 
836.455362  	77.919132 
836.812668  	78.012897 
837.169975  	78.027750 
837.527282  	77.859101 
837.884589  	77.568296 
838.241896  	77.249871 
838.599203  	77.191037 
838.956510  	77.011644 
839.313816  	76.717772 
839.671123  	77.006608 
840.028430  	77.263105 
840.385737  	77.115278 
840.743044  	77.094518 
841.100351  	77.136604 
841.457658  	77.223267 
841.814964  	77.089009 
842.172271  	76.586915 
842.529578  	76.540809 
842.886885  	76.871952 
843.244192  	76.897478 
843.601499  	76.839393 
843.958806  	76.647105 
844.316113  	76.394736 
844.673419  	76.736813 
845.030726  	77.235357 
845.388033  	77.210263 
845.745340  	77.037657 
846.102647  	76.795796 
846.459954  	76.373645 
846.817261  	76.273763 
847.174567  	76.511859 
847.531874  	76.537898 
847.889181  	76.196366 
848.246488  	75.815138 
848.603795  	75.793182 
848.961102  	76.288067 
849.318409  	76.773341 
849.675715  	76.395373 
850.033022  	75.823813 
850.390329  	75.999273 
850.747636  	76.282443 
851.104943  	76.456786 
851.462250  	76.533075 
851.819557  	76.353639 
852.176863  	76.444245 
852.534170  	76.584803 
852.891477  	76.462600 
853.248784  	76.172738 
853.606091  	75.808705 
853.963398  	75.798445 
854.320705  	75.850498 
854.678011  	75.833904 
855.035318  	75.984059 
855.392625  	75.980921 
855.749932  	75.861664 
856.107239  	75.925435 
856.464546  	76.196009 
856.821853  	76.115323 
857.179160  	75.830949 
857.536466  	76.014876 
857.893773  	75.921085 
858.251080  	75.581973 
858.608387  	75.684341 
858.965694  	75.646441 
859.323001  	75.351218 
859.680308  	75.031315 
860.037614  	74.880159 
860.394921  	75.378469 
860.752228  	75.855947 
861.109535  	75.490777 
861.466842  	75.191046 
861.824149  	75.265498 
862.181456  	75.215914 
862.538762  	75.410880 
862.896069  	75.154523 
863.253376  	74.346332 
863.610683  	74.246912 
863.967990  	74.429898 
864.325297  	74.411323 
864.682604  	74.236746 
865.039910  	74.035282 
865.397217  	74.094140 
865.754524  	74.227765 
866.111831  	74.322767 
866.469138  	73.812614 
866.826445  	73.480289 
867.183752  	73.901057 
867.541058  	73.450879 
867.898365  	72.929624 
868.255672  	73.081159 
868.612979  	72.938845 
868.970286  	72.808569 
869.327593  	72.385789 
869.684900  	71.911553 
870.042207  	71.942868 
870.399513  	71.784835 
870.756820  	71.528779 
871.114127  	71.485255 
871.471434  	71.492803 
871.828741  	71.225545 
872.186048  	70.726961 
872.543355  	70.398737 
872.900661  	70.267710 
873.257968  	70.424290 
873.615275  	70.245036 
873.972582  	69.569771 
874.329889  	69.363583 
874.687196  	69.163872 
875.044503  	68.759512 
875.401809  	68.781284 
875.759116  	68.615279 
876.116423  	68.336717 
876.473730  	68.138138 
876.831037  	67.464250 
877.188344  	67.367540 
877.545651  	67.736763 
877.902957  	67.322361 
878.260264  	67.051057 
878.617571  	66.944235 
878.974878  	66.558213 
879.332185  	66.363433 
879.689492  	65.666627 
880.046799  	64.693496 
880.404105  	64.505314 
880.761412  	64.886851 
881.118719  	65.000446 
881.476026  	64.732713 
881.833333  	64.554843 
882.190640  	64.306433 
882.547947  	64.218778 
882.905254  	64.271141 
883.262560  	64.032969 
883.619867  	63.888468 
883.977174  	63.441598 
884.334481  	62.834037 
884.691788  	62.559777 
885.049095  	62.444707 
885.406402  	62.908184 
885.763708  	63.332155 
886.121015  	63.101047 
886.478322  	62.622520 
886.835629  	62.277881 
887.192936  	62.333208 
887.550243  	62.071842 
887.907550  	61.713732 
888.264856  	61.735231 
888.622163  	61.398044 
888.979470  	61.033271 
889.336777  	60.820903 
889.694084  	60.457797 
890.051391  	60.212132 
890.408698  	60.097419 
890.766004  	59.829045 
891.123311  	59.070091 
891.480618  	58.404871 
891.837925  	58.278100 
892.195232  	58.033199 
892.552539  	57.753623 
892.909846  	57.665563 
893.267152  	57.217809 
893.624459  	56.619328 
893.981766  	56.588807 
894.339073  	56.665566 
894.696380  	56.417685 
895.053687  	56.292460 
895.410994  	56.348101 
895.768301  	56.734237 
896.125607  	57.392837 
896.482914  	58.085856 
896.840221  	59.002403 
897.197528  	59.711818 
897.554835  	60.278601 
897.912142  	61.036370 
898.269449  	61.544060 
898.626755  	62.012280 
898.984062  	62.432224 
899.341369  	62.761510 
899.698676  	63.411762 
900.055983  	63.989451 
900.413290  	64.256638 
900.770597  	64.150192 
901.127903  	63.641749 
901.485210  	63.360321 
901.842517  	63.516774 
902.199824  	63.726972 
902.557131  	63.797827 
902.914438  	63.762035 
903.271745  	63.448251 
903.629051  	63.004643 
903.986358  	62.853693 
904.343665  	62.534916 
904.700972  	61.985982 
905.058279  	61.782741 
905.415586  	61.673252 
905.772893  	61.399087 
906.130199  	61.067449 
906.487506  	60.828755 
906.844813  	60.642380 
907.202120  	60.290682 
907.559427  	60.067437 
907.916734  	59.901276 
908.274041  	59.422299 
908.631348  	58.955045 
908.988654  	58.796968 
909.345961  	58.721167 
909.703268  	58.343634 
910.060575  	57.908065 
910.417882  	57.655976 
910.775189  	57.364157 
911.132496  	57.122295 
911.489802  	56.797370 
911.847109  	56.453676 
912.204416  	56.277720 
912.561723  	55.935141 
912.919030  	55.605721 
913.276337  	55.492102 
913.633644  	55.361866 
913.990950  	54.961075 
914.348257  	54.520308 
914.705564  	54.290829 
915.062871  	53.729305 
915.420178  	53.290695 
915.777485  	53.295220 
916.134792  	53.000389 
916.492098  	52.706561 
916.849405  	52.480520 
917.206712  	52.197261 
917.564019  	51.930696 
917.921326  	51.408277 
918.278633  	51.050561 
918.635940  	50.956295 
918.993246  	50.922293 
919.350553  	50.746374 
919.707860  	50.146972 
920.065167  	49.731261 
920.422474  	49.659545 
920.779781  	49.509312 
921.137088  	49.235670 
921.494394  	49.018958 
921.851701  	48.859086 
922.209008  	48.300549 
922.566315  	47.766955 
922.923622  	47.832528 
923.280929  	47.928129 
923.638236  	47.725362 
923.995543  	47.471662 
924.352849  	47.260415 
924.710156  	47.003250 
925.067463  	46.831653 
925.424770  	46.688973 
925.782077  	46.246267 
926.139384  	45.677873 
926.496691  	45.390348 
926.853997  	45.612363 
927.211304  	45.878552 
927.568611  	45.829297 
927.925918  	46.015078 
928.283225  	46.313896 
928.640532  	46.426869 
928.997839  	46.740377 
929.355145  	47.174189 
929.712452  	47.282279 
930.069759  	47.220580 
930.427066  	47.369564 
930.784373  	47.446418 
931.141680  	47.235780 
931.498987  	47.049852 
931.856293  	47.216303 
932.213600  	47.584536 
932.570907  	47.564622 
932.928214  	47.381797 
933.285521  	47.404371 
933.642828  	47.703791 
934.000135  	48.410621 
934.357441  	48.802087 
934.714748  	48.826192 
935.072055  	49.288500 
935.429362  	50.031813 
935.786669  	50.492604 
936.143976  	50.483318 
936.501283  	50.588468 
936.858590  	51.107379 
937.215896  	51.599872 
937.573203  	51.993335 
937.930510  	52.188016 
938.287817  	52.365622 
938.645124  	52.858424 
939.002431  	53.462973 
939.359738  	54.032780 
939.717044  	54.445605 
940.074351  	54.760168 
940.431658  	55.083842 
940.788965  	55.279443 
941.146272  	55.512633 
941.503579  	56.019194 
941.860886  	56.709583 
942.218192  	57.502370 
942.575499  	58.372461 
942.932806  	58.933036 
943.290113  	59.160815 
943.647420  	59.482790 
944.004727  	59.839970 
944.362034  	60.400288 
944.719340  	61.098462 
945.076647  	61.405033 
945.433954  	61.688737 
945.791261  	62.274918 
946.148568  	62.894239 
946.505875  	63.285549 
946.863182  	63.459837 
947.220488  	63.954176 
947.577795  	64.675627 
947.935102  	65.086751 
948.292409  	65.440753 
948.649716  	65.812183 
949.007023  	66.065909 
949.364330  	66.562241 
949.721637  	67.039571 
950.078943  	67.207097 
950.436250  	67.671930 
950.793557  	68.264854 
951.150864  	68.586488 
951.508171  	68.922102 
951.865478  	69.178378 
952.222785  	69.514711 
952.580091  	70.015670 
952.937398  	70.296477 
953.294705  	70.543076 
953.652012  	70.919733 
954.009319  	71.294307 
954.366626  	71.488393 
954.723933  	71.540955 
955.081239  	71.893278 
955.438546  	72.305081 
955.795853  	72.300515 
956.153160  	72.351003 
956.510467  	72.779419 
956.867774  	73.039778 
957.225081  	73.093505 
957.582387  	73.501925 
957.939694  	74.103702 
958.297001  	74.413205 
958.654308  	74.352814 
959.011615  	74.302218 
959.368922  	74.622083 
959.726229  	75.058219 
960.083535  	75.288424 
960.440842  	75.305649 
960.798149  	75.469359 
961.155456  	76.033900 
961.512763  	76.466858 
961.870070  	76.466837 
962.227377  	76.479196 
962.584684  	76.820877 
962.941990  	77.258042 
963.299297  	77.412349 
963.656604  	77.360061 
964.013911  	77.325680 
964.371218  	77.436834 
964.728525  	77.710677 
965.085832  	77.943061 
965.443138  	78.087100 
965.800445  	78.258109 
966.157752  	78.422118 
966.515059  	78.627112 
966.872366  	78.727029 
967.229673  	78.396625 
967.586980  	78.336104 
967.944286  	78.943820 
968.301593  	79.241455 
968.658900  	79.264312 
969.016207  	79.495770 
969.373514  	79.627301 
969.730821  	79.563883 
970.088128  	79.243279 
970.445434  	79.164575 
970.802741  	79.579969 
971.160048  	79.714966 
971.517355  	79.604106 
971.874662  	79.730542 
972.231969  	79.949901 
972.589276  	80.099911 
972.946582  	80.476715 
973.303889  	80.817106 
973.661196  	80.413482 
974.018503  	80.016785 
974.375810  	80.046364 
974.733117  	80.052126 
975.090424  	80.229465 
975.447731  	80.237043 
975.805037  	80.344979 
976.162344  	80.813766 
976.519651  	80.692119 
976.876958  	80.597139 
977.234265  	80.912808 
977.591572  	80.829308 
977.948879  	80.697447 
978.306185  	80.597997 
978.663492  	80.618781 
979.020799  	81.059152 
979.378106  	80.999081 
979.735413  	80.470374 
980.092720  	80.503548 
980.450027  	80.766757 
980.807333  	80.722881 
981.164640  	80.726850 
981.521947  	80.777076 
981.879254  	80.595979 
982.236561  	80.592656 
982.593868  	80.792048 
982.951175  	80.722289 
983.308481  	80.479656 
983.665788  	80.062657 
984.023095  	79.772770 
984.380402  	80.062704 
984.737709  	80.160524 
985.095016  	79.716880 
985.452323  	79.511212 
985.809629  	79.531626 
986.166936  	79.433320 
986.524243  	79.526025 
986.881550  	79.607729 
987.238857  	79.398679 
987.596164  	79.690330 
987.953471  	80.272344 
988.310778  	80.318542 
988.668084  	80.379927 
989.025391  	80.538864 
989.382698  	80.515008 
989.740005  	80.402109 
990.097312  	80.098343 
990.454619  	80.120279 
990.811926  	80.481073 
991.169232  	80.539262 
991.526539  	80.359505 
991.883846  	80.211100 
992.241153  	80.275414 
992.598460  	80.340678 
992.955767  	80.278413 
993.313074  	80.284667 
993.670380  	80.338070 
994.027687  	80.504443 
994.384994  	80.565962 
994.742301  	80.510250 
995.099608  	80.481115 
995.456915  	80.180949 
995.814222  	79.987292 
996.171528  	80.146340 
996.528835  	80.275783 
996.886142  	80.217000 
997.243449  	80.000587 
997.600756  	80.010537 
997.958063  	80.238385 
998.315370  	80.448491 
998.672676  	80.494241 
999.029983  	80.010424 
999.387290  	79.671275 
999.744597  	79.862591 
1000.101904  	79.718169 
1000.459211  	79.217620 
1000.816518  	78.734819 
1001.173824  	78.322059 
1001.531131  	78.086727 
1001.888438  	77.768351 
1002.245745  	76.991423 
1002.603052  	75.844717 
1002.960359  	74.914499 
1003.317666  	74.492501 
1003.674973  	74.470615 
1004.032279  	74.896669 
1004.389586  	75.760716 
1004.746893  	77.126680 
1005.104200  	78.507742 
1005.461507  	79.255650 
1005.818814  	80.024826 
1006.176121  	80.961846 
1006.533427  	81.515619 
1006.890734  	82.101389 
1007.248041  	82.683675 
1007.605348  	82.836880 
1007.962655  	82.895877 
1008.319962  	82.937520 
1008.677269  	82.853872 
1009.034575  	82.837389 
1009.391882  	82.866932 
1009.749189  	82.894995 
1010.106496  	83.023457 
1010.463803  	83.248206 
1010.821110  	83.520396 
1011.178417  	83.499640 
1011.535723  	83.012983 
1011.893030  	82.854619 
1012.250337  	83.279961 
1012.607644  	83.427846 
1012.964951  	83.106094 
1013.322258  	82.891712 
1013.679565  	83.083576 
1014.036871  	83.343734 
1014.394178  	83.228366 
1014.751485  	83.061707 
1015.108792  	83.245208 
1015.466099  	83.370531 
1015.823406  	83.210737 
1016.180713  	83.179714 
1016.538020  	83.246255 
1016.895326  	83.387223 
1017.252633  	83.603462 
1017.609940  	83.272840 
1017.967247  	82.917995 
1018.324554  	83.045915 
1018.681861  	82.780812 
1019.039168  	82.432748 
1019.396474  	82.452985 
1019.753781  	82.394975 
1020.111088  	82.467393 
1020.468395  	82.787631 
1020.825702  	83.059225 
1021.183009  	82.851633 
1021.540316  	82.466491 
1021.897622  	82.670583 
1022.254929  	82.656019 
1022.612236  	82.175225 
1022.969543  	82.279575 
1023.326850  	82.587680 
1023.684157  	82.641386 
1024.041464  	82.606172 
1024.398770  	82.159556 
1024.756077  	81.717158 
1025.113384  	81.907021 
1025.470691  	82.238893 
1025.827998  	82.204494 
1026.185305  	81.905783 
1026.542612  	81.705239 
1026.899918  	81.725046 
1027.257225  	81.614595 
1027.614532  	81.453715 
1027.971839  	81.415973 
1028.329146  	81.278170 
1028.686453  	81.389302 
1029.043760  	81.571705 
1029.401067  	81.110629 
1029.758373  	80.823694 
1030.115680  	81.111079 
1030.472987  	80.989521 
1030.830294  	80.694601 
1031.187601  	80.764952 
1031.544908  	80.757269 
1031.902215  	80.680099 
1032.259521  	80.513415 
1032.616828  	80.095727 
1032.974135  	80.020635 
1033.331442  	80.041764 
1033.688749  	79.577534 
1034.046056  	79.324318 
1034.403363  	79.379441 
1034.760669  	79.355414 
1035.117976  	79.283664 
1035.475283  	78.845661 
1035.832590  	78.647723 
1036.189897  	78.877386 
1036.547204  	78.441192 
1036.904511  	77.999978 
1037.261817  	78.151507 
1037.619124  	78.074950 
1037.976431  	77.891785 
1038.333738  	77.753704 
1038.691045  	77.568644 
1039.048352  	77.585496 
1039.405659  	77.537577 
1039.762965  	77.214078 
1040.120272  	77.049315 
1040.477579  	77.361694 
1040.834886  	77.541007 
1041.192193  	77.105845 
1041.549500  	76.639408 
1041.906807  	76.599694 
1042.264114  	76.777058 
1042.621420  	76.768377 
1042.978727  	76.758993 
1043.336034  	76.926782 
1043.693341  	76.873345 
1044.050648  	76.892405 
1044.407955  	77.013213 
1044.765262  	76.810174 
1045.122568  	76.706175 
1045.479875  	76.806276 
1045.837182  	77.023260 
1046.194489  	77.331082 
1046.551796  	77.233742 
1046.909103  	77.075662 
1047.266410  	77.445494 
1047.623716  	77.930325 
1047.981023  	78.264781 
1048.338330  	78.348535 
1048.695637  	78.030295 
1049.052944  	78.006977 
1049.410251  	78.526469 
1049.767558  	78.785962 
1050.124864  	78.734632 
1050.482171  	78.915975 
1050.839478  	79.208144 
1051.196785  	79.118477 
1051.554092  	79.135914 
1051.911399  	79.597987 
1052.268706  	79.674578 
1052.626012  	79.674687 
1052.983319  	79.755919 
1053.340626  	79.536722 
1053.697933  	79.849759 
1054.055240  	80.256244 
1054.412547  	80.350640 
1054.769854  	80.633981 
1055.127161  	80.711362 
1055.484467  	80.941928 
1055.841774  	81.104013 
1056.199081  	80.848929 
1056.556388  	80.983922 
1056.913695  	80.995120 
1057.271002  	80.830679 
1057.628309  	80.974042 
1057.985615  	80.914208 
1058.342922  	80.885062 
1058.700229  	81.006469 
1059.057536  	80.960241 
1059.414843  	80.977970 
1059.772150  	81.189172 
1060.129457  	81.336595 
1060.486763  	81.127491 
1060.844070  	80.846715 
1061.201377  	80.906986 
1061.558684  	81.102249 
1061.915991  	81.195177 
1062.273298  	81.190442 
1062.630605  	81.076983 
1062.987911  	80.968818 
1063.345218  	80.907006 
1063.702525  	80.882846 
1064.059832  	81.051640 
1064.417139  	81.026341 
1064.774446  	80.752395 
1065.131753  	80.989461 
1065.489059  	81.337584 
1065.846366  	81.144550 
1066.203673  	80.892204 
1066.560980  	80.790777 
1066.918287  	80.627376 
1067.275594  	80.343160 
1067.632901  	80.118016 
1067.990208  	80.218260 
1068.347514  	80.472973 
1068.704821  	80.536047 
1069.062128  	80.423342 
1069.419435  	80.301753 
1069.776742  	80.186764 
1070.134049  	79.910808 
1070.491356  	79.477023 
1070.848662  	79.388161 
1071.205969  	79.550462 
1071.563276  	79.191874 
1071.920583  	78.789525 
1072.277890  	78.995200 
1072.635197  	78.969503 
1072.992504  	78.283337 
1073.349810  	77.535007 
1073.707117  	77.091494 
1074.064424  	77.125921 
1074.421731  	77.259002 
1074.779038  	76.794916 
1075.136345  	76.206523 
1075.493652  	75.744780 
1075.850958  	75.083870 
1076.208265  	74.584693 
1076.565572  	74.004574 
1076.922879  	73.292773 
1077.280186  	72.652389 
1077.637493  	71.673502 
1077.994800  	71.048751 
1078.352106  	70.683318 
1078.709413  	69.816956 
1079.066720  	69.050623 
1079.424027  	68.211768 
1079.781334  	67.234701 
1080.138641  	66.395398 
1080.495948  	65.238694 
1080.853255  	64.361955 
1081.210561  	63.981578 
1081.567868  	63.309973 
1081.925175  	62.701358 
1082.282482  	62.478488 
1082.639789  	62.242225 
1082.997096  	62.316329 
1083.354403  	62.888213 
1083.711709  	63.381098 
1084.069016  	63.629169 
1084.426323  	63.696948 
1084.783630  	64.062640 
1085.140937  	65.156857 
1085.498244  	66.153032 
1085.855551  	66.774975 
1086.212857  	67.643097 
1086.570164  	68.680538 
1086.927471  	69.477726 
1087.284778  	69.912287 
1087.642085  	70.575905 
1087.999392  	71.808883 
1088.356699  	73.095637 
1088.714005  	74.075290 
1089.071312  	74.745691 
1089.428619  	75.693935 
1089.785926  	77.115605 
1090.143233  	78.030063 
1090.500540  	78.304851 
1090.857847  	78.917987 
1091.215153  	79.772897 
1091.572460  	80.115375 
1091.929767  	80.324655 
1092.287074  	80.682198 
1092.644381  	80.950505 
1093.001688  	81.359149 
1093.358995  	81.678034 
1093.716301  	81.707158 
1094.073608  	81.678408 
1094.430915  	81.816218 
1094.788222  	82.211699 
1095.145529  	82.189510 
1095.502836  	81.856653 
1095.860143  	81.818789 
1096.217450  	81.733366 
1096.574756  	81.777189 
1096.932063  	81.976804 
1097.289370  	81.721138 
1097.646677  	81.337065 
1098.003984  	81.329860 
1098.361291  	81.356605 
1098.718598  	81.242958 
1099.075904  	81.304446 
1099.433211  	81.271567 
1099.790518  	81.007924 
1100.147825  	80.763587 
1100.505132  	80.373353 
1100.862439  	80.107094 
1101.219746  	80.084803 
1101.577052  	80.079126 
1101.934359  	79.983862 
1102.291666  	79.487344 
1102.648973  	79.211946 
1103.006280  	79.235264 
1103.363587  	78.722655 
1103.720894  	78.158064 
1104.078200  	77.743939 
1104.435507  	77.372342 
1104.792814  	77.229641 
1105.150121  	76.892341 
1105.507428  	76.604733 
1105.864735  	76.327443 
1106.222042  	75.635194 
1106.579348  	75.183165 
1106.936655  	74.911613 
1107.293962  	74.315869 
1107.651269  	73.737528 
1108.008576  	73.461965 
1108.365883  	73.492705 
1108.723190  	73.346773 
1109.080497  	72.647952 
1109.437803  	72.090271 
1109.795110  	72.014152 
1110.152417  	71.963762 
1110.509724  	72.128052 
1110.867031  	72.325730 
1111.224338  	72.109218 
1111.581645  	72.191514 
1111.938951  	72.511886 
1112.296258  	72.658513 
1112.653565  	72.922608 
1113.010872  	72.937656 
1113.368179  	72.865124 
1113.725486  	72.944373 
1114.082793  	72.782287 
1114.440099  	72.414282 
1114.797406  	71.674722 
1115.154713  	71.047180 
1115.512020  	70.904619 
1115.869327  	70.427310 
1116.226634  	69.843939 
1116.583941  	69.668636 
1116.941247  	69.638671 
1117.298554  	69.752875 
1117.655861  	70.057814 
1118.013168  	70.728184 
1118.370475  	71.951530 
1118.727782  	73.282840 
1119.085089  	74.464390 
1119.442395  	75.891148 
1119.799702  	77.364440 
1120.157009  	78.463116 
1120.514316  	79.495092 
1120.871623  	80.435451 
1121.228930  	81.230947 
1121.586237  	82.088257 
1121.943544  	82.678565 
1122.300850  	82.933831 
1122.658157  	83.179315 
1123.015464  	83.634128 
1123.372771  	83.914320 
1123.730078  	83.670623 
1124.087385  	83.785810 
1124.444692  	84.186887 
1124.801998  	83.919892 
1125.159305  	83.655029 
1125.516612  	83.831984 
1125.873919  	83.873907 
1126.231226  	84.006363 
1126.588533  	84.376208 
1126.945840  	84.477383 
1127.303146  	84.379208 
1127.660453  	84.311900 
1128.017760  	84.298216 
1128.375067  	84.377894 
1128.732374  	84.327825 
1129.089681  	84.218542 
1129.446988  	84.074148 
1129.804294  	83.879726 
1130.161601  	84.140713 
1130.518908  	84.540868 
1130.876215  	84.408797 
1131.233522  	84.067214 
1131.590829  	83.943481 
1131.948136  	83.890710 
1132.305442  	83.816626 
1132.662749  	83.810109 
1133.020056  	83.504152 
1133.377363  	83.280790 
1133.734670  	83.703331 
1134.091977  	83.938798 
1134.449284  	83.848069 
1134.806591  	83.726455 
1135.163897  	83.467429 
1135.521204  	83.390481 
1135.878511  	83.307507 
1136.235818  	83.227877 
1136.593125  	83.348355 
1136.950432  	83.472139 
1137.307739  	83.586663 
1137.665045  	83.364631 
1138.022352  	83.135168 
1138.379659  	83.326165 
1138.736966  	83.347370 
1139.094273  	83.213589 
1139.451580  	83.226739 
1139.808887  	83.354448 
1140.166193  	83.452832 
1140.523500  	83.255616 
1140.880807  	83.060748 
1141.238114  	83.228385 
1141.595421  	83.410701 
1141.952728  	83.130973 
1142.310035  	82.779139 
1142.667341  	82.854268 
1143.024648  	82.768323 
1143.381955  	82.405233 
1143.739262  	82.452384 
1144.096569  	82.640139 
1144.453876  	82.563476 
1144.811183  	82.521766 
1145.168489  	82.470912 
1145.525796  	82.461957 
1145.883103  	82.728284 
1146.240410  	82.725514 
1146.597717  	82.407695 
1146.955024  	82.174055 
1147.312331  	81.863783 
1147.669638  	81.854227 
1148.026944  	82.032121 
1148.384251  	81.753820 
1148.741558  	81.583198 
1149.098865  	81.723875 
1149.456172  	81.701917 
1149.813479  	81.595104 
1150.170786  	81.576599 
1150.528092  	81.545741 
1150.885399  	81.201915 
1151.242706  	80.787403 
1151.600013  	80.666309 
1151.957320  	80.637411 
1152.314627  	80.655870 
1152.671934  	80.591259 
1153.029240  	80.424689 
1153.386547  	80.248343 
1153.743854  	79.849167 
1154.101161  	79.645868 
1154.458468  	79.854760 
1154.815775  	79.915164 
1155.173082  	79.588019 
1155.530388  	79.056558 
1155.887695  	78.749859 
1156.245002  	78.682849 
1156.602309  	78.485412 
1156.959616  	78.096717 
1157.316923  	77.614851 
1157.674230  	77.273303 
1158.031536  	77.078365 
1158.388843  	76.743770 
1158.746150  	76.129653 
1159.103457  	75.543880 
1159.460764  	75.292997 
1159.818071  	74.896729 
1160.175378  	74.202706 
1160.532685  	73.537929 
1160.889991  	72.865308 
1161.247298  	72.220294 
1161.604605  	71.658952 
1161.961912  	71.317927 
1162.319219  	71.039027 
1162.676526  	70.673194 
1163.033833  	70.424358 
1163.391139  	69.983593 
1163.748446  	69.511585 
1164.105753  	69.229609 
1164.463060  	68.905370 
1164.820367  	68.782679 
1165.177674  	68.638160 
1165.534981  	68.386357 
1165.892287  	68.275644 
1166.249594  	68.080089 
1166.606901  	67.897409 
1166.964208  	67.950012 
1167.321515  	68.281428 
1167.678822  	68.498375 
1168.036129  	68.401054 
1168.393435  	68.470079 
1168.750742  	68.654710 
1169.108049  	68.859034 
1169.465356  	69.090325 
1169.822663  	69.160875 
1170.179970  	69.249039 
1170.537277  	69.400287 
1170.894583  	69.544347 
1171.251890  	69.745595 
1171.609197  	70.028541 
1171.966504  	70.188315 
1172.323811  	70.145494 
1172.681118  	70.209095 
1173.038425  	70.356772 
1173.395731  	70.621482 
1173.753038  	70.895143 
1174.110345  	70.895089 
1174.467652  	71.030058 
1174.824959  	71.392667 
1175.182266  	71.795409 
1175.539573  	72.199856 
1175.896880  	72.511959 
1176.254186  	72.925908 
1176.611493  	73.349354 
1176.968800  	73.598648 
1177.326107  	73.751179 
1177.683414  	74.037918 
1178.040721  	74.489600 
1178.398028  	74.569198 
1178.755334  	74.418697 
1179.112641  	74.414757 
1179.469948  	74.400615 
1179.827255  	74.462612 
1180.184562  	74.551629 
1180.541869  	74.467771 
1180.899176  	74.255799 
1181.256482  	74.166921 
1181.613789  	74.306972 
1181.971096  	74.580778 
1182.328403  	74.706271 
1182.685710  	74.281634 
1183.043017  	73.954203 
1183.400324  	74.137398 
1183.757630  	74.210204 
1184.114937  	74.193941 
1184.472244  	74.079157 
1184.829551  	73.811172 
1185.186858  	73.541329 
1185.544165  	73.338092 
1185.901472  	73.427602 
1186.258778  	73.331934 
1186.616085  	73.056043 
1186.973392  	73.055131 
1187.330699  	72.891364 
1187.688006  	72.590794 
1188.045313  	72.418142 
1188.402620  	72.420565 
1188.759927  	72.468428 
1189.117233  	72.226676 
1189.474540  	71.958120 
1189.831847  	71.687321 
1190.189154  	71.393537 
1190.546461  	71.443595 
1190.903768  	71.549211 
1191.261075  	71.401677 
1191.618381  	71.135465 
1191.975688  	70.827782 
1192.332995  	70.424841 
1192.690302  	70.096582 
1193.047609  	70.043454 
1193.404916  	69.853035 
1193.762223  	69.456837 
1194.119529  	69.175461 
1194.476836  	68.887831 
1194.834143  	68.634989 
1195.191450  	68.299825 
1195.548757  	67.791905 
1195.906064  	67.477623 
1196.263371  	67.137464 
1196.620677  	66.775154 
1196.977984  	66.755527 
1197.335291  	66.561196 
1197.692598  	66.068142 
1198.049905  	65.631850 
1198.407212  	65.269430 
1198.764519  	65.139958 
1199.121825  	64.837622 
1199.479132  	64.217390 
1199.836439  	63.936712 
1200.193746  	63.769947 
1200.551053  	63.425355 
1200.908360  	63.143424 
1201.265667  	62.897417 
1201.622974  	62.692255 
1201.980280  	62.408677 
1202.337587  	61.987659 
1202.694894  	61.559650 
1203.052201  	61.199613 
1203.409508  	61.049267 
1203.766815  	60.793549 
1204.124122  	60.128549 
1204.481428  	59.459489 
1204.838735  	58.998657 
1205.196042  	58.481193 
1205.553349  	57.862372 
1205.910656  	57.239176 
1206.267963  	56.541897 
1206.625270  	55.793224 
1206.982576  	55.045977 
1207.339883  	54.249027 
1207.697190  	53.386088 
1208.054497  	52.487748 
1208.411804  	51.535484 
1208.769111  	50.361542 
1209.126418  	49.125051 
1209.483724  	47.979277 
1209.841031  	46.688872 
1210.198338  	45.400292 
1210.555645  	44.101783 
1210.912952  	42.622408 
1211.270259  	41.214716 
1211.627566  	39.935710 
1211.984872  	38.754661 
1212.342179  	37.535544 
1212.699486  	36.437439 
1213.056793  	35.820667 
1213.414100  	35.299305 
1213.771407  	34.877819 
1214.128714  	34.789745 
1214.486021  	34.875911 
1214.843327  	35.106580 
1215.200634  	35.213258 
1215.557941  	35.478427 
1215.915248  	36.014808 
1216.272555  	36.229539 
1216.629862  	36.552634 
1216.987169  	37.488524 
1217.344475  	38.833225 
1217.701782  	40.245511 
1218.059089  	41.764246 
1218.416396  	43.922854 
1218.773703  	46.477439 
1219.131010  	49.100244 
1219.488317  	51.993138 
1219.845623  	54.953447 
1220.202930  	57.772331 
1220.560237  	60.519433 
1220.917544  	63.327878 
1221.274851  	66.003396 
1221.632158  	68.242539 
1221.989465  	70.096248 
1222.346771  	71.518324 
1222.704078  	72.732773 
1223.061385  	74.076301 
1223.418692  	75.122995 
1223.775999  	75.732663 
1224.133306  	76.394365 
1224.490613  	76.781112 
1224.847919  	76.793060 
1225.205226  	77.143649 
1225.562533  	77.354681 
1225.919840  	77.224136 
1226.277147  	77.400924 
1226.634454  	77.423090 
1226.991761  	77.136097 
1227.349068  	76.807363 
1227.706374  	76.520702 
1228.063681  	76.419508 
1228.420988  	76.084418 
1228.778295  	75.782409 
1229.135602  	75.622371 
1229.492909  	75.017481 
1229.850216  	74.520597 
1230.207522  	74.267301 
1230.564829  	73.821972 
1230.922136  	73.521466 
1231.279443  	73.272256 
1231.636750  	72.567321 
1231.994057  	71.649697 
1232.351364  	71.072256 
1232.708670  	70.726350 
1233.065977  	70.370276 
1233.423284  	69.907696 
1233.780591  	69.278083 
1234.137898  	68.841991 
1234.495205  	68.478614 
1234.852512  	67.858495 
1235.209818  	67.304904 
1235.567125  	66.903045 
1235.924432  	66.472315 
1236.281739  	66.078310 
1236.639046  	65.800567 
1236.996353  	65.490356 
1237.353660  	65.099035 
1237.710966  	64.714070 
1238.068273  	64.258796 
1238.425580  	63.886282 
1238.782887  	63.721571 
1239.140194  	63.638898 
1239.497501  	63.597044 
1239.854808  	63.521903 
1240.212115  	63.379367 
1240.569421  	63.213904 
1240.926728  	63.171798 
1241.284035  	63.313229 
1241.641342  	63.518351 
1241.998649  	63.775366 
1242.355956  	64.016210 
1242.713263  	64.144528 
1243.070569  	64.179466 
1243.427876  	64.348755 
1243.785183  	64.733706 
1244.142490  	65.029231 
1244.499797  	65.318207 
1244.857104  	65.718113 
1245.214411  	65.941988 
1245.571717  	65.969754 
1245.929024  	65.986668 
1246.286331  	66.112410 
1246.643638  	66.376412 
1247.000945  	66.619768 
1247.358252  	66.720270 
1247.715559  	66.847733 
1248.072865  	66.872029 
1248.430172  	66.672976 
1248.787479  	66.685597 
1249.144786  	66.663098 
1249.502093  	66.431561 
1249.859400  	66.375673 
1250.216707  	66.201458 
1250.574013  	65.947257 
1250.931320  	65.832528 
1251.288627  	65.690963 
1251.645934  	65.516913 
1252.003241  	65.278684 
1252.360548  	65.009014 
1252.717855  	64.556377 
1253.075161  	64.182611 
1253.432468  	64.120298 
1253.789775  	63.878970 
1254.147082  	63.592303 
1254.504389  	63.250757 
1254.861696  	62.774828 
1255.219003  	62.471980 
1255.576310  	62.050319 
1255.933616  	61.657052 
1256.290923  	61.406468 
1256.648230  	60.922278 
1257.005537  	60.306884 
1257.362844  	59.723649 
1257.720151  	59.196195 
1258.077458  	58.648715 
1258.434764  	58.194291 
1258.792071  	57.823741 
1259.149378  	57.285172 
1259.506685  	56.665258 
1259.863992  	56.066435 
1260.221299  	55.688494 
1260.578606  	55.352230 
1260.935912  	54.699110 
1261.293219  	53.938039 
1261.650526  	53.207696 
1262.007833  	52.679849 
1262.365140  	52.105237 
1262.722447  	51.370216 
1263.079754  	50.835193 
1263.437060  	50.188506 
1263.794367  	49.427871 
1264.151674  	48.706207 
1264.508981  	48.001142 
1264.866288  	47.411034 
1265.223595  	46.619272 
1265.580902  	45.863622 
1265.938208  	45.177620 
1266.295515  	44.263058 
1266.652822  	43.501096 
1267.010129  	42.655677 
1267.367436  	41.657022 
1267.724743  	40.872044 
1268.082050  	40.152062 
1268.439357  	39.439607 
1268.796663  	38.592809 
1269.153970  	37.689024 
1269.511277  	36.851539 
1269.868584  	35.961385 
1270.225891  	35.206024 
1270.583198  	34.395896 
1270.940505  	33.472291 
1271.297811  	32.662641 
1271.655118  	31.799306 
1272.012425  	31.054444 
1272.369732  	30.351620 
1272.727039  	29.401817 
1273.084346  	28.503928 
1273.441653  	27.756181 
1273.798959  	27.080726 
1274.156266  	26.365064 
1274.513573  	25.550061 
1274.870880  	24.793057 
1275.228187  	23.969449 
1275.585494  	23.221407 
1275.942801  	22.863139 
1276.300107  	22.573660 
1276.657414  	22.029039 
1277.014721  	21.405585 
1277.372028  	20.963161 
1277.729335  	20.652862 
1278.086642  	20.398455 
1278.443949  	20.338890 
1278.801255  	20.352176 
1279.158562  	20.164291 
1279.515869  	20.009323 
1279.873176  	20.166152 
1280.230483  	20.338164 
1280.587790  	20.459275 
1280.945097  	20.664746 
1281.302404  	20.812185 
1281.659710  	20.970783 
1282.017017  	21.219825 
1282.374324  	21.558392 
1282.731631  	21.858027 
1283.088938  	22.075237 
1283.446245  	22.460152 
1283.803552  	22.808595 
1284.160858  	23.112351 
1284.518165  	23.585703 
1284.875472  	24.119152 
1285.232779  	24.749507 
1285.590086  	25.256030 
1285.947393  	25.741198 
1286.304700  	26.457906 
1286.662006  	27.068947 
1287.019313  	27.679788 
1287.376620  	28.351389 
1287.733927  	29.008756 
1288.091234  	29.916036 
1288.448541  	30.871876 
1288.805848  	31.586597 
1289.163154  	32.159171 
1289.520461  	32.813011 
1289.877768  	33.508661 
1290.235075  	33.974787 
1290.592382  	34.162681 
1290.949689  	34.189443 
1291.306996  	34.177190 
1291.664302  	34.020991 
1292.021609  	33.762625 
1292.378916  	33.527536 
1292.736223  	33.069428 
1293.093530  	32.630955 
1293.450837  	32.475765 
1293.808144  	32.331720 
1294.165451  	32.118416 
1294.522757  	31.970834 
1294.880064  	32.075946 
1295.237371  	32.208204 
1295.594678  	32.270123 
1295.951985  	32.546102 
1296.309292  	32.764991 
1296.666599  	32.950643 
1297.023905  	33.314985 
1297.381212  	33.621111 
1297.738519  	33.956436 
1298.095826  	34.294269 
1298.453133  	34.538566 
1298.810440  	34.819031 
1299.167747  	35.141201 
1299.525053  	35.556783 
1299.882360  	35.953135 
1300.239667  	36.295486 
1300.596974  	36.702773 
1300.954281  	37.053173 
1301.311588  	37.411795 
1301.668895  	37.826492 
1302.026201  	38.097680 
1302.383508  	38.148773 
1302.740815  	38.055465 
1303.098122  	37.929801 
1303.455429  	37.618885 
1303.812736  	36.922484 
1304.170043  	35.993588 
1304.527349  	35.102923 
1304.884656  	34.262351 
1305.241963  	33.287231 
1305.599270  	32.306070 
1305.956577  	31.407911 
1306.313884  	30.421970 
1306.671191  	29.639438 
1307.028498  	29.071238 
1307.385804  	28.314644 
1307.743111  	27.695070 
1308.100418  	27.453199 
1308.457725  	27.272132 
1308.815032  	27.063385 
1309.172339  	27.023717 
1309.529646  	27.243308 
1309.886952  	27.555103 
1310.244259  	27.896897 
1310.601566  	28.333326 
1310.958873  	28.852249 
1311.316180  	29.443907 
1311.673487  	30.085896 
1312.030794  	30.738687 
1312.388100  	31.580946 
1312.745407  	32.731035 
1313.102714  	33.683030 
1313.460021  	34.506125 
1313.817328  	35.645750 
1314.174635  	36.798015 
1314.531942  	38.006897 
1314.889248  	39.393483 
1315.246555  	40.632017 
1315.603862  	41.827545 
1315.961169  	43.107554 
1316.318476  	44.344210 
1316.675783  	45.570245 
1317.033090  	46.965484 
1317.390396  	48.338729 
1317.747703  	49.626391 
1318.105010  	50.931118 
1318.462317  	51.973939 
1318.819624  	53.046346 
1319.176931  	54.355277 
1319.534238  	55.498302 
1319.891545  	56.507024 
1320.248851  	57.383282 
1320.606158  	58.342407 
1320.963465  	59.421751 
1321.320772  	60.336795 
1321.678079  	61.267346 
1322.035386  	62.223443 
1322.392693  	63.055174 
1322.749999  	63.786022 
1323.107306  	64.484792 
1323.464613  	65.199414 
1323.821920  	65.896805 
1324.179227  	66.640876 
1324.536534  	67.336555 
1324.893841  	68.016095 
1325.251147  	68.849175 
1325.608454  	69.613347 
1325.965761  	70.279060 
1326.323068  	70.970314 
1326.680375  	71.654277 
1327.037682  	72.427198 
1327.394989  	73.138574 
1327.752295  	73.648867 
1328.109602  	74.244392 
1328.466909  	74.912896 
1328.824216  	75.575109 
1329.181523  	76.429153 
1329.538830  	77.190197 
1329.896137  	77.628023 
1330.253443  	78.081465 
1330.610750  	78.743951 
1330.968057  	79.454436 
1331.325364  	79.901237 
1331.682671  	80.217470 
1332.039978  	80.708185 
1332.397285  	81.122359 
1332.754592  	81.367220 
1333.111898  	81.707835 
1333.469205  	82.243512 
1333.826512  	82.844111 
1334.183819  	83.262800 
1334.541126  	83.493657 
1334.898433  	83.748990 
1335.255740  	84.038322 
1335.613046  	84.327039 
1335.970353  	84.834036 
1336.327660  	85.403914 
1336.684967  	85.523718 
1337.042274  	85.427465 
1337.399581  	85.629730 
1337.756888  	86.006473 
1338.114194  	86.349675 
1338.471501  	86.430702 
1338.828808  	86.380961 
1339.186115  	86.563582 
1339.543422  	86.776703 
1339.900729  	86.848234 
1340.258036  	86.913172 
1340.615342  	87.026408 
1340.972649  	87.172170 
1341.329956  	87.234569 
1341.687263  	87.168684 
1342.044570  	87.221524 
1342.401877  	87.452503 
1342.759184  	87.562835 
1343.116490  	87.517772 
1343.473797  	87.536855 
1343.831104  	87.518553 
1344.188411  	87.335392 
1344.545718  	87.287473 
1344.903025  	87.382675 
1345.260332  	87.416495 
1345.617638  	87.519745 
1345.974945  	87.575010 
1346.332252  	87.483140 
1346.689559  	87.423033 
1347.046866  	87.398298 
1347.404173  	87.466995 
1347.761480  	87.556941 
1348.118787  	87.528684 
1348.476093  	87.550274 
1348.833400  	87.654586 
1349.190707  	87.671355 
1349.548014  	87.517957 
1349.905321  	87.354838 
1350.262628  	87.298458 
1350.619935  	87.199642 
1350.977241  	87.128847 
1351.334548  	87.240210 
1351.691855  	87.364165 
1352.049162  	87.360811 
1352.406469  	87.228574 
1352.763776  	87.005344 
1353.121083  	86.869385 
1353.478389  	86.831624 
1353.835696  	86.746600 
1354.193003  	86.788268 
1354.550310  	86.913846 
1354.907617  	86.713403 
1355.264924  	86.475589 
1355.622231  	86.551594 
1355.979537  	86.499922 
1356.336844  	86.362897 
1356.694151  	86.568044 
1357.051458  	86.731017 
1357.408765  	86.548400 
1357.766072  	86.398834 
1358.123379  	86.386976 
1358.480685  	86.392629 
1358.837992  	86.358116 
1359.195299  	86.251112 
1359.552606  	86.231924 
1359.909913  	86.316695 
1360.267220  	86.473682 
1360.624527  	86.697278 
1360.981834  	86.504367 
1361.339140  	85.957677 
1361.696447  	86.054673 
1362.053754  	86.322943 
1362.411061  	86.443564 
1362.768368  	86.648571 
1363.125675  	86.127302 
1363.482982  	85.107264 
1363.840288  	85.141869 
1364.197595  	85.284082 
1364.554902  	85.146071 
1364.912209  	85.026651 
1365.269516  	84.956651 
1365.626823  	84.824825 
1365.984130  	84.427942 
1366.341436  	84.100890 
1366.698743  	84.066306 
1367.056050  	83.948937 
1367.413357  	83.672166 
1367.770664  	83.305587 
1368.127971  	83.010471 
1368.485278  	82.784713 
1368.842584  	82.409964 
1369.199891  	82.107156 
1369.557198  	81.898881 
1369.914505  	81.602329 
1370.271812  	81.191562 
1370.629119  	80.714184 
1370.986426  	80.194847 
1371.343732  	79.570020 
1371.701039  	79.005478 
1372.058346  	78.434137 
1372.415653  	77.613371 
1372.772960  	76.974306 
1373.130267  	76.632840 
1373.487574  	75.987194 
1373.844881  	74.715560 
1374.202187  	73.541950 
1374.559494  	72.848035 
1374.916801  	71.973512 
1375.274108  	70.868125 
1375.631415  	70.291733 
1375.988722  	70.072025 
1376.346029  	69.875843 
1376.703335  	69.949605 
1377.060642  	70.327018 
1377.417949  	70.650382 
1377.775256  	71.159753 
1378.132563  	71.978745 
1378.489870  	72.574674 
1378.847177  	73.037084 
1379.204483  	73.443780 
1379.561790  	73.828257 
1379.919097  	74.337129 
1380.276404  	74.742593 
1380.633711  	75.210707 
1380.991018  	75.732518 
1381.348325  	76.094848 
1381.705631  	76.456433 
1382.062938  	76.798308 
1382.420245  	77.173434 
1382.777552  	77.516548 
1383.134859  	77.714673 
1383.492166  	77.949775 
1383.849473  	78.169819 
1384.206779  	78.324223 
1384.564086  	78.419226 
1384.921393  	78.482367 
1385.278700  	78.547248 
1385.636007  	78.566930 
1385.993314  	78.669583 
1386.350621  	78.552395 
1386.707928  	78.266382 
1387.065234  	78.440059 
1387.422541  	78.212760 
1387.779848  	77.277809 
1388.137155  	77.360664 
1388.494462  	77.500715 
1388.851769  	77.267218 
1389.209076  	77.103545 
1389.566382  	77.019085 
1389.923689  	76.918929 
1390.280996  	76.793025 
1390.638303  	76.526439 
1390.995610  	76.180214 
1391.352917  	75.944418 
1391.710224  	75.687588 
1392.067530  	75.367004 
1392.424837  	75.138110 
1392.782144  	74.880060 
1393.139451  	74.732393 
1393.496758  	74.769462 
1393.854065  	74.698338 
1394.211372  	74.519575 
1394.568678  	73.853130 
1394.925985  	73.080359 
1395.283292  	72.994327 
1395.640599  	72.878949 
1395.997906  	72.417502 
1396.355213  	71.997480 
1396.712520  	71.773601 
1397.069826  	71.626758 
1397.427133  	71.376595 
1397.784440  	70.906127 
1398.141747  	70.233380 
1398.499054  	69.743101 
1398.856361  	69.640747 
1399.213668  	69.375865 
1399.570975  	68.569605 
1399.928281  	68.060261 
1400.285588  	67.577733 
1400.642895  	67.063373 
1401.000202  	66.654515 
1401.357509  	66.083906 
1401.714816  	65.516860 
1402.072123  	65.069640 
1402.429429  	64.572176 
1402.786736  	64.150245 
1403.144043  	63.561673 
1403.501350  	62.821642 
1403.858657  	62.394395 
1404.215964  	61.986904 
1404.573271  	61.410871 
1404.930577  	61.010931 
1405.287884  	60.665014 
1405.645191  	60.096626 
1406.002498  	59.482435 
1406.359805  	58.980925 
1406.717112  	58.622755 
1407.074419  	58.193678 
1407.431725  	57.703984 
1407.789032  	57.315342 
1408.146339  	56.951548 
1408.503646  	56.598776 
1408.860953  	56.178408 
1409.218260  	55.542385 
1409.575567  	54.966791 
1409.932873  	54.562626 
1410.290180  	54.081063 
1410.647487  	53.549673 
1411.004794  	53.024305 
1411.362101  	52.540799 
1411.719408  	52.132086 
1412.076715  	51.624219 
1412.434022  	51.079667 
1412.791328  	50.593224 
1413.148635  	50.133613 
1413.505942  	49.803167 
1413.863249  	49.584139 
1414.220556  	49.403183 
1414.577863  	49.199263 
1414.935170  	49.032778 
1415.292476  	48.974880 
1415.649783  	48.829158 
1416.007090  	48.859527 
1416.364397  	49.244512 
1416.721704  	49.267827 
1417.079011  	49.019195 
1417.436318  	49.324612 
1417.793624  	50.019692 
1418.150931  	50.145389 
1418.508238  	49.972105 
1418.865545  	49.757716 
1419.222852  	50.183308 
1419.580159  	52.583422 
1419.937466  	52.546211 
1420.294772  	51.973542 
1420.652079  	52.086626 
1421.009386  	52.308339 
1421.366693  	52.488953 
1421.724000  	52.851965 
1422.081307  	53.130707 
1422.438614  	53.162439 
1422.795920  	53.192387 
1423.153227  	53.452728 
1423.510534  	53.622892 
1423.867841  	53.699351 
1424.225148  	54.096334 
1424.582455  	54.248335 
1424.939762  	54.084366 
1425.297068  	53.980927 
1425.654375  	54.020423 
1426.011682  	54.044998 
1426.368989  	53.885187 
1426.726296  	53.708430 
1427.083603  	53.700020 
1427.440910  	53.719931 
1427.798217  	53.611883 
1428.155523  	53.451061 
1428.512830  	53.213666 
1428.870137  	52.955420 
1429.227444  	52.820827 
1429.584751  	52.650726 
1429.942058  	52.864911 
1430.299365  	53.246430 
1430.656671  	52.804817 
1431.013978  	52.544395 
1431.371285  	52.636448 
1431.728592  	52.513128 
1432.085899  	52.479300 
1432.443206  	52.576955 
1432.800513  	52.535981 
1433.157819  	52.493801 
1433.515126  	52.622922 
1433.872433  	52.736541 
1434.229740  	52.745471 
1434.587047  	52.929849 
1434.944354  	53.107252 
1435.301661  	53.251195 
1435.658967  	53.528220 
1436.016274  	53.385934 
1436.373581  	53.025485 
1436.730888  	54.363445 
1437.088195  	56.237712 
1437.445502  	55.732569 
1437.802809  	55.702050 
1438.160115  	56.231721 
1438.517422  	56.972801 
1438.874729  	57.615515 
1439.232036  	58.112230 
1439.589343  	58.658907 
1439.946650  	59.246069 
1440.303957  	59.803870 
1440.661264  	60.490859 
1441.018570  	61.276215 
1441.375877  	61.909829 
1441.733184  	62.303630 
1442.090491  	62.718766 
1442.447798  	63.247019 
1442.805105  	63.812577 
1443.162412  	64.337966 
1443.519718  	64.559797 
1443.877025  	64.720740 
1444.234332  	65.014162 
1444.591639  	65.287804 
1444.948946  	65.632956 
1445.306253  	65.826020 
1445.663560  	65.887246 
1446.020866  	66.114079 
1446.378173  	66.442219 
1446.735480  	66.747434 
1447.092787  	66.823788 
1447.450094  	66.802693 
1447.807401  	66.895816 
1448.164708  	67.008244 
1448.522014  	67.161945 
1448.879321  	67.332016 
1449.236628  	67.386538 
1449.593935  	67.297635 
1449.951242  	67.359439 
1450.308549  	67.509827 
1450.665856  	67.568121 
1451.023162  	67.701154 
1451.380469  	67.711756 
1451.737776  	67.715332 
1452.095083  	67.904392 
1452.452390  	68.060926 
1452.809697  	68.242636 
1453.167004  	68.310142 
1453.524311  	68.429783 
1453.881617  	68.712911 
1454.238924  	68.898836 
1454.596231  	69.138660 
1454.953538  	69.316276 
1455.310845  	69.466130 
1455.668152  	69.806425 
1456.025459  	70.058282 
1456.382765  	70.154212 
1456.740072  	69.782159 
1457.097379  	70.416784 
1457.454686  	70.975567 
1457.811993  	71.120031 
1458.169300  	71.522091 
1458.526607  	71.848895 
1458.883913  	72.069931 
1459.241220  	72.374319 
1459.598527  	72.486913 
1459.955834  	72.693473 
1460.313141  	72.974836 
1460.670448  	73.185799 
1461.027755  	73.433023 
1461.385061  	73.711032 
1461.742368  	73.865057 
1462.099675  	73.947967 
1462.456982  	74.097588 
1462.814289  	74.162798 
1463.171596  	74.220680 
1463.528903  	74.446632 
1463.886209  	74.726163 
1464.243516  	75.012544 
1464.600823  	75.168557 
1464.958130  	74.864511 
1465.315437  	74.673393 
1465.672744  	75.119089 
1466.030051  	75.626970 
1466.387358  	75.790993 
1466.744664  	75.795995 
1467.101971  	76.024923 
1467.459278  	76.297752 
1467.816585  	76.466415 
1468.173892  	76.747557 
1468.531199  	77.088907 
1468.888506  	77.360746 
1469.245812  	77.766685 
1469.603119  	78.143276 
1469.960426  	78.344839 
1470.317733  	78.594724 
1470.675040  	78.819444 
1471.032347  	79.089410 
1471.389654  	79.606855 
1471.746960  	80.128474 
1472.104267  	79.743486 
1472.461574  	79.483231 
1472.818881  	80.380130 
1473.176188  	80.842467 
1473.533495  	79.831676 
1473.890802  	79.619387 
1474.248108  	80.423950 
1474.605415  	80.685014 
1474.962722  	80.781892 
1475.320029  	81.157228 
1475.677336  	81.716541 
1476.034643  	81.978606 
1476.391950  	81.258217 
1476.749256  	80.820844 
1477.106563  	81.268778 
1477.463870  	81.643319 
1477.821177  	81.632749 
1478.178484  	81.615916 
1478.535791  	81.754967 
1478.893098  	81.750105 
1479.250405  	81.648787 
1479.607711  	81.612172 
1479.965018  	81.526522 
1480.322325  	81.438244 
1480.679632  	81.461128 
1481.036939  	81.448143 
1481.394246  	81.300854 
1481.751553  	81.148391 
1482.108859  	81.115064 
1482.466166  	81.073527 
1482.823473  	80.810408 
1483.180780  	80.509481 
1483.538087  	80.335674 
1483.895394  	80.097387 
1484.252701  	79.840380 
1484.610007  	79.667625 
1484.967314  	79.421875 
1485.324621  	79.097194 
1485.681928  	78.828751 
1486.039235  	78.535821 
1486.396542  	78.295062 
1486.753849  	78.368933 
1487.111155  	78.346238 
1487.468462  	77.617535 
1487.825769  	77.032189 
1488.183076  	77.115026 
1488.540383  	77.346971 
1488.897690  	77.309405 
1489.254997  	76.972225 
1489.612303  	76.638512 
1489.969610  	76.331520 
1490.326917  	76.455467 
1490.684224  	76.595288 
1491.041531  	76.281849 
1491.398838  	76.505820 
1491.756145  	77.124040 
1492.113452  	77.591479 
1492.470758  	77.884109 
1492.828065  	78.195948 
1493.185372  	78.677882 
1493.542679  	79.244609 
1493.899986  	79.706369 
1494.257293  	80.189100 
1494.614600  	80.824851 
1494.971906  	81.318544 
1495.329213  	81.657885 
1495.686520  	82.238062 
1496.043827  	82.628675 
1496.401134  	81.384717 
1496.758441  	81.407258 
1497.115748  	82.301810 
1497.473054  	82.590515 
1497.830361  	82.684196 
1498.187668  	82.994197 
1498.544975  	83.222850 
1498.902282  	82.460782 
1499.259589  	81.773192 
1499.616896  	82.197067 
1499.974202  	82.486454 
1500.331509  	82.570553 
1500.688816  	82.532792 
1501.046123  	82.514243 
1501.403430  	82.743998 
1501.760737  	82.580387 
1502.118044  	82.319478 
1502.475350  	82.461280 
1502.832657  	82.509504 
1503.189964  	82.475912 
1503.547271  	82.405126 
1503.904578  	82.537046 
1504.261885  	82.735397 
1504.619192  	82.802961 
1504.976498  	83.201806 
1505.333805  	83.347285 
1505.691112  	81.588973 
1506.048419  	81.256323 
1506.405726  	82.832130 
1506.763033  	83.984023 
1507.120340  	82.706483 
1507.477647  	81.559228 
1507.834953  	82.328742 
1508.192260  	83.183541 
1508.549567  	82.991071 
1508.906874  	82.527273 
1509.264181  	83.266681 
1509.621488  	83.376233 
1509.978795  	82.680786 
1510.336101  	82.829206 
1510.693408  	83.076043 
1511.050715  	83.323570 
1511.408022  	83.786011 
1511.765329  	84.209917 
1512.122636  	83.938512 
1512.479943  	82.889254 
1512.837249  	83.076618 
1513.194556  	83.617627 
1513.551863  	83.824444 
1513.909170  	83.831995 
1514.266477  	83.971891 
1514.623784  	84.242437 
1514.981091  	83.926693 
1515.338397  	83.525112 
1515.695704  	83.857361 
1516.053011  	84.493620 
1516.410318  	84.855106 
1516.767625  	84.333497 
1517.124932  	84.149585 
1517.482239  	83.916702 
1517.839545  	83.093266 
1518.196852  	83.426840 
1518.554159  	84.031591 
1518.911466  	84.252120 
1519.268773  	84.372126 
1519.626080  	84.861704 
1519.983387  	84.934517 
1520.340694  	83.990698 
1520.698000  	84.511107 
1521.055307  	85.052709 
1521.412614  	82.732299 
1521.769921  	82.746085 
1522.127228  	84.250122 
1522.484535  	84.596330 
1522.841842  	83.325889 
1523.199148  	83.248667 
1523.556455  	83.925497 
1523.913762  	84.238853 
1524.271069  	84.615354 
1524.628376  	85.038561 
1524.985683  	85.248601 
1525.342990  	84.562192 
1525.700296  	82.876853 
1526.057603  	83.071308 
1526.414910  	83.972536 
1526.772217  	84.703600 
1527.129524  	84.894716 
1527.486831  	84.207510 
1527.844138  	84.244569 
1528.201444  	84.763397 
1528.558751  	84.434828 
1528.916058  	83.867725 
1529.273365  	84.009880 
1529.630672  	84.177799 
1529.987979  	84.130411 
1530.345286  	83.902082 
1530.702592  	83.725420 
1531.059899  	83.960066 
1531.417206  	84.228925 
1531.774513  	83.782156 
1532.131820  	83.302259 
1532.489127  	83.692526 
1532.846434  	84.146128 
1533.203741  	83.940453 
1533.561047  	83.508727 
1533.918354  	82.728961 
1534.275661  	82.271479 
1534.632968  	82.678019 
1534.990275  	82.903096 
1535.347582  	82.940408 
1535.704889  	82.875553 
1536.062195  	82.743486 
1536.419502  	82.714577 
1536.776809  	82.694717 
1537.134116  	82.785632 
1537.491423  	82.984843 
1537.848730  	83.219304 
1538.206037  	83.553828 
1538.563343  	84.154087 
1538.920650  	84.488589 
1539.277957  	82.034961 
1539.635264  	82.108417 
1539.992571  	83.343293 
1540.349878  	82.075546 
1540.707185  	81.144570 
1541.064491  	82.311091 
1541.421798  	83.285331 
1541.779105  	84.008319 
1542.136412  	83.189738 
1542.493719  	81.711575 
1542.851026  	82.444863 
1543.208333  	83.178505 
1543.565639  	83.103359 
1543.922946  	82.639087 
1544.280253  	82.757381 
1544.637560  	83.346870 
1544.994867  	83.591769 
1545.352174  	82.372140 
1545.709481  	82.038371 
1546.066788  	82.557483 
1546.424094  	82.706338 
1546.781401  	82.849659 
1547.138708  	83.081721 
1547.496015  	83.101285 
1547.853322  	82.970840 
1548.210629  	82.874202 
1548.567936  	82.818028 
1548.925242  	82.837231 
1549.282549  	83.164605 
1549.639856  	83.339981 
1549.997163  	82.827577 
1550.354470  	82.280063 
1550.711777  	82.124454 
1551.069084  	82.327362 
1551.426390  	82.624566 
1551.783697  	82.672524 
1552.141004  	82.537884 
1552.498311  	82.524169 
1552.855618  	82.651622 
1553.212925  	82.727795 
1553.570232  	83.085487 
1553.927538  	83.541962 
1554.284845  	82.701200 
1554.642152  	80.955103 
1554.999459  	81.242135 
1555.356766  	81.613580 
1555.714073  	81.543080 
1556.071380  	81.532408 
1556.428686  	81.789879 
1556.785993  	82.061725 
1557.143300  	82.520191 
1557.500607  	82.298779 
1557.857914  	81.083130 
1558.215221  	82.227387 
1558.572528  	81.739543 
1558.929835  	79.740919 
1559.287141  	80.871374 
1559.644448  	82.129969 
1560.001755  	80.663935 
1560.359062  	77.020309 
1560.716369  	78.385186 
1561.073676  	79.487755 
1561.430983  	79.740610 
1561.788289  	79.645154 
1562.145596  	79.455896 
1562.502903  	79.288773 
1562.860210  	78.939345 
1563.217517  	78.739244 
1563.574824  	78.804666 
1563.932131  	78.536093 
1564.289437  	78.330435 
1564.646744  	78.259291 
1565.004051  	77.561640 
1565.361358  	76.993654 
1565.718665  	77.024376 
1566.075972  	76.995985 
1566.433279  	76.724574 
1566.790585  	76.496754 
1567.147892  	76.363434 
1567.505199  	76.173589 
1567.862506  	75.914140 
1568.219813  	75.679478 
1568.577120  	75.675946 
1568.934427  	75.628849 
1569.291733  	75.339620 
1569.649040  	74.879493 
1570.006347  	73.684100 
1570.363654  	73.495919 
1570.720961  	73.882598 
1571.078268  	73.770396 
1571.435575  	73.408675 
1571.792882  	73.104861 
1572.150188  	72.821704 
1572.507495  	72.572321 
1572.864802  	72.183264 
1573.222109  	71.888780 
1573.579416  	71.864075 
1573.936723  	71.607288 
1574.294030  	71.124598 
1574.651336  	70.819810 
1575.008643  	70.579439 
1575.365950  	70.449839 
1575.723257  	70.570796 
1576.080564  	70.497814 
1576.437871  	69.268441 
1576.795178  	68.519473 
1577.152484  	68.204440 
1577.509791  	67.869343 
1577.867098  	67.396512 
1578.224405  	66.932487 
1578.581712  	66.424255 
1578.939019  	65.824820 
1579.296326  	65.267517 
1579.653632  	64.637013 
1580.010939  	63.876634 
1580.368246  	63.068182 
1580.725553  	62.198772 
1581.082860  	61.168562 
1581.440167  	59.966645 
1581.797474  	58.840292 
1582.154780  	57.822902 
1582.512087  	56.737884 
1582.869394  	55.584526 
1583.226701  	54.394107 
1583.584008  	53.258619 
1583.941315  	52.160113 
1584.298622  	50.984901 
1584.655928  	50.005187 
1585.013235  	49.350690 
1585.370542  	48.712787 
1585.727849  	48.211355 
1586.085156  	48.047798 
1586.442463  	47.968763 
1586.799770  	47.821074 
1587.157077  	47.692327 
1587.514383  	47.701505 
1587.871690  	47.626592 
1588.228997  	47.438914 
1588.586304  	47.349371 
1588.943611  	47.135116 
1589.300918  	46.829790 
1589.658225  	46.624001 
1590.015531  	46.735400 
1590.372838  	47.263948 
1590.730145  	47.932168 
1591.087452  	49.044791 
1591.444759  	50.613775 
1591.802066  	52.381412 
1592.159373  	54.676412 
1592.516679  	57.335289 
1592.873986  	60.010900 
1593.231293  	62.722339 
1593.588600  	65.385766 
1593.945907  	67.590418 
1594.303214  	69.478123 
1594.660521  	71.401719 
1595.017827  	72.839907 
1595.375134  	73.746591 
1595.732441  	74.499728 
1596.089748  	75.120176 
1596.447055  	75.457789 
1596.804362  	75.556927 
1597.161669  	75.685688 
1597.518975  	75.702641 
1597.876282  	75.503190 
1598.233589  	75.217671 
1598.590896  	74.766283 
1598.948203  	74.098573 
1599.305510  	73.441144 
1599.662817  	72.836395 
1600.020124  	72.008890 
1600.377430  	71.154283 
1600.734737  	70.347684 
1601.092044  	69.445193 
1601.449351  	68.670865 
1601.806658  	67.770731 
1602.163965  	66.645242 
1602.521272  	65.626439 
1602.878578  	64.755231 
1603.235885  	64.015270 
1603.593192  	63.336303 
1603.950499  	62.728987 
1604.307806  	62.254541 
1604.665113  	61.813770 
1605.022420  	61.229381 
1605.379726  	60.747748 
1605.737033  	60.649852 
1606.094340  	60.481992 
1606.451647  	60.123726 
1606.808954  	59.761315 
1607.166261  	59.545262 
1607.523568  	59.550683 
1607.880874  	59.338375 
1608.238181  	59.174304 
1608.595488  	59.150811 
1608.952795  	59.087520 
1609.310102  	59.466942 
1609.667409  	60.041673 
1610.024716  	60.548680 
1610.382022  	61.369338 
1610.739329  	62.523640 
1611.096636  	63.754393 
1611.453943  	64.880237 
1611.811250  	66.195225 
1612.168557  	67.497464 
1612.525864  	68.618903 
1612.883171  	69.853911 
1613.240477  	70.892306 
1613.597784  	71.785835 
1613.955091  	72.575640 
1614.312398  	73.090388 
1614.669705  	73.712316 
1615.027012  	74.313603 
1615.384319  	74.834439 
1615.741625  	75.554219 
1616.098932  	76.248959 
1616.456239  	76.465916 
1616.813546  	75.544809 
1617.170853  	75.746610 
1617.528160  	76.477991 
1617.885467  	76.707459 
1618.242773  	76.667532 
1618.600080  	76.612859 
1618.957387  	76.691237 
1619.314694  	76.638472 
1619.672001  	76.491130 
1620.029308  	76.522887 
1620.386615  	76.511477 
1620.743921  	76.436498 
1621.101228  	76.335665 
1621.458535  	75.930302 
1621.815842  	75.539664 
1622.173149  	75.672244 
1622.530456  	75.710019 
1622.887763  	75.399238 
1623.245069  	75.348919 
1623.602376  	74.539377 
1623.959683  	73.491905 
1624.316990  	73.773383 
1624.674297  	73.812652 
1625.031604  	73.581780 
1625.388911  	73.415002 
1625.746218  	73.172456 
1626.103524  	72.939264 
1626.460831  	72.712934 
1626.818138  	72.338600 
1627.175445  	71.818447 
1627.532752  	71.601039 
1627.890059  	71.515075 
1628.247366  	70.730918 
1628.604672  	70.275118 
1628.961979  	70.214653 
1629.319286  	69.893320 
1629.676593  	69.406076 
1630.033900  	69.063469 
1630.391207  	68.788527 
1630.748514  	68.474178 
1631.105820  	68.091992 
1631.463127  	67.669173 
1631.820434  	67.438376 
1632.177741  	67.278567 
1632.535048  	66.988339 
1632.892355  	66.722080 
1633.249662  	66.345635 
1633.606968  	65.969211 
1633.964275  	65.808868 
1634.321582  	65.711696 
1634.678889  	65.586089 
1635.036196  	65.129007 
1635.393503  	64.661486 
1635.750810  	64.965988 
1636.108116  	64.567990 
1636.465423  	64.334755 
1636.822730  	64.402643 
1637.180037  	64.434894 
1637.537344  	64.338790 
1637.894651  	64.115700 
1638.251958  	63.901377 
1638.609265  	63.690446 
1638.966571  	63.436166 
1639.323878  	63.369829 
1639.681185  	63.397329 
1640.038492  	63.199723 
1640.395799  	62.932925 
1640.753106  	62.684551 
1641.110413  	62.433544 
1641.467719  	62.344976 
1641.825026  	62.291873 
1642.182333  	61.999231 
1642.539640  	61.484232 
1642.896947  	61.022381 
1643.254254  	60.776743 
1643.611561  	60.666659 
1643.968867  	60.450736 
1644.326174  	60.030327 
1644.683481  	59.551847 
1645.040788  	59.017518 
1645.398095  	58.483075 
1645.755402  	58.135514 
1646.112709  	58.408697 
1646.470015  	58.134654 
1646.827322  	57.094328 
1647.184629  	56.669967 
1647.541936  	56.843994 
1647.899243  	56.193567 
1648.256550  	55.926747 
1648.613857  	56.070495 
1648.971163  	55.374581 
1649.328470  	54.617253 
1649.685777  	54.100536 
1650.043084  	53.609001 
1650.400391  	53.028949 
1650.757698  	52.509510 
1651.115005  	52.113471 
1651.472312  	51.479255 
1651.829618  	50.467016 
1652.186925  	49.554544 
1652.544232  	49.956219 
1652.901539  	49.605593 
1653.258846  	49.382507 
1653.616153  	50.186279 
1653.973460  	48.375069 
1654.330766  	47.615630 
1654.688073  	48.607189 
1655.045380  	47.931949 
1655.402687  	46.535363 
1655.759994  	45.598045 
1656.117301  	45.062231 
1656.474608  	44.532341 
1656.831914  	43.910937 
1657.189221  	43.399453 
1657.546528  	42.840830 
1657.903835  	42.365099 
1658.261142  	41.894363 
1658.618449  	41.320709 
1658.975756  	40.890888 
1659.333062  	40.411710 
1659.690369  	39.876005 
1660.047676  	39.387757 
1660.404983  	38.816000 
1660.762290  	38.282093 
1661.119597  	37.925777 
1661.476904  	37.663385 
1661.834210  	37.069642 
1662.191517  	35.765962 
1662.548824  	34.668883 
1662.906131  	35.867088 
1663.263438  	36.479331 
1663.620745  	35.016772 
1663.978052  	34.114351 
1664.335359  	33.586340 
1664.692665  	33.009574 
1665.049972  	32.373921 
1665.407279  	31.635434 
1665.764586  	31.205501 
1666.121893  	30.784835 
1666.479200  	30.235180 
1666.836507  	29.739063 
1667.193813  	29.170653 
1667.551120  	28.368436 
1667.908427  	27.380507 
1668.265734  	27.057749 
1668.623041  	26.458232 
1668.980348  	24.809190 
1669.337655  	25.747405 
1669.694961  	28.134312 
1670.052268  	26.337762 
1670.409575  	24.729361 
1670.766882  	23.653747 
1671.124189  	22.692020 
1671.481496  	23.144112 
1671.838803  	24.154959 
1672.196109  	23.056540 
1672.553416  	21.919495 
1672.910723  	21.411569 
1673.268030  	20.955646 
1673.625337  	20.464618 
1673.982644  	19.784179 
1674.339951  	19.006321 
1674.697257  	17.671343 
1675.054564  	16.576923 
1675.411871  	19.988212 
1675.769178  	21.021609 
1676.126485  	18.864003 
1676.483792  	17.642807 
1676.841099  	17.058712 
1677.198405  	16.842882 
1677.555712  	16.603706 
1677.913019  	16.540007 
1678.270326  	16.431739 
1678.627633  	16.224417 
1678.984940  	16.080689 
1679.342247  	15.764750 
1679.699554  	15.839928 
1680.056860  	16.050951 
1680.414167  	16.354653 
1680.771474  	17.018813 
1681.128781  	17.116460 
1681.486088  	17.128184 
1681.843395  	17.346762 
1682.200702  	17.597472 
1682.558008  	17.349130 
1682.915315  	16.968709 
1683.272622  	18.479067 
1683.629929  	19.874024 
1683.987236  	19.568535 
1684.344543  	19.474879 
1684.701850  	20.427950 
1685.059156  	25.280711 
1685.416463  	25.927830 
1685.773770  	25.017320 
1686.131077  	25.086047 
1686.488384  	25.547605 
1686.845691  	26.257487 
1687.202998  	26.986047 
1687.560304  	27.699148 
1687.917611  	28.362195 
1688.274918  	29.382029 
1688.632225  	31.040232 
1688.989532  	32.059931 
1689.346839  	32.591550 
1689.704146  	33.099799 
1690.061452  	34.166240 
1690.418759  	35.615399 
1690.776066  	36.149655 
1691.133373  	36.794563 
1691.490680  	37.841503 
1691.847987  	38.768402 
1692.205294  	39.590953 
1692.562601  	40.369764 
1692.919907  	41.374179 
1693.277214  	42.375017 
1693.634521  	43.344000 
1693.991828  	44.150662 
1694.349135  	44.678727 
1694.706442  	45.304081 
1695.063749  	45.622096 
1695.421055  	45.855828 
1695.778362  	47.797590 
1696.135669  	50.736782 
1696.492976  	50.706217 
1696.850283  	50.570787 
1697.207590  	51.189083 
1697.564897  	52.373865 
1697.922203  	53.275410 
1698.279510  	53.850364 
1698.636817  	54.533885 
1698.994124  	55.334584 
1699.351431  	55.927353 
1699.708738  	56.758664 
1700.066045  	57.773819 
1700.423351  	57.260037 
1700.780658  	59.155508 
1701.137965  	60.689499 
1701.495272  	61.490784 
1701.852579  	62.209340 
1702.209886  	62.974023 
1702.567193  	63.953277 
1702.924499  	64.930526 
1703.281806  	65.817910 
1703.639113  	66.534218 
1703.996420  	67.215367 
1704.353727  	67.931864 
1704.711034  	68.685929 
1705.068341  	69.662700 
1705.425648  	70.555843 
1705.782954  	71.574708 
1706.140261  	72.478482 
1706.497568  	73.066878 
1706.854875  	73.920865 
1707.212182  	74.412827 
1707.569489  	74.819173 
1707.926796  	75.494217 
1708.284102  	76.328803 
1708.641409  	77.242523 
1708.998716  	77.748625 
1709.356023  	78.165931 
1709.713330  	78.803182 
1710.070637  	79.230203 
1710.427944  	79.570855 
1710.785250  	80.264801 
1711.142557  	80.856506 
1711.499864  	81.081842 
1711.857171  	81.662069 
1712.214478  	82.249152 
1712.571785  	82.357506 
1712.929092  	82.703605 
1713.286398  	83.152783 
1713.643705  	83.475667 
1714.001012  	83.459598 
1714.358319  	83.549171 
1714.715626  	84.562650 
1715.072933  	84.880888 
1715.430240  	84.201717 
1715.787546  	84.701230 
1716.144853  	85.543721 
1716.502160  	86.232965 
1716.859467  	86.978368 
1717.216774  	87.581816 
1717.574081  	86.205852 
1717.931388  	86.082641 
1718.288695  	87.401256 
1718.646001  	87.076130 
1719.003308  	85.995355 
1719.360615  	86.563309 
1719.717922  	87.315519 
1720.075229  	87.744183 
1720.432536  	87.931014 
1720.789843  	88.313388 
1721.147149  	88.605395 
1721.504456  	88.559179 
1721.861763  	88.497964 
1722.219070  	88.486988 
1722.576377  	88.647953 
1722.933684  	88.924848 
1723.290991  	88.923307 
1723.648297  	88.654948 
1724.005604  	88.835718 
1724.362911  	89.260683 
1724.720218  	89.340559 
1725.077525  	89.343107 
1725.434832  	89.407609 
1725.792139  	89.477549 
1726.149445  	89.593792 
1726.506752  	89.732282 
1726.864059  	89.943222 
1727.221366  	90.130020 
1727.578673  	90.277598 
1727.935980  	90.323539 
1728.293287  	90.312786 
1728.650593  	90.340569 
1729.007900  	90.321318 
1729.365207  	90.528908 
1729.722514  	90.761048 
1730.079821  	90.206355 
1730.437128  	89.629911 
1730.794435  	90.109352 
1731.151742  	90.724708 
1731.509048  	90.967291 
1731.866355  	91.051572 
1732.223662  	90.928933 
1732.580969  	91.244199 
1732.938276  	92.172094 
1733.295583  	91.901264 
1733.652890  	90.510821 
1734.010196  	91.476883 
1734.367503  	92.051996 
1734.724810  	89.380102 
1735.082117  	89.167898 
1735.439424  	90.733745 
1735.796731  	90.996909 
1736.154038  	90.894150 
1736.511344  	91.169092 
1736.868651  	91.165017 
1737.225958  	91.350927 
1737.583265  	91.476801 
1737.940572  	91.103793 
1738.297879  	91.307645 
1738.655186  	91.696635 
1739.012492  	91.893789 
1739.369799  	92.609739 
1739.727106  	92.470244 
1740.084413  	90.240716 
1740.441720  	90.316357 
1740.799027  	91.047330 
1741.156334  	91.327918 
1741.513640  	91.811190 
1741.870947  	91.698553 
1742.228254  	91.352980 
1742.585561  	91.567582 
1742.942868  	91.404179 
1743.300175  	90.982540 
1743.657482  	91.052182 
1744.014789  	91.351765 
1744.372095  	91.437984 
1744.729402  	91.123065 
1745.086709  	90.965654 
1745.444016  	91.150756 
1745.801323  	91.294642 
1746.158630  	91.293816 
1746.515937  	91.500080 
1746.873243  	91.638026 
1747.230550  	91.108466 
1747.587857  	90.860170 
1747.945164  	91.347900 
1748.302471  	91.795337 
1748.659778  	91.281569 
1749.017085  	90.277170 
1749.374391  	90.588245 
1749.731698  	91.014984 
1750.089005  	91.384960 
1750.446312  	92.206558 
1750.803619  	92.564067 
1751.160926  	91.627581 
1751.518233  	89.618791 
1751.875539  	89.930339 
1752.232846  	91.169491 
1752.590153  	91.591229 
1752.947460  	91.535412 
1753.304767  	91.507395 
1753.662074  	91.528682 
1754.019381  	91.603302 
1754.376687  	91.545341 
1754.733994  	91.397665 
1755.091301  	91.223023 
1755.448608  	91.161284 
1755.805915  	91.616352 
1756.163222  	92.578451 
1756.520529  	93.037195 
1756.877835  	92.265990 
1757.235142  	91.639522 
1757.592449  	91.665142 
1757.949756  	91.702584 
1758.307063  	91.700173 
1758.664370  	91.502728 
1759.021677  	91.354935 
1759.378984  	91.520172 
1759.736290  	91.791769 
1760.093597  	91.787865 
1760.450904  	91.761834 
1760.808211  	92.141998 
1761.165518  	92.695123 
1761.522825  	92.708362 
1761.880132  	90.856311 
1762.237438  	89.737966 
1762.594745  	90.944961 
1762.952052  	91.560161 
1763.309359  	91.430564 
1763.666666  	91.201243 
1764.023973  	91.270265 
1764.381280  	91.527521 
1764.738586  	91.409529 
1765.095893  	91.200146 
1765.453200  	91.254231 
1765.810507  	91.510452 
1766.167814  	91.690140 
1766.525121  	91.582535 
1766.882428  	91.516351 
1767.239734  	91.846010 
1767.597041  	92.528608 
1767.954348  	92.430111 
1768.311655  	90.622794 
1768.668962  	90.001193 
1769.026269  	90.735765 
1769.383576  	91.149675 
1769.740882  	91.048502 
1770.098189  	90.992993 
1770.455496  	91.412428 
1770.812803  	92.097280 
1771.170110  	92.166232 
1771.527417  	90.938581 
1771.884724  	91.133355 
1772.242031  	92.172503 
1772.599337  	91.185319 
1772.956644  	88.596833 
1773.313951  	89.207200 
1773.671258  	90.452881 
1774.028565  	90.896448 
1774.385872  	90.689963 
1774.743179  	90.755176 
1775.100485  	91.082679 
1775.457792  	91.327070 
1775.815099  	91.082491 
1776.172406  	90.315125 
1776.529713  	90.050165 
1776.887020  	90.282301 
1777.244327  	90.446287 
1777.601633  	90.399382 
1777.958940  	90.367630 
1778.316247  	90.264771 
1778.673554  	90.173190 
1779.030861  	90.143234 
1779.388168  	89.838431 
1779.745475  	90.076841 
1780.102781  	90.771246 
1780.460088  	90.680735 
1780.817395  	89.916453 
1781.174702  	89.495375 
1781.532009  	89.864841 
1781.889316  	90.190519 
1782.246623  	89.849631 
1782.603929  	89.471884 
1782.961236  	89.468607 
1783.318543  	89.903625 
1783.675850  	90.005101 
1784.033157  	89.754831 
1784.390464  	90.119241 
1784.747771  	90.105342 
1785.105078  	89.351297 
1785.462384  	89.106599 
1785.819691  	89.179325 
1786.176998  	89.588739 
1786.534305  	89.952058 
1786.891612  	89.784701 
1787.248919  	89.701879 
1787.606226  	89.922782 
1787.963532  	90.042632 
1788.320839  	90.081331 
1788.678146  	90.232979 
1789.035453  	90.297061 
1789.392760  	90.233381 
1789.750067  	90.092108 
1790.107374  	90.261969 
1790.464680  	90.792322 
1790.821987  	90.596945 
1791.179294  	90.009720 
1791.536601  	90.217054 
1791.893908  	90.655699 
1792.251215  	91.205136 
1792.608522  	90.799260 
1792.965828  	89.048452 
1793.323135  	89.158298 
1793.680442  	89.614636 
1794.037749  	89.729783 
1794.395056  	89.904470 
1794.752363  	90.047669 
1795.109670  	90.224622 
1795.466976  	90.615254 
1795.824283  	90.590249 
1796.181590  	90.128611 
1796.538897  	90.270429 
1796.896204  	90.580718 
1797.253511  	90.356646 
1797.610818  	89.934611 
1797.968125  	89.954523 
1798.325431  	90.501843 
1798.682738  	90.903611 
1799.040045  	91.031723 
1799.397352  	90.733220 
1799.754659  	89.697589 
1800.111966  	89.376917 
1800.469273  	89.910935 
1800.826579  	90.381747 
1801.183886  	90.383464 
1801.541193  	89.988617 
1801.898500  	90.225997 
1802.255807  	90.449807 
1802.613114  	89.815694 
1802.970421  	89.545300 
1803.327727  	89.902486 
1803.685034  	90.279502 
1804.042341  	90.572597 
1804.399648  	90.531338 
1804.756955  	90.259432 
1805.114262  	89.953996 
1805.471569  	89.824406 
1805.828875  	90.178545 
1806.186182  	90.427294 
1806.543489  	90.247926 
1806.900796  	90.285018 
1807.258103  	90.394902 
1807.615410  	90.210971 
1807.972717  	90.084306 
1808.330023  	90.129867 
1808.687330  	90.124658 
1809.044637  	89.930700 
1809.401944  	89.942550 
1809.759251  	90.333674 
1810.116558  	90.339512 
1810.473865  	89.945077 
1810.831172  	89.754122 
1811.188478  	89.849420 
1811.545785  	90.036840 
1811.903092  	90.011501 
1812.260399  	89.927459 
1812.617706  	89.882285 
1812.975013  	89.695047 
1813.332320  	89.775964 
1813.689626  	89.725610 
1814.046933  	89.401219 
1814.404240  	89.597664 
1814.761547  	89.580777 
1815.118854  	89.043516 
1815.476161  	89.085700 
1815.833468  	89.354009 
1816.190774  	89.114512 
1816.548081  	88.876458 
1816.905388  	88.864629 
1817.262695  	88.711023 
1817.620002  	88.690106 
1817.977309  	88.841256 
1818.334616  	88.689910 
1818.691922  	88.684736 
1819.049229  	88.869836 
1819.406536  	88.836420 
1819.763843  	88.841855 
1820.121150  	88.887958 
1820.478457  	88.866884 
1820.835764  	88.711959 
1821.193070  	88.583005 
1821.550377  	88.740905 
1821.907684  	88.789859 
1822.264991  	88.826152 
1822.622298  	88.795111 
1822.979605  	88.395801 
1823.336912  	88.483526 
1823.694219  	88.893215 
1824.051525  	88.987022 
1824.408832  	89.419487 
1824.766139  	90.086882 
1825.123446  	89.727236 
1825.480753  	88.544714 
1825.838060  	88.821737 
1826.195367  	89.448414 
1826.552673  	89.363407 
1826.909980  	89.111679 
1827.267287  	89.182573 
1827.624594  	89.613790 
1827.981901  	90.269113 
1828.339208  	90.882126 
1828.696515  	90.996730 
1829.053821  	90.385403 
1829.411128  	90.208135 
1829.768435  	90.690516 
1830.125742  	90.021044 
1830.483049  	89.004438 
1830.840356  	89.684099 
1831.197663  	90.505412 
1831.554969  	90.738474 
1831.912276  	90.859110 
1832.269583  	90.936178 
1832.626890  	90.967860 
1832.984197  	91.278723 
1833.341504  	91.230193 
1833.698811  	90.560529 
1834.056117  	90.395377 
1834.413424  	91.028671 
1834.770731  	91.285818 
1835.128038  	90.660999 
1835.485345  	90.426435 
1835.842652  	90.877224 
1836.199959  	91.183622 
1836.557265  	91.191643 
1836.914572  	90.741398 
1837.271879  	90.491265 
1837.629186  	90.923760 
1837.986493  	90.957600 
1838.343800  	90.886430 
1838.701107  	91.228297 
1839.058414  	91.327282 
1839.415720  	91.086317 
1839.773027  	90.847100 
1840.130334  	90.721989 
1840.487641  	90.790099 
1840.844948  	91.007857 
1841.202255  	91.231069 
1841.559562  	91.413295 
1841.916868  	91.356329 
1842.274175  	90.948385 
1842.631482  	90.752107 
1842.988789  	91.061181 
1843.346096  	91.885713 
1843.703403  	93.068492 
1844.060710  	92.876417 
1844.418016  	89.703084 
1844.775323  	89.172228 
1845.132630  	90.576486 
1845.489937  	90.962770 
1845.847244  	90.990631 
1846.204551  	91.340302 
1846.561858  	91.487867 
1846.919164  	91.459960 
1847.276471  	91.248351 
1847.633778  	90.931990 
1847.991085  	90.863286 
1848.348392  	90.766805 
1848.705699  	90.851342 
1849.063006  	90.888679 
1849.420312  	90.449275 
1849.777619  	90.465575 
1850.134926  	90.872564 
1850.492233  	90.778022 
1850.849540  	90.756875 
1851.206847  	91.044979 
1851.564154  	90.721924 
1851.921461  	90.183701 
1852.278767  	90.355108 
1852.636074  	90.633996 
1852.993381  	90.675931 
1853.350688  	90.779298 
1853.707995  	90.741554 
1854.065302  	90.516715 
1854.422609  	90.295886 
1854.779915  	90.554166 
1855.137222  	91.049888 
1855.494529  	90.794877 
1855.851836  	90.221047 
1856.209143  	89.968056 
1856.566450  	89.935906 
1856.923757  	90.326470 
1857.281063  	90.729283 
1857.638370  	90.742581 
1857.995677  	90.790831 
1858.352984  	90.515089 
1858.710291  	89.835429 
1859.067598  	89.814073 
1859.424905  	90.023762 
1859.782211  	89.868412 
1860.139518  	90.053325 
1860.496825  	90.430414 
1860.854132  	90.536271 
1861.211439  	90.308941 
1861.568746  	89.956649 
1861.926053  	89.913440 
1862.283359  	89.986062 
1862.640666  	90.030190 
1862.997973  	90.137724 
1863.355280  	90.321930 
1863.712587  	90.150170 
1864.069894  	89.680078 
1864.427201  	90.044577 
1864.784508  	90.358611 
1865.141814  	89.884069 
1865.499121  	89.897490 
1865.856428  	90.329679 
1866.213735  	90.618861 
1866.571042  	90.139674 
1866.928349  	89.595838 
1867.285656  	90.271930 
1867.642962  	90.612023 
1868.000269  	90.134669 
1868.357576  	90.059273 
1868.714883  	90.210521 
1869.072190  	90.422359 
1869.429497  	90.320286 
1869.786804  	90.374398 
1870.144110  	90.538364 
1870.501417  	90.415893 
1870.858724  	90.510951 
1871.216031  	90.371573 
1871.573338  	90.099378 
1871.930645  	89.984638 
1872.287952  	89.750522 
1872.645258  	89.945912 
1873.002565  	90.318368 
1873.359872  	90.303541 
1873.717179  	90.170742 
1874.074486  	90.200400 
1874.431793  	90.291889 
1874.789100  	90.185183 
1875.146406  	90.237380 
1875.503713  	90.334366 
1875.861020  	89.934064 
1876.218327  	89.402031 
1876.575634  	89.256177 
1876.932941  	89.386790 
1877.290248  	89.420355 
1877.647555  	89.646550 
1878.004861  	90.086137 
1878.362168  	90.045913 
1878.719475  	89.781645 
1879.076782  	89.797266 
1879.434089  	89.939073 
1879.791396  	89.854025 
1880.148703  	89.455439 
1880.506009  	89.376574 
1880.863316  	89.909164 
1881.220623  	90.250482 
1881.577930  	90.160268 
1881.935237  	90.301857 
1882.292544  	90.330824 
1882.649851  	90.064269 
1883.007157  	90.319215 
1883.364464  	90.539558 
1883.721771  	89.925621 
1884.079078  	89.529911 
1884.436385  	90.207507 
1884.793692  	90.817748 
1885.150999  	90.641151 
1885.508305  	90.911306 
1885.865612  	91.380791 
1886.222919  	90.961584 
1886.580226  	90.514641 
1886.937533  	90.846345 
1887.294840  	91.334375 
1887.652147  	91.019948 
1888.009453  	90.296144 
1888.366760  	90.427561 
1888.724067  	91.245756 
1889.081374  	91.639807 
1889.438681  	90.953773 
1889.795988  	89.860165 
1890.153295  	90.132634 
1890.510602  	90.955636 
1890.867908  	90.853275 
1891.225215  	90.409260 
1891.582522  	90.872155 
1891.939829  	91.228991 
1892.297136  	90.898998 
1892.654443  	91.197676 
1893.011750  	91.597987 
1893.369056  	91.200432 
1893.726363  	90.889278 
1894.083670  	90.929738 
1894.440977  	91.189542 
1894.798284  	91.481053 
1895.155591  	91.081064 
1895.512898  	90.673317 
1895.870204  	91.098784 
1896.227511  	91.290129 
1896.584818  	91.273259 
1896.942125  	91.825601 
1897.299432  	91.965585 
1897.656739  	91.216659 
1898.014046  	90.815097 
1898.371352  	90.933475 
1898.728659  	90.806347 
1899.085966  	90.423100 
1899.443273  	90.291047 
1899.800580  	90.863352 
1900.157887  	91.722817 
1900.515194  	92.028126 
1900.872500  	91.786446 
1901.229807  	91.012595 
1901.587114  	90.243703 
1901.944421  	90.612482 
1902.301728  	91.546693 
1902.659035  	91.804827 
1903.016342  	91.558363 
1903.373649  	91.567609 
1903.730955  	91.614824 
1904.088262  	91.456766 
1904.445569  	91.822884 
1904.802876  	92.016777 
1905.160183  	91.292382 
1905.517490  	90.934956 
1905.874797  	90.931220 
1906.232103  	90.683645 
1906.589410  	90.910596 
1906.946717  	91.645663 
1907.304024  	91.945877 
1907.661331  	91.717520 
1908.018638  	91.599915 
1908.375945  	91.573458 
1908.733251  	91.731536 
1909.090558  	91.935227 
1909.447865  	91.267929 
1909.805172  	90.492386 
1910.162479  	90.927661 
1910.519786  	91.265409 
1910.877093  	90.254071 
1911.234399  	89.144181 
1911.591706  	89.267497 
1911.949013  	90.048051 
1912.306320  	90.272729 
1912.663627  	90.060155 
1913.020934  	90.054559 
1913.378241  	89.820467 
1913.735547  	89.295610 
1914.092854  	89.524631 
1914.450161  	90.205063 
1914.807468  	90.063638 
1915.164775  	89.280175 
1915.522082  	88.984622 
1915.879389  	89.322144 
1916.236696  	89.836165 
1916.594002  	90.214485 
1916.951309  	90.279289 
1917.308616  	90.538762 
1917.665923  	90.387898 
1918.023230  	89.452580 
1918.380537  	89.908449 
1918.737844  	90.740764 
1919.095150  	90.782079 
1919.452457  	90.342067 
1919.809764  	89.451464 
1920.167071  	89.149941 
1920.524378  	89.237613 
1920.881685  	89.539104 
1921.238992  	90.278188 
1921.596298  	91.145344 
1921.953605  	92.110996 
1922.310912  	91.868487 
1922.668219  	91.049858 
1923.025526  	90.841940 
1923.382833  	90.003830 
1923.740140  	89.556216 
1924.097446  	89.934869 
1924.454753  	90.339687 
1924.812060  	90.764782 
1925.169367  	91.109219 
1925.526674  	91.144836 
1925.883981  	90.711868 
1926.241288  	90.877000 
1926.598594  	91.277660 
1926.955901  	90.696739 
1927.313208  	90.276925 
1927.670515  	90.694005 
1928.027822  	91.483233 
1928.385129  	91.809667 
1928.742436  	91.216116 
1929.099742  	90.254953 
1929.457049  	90.179124 
1929.814356  	91.106271 
1930.171663  	91.130278 
1930.528970  	90.719687 
1930.886277  	90.695736 
1931.243584  	90.925166 
1931.600891  	91.532422 
1931.958197  	91.280779 
1932.315504  	91.835435 
1932.672811  	93.181875 
1933.030118  	93.155809 
1933.387425  	93.448576 
1933.744732  	92.976860 
1934.102039  	91.712254 
1934.459345  	91.791994 
1934.816652  	91.802569 
1935.173959  	91.698936 
1935.531266  	92.316471 
1935.888573  	93.184933 
1936.245880  	93.085824 
1936.603187  	92.043860 
1936.960493  	91.294017 
1937.317800  	90.768902 
1937.675107  	90.981727 
1938.032414  	91.180034 
1938.389721  	90.992872 
1938.747028  	91.760574 
1939.104335  	92.619379 
1939.461641  	93.135790 
1939.818948  	92.849302 
1940.176255  	91.945108 
1940.533562  	92.252210 
1940.890869  	93.335068 
1941.248176  	93.566319 
1941.605483  	92.524465 
1941.962789  	92.091747 
1942.320096  	91.627029 
1942.677403  	89.251964 
1943.034710  	89.156671 
1943.392017  	91.545066 
1943.749324  	92.592939 
1944.106631  	91.431353 
1944.463938  	90.295902 
1944.821244  	90.913100 
1945.178551  	91.263459 
1945.535858  	91.410024 
1945.893165  	91.998875 
1946.250472  	92.375995 
1946.607779  	92.681361 
1946.965086  	92.485565 
1947.322392  	92.335647 
1947.679699  	91.157519 
1948.037006  	90.173299 
1948.394313  	91.068781 
1948.751620  	90.323388 
1949.108927  	88.956492 
1949.466234  	89.128252 
1949.823540  	90.091879 
1950.180847  	92.128596 
1950.538154  	92.477030 
1950.895461  	91.609777 
1951.252768  	91.653902 
1951.610075  	91.156227 
1951.967382  	91.396362 
1952.324688  	91.949069 
1952.681995  	91.173005 
1953.039302  	91.404232 
1953.396609  	92.534628 
1953.753916  	92.124778 
1954.111223  	91.487484 
1954.468530  	92.406355 
1954.825836  	93.753644 
1955.183143  	94.566250 
1955.540450  	94.001147 
1955.897757  	92.093252 
1956.255064  	91.049525 
1956.612371  	91.058186 
1956.969678  	91.497741 
1957.326985  	93.189600 
1957.684291  	94.497589 
1958.041598  	92.842831 
1958.398905  	91.036116 
1958.756212  	92.273512 
1959.113519  	93.837960 
1959.470826  	92.683665 
1959.828133  	90.851788 
1960.185439  	91.387144 
1960.542746  	93.055225 
1960.900053  	93.489553 
1961.257360  	92.376853 
1961.614667  	89.882490 
1961.971974  	89.163832 
1962.329281  	90.476213 
1962.686587  	89.726068 
1963.043894  	89.058000 
1963.401201  	90.820866 
1963.758508  	91.764149 
1964.115815  	91.277736 
1964.473122  	90.499022 
1964.830429  	89.937081 
1965.187735  	89.995034 
1965.545042  	88.545208 
1965.902349  	86.031363 
1966.259656  	87.169206 
1966.616963  	90.873388 
1966.974270  	91.933152 
1967.331577  	90.701591 
1967.688883  	89.869846 
1968.046190  	90.032240 
1968.403497  	90.407462 
1968.760804  	91.067578 
1969.118111  	90.157330 
1969.475418  	87.676466 
1969.832725  	88.677649 
1970.190032  	90.742575 
1970.547338  	89.427203 
1970.904645  	87.975430 
1971.261952  	87.196164 
1971.619259  	86.809935 
1971.976566  	86.930940 
1972.333873  	88.463928 
1972.691180  	91.780768 
1973.048486  	92.986100 
1973.405793  	91.685253 
1973.763100  	90.537151 
1974.120407  	91.933986 
1974.477714  	93.323427 
1974.835021  	89.896408 
1975.192328  	88.607481 
1975.549634  	90.464730 
1975.906941  	89.093350 
1976.264248  	88.969140 
1976.621555  	90.912499 
1976.978862  	92.427838 
1977.336169  	94.646759 
1977.693476  	93.602245 
1978.050782  	90.463104 
1978.408089  	90.885568 
1978.765396  	92.366247 
1979.122703  	90.579807 
1979.480010  	88.808149 
1979.837317  	90.613773 
1980.194624  	92.372612 
1980.551930  	92.070270 
1980.909237  	92.753883 
1981.266544  	93.380261 
1981.623851  	92.325372 
1981.981158  	91.855520 
1982.338465  	91.596903 
1982.695772  	90.354753 
1983.053079  	90.450979 
1983.410385  	92.917233 
1983.767692  	95.501288 
1984.124999  	95.003099 
1984.482306  	91.849671 
1984.839613  	90.206325 
1985.196920  	89.315170 
1985.554227  	88.821561 
1985.911533  	91.088961 
1986.268840  	92.808782 
1986.626147  	92.305216 
1986.983454  	91.743711 
1987.340761  	90.350722 
1987.698068  	89.784228 
1988.055375  	92.119775 
1988.412681  	93.737116 
1988.769988  	92.467141 
1989.127295  	90.831475 
1989.484602  	90.056659 
1989.841909  	90.725843 
1990.199216  	91.710197 
1990.556523  	90.716904 
1990.913829  	90.479960 
1991.271136  	92.746463 
1991.628443  	93.409369 
1991.985750  	91.710419 
1992.343057  	92.308307 
1992.700364  	93.697638 
1993.057671  	93.157350 
1993.414977  	93.441823 
1993.772284  	93.534682 
1994.129591  	91.995231 
1994.486898  	92.528350 
1994.844205  	93.408851 
1995.201512  	92.116401 
1995.558819  	92.226432 
1995.916126  	93.287138 
1996.273432  	92.063548 
1996.630739  	90.966482 
1996.988046  	91.990899 
1997.345353  	92.072412 
1997.702660  	91.970353 
1998.059967  	93.146520 
1998.417274  	91.813507 
1998.774580  	89.669682 
1999.131887  	90.238195 
1999.489194  	91.191203 
1999.846501  	91.183186 
2000.203808  	90.956535 
2000.561115  	91.159085 
2000.918422  	91.479860 
2001.275728  	92.090519 
2001.633035  	91.212514 
2001.990342  	88.041510 
2002.347649  	87.966509 
2002.704956  	90.339118 
2003.062263  	91.186097 
2003.419570  	91.768278 
2003.776876  	91.706224 
2004.134183  	91.667610 
2004.491490  	92.563306 
2004.848797  	94.433837 
2005.206104  	94.738751 
2005.563411  	91.539682 
2005.920718  	91.088941 
2006.278024  	91.219806 
2006.635331  	90.095385 
2006.992638  	93.508861 
2007.349945  	94.443213 
2007.707252  	91.311826 
2008.064559  	91.178879 
2008.421866  	92.355429 
2008.779172  	93.132328 
2009.136479  	91.564581 
2009.493786  	88.708818 
2009.851093  	88.396029 
2010.208400  	90.148066 
2010.565707  	92.159268 
2010.923014  	93.215091 
2011.280321  	93.061420 
2011.637627  	92.033541 
2011.994934  	92.293978 
2012.352241  	93.103885 
2012.709548  	90.419846 
2013.066855  	88.297611 
2013.424162  	88.727291 
2013.781469  	88.094766 
2014.138775  	88.829899 
2014.496082  	90.833776 
2014.853389  	89.832419 
2015.210696  	89.473679 
2015.568003  	92.248354 
2015.925310  	94.232421 
2016.282617  	94.401215 
2016.639923  	92.878471 
2016.997230  	91.678193 
2017.354537  	91.970250 
2017.711844  	91.291447 
2018.069151  	92.745587 
2018.426458  	94.550575 
2018.783765  	92.010905 
2019.141071  	88.452123 
2019.498378  	86.238806 
2019.855685  	88.123836 
2020.212992  	90.161663 
2020.570299  	89.141796 
2020.927606  	90.935496 
2021.284913  	91.470289 
2021.642219  	90.770215 
2021.999526  	92.445239 
2022.356833  	92.051590 
2022.714140  	91.913505 
2023.071447  	91.812534 
2023.428754  	89.554105 
2023.786061  	88.892314 
2024.143368  	90.675693 
2024.500674  	92.359207 
2024.857981  	91.882140 
2025.215288  	92.504256 
2025.572595  	94.575373 
2025.929902  	94.406874 
2026.287209  	92.734763 
2026.644516  	90.631532 
2027.001822  	90.684673 
2027.359129  	92.046653 
2027.716436  	91.103175 
2028.073743  	89.889802 
2028.431050  	91.008950 
2028.788357  	93.004570 
2029.145664  	92.556288 
2029.502970  	89.954637 
2029.860277  	87.998411 
2030.217584  	89.784041 
2030.574891  	93.921998 
2030.932198  	92.971361 
2031.289505  	90.980808 
2031.646812  	93.060137 
2032.004118  	92.865239 
2032.361425  	90.440434 
2032.718732  	90.558373 
2033.076039  	91.870125 
2033.433346  	90.796407 
2033.790653  	89.991069 
2034.147960  	92.662375 
2034.505266  	94.778464 
2034.862573  	94.707931 
2035.219880  	93.700364 
2035.577187  	92.227584 
2035.934494  	91.301514 
2036.291801  	89.090342 
2036.649108  	87.407686 
2037.006415  	90.571598 
2037.363721  	94.842382 
2037.721028  	92.453316 
2038.078335  	89.109464 
2038.435642  	91.997785 
2038.792949  	93.151096 
2039.150256  	89.403465 
2039.507563  	88.538452 
2039.864869  	90.901591 
2040.222176  	92.111107 
2040.579483  	90.855961 
2040.936790  	89.361433 
2041.294097  	89.520464 
2041.651404  	90.884539 
2042.008711  	90.661342 
2042.366017  	90.346253 
2042.723324  	92.018925 
2043.080631  	91.344484 
2043.437938  	89.896262 
2043.795245  	90.378029 
2044.152552  	90.094989 
2044.509859  	89.857077 
2044.867165  	89.971234 
2045.224472  	91.288362 
2045.581779  	91.772654 
2045.939086  	88.599489 
2046.296393  	88.016304 
2046.653700  	90.024046 
2047.011007  	90.733966 
2047.368313  	90.793489 
2047.725620  	89.959146 
2048.082927  	91.080151 
2048.440234  	93.156404 
2048.797541  	92.250349 
2049.154848  	91.181380 
2049.512155  	90.787565 
2049.869462  	90.543702 
2050.226768  	91.508784 
2050.584075  	91.418889 
2050.941382  	90.484939 
2051.298689  	91.249818 
2051.655996  	91.384329 
2052.013303  	90.789737 
2052.370610  	91.836549 
2052.727916  	92.738251 
2053.085223  	93.395174 
2053.442530  	92.839492 
2053.799837  	91.239636 
2054.157144  	92.296525 
2054.514451  	92.436064 
2054.871758  	91.063681 
2055.229064  	91.242299 
2055.586371  	90.517119 
2055.943678  	90.053366 
2056.300985  	89.892117 
2056.658292  	89.505262 
2057.015599  	91.034387 
2057.372906  	91.890637 
2057.730212  	91.688430 
2058.087519  	91.087937 
2058.444826  	90.254731 
2058.802133  	91.475442 
2059.159440  	92.012435 
2059.516747  	91.305764 
2059.874054  	91.454353 
2060.231360  	90.962022 
2060.588667  	90.919403 
2060.945974  	91.494261 
2061.303281  	91.439290 
2061.660588  	91.226230 
2062.017895  	90.602944 
2062.375202  	90.504310 
2062.732509  	91.430949 
2063.089815  	92.453476 
2063.447122  	92.418626 
2063.804429  	91.955173 
2064.161736  	92.631930 
2064.519043  	92.223554 
2064.876350  	91.343463 
2065.233657  	92.805378 
2065.590963  	93.780274 
2065.948270  	92.533066 
2066.305577  	90.773484 
2066.662884  	89.988389 
2067.020191  	90.131659 
2067.377498  	90.427010 
2067.734805  	91.256200 
2068.092111  	92.503534 
2068.449418  	93.601322 
2068.806725  	93.626398 
2069.164032  	92.476400 
2069.521339  	92.068635 
2069.878646  	92.492089 
2070.235953  	92.721483 
2070.593259  	92.855320 
2070.950566  	93.437445 
2071.307873  	93.293792 
2071.665180  	91.870853 
2072.022487  	91.911288 
2072.379794  	92.156063 
2072.737101  	91.445016 
2073.094407  	92.181427 
2073.451714  	92.062575 
2073.809021  	91.060083 
2074.166328  	91.258158 
2074.523635  	91.205129 
2074.880942  	91.713061 
2075.238249  	92.802585 
2075.595556  	92.839705 
2075.952862  	91.908896 
2076.310169  	91.220960 
2076.667476  	92.108892 
2077.024783  	92.626392 
2077.382090  	92.415779 
2077.739397  	93.582833 
2078.096704  	93.886597 
2078.454010  	92.776035 
2078.811317  	92.496563 
2079.168624  	92.068389 
2079.525931  	91.577826 
2079.883238  	92.100809 
2080.240545  	92.762376 
2080.597852  	92.306039 
2080.955158  	90.599709 
2081.312465  	90.928488 
2081.669772  	93.093439 
2082.027079  	92.700648 
2082.384386  	92.021203 
2082.741693  	92.550984 
2083.099000  	92.096201 
2083.456306  	92.189091 
2083.813613  	92.684733 
2084.170920  	92.236045 
2084.528227  	91.979033 
2084.885534  	92.682391 
2085.242841  	92.983849 
2085.600148  	92.076499 
2085.957454  	91.811542 
2086.314761  	91.670921 
2086.672068  	91.172190 
2087.029375  	91.408118 
2087.386682  	91.745395 
2087.743989  	92.527548 
2088.101296  	92.492887 
2088.458602  	91.144867 
2088.815909  	90.604554 
2089.173216  	90.606788 
2089.530523  	90.947393 
2089.887830  	91.034242 
2090.245137  	91.352043 
2090.602444  	92.511475 
2090.959751  	92.144917 
2091.317057  	91.840356 
2091.674364  	93.192076 
2092.031671  	93.673674 
2092.388978  	92.585931 
2092.746285  	91.641957 
2093.103592  	91.596700 
2093.460899  	91.554022 
2093.818205  	92.250491 
2094.175512  	93.129476 
2094.532819  	92.166364 
2094.890126  	91.739151 
2095.247433  	92.478132 
2095.604740  	92.281596 
2095.962047  	91.804585 
2096.319353  	92.062574 
2096.676660  	92.176580 
2097.033967  	91.559618 
2097.391274  	91.488899 
2097.748581  	92.183665 
2098.105888  	92.841397 
2098.463195  	92.772484 
2098.820501  	91.990335 
2099.177808  	91.822976 
2099.535115  	92.006510 
2099.892422  	92.210686 
2100.249729  	92.517257 
2100.607036  	92.217437 
2100.964343  	91.853651 
2101.321649  	91.788472 
2101.678956  	92.268074 
2102.036263  	92.941707 
2102.393570  	92.641713 
2102.750877  	92.090725 
2103.108184  	91.850289 
2103.465491  	91.673539 
2103.822798  	91.597272 
2104.180104  	91.409001 
2104.537411  	91.110364 
2104.894718  	91.166213 
2105.252025  	91.725429 
2105.609332  	92.381977 
2105.966639  	92.307103 
2106.323946  	91.085315 
2106.681252  	91.264155 
2107.038559  	93.036678 
2107.395866  	93.446509 
2107.753173  	93.151836 
2108.110480  	92.200627 
2108.467787  	91.486598 
2108.825094  	92.330412 
2109.182400  	92.447180 
2109.539707  	92.509147 
2109.897014  	92.195168 
2110.254321  	91.409412 
2110.611628  	92.491809 
2110.968935  	92.731235 
2111.326242  	91.715624 
2111.683548  	91.212785 
2112.040855  	91.085604 
2112.398162  	92.100465 
2112.755469  	92.701979 
2113.112776  	92.199653 
2113.470083  	91.561409 
2113.827390  	91.530154 
2114.184696  	92.346334 
2114.542003  	92.073184 
2114.899310  	91.813429 
2115.256617  	92.259356 
2115.613924  	91.487357 
2115.971231  	91.346203 
2116.328538  	92.488652 
2116.685845  	92.580906 
2117.043151  	91.777300 
2117.400458  	91.478468 
2117.757765  	91.779998 
2118.115072  	92.015813 
2118.472379  	91.602963 
2118.829686  	91.231587 
2119.186993  	91.615355 
2119.544299  	91.555657 
2119.901606  	91.712550 
2120.258913  	92.637340 
2120.616220  	91.921698 
2120.973527  	90.664761 
2121.330834  	91.070676 
2121.688141  	91.510311 
2122.045447  	91.329697 
2122.402754  	91.741947 
2122.760061  	92.277425 
2123.117368  	91.789515 
2123.474675  	91.432466 
2123.831982  	91.822903 
2124.189289  	92.107372 
2124.546595  	92.473334 
2124.903902  	92.615586 
2125.261209  	92.128579 
2125.618516  	91.524655 
2125.975823  	91.133802 
2126.333130  	91.214420 
2126.690437  	91.808214 
2127.047743  	92.192819 
2127.405050  	92.045468 
2127.762357  	92.380800 
2128.119664  	91.975492 
2128.476971  	90.355211 
2128.834278  	91.040407 
2129.191585  	92.470637 
2129.548892  	91.323299 
2129.906198  	90.904135 
2130.263505  	92.164508 
2130.620812  	92.431756 
2130.978119  	92.104407 
2131.335426  	91.951777 
2131.692733  	91.621033 
2132.050040  	91.455170 
2132.407346  	91.070512 
2132.764653  	90.392404 
2133.121960  	90.071900 
2133.479267  	90.194862 
2133.836574  	90.967482 
2134.193881  	91.780588 
2134.551188  	91.823654 
2134.908494  	91.740621 
2135.265801  	91.805514 
2135.623108  	91.659294 
2135.980415  	91.676627 
2136.337722  	92.544164 
2136.695029  	93.367742 
2137.052336  	93.076967 
2137.409642  	91.678852 
2137.766949  	89.551927 
2138.124256  	88.781498 
2138.481563  	90.141568 
2138.838870  	90.961631 
2139.196177  	89.726346 
2139.553484  	88.599503 
2139.910790  	89.959912 
2140.268097  	92.547504 
2140.625404  	94.220700 
2140.982711  	93.598796 
2141.340018  	91.876968 
2141.697325  	92.071563 
2142.054632  	92.503376 
2142.411939  	92.038456 
2142.769245  	92.129311 
2143.126552  	92.549901 
2143.483859  	92.653698 
2143.841166  	91.427682 
2144.198473  	90.691042 
2144.555780  	91.085594 
2144.913087  	91.533871 
2145.270393  	92.169044 
2145.627700  	90.436768 
2145.985007  	89.309364 
2146.342314  	91.597934 
2146.699621  	91.978036 
2147.056928  	90.309619 
2147.414235  	90.169230 
2147.771541  	90.342705 
2148.128848  	89.180650 
2148.486155  	88.893757 
2148.843462  	90.458130 
2149.200769  	92.039737 
2149.558076  	93.612087 
2149.915383  	92.428494 
2150.272689  	89.110591 
2150.629996  	88.327647 
2150.987303  	89.233838 
2151.344610  	90.810512 
2151.701917  	91.376640 
2152.059224  	90.189848 
2152.416531  	89.161337 
2152.773837  	88.463221 
2153.131144  	88.827325 
2153.488451  	88.924762 
2153.845758  	87.959221 
2154.203065  	88.402431 
2154.560372  	90.868871 
2154.917679  	91.942650 
2155.274986  	90.364628 
2155.632292  	90.331327 
2155.989599  	91.552648 
2156.346906  	93.022007 
2156.704213  	92.703577 
2157.061520  	88.581299 
2157.418827  	89.798434 
2157.776134  	92.136303 
2158.133440  	88.341090 
2158.490747  	87.806893 
2158.848054  	89.205294 
2159.205361  	90.995425 
2159.562668  	93.826460 
2159.919975  	91.726463 
2160.277282  	89.590451 
2160.634588  	90.984652 
2160.991895  	92.581992 
2161.349202  	92.709685 
2161.706509  	91.965982 
2162.063816  	91.773956 
2162.421123  	91.586996 
2162.778430  	91.217419 
2163.135736  	89.630431 
2163.493043  	87.647990 
2163.850350  	88.700345 
2164.207657  	90.579637 
2164.564964  	90.916494 
2164.922271  	91.043986 
2165.279578  	91.006337 
2165.636884  	89.528498 
2165.994191  	87.500024 
2166.351498  	87.232354 
2166.708805  	87.579828 
2167.066112  	87.650533 
2167.423419  	90.181106 
2167.780726  	91.975990 
2168.138032  	90.715622 
2168.495339  	90.637593 
2168.852646  	90.102497 
2169.209953  	88.389029 
2169.567260  	88.578867 
2169.924567  	88.834750 
2170.281874  	88.357035 
2170.639181  	87.411530 
2170.996487  	87.808100 
2171.353794  	89.410110 
2171.711101  	88.174737 
2172.068408  	87.879333 
2172.425715  	89.459095 
2172.783022  	88.918616 
2173.140329  	87.747937 
2173.497635  	85.569291 
2173.854942  	85.569328 
2174.212249  	89.041162 
2174.569556  	90.602269 
2174.926863  	90.222617 
2175.284170  	89.382005 
2175.641477  	89.924041 
2175.998783  	92.067748 
2176.356090  	91.872400 
2176.713397  	89.056879 
2177.070704  	87.323305 
2177.428011  	89.517966 
2177.785318  	91.874290 
2178.142625  	91.929977 
2178.499931  	91.802341 
2178.857238  	90.753629 
2179.214545  	90.146719 
2179.571852  	89.445874 
2179.929159  	87.288194 
2180.286466  	87.411211 
2180.643773  	89.669002 
2181.001079  	90.975769 
2181.358386  	91.223196 
2181.715693  	90.766248 
2182.073000  	88.883258 
2182.430307  	88.165970 
2182.787614  	89.782115 
2183.144921  	89.392957 
2183.502228  	87.765373 
2183.859534  	87.485674 
2184.216841  	87.878882 
2184.574148  	89.079350 
2184.931455  	89.027774 
2185.288762  	88.323257 
2185.646069  	89.717387 
2186.003376  	91.524063 
2186.360682  	91.495449 
2186.717989  	91.006488 
2187.075296  	91.650635 
2187.432603  	90.957423 
2187.789910  	89.743516 
2188.147217  	89.379547 
2188.504524  	88.415838 
2188.861830  	88.183053 
2189.219137  	87.412869 
2189.576444  	87.220663 
2189.933751  	88.995680 
2190.291058  	88.346249 
2190.648365  	88.201622 
2191.005672  	90.190169 
2191.362978  	89.600220 
2191.720285  	89.390279 
2192.077592  	89.910041 
2192.434899  	88.792023 
2192.792206  	88.901689 
2193.149513  	88.147152 
2193.506820  	86.227935 
2193.864126  	88.880112 
2194.221433  	91.807964 
2194.578740  	89.863986 
2194.936047  	88.351635 
2195.293354  	87.873334 
2195.650661  	87.927913 
2196.007968  	89.672216 
2196.365275  	89.682721 
2196.722581  	89.357566 
2197.079888  	89.603525 
2197.437195  	88.282703 
2197.794502  	88.480222 
2198.151809  	88.771893 
2198.509116  	87.556466 
2198.866423  	88.403744 
2199.223729  	90.294553 
2199.581036  	90.810604 
2199.938343  	89.522197 
2200.295650  	88.536757 
2200.652957  	89.909983 
2201.010264  	90.639339 
2201.367571  	89.962599 
2201.724877  	89.522152 
2202.082184  	88.676714 
2202.439491  	88.060100 
2202.796798  	87.718508 
2203.154105  	87.326684 
2203.511412  	87.592348 
2203.868719  	88.302098 
2204.226025  	89.126982 
2204.583332  	89.150984 
2204.940639  	88.220977 
2205.297946  	87.993865 
2205.655253  	88.769250 
2206.012560  	89.221197 
2206.369867  	88.736350 
2206.727173  	87.999155 
2207.084480  	87.633085 
2207.441787  	87.978089 
2207.799094  	88.555578 
2208.156401  	88.546440 
2208.513708  	88.060673 
2208.871015  	87.685837 
2209.228322  	88.386278 
2209.585628  	89.573144 
2209.942935  	89.421615 
2210.300242  	88.173763 
2210.657549  	87.656678 
2211.014856  	88.736512 
2211.372163  	89.375385 
2211.729470  	88.712660 
2212.086776  	88.878655 
2212.444083  	89.682201 
2212.801390  	89.872288 
2213.158697  	89.143554 
2213.516004  	88.289265 
2213.873311  	88.630159 
2214.230618  	89.738032 
2214.587924  	91.442193 
2214.945231  	92.381636 
2215.302538  	90.802194 
2215.659845  	89.275622 
2216.017152  	89.836957 
2216.374459  	90.235121 
2216.731766  	88.630505 
2217.089072  	87.923405 
2217.446379  	88.642608 
2217.803686  	87.947480 
2218.160993  	88.136094 
2218.518300  	90.200703 
2218.875607  	90.857843 
2219.232914  	90.611830 
2219.590220  	91.089203 
2219.947527  	91.224099 
2220.304834  	90.348669 
2220.662141  	89.701536 
2221.019448  	89.370153 
2221.376755  	89.018670 
2221.734062  	89.214488 
2222.091369  	89.142315 
2222.448675  	88.488905 
2222.805982  	87.695371 
2223.163289  	88.035644 
2223.520596  	89.232404 
2223.877903  	89.133565 
2224.235210  	89.478833 
2224.592517  	90.286052 
2224.949823  	89.890236 
2225.307130  	89.871805 
2225.664437  	90.267824 
2226.021744  	90.928810 
2226.379051  	90.939338 
2226.736358  	89.973962 
2227.093665  	89.672892 
2227.450971  	89.072497 
2227.808278  	88.589731 
2228.165585  	89.023970 
2228.522892  	89.339980 
2228.880199  	89.232865 
2229.237506  	88.914348 
2229.594813  	88.730017 
2229.952119  	88.147474 
2230.309426  	88.188858 
2230.666733  	88.905311 
2231.024040  	89.394429 
2231.381347  	90.850767 
2231.738654  	90.555233 
2232.095961  	89.076248 
2232.453267  	89.545463 
2232.810574  	89.494414 
2233.167881  	89.685206 
2233.525188  	90.304147 
2233.882495  	88.998080 
2234.239802  	88.152476 
2234.597109  	88.831494 
2234.954416  	89.297862 
2235.311722  	89.061579 
2235.669029  	89.364047 
2236.026336  	89.801930 
2236.383643  	88.841644 
2236.740950  	88.237485 
2237.098257  	88.941147 
2237.455564  	89.983634 
2237.812870  	90.732053 
2238.170177  	90.461499 
2238.527484  	89.545997 
2238.884791  	89.068565 
2239.242098  	89.120413 
2239.599405  	88.599961 
2239.956712  	88.223025 
2240.314018  	88.902394 
2240.671325  	89.325597 
2241.028632  	89.490934 
2241.385939  	88.987441 
2241.743246  	87.770247 
2242.100553  	87.575427 
2242.457860  	88.009421 
2242.815166  	88.440915 
2243.172473  	88.522711 
2243.529780  	88.044307 
2243.887087  	87.983045 
2244.244394  	88.340839 
2244.601701  	88.987745 
2244.959008  	89.716347 
2245.316314  	89.649440 
2245.673621  	88.512358 
2246.030928  	87.864974 
2246.388235  	88.738421 
2246.745542  	89.018344 
2247.102849  	88.892452 
2247.460156  	90.015989 
2247.817463  	90.316265 
2248.174769  	89.288566 
2248.532076  	89.160494 
2248.889383  	89.864695 
2249.246690  	89.231388 
2249.603997  	87.967216 
2249.961304  	88.434415 
2250.318611  	89.105459 
2250.675917  	88.530299 
2251.033224  	88.182004 
2251.390531  	88.819376 
2251.747838  	89.733106 
2252.105145  	89.466756 
2252.462452  	88.538385 
2252.819759  	88.464548 
2253.177065  	88.983294 
2253.534372  	89.217721 
2253.891679  	89.303367 
2254.248986  	89.953852 
2254.606293  	90.135688 
2254.963600  	89.363184 
2255.320907  	88.927271 
2255.678213  	89.018453 
2256.035520  	89.266031 
2256.392827  	88.747046 
2256.750134  	87.904247 
2257.107441  	88.013886 
2257.464748  	87.994763 
2257.822055  	87.967169 
2258.179361  	88.478134 
2258.536668  	88.729373 
2258.893975  	88.867592 
2259.251282  	88.660814 
2259.608589  	88.429622 
2259.965896  	88.812213 
2260.323203  	89.429107 
2260.680509  	90.028702 
2261.037816  	89.582852 
2261.395123  	88.566825 
2261.752430  	89.297292 
2262.109737  	90.670521 
2262.467044  	90.062090 
2262.824351  	88.499575 
2263.181658  	88.259923 
2263.538964  	88.712512 
2263.896271  	88.136236 
2264.253578  	87.521295 
2264.610885  	88.080572 
2264.968192  	88.544876 
2265.325499  	88.440999 
2265.682806  	88.660472 
2266.040112  	88.730546 
2266.397419  	88.446455 
2266.754726  	88.468021 
2267.112033  	88.646216 
2267.469340  	88.581503 
2267.826647  	88.475583 
2268.183954  	88.501678 
2268.541260  	88.173480 
2268.898567  	87.628657 
2269.255874  	87.833380 
2269.613181  	88.577119 
2269.970488  	88.779950 
2270.327795  	88.619575 
2270.685102  	88.669104 
2271.042408  	88.179202 
2271.399715  	87.905524 
2271.757022  	88.640502 
2272.114329  	88.654922 
2272.471636  	88.079246 
2272.828943  	87.904552 
2273.186250  	88.331347 
2273.543556  	89.144575 
2273.900863  	88.892723 
2274.258170  	88.803219 
2274.615477  	88.993140 
2274.972784  	87.990040 
2275.330091  	87.832666 
2275.687398  	88.472435 
2276.044705  	88.471910 
2276.402011  	88.135151 
2276.759318  	87.715581 
2277.116625  	87.904752 
2277.473932  	87.731020 
2277.831239  	87.502277 
2278.188546  	88.280910 
2278.545853  	88.431988 
2278.903159  	88.233662 
2279.260466  	88.403186 
2279.617773  	88.476367 
2279.975080  	88.855846 
2280.332387  	88.911538 
2280.689694  	88.103668 
2281.047001  	87.404188 
2281.404307  	87.795814 
2281.761614  	88.338707 
2282.118921  	87.692729 
2282.476228  	87.163069 
2282.833535  	87.738736 
2283.190842  	88.464889 
2283.548149  	88.573052 
2283.905455  	87.936271 
2284.262762  	87.195293 
2284.620069  	87.178806 
2284.977376  	87.679461 
2285.334683  	87.793780 
2285.691990  	87.446367 
2286.049297  	87.366230 
2286.406603  	87.771840 
2286.763910  	87.943091 
2287.121217  	87.622909 
2287.478524  	87.518882 
2287.835831  	87.573810 
2288.193138  	87.568267 
2288.550445  	87.770065 
2288.907752  	87.779178 
2289.265058  	87.418287 
2289.622365  	87.021172 
2289.979672  	87.118289 
2290.336979  	88.003329 
2290.694286  	88.522786 
2291.051593  	87.839997 
2291.408900  	87.153748 
2291.766206  	87.273845 
2292.123513  	87.525316 
2292.480820  	87.756852 
2292.838127  	88.072451 
2293.195434  	87.929383 
2293.552741  	87.586896 
2293.910048  	87.579047 
2294.267354  	87.518077 
2294.624661  	87.033620 
2294.981968  	86.993131 
2295.339275  	87.675598 
2295.696582  	87.615919 
2296.053889  	87.080021 
2296.411196  	87.085538 
2296.768502  	87.144909 
2297.125809  	87.616812 
2297.483116  	88.257597 
2297.840423  	88.305868 
2298.197730  	88.052207 
2298.555037  	87.570374 
2298.912344  	87.366813 
2299.269650  	87.658002 
2299.626957  	87.675365 
2299.984264  	87.357064 
2300.341571  	87.139533 
2300.698878  	87.195545 
2301.056185  	87.688151 
2301.413492  	88.122374 
2301.770799  	87.894274 
2302.128105  	87.753676 
2302.485412  	87.683326 
2302.842719  	86.912193 
2303.200026  	86.699188 
2303.557333  	87.372302 
2303.914640  	88.072834 
2304.271947  	88.383931 
2304.629253  	87.973868 
2304.986560  	87.682650 
2305.343867  	87.873906 
2305.701174  	87.852581 
2306.058481  	87.725860 
2306.415788  	87.726406 
2306.773095  	87.706936 
2307.130401  	87.342832 
2307.487708  	87.130921 
2307.845015  	87.439791 
2308.202322  	87.812374 
2308.559629  	88.023281 
2308.916936  	87.890140 
2309.274243  	87.457909 
2309.631549  	87.241939 
2309.988856  	87.679010 
2310.346163  	88.452329 
2310.703470  	88.567546 
2311.060777  	87.514658 
2311.418084  	86.186213 
2311.775391  	86.063550 
2312.132697  	86.798070 
2312.490004  	87.384685 
2312.847311  	87.439115 
2313.204618  	87.209243 
2313.561925  	87.243819 
2313.919232  	86.977027 
2314.276539  	87.171950 
2314.633846  	88.305064 
2314.991152  	88.081773 
2315.348459  	86.277456 
2315.705766  	85.718357 
2316.063073  	86.261111 
2316.420380  	87.084866 
2316.777687  	87.967143 
2317.134994  	87.770944 
2317.492300  	86.464283 
2317.849607  	86.313114 
2318.206914  	87.103003 
2318.564221  	87.588796 
2318.921528  	87.704946 
2319.278835  	86.936185 
2319.636142  	85.999552 
2319.993448  	86.447344 
2320.350755  	86.975267 
2320.708062  	87.406851 
2321.065369  	87.635603 
2321.422676  	86.288677 
2321.779983  	85.465077 
2322.137290  	86.390106 
2322.494596  	87.341080 
2322.851903  	87.539819 
2323.209210  	86.458953 
2323.566517  	85.492696 
2323.923824  	86.493436 
2324.281131  	87.309420 
2324.638438  	87.295609 
2324.995744  	86.941312 
2325.353051  	85.833534 
2325.710358  	86.138780 
2326.067665  	87.251355 
2326.424972  	87.576900 
2326.782279  	86.741266 
2327.139586  	84.634304 
2327.496893  	85.007010 
2327.854199  	86.791612 
2328.211506  	87.381305 
2328.568813  	87.294934 
2328.926120  	85.890037 
2329.283427  	85.143852 
2329.640734  	86.231137 
2329.998041  	86.815809 
2330.355347  	86.930014 
2330.712654  	85.400365 
2331.069961  	84.203996 
2331.427268  	85.650622 
2331.784575  	86.736605 
2332.141882  	86.997054 
2332.499189  	85.704353 
2332.856495  	84.683787 
2333.213802  	86.028907 
2333.571109  	87.264895 
2333.928416  	87.538908 
2334.285723  	85.841015 
2334.643030  	84.676734 
2335.000337  	86.010812 
2335.357643  	87.196376 
2335.714950  	87.487636 
2336.072257  	86.037442 
2336.429564  	84.977745 
2336.786871  	86.075975 
2337.144178  	86.800086 
2337.501485  	86.287751 
2337.858791  	84.339983 
2338.216098  	84.278830 
2338.573405  	86.433501 
2338.930712  	87.532715 
2339.288019  	86.591912 
2339.645326  	84.952640 
2340.002633  	85.156852 
2340.359939  	86.207894 
2340.717246  	86.709156 
2341.074553  	85.713225 
2341.431860  	84.315406 
2341.789167  	85.039519 
2342.146474  	86.310296 
2342.503781  	86.611588 
2342.861088  	85.297154 
2343.218394  	84.523551 
2343.575701  	85.626216 
2343.933008  	86.561839 
2344.290315  	85.671928 
2344.647622  	84.081572 
2345.004929  	84.971976 
2345.362236  	86.258888 
2345.719542  	86.680094 
2346.076849  	85.693436 
2346.434156  	84.475282 
2346.791463  	85.110596 
2347.148770  	85.863438 
2347.506077  	85.986547 
2347.863384  	85.674087 
2348.220690  	85.234234 
2348.577997  	85.251989 
2348.935304  	85.535677 
2349.292611  	86.162637 
2349.649918  	86.528016 
2350.007225  	85.824447 
2350.364532  	85.584876 
2350.721838  	86.207225 
2351.079145  	86.544222 
2351.436452  	86.258913 
2351.793759  	85.569433 
2352.151066  	85.911806 
2352.508373  	86.729408 
2352.865680  	86.692229 
2353.222986  	85.740177 
2353.580293  	85.740631 
2353.937600  	86.689439 
2354.294907  	86.506122 
2354.652214  	84.612580 
2355.009521  	84.386309 
2355.366828  	85.796209 
2355.724135  	86.294706 
2356.081441  	84.949878 
2356.438748  	84.840296 
2356.796055  	86.318929 
2357.153362  	86.534164 
2357.510669  	85.520534 
2357.867976  	85.493845 
2358.225283  	86.096356 
2358.582589  	85.829163 
2358.939896  	84.229789 
2359.297203  	84.250543 
2359.654510  	85.926681 
2360.011817  	86.277368 
2360.369124  	84.290814 
2360.726431  	83.944057 
2361.083737  	85.524391 
2361.441044  	85.901828 
2361.798351  	84.712596 
2362.155658  	84.763907 
2362.512965  	85.563601 
2362.870272  	85.201608 
2363.227579  	84.102209 
2363.584885  	85.092083 
2363.942192  	86.015186 
2364.299499  	85.180750 
2364.656806  	85.079497 
2365.014113  	85.740936 
2365.371420  	85.455710 
2365.728727  	84.967943 
2366.086033  	85.207392 
2366.443340  	85.475972 
2366.800647  	84.865286 
2367.157954  	84.423405 
2367.515261  	85.399395 
2367.872568  	85.765234 
2368.229875  	85.427052 
2368.587182  	85.818456 
2368.944488  	85.677276 
2369.301795  	84.439605 
2369.659102  	83.905529 
2370.016409  	84.494671 
2370.373716  	84.384114 
2370.731023  	84.075702 
2371.088330  	84.891444 
2371.445636  	84.866189 
2371.802943  	83.714300 
2372.160250  	84.200830 
2372.517557  	85.140872 
2372.874864  	84.647742 
2373.232171  	84.475631 
2373.589478  	85.120751 
2373.946784  	84.969718 
2374.304091  	84.928549 
2374.661398  	85.216456 
2375.018705  	84.772822 
2375.376012  	84.654034 
2375.733319  	84.720418 
2376.090626  	84.217781 
2376.447932  	84.231291 
2376.805239  	84.545662 
2377.162546  	84.402101 
2377.519853  	84.366304 
2377.877160  	84.447015 
2378.234467  	84.441806 
2378.591774  	84.783974 
2378.949080  	84.792032 
2379.306387  	84.230757 
2379.663694  	84.099022 
2380.021001  	84.100039 
2380.378308  	84.190508 
2380.735615  	84.372012 
2381.092922  	84.108901 
2381.450229  	84.053897 
2381.807535  	84.108210 
2382.164842  	83.908911 
2382.522149  	83.813643 
2382.879456  	83.669039 
2383.236763  	83.744090 
2383.594070  	84.130842 
2383.951377  	84.481107 
2384.308683  	84.439158 
2384.665990  	83.909760 
2385.023297  	83.734406 
2385.380604  	84.116191 
2385.737911  	84.427071 
2386.095218  	84.337459 
2386.452525  	83.953706 
2386.809831  	83.643888 
2387.167138  	83.590901 
2387.524445  	83.825648 
2387.881752  	83.977228 
2388.239059  	83.905985 
2388.596366  	83.841010 
2388.953673  	83.875943 
2389.310979  	84.062461 
2389.668286  	83.778327 
2390.025593  	83.312948 
2390.382900  	83.486222 
2390.740207  	83.700669 
2391.097514  	83.662635 
2391.454821  	83.488943 
2391.812127  	83.364845 
2392.169434  	83.501474 
2392.526741  	83.674999 
2392.884048  	83.787075 
2393.241355  	83.535201 
2393.598662  	83.462738 
2393.955969  	83.905860 
2394.313276  	83.883498 
2394.670582  	83.649311 
2395.027889  	83.533000 
2395.385196  	83.210530 
2395.742503  	82.998587 
2396.099810  	82.978099 
2396.457117  	83.144778 
2396.814424  	83.472395 
2397.171730  	83.726415 
2397.529037  	83.801105 
2397.886344  	83.701521 
2398.243651  	83.501282 
2398.600958  	83.410223 
2398.958265  	83.548267 
2399.315572  	83.488597 
2399.672878  	83.222873 
2400.030185  	83.229957 
2400.387492  	83.325166 
2400.744799  	83.291769 
2401.102106  	83.310126 
2401.459413  	83.425657 
2401.816720  	83.450378 
2402.174026  	83.489035 
2402.531333  	83.554879 
2402.888640  	83.407676 
2403.245947  	83.420669 
2403.603254  	83.479945 
2403.960561  	83.204136 
2404.317868  	83.089687 
2404.675174  	83.184370 
2405.032481  	83.006380 
2405.389788  	82.832927 
2405.747095  	83.150856 
2406.104402  	83.197236 
2406.461709  	82.764109 
2406.819016  	82.997191 
2407.176323  	83.541438 
2407.533629  	83.625086 
2407.890936  	83.606181 
2408.248243  	83.588152 
2408.605550  	83.386410 
2408.962857  	83.298617 
2409.320164  	83.462383 
2409.677471  	83.102947 
2410.034777  	82.700452 
2410.392084  	82.969799 
2410.749391  	83.026526 
2411.106698  	83.144934 
2411.464005  	83.445158 
2411.821312  	83.324183 
2412.178619  	83.123026 
2412.535925  	82.951865 
2412.893232  	83.044765 
2413.250539  	83.118910 
2413.607846  	82.859735 
2413.965153  	82.893830 
2414.322460  	83.211678 
2414.679767  	83.422442 
2415.037073  	83.132614 
2415.394380  	82.702432 
2415.751687  	82.465656 
2416.108994  	82.128680 
2416.466301  	82.234204 
2416.823608  	82.530622 
2417.180915  	82.539342 
2417.538221  	82.402506 
2417.895528  	82.166356 
2418.252835  	82.347354 
2418.610142  	82.384599 
2418.967449  	82.346234 
2419.324756  	82.892287 
2419.682063  	82.968809 
2420.039369  	82.865734 
2420.396676  	83.122238 
2420.753983  	83.021510 
2421.111290  	82.882004 
2421.468597  	82.864380 
2421.825904  	82.618379 
2422.183211  	82.448515 
2422.540518  	82.603252 
2422.897824  	82.483436 
2423.255131  	81.990517 
2423.612438  	81.871808 
2423.969745  	81.959867 
2424.327052  	82.225805 
2424.684359  	82.886617 
2425.041666  	83.078241 
2425.398972  	82.590319 
2425.756279  	82.341905 
2426.113586  	82.592936 
2426.470893  	82.737730 
2426.828200  	82.518753 
2427.185507  	82.074443 
2427.542814  	81.831795 
2427.900120  	82.182362 
2428.257427  	82.278807 
2428.614734  	81.929619 
2428.972041  	82.000407 
2429.329348  	82.270878 
2429.686655  	82.537044 
2430.043962  	82.695504 
2430.401268  	82.419918 
2430.758575  	82.285648 
2431.115882  	82.598100 
2431.473189  	82.670758 
2431.830496  	82.089643 
2432.187803  	81.593389 
2432.545110  	81.886273 
2432.902416  	82.332717 
2433.259723  	82.303298 
2433.617030  	82.225061 
2433.974337  	82.487642 
2434.331644  	82.550756 
2434.688951  	82.117390 
2435.046258  	81.950347 
2435.403565  	82.076531 
2435.760871  	81.961118 
2436.118178  	81.922653 
2436.475485  	81.988584 
2436.832792  	81.890436 
2437.190099  	81.825342 
2437.547406  	81.745330 
2437.904713  	81.645498 
2438.262019  	81.780054 
2438.619326  	82.022844 
2438.976633  	82.204010 
2439.333940  	82.165974 
2439.691247  	81.732807 
2440.048554  	81.402859 
2440.405861  	81.480293 
2440.763167  	81.459732 
2441.120474  	81.425503 
2441.477781  	81.628537 
2441.835088  	81.603959 
2442.192395  	81.472127 
2442.549702  	81.623887 
2442.907009  	81.612383 
2443.264315  	81.329685 
2443.621622  	81.227941 
2443.978929  	81.370457 
2444.336236  	81.652240 
2444.693543  	81.744276 
2445.050850  	81.509450 
2445.408157  	81.510246 
2445.765463  	81.657522 
2446.122770  	81.506211 
2446.480077  	81.393802 
2446.837384  	81.203514 
2447.194691  	80.716061 
2447.551998  	80.497228 
2447.909305  	80.674548 
2448.266612  	80.952847 
2448.623918  	81.113016 
2448.981225  	81.222052 
2449.338532  	81.605782 
2449.695839  	81.713543 
2450.053146  	81.338602 
2450.410453  	81.301447 
2450.767760  	81.364802 
2451.125066  	81.123573 
2451.482373  	80.898156 
2451.839680  	80.645388 
2452.196987  	80.561127 
2452.554294  	80.983092 
2452.911601  	81.598472 
2453.268908  	81.629104 
2453.626214  	80.972967 
2453.983521  	80.672205 
2454.340828  	80.792310 
2454.698135  	80.668034 
2455.055442  	80.623099 
2455.412749  	80.838383 
2455.770056  	81.153266 
2456.127362  	81.187415 
2456.484669  	80.852735 
2456.841976  	80.984713 
2457.199283  	81.257941 
2457.556590  	80.916126 
2457.913897  	80.503466 
2458.271204  	80.279225 
2458.628510  	80.142817 
2458.985817  	80.175532 
2459.343124  	80.316485 
2459.700431  	80.465366 
2460.057738  	80.454229 
2460.415045  	80.229720 
2460.772352  	80.057291 
2461.129659  	80.089724 
2461.486965  	79.970123 
2461.844272  	79.782698 
2462.201579  	79.889876 
2462.558886  	79.918785 
2462.916193  	79.900364 
2463.273500  	79.889530 
2463.630807  	79.715750 
2463.988113  	79.902525 
2464.345420  	80.087025 
2464.702727  	79.748840 
2465.060034  	79.662097 
2465.417341  	79.990180 
2465.774648  	80.026440 
2466.131955  	79.690864 
2466.489261  	79.581174 
2466.846568  	79.816999 
2467.203875  	79.958979 
2467.561182  	79.854606 
2467.918489  	79.620089 
2468.275796  	79.478908 
2468.633103  	79.432828 
2468.990409  	79.315079 
2469.347716  	79.188380 
2469.705023  	79.100873 
2470.062330  	78.990609 
2470.419637  	78.838536 
2470.776944  	78.888642 
2471.134251  	79.197828 
2471.491557  	79.162433 
2471.848864  	78.616916 
2472.206171  	78.431860 
2472.563478  	78.749640 
2472.920785  	78.599402 
2473.278092  	78.324190 
2473.635399  	78.587117 
2473.992706  	78.715235 
2474.350012  	78.658251 
2474.707319  	78.515219 
2475.064626  	78.189970 
2475.421933  	78.098357 
2475.779240  	78.121672 
2476.136547  	78.331808 
2476.493854  	78.542237 
2476.851160  	78.214358 
2477.208467  	77.971144 
2477.565774  	78.078919 
2477.923081  	78.038467 
2478.280388  	77.722652 
2478.637695  	77.389993 
2478.995002  	77.384439 
2479.352308  	77.718515 
2479.709615  	78.099654 
2480.066922  	78.037174 
2480.424229  	77.751316 
2480.781536  	77.651419 
2481.138843  	77.399250 
2481.496150  	77.403311 
2481.853456  	77.704313 
2482.210763  	77.602211 
2482.568070  	77.626757 
2482.925377  	77.874816 
2483.282684  	77.733441 
2483.639991  	77.455306 
2483.997298  	77.236422 
2484.354604  	77.027315 
2484.711911  	76.939434 
2485.069218  	76.928783 
2485.426525  	77.072750 
2485.783832  	77.323438 
2486.141139  	77.186135 
2486.498446  	76.777317 
2486.855753  	76.778138 
2487.213059  	77.029319 
2487.570366  	76.981209 
2487.927673  	76.975992 
2488.284980  	77.316795 
2488.642287  	77.217240 
2488.999594  	76.669985 
2489.356901  	76.666969 
2489.714207  	76.902540 
2490.071514  	76.759480 
2490.428821  	76.627164 
2490.786128  	76.457189 
2491.143435  	76.049204 
2491.500742  	75.998607 
2491.858049  	76.334098 
2492.215355  	76.404528 
2492.572662  	76.530253 
2492.929969  	76.720879 
2493.287276  	76.416959 
2493.644583  	76.173379 
2494.001890  	76.222179 
2494.359197  	76.427549 
2494.716503  	76.748745 
2495.073810  	76.665443 
2495.431117  	76.696894 
2495.788424  	76.980105 
2496.145731  	76.820438 
2496.503038  	76.732881 
2496.860345  	76.722549 
2497.217651  	76.506160 
2497.574958  	76.503402 
2497.932265  	76.686120 
2498.289572  	76.959734 
2498.646879  	76.918920 
2499.004186  	76.520906 
2499.361493  	76.516834 
2499.718800  	76.657248 
2500.076106  	76.468853 
2500.433413  	76.284535 
2500.790720  	76.162787 
2501.148027  	76.064460 
2501.505334  	76.212211 
2501.862641  	76.388223 
2502.219948  	76.350942 
2502.577254  	76.348804 
2502.934561  	76.362708 
2503.291868  	76.467114 
2503.649175  	76.707010 
2504.006482  	76.551586 
2504.363789  	76.198673 
2504.721096  	76.280733 
2505.078402  	76.624743 
2505.435709  	76.648671 
2505.793016  	76.324672 
2506.150323  	76.026453 
2506.507630  	75.707635 
2506.864937  	75.601477 
2507.222244  	75.760868 
2507.579550  	75.840011 
2507.936857  	76.018393 
2508.294164  	75.966371 
2508.651471  	75.886843 
2509.008778  	76.299236 
2509.366085  	76.411836 
2509.723392  	76.030278 
2510.080698  	75.539010 
2510.438005  	75.464338 
2510.795312  	75.840238 
2511.152619  	75.881749 
2511.509926  	75.817799 
2511.867233  	75.546597 
2512.224540  	75.284225 
2512.581846  	75.686973 
2512.939153  	75.918064 
2513.296460  	75.916859 
2513.653767  	75.649793 
2514.011074  	75.263036 
2514.368381  	75.602904 
2514.725688  	75.605702 
2515.082995  	74.970325 
2515.440301  	74.543014 
2515.797608  	74.407942 
2516.154915  	74.672036 
2516.512222  	74.938929 
2516.869529  	75.000447 
2517.226836  	74.885215 
2517.584143  	74.742805 
2517.941449  	74.942391 
2518.298756  	75.178564 
2518.656063  	75.075938 
2519.013370  	74.529532 
2519.370677  	74.378277 
2519.727984  	74.736383 
2520.085291  	74.607307 
2520.442597  	74.586963 
2520.799904  	74.737530 
2521.157211  	74.612929 
2521.514518  	74.711326 
2521.871825  	74.970183 
2522.229132  	75.180436 
2522.586439  	75.047990 
2522.943745  	74.855743 
2523.301052  	74.590328 
2523.658359  	74.169154 
2524.015666  	74.700805 
2524.372973  	75.001911 
2524.730280  	74.447634 
2525.087587  	74.661241 
2525.444893  	74.607972 
2525.802200  	74.068004 
2526.159507  	74.383764 
2526.516814  	74.867818 
2526.874121  	75.238910 
2527.231428  	75.448253 
2527.588735  	75.173631 
2527.946042  	75.220994 
2528.303348  	75.332130 
2528.660655  	74.790377 
2529.017962  	74.331238 
2529.375269  	74.417129 
2529.732576  	75.076566 
2530.089883  	75.615417 
2530.447190  	75.090593 
2530.804496  	74.370658 
2531.161803  	74.125803 
2531.519110  	74.234037 
2531.876417  	74.399723 
2532.233724  	74.230428 
2532.591031  	74.518261 
2532.948338  	75.054615 
2533.305644  	75.135888 
2533.662951  	75.078892 
2534.020258  	74.722245 
2534.377565  	74.535430 
2534.734872  	74.445012 
2535.092179  	74.201099 
2535.449486  	74.498967 
2535.806792  	74.681958 
2536.164099  	74.486624 
2536.521406  	74.333709 
2536.878713  	74.290165 
2537.236020  	74.408342 
2537.593327  	74.035738 
2537.950634  	73.692205 
2538.307940  	73.916265 
2538.665247  	73.943257 
2539.022554  	73.872771 
2539.379861  	73.808459 
2539.737168  	73.671967 
2540.094475  	73.758039 
2540.451782  	73.740621 
2540.809089  	73.415787 
2541.166395  	73.292343 
2541.523702  	73.265527 
2541.881009  	73.135452 
2542.238316  	73.542787 
2542.595623  	74.023673 
2542.952930  	74.093972 
2543.310237  	74.257108 
2543.667543  	74.172451 
2544.024850  	74.125598 
2544.382157  	74.145880 
2544.739464  	73.472616 
2545.096771  	72.909501 
2545.454078  	72.737421 
2545.811385  	72.471846 
2546.168691  	72.540515 
2546.525998  	73.036017 
2546.883305  	73.290695 
2547.240612  	73.095334 
2547.597919  	72.982379 
2547.955226  	72.849196 
2548.312533  	72.408661 
2548.669839  	72.138049 
2549.027146  	72.227209 
2549.384453  	72.506853 
2549.741760  	72.614796 
2550.099067  	72.379323 
2550.456374  	72.109055 
2550.813681  	71.936508 
2551.170987  	71.876888 
2551.528294  	71.869640 
2551.885601  	71.598193 
2552.242908  	71.233585 
2552.600215  	71.520545 
2552.957522  	72.066306 
2553.314829  	72.023689 
2553.672136  	71.936209 
2554.029442  	71.863484 
2554.386749  	71.558909 
2554.744056  	71.671514 
2555.101363  	71.834589 
2555.458670  	71.461545 
2555.815977  	71.278775 
2556.173284  	71.479320 
2556.530590  	71.477579 
2556.887897  	71.699308 
2557.245204  	72.143693 
2557.602511  	71.895445 
2557.959818  	71.485754 
2558.317125  	71.260284 
2558.674432  	71.238288 
2559.031738  	71.837964 
2559.389045  	71.706685 
2559.746352  	70.962644 
2560.103659  	71.268042 
2560.460966  	71.763720 
2560.818273  	71.771029 
2561.175580  	71.662542 
2561.532886  	71.294266 
2561.890193  	71.054358 
2562.247500  	71.159941 
2562.604807  	71.215879 
2562.962114  	71.182229 
2563.319421  	71.270360 
2563.676728  	71.339617 
2564.034034  	71.367305 
2564.391341  	71.719961 
2564.748648  	71.960752 
2565.105955  	71.620325 
2565.463262  	71.380457 
2565.820569  	71.389658 
2566.177876  	71.244094 
2566.535183  	71.263330 
2566.892489  	71.444465 
2567.249796  	71.497822 
2567.607103  	71.472178 
2567.964410  	71.105965 
2568.321717  	70.771231 
2568.679024  	70.961651 
2569.036331  	71.165648 
2569.393637  	71.143898 
2569.750944  	70.860740 
2570.108251  	70.748010 
2570.465558  	71.200536 
2570.822865  	71.225793 
2571.180172  	70.861417 
2571.537479  	71.000469 
2571.894785  	71.211111 
2572.252092  	70.959422 
2572.609399  	70.535038 
2572.966706  	70.404462 
2573.324013  	70.359067 
2573.681320  	70.394730 
2574.038627  	70.676755 
2574.395933  	70.650341 
2574.753240  	70.715320 
2575.110547  	70.950548 
2575.467854  	70.730298 
2575.825161  	70.820709 
2576.182468  	71.038483 
2576.539775  	70.896315 
2576.897081  	71.118067 
2577.254388  	71.329288 
2577.611695  	71.157150 
2577.969002  	71.110977 
2578.326309  	71.417574 
2578.683616  	71.738880 
2579.040923  	71.515450 
2579.398230  	71.309713 
2579.755536  	71.620847 
2580.112843  	71.858080 
2580.470150  	71.795814 
2580.827457  	71.547772 
2581.184764  	71.439790 
2581.542071  	71.655472 
2581.899378  	71.844988 
2582.256684  	72.124408 
2582.613991  	72.637921 
2582.971298  	72.920330 
2583.328605  	72.856902 
2583.685912  	72.887646 
2584.043219  	73.104487 
2584.400526  	73.204435 
2584.757832  	73.288303 
2585.115139  	73.541744 
2585.472446  	73.803534 
2585.829753  	73.941094 
2586.187060  	73.989300 
2586.544367  	74.118172 
2586.901674  	74.235393 
2587.258980  	74.222060 
2587.616287  	74.364991 
2587.973594  	74.528758 
2588.330901  	74.455803 
2588.688208  	74.497723 
2589.045515  	74.789560 
2589.402822  	75.091886 
2589.760128  	75.241117 
2590.117435  	75.218968 
2590.474742  	75.204735 
2590.832049  	75.275666 
2591.189356  	75.303774 
2591.546663  	75.220654 
2591.903970  	75.288504 
2592.261276  	75.657023 
2592.618583  	75.879230 
2592.975890  	75.814213 
2593.333197  	75.731316 
2593.690504  	75.654552 
2594.047811  	75.484482 
2594.405118  	75.236262 
2594.762425  	75.226577 
2595.119731  	75.302718 
2595.477038  	75.289755 
2595.834345  	75.627535 
2596.191652  	75.886825 
2596.548959  	75.785803 
2596.906266  	75.673381 
2597.263573  	75.444232 
2597.620879  	75.547093 
2597.978186  	75.923457 
2598.335493  	75.998288 
2598.692800  	76.027300 
2599.050107  	75.893398 
2599.407414  	75.613142 
2599.764721  	75.508704 
2600.122027  	75.509365 
2600.479334  	75.590452 
2600.836641  	75.537872 
2601.193948  	75.511326 
2601.551255  	75.687285 
2601.908562  	75.631558 
2602.265869  	75.382843 
2602.623175  	75.262207 
2602.980482  	75.345431 
2603.337789  	75.442178 
2603.695096  	75.314724 
2604.052403  	75.143784 
2604.409710  	75.152684 
2604.767017  	75.282071 
2605.124323  	75.328814 
2605.481630  	75.305682 
2605.838937  	75.226743 
2606.196244  	75.000362 
2606.553551  	74.946271 
2606.910858  	74.984016 
2607.268165  	74.781596 
2607.625472  	74.850143 
2607.982778  	75.290568 
2608.340085  	75.253543 
2608.697392  	74.718121 
2609.054699  	74.609024 
2609.412006  	74.892092 
2609.769313  	74.889783 
2610.126620  	74.796484 
2610.483926  	74.792631 
2610.841233  	74.679054 
2611.198540  	74.620948 
2611.555847  	74.714011 
2611.913154  	74.820811 
2612.270461  	74.734294 
2612.627768  	74.494779 
2612.985074  	74.522389 
2613.342381  	74.645762 
2613.699688  	74.499299 
2614.056995  	74.390157 
2614.414302  	74.336373 
2614.771609  	74.225830 
2615.128916  	74.269898 
2615.486222  	74.270385 
2615.843529  	74.172094 
2616.200836  	74.184645 
2616.558143  	74.206073 
2616.915450  	74.335830 
2617.272757  	74.565780 
2617.630064  	74.609508 
2617.987370  	74.588314 
2618.344677  	74.620683 
2618.701984  	74.710749 
2619.059291  	74.893290 
2619.416598  	74.825972 
2619.773905  	74.582516 
2620.131212  	74.510623 
2620.488519  	74.306454 
2620.845825  	74.265772 
2621.203132  	74.713232 
2621.560439  	74.854101 
2621.917746  	74.635911 
2622.275053  	74.593398 
2622.632360  	74.738407 
2622.989667  	74.934014 
2623.346973  	74.971510 
2623.704280  	75.014113 
2624.061587  	75.070958 
2624.418894  	74.963031 
2624.776201  	74.945689 
2625.133508  	74.914595 
2625.490815  	74.741014 
2625.848121  	74.654478 
2626.205428  	74.790537 
2626.562735  	74.990270 
2626.920042  	75.012188 
2627.277349  	75.107976 
2627.634656  	75.182126 
2627.991963  	75.097300 
2628.349269  	75.217112 
2628.706576  	75.249459 
2629.063883  	75.088139 
2629.421190  	75.031710 
2629.778497  	75.099004 
2630.135804  	75.314978 
2630.493111  	75.353103 
2630.850417  	75.220990 
2631.207724  	75.174925 
2631.565031  	75.095970 
2631.922338  	75.154510 
2632.279645  	75.318562 
2632.636952  	75.404795 
2632.994259  	75.437835 
2633.351566  	75.381862 
2633.708872  	75.475364 
2634.066179  	75.506022 
2634.423486  	75.128848 
2634.780793  	74.978915 
2635.138100  	75.154881 
2635.495407  	75.075009 
2635.852714  	74.896446 
2636.210020  	74.833964 
2636.567327  	74.976115 
2636.924634  	75.307613 
2637.281941  	75.343120 
2637.639248  	75.223084 
2637.996555  	75.333690 
2638.353862  	75.442237 
2638.711168  	75.370369 
2639.068475  	75.132693 
2639.425782  	75.045219 
2639.783089  	75.156950 
2640.140396  	75.077254 
2640.497703  	74.936269 
2640.855010  	74.952215 
2641.212316  	75.115704 
2641.569623  	75.165477 
2641.926930  	74.911745 
2642.284237  	74.846395 
2642.641544  	74.978561 
2642.998851  	74.900263 
2643.356158  	74.693687 
2643.713464  	74.466558 
2644.070771  	74.415817 
2644.428078  	74.589736 
2644.785385  	74.657360 
2645.142692  	74.492234 
2645.499999  	74.336754 
2645.857306  	74.403571 
2646.214613  	74.483695 
2646.571919  	74.435196 
2646.929226  	74.395311 
2647.286533  	74.343334 
2647.643840  	74.241938 
2648.001147  	74.171934 
2648.358454  	74.220678 
2648.715761  	74.326114 
2649.073067  	74.318275 
2649.430374  	74.151235 
2649.787681  	73.929631 
2650.144988  	73.890366 
2650.502295  	74.104648 
2650.859602  	74.312183 
2651.216909  	74.343817 
2651.574215  	74.302263 
2651.931522  	74.236332 
2652.288829  	74.168251 
2652.646136  	74.196364 
2653.003443  	74.106805 
2653.360750  	73.888118 
2653.718057  	73.884575 
2654.075363  	73.867707 
2654.432670  	73.740089 
2654.789977  	73.802271 
2655.147284  	73.881676 
2655.504591  	73.855847 
2655.861898  	73.791159 
2656.219205  	73.760307 
2656.576511  	73.898627 
2656.933818  	73.951559 
2657.291125  	73.925599 
2657.648432  	74.079198 
2658.005739  	73.978223 
2658.363046  	73.636413 
2658.720353  	73.660681 
2659.077660  	73.784620 
2659.434966  	73.748566 
2659.792273  	73.834684 
2660.149580  	73.839545 
2660.506887  	73.686225 
2660.864194  	73.741444 
2661.221501  	73.894079 
2661.578808  	73.831249 
2661.936114  	73.651311 
2662.293421  	73.578180 
2662.650728  	73.609719 
2663.008035  	73.736816 
2663.365342  	73.886004 
2663.722649  	73.694119 
2664.079956  	73.363024 
2664.437262  	73.445191 
2664.794569  	73.583770 
2665.151876  	73.402447 
2665.509183  	73.248367 
2665.866490  	73.256877 
2666.223797  	73.245390 
2666.581104  	73.178644 
2666.938410  	73.265428 
2667.295717  	73.447113 
2667.653024  	73.373782 
2668.010331  	73.258934 
2668.367638  	73.298365 
2668.724945  	73.277156 
2669.082252  	73.320578 
2669.439558  	73.454022 
2669.796865  	73.481103 
2670.154172  	73.365484 
2670.511479  	73.169154 
2670.868786  	73.120940 
2671.226093  	73.118987 
2671.583400  	72.903032 
2671.940706  	72.730713 
2672.298013  	72.848783 
2672.655320  	73.054775 
2673.012627  	73.106720 
2673.369934  	73.092259 
2673.727241  	73.002692 
2674.084548  	72.866378 
2674.441855  	73.022296 
2674.799161  	73.171289 
2675.156468  	73.006150 
2675.513775  	72.927399 
2675.871082  	73.001115 
2676.228389  	73.081247 
2676.585696  	73.086675 
2676.943003  	73.022203 
2677.300309  	73.022070 
2677.657616  	73.038460 
2678.014923  	73.125520 
2678.372230  	73.178584 
2678.729537  	73.144473 
2679.086844  	73.179143 
2679.444151  	73.044419 
2679.801457  	73.011201 
2680.158764  	73.298738 
2680.516071  	73.323094 
2680.873378  	73.120150 
2681.230685  	73.072641 
2681.587992  	73.288486 
2681.945299  	73.511645 
2682.302605  	73.411534 
2682.659912  	73.442553 
2683.017219  	73.681337 
2683.374526  	73.722946 
2683.731833  	73.773430 
2684.089140  	73.893706 
2684.446447  	73.937754 
2684.803753  	73.916097 
2685.161060  	73.938068 
2685.518367  	74.127089 
2685.875674  	74.243390 
2686.232981  	74.237462 
2686.590288  	74.340606 
2686.947595  	74.407309 
2687.304902  	74.385131 
2687.662208  	74.548224 
2688.019515  	74.855272 
2688.376822  	75.023226 
2688.734129  	75.116477 
2689.091436  	75.291424 
2689.448743  	75.380826 
2689.806050  	75.304373 
2690.163356  	75.273749 
2690.520663  	75.402653 
2690.877970  	75.577413 
2691.235277  	75.661782 
2691.592584  	75.747314 
2691.949891  	75.938803 
2692.307198  	75.952612 
2692.664504  	75.859980 
2693.021811  	76.019969 
2693.379118  	76.122515 
2693.736425  	76.155111 
2694.093732  	76.291148 
2694.451039  	76.306678 
2694.808346  	76.451468 
2695.165652  	76.583097 
2695.522959  	76.517651 
2695.880266  	76.657856 
2696.237573  	76.704743 
2696.594880  	76.677793 
2696.952187  	76.890670 
2697.309494  	76.951904 
2697.666800  	76.854879 
2698.024107  	76.820882 
2698.381414  	76.936064 
2698.738721  	77.134187 
2699.096028  	77.161484 
2699.453335  	77.125473 
2699.810642  	77.109416 
2700.167949  	77.080336 
2700.525255  	77.093729 
2700.882562  	77.175740 
2701.239869  	77.343256 
2701.597176  	77.424433 
2701.954483  	77.409829 
2702.311790  	77.419740 
2702.669097  	77.434604 
2703.026403  	77.500185 
2703.383710  	77.520377 
2703.741017  	77.465213 
2704.098324  	77.487762 
2704.455631  	77.503279 
2704.812938  	77.463730 
2705.170245  	77.524640 
2705.527551  	77.594428 
2705.884858  	77.543144 
2706.242165  	77.564645 
2706.599472  	77.629992 
2706.956779  	77.599290 
2707.314086  	77.699141 
2707.671393  	77.879509 
2708.028699  	77.837606 
2708.386006  	77.724097 
2708.743313  	77.751368 
2709.100620  	77.804722 
2709.457927  	77.776569 
2709.815234  	77.678389 
2710.172541  	77.756833 
2710.529847  	78.046776 
2710.887154  	78.097035 
2711.244461  	78.066968 
2711.601768  	78.089483 
2711.959075  	77.867064 
2712.316382  	77.870050 
2712.673689  	78.070869 
2713.030996  	78.050653 
2713.388302  	78.146848 
2713.745609  	78.252648 
2714.102916  	78.199028 
2714.460223  	78.168656 
2714.817530  	78.187875 
2715.174837  	78.288975 
2715.532144  	78.328422 
2715.889450  	78.285584 
2716.246757  	78.270329 
2716.604064  	78.246450 
2716.961371  	78.081993 
2717.318678  	77.921448 
2717.675985  	78.169599 
2718.033292  	78.437163 
2718.390598  	78.418714 
2718.747905  	78.394734 
2719.105212  	78.202332 
2719.462519  	77.990033 
2719.819826  	78.035172 
2720.177133  	78.188199 
2720.534440  	78.224156 
2720.891746  	77.992326 
2721.249053  	77.853943 
2721.606360  	77.884909 
2721.963667  	77.881932 
2722.320974  	78.035543 
2722.678281  	78.144563 
2723.035588  	78.167898 
2723.392894  	78.330756 
2723.750201  	78.263999 
2724.107508  	78.022773 
2724.464815  	78.053263 
2724.822122  	78.168426 
2725.179429  	78.267182 
2725.536736  	78.376939 
2725.894043  	78.274189 
2726.251349  	78.155434 
2726.608656  	78.202825 
2726.965963  	78.219282 
2727.323270  	78.110711 
2727.680577  	77.986128 
2728.037884  	78.065759 
2728.395191  	78.206906 
2728.752497  	78.259398 
2729.109804  	78.250736 
2729.467111  	78.138169 
2729.824418  	78.187124 
2730.181725  	78.231811 
2730.539032  	78.123649 
2730.896339  	78.192809 
2731.253645  	78.192545 
2731.610952  	78.135359 
2731.968259  	78.182651 
2732.325566  	78.144313 
2732.682873  	78.197193 
2733.040180  	78.306992 
2733.397487  	78.291825 
2733.754793  	78.235401 
2734.112100  	78.295950 
2734.469407  	78.454383 
2734.826714  	78.427857 
2735.184021  	78.263189 
2735.541328  	78.194360 
2735.898635  	78.325147 
2736.255941  	78.493093 
2736.613248  	78.523341 
2736.970555  	78.629083 
2737.327862  	78.678386 
2737.685169  	78.569325 
2738.042476  	78.573408 
2738.399783  	78.703123 
2738.757090  	78.874900 
2739.114396  	78.918843 
2739.471703  	78.855955 
2739.829010  	78.857486 
2740.186317  	78.889755 
2740.543624  	78.850164 
2740.900931  	78.804514 
2741.258238  	79.047104 
2741.615544  	79.183320 
2741.972851  	78.962026 
2742.330158  	78.938635 
2742.687465  	79.004824 
2743.044772  	79.130931 
2743.402079  	79.365622 
2743.759386  	79.314731 
2744.116692  	79.260200 
2744.473999  	79.351877 
2744.831306  	79.367129 
2745.188613  	79.365609 
2745.545920  	79.382803 
2745.903227  	79.426495 
2746.260534  	79.410349 
2746.617840  	79.357550 
2746.975147  	79.317397 
2747.332454  	79.265097 
2747.689761  	79.287200 
2748.047068  	79.329596 
2748.404375  	79.360425 
2748.761682  	79.289531 
2749.118988  	79.135708 
2749.476295  	79.204490 
2749.833602  	79.319734 
2750.190909  	79.227526 
2750.548216  	79.153465 
2750.905523  	79.184030 
2751.262830  	79.171788 
2751.620136  	79.202199 
2751.977443  	79.344183 
2752.334750  	79.265332 
2752.692057  	79.063747 
2753.049364  	79.127555 
2753.406671  	79.213449 
2753.763978  	79.201305 
2754.121285  	79.261390 
2754.478591  	79.355400 
2754.835898  	79.321985 
2755.193205  	79.038798 
2755.550512  	78.922397 
2755.907819  	79.084843 
2756.265126  	78.993774 
2756.622433  	78.777534 
2756.979739  	78.679316 
2757.337046  	78.638641 
2757.694353  	78.672594 
2758.051660  	78.627509 
2758.408967  	78.588372 
2758.766274  	78.580379 
2759.123581  	78.578197 
2759.480887  	78.721612 
2759.838194  	78.682157 
2760.195501  	78.540253 
2760.552808  	78.598362 
2760.910115  	78.586686 
2761.267422  	78.481035 
2761.624729  	78.337476 
2761.982035  	78.287784 
2762.339342  	78.461656 
2762.696649  	78.549044 
2763.053956  	78.421364 
2763.411263  	78.207674 
2763.768570  	78.124921 
2764.125877  	78.192792 
2764.483183  	78.185879 
2764.840490  	78.101642 
2765.197797  	77.982678 
2765.555104  	77.889895 
2765.912411  	77.834465 
2766.269718  	77.840946 
2766.627025  	77.875007 
2766.984332  	77.808215 
2767.341638  	77.896520 
2767.698945  	77.959523 
2768.056252  	77.769356 
2768.413559  	77.725894 
2768.770866  	77.713717 
2769.128173  	77.694164 
2769.485480  	77.794988 
2769.842786  	77.662357 
2770.200093  	77.325470 
2770.557400  	77.139204 
2770.914707  	77.235956 
2771.272014  	77.385792 
2771.629321  	77.387378 
2771.986628  	77.360463 
2772.343934  	77.298065 
2772.701241  	77.100002 
2773.058548  	76.847251 
2773.415855  	76.804522 
2773.773162  	76.820459 
2774.130469  	76.648689 
2774.487776  	76.662053 
2774.845082  	76.838419 
2775.202389  	76.887641 
2775.559696  	76.837772 
2775.917003  	76.658969 
2776.274310  	76.489336 
2776.631617  	76.484739 
2776.988924  	76.658241 
2777.346230  	76.717287 
2777.703537  	76.452013 
2778.060844  	76.282509 
2778.418151  	76.192039 
2778.775458  	76.021013 
2779.132765  	76.085811 
2779.490072  	76.209142 
2779.847379  	76.129227 
2780.204685  	75.990700 
2780.561992  	75.869795 
2780.919299  	75.820733 
2781.276606  	75.736920 
2781.633913  	75.556256 
2781.991220  	75.612514 
2782.348527  	75.765631 
2782.705833  	75.630661 
2783.063140  	75.473695 
2783.420447  	75.399830 
2783.777754  	75.421871 
2784.135061  	75.581062 
2784.492368  	75.444214 
2784.849675  	75.178370 
2785.206981  	75.253536 
2785.564288  	75.378857 
2785.921595  	75.272314 
2786.278902  	75.147368 
2786.636209  	75.165286 
2786.993516  	75.181719 
2787.350823  	75.153962 
2787.708129  	75.018448 
2788.065436  	74.856559 
2788.422743  	74.920308 
2788.780050  	74.887987 
2789.137357  	74.762964 
2789.494664  	74.786917 
2789.851971  	74.731531 
2790.209277  	74.707199 
2790.566584  	74.712603 
2790.923891  	74.644845 
2791.281198  	74.559639 
2791.638505  	74.443902 
2791.995812  	74.453777 
2792.353119  	74.377833 
2792.710426  	74.231726 
2793.067732  	74.237143 
2793.425039  	74.109375 
2793.782346  	74.039435 
2794.139653  	74.094790 
2794.496960  	73.940976 
2794.854267  	73.852987 
2795.211574  	73.992129 
2795.568880  	74.054920 
2795.926187  	73.959286 
2796.283494  	73.860744 
2796.640801  	73.826519 
2796.998108  	73.888022 
2797.355415  	73.927972 
2797.712722  	73.768691 
2798.070028  	73.544816 
2798.427335  	73.410355 
2798.784642  	73.447193 
2799.141949  	73.502586 
2799.499256  	73.416637 
2799.856563  	73.423270 
2800.213870  	73.386173 
2800.571176  	73.174448 
2800.928483  	73.067407 
2801.285790  	73.087195 
2801.643097  	73.178889 
2802.000404  	73.332171 
2802.357711  	73.391263 
2802.715018  	73.254031 
2803.072324  	73.137572 
2803.429631  	72.961239 
2803.786938  	72.708644 
2804.144245  	72.949820 
2804.501552  	73.181699 
2804.858859  	72.949857 
2805.216166  	72.818622 
2805.573473  	72.715333 
2805.930779  	72.696266 
2806.288086  	72.672338 
2806.645393  	72.486277 
2807.002700  	72.601726 
2807.360007  	72.654870 
2807.717314  	72.444273 
2808.074621  	72.301464 
2808.431927  	72.269760 
2808.789234  	72.375650 
2809.146541  	72.389851 
2809.503848  	72.434307 
2809.861155  	72.454772 
2810.218462  	72.341417 
2810.575769  	72.442712 
2810.933075  	72.417328 
2811.290382  	72.300785 
2811.647689  	72.333693 
2812.004996  	72.308127 
2812.362303  	72.370380 
2812.719610  	72.275111 
2813.076917  	72.090853 
2813.434223  	72.136685 
2813.791530  	72.134697 
2814.148837  	72.060371 
2814.506144  	71.899508 
2814.863451  	71.837485 
2815.220758  	71.959518 
2815.578065  	71.958577 
2815.935371  	72.051043 
2816.292678  	72.150924 
2816.649985  	72.047074 
2817.007292  	72.022693 
2817.364599  	72.007930 
2817.721906  	71.897040 
2818.079213  	71.893840 
2818.436520  	72.014270 
2818.793826  	71.935153 
2819.151133  	71.727445 
2819.508440  	71.755944 
2819.865747  	71.770889 
2820.223054  	71.703252 
2820.580361  	71.719300 
2820.937668  	71.660352 
2821.294974  	71.644130 
2821.652281  	71.676261 
2822.009588  	71.573686 
2822.366895  	71.423585 
2822.724202  	71.347182 
2823.081509  	71.450957 
2823.438816  	71.668194 
2823.796122  	71.829739 
2824.153429  	71.767172 
2824.510736  	71.493973 
2824.868043  	71.390159 
2825.225350  	71.405725 
2825.582657  	71.305604 
2825.939964  	71.292245 
2826.297270  	71.405723 
2826.654577  	71.536516 
2827.011884  	71.533267 
2827.369191  	71.367255 
2827.726498  	71.294525 
2828.083805  	71.270948 
2828.441112  	71.249161 
2828.798418  	71.302638 
2829.155725  	71.302775 
2829.513032  	71.326699 
2829.870339  	71.394204 
2830.227646  	71.438911 
2830.584953  	71.563963 
2830.942260  	71.551213 
2831.299567  	71.346033 
2831.656873  	71.316738 
2832.014180  	71.418378 
2832.371487  	71.481818 
2832.728794  	71.578518 
2833.086101  	71.590654 
2833.443408  	71.511845 
2833.800715  	71.536335 
2834.158021  	71.623858 
2834.515328  	71.754767 
2834.872635  	71.851344 
2835.229942  	71.640372 
2835.587249  	71.321041 
2835.944556  	71.383336 
2836.301863  	71.721741 
2836.659169  	71.879130 
2837.016476  	71.872762 
2837.373783  	71.995653 
2837.731090  	72.177686 
2838.088397  	72.174877 
2838.445704  	72.005745 
2838.803011  	71.852146 
2839.160317  	71.828988 
2839.517624  	72.008546 
2839.874931  	72.271428 
2840.232238  	72.332889 
2840.589545  	72.222815 
2840.946852  	72.156682 
2841.304159  	72.185593 
2841.661465  	72.283296 
2842.018772  	72.439972 
2842.376079  	72.554157 
2842.733386  	72.506998 
2843.090693  	72.481640 
2843.448000  	72.454396 
2843.805307  	72.321654 
2844.162613  	72.433063 
2844.519920  	72.688797 
2844.877227  	72.759876 
2845.234534  	72.710378 
2845.591841  	72.679684 
2845.949148  	72.729146 
2846.306455  	72.586936 
2846.663762  	72.457955 
2847.021068  	72.549203 
2847.378375  	72.389217 
2847.735682  	72.298274 
2848.092989  	72.464874 
2848.450296  	72.546102 
2848.807603  	72.762219 
2849.164910  	72.865753 
2849.522216  	72.618662 
2849.879523  	72.385447 
2850.236830  	72.382739 
2850.594137  	72.621081 
2850.951444  	72.714393 
2851.308751  	72.500627 
2851.666058  	72.333347 
2852.023364  	72.304518 
2852.380671  	72.301996 
2852.737978  	72.275547 
2853.095285  	72.230526 
2853.452592  	72.220805 
2853.809899  	72.248401 
2854.167206  	72.196980 
2854.524512  	72.087881 
2854.881819  	71.988949 
2855.239126  	71.814315 
2855.596433  	71.741069 
2855.953740  	71.818666 
2856.311047  	71.730062 
2856.668354  	71.486214 
2857.025660  	71.465883 
2857.382967  	71.804200 
2857.740274  	71.918254 
2858.097581  	71.592615 
2858.454888  	71.410706 
2858.812195  	71.424860 
2859.169502  	71.490372 
2859.526809  	71.550242 
2859.884115  	71.340842 
2860.241422  	71.153440 
2860.598729  	71.246574 
2860.956036  	71.263711 
2861.313343  	71.237486 
2861.670650  	71.360887 
2862.027957  	71.348388 
2862.385263  	71.188921 
2862.742570  	71.176542 
2863.099877  	71.342730 
2863.457184  	71.505263 
2863.814491  	71.406472 
2864.171798  	71.265505 
2864.529105  	71.301790 
2864.886411  	71.205105 
2865.243718  	71.146912 
2865.601025  	71.337694 
2865.958332  	71.452301 
2866.315639  	71.338400 
2866.672946  	71.116986 
2867.030253  	71.073131 
2867.387559  	71.242800 
2867.744866  	71.350498 
2868.102173  	71.316445 
2868.459480  	71.307538 
2868.816787  	71.494077 
2869.174094  	71.618004 
2869.531401  	71.459475 
2869.888707  	71.365979 
2870.246014  	71.510422 
2870.603321  	71.635220 
2870.960628  	71.600447 
2871.317935  	71.484826 
2871.675242  	71.338655 
2872.032549  	71.289686 
2872.389856  	71.429834 
2872.747162  	71.557458 
2873.104469  	71.518418 
2873.461776  	71.426688 
2873.819083  	71.491528 
2874.176390  	71.575022 
2874.533697  	71.501296 
2874.891004  	71.577030 
2875.248310  	71.788098 
2875.605617  	71.835588 
2875.962924  	71.774329 
2876.320231  	71.775769 
2876.677538  	71.903188 
2877.034845  	71.964068 
2877.392152  	71.897106 
2877.749458  	71.842580 
2878.106765  	71.856981 
2878.464072  	71.985359 
2878.821379  	71.984764 
2879.178686  	71.808731 
2879.535993  	71.679757 
2879.893300  	71.461944 
2880.250606  	71.404822 
2880.607913  	71.775340 
2880.965220  	71.946360 
2881.322527  	71.754050 
2881.679834  	71.755225 
2882.037141  	71.926112 
2882.394448  	72.135223 
2882.751754  	72.321192 
2883.109061  	72.159901 
2883.466368  	72.034640 
2883.823675  	72.299855 
2884.180982  	72.372659 
2884.538289  	72.177895 
2884.895596  	72.138547 
2885.252903  	72.172389 
2885.610209  	72.214748 
2885.967516  	72.400769 
2886.324823  	72.578155 
2886.682130  	72.564722 
2887.039437  	72.523676 
2887.396744  	72.608040 
2887.754051  	72.624791 
2888.111357  	72.462428 
2888.468664  	72.458569 
2888.825971  	72.532014 
2889.183278  	72.401947 
2889.540585  	72.537763 
2889.897892  	72.787650 
2890.255199  	72.689303 
2890.612505  	72.597314 
2890.969812  	72.563761 
2891.327119  	72.695794 
2891.684426  	72.834461 
2892.041733  	72.604229 
2892.399040  	72.679491 
2892.756347  	73.011726 
2893.113653  	73.131745 
2893.470960  	73.295271 
2893.828267  	73.282211 
2894.185574  	73.234025 
2894.542881  	73.385429 
2894.900188  	73.285683 
2895.257495  	72.974808 
2895.614801  	72.917520 
2895.972108  	73.273328 
2896.329415  	73.494329 
2896.686722  	73.370444 
2897.044029  	73.529113 
2897.401336  	73.754760 
2897.758643  	73.590363 
2898.115950  	73.444859 
2898.473256  	73.520835 
2898.830563  	73.557132 
2899.187870  	73.508842 
2899.545177  	73.464343 
2899.902484  	73.366565 
2900.259791  	73.417997 
2900.617098  	73.701827 
2900.974404  	73.807972 
2901.331711  	73.735463 
2901.689018  	73.773557 
2902.046325  	73.905289 
2902.403632  	73.935826 
2902.760939  	73.864852 
2903.118246  	73.867056 
2903.475552  	73.783860 
2903.832859  	73.696408 
2904.190166  	73.870487 
2904.547473  	73.991963 
2904.904780  	73.880589 
2905.262087  	73.822406 
2905.619394  	73.941763 
2905.976700  	73.864287 
2906.334007  	73.606301 
2906.691314  	73.652578 
2907.048621  	73.666581 
2907.405928  	73.623339 
2907.763235  	73.802149 
2908.120542  	73.780049 
2908.477848  	73.780191 
2908.835155  	73.901927 
2909.192462  	73.816302 
2909.549769  	73.667364 
2909.907076  	73.485064 
2910.264383  	73.482145 
2910.621690  	73.494552 
2910.978997  	73.357428 
2911.336303  	73.423600 
2911.693610  	73.330552 
2912.050917  	73.259746 
2912.408224  	73.550447 
2912.765531  	73.655177 
2913.122838  	73.629460 
2913.480145  	73.527827 
2913.837451  	73.300190 
2914.194758  	73.274592 
2914.552065  	73.336138 
2914.909372  	73.144511 
2915.266679  	72.827161 
2915.623986  	72.799535 
2915.981293  	72.872107 
2916.338599  	72.966714 
2916.695906  	73.218554 
2917.053213  	73.105702 
2917.410520  	72.819000 
2917.767827  	72.778468 
2918.125134  	72.754066 
2918.482441  	72.651461 
2918.839747  	72.508957 
2919.197054  	72.567052 
2919.554361  	72.571167 
2919.911668  	72.435272 
2920.268975  	72.470510 
2920.626282  	72.314884 
2920.983589  	72.286376 
2921.340895  	72.375463 
2921.698202  	72.096066 
2922.055509  	72.151014 
2922.412816  	72.328492 
2922.770123  	72.102013 
2923.127430  	71.989867 
2923.484737  	72.021103 
2923.842043  	72.038066 
2924.199350  	72.090586 
2924.556657  	72.175976 
2924.913964  	72.160319 
2925.271271  	72.059402 
2925.628578  	72.192151 
2925.985885  	72.294571 
2926.343192  	72.106880 
2926.700498  	71.939231 
2927.057805  	71.915415 
2927.415112  	72.071514 
2927.772419  	72.335379 
2928.129726  	72.496279 
2928.487033  	72.709150 
2928.844340  	73.047948 
2929.201646  	73.137800 
2929.558953  	73.064576 
2929.916260  	73.115792 
2930.273567  	73.156944 
2930.630874  	73.320572 
2930.988181  	73.515639 
2931.345488  	73.455683 
2931.702794  	73.487723 
2932.060101  	73.750242 
2932.417408  	74.065469 
2932.774715  	74.240706 
2933.132022  	74.195275 
2933.489329  	74.303108 
2933.846636  	74.507170 
2934.203942  	74.472799 
2934.561249  	74.441238 
2934.918556  	74.563309 
2935.275863  	74.635802 
2935.633170  	74.603644 
2935.990477  	74.602080 
2936.347784  	74.626352 
2936.705090  	74.502676 
2937.062397  	74.428400 
2937.419704  	74.767345 
2937.777011  	74.917014 
2938.134318  	74.478770 
2938.491625  	74.470562 
2938.848932  	74.838983 
2939.206239  	74.767865 
2939.563545  	74.739558 
2939.920852  	74.849756 
2940.278159  	74.863717 
2940.635466  	74.904359 
2940.992773  	74.794095 
2941.350080  	74.734831 
2941.707387  	74.736231 
2942.064693  	74.621601 
2942.422000  	74.633971 
2942.779307  	74.687120 
2943.136614  	74.718177 
2943.493921  	74.638043 
2943.851228  	74.499864 
2944.208535  	74.631327 
2944.565841  	74.690694 
2944.923148  	74.616407 
2945.280455  	74.582976 
2945.637762  	74.397469 
2945.995069  	74.360606 
2946.352376  	74.535683 
2946.709683  	74.596316 
2947.066989  	74.445833 
2947.424296  	74.318236 
2947.781603  	74.602255 
2948.138910  	74.762215 
2948.496217  	74.493400 
2948.853524  	74.420764 
2949.210831  	74.518929 
2949.568137  	74.549883 
2949.925444  	74.477560 
2950.282751  	74.438997 
2950.640058  	74.434053 
2950.997365  	74.131606 
2951.354672  	74.043732 
2951.711979  	74.233619 
2952.069286  	74.120029 
2952.426592  	74.015466 
2952.783899  	73.910519 
2953.141206  	73.853838 
2953.498513  	74.024498 
2953.855820  	74.033507 
2954.213127  	74.175399 
2954.570434  	74.330129 
2954.927740  	74.082440 
2955.285047  	73.989588 
2955.642354  	74.129154 
2955.999661  	74.154523 
2956.356968  	73.968565 
2956.714275  	73.851475 
2957.071582  	74.046348 
2957.428888  	74.000872 
2957.786195  	73.869296 
2958.143502  	74.096275 
2958.500809  	74.065221 
2958.858116  	73.777933 
2959.215423  	73.757831 
2959.572730  	73.826459 
2959.930036  	73.809101 
2960.287343  	73.881927 
2960.644650  	74.080957 
2961.001957  	74.199906 
2961.359264  	74.083379 
2961.716571  	73.837522 
2962.073878  	73.922882 
2962.431184  	74.254870 
2962.788491  	74.131541 
2963.145798  	73.961429 
2963.503105  	74.191784 
2963.860412  	74.135979 
2964.217719  	73.915837 
2964.575026  	74.019048 
2964.932333  	74.155802 
2965.289639  	74.237329 
2965.646946  	74.270081 
2966.004253  	74.270010 
2966.361560  	74.317046 
2966.718867  	74.215703 
2967.076174  	74.184782 
2967.433481  	74.411497 
2967.790787  	74.518920 
2968.148094  	74.454625 
2968.505401  	74.372488 
2968.862708  	74.344772 
2969.220015  	74.344564 
2969.577322  	74.349714 
2969.934629  	74.522794 
2970.291935  	74.550329 
2970.649242  	74.326992 
2971.006549  	74.284053 
2971.363856  	74.186070 
2971.721163  	73.972321 
2972.078470  	74.094788 
2972.435777  	74.434401 
2972.793083  	74.605340 
2973.150390  	74.594116 
2973.507697  	74.517084 
2973.865004  	74.299406 
2974.222311  	74.223791 
2974.579618  	74.275403 
2974.936925  	73.946002 
2975.294231  	73.853763 
2975.651538  	74.276098 
2976.008845  	74.451139 
2976.366152  	74.441429 
2976.723459  	74.336686 
2977.080766  	74.201361 
2977.438073  	74.386696 
2977.795380  	74.522125 
2978.152686  	74.472902 
2978.509993  	74.466118 
2978.867300  	74.438948 
2979.224607  	74.529274 
2979.581914  	74.538051 
2979.939221  	74.274414 
2980.296528  	74.265152 
2980.653834  	74.456582 
2981.011141  	74.423800 
2981.368448  	74.313325 
2981.725755  	74.217337 
2982.083062  	74.308443 
2982.440369  	74.476798 
2982.797676  	74.384434 
2983.154982  	74.372932 
2983.512289  	74.376373 
2983.869596  	74.362600 
2984.226903  	74.555186 
2984.584210  	74.457737 
2984.941517  	74.268799 
2985.298824  	74.220598 
2985.656130  	74.111440 
2986.013437  	74.437345 
2986.370744  	74.724801 
2986.728051  	74.334464 
2987.085358  	74.072955 
2987.442665  	74.314983 
2987.799972  	74.504359 
2988.157278  	74.362921 
2988.514585  	74.219384 
2988.871892  	74.231272 
2989.229199  	74.238542 
2989.586506  	74.268266 
2989.943813  	74.290584 
2990.301120  	74.290788 
2990.658427  	74.420036 
2991.015733  	74.604770 
2991.373040  	74.507418 
2991.730347  	74.250481 
2992.087654  	74.232534 
2992.444961  	74.292752 
2992.802268  	74.365757 
2993.159575  	74.468982 
2993.516881  	74.458167 
2993.874188  	74.439698 
2994.231495  	74.349887 
2994.588802  	74.313735 
2994.946109  	74.397875 
2995.303416  	74.333510 
2995.660723  	74.346852 
2996.018029  	74.417335 
2996.375336  	74.284175 
2996.732643  	74.335976 
2997.089950  	74.707897 
2997.447257  	74.722980 
2997.804564  	74.404221 
2998.161871  	74.523831 
2998.519177  	74.763529 
2998.876484  	74.796910 
2999.233791  	74.788587 
2999.591098  	74.524104 
2999.948405  	74.483546 
3000.305712  	74.794246 
3000.663019  	74.883967 
3001.020325  	74.869161 
3001.377632  	74.809615 
3001.734939  	74.673764 
3002.092246  	74.642682 
3002.449553  	74.738831 
3002.806860  	74.752427 
3003.164167  	74.668780 
3003.521473  	74.727500 
3003.878780  	74.752122 
3004.236087  	74.810320 
3004.593394  	74.903266 
3004.950701  	74.761561 
3005.308008  	74.733372 
3005.665315  	74.717528 
3006.022622  	74.665149 
3006.379928  	74.906276 
3006.737235  	74.983263 
3007.094542  	74.785837 
3007.451849  	74.858860 
3007.809156  	75.146064 
3008.166463  	75.061661 
3008.523770  	74.869575 
3008.881076  	74.994006 
3009.238383  	74.950892 
3009.595690  	74.937787 
3009.952997  	75.031047 
3010.310304  	74.807649 
3010.667611  	74.729174 
3011.024918  	74.862353 
3011.382224  	75.039931 
3011.739531  	75.224890 
3012.096838  	75.232263 
3012.454145  	75.331848 
3012.811452  	75.417189 
3013.168759  	75.353788 
3013.526066  	75.335420 
3013.883372  	75.252256 
3014.240679  	75.197781 
3014.597986  	75.349026 
3014.955293  	75.589686 
3015.312600  	75.558563 
3015.669907  	75.321154 
3016.027214  	75.281343 
3016.384520  	75.298100 
3016.741827  	75.386531 
3017.099134  	75.582599 
3017.456441  	75.670586 
3017.813748  	75.770953 
3018.171055  	75.774815 
3018.528362  	75.697524 
3018.885669  	75.848671 
3019.242975  	75.953167 
3019.600282  	75.821096 
3019.957589  	75.743074 
3020.314896  	75.737026 
3020.672203  	75.728255 
3021.029510  	75.891754 
3021.386817  	76.113574 
3021.744123  	76.072173 
3022.101430  	75.892571 
3022.458737  	75.848261 
3022.816044  	75.881505 
3023.173351  	75.959050 
3023.530658  	76.112113 
3023.887965  	76.169127 
3024.245271  	76.233572 
3024.602578  	76.397940 
3024.959885  	76.456230 
3025.317192  	76.530860 
3025.674499  	76.600561 
3026.031806  	76.647687 
3026.389113  	76.841792 
3026.746419  	76.925961 
3027.103726  	76.934732 
3027.461033  	76.892614 
3027.818340  	76.723895 
3028.175647  	76.848297 
3028.532954  	77.069810 
3028.890261  	76.939691 
3029.247567  	76.660041 
3029.604874  	76.621143 
3029.962181  	76.894494 
3030.319488  	77.042579 
3030.676795  	77.057068 
3031.034102  	77.219886 
3031.391409  	77.381218 
3031.748716  	77.418342 
3032.106022  	77.195150 
3032.463329  	77.014887 
3032.820636  	77.369331 
3033.177943  	77.748169 
3033.535250  	77.642283 
3033.892557  	77.549201 
3034.249864  	77.738802 
3034.607170  	77.581963 
3034.964477  	77.162563 
3035.321784  	77.255576 
3035.679091  	77.536252 
3036.036398  	77.584623 
3036.393705  	77.615487 
3036.751012  	77.538063 
3037.108318  	77.434808 
3037.465625  	77.488386 
3037.822932  	77.581662 
3038.180239  	77.684725 
3038.537546  	77.693963 
3038.894853  	77.611477 
3039.252160  	77.560164 
3039.609466  	77.474197 
3039.966773  	77.404094 
3040.324080  	77.421930 
3040.681387  	77.596228 
3041.038694  	77.940771 
3041.396001  	78.015500 
3041.753308  	77.790343 
3042.110614  	77.822576 
3042.467921  	77.936074 
3042.825228  	77.793151 
3043.182535  	77.807736 
3043.539842  	77.988130 
3043.897149  	77.950535 
3044.254456  	77.852631 
3044.611763  	77.908548 
3044.969069  	78.051619 
3045.326376  	78.042910 
3045.683683  	77.875420 
3046.040990  	77.879060 
3046.398297  	77.870261 
3046.755604  	77.742401 
3047.112911  	77.909853 
3047.470217  	78.230287 
3047.827524  	78.363146 
3048.184831  	78.274352 
3048.542138  	78.109264 
3048.899445  	78.176019 
3049.256752  	78.302680 
3049.614059  	78.210047 
3049.971365  	78.103235 
3050.328672  	78.001727 
3050.685979  	77.833447 
3051.043286  	77.907529 
3051.400593  	78.218551 
3051.757900  	78.334947 
3052.115207  	78.425489 
3052.472513  	78.653662 
3052.829820  	78.546876 
3053.187127  	78.279880 
3053.544434  	78.203757 
3053.901741  	78.028223 
3054.259048  	77.939198 
3054.616355  	78.115497 
3054.973661  	78.149823 
3055.330968  	78.103879 
3055.688275  	78.155392 
3056.045582  	78.181626 
3056.402889  	78.182405 
3056.760196  	78.066076 
3057.117503  	77.919868 
3057.474810  	77.935946 
3057.832116  	78.117454 
3058.189423  	78.518357 
3058.546730  	78.712341 
3058.904037  	78.483898 
3059.261344  	78.400119 
3059.618651  	78.448935 
3059.975958  	78.423616 
3060.333264  	78.476948 
3060.690571  	78.471738 
3061.047878  	78.428594 
3061.405185  	78.384675 
3061.762492  	78.086353 
3062.119799  	77.895890 
3062.477106  	78.199869 
3062.834412  	78.466343 
3063.191719  	78.475632 
3063.549026  	78.419597 
3063.906333  	78.170490 
3064.263640  	78.021271 
3064.620947  	78.150143 
3064.978254  	78.368894 
3065.335560  	78.669023 
3065.692867  	78.727192 
3066.050174  	78.660202 
3066.407481  	78.800602 
3066.764788  	78.732758 
3067.122095  	78.496974 
3067.479402  	78.561474 
3067.836708  	78.720480 
3068.194015  	78.722513 
3068.551322  	78.771703 
3068.908629  	78.790414 
3069.265936  	78.773859 
3069.623243  	78.993119 
3069.980550  	79.003589 
3070.337857  	78.774353 
3070.695163  	78.845728 
3071.052470  	79.006772 
3071.409777  	79.146612 
3071.767084  	79.321183 
3072.124391  	79.357382 
3072.481698  	79.228513 
3072.839005  	79.198719 
3073.196311  	79.446527 
3073.553618  	79.583817 
3073.910925  	79.641960 
3074.268232  	79.772322 
3074.625539  	79.889536 
3074.982846  	80.129281 
3075.340153  	80.046633 
3075.697459  	79.830908 
3076.054766  	79.836204 
3076.412073  	79.626090 
3076.769380  	79.651895 
3077.126687  	79.912515 
3077.483994  	79.982917 
3077.841301  	80.039420 
3078.198607  	79.921044 
3078.555914  	79.960702 
3078.913221  	80.230987 
3079.270528  	80.276388 
3079.627835  	80.210421 
3079.985142  	80.056302 
3080.342449  	80.018540 
3080.699755  	80.217223 
3081.057062  	80.424928 
3081.414369  	80.624867 
3081.771676  	80.734922 
3082.128983  	80.800784 
3082.486290  	80.839079 
3082.843597  	80.847984 
3083.200904  	80.829630 
3083.558210  	80.568888 
3083.915517  	80.361916 
3084.272824  	80.525200 
3084.630131  	80.739590 
3084.987438  	80.714772 
3085.344745  	80.645111 
3085.702052  	80.765966 
3086.059358  	80.748493 
3086.416665  	80.646294 
3086.773972  	80.927290 
3087.131279  	81.191683 
3087.488586  	81.070008 
3087.845893  	80.948740 
3088.203200  	81.089220 
3088.560506  	81.244663 
3088.917813  	81.239300 
3089.275120  	81.415279 
3089.632427  	81.649310 
3089.989734  	81.511598 
3090.347041  	81.450724 
3090.704348  	81.700848 
3091.061654  	81.733176 
3091.418961  	81.473608 
3091.776268  	81.415673 
3092.133575  	81.652586 
3092.490882  	81.712467 
3092.848189  	81.669489 
3093.205496  	81.845752 
3093.562802  	82.033560 
3093.920109  	82.185397 
3094.277416  	82.148663 
3094.634723  	81.964858 
3094.992030  	82.068986 
3095.349337  	82.206678 
3095.706644  	82.272059 
3096.063950  	82.274810 
3096.421257  	81.944528 
3096.778564  	81.781324 
3097.135871  	81.998409 
3097.493178  	82.263192 
3097.850485  	82.475339 
3098.207792  	82.428734 
3098.565099  	82.357627 
3098.922405  	82.545012 
3099.279712  	82.734829 
3099.637019  	82.804180 
3099.994326  	82.670818 
3100.351633  	82.432925 
3100.708940  	82.379630 
3101.066247  	82.434215 
3101.423553  	82.624229 
3101.780860  	82.970271 
3102.138167  	83.054673 
3102.495474  	82.800051 
3102.852781  	82.632798 
3103.210088  	82.830524 
3103.567395  	83.157097 
3103.924701  	83.230695 
3104.282008  	83.090979 
3104.639315  	82.879557 
3104.996622  	82.754559 
3105.353929  	82.782000 
3105.711236  	82.872423 
3106.068543  	83.049895 
3106.425849  	83.006879 
3106.783156  	82.910475 
3107.140463  	83.198324 
3107.497770  	83.251676 
3107.855077  	83.088903 
3108.212384  	83.189987 
3108.569691  	83.259110 
3108.926997  	83.293070 
3109.284304  	83.218565 
3109.641611  	83.086416 
3109.998918  	83.348930 
3110.356225  	83.733494 
3110.713532  	83.782545 
3111.070839  	83.713447 
3111.428146  	83.843390 
3111.785452  	83.822457 
3112.142759  	83.405468 
3112.500066  	83.215521 
3112.857373  	83.527006 
3113.214680  	83.690081 
3113.571987  	83.459003 
3113.929294  	83.510808 
3114.286600  	83.796455 
3114.643907  	83.851837 
3115.001214  	84.044482 
3115.358521  	84.136918 
3115.715828  	83.884357 
3116.073135  	83.981416 
3116.430442  	84.325586 
3116.787748  	84.286697 
3117.145055  	84.059312 
3117.502362  	84.171324 
3117.859669  	84.374524 
3118.216976  	84.263326 
3118.574283  	84.171850 
3118.931590  	84.262608 
3119.288896  	84.415532 
3119.646203  	84.499634 
3120.003510  	84.391519 
3120.360817  	84.316065 
3120.718124  	84.508745 
3121.075431  	84.813764 
3121.432738  	84.929312 
3121.790044  	84.882724 
3122.147351  	84.634850 
3122.504658  	84.378032 
3122.861965  	84.503491 
3123.219272  	84.529023 
3123.576579  	84.616658 
3123.933886  	85.121430 
3124.291193  	85.258259 
3124.648499  	85.061264 
3125.005806  	84.923731 
3125.363113  	84.790964 
3125.720420  	84.805909 
3126.077727  	85.046924 
3126.435034  	85.381598 
3126.792341  	85.335776 
3127.149647  	85.193053 
3127.506954  	85.497608 
3127.864261  	85.562451 
3128.221568  	85.218884 
3128.578875  	85.142321 
3128.936182  	85.221217 
3129.293489  	85.167768 
3129.650795  	85.325970 
3130.008102  	85.481349 
3130.365409  	85.319910 
3130.722716  	85.421089 
3131.080023  	85.474424 
3131.437330  	85.133984 
3131.794637  	85.056883 
3132.151943  	85.099341 
3132.509250  	85.138769 
3132.866557  	85.361915 
3133.223864  	85.454201 
3133.581171  	85.365713 
3133.938478  	85.363623 
3134.295785  	85.567332 
3134.653091  	85.679803 
3135.010398  	85.646002 
3135.367705  	85.634079 
3135.725012  	85.555064 
3136.082319  	85.649176 
3136.439626  	85.784142 
3136.796933  	85.698878 
3137.154240  	85.694228 
3137.511546  	85.741707 
3137.868853  	85.887311 
3138.226160  	86.129756 
3138.583467  	86.148159 
3138.940774  	86.070502 
3139.298081  	86.039964 
3139.655388  	86.117716 
3140.012694  	86.247884 
3140.370001  	86.165230 
3140.727308  	86.113417 
3141.084615  	86.204918 
3141.441922  	86.202877 
3141.799229  	86.207787 
3142.156536  	86.105355 
3142.513842  	85.886636 
3142.871149  	85.783541 
3143.228456  	85.765158 
3143.585763  	86.020721 
3143.943070  	86.233893 
3144.300377  	86.134662 
3144.657684  	86.292572 
3145.014990  	86.412344 
3145.372297  	86.238429 
3145.729604  	86.234863 
3146.086911  	86.263881 
3146.444218  	86.190503 
3146.801525  	86.131786 
3147.158832  	86.325173 
3147.516138  	86.702851 
3147.873445  	86.812711 
3148.230752  	86.780067 
3148.588059  	86.691016 
3148.945366  	86.575392 
3149.302673  	86.593265 
3149.659980  	86.568640 
3150.017287  	86.632729 
3150.374593  	86.756136 
3150.731900  	86.654418 
3151.089207  	86.542368 
3151.446514  	86.573448 
3151.803821  	86.709603 
3152.161128  	86.872452 
3152.518435  	86.853975 
3152.875741  	86.804335 
3153.233048  	86.991749 
3153.590355  	87.135162 
3153.947662  	87.112122 
3154.304969  	87.093210 
3154.662276  	86.997797 
3155.019583  	87.043275 
3155.376889  	87.259013 
3155.734196  	87.192898 
3156.091503  	86.870762 
3156.448810  	86.825462 
3156.806117  	87.251708 
3157.163424  	87.407916 
3157.520731  	87.140571 
3157.878037  	87.052939 
3158.235344  	87.048298 
3158.592651  	87.229048 
3158.949958  	87.439839 
3159.307265  	87.291932 
3159.664572  	87.251122 
3160.021879  	87.404213 
3160.379185  	87.585231 
3160.736492  	87.591316 
3161.093799  	87.383668 
3161.451106  	87.450400 
3161.808413  	87.457341 
3162.165720  	87.177249 
3162.523027  	87.173270 
3162.880334  	87.383419 
3163.237640  	87.383907 
3163.594947  	87.390650 
3163.952254  	87.742402 
3164.309561  	87.830113 
3164.666868  	87.525488 
3165.024175  	87.540882 
3165.381482  	87.678429 
3165.738788  	87.792823 
3166.096095  	88.091114 
3166.453402  	88.225370 
3166.810709  	87.995114 
3167.168016  	87.717942 
3167.525323  	87.759026 
3167.882630  	87.992879 
3168.239936  	88.023612 
3168.597243  	87.834952 
3168.954550  	87.881032 
3169.311857  	88.099547 
3169.669164  	87.996070 
3170.026471  	87.949200 
3170.383778  	87.987418 
3170.741084  	87.780487 
3171.098391  	87.794106 
3171.455698  	87.989491 
3171.813005  	88.044180 
3172.170312  	87.882156 
3172.527619  	87.721658 
3172.884926  	87.934805 
3173.242232  	88.006269 
3173.599539  	87.869849 
3173.956846  	87.964033 
3174.314153  	88.015985 
3174.671460  	88.004000 
3175.028767  	88.165930 
3175.386074  	88.489644 
3175.743380  	88.531352 
3176.100687  	88.350212 
3176.457994  	88.513623 
3176.815301  	88.520376 
3177.172608  	88.409713 
3177.529915  	88.604830 
3177.887222  	88.496539 
3178.244529  	88.299500 
3178.601835  	88.405300 
3178.959142  	88.455485 
3179.316449  	88.381476 
3179.673756  	88.402436 
3180.031063  	88.673189 
3180.388370  	88.750548 
3180.745677  	88.577157 
3181.102983  	88.632085 
3181.460290  	88.680095 
3181.817597  	88.829193 
3182.174904  	89.167688 
3182.532211  	89.086211 
3182.889518  	88.819857 
3183.246825  	88.763321 
3183.604131  	88.766180 
3183.961438  	88.919776 
3184.318745  	89.011519 
3184.676052  	88.830763 
3185.033359  	88.823197 
3185.390666  	88.952900 
3185.747973  	88.959637 
3186.105279  	89.020017 
3186.462586  	88.876447 
3186.819893  	88.675662 
3187.177200  	88.896754 
3187.534507  	89.065426 
3187.891814  	89.161138 
3188.249121  	89.322857 
3188.606427  	89.040476 
3188.963734  	88.880029 
3189.321041  	89.244477 
3189.678348  	89.292225 
3190.035655  	88.949248 
3190.392962  	88.892983 
3190.750269  	89.108875 
3191.107576  	89.125838 
3191.464882  	89.098289 
3191.822189  	89.265529 
3192.179496  	89.299486 
3192.536803  	89.228973 
3192.894110  	89.157785 
3193.251417  	89.126382 
3193.608724  	89.364142 
3193.966030  	89.462880 
3194.323337  	89.324668 
3194.680644  	89.388092 
3195.037951  	89.397112 
3195.395258  	89.278896 
3195.752565  	89.358461 
3196.109872  	89.516054 
3196.467178  	89.614299 
3196.824485  	89.733968 
3197.181792  	89.765259 
3197.539099  	89.596063 
3197.896406  	89.470847 
3198.253713  	89.437080 
3198.611020  	89.423680 
3198.968326  	89.617091 
3199.325633  	89.819942 
3199.682940  	89.800711 
3200.040247  	89.679860 
3200.397554  	89.645874 
3200.754861  	89.771798 
3201.112168  	89.688103 
3201.469474  	89.544355 
3201.826781  	89.732715 
3202.184088  	89.748274 
3202.541395  	89.629858 
3202.898702  	89.792529 
3203.256009  	89.963286 
3203.613316  	90.098979 
3203.970623  	90.217063 
3204.327929  	90.097640 
3204.685236  	89.834482 
3205.042543  	89.728445 
3205.399850  	89.811072 
3205.757157  	89.879163 
3206.114464  	89.894021 
3206.471771  	89.885987 
3206.829077  	89.939361 
3207.186384  	89.923373 
3207.543691  	89.697355 
3207.900998  	89.683763 
3208.258305  	89.840563 
3208.615612  	89.915891 
3208.972919  	90.101894 
3209.330225  	90.256992 
3209.687532  	90.292748 
3210.044839  	90.191652 
3210.402146  	90.076659 
3210.759453  	90.256418 
3211.116760  	90.424956 
3211.474067  	90.499011 
3211.831373  	90.703154 
3212.188680  	90.782619 
3212.545987  	90.541907 
3212.903294  	90.340219 
3213.260601  	90.506251 
3213.617908  	90.621427 
3213.975215  	90.721203 
3214.332521  	90.836600 
3214.689828  	90.299556 
3215.047135  	89.898790 
3215.404442  	90.163274 
3215.761749  	90.295192 
3216.119056  	90.370115 
3216.476363  	90.501542 
3216.833670  	90.424193 
3217.190976  	90.212323 
3217.548283  	90.171052 
3217.905590  	90.490067 
3218.262897  	90.726392 
3218.620204  	90.684689 
3218.977511  	90.573263 
3219.334818  	90.549786 
3219.692124  	90.774930 
3220.049431  	90.869727 
3220.406738  	90.638196 
3220.764045  	90.618632 
3221.121352  	90.893386 
3221.478659  	90.819268 
3221.835966  	90.541597 
3222.193272  	90.742503 
3222.550579  	90.916227 
3222.907886  	90.732837 
3223.265193  	90.723299 
3223.622500  	90.865233 
3223.979807  	90.912135 
3224.337114  	90.788935 
3224.694420  	90.751468 
3225.051727  	90.958580 
3225.409034  	90.986646 
3225.766341  	90.806518 
3226.123648  	90.764452 
3226.480955  	90.862826 
3226.838262  	90.783978 
3227.195568  	90.576945 
3227.552875  	90.662778 
3227.910182  	90.878896 
3228.267489  	90.927133 
3228.624796  	90.974852 
3228.982103  	91.235234 
3229.339410  	91.446229 
3229.696717  	91.375883 
3230.054023  	91.392829 
3230.411330  	91.336557 
3230.768637  	91.128849 
3231.125944  	91.231299 
3231.483251  	91.203169 
3231.840558  	90.907555 
3232.197865  	90.991059 
3232.555171  	91.250759 
3232.912478  	91.189219 
3233.269785  	91.168362 
3233.627092  	91.325376 
3233.984399  	91.152847 
3234.341706  	91.075354 
3234.699013  	91.352468 
3235.056319  	91.375054 
3235.413626  	91.381489 
3235.770933  	91.547568 
3236.128240  	91.555110 
3236.485547  	91.365902 
3236.842854  	90.994885 
3237.200161  	90.877827 
3237.557467  	91.225303 
3237.914774  	91.522068 
3238.272081  	91.593592 
3238.629388  	91.699486 
3238.986695  	91.736136 
3239.344002  	91.653337 
3239.701309  	91.643536 
3240.058615  	91.386351 
3240.415922  	91.224331 
3240.773229  	91.534120 
3241.130536  	91.495769 
3241.487843  	91.453014 
3241.845150  	91.800341 
3242.202457  	91.750837 
3242.559764  	91.521293 
3242.917070  	91.498063 
3243.274377  	91.642552 
3243.631684  	91.935183 
3243.988991  	92.074547 
3244.346298  	91.990898 
3244.703605  	91.701491 
3245.060912  	91.500145 
3245.418218  	91.639325 
3245.775525  	91.774276 
3246.132832  	91.776306 
3246.490139  	91.585985 
3246.847446  	91.535988 
3247.204753  	91.909808 
3247.562060  	91.965196 
3247.919366  	91.947816 
3248.276673  	92.240870 
3248.633980  	91.955717 
3248.991287  	91.629188 
3249.348594  	91.842402 
3249.705901  	91.855328 
3250.063208  	91.883530 
3250.420514  	91.964543 
3250.777821  	91.888201 
3251.135128  	92.079026 
3251.492435  	92.184855 
3251.849742  	92.120249 
3252.207049  	92.145490 
3252.564356  	91.993608 
3252.921662  	91.829998 
3253.278969  	91.767809 
3253.636276  	91.828763 
3253.993583  	92.117165 
3254.350890  	92.249363 
3254.708197  	92.164277 
3255.065504  	92.260879 
3255.422810  	92.525172 
3255.780117  	92.408020 
3256.137424  	91.865856 
3256.494731  	91.759203 
3256.852038  	92.250557 
3257.209345  	92.627999 
3257.566652  	92.647025 
3257.923959  	92.598273 
3258.281265  	92.583733 
3258.638572  	92.394672 
3258.995879  	92.134112 
3259.353186  	92.047924 
3259.710493  	91.983333 
3260.067800  	91.979505 
3260.425107  	92.071964 
3260.782413  	92.014199 
3261.139720  	92.101530 
3261.497027  	92.395098 
3261.854334  	92.427340 
3262.211641  	92.401459 
3262.568948  	92.587338 
3262.926255  	92.774555 
3263.283561  	92.596427 
3263.640868  	92.224089 
3263.998175  	92.259130 
3264.355482  	92.352755 
3264.712789  	92.387637 
3265.070096  	92.605638 
3265.427403  	92.530448 
3265.784709  	92.520385 
3266.142016  	92.774234 
3266.499323  	92.732500 
3266.856630  	92.574225 
3267.213937  	92.548156 
3267.571244  	92.592965 
3267.928551  	92.462873 
3268.285857  	92.440664 
3268.643164  	92.815457 
3269.000471  	92.775735 
3269.357778  	92.315771 
3269.715085  	92.237061 
3270.072392  	92.593740 
3270.429699  	92.720931 
3270.787006  	92.461318 
3271.144312  	92.542735 
3271.501619  	92.521195 
3271.858926  	92.137519 
3272.216233  	92.261775 
3272.573540  	92.623724 
3272.930847  	92.861748 
3273.288154  	92.982889 
3273.645460  	92.875703 
3274.002767  	92.782114 
3274.360074  	92.725325 
3274.717381  	92.697295 
3275.074688  	92.804139 
3275.431995  	92.991309 
3275.789302  	92.837584 
3276.146608  	92.489269 
3276.503915  	92.550548 
3276.861222  	92.527500 
3277.218529  	92.569137 
3277.575836  	92.974941 
3277.933143  	92.951083 
3278.290450  	92.811512 
3278.647756  	92.894204 
3279.005063  	92.913228 
3279.362370  	92.922081 
3279.719677  	92.868662 
3280.076984  	92.792643 
3280.434291  	92.688476 
3280.791598  	92.869698 
3281.148904  	93.237820 
3281.506211  	93.209285 
3281.863518  	93.224825 
3282.220825  	93.257505 
3282.578132  	93.041496 
3282.935439  	92.837586 
3283.292746  	92.577461 
3283.650053  	92.734481 
3284.007359  	93.109420 
3284.364666  	92.957400 
3284.721973  	92.933120 
3285.079280  	93.225784 
3285.436587  	93.266211 
3285.793894  	93.173850 
3286.151201  	93.017033 
3286.508507  	92.715745 
3286.865814  	92.668726 
3287.223121  	93.057023 
3287.580428  	93.241428 
3287.937735  	92.913047 
3288.295042  	92.714683 
3288.652349  	92.933548 
3289.009655  	93.097240 
3289.366962  	93.040143 
3289.724269  	93.016421 
3290.081576  	93.070638 
3290.438883  	93.109855 
3290.796190  	93.110329 
3291.153497  	93.166717 
3291.510803  	93.298439 
3291.868110  	93.379677 
3292.225417  	93.406223 
3292.582724  	93.260242 
3292.940031  	93.062818 
3293.297338  	93.169183 
3293.654645  	93.349580 
3294.011951  	93.483386 
3294.369258  	93.523872 
3294.726565  	93.373833 
3295.083872  	93.511097 
3295.441179  	93.528155 
3295.798486  	93.008761 
3296.155793  	93.022502 
3296.513100  	93.509222 
3296.870406  	93.569237 
3297.227713  	93.490035 
3297.585020  	93.475931 
3297.942327  	93.347634 
3298.299634  	93.165164 
3298.656941  	93.153813 
3299.014248  	93.379427 
3299.371554  	93.341638 
3299.728861  	93.001424 
3300.086168  	92.946039 
3300.443475  	93.269461 
3300.800782  	93.626565 
3301.158089  	93.557684 
3301.515396  	93.143781 
3301.872702  	92.919508 
3302.230009  	92.940222 
3302.587316  	93.076963 
3302.944623  	93.162097 
3303.301930  	93.102445 
3303.659237  	93.209975 
3304.016544  	93.595146 
3304.373850  	93.854980 
3304.731157  	93.652748 
3305.088464  	93.441911 
3305.445771  	93.498319 
3305.803078  	93.421927 
3306.160385  	93.459743 
3306.517692  	93.526975 
3306.874998  	93.298823 
3307.232305  	93.399993 
3307.589612  	93.650712 
3307.946919  	93.697373 
3308.304226  	93.730653 
3308.661533  	93.397918 
3309.018840  	93.156760 
3309.376147  	93.441004 
3309.733453  	93.553013 
3310.090760  	93.479935 
3310.448067  	93.564881 
3310.805374  	93.621561 
3311.162681  	93.562196 
3311.519988  	93.582536 
3311.877295  	93.637057 
3312.234601  	93.538968 
3312.591908  	93.491746 
3312.949215  	93.605630 
3313.306522  	93.684786 
3313.663829  	93.584676 
3314.021136  	93.474325 
3314.378443  	93.425810 
3314.735749  	93.181476 
3315.093056  	93.274131 
3315.450363  	93.830940 
3315.807670  	94.009791 
3316.164977  	94.017065 
3316.522284  	93.982071 
3316.879591  	93.622728 
3317.236897  	93.395457 
3317.594204  	93.499035 
3317.951511  	93.715451 
3318.308818  	93.666454 
3318.666125  	93.466933 
3319.023432  	93.641862 
3319.380739  	93.831797 
3319.738045  	93.715821 
3320.095352  	93.608959 
3320.452659  	93.641119 
3320.809966  	93.776360 
3321.167273  	93.960268 
3321.524580  	94.022126 
3321.881887  	93.912370 
3322.239194  	93.915438 
3322.596500  	93.983155 
3322.953807  	94.040953 
3323.311114  	94.241502 
3323.668421  	94.231963 
3324.025728  	94.146292 
3324.383035  	94.222624 
3324.740342  	93.983045 
3325.097648  	93.771710 
3325.454955  	93.935988 
3325.812262  	93.946318 
3326.169569  	93.953921 
3326.526876  	94.169644 
3326.884183  	94.122484 
3327.241490  	93.944461 
3327.598796  	93.834795 
3327.956103  	93.691573 
3328.313410  	93.846463 
3328.670717  	94.026905 
3329.028024  	94.060238 
3329.385331  	94.266487 
3329.742638  	94.153511 
3330.099944  	93.943068 
3330.457251  	94.000577 
3330.814558  	93.875870 
3331.171865  	93.945724 
3331.529172  	94.113890 
3331.886479  	93.946831 
3332.243786  	94.024579 
3332.601092  	94.411273 
3332.958399  	94.596627 
3333.315706  	94.454949 
3333.673013  	94.284284 
3334.030320  	94.357437 
3334.387627  	94.450835 
3334.744934  	94.364270 
3335.102240  	94.310365 
3335.459547  	94.405478 
3335.816854  	94.394811 
3336.174161  	94.276811 
3336.531468  	94.179649 
3336.888775  	94.121251 
3337.246082  	94.329853 
3337.603389  	94.420068 
3337.960695  	94.105429 
3338.318002  	93.984833 
3338.675309  	94.100479 
3339.032616  	94.230727 
3339.389923  	94.313864 
3339.747230  	94.232993 
3340.104537  	94.298109 
3340.461843  	94.416999 
3340.819150  	94.302169 
3341.176457  	94.367485 
3341.533764  	94.473660 
3341.891071  	94.204016 
3342.248378  	93.999248 
3342.605685  	94.071280 
3342.962991  	94.272931 
3343.320298  	94.585256 
3343.677605  	94.633659 
3344.034912  	94.313263 
3344.392219  	94.199508 
3344.749526  	94.476808 
3345.106833  	94.655773 
3345.464139  	94.653416 
3345.821446  	94.729674 
3346.178753  	94.680702 
3346.536060  	94.586424 
3346.893367  	94.693743 
3347.250674  	94.801163 
3347.607981  	94.756384 
3347.965287  	94.548642 
3348.322594  	94.428796 
3348.679901  	94.340082 
3349.037208  	94.163101 
3349.394515  	94.353622 
3349.751822  	94.571341 
3350.109129  	94.455436 
3350.466436  	94.532199 
3350.823742  	94.830946 
3351.181049  	94.992433 
3351.538356  	94.866635 
3351.895663  	94.671063 
3352.252970  	94.666196 
3352.610277  	94.794090 
3352.967584  	94.859189 
3353.324890  	94.757711 
3353.682197  	94.790779 
3354.039504  	94.787317 
3354.396811  	94.497872 
3354.754118  	94.464861 
3355.111425  	94.559107 
3355.468732  	94.499524 
3355.826038  	94.598368 
3356.183345  	94.659671 
3356.540652  	94.517095 
3356.897959  	94.567468 
3357.255266  	94.862392 
3357.612573  	94.898325 
3357.969880  	94.655342 
3358.327186  	94.559640 
3358.684493  	94.643720 
3359.041800  	94.756967 
3359.399107  	94.722306 
3359.756414  	94.618452 
3360.113721  	94.662857 
3360.471028  	94.740912 
3360.828334  	94.785659 
3361.185641  	94.832257 
3361.542948  	94.830946 
3361.900255  	94.682730 
3362.257562  	94.513427 
3362.614869  	94.532990 
3362.972176  	94.649345 
3363.329483  	94.817479 
3363.686789  	94.852293 
3364.044096  	94.653957 
3364.401403  	94.633172 
3364.758710  	94.921502 
3365.116017  	95.122239 
3365.473324  	94.946887 
3365.830631  	94.817388 
3366.187937  	94.969132 
3366.545244  	94.873698 
3366.902551  	94.632325 
3367.259858  	94.709301 
3367.617165  	94.902021 
3367.974472  	94.980357 
3368.331779  	95.048408 
3368.689085  	94.970172 
3369.046392  	94.680093 
3369.403699  	94.661674 
3369.761006  	94.879982 
3370.118313  	94.961333 
3370.475620  	94.990114 
3370.832927  	94.977814 
3371.190233  	94.842458 
3371.547540  	94.536458 
3371.904847  	94.432220 
3372.262154  	94.640491 
3372.619461  	94.635688 
3372.976768  	94.768125 
3373.334075  	95.193031 
3373.691381  	95.305024 
3374.048688  	94.981429 
3374.405995  	94.524712 
3374.763302  	94.576789 
3375.120609  	94.893270 
3375.477916  	94.947155 
3375.835223  	95.093209 
3376.192530  	95.084283 
3376.549836  	94.912723 
3376.907143  	94.954953 
3377.264450  	94.909267 
3377.621757  	94.886463 
3377.979064  	95.069687 
3378.336371  	95.213591 
3378.693678  	95.088579 
3379.050984  	94.817050 
3379.408291  	94.746358 
3379.765598  	94.690547 
3380.122905  	94.728115 
3380.480212  	94.939322 
3380.837519  	94.777059 
3381.194826  	94.621091 
3381.552132  	94.901461 
3381.909439  	95.001990 
3382.266746  	94.764764 
3382.624053  	94.591282 
3382.981360  	94.695060 
3383.338667  	94.955318 
3383.695974  	95.004028 
3384.053280  	94.890197 
3384.410587  	94.840754 
3384.767894  	94.706437 
3385.125201  	94.724534 
3385.482508  	95.015430 
3385.839815  	94.836745 
3386.197122  	94.363829 
3386.554428  	94.384924 
3386.911735  	94.589167 
3387.269042  	94.699413 
3387.626349  	94.860263 
3387.983656  	95.034403 
3388.340963  	95.225874 
3388.698270  	95.336991 
3389.055577  	95.253795 
3389.412883  	94.953187 
3389.770190  	94.722650 
3390.127497  	94.824284 
3390.484804  	94.913071 
3390.842111  	94.876816 
3391.199418  	94.879618 
3391.556725  	94.965561 
3391.914031  	95.055637 
3392.271338  	95.030483 
3392.628645  	95.285197 
3392.985952  	95.583342 
3393.343259  	95.382830 
3393.700566  	95.230796 
3394.057873  	95.177923 
3394.415179  	94.930119 
3394.772486  	94.728094 
3395.129793  	94.838948 
3395.487100  	95.388292 
3395.844407  	95.771092 
3396.201714  	95.566607 
3396.559021  	95.246782 
3396.916327  	95.140680 
3397.273634  	95.155060 
3397.630941  	95.027238 
3397.988248  	94.833238 
3398.345555  	94.844354 
3398.702862  	95.136716 
3399.060169  	95.431697 
3399.417475  	95.313545 
3399.774782  	95.191223 
3400.132089  	95.309686 
3400.489396  	95.181806 
3400.846703  	94.821277 
3401.204010  	94.698609 
3401.561317  	95.045776 
3401.918624  	95.334359 
3402.275930  	95.211811 
3402.633237  	95.069440 
3402.990544  	94.971804 
3403.347851  	94.929726 
3403.705158  	94.950489 
3404.062465  	94.969002 
3404.419772  	95.042609 
3404.777078  	95.002548 
3405.134385  	94.896344 
3405.491692  	94.792737 
3405.848999  	94.814163 
3406.206306  	95.029096 
3406.563613  	94.940887 
3406.920920  	94.786825 
3407.278226  	94.966507 
3407.635533  	95.137796 
3407.992840  	95.283614 
3408.350147  	95.260078 
3408.707454  	95.008286 
3409.064761  	94.966613 
3409.422068  	95.057561 
3409.779374  	95.146179 
3410.136681  	95.296877 
3410.493988  	95.353207 
3410.851295  	95.447464 
3411.208602  	95.709215 
3411.565909  	95.735873 
3411.923216  	95.362685 
3412.280522  	95.123086 
3412.637829  	95.290886 
3412.995136  	95.331472 
3413.352443  	95.118278 
3413.709750  	95.229855 
3414.067057  	95.529806 
3414.424364  	95.466864 
3414.781671  	95.180967 
3415.138977  	95.014732 
3415.496284  	95.009954 
3415.853591  	95.072430 
3416.210898  	95.124529 
3416.568205  	95.114356 
3416.925512  	95.045746 
3417.282819  	94.978733 
3417.640125  	94.992046 
3417.997432  	95.211212 
3418.354739  	95.387466 
3418.712046  	95.144667 
3419.069353  	94.843767 
3419.426660  	94.962826 
3419.783967  	95.332241 
3420.141273  	95.549660 
3420.498580  	95.447345 
3420.855887  	95.239982 
3421.213194  	95.201314 
3421.570501  	95.238023 
3421.927808  	95.224619 
3422.285115  	95.233132 
3422.642421  	95.186936 
3422.999728  	95.140959 
3423.357035  	95.191059 
3423.714342  	95.040101 
3424.071649  	94.819991 
3424.428956  	94.959541 
3424.786263  	95.255710 
3425.143569  	95.318750 
3425.500876  	95.234486 
3425.858183  	95.278843 
3426.215490  	95.257726 
3426.572797  	95.163996 
3426.930104  	95.218812 
3427.287411  	95.221779 
3427.644717  	95.329215 
3428.002024  	95.362343 
3428.359331  	95.203101 
3428.716638  	95.495419 
3429.073945  	95.559570 
3429.431252  	95.166895 
3429.788559  	95.254348 
3430.145866  	95.326353 
3430.503172  	95.190059 
3430.860479  	95.244540 
3431.217786  	95.203588 
3431.575093  	95.154966 
3431.932400  	95.236067 
3432.289707  	95.314453 
3432.647014  	95.161299 
3433.004320  	95.121075 
3433.361627  	95.556840 
3433.718934  	95.572052 
3434.076241  	95.428271 
3434.433548  	95.718244 
3434.790855  	95.522547 
3435.148162  	95.193576 
3435.505468  	95.275121 
3435.862775  	95.378063 
3436.220082  	95.508625 
3436.577389  	95.391453 
3436.934696  	95.206365 
3437.292003  	95.090909 
3437.649310  	94.778731 
3438.006616  	94.846817 
3438.363923  	95.193092 
3438.721230  	95.263080 
3439.078537  	95.137433 
3439.435844  	94.951136 
3439.793151  	95.069418 
3440.150458  	95.380144 
3440.507764  	95.448416 
3440.865071  	95.444126 
3441.222378  	95.733374 
3441.579685  	96.020184 
3441.936992  	95.691617 
3442.294299  	95.470247 
3442.651606  	95.591542 
3443.008913  	95.106907 
3443.366219  	94.812488 
3443.723526  	95.237202 
3444.080833  	95.441421 
3444.438140  	95.384627 
3444.795447  	95.396557 
3445.152754  	95.468252 
3445.510061  	95.458318 
3445.867367  	95.410630 
3446.224674  	95.534803 
3446.581981  	95.516629 
3446.939288  	95.292183 
3447.296595  	95.238775 
3447.653902  	95.296810 
3448.011209  	95.409605 
3448.368515  	95.555145 
3448.725822  	95.478781 
3449.083129  	95.272736 
3449.440436  	95.128595 
3449.797743  	95.050345 
3450.155050  	95.311589 
3450.512357  	95.511151 
3450.869663  	95.136859 
3451.226970  	94.923348 
3451.584277  	95.039011 
3451.941584  	95.145282 
3452.298891  	95.428859 
3452.656198  	95.705391 
3453.013505  	95.783931 
3453.370811  	95.531955 
3453.728118  	95.192164 
3454.085425  	95.266511 
3454.442732  	95.396844 
3454.800039  	95.450328 
3455.157346  	95.579239 
3455.514653  	95.734835 
3455.871960  	95.853217 
3456.229266  	95.623039 
3456.586573  	95.538275 
3456.943880  	95.746456 
3457.301187  	95.522674 
3457.658494  	95.279833 
3458.015801  	95.302003 
3458.373108  	95.387141 
3458.730414  	95.711488 
3459.087721  	95.803535 
3459.445028  	95.506497 
3459.802335  	95.440103 
3460.159642  	95.533935 
3460.516949  	95.406521 
3460.874256  	95.208231 
3461.231562  	95.346754 
3461.588869  	95.718599 
3461.946176  	95.679598 
3462.303483  	95.391818 
3462.660790  	95.356237 
3463.018097  	95.246088 
3463.375404  	95.184392 
3463.732710  	95.449975 
3464.090017  	95.739294 
3464.447324  	95.918787 
3464.804631  	95.614861 
3465.161938  	95.147254 
3465.519245  	95.274686 
3465.876552  	95.508810 
3466.233858  	95.538005 
3466.591165  	95.582170 
3466.948472  	95.587714 
3467.305779  	95.543154 
3467.663086  	95.495158 
3468.020393  	95.386582 
3468.377700  	95.111205 
3468.735007  	95.229791 
3469.092313  	95.659236 
3469.449620  	95.497122 
3469.806927  	95.223396 
3470.164234  	95.236069 
3470.521541  	95.247243 
3470.878848  	95.265765 
3471.236155  	95.246463 
3471.593461  	95.333316 
3471.950768  	95.342769 
3472.308075  	95.261035 
3472.665382  	95.388708 
3473.022689  	95.521125 
3473.379996  	95.508666 
3473.737303  	95.327011 
3474.094609  	95.361632 
3474.451916  	95.569857 
3474.809223  	95.444979 
3475.166530  	95.364174 
3475.523837  	95.336435 
3475.881144  	95.148769 
3476.238451  	94.921815 
3476.595757  	94.889021 
3476.953064  	95.389036 
3477.310371  	95.669423 
3477.667678  	95.460580 
3478.024985  	95.482712 
3478.382292  	95.510423 
3478.739599  	95.296959 
3479.096905  	95.115248 
3479.454212  	95.021342 
3479.811519  	95.020882 
3480.168826  	95.384436 
3480.526133  	95.879667 
3480.883440  	96.026550 
3481.240747  	96.067604 
3481.598054  	95.906091 
3481.955360  	95.639662 
3482.312667  	95.574615 
3482.669974  	95.384444 
3483.027281  	95.350359 
3483.384588  	95.602507 
3483.741895  	95.722512 
3484.099202  	95.541520 
3484.456508  	95.284647 
3484.813815  	95.304041 
3485.171122  	95.310167 
3485.528429  	95.359267 
3485.885736  	95.507778 
3486.243043  	95.537548 
3486.600350  	95.630458 
3486.957656  	95.457319 
3487.314963  	95.246789 
3487.672270  	95.302305 
3488.029577  	95.275575 
3488.386884  	95.300696 
3488.744191  	95.224256 
3489.101498  	95.260668 
3489.458804  	95.486080 
3489.816111  	95.445955 
3490.173418  	95.478742 
3490.530725  	95.490832 
3490.888032  	95.326634 
3491.245339  	95.219685 
3491.602646  	95.166402 
3491.959952  	95.395140 
3492.317259  	95.569364 
3492.674566  	95.277952 
3493.031873  	95.149998 
3493.389180  	95.517220 
3493.746487  	95.501437 
3494.103794  	95.114471 
3494.461101  	95.306920 
3494.818407  	95.496086 
3495.175714  	95.405819 
3495.533021  	95.539943 
3495.890328  	95.414174 
3496.247635  	95.172555 
3496.604942  	95.272606 
3496.962249  	95.477556 
3497.319555  	95.596519 
3497.676862  	95.744518 
3498.034169  	95.890719 
3498.391476  	95.721438 
3498.748783  	95.666020 
3499.106090  	95.828133 
3499.463397  	95.695761 
3499.820703  	95.592624 
3500.178010  	95.626067 
3500.535317  	95.651456 
3500.892624  	95.787963 
3501.249931  	95.900596 
3501.607238  	95.887654 
3501.964545  	95.798686 
3502.321851  	95.678977 
3502.679158  	95.496183 
3503.036465  	95.406275 
3503.393772  	95.219842 
3503.751079  	94.681982 
3504.108386  	94.549013 
3504.465693  	95.065569 
3504.822999  	95.592163 
3505.180306  	95.713109 
3505.537613  	95.515950 
3505.894920  	95.307720 
3506.252227  	95.213585 
3506.609534  	95.417748 
3506.966841  	95.514082 
3507.324147  	95.407766 
3507.681454  	95.800504 
3508.038761  	96.198744 
3508.396068  	96.180179 
3508.753375  	96.046415 
3509.110682  	95.673478 
3509.467989  	95.387495 
3509.825296  	95.421965 
3510.182602  	95.470941 
3510.539909  	95.421064 
3510.897216  	95.368283 
3511.254523  	95.361742 
3511.611830  	95.315636 
3511.969137  	95.424353 
3512.326444  	95.590503 
3512.683750  	95.661844 
3513.041057  	95.946532 
3513.398364  	95.891726 
3513.755671  	95.297211 
3514.112978  	95.124660 
3514.470285  	95.288229 
3514.827592  	95.261188 
3515.184898  	95.359587 
3515.542205  	95.549490 
3515.899512  	95.342057 
3516.256819  	95.044909 
3516.614126  	95.342011 
3516.971433  	95.730316 
3517.328740  	95.693442 
3517.686046  	95.859781 
3518.043353  	95.941806 
3518.400660  	95.522589 
3518.757967  	95.409720 
3519.115274  	95.569268 
3519.472581  	95.578523 
3519.829888  	95.546317 
3520.187194  	95.394713 
3520.544501  	95.267132 
3520.901808  	95.417233 
3521.259115  	95.725276 
3521.616422  	95.772705 
3521.973729  	95.694874 
3522.331036  	95.832424 
3522.688343  	95.763277 
3523.045649  	95.567515 
3523.402956  	95.437910 
3523.760263  	95.319687 
3524.117570  	95.563579 
3524.474877  	95.690554 
3524.832184  	95.613266 
3525.189491  	95.854414 
3525.546797  	96.050488 
3525.904104  	95.851817 
3526.261411  	95.434288 
3526.618718  	95.497187 
3526.976025  	95.937831 
3527.333332  	95.757066 
3527.690639  	95.375030 
3528.047945  	95.665004 
3528.405252  	96.150077 
3528.762559  	95.974519 
3529.119866  	95.508987 
3529.477173  	95.606478 
3529.834480  	95.699900 
3530.191787  	95.582116 
3530.549093  	95.683675 
3530.906400  	95.617126 
3531.263707  	95.507377 
3531.621014  	95.512305 
3531.978321  	95.402018 
3532.335628  	95.427073 
3532.692935  	95.422890 
3533.050241  	95.278533 
3533.407548  	95.309378 
3533.764855  	95.409436 
3534.122162  	95.331293 
3534.479469  	95.076735 
3534.836776  	95.114372 
3535.194083  	95.490620 
3535.551390  	95.598395 
3535.908696  	95.761214 
3536.266003  	96.090077 
3536.623310  	95.704409 
3536.980617  	95.011993 
3537.337924  	94.896086 
3537.695231  	95.033125 
3538.052538  	95.220843 
3538.409844  	95.682247 
3538.767151  	95.950441 
3539.124458  	95.582207 
3539.481765  	95.239995 
3539.839072  	95.299117 
3540.196379  	95.404941 
3540.553686  	95.409974 
3540.910992  	95.209665 
3541.268299  	95.057591 
3541.625606  	95.320065 
3541.982913  	95.785386 
3542.340220  	95.990492 
3542.697527  	95.684383 
3543.054834  	95.324079 
3543.412140  	95.370996 
3543.769447  	95.562709 
3544.126754  	95.755976 
3544.484061  	96.143632 
3544.841368  	96.498025 
3545.198675  	96.194117 
3545.555982  	95.579269 
3545.913288  	95.532926 
3546.270595  	95.773677 
3546.627902  	96.001473 
3546.985209  	96.067406 
3547.342516  	95.408007 
3547.699823  	94.893311 
3548.057130  	95.279033 
3548.414437  	95.369651 
3548.771743  	95.077597 
3549.129050  	95.255645 
3549.486357  	95.562569 
3549.843664  	95.638237 
3550.200971  	95.644298 
3550.558278  	95.694405 
3550.915585  	95.889617 
3551.272891  	95.974655 
3551.630198  	96.021886 
3551.987505  	96.150996 
3552.344812  	95.789007 
3552.702119  	95.151647 
3553.059426  	95.088820 
3553.416733  	95.382560 
3553.774039  	95.360689 
3554.131346  	95.235617 
3554.488653  	95.519285 
3554.845960  	95.679219 
3555.203267  	95.355971 
3555.560574  	95.218160 
3555.917881  	95.482553 
3556.275187  	95.644596 
3556.632494  	95.569824 
3556.989801  	95.492443 
3557.347108  	95.428608 
3557.704415  	95.454345 
3558.061722  	95.498612 
3558.419029  	95.292934 
3558.776335  	95.304528 
3559.133642  	95.857156 
3559.490949  	96.200828 
3559.848256  	95.912230 
3560.205563  	95.409333 
3560.562870  	95.068596 
3560.920177  	95.165517 
3561.277484  	95.505231 
3561.634790  	95.581414 
3561.992097  	95.565799 
3562.349404  	95.522501 
3562.706711  	95.377657 
3563.064018  	95.602660 
3563.421325  	95.852465 
3563.778632  	95.610526 
3564.135938  	95.488089 
3564.493245  	95.845951 
3564.850552  	96.255341 
3565.207859  	96.524994 
3565.565166  	96.721973 
3565.922473  	96.299964 
3566.279780  	95.527911 
3566.637086  	95.628328 
3566.994393  	95.455512 
3567.351700  	94.860161 
3567.709007  	95.385181 
3568.066314  	95.653926 
3568.423621  	94.504817 
3568.780928  	93.653184 
3569.138234  	94.340738 
3569.495541  	95.431672 
3569.852848  	95.852784 
3570.210155  	95.793594 
3570.567462  	95.804677 
3570.924769  	95.718900 
3571.282076  	95.592510 
3571.639382  	95.691261 
3571.996689  	95.776909 
3572.353996  	95.648440 
3572.711303  	95.558348 
3573.068610  	95.643523 
3573.425917  	95.508612 
3573.783224  	95.416563 
3574.140531  	95.807278 
3574.497837  	95.885565 
3574.855144  	95.568521 
3575.212451  	95.505498 
3575.569758  	95.481983 
3575.927065  	95.552174 
3576.284372  	95.697943 
3576.641679  	95.784751 
3576.998985  	96.135169 
3577.356292  	96.295740 
3577.713599  	95.967915 
3578.070906  	95.749002 
3578.428213  	95.681714 
3578.785520  	95.590513 
3579.142827  	95.666615 
3579.500133  	95.726157 
3579.857440  	95.402087 
3580.214747  	95.075753 
3580.572054  	95.118664 
3580.929361  	95.342691 
3581.286668  	95.496205 
3581.643975  	95.542834 
3582.001281  	95.802475 
3582.358588  	96.051385 
3582.715895  	95.950327 
3583.073202  	95.824554 
3583.430509  	95.694700 
3583.787816  	95.503223 
3584.145123  	95.288168 
3584.502429  	95.332290 
3584.859736  	95.786185 
3585.217043  	96.085245 
3585.574350  	96.326592 
3585.931657  	96.530759 
3586.288964  	96.206126 
3586.646271  	95.571349 
3587.003577  	94.848513 
3587.360884  	94.881874 
3587.718191  	95.720709 
3588.075498  	96.089690 
3588.432805  	95.904796 
3588.790112  	95.152892 
3589.147419  	93.929280 
3589.504726  	93.653578 
3589.862032  	94.457748 
3590.219339  	95.109160 
3590.576646  	95.467651 
3590.933953  	95.607529 
3591.291260  	95.394427 
3591.648567  	95.369179 
3592.005874  	95.677918 
3592.363180  	96.021620 
3592.720487  	96.248708 
3593.077794  	95.896153 
3593.435101  	95.351558 
3593.792408  	95.341257 
3594.149715  	95.754051 
3594.507022  	96.126470 
3594.864328  	96.058610 
3595.221635  	95.595297 
3595.578942  	94.791290 
3595.936249  	94.317191 
3596.293556  	94.896139 
3596.650863  	95.422315 
3597.008170  	95.556896 
3597.365476  	95.761704 
3597.722783  	95.874399 
3598.080090  	95.676280 
3598.437397  	95.315642 
3598.794704  	95.196784 
3599.152011  	95.449556 
3599.509318  	95.882407 
3599.866624  	95.990161 
3600.223931  	95.770071 
3600.581238  	95.876741 
3600.938545  	95.911601 
3601.295852  	95.379670 
3601.653159  	94.850518 
3602.010466  	94.992752 
3602.367773  	95.595029 
3602.725079  	95.784363 
3603.082386  	95.536940 
3603.439693  	95.532074 
3603.797000  	95.737104 
3604.154307  	95.708927 
3604.511614  	95.502248 
3604.868921  	95.407434 
3605.226227  	95.424867 
3605.583534  	95.735743 
3605.940841  	96.269617 
3606.298148  	96.512409 
3606.655455  	96.469434 
3607.012762  	96.160923 
3607.370069  	95.277393 
3607.727375  	94.623798 
3608.084682  	95.464591 
3608.441989  	96.600619 
3608.799296  	96.792411 
3609.156603  	96.420274 
3609.513910  	95.240489 
3609.871217  	94.100590 
3610.228523  	94.466910 
3610.585830  	94.947035 
3610.943137  	95.394273 
3611.300444  	96.092318 
3611.657751  	96.452723 
3612.015058  	96.303516 
3612.372365  	95.905444 
3612.729671  	95.293882 
3613.086978  	94.320242 
3613.444285  	94.370478 
3613.801592  	95.328978 
3614.158899  	95.728371 
3614.516206  	95.813830 
3614.873513  	95.362359 
3615.230820  	94.660733 
3615.588126  	94.919739 
3615.945433  	95.324746 
3616.302740  	95.466157 
3616.660047  	95.648292 
3617.017354  	95.918154 
3617.374661  	96.258027 
3617.731968  	95.802451 
3618.089274  	94.770672 
3618.446581  	95.007940 
3618.803888  	96.063083 
3619.161195  	96.554821 
3619.518502  	96.400472 
3619.875809  	95.196990 
3620.233116  	93.857509 
3620.590422  	94.358594 
3620.947729  	95.228523 
3621.305036  	95.202340 
3621.662343  	94.783904 
3622.019650  	94.876065 
3622.376957  	95.371530 
3622.734264  	95.414845 
3623.091570  	95.350027 
3623.448877  	95.503595 
3623.806184  	95.450085 
3624.163491  	95.285548 
3624.520798  	95.288907 
3624.878105  	95.711086 
3625.235412  	96.042026 
3625.592718  	95.881458 
3625.950025  	95.821572 
3626.307332  	95.814746 
3626.664639  	95.766941 
3627.021946  	95.782012 
3627.379253  	95.957227 
3627.736560  	96.808680 
3628.093867  	97.741435 
3628.451173  	97.327317 
3628.808480  	95.790168 
3629.165787  	95.325439 
3629.523094  	95.234529 
3629.880401  	93.324664 
3630.237708  	91.878176 
3630.595015  	93.199098 
3630.952321  	94.617547 
3631.309628  	94.862291 
3631.666935  	95.088470 
3632.024242  	95.668678 
3632.381549  	95.761637 
3632.738856  	95.993421 
3633.096163  	96.442322 
3633.453469  	96.100991 
3633.810776  	95.555479 
3634.168083  	95.056486 
3634.525390  	94.465833 
3634.882697  	94.612943 
3635.240004  	95.080130 
3635.597311  	95.277890 
3635.954617  	95.477539 
3636.311924  	95.592508 
3636.669231  	95.414178 
3637.026538  	95.462105 
3637.383845  	95.780699 
3637.741152  	95.783322 
3638.098459  	95.505644 
3638.455765  	95.210318 
3638.813072  	95.194662 
3639.170379  	95.295191 
3639.527686  	95.093654 
3639.884993  	95.189721 
3640.242300  	95.663018 
3640.599607  	95.799877 
3640.956914  	95.788356 
3641.314220  	95.914428 
3641.671527  	96.010497 
3642.028834  	95.940617 
3642.386141  	95.688669 
3642.743448  	95.529668 
3643.100755  	95.702532 
3643.458062  	95.967662 
3643.815368  	96.019718 
3644.172675  	96.053609 
3644.529982  	96.071303 
3644.887289  	95.796290 
3645.244596  	95.627978 
3645.601903  	95.869480 
3645.959210  	96.399440 
3646.316516  	97.106902 
3646.673823  	97.289276 
3647.031130  	96.824131 
3647.388437  	96.017825 
3647.745744  	94.555022 
3648.103051  	94.346573 
3648.460358  	96.107208 
3648.817664  	97.310005 
3649.174971  	96.996599 
3649.532278  	95.252610 
3649.889585  	93.873767 
3650.246892  	95.060315 
3650.604199  	96.067402 
3650.961506  	95.281998 
3651.318812  	93.869777 
3651.676119  	93.446013 
3652.033426  	94.136461 
3652.390733  	94.998510 
3652.748040  	95.540974 
3653.105347  	95.784769 
3653.462654  	95.649925 
3653.819961  	95.375201 
3654.177267  	95.156773 
3654.534574  	95.236668 
3654.891881  	96.101109 
3655.249188  	97.009454 
3655.606495  	96.864225 
3655.963802  	96.303272 
3656.321109  	95.758567 
3656.678415  	94.308985 
3657.035722  	93.314755 
3657.393029  	94.324300 
3657.750336  	95.313052 
3658.107643  	95.370134 
3658.464950  	95.481241 
3658.822257  	95.854703 
3659.179563  	95.710385 
3659.536870  	95.338763 
3659.894177  	95.382317 
3660.251484  	95.568751 
3660.608791  	95.564535 
3660.966098  	95.549960 
3661.323405  	95.477124 
3661.680711  	95.247959 
3662.038018  	95.083268 
3662.395325  	95.051412 
3662.752632  	95.355843 
3663.109939  	95.773013 
3663.467246  	95.696760 
3663.824553  	95.500884 
3664.181859  	95.413914 
3664.539166  	95.350637 
3664.896473  	95.560627 
3665.253780  	95.678028 
3665.611087  	95.627782 
3665.968394  	95.725827 
3666.325701  	95.768770 
3666.683008  	95.720706 
3667.040314  	95.695266 
3667.397621  	95.838645 
3667.754928  	96.335080 
3668.112235  	96.790871 
3668.469542  	96.560703 
3668.826849  	95.753204 
3669.184156  	95.027499 
3669.541462  	95.377731 
3669.898769  	96.888089 
3670.256076  	97.449804 
3670.613383  	95.972504 
3670.970690  	93.902366 
3671.327997  	92.618693 
3671.685304  	93.011871 
3672.042610  	94.226058 
3672.399917  	94.908655 
3672.757224  	95.321355 
3673.114531  	95.882166 
3673.471838  	96.417395 
3673.829145  	97.078824 
3674.186452  	97.779321 
3674.543758  	98.004224 
3674.901065  	97.523284 
3675.258372  	95.861786 
3675.615679  	93.766642 
3675.972986  	93.534372 
3676.330293  	93.351597 
3676.687600  	93.131478 
3677.044906  	94.397038 
3677.402213  	95.103273 
3677.759520  	95.076413 
3678.116827  	95.388050 
3678.474134  	95.762063 
3678.831441  	96.032658 
3679.188748  	96.073198 
3679.546054  	95.460742 
3679.903361  	94.563652 
3680.260668  	94.450670 
3680.617975  	95.235574 
3680.975282  	95.596972 
3681.332589  	95.330080 
3681.689896  	95.359200 
3682.047203  	95.583384 
3682.404509  	95.396475 
3682.761816  	95.015186 
3683.119123  	95.020675 
3683.476430  	95.450669 
3683.833737  	95.773296 
3684.191044  	95.628842 
3684.548351  	95.470623 
3684.905657  	95.584073 
3685.262964  	95.546307 
3685.620271  	95.611274 
3685.977578  	95.863336 
3686.334885  	95.802935 
3686.692192  	95.829568 
3687.049499  	96.414915 
3687.406805  	97.149763 
3687.764112  	97.485350 
3688.121419  	97.431719 
3688.478726  	96.166636 
3688.836033  	93.016425 
3689.193340  	91.913652 
3689.550647  	93.593903 
3689.907953  	95.186826 
3690.265260  	96.207049 
3690.622567  	96.485554 
3690.979874  	96.060128 
3691.337181  	94.900478 
3691.694488  	93.829639 
3692.051795  	93.926318 
3692.409101  	94.440594 
3692.766408  	95.008148 
3693.123715  	95.248165 
3693.481022  	95.006587 
3693.838329  	95.143184 
3694.195636  	95.471511 
3694.552943  	95.555045 
3694.910250  	95.482472 
3695.267556  	95.400338 
3695.624863  	95.464056 
3695.982170  	95.461903 
3696.339477  	95.374177 
3696.696784  	95.193831 
3697.054091  	95.173950 
3697.411398  	95.542118 
3697.768704  	95.765334 
3698.126011  	95.665336 
3698.483318  	95.271301 
3698.840625  	95.072169 
3699.197932  	95.326797 
3699.555239  	95.275462 
3699.912546  	95.199973 
3700.269852  	95.412367 
3700.627159  	95.730849 
3700.984466  	96.469044 
3701.341773  	96.885855 
3701.699080  	96.245393 
3702.056387  	95.077211 
3702.413694  	94.353816 
3702.771000  	94.690964 
3703.128307  	95.151794 
3703.485614  	95.391535 
3703.842921  	95.565017 
3704.200228  	95.560655 
3704.557535  	95.775103 
3704.914842  	96.038703 
3705.272148  	95.913655 
3705.629455  	95.691792 
3705.986762  	95.417955 
3706.344069  	95.380577 
3706.701376  	95.736623 
3707.058683  	95.620863 
3707.415990  	95.196833 
3707.773297  	95.480552 
3708.130603  	96.114768 
3708.487910  	96.541116 
3708.845217  	96.766186 
3709.202524  	96.427698 
3709.559831  	95.584979 
3709.917138  	94.648534 
3710.274445  	94.088719 
3710.631751  	94.778127 
3710.989058  	96.265935 
3711.346365  	97.297382 
3711.703672  	97.317473 
3712.060979  	96.398268 
3712.418286  	94.285353 
3712.775593  	92.431061 
3713.132899  	93.091141 
3713.490206  	94.440905 
3713.847513  	95.096818 
3714.204820  	95.512978 
3714.562127  	95.792779 
3714.919434  	95.319739 
3715.276741  	94.425433 
3715.634047  	94.634398 
3715.991354  	95.560842 
3716.348661  	95.694812 
3716.705968  	95.419035 
3717.063275  	95.345145 
3717.420582  	95.433527 
3717.777889  	95.649710 
3718.135195  	95.694292 
3718.492502  	95.697384 
3718.849809  	95.745305 
3719.207116  	95.391756 
3719.564423  	94.630716 
3719.921730  	94.455363 
3720.279037  	95.310486 
3720.636344  	95.958888 
3720.993650  	96.110181 
3721.350957  	96.396535 
3721.708264  	96.347365 
3722.065571  	95.993057 
3722.422878  	95.301167 
3722.780185  	94.223476 
3723.137492  	94.219685 
3723.494798  	95.049703 
3723.852105  	95.794370 
3724.209412  	96.093944 
3724.566719  	95.805339 
3724.924026  	95.626416 
3725.281333  	95.742647 
3725.638640  	95.901138 
3725.995946  	96.041737 
3726.353253  	95.909635 
3726.710560  	95.522407 
3727.067867  	95.073846 
3727.425174  	94.922313 
3727.782481  	95.005279 
3728.139788  	95.196362 
3728.497094  	95.675707 
3728.854401  	95.815612 
3729.211708  	95.476058 
3729.569015  	95.493978 
3729.926322  	95.726550 
3730.283629  	95.564781 
3730.640936  	95.477600 
3730.998242  	96.059977 
3731.355549  	96.760661 
3731.712856  	97.035826 
3732.070163  	96.813557 
3732.427470  	95.314411 
3732.784777  	93.506701 
3733.142084  	94.222611 
3733.499391  	95.942709 
3733.856697  	96.713003 
3734.214004  	97.010463 
3734.571311  	97.333861 
3734.928618  	96.545261 
3735.285925  	94.583294 
3735.643232  	93.449648 
3736.000539  	93.912917 
3736.357845  	95.253931 
3736.715152  	95.587821 
3737.072459  	94.339714 
3737.429766  	93.673774 
3737.787073  	94.653481 
3738.144380  	95.601365 
3738.501687  	95.533234 
3738.858993  	94.838425 
3739.216300  	95.002926 
3739.573607  	95.771974 
3739.930914  	95.853687 
3740.288221  	95.526299 
3740.645528  	95.387589 
3741.002835  	95.351230 
3741.360141  	95.008102 
3741.717448  	94.522402 
3742.074755  	94.793747 
3742.432062  	95.609920 
3742.789369  	96.418072 
3743.146676  	97.371668 
3743.503983  	98.432936 
3743.861289  	99.254695 
3744.218596  	98.638056 
3744.575903  	95.084070 
3744.933210  	90.389800 
3745.290517  	88.667099 
3745.647824  	90.087785 
3746.005131  	92.640203 
3746.362438  	94.474967 
3746.719744  	95.273031 
3747.077051  	95.302904 
3747.434358  	95.193029 
3747.791665  	95.483679 
3748.148972  	96.173226 
3748.506279  	96.818675 
3748.863586  	97.040555 
3749.220892  	96.737762 
3749.578199  	94.807076 
3749.935506  	91.927368 
3750.292813  	92.440623 
3750.650120  	94.926415 
3751.007427  	96.516066 
3751.364734  	97.156411 
3751.722040  	97.709711 
3752.079347  	97.369443 
3752.436654  	94.385956 
3752.793961  	91.612269 
3753.151268  	92.286230 
3753.508575  	93.961490 
3753.865882  	94.974256 
3754.223188  	95.269459 
3754.580495  	95.241384 
3754.937802  	95.259810 
3755.295109  	95.541514 
3755.652416  	96.109056 
3756.009723  	96.196831 
3756.367030  	95.655322 
3756.724336  	95.168967 
3757.081643  	94.600361 
3757.438950  	94.239311 
3757.796257  	94.772748 
3758.153564  	95.542541 
3758.510871  	95.948567 
3758.868178  	96.196238 
3759.225484  	96.428113 
3759.582791  	96.239880 
3759.940098  	95.238085 
3760.297405  	94.162229 
3760.654712  	94.082036 
3761.012019  	94.540447 
3761.369326  	95.010603 
3761.726633  	95.394843 
3762.083939  	95.190584 
3762.441246  	94.967436 
3762.798553  	95.199417 
3763.155860  	95.030648 
3763.513167  	94.851449 
3763.870474  	95.321607 
3764.227781  	95.810349 
3764.585087  	96.052043 
3764.942394  	96.061295 
3765.299701  	95.940862 
3765.657008  	95.743645 
3766.014315  	94.774807 
3766.371622  	93.739065 
3766.728929  	94.032160 
3767.086235  	94.536706 
3767.443542  	94.822142 
3767.800849  	95.445183 
3768.158156  	95.822944 
3768.515463  	95.901962 
3768.872770  	96.167269 
3769.230077  	96.324953 
3769.587383  	96.156677 
3769.944690  	95.258239 
3770.301997  	94.049257 
3770.659304  	93.731961 
3771.016611  	94.100142 
3771.373918  	94.796251 
3771.731225  	95.109468 
3772.088531  	94.768686 
3772.445838  	94.715354 
3772.803145  	94.977898 
3773.160452  	95.339707 
3773.517759  	95.601445 
3773.875066  	95.497812 
3774.232373  	95.390016 
3774.589680  	95.222707 
3774.946986  	95.076667 
3775.304293  	95.047318 
3775.661600  	95.054471 
3776.018907  	95.356509 
3776.376214  	95.592862 
3776.733521  	95.624453 
3777.090828  	95.662252 
3777.448134  	95.722213 
3777.805441  	95.841799 
3778.162748  	95.829207 
3778.520055  	95.993791 
3778.877362  	96.139601 
3779.234669  	95.776044 
3779.591976  	95.364423 
3779.949282  	94.550280 
3780.306589  	93.988273 
3780.663896  	94.773663 
3781.021203  	95.537700 
3781.378510  	95.719703 
3781.735817  	95.671167 
3782.093124  	95.303945 
3782.450430  	94.927096 
3782.807737  	95.025155 
3783.165044  	95.311298 
3783.522351  	95.461744 
3783.879658  	95.571289 
3784.236965  	95.631050 
3784.594272  	95.560609 
3784.951578  	95.238166 
3785.308885  	94.834814 
3785.666192  	94.824072 
3786.023499  	95.150802 
3786.380806  	95.408595 
3786.738113  	95.309980 
3787.095420  	95.235355 
3787.452727  	95.525681 
3787.810033  	95.790444 
3788.167340  	95.802195 
3788.524647  	95.439482 
3788.881954  	95.122532 
3789.239261  	95.362076 
3789.596568  	95.565164 
3789.953875  	95.540050 
3790.311181  	95.617111 
3790.668488  	95.702946 
3791.025795  	95.683446 
3791.383102  	95.558448 
3791.740409  	95.482503 
3792.097716  	95.359087 
3792.455023  	95.282578 
3792.812329  	95.514615 
3793.169636  	95.606715 
3793.526943  	95.439285 
3793.884250  	95.288792 
3794.241557  	95.063404 
3794.598864  	95.077928 
3794.956171  	95.677447 
3795.313477  	96.184262 
3795.670784  	96.128310 
3796.028091  	96.070080 
3796.385398  	95.806925 
3796.742705  	94.826050 
3797.100012  	94.169540 
3797.457319  	94.553695 
3797.814625  	95.021103 
3798.171932  	94.970692 
3798.529239  	94.914180 
3798.886546  	95.284751 
3799.243853  	95.620509 
3799.601160  	95.773321 
3799.958467  	96.126103 
3800.315774  	96.743152 
3800.673080  	97.041803 
3801.030387  	96.646578 
3801.387694  	95.631457 
3801.745001  	93.718935 
3802.102308  	92.570861 
3802.459615  	93.746326 
3802.816922  	95.087467 
3803.174228  	95.223793 
3803.531535  	94.589926 
3803.888842  	94.596690 
3804.246149  	95.128052 
3804.603456  	95.388259 
3804.960763  	95.626194 
3805.318070  	95.700924 
3805.675376  	95.831904 
3806.032683  	96.593000 
3806.389990  	97.343499 
3806.747297  	97.211959 
3807.104604  	95.522703 
3807.461911  	93.032450 
3807.819218  	92.534952 
3808.176524  	93.727761 
3808.533831  	94.720120 
3808.891138  	95.313258 
3809.248445  	95.638942 
3809.605752  	95.598658 
3809.963059  	95.359113 
3810.320366  	95.121095 
3810.677672  	94.836452 
3811.034979  	94.830401 
3811.392286  	95.201342 
3811.749593  	95.557811 
3812.106900  	95.682237 
3812.464207  	95.537997 
3812.821514  	95.282642 
3813.178821  	95.034965 
3813.536127  	95.060252 
3813.893434  	95.463508 
3814.250741  	95.786811 
3814.608048  	96.026743 
3814.965355  	96.517488 
3815.322662  	97.342742 
3815.679969  	97.855693 
3816.037275  	96.725495 
3816.394582  	94.038163 
3816.751889  	91.934456 
3817.109196  	92.488378 
3817.466503  	94.226635 
3817.823810  	95.141548 
3818.181117  	95.279385 
3818.538423  	95.287921 
3818.895730  	95.274675 
3819.253037  	95.620773 
3819.610344  	96.300713 
3819.967651  	96.829672 
3820.324958  	97.169939 
3820.682265  	97.350787 
3821.039571  	96.485055 
3821.396878  	94.619276 
3821.754185  	94.231521 
3822.111492  	94.129706 
3822.468799  	93.412252 
3822.826106  	94.313043 
3823.183413  	95.419633 
3823.540719  	95.223879 
3823.898026  	95.032649 
3824.255333  	95.375238 
3824.612640  	95.402771 
3824.969947  	95.190006 
3825.327254  	95.255945 
3825.684561  	95.496202 
3826.041868  	95.543301 
3826.399174  	95.462633 
3826.756481  	95.332732 
3827.113788  	94.739216 
3827.471095  	94.146711 
3827.828402  	94.490608 
3828.185709  	95.135959 
3828.543016  	95.413360 
3828.900322  	95.246608 
3829.257629  	94.998709 
3829.614936  	95.210501 
3829.972243  	95.451161 
3830.329550  	95.602867 
3830.686857  	96.156605 
3831.044164  	96.598599 
3831.401470  	96.417643 
3831.758777  	95.506910 
3832.116084  	94.125601 
3832.473391  	93.538769 
3832.830698  	94.102877 
3833.188005  	94.968160 
3833.545312  	95.672437 
3833.902618  	96.291071 
3834.259925  	96.827827 
3834.617232  	96.801733 
3834.974539  	95.996284 
3835.331846  	94.552168 
3835.689153  	93.554052 
3836.046460  	94.206701 
3836.403766  	95.539917 
3836.761073  	96.665774 
3837.118380  	97.440710 
3837.475687  	97.631306 
3837.832994  	96.433687 
3838.190301  	93.702915 
3838.547608  	92.274260 
3838.904914  	93.572163 
3839.262221  	95.146852 
3839.619528  	95.916257 
3839.976835  	96.154540 
3840.334142  	95.922828 
3840.691449  	95.201288 
3841.048756  	94.531938 
3841.406063  	94.050688 
3841.763369  	94.161839 
3842.120676  	94.959040 
3842.477983  	95.717527 
3842.835290  	96.271550 
3843.192597  	96.311217 
3843.549904  	95.961648 
3843.907211  	95.212178 
3844.264517  	94.008691 
3844.621824  	93.973716 
3844.979131  	94.729711 
3845.336438  	95.027638 
3845.693745  	95.042870 
3846.051052  	94.878900 
3846.408359  	95.017010 
3846.765665  	95.508709 
3847.122972  	95.547921 
3847.480279  	95.306012 
3847.837586  	95.534101 
3848.194893  	95.825160 
3848.552200  	95.603975 
3848.909507  	95.658059 
3849.266813  	95.901475 
3849.624120  	95.492998 
3849.981427  	95.131618 
3850.338734  	95.329377 
3850.696041  	95.956328 
3851.053348  	96.806179 
3851.410655  	97.356900 
3851.767961  	97.175748 
3852.125268  	96.063515 
3852.482575  	94.785607 
3852.839882  	94.777200 
3853.197189  	96.693431 
3853.554496  	98.766948 
3853.911803  	98.162656 
3854.269110  	94.339161 
3854.626416  	90.319692 
3854.983723  	89.767057 
3855.341030  	92.161029 
3855.698337  	94.263314 
3856.055644  	95.168631 
3856.412951  	95.606070 
3856.770258  	95.797548 
3857.127564  	95.760958 
3857.484871  	95.325231 
3857.842178  	94.578800 
3858.199485  	94.434884 
3858.556792  	94.841655 
3858.914099  	95.156221 
3859.271406  	95.449651 
3859.628712  	95.555769 
3859.986019  	95.368758 
3860.343326  	95.618417 
3860.700633  	96.099612 
3861.057940  	96.185751 
3861.415247  	96.168642 
3861.772554  	95.904585 
3862.129860  	95.138395 
3862.487167  	94.373412 
3862.844474  	94.592575 
3863.201781  	95.638095 
3863.559088  	96.309804 
3863.916395  	96.625590 
3864.273702  	96.784813 
3864.631008  	96.359716 
3864.988315  	95.855013 
3865.345622  	94.698664 
3865.702929  	93.115761 
3866.060236  	93.351853 
3866.417543  	94.387550 
3866.774850  	94.987622 
3867.132157  	95.266067 
3867.489463  	95.158748 
3867.846770  	95.208551 
3868.204077  	95.808491 
3868.561384  	96.606660 
3868.918691  	97.338418 
3869.275998  	97.524091 
3869.633305  	96.581738 
3869.990611  	94.915504 
3870.347918  	93.643899 
3870.705225  	92.891305 
3871.062532  	93.381051 
3871.419839  	94.657564 
3871.777146  	95.090917 
3872.134453  	95.002054 
3872.491759  	95.244192 
3872.849066  	95.583306 
3873.206373  	96.058191 
3873.563680  	96.613796 
3873.920987  	96.587865 
3874.278294  	95.659038 
3874.635601  	94.444980 
3874.992907  	94.234792 
3875.350214  	94.730815 
3875.707521  	94.979771 
3876.064828  	95.093465 
3876.422135  	95.237594 
3876.779442  	95.353163 
3877.136749  	95.404012 
3877.494055  	95.456485 
3877.851362  	95.608406 
3878.208669  	95.807300 
3878.565976  	95.878487 
3878.923283  	95.843734 
3879.280590  	96.048862 
3879.637897  	96.316359 
3879.995204  	96.181858 
3880.352510  	95.377089 
3880.709817  	93.843432 
3881.067124  	93.297370 
3881.424431  	93.876953 
3881.781738  	94.173148 
3882.139045  	94.673348 
3882.496352  	95.357823 
3882.853658  	95.732461 
3883.210965  	95.811654 
3883.568272  	95.490343 
3883.925579  	95.198312 
3884.282886  	95.425152 
3884.640193  	96.195368 
3884.997500  	97.091936 
3885.354806  	97.079936 
3885.712113  	95.954925 
3886.069420  	93.969144 
3886.426727  	92.074636 
3886.784034  	92.589288 
3887.141341  	94.201886 
3887.498648  	94.960271 
3887.855954  	95.196106 
3888.213261  	95.301325 
3888.570568  	95.175985 
3888.927875  	95.337568 
3889.285182  	95.557051 
3889.642489  	95.417637 
3889.999796  	95.706110 
3890.357102  	96.330515 
3890.714409  	96.464858 
3891.071716  	96.193082 
3891.429023  	95.445482 
3891.786330  	94.062545 
3892.143637  	93.305092 
3892.500944  	93.909303 
3892.858251  	94.688810 
3893.215557  	95.068221 
3893.572864  	95.357361 
3893.930171  	95.625885 
3894.287478  	95.523615 
3894.644785  	95.026977 
3895.002092  	94.706254 
3895.359399  	94.832967 
3895.716705  	95.083674 
3896.074012  	95.320059 
3896.431319  	95.499549 
3896.788626  	95.573576 
3897.145933  	95.526167 
3897.503240  	95.544999 
3897.860547  	95.908730 
3898.217853  	96.252503 
3898.575160  	96.281925 
3898.932467  	96.214001 
3899.289774  	95.858152 
3899.647081  	94.664619 
3900.004388  	93.417410 
3900.361695  	94.109212 
3900.719001  	95.648697 
3901.076308  	96.268647 
3901.433615  	96.104532 
3901.790922  	95.744234 
3902.148229  	95.054003 
3902.505536  	94.162251 
3902.862843  	94.666306 
3903.220149  	96.121891 
3903.577456  	96.601246 
3903.934763  	96.294785 
3904.292070  	95.679357 
3904.649377  	94.152352 
3905.006684  	93.445946 
3905.363991  	94.318389 
3905.721298  	94.974827 
3906.078604  	95.154928 
3906.435911  	94.973847 
3906.793218  	94.547013 
3907.150525  	94.700690 
3907.507832  	95.240132 
3907.865139  	95.458531 
3908.222446  	95.644317 
3908.579752  	95.746636 
3908.937059  	95.537737 
3909.294366  	95.321283 
3909.651673  	95.058644 
3910.008980  	95.165755 
3910.366287  	95.595471 
3910.723594  	95.488726 
3911.080900  	95.110886 
3911.438207  	94.895850 
3911.795514  	94.995099 
3912.152821  	95.298143 
3912.510128  	95.399882 
3912.867435  	95.562376 
3913.224742  	95.632101 
3913.582048  	95.392019 
3913.939355  	95.215038 
3914.296662  	95.022529 
3914.653969  	94.891656 
3915.011276  	95.089892 
3915.368583  	95.507290 
3915.725890  	95.875614 
3916.083196  	96.175942 
3916.440503  	96.253542 
3916.797810  	95.695922 
3917.155117  	95.124779 
3917.512424  	94.640125 
3917.869731  	94.028900 
3918.227038  	94.443244 
3918.584344  	95.217754 
3918.941651  	95.467934 
3919.298958  	95.683101 
3919.656265  	95.716672 
3920.013572  	95.358194 
3920.370879  	94.654643 
3920.728186  	94.078358 
3921.085493  	94.411726 
3921.442799  	94.992163 
3921.800106  	95.188456 
3922.157413  	95.284275 
3922.514720  	95.378749 
3922.872027  	95.462816 
3923.229334  	95.753584 
3923.586641  	95.947899 
3923.943947  	95.655738 
3924.301254  	95.339643 
3924.658561  	95.216450 
3925.015868  	95.249838 
3925.373175  	95.295221 
3925.730482  	94.961552 
3926.087789  	94.848142 
3926.445095  	95.149558 
3926.802402  	95.421614 
3927.159709  	95.709723 
3927.517016  	95.797782 
3927.874323  	95.656039 
3928.231630  	95.388029 
3928.588937  	95.206964 
3928.946243  	95.512353 
3929.303550  	95.628469 
3929.660857  	95.296649 
3930.018164  	95.244846 
3930.375471  	95.199748 
3930.732778  	95.046301 
3931.090085  	95.315162 
3931.447391  	95.703847 
3931.804698  	95.794479 
3932.162005  	95.523738 
3932.519312  	94.751991 
3932.876619  	94.142308 
3933.233926  	94.240596 
3933.591233  	94.610674 
3933.948540  	95.012534 
3934.305846  	95.133175 
3934.663153  	95.011833 
3935.020460  	95.044544 
3935.377767  	95.017350 
3935.735074  	94.955731 
3936.092381  	94.963333 
3936.449688  	95.032600 
3936.806994  	95.278756 
3937.164301  	95.355019 
3937.521608  	95.228642 
3937.878915  	95.291798 
3938.236222  	95.452238 
3938.593529  	95.157006 
3938.950836  	94.610956 
3939.308142  	94.785933 
3939.665449  	95.190803 
3940.022756  	95.175053 
3940.380063  	95.267959 
3940.737370  	95.293389 
3941.094677  	95.238409 
3941.451984  	95.462831 
3941.809290  	95.512166 
3942.166597  	95.319553 
3942.523904  	95.267217 
3942.881211  	95.111822 
3943.238518  	94.607274 
3943.595825  	94.408844 
3943.953132  	94.760647 
3944.310438  	94.961479 
3944.667745  	94.973470 
3945.025052  	95.065963 
3945.382359  	95.074178 
3945.739666  	95.051091 
3946.096973  	95.211188 
3946.454280  	95.378618 
3946.811587  	95.397141 
3947.168893  	95.411194 
3947.526200  	95.281159 
3947.883507  	94.975245 
3948.240814  	94.868391 
3948.598121  	95.090339 
3948.955428  	95.524559 
3949.312735  	95.746909 
3949.670041  	95.642912 
3950.027348  	95.423754 
3950.384655  	94.850850 
3950.741962  	94.438378 
3951.099269  	94.796671 
3951.456576  	95.270734 
3951.813883  	95.454001 
3952.171189  	95.399511 
3952.528496  	95.292490 
3952.885803  	95.375959 
3953.243110  	95.463235 
3953.600417  	95.383501 
3953.957724  	95.244514 
3954.315031  	95.104786 
3954.672337  	95.061917 
3955.029644  	95.220722 
3955.386951  	95.321889 
3955.744258  	95.182785 
3956.101565  	95.199496 
3956.458872  	95.311172 
3956.816179  	95.112405 
3957.173485  	94.887887 
3957.530792  	94.866412 
3957.888099  	95.057101 
3958.245406  	95.332198 
3958.602713  	95.265360 
3958.960020  	95.158345 
3959.317327  	95.361732 
3959.674634  	95.391910 
3960.031940  	95.192641 
3960.389247  	95.162417 
3960.746554  	95.286805 
3961.103861  	95.280854 
3961.461168  	95.188608 
3961.818475  	95.159060 
3962.175782  	95.092274 
3962.533088  	95.172669 
3962.890395  	95.152143 
3963.247702  	94.857942 
3963.605009  	94.984615 
3963.962316  	95.249619 
3964.319623  	95.341074 
3964.676930  	95.447025 
3965.034236  	95.104613 
3965.391543  	94.909552 
3965.748850  	95.198506 
3966.106157  	95.227574 
3966.463464  	95.310942 
3966.820771  	95.443040 
3967.178078  	95.270753 
3967.535384  	95.119301 
3967.892691  	95.078528 
3968.249998  	95.210171 
3968.607305  	95.400212 
3968.964612  	95.471910 
3969.321919  	95.586281 
3969.679226  	95.602993 
3970.036532  	95.203811 
3970.393839  	94.775234 
3970.751146  	94.968315 
3971.108453  	95.333649 
3971.465760  	95.419669 
3971.823067  	95.479016 
3972.180374  	95.367842 
3972.537681  	95.308598 
3972.894987  	95.361078 
3973.252294  	95.252167 
3973.609601  	95.212294 
3973.966908  	95.037162 
3974.324215  	94.966645 
3974.681522  	95.187755 
3975.038829  	95.240401 
3975.396135  	95.468397 
3975.753442  	95.511702 
3976.110749  	95.103388 
3976.468056  	95.073935 
3976.825363  	95.134486 
3977.182670  	95.066029 
3977.539977  	95.111256 
3977.897283  	95.115148 
3978.254590  	95.204607 
3978.611897  	95.189258 
3978.969204  	95.085120 
3979.326511  	95.267956 
3979.683818  	95.434382 
3980.041125  	95.389738 
3980.398431  	95.307494 
3980.755738  	95.249374 
3981.113045  	95.213864 
3981.470352  	95.178381 
3981.827659  	95.130194 
3982.184966  	95.064475 
3982.542273  	95.141486 
3982.899579  	95.251910 
3983.256886  	95.108078 
3983.614193  	95.017177 
3983.971500  	95.136297 
3984.328807  	95.193471 
3984.686114  	95.234207 
3985.043421  	95.345544 
3985.400728  	95.298341 
3985.758034  	95.063765 
3986.115341  	95.015890 
3986.472648  	95.131287 
3986.829955  	95.180217 
3987.187262  	95.288492 
3987.544569  	95.252614 
3987.901876  	95.056552 
3988.259182  	95.045366 
3988.616489  	94.989883 
3988.973796  	94.926998 
3989.331103  	95.151469 
3989.688410  	95.340472 
3990.045717  	95.376358 
3990.403024  	95.566923 
3990.760330  	95.746972 
3991.117637  	95.484124 
3991.474944  	95.233449 
3991.832251  	95.398575 
3992.189558  	95.435121 
3992.546865  	95.451065 
3992.904172  	95.583246 
3993.261478  	95.256871 
3993.618785  	94.826081 
3993.976092  	94.818358 
3994.333399  	94.961064 
3994.690706  	95.054744 
3995.048013  	95.243067 
3995.405320  	95.529431 
3995.762626  	95.546556 
3996.119933  	95.474199 
3996.477240  	95.535257 
3996.834547  	95.339042 
3997.191854  	95.201778 
3997.549161  	95.342378 
3997.906468  	95.364554 
3998.263775  	95.353007 
3998.621081  	95.170054 
3998.978388  	94.884107 
3999.335695  	94.964355 
3999.693002  	95.001413 
4000.050309  	94.958090 