##TITLE=N20_1-chloro-2-nitrobenzene_3
##DATA TYPE=INFRARED SPECTRUM
##XUNITS=1/CM
##YUNITS=%T
399.826377  	62.053905 
400.183684  	61.084545 
400.540991  	62.668903 
400.898298  	64.235138 
401.255605  	62.988607 
401.612912  	61.102344 
401.970219  	63.742781 
402.327525  	65.820943 
402.684832  	62.451381 
403.042139  	59.033557 
403.399446  	58.119519 
403.756753  	59.052508 
404.114060  	60.681181 
404.471367  	61.168706 
404.828674  	62.662423 
405.185980  	63.346260 
405.543287  	59.838060 
405.900594  	59.642622 
406.257901  	60.986903 
406.615208  	58.544526 
406.972515  	60.491719 
407.329822  	64.302816 
407.687128  	63.798221 
408.044435  	64.701489 
408.401742  	67.065900 
408.759049  	69.182954 
409.116356  	71.662624 
409.473663  	71.716819 
409.830970  	70.588790 
410.188276  	70.758799 
410.545583  	71.686807 
410.902890  	71.441451 
411.260197  	68.603339 
411.617504  	66.746080 
411.974811  	68.474136 
412.332118  	69.817407 
412.689424  	68.108939 
413.046731  	68.037447 
413.404038  	71.729728 
413.761345  	73.743203 
414.118652  	73.690595 
414.475959  	75.764423 
414.833266  	75.551642 
415.190572  	73.635406 
415.547879  	74.425787 
415.905186  	73.337028 
416.262493  	73.046690 
416.619800  	74.610527 
416.977107  	72.300252 
417.334414  	71.367173 
417.691720  	71.703612 
418.049027  	68.544798 
418.406334  	65.486580 
418.763641  	63.298416 
419.120948  	66.371880 
419.478255  	67.263206 
419.835562  	68.731627 
420.192869  	74.356260 
420.550175  	74.947915 
420.907482  	75.116092 
421.264789  	74.893570 
421.622096  	74.478936 
421.979403  	73.687285 
422.336710  	70.439894 
422.694017  	68.780491 
423.051323  	69.690443 
423.408630  	70.018712 
423.765937  	71.576112 
424.123244  	72.273553 
424.480551  	71.703959 
424.837858  	71.247487 
425.195165  	69.160490 
425.552471  	69.573228 
425.909778  	73.139469 
426.267085  	72.690486 
426.624392  	69.638646 
426.981699  	69.104561 
427.339006  	69.314679 
427.696313  	69.523937 
428.053619  	70.468014 
428.410926  	71.118502 
428.768233  	71.594189 
429.125540  	70.220564 
429.482847  	69.549152 
429.840154  	72.170840 
430.197461  	72.780405 
430.554767  	70.719434 
430.912074  	69.974853 
431.269381  	70.203700 
431.626688  	70.991541 
431.983995  	72.233959 
432.341302  	72.794665 
432.698609  	71.396488 
433.055916  	69.746826 
433.413222  	69.815854 
433.770529  	70.108929 
434.127836  	70.425169 
434.485143  	71.140493 
434.842450  	70.931385 
435.199757  	69.259786 
435.557064  	67.310699 
435.914370  	66.596479 
436.271677  	65.572843 
436.628984  	65.436873 
436.986291  	69.102935 
437.343598  	70.728795 
437.700905  	68.860141 
438.058212  	68.701819 
438.415518  	69.841747 
438.772825  	68.815890 
439.130132  	66.236858 
439.487439  	65.019371 
439.844746  	65.414623 
440.202053  	66.106798 
440.559360  	67.300223 
440.916666  	66.984677 
441.273973  	66.400966 
441.631280  	67.484599 
441.988587  	66.821552 
442.345894  	66.240092 
442.703201  	65.100034 
443.060508  	62.934958 
443.417814  	63.543394 
443.775121  	66.908307 
444.132428  	68.193249 
444.489735  	66.130906 
444.847042  	63.824131 
445.204349  	64.138037 
445.561656  	63.277555 
445.918963  	62.947981 
446.276269  	63.938291 
446.633576  	61.841278 
446.990883  	58.639956 
447.348190  	57.725562 
447.705497  	59.648050 
448.062804  	61.579284 
448.420111  	60.960219 
448.777417  	60.119187 
449.134724  	59.433381 
449.492031  	58.609168 
449.849338  	57.350651 
450.206645  	55.952587 
450.563952  	54.850732 
450.921259  	52.581835 
451.278565  	50.503198 
451.635872  	49.619551 
451.993179  	49.386605 
452.350486  	49.299358 
452.707793  	47.923772 
453.065100  	44.116802 
453.422407  	42.126322 
453.779713  	43.100119 
454.137020  	42.104685 
454.494327  	38.984415 
454.851634  	38.914269 
455.208941  	40.136621 
455.566248  	38.357584 
455.923555  	36.065707 
456.280861  	37.903154 
456.638168  	40.253978 
456.995475  	39.324803 
457.352782  	38.847040 
457.710089  	38.108489 
458.067396  	37.442433 
458.424703  	38.429167 
458.782010  	40.246193 
459.139316  	43.028603 
459.496623  	44.899867 
459.853930  	48.307616 
460.211237  	52.559594 
460.568544  	55.979432 
460.925851  	58.987333 
461.283158  	60.568979 
461.640464  	62.424691 
461.997771  	63.958200 
462.355078  	64.483982 
462.712385  	66.420447 
463.069692  	68.567965 
463.426999  	69.686451 
463.784306  	70.230589 
464.141612  	70.709319 
464.498919  	70.432347 
464.856226  	68.922666 
465.213533  	69.084147 
465.570840  	70.036262 
465.928147  	69.879914 
466.285454  	70.366834 
466.642760  	69.881628 
467.000067  	68.606383 
467.357374  	67.991311 
467.714681  	66.673647 
468.071988  	65.743124 
468.429295  	64.146854 
468.786602  	61.405635 
469.143908  	60.236643 
469.501215  	60.721483 
469.858522  	60.959984 
470.215829  	59.243167 
470.573136  	56.600853 
470.930443  	55.773332 
471.287750  	54.437878 
471.645057  	50.771096 
472.002363  	48.696385 
472.359670  	49.438711 
472.716977  	48.353111 
473.074284  	46.436566 
473.431591  	45.344812 
473.788898  	44.521895 
474.146205  	45.430675 
474.503511  	46.887717 
474.860818  	47.662335 
475.218125  	49.611179 
475.575432  	51.931072 
475.932739  	52.800714 
476.290046  	53.139537 
476.647353  	54.573398 
477.004659  	57.268905 
477.361966  	60.373570 
477.719273  	62.806703 
478.076580  	63.560166 
478.433887  	64.349563 
478.791194  	66.496199 
479.148501  	67.529623 
479.505807  	68.138020 
479.863114  	69.364548 
480.220421  	69.120800 
480.577728  	69.156689 
480.935035  	69.979853 
481.292342  	70.805046 
481.649649  	72.265612 
482.006955  	72.526831 
482.364262  	72.938586 
482.721569  	74.590124 
483.078876  	75.306633 
483.436183  	75.442535 
483.793490  	74.787072 
484.150797  	74.360896 
484.508104  	74.887473 
484.865410  	75.070930 
485.222717  	75.969587 
485.580024  	76.284227 
485.937331  	76.262514 
486.294638  	76.971262 
486.651945  	76.264690 
487.009252  	75.780741 
487.366558  	76.652799 
487.723865  	76.836184 
488.081172  	76.665938 
488.438479  	77.227088 
488.795786  	77.732615 
489.153093  	78.018683 
489.510400  	78.153159 
489.867706  	77.264275 
490.225013  	76.366003 
490.582320  	76.723984 
490.939627  	77.557989 
491.296934  	77.785869 
491.654241  	77.829791 
492.011548  	77.855130 
492.368854  	76.724248 
492.726161  	77.083873 
493.083468  	78.366519 
493.440775  	77.060639 
493.798082  	76.627088 
494.155389  	78.194828 
494.512696  	78.470208 
494.870002  	77.960655 
495.227309  	78.142279 
495.584616  	79.352653 
495.941923  	78.761520 
496.299230  	77.843277 
496.656537  	79.807345 
497.013844  	80.248929 
497.371151  	78.691551 
497.728457  	78.134858 
498.085764  	78.687603 
498.443071  	79.735073 
498.800378  	80.049728 
499.157685  	80.828900 
499.514992  	81.601314 
499.872299  	81.448415 
500.229605  	81.272882 
500.586912  	79.431519 
500.944219  	78.046869 
501.301526  	78.598493 
501.658833  	78.669116 
502.016140  	79.045892 
502.373447  	79.903725 
502.730753  	79.228706 
503.088060  	78.283466 
503.445367  	77.602275 
503.802674  	77.731057 
504.159981  	78.035264 
504.517288  	77.473984 
504.874595  	77.021019 
505.231901  	78.056806 
505.589208  	79.804599 
505.946515  	80.343543 
506.303822  	79.570907 
506.661129  	79.160396 
507.018436  	78.995720 
507.375743  	78.495671 
507.733049  	78.830426 
508.090356  	79.120800 
508.447663  	78.994442 
508.804970  	79.343686 
509.162277  	78.854555 
509.519584  	78.109152 
509.876891  	78.500571 
510.234197  	79.007137 
510.591504  	79.203154 
510.948811  	78.810520 
511.306118  	78.509180 
511.663425  	78.681802 
512.020732  	79.028421 
512.378039  	80.179686 
512.735346  	80.019983 
513.092652  	77.915661 
513.449959  	77.677084 
513.807266  	78.974859 
514.164573  	79.154677 
514.521880  	79.047915 
514.879187  	79.148463 
515.236494  	79.109719 
515.593800  	78.820201 
515.951107  	78.022788 
516.308414  	77.923021 
516.665721  	78.510694 
517.023028  	78.899567 
517.380335  	79.198595 
517.737642  	78.824035 
518.094948  	78.926173 
518.452255  	79.744353 
518.809562  	79.544515 
519.166869  	79.553464 
519.524176  	80.016129 
519.881483  	78.871689 
520.238790  	77.612741 
520.596096  	77.654642 
520.953403  	78.082677 
521.310710  	77.340536 
521.668017  	77.017120 
522.025324  	77.727924 
522.382631  	78.275118 
522.739938  	79.424093 
523.097244  	79.942895 
523.454551  	78.590422 
523.811858  	77.483143 
524.169165  	77.884671 
524.526472  	78.660034 
524.883779  	78.138797 
525.241086  	77.607136 
525.598393  	78.432766 
525.955699  	78.694823 
526.313006  	77.525967 
526.670313  	77.362263 
527.027620  	78.136442 
527.384927  	78.564650 
527.742234  	78.565822 
528.099541  	79.228195 
528.456847  	79.147507 
528.814154  	77.802655 
529.171461  	77.521495 
529.528768  	78.330114 
529.886075  	78.881838 
530.243382  	78.725799 
530.600689  	77.883430 
530.957995  	77.590428 
531.315302  	77.850102 
531.672609  	78.011866 
532.029916  	78.283981 
532.387223  	78.309123 
532.744530  	78.715237 
533.101837  	79.055821 
533.459143  	78.584483 
533.816450  	78.677133 
534.173757  	78.397388 
534.531064  	77.939400 
534.888371  	78.409926 
535.245678  	78.189551 
535.602985  	78.001350 
535.960291  	77.936234 
536.317598  	77.722864 
536.674905  	78.308393 
537.032212  	78.103004 
537.389519  	78.193504 
537.746826  	78.841301 
538.104133  	77.715563 
538.461440  	76.969885 
538.818746  	77.328501 
539.176053  	77.493429 
539.533360  	77.860941 
539.890667  	77.964150 
540.247974  	77.423775 
540.605281  	76.771262 
540.962588  	77.044450 
541.319894  	77.377593 
541.677201  	76.793653 
542.034508  	76.909434 
542.391815  	77.152256 
542.749122  	77.255794 
543.106429  	77.889008 
543.463736  	77.496890 
543.821042  	77.327257 
544.178349  	77.666539 
544.535656  	76.915930 
544.892963  	77.049735 
545.250270  	77.569947 
545.607577  	76.963336 
545.964884  	76.633248 
546.322190  	76.174012 
546.679497  	76.222826 
547.036804  	77.086859 
547.394111  	76.987386 
547.751418  	76.181261 
548.108725  	75.653956 
548.466032  	75.850873 
548.823338  	76.039294 
549.180645  	75.539365 
549.537952  	75.706667 
549.895259  	75.944542 
550.252566  	75.539665 
550.609873  	75.906319 
550.967180  	76.162887 
551.324487  	75.788789 
551.681793  	75.536641 
552.039100  	75.289415 
552.396407  	75.371630 
552.753714  	75.688547 
553.111021  	75.416539 
553.468328  	74.725208 
553.825635  	74.288194 
554.182941  	74.016847 
554.540248  	73.893488 
554.897555  	74.352145 
555.254862  	74.827138 
555.612169  	74.519587 
555.969476  	74.157679 
556.326783  	74.431435 
556.684089  	74.548334 
557.041396  	74.564273 
557.398703  	74.610527 
557.756010  	73.748213 
558.113317  	73.178076 
558.470624  	73.713166 
558.827931  	73.873963 
559.185237  	73.452284 
559.542544  	72.988192 
559.899851  	73.058223 
560.257158  	73.338933 
560.614465  	72.870786 
560.971772  	72.304969 
561.329079  	71.474650 
561.686385  	70.796552 
562.043692  	71.406468 
562.400999  	71.452900 
562.758306  	70.358029 
563.115613  	70.021525 
563.472920  	70.772689 
563.830227  	71.150849 
564.187534  	70.462863 
564.544840  	70.302534 
564.902147  	70.638953 
565.259454  	70.341708 
565.616761  	70.188872 
565.974068  	69.682169 
566.331375  	68.786833 
566.688682  	68.524224 
567.045988  	68.165864 
567.403295  	67.685938 
567.760602  	67.360641 
568.117909  	67.068002 
568.475216  	67.502796 
568.832523  	68.051722 
569.189830  	67.877816 
569.547136  	67.940455 
569.904443  	69.053544 
570.261750  	70.144239 
570.619057  	70.271621 
570.976364  	70.298842 
571.333671  	71.221344 
571.690978  	73.015978 
572.048284  	73.844714 
572.405591  	73.331628 
572.762898  	73.831948 
573.120205  	74.752704 
573.477512  	75.083815 
573.834819  	76.003441 
574.192126  	76.491139 
574.549432  	76.068253 
574.906739  	75.885171 
575.264046  	76.020037 
575.621353  	76.574132 
575.978660  	76.763079 
576.335967  	76.355598 
576.693274  	76.835783 
577.050581  	77.242785 
577.407887  	77.134239 
577.765194  	77.519088 
578.122501  	77.833852 
578.479808  	78.132553 
578.837115  	78.687187 
579.194422  	78.504275 
579.551729  	78.133758 
579.909035  	77.878115 
580.266342  	77.330538 
580.623649  	77.215902 
580.980956  	77.293182 
581.338263  	77.277821 
581.695570  	77.407853 
582.052877  	77.420119 
582.410183  	77.750949 
582.767490  	78.014669 
583.124797  	77.662137 
583.482104  	77.333143 
583.839411  	77.099501 
584.196718  	77.047336 
584.554025  	77.024289 
584.911331  	76.980406 
585.268638  	77.483253 
585.625945  	77.397358 
585.983252  	76.772604 
586.340559  	77.081794 
586.697866  	77.234031 
587.055173  	76.938850 
587.412479  	77.239208 
587.769786  	77.270314 
588.127093  	76.842762 
588.484400  	76.753372 
588.841707  	76.962249 
589.199014  	76.926992 
589.556321  	76.404142 
589.913627  	76.077952 
590.270934  	76.304538 
590.628241  	76.946367 
590.985548  	77.465354 
591.342855  	77.188190 
591.700162  	76.781730 
592.057469  	76.796793 
592.414776  	77.023754 
592.772082  	77.213738 
593.129389  	76.695748 
593.486696  	76.213880 
593.844003  	76.618742 
594.201310  	77.077160 
594.558617  	76.782771 
594.915924  	76.102099 
595.273230  	76.008074 
595.630537  	75.983505 
595.987844  	75.869991 
596.345151  	76.307935 
596.702458  	76.450718 
597.059765  	76.285899 
597.417072  	76.158224 
597.774378  	75.966133 
598.131685  	76.149616 
598.488992  	76.353650 
598.846299  	76.468049 
599.203606  	76.396653 
599.560913  	76.076686 
599.918220  	75.962363 
600.275526  	75.760389 
600.632833  	76.010032 
600.990140  	76.463480 
601.347447  	76.268225 
601.704754  	76.372240 
602.062061  	76.491837 
602.419368  	76.095268 
602.776674  	75.973691 
603.133981  	75.932689 
603.491288  	75.984214 
603.848595  	76.053819 
604.205902  	75.680264 
604.563209  	75.514437 
604.920516  	75.512154 
605.277823  	75.348096 
605.635129  	75.498234 
605.992436  	75.318401 
606.349743  	75.066663 
606.707050  	75.833114 
607.064357  	76.122430 
607.421664  	75.482420 
607.778971  	75.389964 
608.136277  	75.584860 
608.493584  	75.608419 
608.850891  	75.422936 
609.208198  	75.360326 
609.565505  	75.852484 
609.922812  	75.874277 
610.280119  	75.348080 
610.637425  	74.997223 
610.994732  	74.689655 
611.352039  	74.728797 
611.709346  	74.901370 
612.066653  	74.939387 
612.423960  	74.891901 
612.781267  	74.498956 
613.138573  	74.781565 
613.495880  	75.410838 
613.853187  	74.834748 
614.210494  	74.111541 
614.567801  	73.854994 
614.925108  	73.747489 
615.282415  	74.282317 
615.639721  	74.737528 
615.997028  	74.578875 
616.354335  	74.386431 
616.711642  	74.369074 
617.068949  	74.312031 
617.426256  	74.166299 
617.783563  	74.175015 
618.140870  	73.828631 
618.498176  	73.240225 
618.855483  	72.901336 
619.212790  	72.871353 
619.570097  	73.698870 
619.927404  	73.808058 
620.284711  	72.800880 
620.642018  	72.892805 
620.999324  	73.143227 
621.356631  	72.982648 
621.713938  	73.109039 
622.071245  	72.896722 
622.428552  	72.777479 
622.785859  	72.599320 
623.143166  	72.380241 
623.500472  	72.565892 
623.857779  	72.415244 
624.215086  	72.058881 
624.572393  	71.814531 
624.929700  	71.774769 
625.287007  	71.642101 
625.644314  	71.045873 
626.001620  	70.666409 
626.358927  	70.447000 
626.716234  	70.353813 
627.073541  	70.452525 
627.430848  	70.539053 
627.788155  	70.493921 
628.145462  	69.986248 
628.502768  	69.787927 
628.860075  	69.815376 
629.217382  	69.427804 
629.574689  	69.321801 
629.931996  	69.286969 
630.289303  	69.276544 
630.646610  	69.260858 
631.003917  	68.792871 
631.361223  	68.541713 
631.718530  	68.531994 
632.075837  	68.521132 
632.433144  	68.258642 
632.790451  	67.730961 
633.147758  	67.787841 
633.505065  	67.780785 
633.862371  	67.071275 
634.219678  	66.359932 
634.576985  	65.987821 
634.934292  	65.792499 
635.291599  	65.362076 
635.648906  	64.789881 
636.006213  	64.531324 
636.363519  	64.526893 
636.720826  	64.228927 
637.078133  	63.527117 
637.435440  	63.259095 
637.792747  	62.900570 
638.150054  	62.035722 
638.507361  	61.513266 
638.864667  	60.942332 
639.221974  	60.318115 
639.579281  	59.970292 
639.936588  	59.176898 
640.293895  	58.097883 
640.651202  	57.200940 
641.008509  	56.514383 
641.365815  	55.863127 
641.723122  	54.753288 
642.080429  	53.706386 
642.437736  	52.916301 
642.795043  	51.679763 
643.152350  	50.441246 
643.509657  	49.631195 
643.866964  	48.159747 
644.224270  	45.739823 
644.581577  	43.545979 
644.938884  	41.631369 
645.296191  	39.526048 
645.653498  	37.530553 
646.010805  	35.634054 
646.368112  	34.065851 
646.725418  	32.923690 
647.082725  	31.858982 
647.440032  	31.111133 
647.797339  	31.072474 
648.154646  	31.647077 
648.511953  	32.418760 
648.869260  	33.029834 
649.226566  	33.557570 
649.583873  	34.267873 
649.941180  	35.496935 
650.298487  	37.771589 
650.655794  	40.979075 
651.013101  	44.064801 
651.370408  	47.178231 
651.727714  	51.035256 
652.085021  	54.645540 
652.442328  	57.033214 
652.799635  	59.357760 
653.156942  	61.794149 
653.514249  	63.467558 
653.871556  	64.909854 
654.228862  	66.432110 
654.586169  	67.688833 
654.943476  	68.867750 
655.300783  	69.478053 
655.658090  	69.510719 
656.015397  	69.936998 
656.372704  	70.774601 
656.730011  	71.313129 
657.087317  	71.480268 
657.444624  	71.680599 
657.801931  	72.015234 
658.159238  	72.270667 
658.516545  	72.457070 
658.873852  	72.765911 
659.231159  	72.937098 
659.588465  	72.926264 
659.945772  	72.949807 
660.303079  	72.875007 
660.660386  	72.839690 
661.017693  	72.774678 
661.375000  	72.858794 
661.732307  	73.450269 
662.089613  	73.638735 
662.446920  	73.426628 
662.804227  	73.351729 
663.161534  	72.881707 
663.518841  	72.706522 
663.876148  	73.073033 
664.233455  	73.049598 
664.590761  	72.602212 
664.948068  	72.104054 
665.305375  	72.150813 
665.662682  	72.491447 
666.019989  	72.338064 
666.377296  	72.344874 
666.734603  	72.682600 
667.091909  	73.088810 
667.449216  	73.962525 
667.806523  	71.626790 
668.163830  	67.802635 
668.521137  	69.205187 
668.878444  	70.456314 
669.235751  	71.220957 
669.593057  	71.099948 
669.950364  	70.375453 
670.307671  	70.110000 
670.664978  	70.501239 
671.022285  	70.579815 
671.379592  	70.074478 
671.736899  	69.723788 
672.094206  	69.275765 
672.451512  	68.847142 
672.808819  	68.825259 
673.166126  	68.723704 
673.523433  	68.695390 
673.880740  	68.656323 
674.238047  	68.229703 
674.595354  	67.704780 
674.952660  	67.288632 
675.309967  	67.226750 
675.667274  	67.231314 
676.024581  	66.806530 
676.381888  	66.501328 
676.739195  	66.314006 
677.096502  	65.850353 
677.453808  	65.239962 
677.811115  	64.651336 
678.168422  	64.392806 
678.525729  	64.481989 
678.883036  	64.391198 
679.240343  	63.406356 
679.597650  	62.306854 
679.954956  	62.340538 
680.312263  	62.597461 
680.669570  	61.872770 
681.026877  	60.902218 
681.384184  	60.637081 
681.741491  	60.334014 
682.098798  	59.389770 
682.456104  	58.294569 
682.813411  	57.423503 
683.170718  	56.411390 
683.528025  	55.790658 
683.885332  	55.544199 
684.242639  	54.448796 
684.599946  	53.226990 
684.957253  	52.502851 
685.314559  	51.422456 
685.671866  	50.016655 
686.029173  	48.783977 
686.386480  	47.667484 
686.743787  	46.850477 
687.101094  	46.136042 
687.458401  	45.187875 
687.815707  	44.275756 
688.173014  	43.223183 
688.530321  	42.348924 
688.887628  	42.815142 
689.244935  	44.078244 
689.602242  	45.328843 
689.959549  	47.107089 
690.316855  	49.543789 
690.674162  	52.608734 
691.031469  	55.206550 
691.388776  	56.683063 
691.746083  	58.363521 
692.103390  	60.636212 
692.460697  	62.683358 
692.818003  	64.437731 
693.175310  	65.455106 
693.532617  	65.621361 
693.889924  	65.995922 
694.247231  	66.689701 
694.604538  	67.023249 
694.961845  	67.120330 
695.319151  	67.045941 
695.676458  	66.859014 
696.033765  	66.988859 
696.391072  	66.973475 
696.748379  	66.593264 
697.105686  	66.516292 
697.462993  	66.439628 
697.820300  	66.168198 
698.177606  	66.203252 
698.534913  	66.294008 
698.892220  	66.132423 
699.249527  	65.935043 
699.606834  	65.676484 
699.964141  	65.436135 
700.321448  	65.426919 
700.678754  	65.288534 
701.036061  	64.797532 
701.393368  	64.293774 
701.750675  	63.842210 
702.107982  	63.573667 
702.465289  	63.495610 
702.822596  	62.844990 
703.179902  	62.080557 
703.537209  	62.316537 
703.894516  	62.391430 
704.251823  	61.607746 
704.609130  	61.218191 
704.966437  	61.138310 
705.323744  	60.524635 
705.681050  	59.714507 
706.038357  	59.255853 
706.395664  	59.041102 
706.752971  	58.648356 
707.110278  	58.303942 
707.467585  	58.234470 
707.824892  	57.810896 
708.182198  	56.858234 
708.539505  	55.895020 
708.896812  	55.332134 
709.254119  	55.026568 
709.611426  	54.381794 
709.968733  	53.692830 
710.326040  	53.419215 
710.683347  	52.787501 
711.040653  	51.979321 
711.397960  	51.656503 
711.755267  	51.003045 
712.112574  	50.139568 
712.469881  	49.549279 
712.827188  	48.677003 
713.184495  	47.816254 
713.541801  	46.994746 
713.899108  	45.997515 
714.256415  	45.338913 
714.613722  	44.683755 
714.971029  	43.686090 
715.328336  	42.405705 
715.685643  	40.990252 
716.042949  	40.142814 
716.400256  	39.667921 
716.757563  	38.604494 
717.114870  	37.041335 
717.472177  	35.665995 
717.829484  	34.394059 
718.186791  	32.904332 
718.544097  	31.480648 
718.901404  	30.187451 
719.258711  	28.697002 
719.616018  	27.031979 
719.973325  	25.601097 
720.330632  	24.311125 
720.687939  	22.578265 
721.045245  	20.852792 
721.402552  	19.637848 
721.759859  	18.462667 
722.117166  	17.182758 
722.474473  	15.803932 
722.831780  	14.180121 
723.189087  	13.028092 
723.546394  	12.678925 
723.903700  	12.213673 
724.261007  	11.375889 
724.618314  	10.531017 
724.975621  	10.035065 
725.332928  	10.127513 
725.690235  	9.925529 
726.047542  	9.268132 
726.404848  	8.930826 
726.762155  	8.815018 
727.119462  	8.883332 
727.476769  	9.013384 
727.834076  	9.046058 
728.191383  	9.676980 
728.548690  	10.937786 
728.905996  	12.052294 
729.263303  	13.017679 
729.620610  	14.013199 
729.977917  	14.722770 
730.335224  	15.295588 
730.692531  	15.715710 
731.049838  	15.376220 
731.407144  	14.692823 
731.764451  	14.139279 
732.121758  	13.170218 
732.479065  	12.069795 
732.836372  	11.586619 
733.193679  	11.646053 
733.550986  	12.081129 
733.908292  	13.098630 
734.265599  	14.856237 
734.622906  	17.444430 
734.980213  	20.651569 
735.337520  	24.287624 
735.694827  	28.382021 
736.052134  	32.435261 
736.409441  	36.149687 
736.766747  	39.833550 
737.124054  	43.416723 
737.481361  	46.695763 
737.838668  	49.953842 
738.195975  	53.379379 
738.553282  	56.796323 
738.910589  	60.082580 
739.267895  	63.176911 
739.625202  	66.069508 
739.982509  	68.879289 
740.339816  	71.182195 
740.697123  	72.560546 
741.054430  	73.976214 
741.411737  	75.441156 
741.769043  	75.983509 
742.126350  	76.509483 
742.483657  	77.313834 
742.840964  	77.879851 
743.198271  	78.616798 
743.555578  	79.435362 
743.912885  	80.210629 
744.270191  	80.684736 
744.627498  	80.837035 
744.984805  	81.226517 
745.342112  	81.597532 
745.699419  	81.766079 
746.056726  	81.816668 
746.414033  	81.901108 
746.771339  	82.173309 
747.128646  	82.426566 
747.485953  	82.423307 
747.843260  	82.011131 
748.200567  	82.130813 
748.557874  	82.815510 
748.915181  	82.683364 
749.272488  	82.157088 
749.629794  	81.752751 
749.987101  	81.554323 
750.344408  	81.672713 
750.701715  	81.395180 
751.059022  	81.305407 
751.416329  	81.649317 
751.773636  	81.415543 
752.130942  	81.056138 
752.488249  	80.968337 
752.845556  	80.836678 
753.202863  	80.811340 
753.560170  	80.738633 
753.917477  	80.462501 
754.274784  	80.303566 
754.632090  	80.446087 
754.989397  	80.613075 
755.346704  	80.245390 
755.704011  	79.602363 
756.061318  	79.461603 
756.418625  	79.583035 
756.775932  	79.493553 
757.133238  	79.100793 
757.490545  	78.583294 
757.847852  	78.485970 
758.205159  	78.386080 
758.562466  	77.855719 
758.919773  	77.366146 
759.277080  	77.017583 
759.634386  	77.104270 
759.991693  	77.274762 
760.349000  	76.696543 
760.706307  	75.975550 
761.063614  	75.535813 
761.420921  	75.184323 
761.778228  	74.812374 
762.135534  	74.214720 
762.492841  	73.660041 
762.850148  	73.101485 
763.207455  	72.569456 
763.564762  	72.221638 
763.922069  	71.216273 
764.279376  	69.895364 
764.636683  	69.187630 
764.993989  	68.493523 
765.351296  	67.542480 
765.708603  	66.445942 
766.065910  	65.203806 
766.423217  	64.077391 
766.780524  	62.730772 
767.137831  	61.180894 
767.495137  	59.910284 
767.852444  	58.519090 
768.209751  	56.569361 
768.567058  	54.227394 
768.924365  	51.500056 
769.281672  	48.422553 
769.638979  	45.345871 
769.996285  	42.177624 
770.353592  	38.849227 
770.710899  	35.352372 
771.068206  	31.383081 
771.425513  	27.355736 
771.782820  	23.644800 
772.140127  	20.511144 
772.497433  	18.270222 
772.854740  	16.779102 
773.212047  	16.514735 
773.569354  	17.231520 
773.926661  	18.277955 
774.283968  	20.240281 
774.641275  	22.974091 
774.998581  	26.066603 
775.355888  	29.563098 
775.713195  	33.181831 
776.070502  	37.124135 
776.427809  	41.431815 
776.785116  	45.733847 
777.142423  	49.689133 
777.499730  	53.109388 
777.857036  	56.386279 
778.214343  	59.352524 
778.571650  	61.763974 
778.928957  	63.974190 
779.286264  	66.052507 
779.643571  	67.938217 
780.000878  	69.532327 
780.358184  	70.919094 
780.715491  	71.926211 
781.072798  	72.628825 
781.430105  	73.493873 
781.787412  	74.261588 
782.144719  	75.153773 
782.502026  	75.771287 
782.859332  	75.609563 
783.216639  	76.038246 
783.573946  	76.920396 
783.931253  	77.290789 
784.288560  	77.608251 
784.645867  	78.247876 
785.003174  	78.869315 
785.360480  	78.763270 
785.717787  	78.562483 
786.075094  	78.907696 
786.432401  	79.297199 
786.789708  	79.857849 
787.147015  	80.021998 
787.504322  	79.766377 
787.861628  	80.082530 
788.218935  	80.343097 
788.576242  	80.453674 
788.933549  	80.841744 
789.290856  	80.846283 
789.648163  	80.606596 
790.005470  	80.766381 
790.362777  	81.294775 
790.720083  	81.598926 
791.077390  	81.420919 
791.434697  	81.246538 
791.792004  	80.998316 
792.149311  	80.749762 
792.506618  	81.012418 
792.863925  	81.326746 
793.221231  	81.445761 
793.578538  	81.475839 
793.935845  	81.409658 
794.293152  	81.697113 
794.650459  	81.799708 
795.007766  	81.280357 
795.365073  	80.963749 
795.722379  	80.961770 
796.079686  	81.180254 
796.436993  	81.386355 
796.794300  	81.076305 
797.151607  	80.739197 
797.508914  	80.872430 
797.866221  	81.246932 
798.223527  	81.145698 
798.580834  	80.647020 
798.938141  	80.606597 
799.295448  	80.567827 
799.652755  	80.216206 
800.010062  	80.067983 
800.367369  	80.357582 
800.724675  	80.956079 
801.081982  	80.995705 
801.439289  	80.633279 
801.796596  	80.463322 
802.153903  	80.469754 
802.511210  	80.823406 
802.868517  	80.468391 
803.225824  	79.643395 
803.583130  	79.672698 
803.940437  	79.807515 
804.297744  	79.790906 
804.655051  	79.665983 
805.012358  	79.571447 
805.369665  	80.006442 
805.726972  	79.882762 
806.084278  	79.357004 
806.441585  	79.180932 
806.798892  	78.987079 
807.156199  	79.100009 
807.513506  	79.236123 
807.870813  	79.186992 
808.228120  	79.103976 
808.585426  	78.747047 
808.942733  	78.567038 
809.300040  	78.576480 
809.657347  	78.606108 
810.014654  	78.527990 
810.371961  	78.214581 
810.729268  	78.116279 
811.086574  	77.867552 
811.443881  	77.681108 
811.801188  	77.850587 
812.158495  	77.498000 
812.515802  	77.310239 
812.873109  	77.538016 
813.230416  	77.319311 
813.587722  	77.352669 
813.945029  	77.597619 
814.302336  	77.414677 
814.659643  	77.319584 
815.016950  	77.266318 
815.374257  	76.999887 
815.731564  	76.754126 
816.088871  	76.552443 
816.446177  	76.387690 
816.803484  	76.156665 
817.160791  	75.819570 
817.518098  	75.704728 
817.875405  	75.934314 
818.232712  	76.140539 
818.590019  	76.023555 
818.947325  	75.795004 
819.304632  	75.689107 
819.661939  	75.744157 
820.019246  	75.829460 
820.376553  	75.786654 
820.733860  	75.913504 
821.091167  	76.127195 
821.448473  	76.088657 
821.805780  	75.976514 
822.163087  	75.777783 
822.520394  	75.645730 
822.877701  	75.667426 
823.235008  	75.706818 
823.592315  	75.906323 
823.949621  	75.938870 
824.306928  	75.702301 
824.664235  	75.599662 
825.021542  	75.782630 
825.378849  	75.927825 
825.736156  	75.683653 
826.093463  	75.654011 
826.450769  	75.722873 
826.808076  	75.515125 
827.165383  	75.654720 
827.522690  	75.600488 
827.879997  	75.127505 
828.237304  	75.064467 
828.594611  	75.337425 
828.951918  	75.418265 
829.309224  	75.091391 
829.666531  	74.805453 
830.023838  	74.678371 
830.381145  	74.846070 
830.738452  	75.351028 
831.095759  	75.211191 
831.453066  	74.742905 
831.810372  	74.434567 
832.167679  	74.109032 
832.524986  	74.242876 
832.882293  	74.336206 
833.239600  	74.229994 
833.596907  	74.187882 
833.954214  	73.881484 
834.311520  	73.611270 
834.668827  	73.216861 
835.026134  	72.844318 
835.383441  	72.861073 
835.740748  	72.635668 
836.098055  	72.226407 
836.455362  	71.985663 
836.812668  	72.021085 
837.169975  	72.086854 
837.527282  	71.636947 
837.884589  	71.354607 
838.241896  	71.387991 
838.599203  	70.979047 
838.956510  	70.642083 
839.313816  	70.492788 
839.671123  	69.912180 
840.028430  	69.239959 
840.385737  	69.035174 
840.743044  	69.161364 
841.100351  	68.885309 
841.457658  	68.180278 
841.814964  	67.589476 
842.172271  	66.908413 
842.529578  	66.569684 
842.886885  	66.829767 
843.244192  	66.683574 
843.601499  	66.254463 
843.958806  	66.019497 
844.316113  	65.500499 
844.673419  	64.602545 
845.030726  	64.000340 
845.388033  	63.862743 
845.745340  	63.303256 
846.102647  	62.266084 
846.459954  	61.234408 
846.817261  	60.122426 
847.174567  	58.992080 
847.531874  	57.730469 
847.889181  	56.519217 
848.246488  	55.249785 
848.603795  	53.538190 
848.961102  	52.082808 
849.318409  	50.781745 
849.675715  	49.155398 
850.033022  	47.520142 
850.390329  	45.684214 
850.747636  	43.553072 
851.104943  	41.390793 
851.462250  	39.234371 
851.819557  	36.983966 
852.176863  	34.637413 
852.534170  	32.336394 
852.891477  	30.111388 
853.248784  	27.871934 
853.606091  	25.652032 
853.963398  	24.151734 
854.320705  	23.490772 
854.678011  	23.104795 
855.035318  	23.824144 
855.392625  	26.244835 
855.749932  	29.625874 
856.107239  	33.663967 
856.464546  	38.426001 
856.821853  	43.396959 
857.179160  	47.832561 
857.536466  	52.313557 
857.893773  	57.742212 
858.251080  	63.336839 
858.608387  	68.155253 
858.965694  	71.979920 
859.323001  	74.794562 
859.680308  	76.801953 
860.037614  	78.388318 
860.394921  	79.942296 
860.752228  	80.972692 
861.109535  	81.326450 
861.466842  	81.807253 
861.824149  	82.308755 
862.181456  	82.751323 
862.538762  	83.503531 
862.896069  	84.131909 
863.253376  	84.398725 
863.610683  	84.494807 
863.967990  	84.541005 
864.325297  	84.615607 
864.682604  	84.397435 
865.039910  	84.241718 
865.397217  	84.851668 
865.754524  	85.526241 
866.111831  	85.484789 
866.469138  	85.124282 
866.826445  	85.200733 
867.183752  	85.710353 
867.541058  	86.007094 
867.898365  	86.032400 
868.255672  	85.718653 
868.612979  	85.271779 
868.970286  	85.461012 
869.327593  	85.886905 
869.684900  	85.769592 
870.042207  	85.174076 
870.399513  	84.792721 
870.756820  	85.099974 
871.114127  	85.403850 
871.471434  	85.318496 
871.828741  	85.136380 
872.186048  	84.999463 
872.543355  	85.049308 
872.900661  	85.073910 
873.257968  	84.908991 
873.615275  	84.577080 
873.972582  	84.402723 
874.329889  	84.744821 
874.687196  	84.868996 
875.044503  	84.593910 
875.401809  	84.602283 
875.759116  	84.436620 
876.116423  	84.009681 
876.473730  	84.085421 
876.831037  	84.205321 
877.188344  	83.947092 
877.545651  	84.024137 
877.902957  	84.520982 
878.260264  	84.801953 
878.617571  	84.566843 
878.974878  	84.172662 
879.332185  	83.980030 
879.689492  	83.892128 
880.046799  	83.944467 
880.404105  	83.990004 
880.761412  	84.076494 
881.118719  	84.357861 
881.476026  	84.212743 
881.833333  	83.901814 
882.190640  	84.125555 
882.547947  	84.528257 
882.905254  	84.479983 
883.262560  	83.947976 
883.619867  	83.902007 
883.977174  	84.356197 
884.334481  	84.370112 
884.691788  	83.975148 
885.049095  	83.539295 
885.406402  	83.500379 
885.763708  	83.335256 
886.121015  	82.713152 
886.478322  	82.858981 
886.835629  	83.290857 
887.192936  	83.164856 
887.550243  	83.240725 
887.907550  	83.320899 
888.264856  	83.303140 
888.622163  	83.521963 
888.979470  	83.494672 
889.336777  	83.398926 
889.694084  	83.407584 
890.051391  	83.145448 
890.408698  	82.942409 
890.766004  	82.805830 
891.123311  	82.726741 
891.480618  	82.972278 
891.837925  	82.822576 
892.195232  	82.397521 
892.552539  	82.546528 
892.909846  	82.828610 
893.267152  	82.991709 
893.624459  	83.154444 
893.981766  	83.034174 
894.339073  	82.659514 
894.696380  	82.246586 
895.053687  	82.117405 
895.410994  	82.374262 
895.768301  	82.619302 
896.125607  	82.763334 
896.482914  	82.758748 
896.840221  	82.395491 
897.197528  	82.341634 
897.554835  	82.786952 
897.912142  	82.596740 
898.269449  	82.044287 
898.626755  	82.247122 
898.984062  	82.709831 
899.341369  	82.636577 
899.698676  	82.448252 
900.055983  	82.683713 
900.413290  	82.734990 
900.770597  	82.348605 
901.127903  	82.187118 
901.485210  	82.255418 
901.842517  	82.341341 
902.199824  	82.294718 
902.557131  	82.112563 
902.914438  	82.161931 
903.271745  	82.140077 
903.629051  	81.836707 
903.986358  	81.692132 
904.343665  	81.613715 
904.700972  	81.433289 
905.058279  	81.529856 
905.415586  	81.655387 
905.772893  	81.512019 
906.130199  	81.709732 
906.487506  	81.968344 
906.844813  	81.921881 
907.202120  	81.862251 
907.559427  	81.518036 
907.916734  	81.375871 
908.274041  	81.306600 
908.631348  	80.695978 
908.988654  	80.642875 
909.345961  	81.015652 
909.703268  	81.032035 
910.060575  	81.127511 
910.417882  	81.052132 
910.775189  	80.872565 
911.132496  	81.151306 
911.489802  	81.536531 
911.847109  	81.592205 
912.204416  	81.262518 
912.561723  	80.765064 
912.919030  	80.490372 
913.276337  	80.627335 
913.633644  	80.979978 
913.990950  	81.202371 
914.348257  	81.178564 
914.705564  	81.064039 
915.062871  	80.997818 
915.420178  	81.075739 
915.777485  	81.214553 
916.134792  	80.994600 
916.492098  	80.536901 
916.849405  	80.468159 
917.206712  	80.702702 
917.564019  	80.777039 
917.921326  	80.934818 
918.278633  	81.277752 
918.635940  	81.129113 
918.993246  	80.711188 
919.350553  	80.468106 
919.707860  	80.307346 
920.065167  	80.543812 
920.422474  	80.619169 
920.779781  	80.475543 
921.137088  	80.745468 
921.494394  	80.789217 
921.851701  	80.885260 
922.209008  	80.989251 
922.566315  	80.407216 
922.923622  	80.058650 
923.280929  	80.062230 
923.638236  	80.271968 
923.995543  	80.694542 
924.352849  	80.498400 
924.710156  	80.113497 
925.067463  	80.221235 
925.424770  	80.326024 
925.782077  	80.132553 
926.139384  	80.178058 
926.496691  	80.455669 
926.853997  	80.160127 
927.211304  	79.774063 
927.568611  	79.844977 
927.925918  	79.842466 
928.283225  	79.790696 
928.640532  	79.751891 
928.997839  	79.717114 
929.355145  	79.806060 
929.712452  	79.623166 
930.069759  	79.275630 
930.427066  	79.317559 
930.784373  	79.573913 
931.141680  	79.700593 
931.498987  	79.611694 
931.856293  	79.386300 
932.213600  	79.377044 
932.570907  	79.457293 
932.928214  	79.405232 
933.285521  	79.418187 
933.642828  	79.428579 
934.000135  	79.549521 
934.357441  	79.595929 
934.714748  	79.215460 
935.072055  	78.985650 
935.429362  	79.109588 
935.786669  	79.330232 
936.143976  	79.619132 
936.501283  	79.773541 
936.858590  	79.652893 
937.215896  	79.355453 
937.573203  	79.213896 
937.930510  	79.162906 
938.287817  	78.948842 
938.645124  	78.865609 
939.002431  	78.924330 
939.359738  	78.831527 
939.717044  	78.663509 
940.074351  	78.481233 
940.431658  	78.240526 
940.788965  	78.368814 
941.146272  	78.731283 
941.503579  	78.418599 
941.860886  	77.836736 
942.218192  	77.658010 
942.575499  	77.729211 
942.932806  	77.874546 
943.290113  	77.658519 
943.647420  	77.410110 
944.004727  	77.571481 
944.362034  	77.463230 
944.719340  	76.950691 
945.076647  	76.581461 
945.433954  	76.477536 
945.791261  	76.357266 
946.148568  	76.164161 
946.505875  	75.947578 
946.863182  	75.686715 
947.220488  	75.535025 
947.577795  	75.203016 
947.935102  	74.555183 
948.292409  	73.911098 
948.649716  	73.353279 
949.007023  	72.798897 
949.364330  	71.854293 
949.721637  	70.642426 
950.078943  	69.563747 
950.436250  	68.446031 
950.793557  	67.179558 
951.150864  	65.828033 
951.508171  	64.765441 
951.865478  	63.935477 
952.222785  	63.036200 
952.580091  	62.562828 
952.937398  	62.485347 
953.294705  	62.678252 
953.652012  	63.659279 
954.009319  	65.266224 
954.366626  	67.126059 
954.723933  	68.995680 
955.081239  	70.458926 
955.438546  	71.732648 
955.795853  	73.098477 
956.153160  	74.251413 
956.510467  	75.272699 
956.867774  	76.102333 
957.225081  	76.478764 
957.582387  	76.965993 
957.939694  	77.466300 
958.297001  	77.622369 
958.654308  	77.794594 
959.011615  	77.876959 
959.368922  	78.050241 
959.726229  	78.424805 
960.083535  	78.778081 
960.440842  	79.108357 
960.798149  	79.105629 
961.155456  	79.225877 
961.512763  	79.559720 
961.870070  	79.454170 
962.227377  	79.388100 
962.584684  	79.414311 
962.941990  	79.211489 
963.299297  	79.154462 
963.656604  	79.240911 
964.013911  	79.238213 
964.371218  	79.357471 
964.728525  	79.764248 
965.085832  	80.045224 
965.443138  	80.142624 
965.800445  	80.115987 
966.157752  	79.724689 
966.515059  	79.389282 
966.872366  	79.279953 
967.229673  	79.261979 
967.586980  	79.401068 
967.944286  	79.487024 
968.301593  	79.484497 
968.658900  	79.390347 
969.016207  	79.328988 
969.373514  	79.410751 
969.730821  	79.607972 
970.088128  	79.933235 
970.445434  	79.853515 
970.802741  	79.518165 
971.160048  	79.421312 
971.517355  	79.248648 
971.874662  	79.162857 
972.231969  	79.233677 
972.589276  	79.109928 
972.946582  	78.999481 
973.303889  	79.145802 
973.661196  	79.330587 
974.018503  	79.264219 
974.375810  	79.233347 
974.733117  	79.343399 
975.090424  	79.205255 
975.447731  	79.126598 
975.805037  	79.291288 
976.162344  	79.002286 
976.519651  	78.531451 
976.876958  	78.781591 
977.234265  	79.069668 
977.591572  	78.770357 
977.948879  	78.566278 
978.306185  	78.586863 
978.663492  	78.652079 
979.020799  	78.804743 
979.378106  	78.914730 
979.735413  	78.713698 
980.092720  	78.213854 
980.450027  	78.039205 
980.807333  	78.185946 
981.164640  	78.269722 
981.521947  	78.348406 
981.879254  	78.243791 
982.236561  	77.975952 
982.593868  	77.752718 
982.951175  	77.764937 
983.308481  	77.864367 
983.665788  	77.703120 
984.023095  	77.752106 
984.380402  	77.940131 
984.737709  	77.661794 
985.095016  	77.232121 
985.452323  	77.173912 
985.809629  	77.364140 
986.166936  	77.231400 
986.524243  	77.004195 
986.881550  	76.943345 
987.238857  	76.768628 
987.596164  	76.682272 
987.953471  	76.488823 
988.310778  	76.243249 
988.668084  	76.087865 
989.025391  	75.574016 
989.382698  	75.231335 
989.740005  	75.215207 
990.097312  	75.069610 
990.454619  	74.875444 
990.811926  	74.526941 
991.169232  	73.995975 
991.526539  	73.168949 
991.883846  	72.400918 
992.241153  	72.216158 
992.598460  	71.768636 
992.955767  	70.712435 
993.313074  	69.898772 
993.670380  	69.352509 
994.027687  	68.740249 
994.384994  	68.522150 
994.742301  	68.948134 
995.099608  	69.772141 
995.456915  	71.023231 
995.814222  	72.357676 
996.171528  	73.361555 
996.528835  	74.200007 
996.886142  	74.829624 
997.243449  	75.332469 
997.600756  	76.113817 
997.958063  	76.922607 
998.315370  	77.077735 
998.672676  	76.798077 
999.029983  	76.922434 
999.387290  	77.347595 
999.744597  	77.442575 
1000.101904  	77.153348 
1000.459211  	76.865589 
1000.816518  	76.796893 
1001.173824  	76.856218 
1001.531131  	77.043742 
1001.888438  	77.212723 
1002.245745  	77.100597 
1002.603052  	76.791632 
1002.960359  	76.639083 
1003.317666  	76.638879 
1003.674973  	76.474098 
1004.032279  	76.545294 
1004.389586  	76.784259 
1004.746893  	76.771205 
1005.104200  	76.876109 
1005.461507  	76.696516 
1005.818814  	76.412040 
1006.176121  	76.574725 
1006.533427  	76.433151 
1006.890734  	76.286859 
1007.248041  	76.378439 
1007.605348  	76.265264 
1007.962655  	76.235023 
1008.319962  	76.126070 
1008.677269  	75.962220 
1009.034575  	75.924861 
1009.391882  	75.923452 
1009.749189  	76.080062 
1010.106496  	76.139121 
1010.463803  	75.998148 
1010.821110  	75.776794 
1011.178417  	75.811798 
1011.535723  	76.039504 
1011.893030  	75.798742 
1012.250337  	75.579223 
1012.607644  	75.582765 
1012.964951  	75.408852 
1013.322258  	75.347903 
1013.679565  	75.335781 
1014.036871  	75.475534 
1014.394178  	75.648941 
1014.751485  	75.534416 
1015.108792  	75.543426 
1015.466099  	75.340341 
1015.823406  	74.837753 
1016.180713  	74.649600 
1016.538020  	74.524484 
1016.895326  	74.337663 
1017.252633  	74.389271 
1017.609940  	74.712060 
1017.967247  	74.869531 
1018.324554  	74.483552 
1018.681861  	74.093260 
1019.039168  	73.980892 
1019.396474  	73.936703 
1019.753781  	74.024669 
1020.111088  	73.942468 
1020.468395  	73.579520 
1020.825702  	73.340356 
1021.183009  	73.281901 
1021.540316  	73.255175 
1021.897622  	72.942840 
1022.254929  	72.502723 
1022.612236  	72.550608 
1022.969543  	72.542447 
1023.326850  	72.090870 
1023.684157  	71.907014 
1024.041464  	71.820933 
1024.398770  	71.536097 
1024.756077  	71.271428 
1025.113384  	70.957509 
1025.470691  	70.770778 
1025.827998  	70.583316 
1026.185305  	70.088356 
1026.542612  	69.703538 
1026.899918  	69.577241 
1027.257225  	69.352481 
1027.614532  	68.866463 
1027.971839  	68.294415 
1028.329146  	67.626934 
1028.686453  	66.875258 
1029.043760  	66.612050 
1029.401067  	66.472502 
1029.758373  	65.664988 
1030.115680  	64.815885 
1030.472987  	64.302477 
1030.830294  	63.718410 
1031.187601  	62.991677 
1031.544908  	62.189668 
1031.902215  	61.311350 
1032.259521  	60.387973 
1032.616828  	59.678110 
1032.974135  	59.200514 
1033.331442  	58.619726 
1033.688749  	57.916137 
1034.046056  	57.317029 
1034.403363  	57.139433 
1034.760669  	57.401329 
1035.117976  	57.980491 
1035.475283  	59.002923 
1035.832590  	60.166112 
1036.189897  	61.319896 
1036.547204  	62.912485 
1036.904511  	64.637786 
1037.261817  	65.702237 
1037.619124  	66.210886 
1037.976431  	66.765459 
1038.333738  	67.388355 
1038.691045  	67.820856 
1039.048352  	68.262381 
1039.405659  	68.738578 
1039.762965  	68.857881 
1040.120272  	68.729697 
1040.477579  	68.456757 
1040.834886  	68.089664 
1041.192193  	68.009842 
1041.549500  	67.823973 
1041.906807  	67.531746 
1042.264114  	67.590312 
1042.621420  	67.351326 
1042.978727  	66.987437 
1043.336034  	66.970414 
1043.693341  	66.704728 
1044.050648  	66.166218 
1044.407955  	65.504739 
1044.765262  	64.718371 
1045.122568  	63.770864 
1045.479875  	62.702953 
1045.837182  	62.048456 
1046.194489  	61.556700 
1046.551796  	60.649860 
1046.909103  	59.434486 
1047.266410  	58.302862 
1047.623716  	57.463357 
1047.981023  	56.559355 
1048.338330  	55.680561 
1048.695637  	54.900134 
1049.052944  	53.752723 
1049.410251  	52.593476 
1049.767558  	51.752350 
1050.124864  	50.756069 
1050.482171  	49.430196 
1050.839478  	48.345787 
1051.196785  	47.730990 
1051.554092  	46.897398 
1051.911399  	45.718162 
1052.268706  	44.817335 
1052.626012  	44.252806 
1052.983319  	43.455306 
1053.340626  	42.482204 
1053.697933  	41.851565 
1054.055240  	41.138825 
1054.412547  	40.060786 
1054.769854  	39.213364 
1055.127161  	38.768675 
1055.484467  	38.343267 
1055.841774  	37.860439 
1056.199081  	37.609007 
1056.556388  	37.474561 
1056.913695  	37.294611 
1057.271002  	37.297064 
1057.628309  	37.486252 
1057.985615  	37.733821 
1058.342922  	37.963525 
1058.700229  	38.262286 
1059.057536  	38.790304 
1059.414843  	39.755043 
1059.772150  	41.289723 
1060.129457  	43.132177 
1060.486763  	45.435387 
1060.844070  	48.412992 
1061.201377  	51.702724 
1061.558684  	55.329317 
1061.915991  	59.252836 
1062.273298  	62.904988 
1062.630605  	66.180398 
1062.987911  	69.197875 
1063.345218  	71.835995 
1063.702525  	74.080619 
1064.059832  	75.849624 
1064.417139  	77.354835 
1064.774446  	78.962247 
1065.131753  	80.220381 
1065.489059  	80.897803 
1065.846366  	81.414876 
1066.203673  	82.044207 
1066.560980  	82.971903 
1066.918287  	83.523716 
1067.275594  	83.571004 
1067.632901  	84.060330 
1067.990208  	84.350420 
1068.347514  	84.236469 
1068.704821  	84.440096 
1069.062128  	84.297192 
1069.419435  	83.932829 
1069.776742  	84.091696 
1070.134049  	84.528039 
1070.491356  	84.603917 
1070.848662  	83.971406 
1071.205969  	83.489793 
1071.563276  	83.751851 
1071.920583  	84.171059 
1072.277890  	84.153118 
1072.635197  	83.723877 
1072.992504  	83.574774 
1073.349810  	83.685001 
1073.707117  	83.745707 
1074.064424  	83.714428 
1074.421731  	83.322810 
1074.779038  	83.236687 
1075.136345  	83.404487 
1075.493652  	83.055790 
1075.850958  	82.860813 
1076.208265  	82.753937 
1076.565572  	82.539677 
1076.922879  	82.601483 
1077.280186  	82.182190 
1077.637493  	81.765235 
1077.994800  	82.130830 
1078.352106  	82.365931 
1078.709413  	82.363230 
1079.066720  	82.293165 
1079.424027  	81.960170 
1079.781334  	81.531107 
1080.138641  	81.124763 
1080.495948  	81.222400 
1080.853255  	81.518744 
1081.210561  	81.466897 
1081.567868  	81.558946 
1081.925175  	81.337763 
1082.282482  	80.766318 
1082.639789  	80.713319 
1082.997096  	80.663163 
1083.354403  	80.664621 
1083.711709  	80.907692 
1084.069016  	80.535122 
1084.426323  	80.562712 
1084.783630  	81.251830 
1085.140937  	80.689037 
1085.498244  	79.951894 
1085.855551  	80.481660 
1086.212857  	80.691850 
1086.570164  	80.279759 
1086.927471  	80.082707 
1087.284778  	79.900685 
1087.642085  	79.700416 
1087.999392  	79.694666 
1088.356699  	79.833281 
1088.714005  	79.719099 
1089.071312  	79.477799 
1089.428619  	79.456803 
1089.785926  	79.290234 
1090.143233  	79.236939 
1090.500540  	79.414537 
1090.857847  	79.180651 
1091.215153  	78.899451 
1091.572460  	78.993046 
1091.929767  	78.964252 
1092.287074  	78.643506 
1092.644381  	78.489291 
1093.001688  	78.398466 
1093.358995  	78.001141 
1093.716301  	77.679365 
1094.073608  	77.488938 
1094.430915  	77.376800 
1094.788222  	77.501156 
1095.145529  	77.329197 
1095.502836  	76.948074 
1095.860143  	76.875681 
1096.217450  	76.920476 
1096.574756  	76.798319 
1096.932063  	76.486990 
1097.289370  	76.485416 
1097.646677  	76.647195 
1098.003984  	76.450430 
1098.361291  	76.493089 
1098.718598  	76.766238 
1099.075904  	76.889074 
1099.433211  	76.973470 
1099.790518  	76.811885 
1100.147825  	76.872763 
1100.505132  	77.272843 
1100.862439  	77.510391 
1101.219746  	77.857317 
1101.577052  	78.125745 
1101.934359  	78.262257 
1102.291666  	78.488624 
1102.648973  	78.409065 
1103.006280  	78.309599 
1103.363587  	78.504706 
1103.720894  	78.709194 
1104.078200  	78.636137 
1104.435507  	78.310636 
1104.792814  	78.231177 
1105.150121  	78.242814 
1105.507428  	78.134596 
1105.864735  	78.193834 
1106.222042  	78.315852 
1106.579348  	78.419991 
1106.936655  	78.374189 
1107.293962  	78.212620 
1107.651269  	78.053134 
1108.008576  	77.935347 
1108.365883  	78.210470 
1108.723190  	78.270278 
1109.080497  	77.875077 
1109.437803  	77.909238 
1109.795110  	78.001972 
1110.152417  	77.857990 
1110.509724  	77.768026 
1110.867031  	77.570031 
1111.224338  	77.679428 
1111.581645  	77.964185 
1111.938951  	77.792441 
1112.296258  	77.591455 
1112.653565  	77.471700 
1113.010872  	77.211567 
1113.368179  	77.216568 
1113.725486  	77.545186 
1114.082793  	77.755663 
1114.440099  	77.563155 
1114.797406  	77.179984 
1115.154713  	76.938829 
1115.512020  	76.659775 
1115.869327  	76.308010 
1116.226634  	76.192718 
1116.583941  	76.281940 
1116.941247  	76.304179 
1117.298554  	76.150047 
1117.655861  	76.071819 
1118.013168  	76.092603 
1118.370475  	75.918128 
1118.727782  	75.630498 
1119.085089  	75.375404 
1119.442395  	75.199117 
1119.799702  	75.085485 
1120.157009  	74.843786 
1120.514316  	74.498760 
1120.871623  	74.269373 
1121.228930  	74.214608 
1121.586237  	74.057998 
1121.943544  	73.656989 
1122.300850  	73.299894 
1122.658157  	73.063995 
1123.015464  	72.777362 
1123.372771  	72.496802 
1123.730078  	72.312793 
1124.087385  	72.019612 
1124.444692  	71.575470 
1124.801998  	71.111026 
1125.159305  	70.485139 
1125.516612  	69.899854 
1125.873919  	69.744749 
1126.231226  	69.653072 
1126.588533  	69.247815 
1126.945840  	68.980887 
1127.303146  	68.825319 
1127.660453  	68.152290 
1128.017760  	67.506994 
1128.375067  	67.381186 
1128.732374  	67.219100 
1129.089681  	66.890482 
1129.446988  	66.591171 
1129.804294  	66.451651 
1130.161601  	66.381928 
1130.518908  	66.377144 
1130.876215  	66.644110 
1131.233522  	66.851652 
1131.590829  	67.038026 
1131.948136  	67.432400 
1132.305442  	67.828157 
1132.662749  	68.290130 
1133.020056  	68.726154 
1133.377363  	69.014925 
1133.734670  	69.172801 
1134.091977  	69.150535 
1134.449284  	68.907604 
1134.806591  	68.481504 
1135.163897  	68.324919 
1135.521204  	68.260927 
1135.878511  	67.782885 
1136.235818  	67.279032 
1136.593125  	67.264009 
1136.950432  	67.867574 
1137.307739  	68.660071 
1137.665045  	69.156287 
1138.022352  	69.609928 
1138.379659  	70.470924 
1138.736966  	71.218613 
1139.094273  	71.226951 
1139.451580  	71.236025 
1139.808887  	71.368300 
1140.166193  	71.336634 
1140.523500  	71.375488 
1140.880807  	70.953689 
1141.238114  	70.355071 
1141.595421  	69.922840 
1141.952728  	69.419281 
1142.310035  	69.091047 
1142.667341  	68.267323 
1143.024648  	67.207744 
1143.381955  	66.657477 
1143.739262  	65.762460 
1144.096569  	64.415709 
1144.453876  	63.090666 
1144.811183  	61.786514 
1145.168489  	60.166786 
1145.525796  	58.038368 
1145.883103  	55.761165 
1146.240410  	53.301197 
1146.597717  	50.960772 
1146.955024  	49.071539 
1147.312331  	47.382905 
1147.669638  	46.354496 
1148.026944  	46.592724 
1148.384251  	48.513892 
1148.741558  	52.299225 
1149.098865  	56.893879 
1149.456172  	61.106550 
1149.813479  	64.848140 
1150.170786  	68.012332 
1150.528092  	70.465135 
1150.885399  	72.624330 
1151.242706  	74.196186 
1151.600013  	74.884232 
1151.957320  	75.381218 
1152.314627  	75.882351 
1152.671934  	76.356457 
1153.029240  	76.962065 
1153.386547  	77.402269 
1153.743854  	77.415789 
1154.101161  	77.251970 
1154.458468  	77.180492 
1154.815775  	77.125677 
1155.173082  	77.251881 
1155.530388  	77.510326 
1155.887695  	77.431803 
1156.245002  	77.151264 
1156.602309  	76.886683 
1156.959616  	76.685509 
1157.316923  	76.552326 
1157.674230  	76.295574 
1158.031536  	75.954681 
1158.388843  	75.456187 
1158.746150  	74.823902 
1159.103457  	74.339363 
1159.460764  	73.844153 
1159.818071  	73.196325 
1160.175378  	72.497805 
1160.532685  	71.816280 
1160.889991  	71.274120 
1161.247298  	70.493882 
1161.604605  	69.111446 
1161.961912  	67.708158 
1162.319219  	66.391678 
1162.676526  	64.965645 
1163.033833  	63.760465 
1163.391139  	62.527724 
1163.748446  	61.595939 
1164.105753  	61.508891 
1164.463060  	61.746795 
1164.820367  	62.577335 
1165.177674  	64.302882 
1165.534981  	66.442675 
1165.892287  	68.669199 
1166.249594  	70.536103 
1166.606901  	72.042011 
1166.964208  	73.306627 
1167.321515  	74.238989 
1167.678822  	75.113323 
1168.036129  	75.904434 
1168.393435  	76.427102 
1168.750742  	76.692231 
1169.108049  	76.866821 
1169.465356  	77.094343 
1169.822663  	77.295949 
1170.179970  	77.495318 
1170.537277  	77.478100 
1170.894583  	77.356078 
1171.251890  	77.567368 
1171.609197  	77.696855 
1171.966504  	77.631405 
1172.323811  	77.745173 
1172.681118  	77.768636 
1173.038425  	77.615513 
1173.395731  	77.628312 
1173.753038  	77.807884 
1174.110345  	77.930125 
1174.467652  	77.957008 
1174.824959  	77.868313 
1175.182266  	77.631202 
1175.539573  	77.497801 
1175.896880  	77.534984 
1176.254186  	77.497901 
1176.611493  	77.533372 
1176.968800  	77.690740 
1177.326107  	77.633929 
1177.683414  	77.495585 
1178.040721  	77.532868 
1178.398028  	77.545593 
1178.755334  	77.287527 
1179.112641  	76.935016 
1179.469948  	76.909854 
1179.827255  	77.037567 
1180.184562  	76.936774 
1180.541869  	76.779940 
1180.899176  	76.681768 
1181.256482  	76.605169 
1181.613789  	76.651214 
1181.971096  	76.649081 
1182.328403  	76.314013 
1182.685710  	75.951382 
1183.043017  	75.920525 
1183.400324  	76.020086 
1183.757630  	76.141565 
1184.114937  	76.257285 
1184.472244  	76.273422 
1184.829551  	76.323593 
1185.186858  	76.494741 
1185.544165  	76.605743 
1185.901472  	76.431712 
1186.258778  	76.272060 
1186.616085  	76.316626 
1186.973392  	76.211747 
1187.330699  	76.058734 
1187.688006  	76.049420 
1188.045313  	76.117309 
1188.402620  	76.238801 
1188.759927  	76.373031 
1189.117233  	76.438344 
1189.474540  	76.254504 
1189.831847  	76.207635 
1190.189154  	76.571183 
1190.546461  	76.721652 
1190.903768  	76.395883 
1191.261075  	76.010951 
1191.618381  	75.886731 
1191.975688  	75.786785 
1192.332995  	75.725489 
1192.690302  	75.909758 
1193.047609  	75.884097 
1193.404916  	75.748344 
1193.762223  	75.751152 
1194.119529  	75.764862 
1194.476836  	75.864940 
1194.834143  	75.754307 
1195.191450  	75.519403 
1195.548757  	75.398139 
1195.906064  	75.384747 
1196.263371  	75.622890 
1196.620677  	75.627882 
1196.977984  	75.327636 
1197.335291  	75.109938 
1197.692598  	74.948605 
1198.049905  	74.947710 
1198.407212  	74.876733 
1198.764519  	74.703685 
1199.121825  	74.809037 
1199.479132  	75.036259 
1199.836439  	75.169360 
1200.193746  	75.150692 
1200.551053  	75.000530 
1200.908360  	74.844051 
1201.265667  	74.635335 
1201.622974  	74.435717 
1201.980280  	74.461677 
1202.337587  	74.645434 
1202.694894  	74.859427 
1203.052201  	75.024146 
1203.409508  	74.950544 
1203.766815  	74.860411 
1204.124122  	74.975355 
1204.481428  	75.083970 
1204.838735  	75.101470 
1205.196042  	74.910547 
1205.553349  	74.648288 
1205.910656  	74.647060 
1206.267963  	74.695200 
1206.625270  	74.627374 
1206.982576  	74.675756 
1207.339883  	74.792382 
1207.697190  	74.599352 
1208.054497  	74.312576 
1208.411804  	74.265462 
1208.769111  	74.196410 
1209.126418  	74.200140 
1209.483724  	74.223987 
1209.841031  	73.969182 
1210.198338  	73.783651 
1210.555645  	73.782922 
1210.912952  	73.759319 
1211.270259  	73.669120 
1211.627566  	73.512023 
1211.984872  	73.296718 
1212.342179  	73.147837 
1212.699486  	73.212289 
1213.056793  	73.197298 
1213.414100  	73.125246 
1213.771407  	73.189763 
1214.128714  	73.080937 
1214.486021  	72.945486 
1214.843327  	72.962982 
1215.200634  	73.025979 
1215.557941  	73.150302 
1215.915248  	73.125594 
1216.272555  	73.025158 
1216.629862  	73.033856 
1216.987169  	73.085231 
1217.344475  	73.145805 
1217.701782  	73.121342 
1218.059089  	73.103483 
1218.416396  	73.107265 
1218.773703  	73.042709 
1219.131010  	73.035837 
1219.488317  	73.083732 
1219.845623  	73.150116 
1220.202930  	73.091650 
1220.560237  	72.913982 
1220.917544  	72.938630 
1221.274851  	73.008981 
1221.632158  	73.066476 
1221.989465  	73.295873 
1222.346771  	73.398230 
1222.704078  	73.296136 
1223.061385  	73.175429 
1223.418692  	73.200563 
1223.775999  	73.333361 
1224.133306  	73.215860 
1224.490613  	73.257532 
1224.847919  	73.626132 
1225.205226  	73.531054 
1225.562533  	73.262142 
1225.919840  	73.367243 
1226.277147  	73.384338 
1226.634454  	73.187750 
1226.991761  	73.134978 
1227.349068  	73.207964 
1227.706374  	73.120250 
1228.063681  	73.031423 
1228.420988  	73.133975 
1228.778295  	73.107620 
1229.135602  	72.918203 
1229.492909  	72.922560 
1229.850216  	73.054615 
1230.207522  	72.919314 
1230.564829  	72.731443 
1230.922136  	72.821308 
1231.279443  	72.857116 
1231.636750  	72.749027 
1231.994057  	72.648643 
1232.351364  	72.569053 
1232.708670  	72.474867 
1233.065977  	72.252542 
1233.423284  	72.157997 
1233.780591  	72.254550 
1234.137898  	72.307529 
1234.495205  	72.343585 
1234.852512  	72.273047 
1235.209818  	72.083563 
1235.567125  	71.940249 
1235.924432  	71.969273 
1236.281739  	72.058571 
1236.639046  	71.999505 
1236.996353  	71.880689 
1237.353660  	71.694385 
1237.710966  	71.568745 
1238.068273  	71.539443 
1238.425580  	71.394062 
1238.782887  	71.381080 
1239.140194  	71.373054 
1239.497501  	71.136171 
1239.854808  	70.966141 
1240.212115  	70.838665 
1240.569421  	70.664989 
1240.926728  	70.510842 
1241.284035  	70.390404 
1241.641342  	70.216710 
1241.998649  	70.052101 
1242.355956  	69.982248 
1242.713263  	69.623615 
1243.070569  	69.177018 
1243.427876  	69.041659 
1243.785183  	68.850088 
1244.142490  	68.575460 
1244.499797  	68.459117 
1244.857104  	68.465992 
1245.214411  	68.425437 
1245.571717  	68.369370 
1245.929024  	68.408080 
1246.286331  	68.257114 
1246.643638  	68.082698 
1247.000945  	67.995558 
1247.358252  	67.733218 
1247.715559  	67.611899 
1248.072865  	67.541384 
1248.430172  	67.313980 
1248.787479  	67.031730 
1249.144786  	66.491745 
1249.502093  	66.059718 
1249.859400  	65.971658 
1250.216707  	65.683528 
1250.574013  	65.083833 
1250.931320  	64.516018 
1251.288627  	64.030918 
1251.645934  	63.482227 
1252.003241  	62.942207 
1252.360548  	62.234035 
1252.717855  	61.202347 
1253.075161  	60.180991 
1253.432468  	59.158332 
1253.789775  	58.080996 
1254.147082  	56.911115 
1254.504389  	55.396961 
1254.861696  	53.820385 
1255.219003  	52.312722 
1255.576310  	50.624479 
1255.933616  	48.897374 
1256.290923  	47.321315 
1256.648230  	45.875423 
1257.005537  	44.578217 
1257.362844  	43.547158 
1257.720151  	43.004244 
1258.077458  	43.091819 
1258.434764  	43.643276 
1258.792071  	44.733809 
1259.149378  	46.432267 
1259.506685  	48.272588 
1259.863992  	50.236358 
1260.221299  	52.380713 
1260.578606  	54.507156 
1260.935912  	56.789090 
1261.293219  	58.823667 
1261.650526  	60.322770 
1262.007833  	61.685426 
1262.365140  	62.849592 
1262.722447  	63.809130 
1263.079754  	64.471797 
1263.437060  	64.791992 
1263.794367  	65.301204 
1264.151674  	65.750041 
1264.508981  	65.890060 
1264.866288  	66.207023 
1265.223595  	66.482607 
1265.580902  	66.372895 
1265.938208  	66.267276 
1266.295515  	66.286930 
1266.652822  	66.197401 
1267.010129  	66.168819 
1267.367436  	66.190957 
1267.724743  	66.041447 
1268.082050  	65.949777 
1268.439357  	65.898434 
1268.796663  	65.620746 
1269.153970  	65.415636 
1269.511277  	65.440288 
1269.868584  	65.319733 
1270.225891  	65.166285 
1270.583198  	65.050991 
1270.940505  	64.645253 
1271.297811  	64.401478 
1271.655118  	64.361604 
1272.012425  	64.142275 
1272.369732  	64.091937 
1272.727039  	63.987328 
1273.084346  	63.825417 
1273.441653  	63.923052 
1273.798959  	63.867874 
1274.156266  	63.671717 
1274.513573  	63.479280 
1274.870880  	63.265018 
1275.228187  	63.089766 
1275.585494  	62.921679 
1275.942801  	62.890078 
1276.300107  	62.820561 
1276.657414  	62.648018 
1277.014721  	62.484746 
1277.372028  	62.305520 
1277.729335  	62.300026 
1278.086642  	62.182464 
1278.443949  	61.913702 
1278.801255  	61.923799 
1279.158562  	61.958976 
1279.515869  	61.857379 
1279.873176  	61.695394 
1280.230483  	61.481160 
1280.587790  	61.334024 
1280.945097  	61.157105 
1281.302404  	60.966982 
1281.659710  	60.842652 
1282.017017  	60.672313 
1282.374324  	60.441843 
1282.731631  	60.226117 
1283.088938  	60.200697 
1283.446245  	60.300895 
1283.803552  	60.099121 
1284.160858  	59.710277 
1284.518165  	59.584391 
1284.875472  	59.518932 
1285.232779  	59.287882 
1285.590086  	58.994789 
1285.947393  	58.554388 
1286.304700  	58.122519 
1286.662006  	57.914634 
1287.019313  	57.719894 
1287.376620  	57.365837 
1287.733927  	56.898569 
1288.091234  	56.553068 
1288.448541  	56.345293 
1288.805848  	55.972742 
1289.163154  	55.441964 
1289.520461  	54.852145 
1289.877768  	54.246928 
1290.235075  	53.710674 
1290.592382  	53.184621 
1290.949689  	52.756586 
1291.306996  	52.337657 
1291.664302  	51.690268 
1292.021609  	51.029444 
1292.378916  	50.425893 
1292.736223  	49.748565 
1293.093530  	49.142456 
1293.450837  	48.697996 
1293.808144  	48.221132 
1294.165451  	47.582819 
1294.522757  	47.017027 
1294.880064  	46.547914 
1295.237371  	46.064028 
1295.594678  	45.569114 
1295.951985  	44.951239 
1296.309292  	44.416645 
1296.666599  	43.953166 
1297.023905  	43.483714 
1297.381212  	43.127251 
1297.738519  	42.565582 
1298.095826  	42.118655 
1298.453133  	41.995340 
1298.810440  	41.810286 
1299.167747  	41.864450 
1299.525053  	42.341739 
1299.882360  	43.199289 
1300.239667  	44.175526 
1300.596974  	45.157987 
1300.954281  	46.502975 
1301.311588  	47.822609 
1301.668895  	49.093234 
1302.026201  	50.537091 
1302.383508  	51.672374 
1302.740815  	52.588664 
1303.098122  	53.419988 
1303.455429  	54.072609 
1303.812736  	54.623420 
1304.170043  	54.982834 
1304.527349  	55.143689 
1304.884656  	55.256549 
1305.241963  	55.445869 
1305.599270  	55.534518 
1305.956577  	55.528533 
1306.313884  	55.502336 
1306.671191  	55.278870 
1307.028498  	55.101900 
1307.385804  	54.981323 
1307.743111  	54.734937 
1308.100418  	54.409482 
1308.457725  	54.087245 
1308.815032  	54.020278 
1309.172339  	53.891112 
1309.529646  	53.473404 
1309.886952  	53.136169 
1310.244259  	52.940822 
1310.601566  	52.809952 
1310.958873  	52.663129 
1311.316180  	52.412678 
1311.673487  	52.221520 
1312.030794  	52.303096 
1312.388100  	52.291574 
1312.745407  	51.999782 
1313.102714  	52.050708 
1313.460021  	52.132618 
1313.817328  	51.935419 
1314.174635  	52.090581 
1314.531942  	52.501407 
1314.889248  	52.612481 
1315.246555  	52.518341 
1315.603862  	52.658409 
1315.961169  	52.840856 
1316.318476  	52.983666 
1316.675783  	53.209653 
1317.033090  	53.052414 
1317.390396  	52.832812 
1317.747703  	52.884892 
1318.105010  	52.934029 
1318.462317  	53.182667 
1318.819624  	53.125410 
1319.176931  	52.619219 
1319.534238  	52.485795 
1319.891545  	52.392961 
1320.248851  	52.212289 
1320.606158  	52.128587 
1320.963465  	51.875721 
1321.320772  	51.578697 
1321.678079  	51.396083 
1322.035386  	51.041577 
1322.392693  	50.521017 
1322.749999  	50.170282 
1323.107306  	49.948994 
1323.464613  	49.596077 
1323.821920  	49.208915 
1324.179227  	49.016559 
1324.536534  	48.732842 
1324.893841  	48.260085 
1325.251147  	48.066683 
1325.608454  	47.942390 
1325.965761  	47.515368 
1326.323068  	46.990679 
1326.680375  	46.523799 
1327.037682  	46.201232 
1327.394989  	45.936397 
1327.752295  	45.585328 
1328.109602  	45.088550 
1328.466909  	44.541711 
1328.824216  	44.205680 
1329.181523  	43.893370 
1329.538830  	43.324838 
1329.896137  	42.782401 
1330.253443  	42.574011 
1330.610750  	42.271167 
1330.968057  	41.632547 
1331.325364  	41.180988 
1331.682671  	40.951403 
1332.039978  	40.681833 
1332.397285  	40.272997 
1332.754592  	39.750444 
1333.111898  	39.339878 
1333.469205  	38.924698 
1333.826512  	38.461784 
1334.183819  	37.981374 
1334.541126  	37.487120 
1334.898433  	37.072746 
1335.255740  	36.586125 
1335.613046  	36.074835 
1335.970353  	35.689891 
1336.327660  	35.408831 
1336.684967  	34.767142 
1337.042274  	33.799137 
1337.399581  	33.371201 
1337.756888  	33.060812 
1338.114194  	32.628075 
1338.471501  	32.071494 
1338.828808  	31.285436 
1339.186115  	30.800520 
1339.543422  	30.290298 
1339.900729  	29.980432 
1340.258036  	29.853671 
1340.615342  	29.087722 
1340.972649  	28.559087 
1341.329956  	28.236537 
1341.687263  	27.856303 
1342.044570  	27.582206 
1342.401877  	27.160179 
1342.759184  	27.000001 
1343.116490  	27.032120 
1343.473797  	26.784418 
1343.831104  	26.541209 
1344.188411  	26.584761 
1344.545718  	26.709312 
1344.903025  	26.637697 
1345.260332  	26.633161 
1345.617638  	26.789323 
1345.974945  	26.856888 
1346.332252  	26.862645 
1346.689559  	26.846963 
1347.046866  	26.751868 
1347.404173  	26.670345 
1347.761480  	26.687489 
1348.118787  	26.619720 
1348.476093  	26.651667 
1348.833400  	26.783634 
1349.190707  	26.588432 
1349.548014  	26.454773 
1349.905321  	26.473701 
1350.262628  	26.363033 
1350.619935  	26.345585 
1350.977241  	26.350047 
1351.334548  	26.282498 
1351.691855  	26.213778 
1352.049162  	26.192104 
1352.406469  	26.099101 
1352.763776  	25.970647 
1353.121083  	26.081587 
1353.478389  	26.242785 
1353.835696  	26.321894 
1354.193003  	26.340544 
1354.550310  	26.495671 
1354.907617  	26.813258 
1355.264924  	26.921221 
1355.622231  	27.173516 
1355.979537  	27.493931 
1356.336844  	27.674324 
1356.694151  	28.095001 
1357.051458  	28.635203 
1357.408765  	29.254774 
1357.766072  	29.915007 
1358.123379  	30.455259 
1358.480685  	31.024759 
1358.837992  	31.796928 
1359.195299  	32.739766 
1359.552606  	33.580174 
1359.909913  	34.477470 
1360.267220  	35.506527 
1360.624527  	36.649533 
1360.981834  	37.976145 
1361.339140  	38.867217 
1361.696447  	39.862696 
1362.053754  	41.270027 
1362.411061  	42.662996 
1362.768368  	44.139113 
1363.125675  	45.092542 
1363.482982  	45.729018 
1363.840288  	47.233375 
1364.197595  	48.752801 
1364.554902  	49.991520 
1364.912209  	51.139912 
1365.269516  	52.425338 
1365.626823  	53.696550 
1365.984130  	54.783799 
1366.341436  	55.941996 
1366.698743  	57.073059 
1367.056050  	58.138704 
1367.413357  	59.173307 
1367.770664  	60.090911 
1368.127971  	61.065599 
1368.485278  	61.852032 
1368.842584  	62.435489 
1369.199891  	63.310193 
1369.557198  	64.122649 
1369.914505  	64.736456 
1370.271812  	65.355270 
1370.629119  	65.782700 
1370.986426  	66.103250 
1371.343732  	66.560664 
1371.701039  	66.905731 
1372.058346  	67.204044 
1372.415653  	67.490562 
1372.772960  	67.746347 
1373.130267  	68.502571 
1373.487574  	69.046114 
1373.844881  	68.083580 
1374.202187  	67.695812 
1374.559494  	68.646849 
1374.916801  	69.122002 
1375.274108  	68.608443 
1375.631415  	68.404910 
1375.988722  	68.718759 
1376.346029  	68.914625 
1376.703335  	68.928396 
1377.060642  	68.866518 
1377.417949  	68.947152 
1377.775256  	69.027465 
1378.132563  	68.836017 
1378.489870  	68.798224 
1378.847177  	69.009103 
1379.204483  	69.233636 
1379.561790  	69.384647 
1379.919097  	69.504083 
1380.276404  	69.677675 
1380.633711  	69.834457 
1380.991018  	70.020529 
1381.348325  	70.235879 
1381.705631  	70.597578 
1382.062938  	71.112661 
1382.420245  	71.493310 
1382.777552  	71.733794 
1383.134859  	71.833169 
1383.492166  	71.988682 
1383.849473  	72.384142 
1384.206779  	72.691098 
1384.564086  	72.775478 
1384.921393  	72.950193 
1385.278700  	73.282231 
1385.636007  	73.500964 
1385.993314  	73.907721 
1386.350621  	74.187231 
1386.707928  	74.070416 
1387.065234  	74.859582 
1387.422541  	75.146671 
1387.779848  	73.434055 
1388.137155  	73.875852 
1388.494462  	74.819823 
1388.851769  	75.092794 
1389.209076  	75.277769 
1389.566382  	75.428857 
1389.923689  	75.708179 
1390.280996  	75.966793 
1390.638303  	76.034443 
1390.995610  	76.049837 
1391.352917  	76.013188 
1391.710224  	76.103221 
1392.067530  	76.205015 
1392.424837  	76.244628 
1392.782144  	76.425266 
1393.139451  	76.636621 
1393.496758  	76.778089 
1393.854065  	77.314090 
1394.211372  	77.831871 
1394.568678  	75.813712 
1394.925985  	75.035985 
1395.283292  	77.013181 
1395.640599  	77.616874 
1395.997906  	76.342863 
1396.355213  	76.227632 
1396.712520  	76.676177 
1397.069826  	77.007851 
1397.427133  	77.411476 
1397.784440  	77.026014 
1398.141747  	76.457932 
1398.499054  	77.276015 
1398.856361  	78.328227 
1399.213668  	77.200217 
1399.570975  	75.483468 
1399.928281  	76.216982 
1400.285588  	76.783762 
1400.642895  	76.740240 
1401.000202  	76.806558 
1401.357509  	76.813781 
1401.714816  	76.840706 
1402.072123  	76.758980 
1402.429429  	76.554119 
1402.786736  	76.705985 
1403.144043  	76.647772 
1403.501350  	76.403736 
1403.858657  	76.389511 
1404.215964  	76.806048 
1404.573271  	77.709296 
1404.930577  	76.990472 
1405.287884  	74.913753 
1405.645191  	75.352457 
1406.002498  	75.966013 
1406.359805  	75.820917 
1406.717112  	75.642587 
1407.074419  	75.455817 
1407.431725  	75.405197 
1407.789032  	75.499259 
1408.146339  	75.480180 
1408.503646  	75.439914 
1408.860953  	75.318486 
1409.218260  	75.144011 
1409.575567  	75.077761 
1409.932873  	74.871111 
1410.290180  	74.657438 
1410.647487  	74.671835 
1411.004794  	74.638664 
1411.362101  	74.561726 
1411.719408  	74.380079 
1412.076715  	74.182142 
1412.434022  	74.147796 
1412.791328  	74.013702 
1413.148635  	73.868988 
1413.505942  	73.733501 
1413.863249  	73.549481 
1414.220556  	73.497951 
1414.577863  	73.525598 
1414.935170  	73.489529 
1415.292476  	73.428766 
1415.649783  	73.593472 
1416.007090  	73.414725 
1416.364397  	72.732289 
1416.721704  	73.121600 
1417.079011  	73.915854 
1417.436318  	73.099025 
1417.793624  	71.938139 
1418.150931  	72.574402 
1418.508238  	73.692497 
1418.865545  	75.003600 
1419.222852  	75.491860 
1419.580159  	70.053629 
1419.937466  	69.913797 
1420.294772  	71.696604 
1420.652079  	72.251402 
1421.009386  	72.314185 
1421.366693  	72.353221 
1421.724000  	72.167705 
1422.081307  	72.051272 
1422.438614  	71.870753 
1422.795920  	71.661005 
1423.153227  	71.778194 
1423.510534  	71.961795 
1423.867841  	71.328053 
1424.225148  	70.222645 
1424.582455  	70.284018 
1424.939762  	70.746674 
1425.297068  	70.921696 
1425.654375  	70.791183 
1426.011682  	70.628680 
1426.368989  	70.457657 
1426.726296  	70.084935 
1427.083603  	69.822512 
1427.440910  	69.831394 
1427.798217  	69.898678 
1428.155523  	69.727074 
1428.512830  	69.348042 
1428.870137  	69.150527 
1429.227444  	69.378509 
1429.584751  	70.006049 
1429.942058  	69.215532 
1430.299365  	67.105984 
1430.656671  	67.327170 
1431.013978  	67.893574 
1431.371285  	67.706506 
1431.728592  	67.411917 
1432.085899  	67.013531 
1432.443206  	66.680564 
1432.800513  	66.491349 
1433.157819  	65.984807 
1433.515126  	65.195692 
1433.872433  	64.799816 
1434.229740  	64.664823 
1434.587047  	64.205172 
1434.944354  	63.791978 
1435.301661  	63.470382 
1435.658967  	62.844510 
1436.016274  	62.755121 
1436.373581  	63.723856 
1436.730888  	61.357634 
1437.088195  	54.029209 
1437.445502  	55.071982 
1437.802809  	55.440534 
1438.160115  	54.168031 
1438.517422  	52.291216 
1438.874729  	50.288313 
1439.232036  	48.297806 
1439.589343  	46.397386 
1439.946650  	44.856270 
1440.303957  	43.992141 
1440.661264  	43.718889 
1441.018570  	44.601130 
1441.375877  	46.556379 
1441.733184  	48.801343 
1442.090491  	51.180719 
1442.447798  	53.584362 
1442.805105  	55.887740 
1443.162412  	57.690264 
1443.519718  	58.980015 
1443.877025  	60.188492 
1444.234332  	61.050278 
1444.591639  	61.663842 
1444.948946  	62.151754 
1445.306253  	62.255827 
1445.663560  	62.384393 
1446.020866  	62.595089 
1446.378173  	62.652264 
1446.735480  	62.514345 
1447.092787  	62.312586 
1447.450094  	62.686797 
1447.807401  	62.746121 
1448.164708  	60.630645 
1448.522014  	59.985634 
1448.879321  	60.317714 
1449.236628  	59.856708 
1449.593935  	59.261473 
1449.951242  	58.915329 
1450.308549  	58.511805 
1450.665856  	57.879463 
1451.023162  	57.068876 
1451.380469  	56.712071 
1451.737776  	56.457147 
1452.095083  	55.305197 
1452.452390  	53.992585 
1452.809697  	53.546836 
1453.167004  	53.105357 
1453.524311  	52.192199 
1453.881617  	51.467632 
1454.238924  	50.767705 
1454.596231  	49.889398 
1454.953538  	49.434766 
1455.310845  	48.474461 
1455.668152  	47.079981 
1456.025459  	47.308955 
1456.382765  	48.550462 
1456.740072  	47.901379 
1457.097379  	41.300138 
1457.454686  	41.737967 
1457.811993  	42.803419 
1458.169300  	42.569167 
1458.526607  	40.176644 
1458.883913  	39.804906 
1459.241220  	39.442274 
1459.598527  	37.873975 
1459.955834  	37.656972 
1460.313141  	37.950250 
1460.670448  	38.177538 
1461.027755  	38.610628 
1461.385061  	39.154723 
1461.742368  	39.834333 
1462.099675  	40.501811 
1462.456982  	41.404488 
1462.814289  	42.459301 
1463.171596  	43.277781 
1463.528903  	44.179392 
1463.886209  	45.136049 
1464.243516  	46.195069 
1464.600823  	47.411350 
1464.958130  	47.254498 
1465.315437  	46.745012 
1465.672744  	47.820515 
1466.030051  	48.682120 
1466.387358  	48.921296 
1466.744664  	49.034717 
1467.101971  	49.401531 
1467.459278  	49.738772 
1467.816585  	49.907109 
1468.173892  	50.126781 
1468.531199  	50.578917 
1468.888506  	50.979359 
1469.245812  	51.194590 
1469.603119  	51.639134 
1469.960426  	52.217040 
1470.317733  	52.823023 
1470.675040  	53.562504 
1471.032347  	54.341339 
1471.389654  	55.293686 
1471.746960  	56.271730 
1472.104267  	55.886838 
1472.461574  	55.322744 
1472.818881  	56.941238 
1473.176188  	58.908636 
1473.533495  	58.238888 
1473.890802  	56.857007 
1474.248108  	58.290510 
1474.605415  	59.456657 
1474.962722  	60.097638 
1475.320029  	60.636255 
1475.677336  	61.720251 
1476.034643  	62.831201 
1476.391950  	61.353585 
1476.749256  	60.359692 
1477.106563  	61.321245 
1477.463870  	61.987993 
1477.821177  	62.088896 
1478.178484  	62.010293 
1478.535791  	61.909525 
1478.893098  	61.882474 
1479.250405  	61.887366 
1479.607711  	61.682843 
1479.965018  	61.463536 
1480.322325  	61.361397 
1480.679632  	61.498317 
1481.036939  	61.477167 
1481.394246  	60.596751 
1481.751553  	60.118830 
1482.108859  	60.296937 
1482.466166  	60.300488 
1482.823473  	60.162421 
1483.180780  	59.918869 
1483.538087  	59.604826 
1483.895394  	59.237633 
1484.252701  	59.041150 
1484.610007  	58.856588 
1484.967314  	58.335148 
1485.324621  	57.948962 
1485.681928  	57.929601 
1486.039235  	57.717399 
1486.396542  	56.927027 
1486.753849  	56.870023 
1487.111155  	57.384520 
1487.468462  	55.708072 
1487.825769  	54.316314 
1488.183076  	54.644287 
1488.540383  	54.754263 
1488.897690  	54.497468 
1489.254997  	54.062764 
1489.612303  	53.697284 
1489.969610  	52.404000 
1490.326917  	51.994811 
1490.684224  	52.269258 
1491.041531  	50.508811 
1491.398838  	49.982928 
1491.756145  	50.289126 
1492.113452  	49.929082 
1492.470758  	49.608761 
1492.828065  	49.297231 
1493.185372  	48.999785 
1493.542679  	48.589231 
1493.899986  	48.129712 
1494.257293  	47.840848 
1494.614600  	47.450433 
1494.971906  	47.041087 
1495.329213  	46.561833 
1495.686520  	46.752354 
1496.043827  	47.287492 
1496.401134  	44.547750 
1496.758441  	43.483144 
1497.115748  	44.145962 
1497.473054  	44.299326 
1497.830361  	44.110264 
1498.187668  	44.134938 
1498.544975  	44.556538 
1498.902282  	43.241681 
1499.259589  	41.818934 
1499.616896  	42.333865 
1499.974202  	42.486324 
1500.331509  	42.104545 
1500.688816  	41.660430 
1501.046123  	41.357633 
1501.403430  	41.091210 
1501.760737  	40.608468 
1502.118044  	40.093528 
1502.475350  	39.881596 
1502.832657  	39.782476 
1503.189964  	39.387240 
1503.547271  	38.818059 
1503.904578  	38.373058 
1504.261885  	38.063855 
1504.619192  	37.826390 
1504.976498  	37.682890 
1505.333805  	38.049597 
1505.691112  	37.368851 
1506.048419  	35.329676 
1506.405726  	36.412160 
1506.763033  	38.025828 
1507.120340  	36.226326 
1507.477647  	33.785560 
1507.834953  	33.962171 
1508.192260  	34.295844 
1508.549567  	33.605446 
1508.906874  	32.381493 
1509.264181  	32.503557 
1509.621488  	32.565697 
1509.978795  	31.633292 
1510.336101  	31.108417 
1510.693408  	30.841107 
1511.050715  	30.329480 
1511.408022  	29.817288 
1511.765329  	29.585541 
1512.122636  	29.418495 
1512.479943  	28.262711 
1512.837249  	27.509128 
1513.194556  	27.377951 
1513.551863  	26.975388 
1513.909170  	26.598988 
1514.266477  	26.380939 
1514.623784  	26.075875 
1514.981091  	25.386386 
1515.338397  	24.491899 
1515.695704  	24.305718 
1516.053011  	24.321284 
1516.410318  	23.934437 
1516.767625  	23.237110 
1517.124932  	23.043126 
1517.482239  	22.686301 
1517.839545  	21.466699 
1518.196852  	21.219165 
1518.554159  	21.270421 
1518.911466  	20.923049 
1519.268773  	20.543302 
1519.626080  	20.465437 
1519.983387  	20.439966 
1520.340694  	19.956143 
1520.698000  	19.830870 
1521.055307  	20.273177 
1521.412614  	19.140433 
1521.769921  	18.141888 
1522.127228  	18.477389 
1522.484535  	18.908103 
1522.841842  	18.777803 
1523.199148  	18.228916 
1523.556455  	18.348466 
1523.913762  	18.452610 
1524.271069  	18.470537 
1524.628376  	18.825151 
1524.985683  	19.128961 
1525.342990  	19.109819 
1525.700296  	18.598109 
1526.057603  	18.757388 
1526.414910  	19.592608 
1526.772217  	20.295327 
1527.129524  	20.802123 
1527.486831  	21.037716 
1527.844138  	21.652542 
1528.201444  	23.007060 
1528.558751  	24.200913 
1528.916058  	25.219774 
1529.273365  	26.589376 
1529.630672  	28.240900 
1529.987979  	30.221523 
1530.345286  	32.155906 
1530.702592  	34.166456 
1531.059899  	36.161944 
1531.417206  	38.044160 
1531.774513  	40.173285 
1532.131820  	42.239577 
1532.489127  	44.470457 
1532.846434  	46.621448 
1533.203741  	48.616351 
1533.561047  	50.708568 
1533.918354  	51.636529 
1534.275661  	53.664554 
1534.632968  	56.056544 
1534.990275  	58.010564 
1535.347582  	60.136756 
1535.704889  	62.054813 
1536.062195  	63.881757 
1536.419502  	65.742449 
1536.776809  	67.600285 
1537.134116  	69.333962 
1537.491423  	70.721733 
1537.848730  	72.202635 
1538.206037  	73.851067 
1538.563343  	75.580930 
1538.920650  	75.682031 
1539.277957  	73.564808 
1539.635264  	76.527363 
1539.992571  	78.718165 
1540.349878  	77.749409 
1540.707185  	77.054581 
1541.064491  	79.161121 
1541.421798  	81.100877 
1541.779105  	82.072593 
1542.136412  	80.253437 
1542.493719  	78.928834 
1542.851026  	81.224090 
1543.208333  	82.422471 
1543.565639  	82.029598 
1543.922946  	82.230616 
1544.280253  	83.098211 
1544.637560  	84.085277 
1544.994867  	83.932376 
1545.352174  	81.363266 
1545.709481  	81.847636 
1546.066788  	83.268991 
1546.424094  	83.867099 
1546.781401  	84.012571 
1547.138708  	84.195032 
1547.496015  	84.454880 
1547.853322  	84.421131 
1548.210629  	84.423767 
1548.567936  	84.572565 
1548.925242  	84.911976 
1549.282549  	85.289561 
1549.639856  	85.134301 
1549.997163  	84.258207 
1550.354470  	83.059720 
1550.711777  	83.126124 
1551.069084  	83.765381 
1551.426390  	84.006177 
1551.783697  	84.096557 
1552.141004  	84.018734 
1552.498311  	83.904229 
1552.855618  	83.842159 
1553.212925  	83.781795 
1553.570232  	84.334456 
1553.927538  	85.162988 
1554.284845  	83.927780 
1554.642152  	80.410445 
1554.999459  	81.119991 
1555.356766  	82.119409 
1555.714073  	82.276815 
1556.071380  	82.268754 
1556.428686  	82.338798 
1556.785993  	82.734121 
1557.143300  	83.789268 
1557.500607  	83.973480 
1557.857914  	81.901837 
1558.215221  	82.132641 
1558.572528  	79.251488 
1558.929835  	78.098496 
1559.287141  	81.190511 
1559.644448  	82.556090 
1560.001755  	79.033287 
1560.359062  	74.607926 
1560.716369  	77.457039 
1561.073676  	79.692289 
1561.430983  	80.719597 
1561.788289  	81.095301 
1562.145596  	81.253663 
1562.502903  	81.265357 
1562.860210  	81.292140 
1563.217517  	81.231102 
1563.574824  	81.081298 
1563.932131  	80.989864 
1564.289437  	81.281843 
1564.646744  	81.401817 
1565.004051  	79.865524 
1565.361358  	79.176085 
1565.718665  	79.793306 
1566.075972  	79.859926 
1566.433279  	79.684944 
1566.790585  	79.452407 
1567.147892  	79.143534 
1567.505199  	78.882902 
1567.862506  	78.617519 
1568.219813  	78.815077 
1568.577120  	79.097420 
1568.934427  	78.834991 
1569.291733  	78.674534 
1569.649040  	77.972805 
1570.006347  	75.379811 
1570.363654  	75.255412 
1570.720961  	76.052081 
1571.078268  	75.887160 
1571.435575  	75.064160 
1571.792882  	74.174099 
1572.150188  	73.401129 
1572.507495  	72.834677 
1572.864802  	71.965886 
1573.222109  	70.685563 
1573.579416  	69.399582 
1573.936723  	68.044356 
1574.294030  	66.392627 
1574.651336  	64.594808 
1575.008643  	62.786108 
1575.365950  	61.247275 
1575.723257  	60.565609 
1576.080564  	58.326982 
1576.437871  	48.676542 
1576.795178  	46.775258 
1577.152484  	46.364330 
1577.509791  	45.258191 
1577.867098  	44.106985 
1578.224405  	44.114418 
1578.581712  	45.713943 
1578.939019  	48.582816 
1579.296326  	52.087781 
1579.653632  	55.457055 
1580.010939  	58.521400 
1580.368246  	60.930129 
1580.725553  	62.387205 
1581.082860  	63.282186 
1581.440167  	63.603222 
1581.797474  	63.434594 
1582.154780  	63.061238 
1582.512087  	62.375066 
1582.869394  	61.479232 
1583.226701  	60.486278 
1583.584008  	59.400703 
1583.941315  	58.325470 
1584.298622  	57.404174 
1584.655928  	56.514176 
1585.013235  	55.642598 
1585.370542  	54.984547 
1585.727849  	54.343395 
1586.085156  	53.965386 
1586.442463  	54.054979 
1586.799770  	54.261206 
1587.157077  	54.686163 
1587.514383  	55.519418 
1587.871690  	56.755210 
1588.228997  	58.301519 
1588.586304  	60.164741 
1588.943611  	62.269196 
1589.300918  	64.218638 
1589.658225  	66.143048 
1590.015531  	68.057082 
1590.372838  	69.680239 
1590.730145  	71.367404 
1591.087452  	73.034298 
1591.444759  	74.404644 
1591.802066  	75.670016 
1592.159373  	76.935744 
1592.516679  	78.205121 
1592.873986  	79.441922 
1593.231293  	80.580333 
1593.588600  	81.493762 
1593.945907  	82.458061 
1594.303214  	83.563126 
1594.660521  	84.305931 
1595.017827  	84.961569 
1595.375134  	85.753965 
1595.732441  	86.436673 
1596.089748  	86.851637 
1596.447055  	87.012064 
1596.804362  	87.419043 
1597.161669  	87.850643 
1597.518975  	88.071969 
1597.876282  	88.359006 
1598.233589  	88.499463 
1598.590896  	88.537493 
1598.948203  	88.670581 
1599.305510  	88.847349 
1599.662817  	89.018284 
1600.020124  	89.120128 
1600.377430  	89.163833 
1600.734737  	89.118914 
1601.092044  	89.026286 
1601.449351  	88.963124 
1601.806658  	89.033486 
1602.163965  	89.113395 
1602.521272  	89.125199 
1602.878578  	89.198597 
1603.235885  	89.023224 
1603.593192  	88.873821 
1603.950499  	89.017523 
1604.307806  	88.983984 
1604.665113  	88.907125 
1605.022420  	88.820846 
1605.379726  	88.812085 
1605.737033  	88.920105 
1606.094340  	88.726477 
1606.451647  	88.573936 
1606.808954  	88.595357 
1607.166261  	88.426893 
1607.523568  	88.325302 
1607.880874  	88.477185 
1608.238181  	88.597377 
1608.595488  	88.587641 
1608.952795  	88.713783 
1609.310102  	88.672034 
1609.667409  	88.228218 
1610.024716  	88.290069 
1610.382022  	88.624877 
1610.739329  	88.657610 
1611.096636  	88.750106 
1611.453943  	89.161509 
1611.811250  	89.564449 
1612.168557  	89.815802 
1612.525864  	90.086750 
1612.883171  	90.386084 
1613.240477  	90.740470 
1613.597784  	91.054521 
1613.955091  	91.194622 
1614.312398  	91.341494 
1614.669705  	91.554528 
1615.027012  	91.817845 
1615.384319  	92.197657 
1615.741625  	92.883476 
1616.098932  	94.051754 
1616.456239  	94.812258 
1616.813546  	90.897267 
1617.170853  	89.246439 
1617.528160  	91.290927 
1617.885467  	92.427932 
1618.242773  	93.046689 
1618.600080  	93.495281 
1618.957387  	93.528204 
1619.314694  	93.469498 
1619.672001  	93.538726 
1620.029308  	93.650969 
1620.386615  	93.774416 
1620.743921  	93.779536 
1621.101228  	93.866055 
1621.458535  	93.972061 
1621.815842  	94.194033 
1622.173149  	94.434922 
1622.530456  	94.247671 
1622.887763  	94.763072 
1623.245069  	95.417908 
1623.602376  	93.338287 
1623.959683  	92.345009 
1624.316990  	93.574281 
1624.674297  	94.020604 
1625.031604  	94.259584 
1625.388911  	94.298097 
1625.746218  	94.210025 
1626.103524  	94.361847 
1626.460831  	94.396907 
1626.818138  	94.534611 
1627.175445  	95.184268 
1627.532752  	95.622620 
1627.890059  	94.301527 
1628.247366  	93.049220 
1628.604672  	93.789942 
1628.961979  	94.286784 
1629.319286  	94.364172 
1629.676593  	94.735762 
1630.033900  	94.895752 
1630.391207  	94.815815 
1630.748514  	94.791388 
1631.105820  	94.627254 
1631.463127  	94.596826 
1631.820434  	94.818879 
1632.177741  	94.873323 
1632.535048  	94.765241 
1632.892355  	94.816246 
1633.249662  	94.851451 
1633.606968  	94.793551 
1633.964275  	95.067719 
1634.321582  	95.749224 
1634.678889  	96.450773 
1635.036196  	96.782234 
1635.393503  	95.515585 
1635.750810  	91.294169 
1636.108116  	90.813265 
1636.465423  	92.687959 
1636.822730  	94.393695 
1637.180037  	95.432997 
1637.537344  	94.743574 
1637.894651  	93.246623 
1638.251958  	93.430787 
1638.609265  	93.632723 
1638.966571  	93.626344 
1639.323878  	93.754859 
1639.681185  	93.750631 
1640.038492  	93.815815 
1640.395799  	93.557442 
1640.753106  	93.376465 
1641.110413  	93.579248 
1641.467719  	93.431537 
1641.825026  	93.306828 
1642.182333  	93.228849 
1642.539640  	93.120784 
1642.896947  	93.159705 
1643.254254  	93.045585 
1643.611561  	92.986307 
1643.968867  	92.924203 
1644.326174  	92.891176 
1644.683481  	93.092977 
1645.040788  	93.717066 
1645.398095  	94.858470 
1645.755402  	94.709355 
1646.112709  	90.347401 
1646.470015  	90.126399 
1646.827322  	92.517140 
1647.184629  	93.431688 
1647.541936  	92.329748 
1647.899243  	92.094073 
1648.256550  	91.794778 
1648.613857  	90.470024 
1648.971163  	91.037662 
1649.328470  	91.947675 
1649.685777  	92.275334 
1650.043084  	92.432790 
1650.400391  	92.398409 
1650.757698  	92.544086 
1651.115005  	92.897498 
1651.472312  	93.260233 
1651.829618  	93.883053 
1652.186925  	94.264310 
1652.544232  	92.011376 
1652.901539  	88.795613 
1653.258846  	87.093602 
1653.616153  	88.013947 
1653.973460  	91.692377 
1654.330766  	92.396910 
1654.688073  	89.868118 
1655.045380  	90.420856 
1655.402687  	91.945426 
1655.759994  	92.532338 
1656.117301  	92.681674 
1656.474608  	92.792314 
1656.831914  	92.834816 
1657.189221  	92.567423 
1657.546528  	92.321651 
1657.903835  	92.392750 
1658.261142  	92.450853 
1658.618449  	92.428638 
1658.975756  	92.440586 
1659.333062  	92.646023 
1659.690369  	92.933300 
1660.047676  	92.941349 
1660.404983  	92.826018 
1660.762290  	92.815981 
1661.119597  	92.994727 
1661.476904  	93.252940 
1661.834210  	93.455211 
1662.191517  	94.038489 
1662.548824  	94.183978 
1662.906131  	91.718226 
1663.263438  	91.019741 
1663.620745  	92.477229 
1663.978052  	93.117535 
1664.335359  	93.193192 
1664.692665  	93.240098 
1665.049972  	93.463538 
1665.407279  	93.579129 
1665.764586  	93.430027 
1666.121893  	93.587144 
1666.479200  	93.963067 
1666.836507  	94.077519 
1667.193813  	94.046314 
1667.551120  	94.405186 
1667.908427  	94.888197 
1668.265734  	94.535844 
1668.623041  	94.510238 
1668.980348  	95.406087 
1669.337655  	93.326160 
1669.694961  	89.976705 
1670.052268  	91.942815 
1670.409575  	93.733069 
1670.766882  	94.612976 
1671.124189  	94.902467 
1671.481496  	93.707793 
1671.838803  	92.139477 
1672.196109  	92.948908 
1672.553416  	93.688174 
1672.910723  	93.927457 
1673.268030  	94.325979 
1673.625337  	94.378509 
1673.982644  	94.276851 
1674.339951  	94.659875 
1674.697257  	95.657113 
1675.054564  	96.502495 
1675.411871  	92.335397 
1675.769178  	90.133406 
1676.126485  	92.442936 
1676.483792  	93.748240 
1676.841099  	94.031493 
1677.198405  	93.984419 
1677.555712  	93.925997 
1677.913019  	93.914336 
1678.270326  	94.078754 
1678.627633  	94.129351 
1678.984940  	94.290263 
1679.342247  	94.679888 
1679.699554  	94.682563 
1680.056860  	94.400221 
1680.414167  	93.647942 
1680.771474  	92.955183 
1681.128781  	93.397475 
1681.486088  	93.841708 
1681.843395  	93.830794 
1682.200702  	94.011894 
1682.558008  	94.670876 
1682.915315  	94.979724 
1683.272622  	94.223345 
1683.629929  	94.325576 
1683.987236  	94.624146 
1684.344543  	94.423227 
1684.701850  	93.843112 
1685.059156  	89.018455 
1685.416463  	89.767562 
1685.773770  	92.211850 
1686.131077  	93.405283 
1686.488384  	93.687748 
1686.845691  	93.659977 
1687.202998  	93.651391 
1687.560304  	93.811782 
1687.917611  	94.283893 
1688.274918  	94.149511 
1688.632225  	93.124120 
1688.989532  	93.123512 
1689.346839  	93.683003 
1689.704146  	94.051254 
1690.061452  	93.734962 
1690.418759  	92.753013 
1690.776066  	92.896584 
1691.133373  	93.255684 
1691.490680  	93.067612 
1691.847987  	93.142135 
1692.205294  	93.370439 
1692.562601  	93.461821 
1692.919907  	93.341865 
1693.277214  	93.112463 
1693.634521  	93.195253 
1693.991828  	93.272132 
1694.349135  	93.296184 
1694.706442  	93.765349 
1695.063749  	94.815003 
1695.421055  	96.358365 
1695.778362  	94.336019 
1696.135669  	86.994305 
1696.492976  	89.547670 
1696.850283  	91.952855 
1697.207590  	93.062803 
1697.564897  	92.774444 
1697.922203  	92.175723 
1698.279510  	92.589174 
1698.636817  	93.072240 
1698.994124  	93.703424 
1699.351431  	95.332693 
1699.708738  	96.634698 
1700.066045  	94.747849 
1700.423351  	88.036679 
1700.780658  	84.472108 
1701.137965  	87.773864 
1701.495272  	90.717631 
1701.852579  	92.030438 
1702.209886  	92.689344 
1702.567193  	92.660114 
1702.924499  	92.417109 
1703.281806  	92.458659 
1703.639113  	92.799698 
1703.996420  	93.578053 
1704.353727  	93.259276 
1704.711034  	91.571606 
1705.068341  	92.002447 
1705.425648  	92.978164 
1705.782954  	93.960194 
1706.140261  	94.251670 
1706.497568  	91.894390 
1706.854875  	91.164994 
1707.212182  	92.228490 
1707.569489  	92.649388 
1707.926796  	92.819411 
1708.284102  	92.791883 
1708.641409  	92.662579 
1708.998716  	92.732419 
1709.356023  	92.940760 
1709.713330  	93.324129 
1710.070637  	93.086547 
1710.427944  	92.142170 
1710.785250  	92.167811 
1711.142557  	92.762946 
1711.499864  	92.994596 
1711.857171  	92.991533 
1712.214478  	93.086294 
1712.571785  	93.045910 
1712.929092  	92.650532 
1713.286398  	92.852931 
1713.643705  	93.522792 
1714.001012  	92.832390 
1714.358319  	91.960156 
1714.715626  	92.822970 
1715.072933  	92.658409 
1715.430240  	90.697346 
1715.787546  	90.831805 
1716.144853  	91.932252 
1716.502160  	93.233078 
1716.859467  	94.630890 
1717.216774  	94.895352 
1717.574081  	91.045758 
1717.931388  	90.869022 
1718.288695  	92.987696 
1718.646001  	91.779525 
1719.003308  	89.334838 
1719.360615  	90.708966 
1719.717922  	91.846922 
1720.075229  	92.268146 
1720.432536  	92.480681 
1720.789843  	92.495861 
1721.147149  	92.407477 
1721.504456  	92.223110 
1721.861763  	92.303230 
1722.219070  	92.536531 
1722.576377  	92.629007 
1722.933684  	93.082501 
1723.290991  	93.004653 
1723.648297  	91.821195 
1724.005604  	91.625114 
1724.362911  	91.991447 
1724.720218  	91.918277 
1725.077525  	91.958441 
1725.434832  	91.940522 
1725.792139  	91.990060 
1726.149445  	92.251166 
1726.506752  	92.123014 
1726.864059  	91.820024 
1727.221366  	91.760457 
1727.578673  	91.876138 
1727.935980  	91.892037 
1728.293287  	91.739959 
1728.650593  	91.599631 
1729.007900  	91.655392 
1729.365207  	92.378721 
1729.722514  	92.887863 
1730.079821  	91.174021 
1730.437128  	89.612133 
1730.794435  	90.296642 
1731.151742  	91.111135 
1731.509048  	91.354753 
1731.866355  	91.151863 
1732.223662  	91.069746 
1732.580969  	91.804866 
1732.938276  	92.974308 
1733.295583  	92.427025 
1733.652890  	89.397226 
1734.010196  	90.591171 
1734.367503  	92.024574 
1734.724810  	87.968425 
1735.082117  	87.215696 
1735.439424  	89.321194 
1735.796731  	90.487997 
1736.154038  	90.975833 
1736.511344  	91.039849 
1736.868651  	90.927094 
1737.225958  	91.018215 
1737.583265  	90.874646 
1737.940572  	90.393998 
1738.297879  	90.426854 
1738.655186  	90.933427 
1739.012492  	91.706309 
1739.369799  	92.427533 
1739.727106  	91.414251 
1740.084413  	88.432492 
1740.441720  	88.850038 
1740.799027  	90.383834 
1741.156334  	91.154709 
1741.513640  	91.173883 
1741.870947  	91.158818 
1742.228254  	91.467636 
1742.585561  	92.009210 
1742.942868  	92.174944 
1743.300175  	91.390725 
1743.657482  	90.544664 
1744.014789  	90.501372 
1744.372095  	90.914457 
1744.729402  	91.369712 
1745.086709  	91.764797 
1745.444016  	92.004093 
1745.801323  	91.789614 
1746.158630  	91.672459 
1746.515937  	92.244602 
1746.873243  	92.554801 
1747.230550  	91.874681 
1747.587857  	91.467939 
1747.945164  	92.253796 
1748.302471  	93.005211 
1748.659778  	92.505887 
1749.017085  	91.476431 
1749.374391  	91.148845 
1749.731698  	91.067497 
1750.089005  	91.561982 
1750.446312  	92.686412 
1750.803619  	93.820001 
1751.160926  	92.745704 
1751.518233  	88.872414 
1751.875539  	89.716164 
1752.232846  	91.296137 
1752.590153  	91.770131 
1752.947460  	91.741438 
1753.304767  	91.746242 
1753.662074  	92.204448 
1754.019381  	92.347844 
1754.376687  	92.074566 
1754.733994  	92.243394 
1755.091301  	92.319234 
1755.448608  	92.254777 
1755.805915  	92.420137 
1756.163222  	92.899763 
1756.520529  	93.308016 
1756.877835  	91.528150 
1757.235142  	90.092535 
1757.592449  	91.327146 
1757.949756  	92.036216 
1758.307063  	91.982666 
1758.664370  	91.719036 
1759.021677  	91.394458 
1759.378984  	91.583105 
1759.736290  	91.943706 
1760.093597  	91.985884 
1760.450904  	92.040587 
1760.808211  	92.315616 
1761.165518  	92.931578 
1761.522825  	93.455818 
1761.880132  	91.157106 
1762.237438  	88.597005 
1762.594745  	90.156123 
1762.952052  	91.446835 
1763.309359  	91.494935 
1763.666666  	91.332647 
1764.023973  	91.388839 
1764.381280  	91.568569 
1764.738586  	91.606308 
1765.095893  	91.579290 
1765.453200  	91.488685 
1765.810507  	91.197069 
1766.167814  	91.221345 
1766.525121  	91.589835 
1766.882428  	91.624651 
1767.239734  	91.522868 
1767.597041  	92.338880 
1767.954348  	92.955115 
1768.311655  	90.513595 
1768.668962  	89.593802 
1769.026269  	90.967302 
1769.383576  	91.650358 
1769.740882  	91.900472 
1770.098189  	91.841753 
1770.455496  	91.901369 
1770.812803  	92.562301 
1771.170110  	92.192507 
1771.527417  	89.996587 
1771.884724  	90.523829 
1772.242031  	92.872697 
1772.599337  	92.609314 
1772.956644  	87.816386 
1773.313951  	88.744824 
1773.671258  	90.740848 
1774.028565  	91.266033 
1774.385872  	91.352555 
1774.743179  	91.654489 
1775.100485  	92.053985 
1775.457792  	92.067843 
1775.815099  	91.058138 
1776.172406  	90.427825 
1776.529713  	90.881665 
1776.887020  	91.108478 
1777.244327  	91.035389 
1777.601633  	91.148411 
1777.958940  	91.318730 
1778.316247  	91.524770 
1778.673554  	91.469735 
1779.030861  	91.197541 
1779.388168  	90.976852 
1779.745475  	90.968797 
1780.102781  	91.738025 
1780.460088  	92.429167 
1780.817395  	91.334084 
1781.174702  	90.340403 
1781.532009  	90.806524 
1781.889316  	91.132098 
1782.246623  	90.997497 
1782.603929  	90.891048 
1782.961236  	90.670899 
1783.318543  	90.753459 
1783.675850  	91.299819 
1784.033157  	91.566577 
1784.390464  	91.822575 
1784.747771  	91.793816 
1785.105078  	90.436144 
1785.462384  	89.904890 
1785.819691  	90.780131 
1786.176998  	91.344604 
1786.534305  	91.459604 
1786.891612  	91.526222 
1787.248919  	91.349504 
1787.606226  	91.261454 
1787.963532  	91.523958 
1788.320839  	91.577932 
1788.678146  	91.393693 
1789.035453  	91.231892 
1789.392760  	91.110852 
1789.750067  	91.110229 
1790.107374  	91.544727 
1790.464680  	92.282328 
1790.821987  	91.782730 
1791.179294  	89.978494 
1791.536601  	90.167414 
1791.893908  	91.742233 
1792.251215  	93.214551 
1792.608522  	92.302954 
1792.965828  	88.280290 
1793.323135  	88.875832 
1793.680442  	90.606193 
1794.037749  	91.157688 
1794.395056  	91.152192 
1794.752363  	91.090349 
1795.109670  	90.913540 
1795.466976  	91.146433 
1795.824283  	91.362142 
1796.181590  	90.642394 
1796.538897  	90.262255 
1796.896204  	90.702258 
1797.253511  	90.859506 
1797.610818  	90.638827 
1797.968125  	90.802075 
1798.325431  	91.336221 
1798.682738  	91.412505 
1799.040045  	91.566525 
1799.397352  	91.763580 
1799.754659  	90.393993 
1800.111966  	89.754858 
1800.469273  	90.638928 
1800.826579  	91.278672 
1801.183886  	91.394085 
1801.541193  	90.790219 
1801.898500  	90.839577 
1802.255807  	91.308013 
1802.613114  	90.461427 
1802.970421  	89.853000 
1803.327727  	90.236996 
1803.685034  	90.340386 
1804.042341  	90.223997 
1804.399648  	90.411836 
1804.756955  	90.801710 
1805.114262  	90.681281 
1805.471569  	90.350659 
1805.828875  	90.469762 
1806.186182  	90.681318 
1806.543489  	90.723209 
1806.900796  	90.638425 
1807.258103  	90.558956 
1807.615410  	90.260730 
1807.972717  	89.678284 
1808.330023  	89.530953 
1808.687330  	89.660560 
1809.044637  	89.716805 
1809.401944  	89.785598 
1809.759251  	89.923631 
1810.116558  	90.173929 
1810.473865  	89.845450 
1810.831172  	88.591905 
1811.188478  	88.371926 
1811.545785  	89.212387 
1811.903092  	89.491447 
1812.260399  	88.916165 
1812.617706  	88.615141 
1812.975013  	89.031834 
1813.332320  	89.323106 
1813.689626  	88.977216 
1814.046933  	88.545537 
1814.404240  	88.375265 
1814.761547  	88.160359 
1815.118854  	88.009148 
1815.476161  	87.856237 
1815.833468  	87.560501 
1816.190774  	87.362409 
1816.548081  	87.339256 
1816.905388  	87.523198 
1817.262695  	87.429927 
1817.620002  	86.860629 
1817.977309  	86.761028 
1818.334616  	87.035544 
1818.691922  	87.128404 
1819.049229  	87.214570 
1819.406536  	87.294360 
1819.763843  	87.192785 
1820.121150  	87.044066 
1820.478457  	86.971640 
1820.835764  	87.064543 
1821.193070  	87.339921 
1821.550377  	87.292562 
1821.907684  	87.167279 
1822.264991  	87.572534 
1822.622298  	87.538675 
1822.979605  	87.076752 
1823.336912  	87.436076 
1823.694219  	87.713065 
1824.051525  	87.374423 
1824.408832  	87.768182 
1824.766139  	88.806259 
1825.123446  	87.998885 
1825.480753  	85.177703 
1825.838060  	85.792401 
1826.195367  	87.436439 
1826.552673  	87.756932 
1826.909980  	87.762502 
1827.267287  	88.050761 
1827.624594  	88.452628 
1827.981901  	88.839935 
1828.339208  	88.906105 
1828.696515  	89.335903 
1829.053821  	89.777756 
1829.411128  	89.441517 
1829.768435  	89.904687 
1830.125742  	89.679113 
1830.483049  	87.329359 
1830.840356  	87.522216 
1831.197663  	89.025423 
1831.554969  	89.697754 
1831.912276  	89.612142 
1832.269583  	89.557593 
1832.626890  	89.460565 
1832.984197  	89.448798 
1833.341504  	89.716749 
1833.698811  	89.705101 
1834.056117  	89.707378 
1834.413424  	89.749975 
1834.770731  	89.568227 
1835.128038  	90.011901 
1835.485345  	90.654458 
1835.842652  	90.809182 
1836.199959  	90.746746 
1836.557265  	90.491844 
1836.914572  	90.439760 
1837.271879  	90.170478 
1837.629186  	89.634396 
1837.986493  	89.850911 
1838.343800  	90.244205 
1838.701107  	90.350736 
1839.058414  	90.421859 
1839.415720  	90.595624 
1839.773027  	90.770940 
1840.130334  	90.817773 
1840.487641  	91.058166 
1840.844948  	91.440990 
1841.202255  	91.820784 
1841.559562  	91.946352 
1841.916868  	91.363669 
1842.274175  	90.803430 
1842.631482  	90.983304 
1842.988789  	91.394253 
1843.346096  	91.816357 
1843.703403  	92.671765 
1844.060710  	92.593234 
1844.418016  	88.025166 
1844.775323  	87.337514 
1845.132630  	89.961456 
1845.489937  	90.973442 
1845.847244  	90.750898 
1846.204551  	90.500808 
1846.561858  	90.347360 
1846.919164  	90.352538 
1847.276471  	90.869468 
1847.633778  	91.429882 
1847.991085  	91.034552 
1848.348392  	90.884782 
1848.705699  	91.074055 
1849.063006  	90.523246 
1849.420312  	90.514703 
1849.777619  	90.838080 
1850.134926  	90.135037 
1850.492233  	89.520055 
1850.849540  	89.427570 
1851.206847  	89.348395 
1851.564154  	89.549794 
1851.921461  	89.866928 
1852.278767  	89.974159 
1852.636074  	89.840656 
1852.993381  	89.600258 
1853.350688  	89.248163 
1853.707995  	88.803918 
1854.065302  	88.962419 
1854.422609  	89.239534 
1854.779915  	88.868856 
1855.137222  	88.783411 
1855.494529  	88.907486 
1855.851836  	88.733928 
1856.209143  	88.746838 
1856.566450  	88.970460 
1856.923757  	89.366035 
1857.281063  	89.420969 
1857.638370  	89.020813 
1857.995677  	89.079775 
1858.352984  	89.444325 
1858.710291  	89.744037 
1859.067598  	89.880606 
1859.424905  	89.617956 
1859.782211  	89.470703 
1860.139518  	89.581573 
1860.496825  	89.325390 
1860.854132  	89.002899 
1861.211439  	89.122797 
1861.568746  	88.889789 
1861.926053  	88.477077 
1862.283359  	88.918172 
1862.640666  	89.565190 
1862.997973  	89.818077 
1863.355280  	89.792251 
1863.712587  	89.831892 
1864.069894  	89.844110 
1864.427201  	89.230432 
1864.784508  	89.109419 
1865.141814  	89.680764 
1865.499121  	89.902873 
1865.856428  	90.468708 
1866.213735  	90.839602 
1866.571042  	89.993293 
1866.928349  	89.615209 
1867.285656  	90.568008 
1867.642962  	91.229182 
1868.000269  	90.075363 
1868.357576  	89.713530 
1868.714883  	90.977298 
1869.072190  	90.441769 
1869.429497  	87.920911 
1869.786804  	88.090753 
1870.144110  	89.718538 
1870.501417  	90.076059 
1870.858724  	89.543474 
1871.216031  	89.074185 
1871.573338  	89.172143 
1871.930645  	89.899071 
1872.287952  	90.299817 
1872.645258  	90.241656 
1873.002565  	90.376858 
1873.359872  	89.960961 
1873.717179  	89.759984 
1874.074486  	90.726577 
1874.431793  	91.285274 
1874.789100  	90.933061 
1875.146406  	90.357612 
1875.503713  	90.021200 
1875.861020  	90.078825 
1876.218327  	89.938180 
1876.575634  	89.822189 
1876.932941  	90.039040 
1877.290248  	90.388991 
1877.647555  	90.775334 
1878.004861  	90.587412 
1878.362168  	90.283447 
1878.719475  	90.490235 
1879.076782  	90.588982 
1879.434089  	90.488981 
1879.791396  	90.469697 
1880.148703  	90.834784 
1880.506009  	91.257954 
1880.863316  	91.169159 
1881.220623  	91.191437 
1881.577930  	91.286242 
1881.935237  	90.897273 
1882.292544  	90.269966 
1882.649851  	90.091654 
1883.007157  	90.545274 
1883.364464  	90.580180 
1883.721771  	90.490427 
1884.079078  	90.892276 
1884.436385  	90.840663 
1884.793692  	90.485877 
1885.150999  	90.140811 
1885.508305  	89.912942 
1885.865612  	90.032367 
1886.222919  	89.897712 
1886.580226  	90.037248 
1886.937533  	90.682151 
1887.294840  	90.605069 
1887.652147  	90.013693 
1888.009453  	89.729649 
1888.366760  	89.683819 
1888.724067  	90.148542 
1889.081374  	90.968533 
1889.438681  	90.595638 
1889.795988  	89.058249 
1890.153295  	88.689058 
1890.510602  	89.166335 
1890.867908  	89.856225 
1891.225215  	90.356845 
1891.582522  	90.489622 
1891.939829  	90.611244 
1892.297136  	90.606604 
1892.654443  	90.372835 
1893.011750  	89.744112 
1893.369056  	89.176846 
1893.726363  	89.277385 
1894.083670  	89.710736 
1894.440977  	90.368312 
1894.798284  	90.841593 
1895.155591  	90.132019 
1895.512898  	88.715174 
1895.870204  	88.356044 
1896.227511  	88.796646 
1896.584818  	89.218740 
1896.942125  	89.282553 
1897.299432  	88.712133 
1897.656739  	88.983889 
1898.014046  	90.043337 
1898.371352  	89.751883 
1898.728659  	89.480756 
1899.085966  	90.275713 
1899.443273  	90.547361 
1899.800580  	89.838780 
1900.157887  	89.207237 
1900.515194  	89.460756 
1900.872500  	89.693661 
1901.229807  	89.833362 
1901.587114  	89.831516 
1901.944421  	89.187604 
1902.301728  	89.547623 
1902.659035  	90.023773 
1903.016342  	89.312447 
1903.373649  	89.252942 
1903.730955  	89.742335 
1904.088262  	89.869048 
1904.445569  	89.483418 
1904.802876  	88.754900 
1905.160183  	88.832211 
1905.517490  	89.604424 
1905.874797  	90.186736 
1906.232103  	90.392523 
1906.589410  	89.794123 
1906.946717  	88.431071 
1907.304024  	87.825884 
1907.661331  	88.353661 
1908.018638  	88.730770 
1908.375945  	88.952628 
1908.733251  	88.930294 
1909.090558  	88.411456 
1909.447865  	88.208291 
1909.805172  	87.893212 
1910.162479  	86.887588 
1910.519786  	86.462656 
1910.877093  	87.060554 
1911.234399  	87.821198 
1911.591706  	88.394800 
1911.949013  	88.831928 
1912.306320  	88.823926 
1912.663627  	88.368402 
1913.020934  	88.014703 
1913.378241  	88.154080 
1913.735547  	88.598968 
1914.092854  	88.900447 
1914.450161  	88.801572 
1914.807468  	88.497717 
1915.164775  	88.339230 
1915.522082  	87.781463 
1915.879389  	87.178732 
1916.236696  	87.652633 
1916.594002  	88.479338 
1916.951309  	88.900283 
1917.308616  	89.325072 
1917.665923  	90.020777 
1918.023230  	89.120718 
1918.380537  	86.897728 
1918.737844  	88.002781 
1919.095150  	88.819140 
1919.452457  	88.244317 
1919.809764  	88.612638 
1920.167071  	88.488735 
1920.524378  	88.530547 
1920.881685  	89.242636 
1921.238992  	88.959344 
1921.596298  	89.256846 
1921.953605  	89.804851 
1922.310912  	89.843867 
1922.668219  	89.734090 
1923.025526  	88.852542 
1923.382833  	88.835898 
1923.740140  	89.787733 
1924.097446  	90.555069 
1924.454753  	90.917721 
1924.812060  	90.224469 
1925.169367  	89.541670 
1925.526674  	88.969867 
1925.883981  	87.920168 
1926.241288  	88.075010 
1926.598594  	89.535157 
1926.955901  	89.972982 
1927.313208  	89.722711 
1927.670515  	90.237270 
1928.027822  	90.569920 
1928.385129  	89.781496 
1928.742436  	88.303050 
1929.099742  	88.108020 
1929.457049  	89.271524 
1929.814356  	89.207148 
1930.171663  	88.928949 
1930.528970  	89.387921 
1930.886277  	89.236853 
1931.243584  	89.470065 
1931.600891  	90.352062 
1931.958197  	89.950648 
1932.315504  	88.662312 
1932.672811  	88.973247 
1933.030118  	89.572574 
1933.387425  	88.470781 
1933.744732  	87.592618 
1934.102039  	87.495766 
1934.459345  	87.777153 
1934.816652  	87.789887 
1935.173959  	87.635937 
1935.531266  	88.029483 
1935.888573  	87.135078 
1936.245880  	86.468259 
1936.603187  	86.806197 
1936.960493  	85.758391 
1937.317800  	85.206931 
1937.675107  	85.439681 
1938.032414  	85.223564 
1938.389721  	85.650839 
1938.747028  	86.292793 
1939.104335  	85.641696 
1939.461641  	84.449233 
1939.818948  	85.226923 
1940.176255  	86.304710 
1940.533562  	85.800472 
1940.890869  	85.444942 
1941.248176  	84.749626 
1941.605483  	84.785040 
1941.962789  	87.330934 
1942.320096  	89.290911 
1942.677403  	87.137601 
1943.034710  	84.768365 
1943.392017  	86.573020 
1943.749324  	87.861099 
1944.106631  	86.724599 
1944.463938  	85.192392 
1944.821244  	84.339200 
1945.178551  	85.233268 
1945.535858  	86.421168 
1945.893165  	86.912272 
1946.250472  	88.299646 
1946.607779  	89.091367 
1946.965086  	88.647179 
1947.322392  	88.748722 
1947.679699  	88.729547 
1948.037006  	87.389410 
1948.394313  	86.150134 
1948.751620  	86.058997 
1949.108927  	86.535127 
1949.466234  	86.857279 
1949.823540  	86.236340 
1950.180847  	86.070746 
1950.538154  	86.726629 
1950.895461  	86.638549 
1951.252768  	86.494642 
1951.610075  	86.416326 
1951.967382  	86.448203 
1952.324688  	86.953730 
1952.681995  	87.161158 
1953.039302  	86.588415 
1953.396609  	86.449755 
1953.753916  	87.673939 
1954.111223  	87.192216 
1954.468530  	85.880732 
1954.825836  	86.438528 
1955.183143  	86.137190 
1955.540450  	86.026406 
1955.897757  	87.567646 
1956.255064  	88.570588 
1956.612371  	87.283727 
1956.969678  	85.370799 
1957.326985  	86.869203 
1957.684291  	88.326254 
1958.041598  	87.354706 
1958.398905  	87.199771 
1958.756212  	87.266018 
1959.113519  	88.067047 
1959.470826  	89.452926 
1959.828133  	90.194290 
1960.185439  	88.763925 
1960.542746  	86.094681 
1960.900053  	87.834003 
1961.257360  	89.627522 
1961.614667  	88.162067 
1961.971974  	88.976905 
1962.329281  	89.917289 
1962.686587  	90.036513 
1963.043894  	89.939788 
1963.401201  	88.142832 
1963.758508  	87.940547 
1964.115815  	88.631318 
1964.473122  	87.649794 
1964.830429  	88.127639 
1965.187735  	89.304871 
1965.545042  	88.682023 
1965.902349  	88.628715 
1966.259656  	88.986098 
1966.616963  	90.246004 
1966.974270  	91.671309 
1967.331577  	89.477127 
1967.688883  	88.185723 
1968.046190  	87.619541 
1968.403497  	86.200135 
1968.760804  	89.235542 
1969.118111  	90.214468 
1969.475418  	86.864267 
1969.832725  	87.101940 
1970.190032  	90.004130 
1970.547338  	91.553547 
1970.904645  	89.623558 
1971.261952  	87.448898 
1971.619259  	87.950326 
1971.976566  	88.269186 
1972.333873  	87.940962 
1972.691180  	87.131481 
1973.048486  	85.685062 
1973.405793  	85.575189 
1973.763100  	86.114719 
1974.120407  	84.885094 
1974.477714  	85.447290 
1974.835021  	88.638838 
1975.192328  	87.980569 
1975.549634  	87.623215 
1975.906941  	88.525344 
1976.264248  	85.395021 
1976.621555  	84.416727 
1976.978862  	84.642354 
1977.336169  	82.820483 
1977.693476  	83.119155 
1978.050782  	84.593620 
1978.408089  	85.735775 
1978.765396  	85.264940 
1979.122703  	84.092402 
1979.480010  	84.900464 
1979.837317  	85.340467 
1980.194624  	83.878508 
1980.551930  	83.095441 
1980.909237  	84.288001 
1981.266544  	84.104331 
1981.623851  	83.668627 
1981.981158  	85.473741 
1982.338465  	84.913281 
1982.695772  	83.907067 
1983.053079  	85.931186 
1983.410385  	86.915811 
1983.767692  	86.345369 
1984.124999  	86.390598 
1984.482306  	86.530540 
1984.839613  	85.936840 
1985.196920  	85.559095 
1985.554227  	86.247083 
1985.911533  	87.423665 
1986.268840  	88.184299 
1986.626147  	87.723147 
1986.983454  	87.016083 
1987.340761  	86.561227 
1987.698068  	86.833140 
1988.055375  	88.334858 
1988.412681  	87.399738 
1988.769988  	84.511599 
1989.127295  	84.876406 
1989.484602  	86.994921 
1989.841909  	88.242397 
1990.199216  	88.916791 
1990.556523  	88.857367 
1990.913829  	88.568943 
1991.271136  	89.363280 
1991.628443  	88.771078 
1991.985750  	86.282688 
1992.343057  	85.664672 
1992.700364  	85.446270 
1993.057671  	85.959088 
1993.414977  	87.940495 
1993.772284  	87.308542 
1994.129591  	86.682112 
1994.486898  	88.547308 
1994.844205  	88.982660 
1995.201512  	88.921080 
1995.558819  	88.913362 
1995.916126  	86.951585 
1996.273432  	86.773342 
1996.630739  	89.403314 
1996.988046  	90.866240 
1997.345353  	90.826381 
1997.702660  	89.431243 
1998.059967  	86.952574 
1998.417274  	87.270653 
1998.774580  	90.260776 
1999.131887  	90.297650 
1999.489194  	87.833070 
1999.846501  	87.771365 
2000.203808  	89.334298 
2000.561115  	90.882519 
2000.918422  	91.288666 
2001.275728  	88.261886 
2001.633035  	83.981837 
2001.990342  	83.063432 
2002.347649  	85.870434 
2002.704956  	88.556182 
2003.062263  	89.133490 
2003.419570  	88.261404 
2003.776876  	87.897686 
2004.134183  	89.405435 
2004.491490  	89.375759 
2004.848797  	87.964826 
2005.206104  	88.033272 
2005.563411  	89.676268 
2005.920718  	92.946777 
2006.278024  	92.850453 
2006.635331  	89.856800 
2006.992638  	89.152931 
2007.349945  	87.768598 
2007.707252  	86.519025 
2008.064559  	88.318315 
2008.421866  	90.692478 
2008.779172  	89.802407 
2009.136479  	88.541999 
2009.493786  	90.989951 
2009.851093  	91.441514 
2010.208400  	89.762917 
2010.565707  	88.952342 
2010.923014  	88.224059 
2011.280321  	89.415241 
2011.637627  	89.252706 
2011.994934  	88.687626 
2012.352241  	89.044553 
2012.709548  	88.495185 
2013.066855  	90.307254 
2013.424162  	90.209524 
2013.781469  	88.925557 
2014.138775  	90.312488 
2014.496082  	90.347319 
2014.853389  	90.287893 
2015.210696  	89.560084 
2015.568003  	87.910425 
2015.925310  	88.287470 
2016.282617  	89.478192 
2016.639923  	89.057011 
2016.997230  	86.326393 
2017.354537  	86.226048 
2017.711844  	87.797152 
2018.069151  	87.684204 
2018.426458  	88.410305 
2018.783765  	88.898503 
2019.141071  	87.936055 
2019.498378  	86.574652 
2019.855685  	86.519702 
2020.212992  	87.662636 
2020.570299  	88.646443 
2020.927606  	88.888570 
2021.284913  	86.606811 
2021.642219  	86.912033 
2021.999526  	89.977320 
2022.356833  	90.086128 
2022.714140  	88.430423 
2023.071447  	85.577086 
2023.428754  	85.632681 
2023.786061  	87.229896 
2024.143368  	85.635381 
2024.500674  	85.958031 
2024.857981  	86.791141 
2025.215288  	85.991973 
2025.572595  	86.575290 
2025.929902  	88.049631 
2026.287209  	88.447485 
2026.644516  	86.357395 
2027.001822  	84.889503 
2027.359129  	86.147772 
2027.716436  	88.776023 
2028.073743  	88.146218 
2028.431050  	85.860766 
2028.788357  	89.252001 
2029.145664  	91.202430 
2029.502970  	88.669312 
2029.860277  	87.958066 
2030.217584  	88.047185 
2030.574891  	88.169591 
2030.932198  	85.595095 
2031.289505  	83.165140 
2031.646812  	85.195422 
2032.004118  	87.698817 
2032.361425  	88.788086 
2032.718732  	87.708763 
2033.076039  	87.513228 
2033.433346  	88.635788 
2033.790653  	87.338563 
2034.147960  	88.173658 
2034.505266  	89.877828 
2034.862573  	87.863904 
2035.219880  	85.799653 
2035.577187  	85.705237 
2035.934494  	86.821071 
2036.291801  	87.699631 
2036.649108  	87.385641 
2037.006415  	87.842885 
2037.363721  	88.454355 
2037.721028  	86.676316 
2038.078335  	85.550492 
2038.435642  	86.629821 
2038.792949  	86.874295 
2039.150256  	85.896416 
2039.507563  	85.142334 
2039.864869  	87.206974 
2040.222176  	89.880741 
2040.579483  	89.070222 
2040.936790  	88.046516 
2041.294097  	87.791365 
2041.651404  	86.954519 
2042.008711  	86.038965 
2042.366017  	86.393381 
2042.723324  	88.380235 
2043.080631  	88.361557 
2043.437938  	88.400789 
2043.795245  	90.454731 
2044.152552  	90.263103 
2044.509859  	88.917867 
2044.867165  	88.463502 
2045.224472  	87.453440 
2045.581779  	86.256087 
2045.939086  	87.313701 
2046.296393  	88.310387 
2046.653700  	87.373042 
2047.011007  	88.104680 
2047.368313  	88.269617 
2047.725620  	87.857268 
2048.082927  	89.253440 
2048.440234  	89.195940 
2048.797541  	88.677705 
2049.154848  	88.468884 
2049.512155  	88.699006 
2049.869462  	88.971658 
2050.226768  	87.409169 
2050.584075  	87.333113 
2050.941382  	88.188846 
2051.298689  	88.599528 
2051.655996  	89.755767 
2052.013303  	89.267017 
2052.370610  	87.936564 
2052.727916  	87.803114 
2053.085223  	87.723508 
2053.442530  	87.420714 
2053.799837  	88.520256 
2054.157144  	89.984274 
2054.514451  	89.410482 
2054.871758  	89.107518 
2055.229064  	89.806438 
2055.586371  	89.857826 
2055.943678  	89.305708 
2056.300985  	88.291589 
2056.658292  	88.317978 
2057.015599  	88.475734 
2057.372906  	88.128700 
2057.730212  	88.513094 
2058.087519  	87.799105 
2058.444826  	86.850936 
2058.802133  	87.923574 
2059.159440  	89.291778 
2059.516747  	89.884330 
2059.874054  	90.416655 
2060.231360  	89.634157 
2060.588667  	87.527730 
2060.945974  	86.950050 
2061.303281  	87.129024 
2061.660588  	86.856774 
2062.017895  	87.226177 
2062.375202  	87.385874 
2062.732509  	87.705859 
2063.089815  	88.897583 
2063.447122  	89.238409 
2063.804429  	88.141511 
2064.161736  	87.462679 
2064.519043  	88.415268 
2064.876350  	89.591580 
2065.233657  	89.642676 
2065.590963  	88.817457 
2065.948270  	88.154847 
2066.305577  	88.622918 
2066.662884  	89.764236 
2067.020191  	90.727581 
2067.377498  	90.720944 
2067.734805  	89.748329 
2068.092111  	88.280560 
2068.449418  	87.980928 
2068.806725  	89.067030 
2069.164032  	89.060273 
2069.521339  	89.379185 
2069.878646  	89.205993 
2070.235953  	87.035960 
2070.593259  	87.390588 
2070.950566  	88.744328 
2071.307873  	88.678996 
2071.665180  	89.402524 
2072.022487  	89.240658 
2072.379794  	88.846616 
2072.737101  	89.462296 
2073.094407  	88.768654 
2073.451714  	87.607659 
2073.809021  	87.696019 
2074.166328  	88.118033 
2074.523635  	87.890180 
2074.880942  	87.467202 
2075.238249  	87.113967 
2075.595556  	87.164218 
2075.952862  	87.862484 
2076.310169  	88.173927 
2076.667476  	88.711311 
2077.024783  	89.894502 
2077.382090  	89.744289 
2077.739397  	88.708829 
2078.096704  	88.270931 
2078.454010  	88.147186 
2078.811317  	88.799646 
2079.168624  	89.909801 
2079.525931  	89.899946 
2079.883238  	89.248093 
2080.240545  	89.372065 
2080.597852  	90.007347 
2080.955158  	89.753172 
2081.312465  	88.816396 
2081.669772  	88.878845 
2082.027079  	89.485284 
2082.384386  	89.478170 
2082.741693  	89.058474 
2083.099000  	89.250073 
2083.456306  	90.032595 
2083.813613  	89.320022 
2084.170920  	88.005975 
2084.528227  	88.092705 
2084.885534  	88.674094 
2085.242841  	88.972789 
2085.600148  	88.353248 
2085.957454  	87.980370 
2086.314761  	88.354434 
2086.672068  	87.989994 
2087.029375  	88.147573 
2087.386682  	88.518340 
2087.743989  	88.280856 
2088.101296  	88.539777 
2088.458602  	88.302481 
2088.815909  	88.299666 
2089.173216  	89.286577 
2089.530523  	89.177523 
2089.887830  	88.324771 
2090.245137  	87.957225 
2090.602444  	88.002990 
2090.959751  	88.918110 
2091.317057  	89.774091 
2091.674364  	89.705997 
2092.031671  	89.780321 
2092.388978  	89.605034 
2092.746285  	89.442047 
2093.103592  	89.453353 
2093.460899  	88.376888 
2093.818205  	88.256616 
2094.175512  	88.900456 
2094.532819  	88.521847 
2094.890126  	88.557924 
2095.247433  	88.452005 
2095.604740  	88.679667 
2095.962047  	89.710829 
2096.319353  	89.627022 
2096.676660  	89.045778 
2097.033967  	88.550097 
2097.391274  	87.679551 
2097.748581  	87.008511 
2098.105888  	87.845812 
2098.463195  	89.376075 
2098.820501  	89.404391 
2099.177808  	89.141975 
2099.535115  	89.170086 
2099.892422  	89.173532 
2100.249729  	89.317770 
2100.607036  	88.503405 
2100.964343  	88.168330 
2101.321649  	88.767951 
2101.678956  	88.795420 
2102.036263  	88.285843 
2102.393570  	87.344055 
2102.750877  	87.289804 
2103.108184  	88.687625 
2103.465491  	89.469211 
2103.822798  	88.992953 
2104.180104  	88.135110 
2104.537411  	86.920299 
2104.894718  	86.386225 
2105.252025  	87.483653 
2105.609332  	88.523401 
2105.966639  	88.920389 
2106.323946  	88.779130 
2106.681252  	88.286266 
2107.038559  	88.594022 
2107.395866  	88.147198 
2107.753173  	87.375889 
2108.110480  	88.142460 
2108.467787  	88.751830 
2108.825094  	88.369239 
2109.182400  	87.426224 
2109.539707  	87.439370 
2109.897014  	88.381428 
2110.254321  	88.192780 
2110.611628  	88.215667 
2110.968935  	88.881495 
2111.326242  	88.471407 
2111.683548  	87.828769 
2112.040855  	88.097627 
2112.398162  	88.608118 
2112.755469  	88.655945 
2113.112776  	88.951187 
2113.470083  	89.214985 
2113.827390  	89.254797 
2114.184696  	89.948503 
2114.542003  	89.713032 
2114.899310  	88.315474 
2115.256617  	88.073338 
2115.613924  	88.277609 
2115.971231  	88.050264 
2116.328538  	88.720968 
2116.685845  	89.373156 
2117.043151  	89.033995 
2117.400458  	88.684974 
2117.757765  	88.092325 
2118.115072  	88.042233 
2118.472379  	88.615868 
2118.829686  	88.576765 
2119.186993  	88.546349 
2119.544299  	88.214304 
2119.901606  	88.272045 
2120.258913  	88.769848 
2120.616220  	88.407830 
2120.973527  	88.740093 
2121.330834  	88.836392 
2121.688141  	88.133026 
2122.045447  	88.129311 
2122.402754  	88.107522 
2122.760061  	88.480614 
2123.117368  	88.894577 
2123.474675  	89.277132 
2123.831982  	89.834865 
2124.189289  	88.478048 
2124.546595  	86.997556 
2124.903902  	87.495424 
2125.261209  	88.527765 
2125.618516  	89.081054 
2125.975823  	88.922153 
2126.333130  	88.588202 
2126.690437  	88.439520 
2127.047743  	88.114278 
2127.405050  	87.666602 
2127.762357  	87.764975 
2128.119664  	88.086232 
2128.476971  	88.322968 
2128.834278  	88.942694 
2129.191585  	88.364823 
2129.548892  	87.375258 
2129.906198  	88.010541 
2130.263505  	88.422174 
2130.620812  	88.699691 
2130.978119  	89.333904 
2131.335426  	88.620380 
2131.692733  	87.627350 
2132.050040  	87.929798 
2132.407346  	88.850601 
2132.764653  	89.410213 
2133.121960  	89.058674 
2133.479267  	88.040854 
2133.836574  	88.125576 
2134.193881  	88.485191 
2134.551188  	88.005286 
2134.908494  	88.442288 
2135.265801  	87.642080 
2135.623108  	86.064651 
2135.980415  	86.782112 
2136.337722  	87.006774 
2136.695029  	87.284526 
2137.052336  	87.671215 
2137.409642  	85.124771 
2137.766949  	83.876712 
2138.124256  	86.012902 
2138.481563  	88.132306 
2138.838870  	88.762819 
2139.196177  	87.588281 
2139.553484  	86.285503 
2139.910790  	86.612706 
2140.268097  	87.002072 
2140.625404  	86.889589 
2140.982711  	87.595555 
2141.340018  	88.172643 
2141.697325  	88.562153 
2142.054632  	89.497275 
2142.411939  	88.606219 
2142.769245  	86.662157 
2143.126552  	87.327765 
2143.483859  	89.802203 
2143.841166  	91.508851 
2144.198473  	91.475136 
2144.555780  	89.623035 
2144.913087  	87.201912 
2145.270393  	86.501813 
2145.627700  	87.588927 
2145.985007  	87.659407 
2146.342314  	86.144562 
2146.699621  	85.971693 
2147.056928  	87.226073 
2147.414235  	87.881403 
2147.771541  	88.454418 
2148.128848  	88.742280 
2148.486155  	87.227782 
2148.843462  	86.001247 
2149.200769  	87.696400 
2149.558076  	89.700616 
2149.915383  	88.881424 
2150.272689  	87.524143 
2150.629996  	87.691805 
2150.987303  	88.279835 
2151.344610  	88.083022 
2151.701917  	87.494165 
2152.059224  	87.433279 
2152.416531  	86.103729 
2152.773837  	84.800669 
2153.131144  	86.454594 
2153.488451  	87.396437 
2153.845758  	86.510486 
2154.203065  	86.544711 
2154.560372  	86.351482 
2154.917679  	85.740864 
2155.274986  	86.512283 
2155.632292  	88.095343 
2155.989599  	88.184021 
2156.346906  	86.901136 
2156.704213  	87.143914 
2157.061520  	90.066882 
2157.418827  	91.033207 
2157.776134  	87.723350 
2158.133440  	85.862700 
2158.490747  	85.542967 
2158.848054  	86.925143 
2159.205361  	89.978415 
2159.562668  	87.003591 
2159.919975  	84.857594 
2160.277282  	88.366507 
2160.634588  	87.676872 
2160.991895  	84.376942 
2161.349202  	83.320486 
2161.706509  	84.239732 
2162.063816  	85.956357 
2162.421123  	87.069539 
2162.778430  	88.302845 
2163.135736  	88.778253 
2163.493043  	89.644872 
2163.850350  	90.007328 
2164.207657  	86.931033 
2164.564964  	84.437665 
2164.922271  	83.686160 
2165.279578  	83.901369 
2165.636884  	85.794163 
2165.994191  	86.274920 
2166.351498  	84.232923 
2166.708805  	83.294948 
2167.066112  	85.328170 
2167.423419  	86.810204 
2167.780726  	85.710606 
2168.138032  	85.379973 
2168.495339  	87.176657 
2168.852646  	87.966472 
2169.209953  	86.038013 
2169.567260  	85.780064 
2169.924567  	87.835997 
2170.281874  	88.602904 
2170.639181  	88.300304 
2170.996487  	86.397704 
2171.353794  	84.403593 
2171.711101  	84.724805 
2172.068408  	85.009574 
2172.425715  	85.072763 
2172.783022  	85.654299 
2173.140329  	85.894302 
2173.497635  	86.031696 
2173.854942  	86.615226 
2174.212249  	87.265510 
2174.569556  	86.594158 
2174.926863  	86.195458 
2175.284170  	86.507597 
2175.641477  	84.646572 
2175.998783  	83.494248 
2176.356090  	84.824342 
2176.713397  	85.848623 
2177.070704  	86.814157 
2177.428011  	86.543251 
2177.785318  	85.049642 
2178.142625  	85.687280 
2178.499931  	86.382132 
2178.857238  	86.066101 
2179.214545  	87.051807 
2179.571852  	87.698384 
2179.929159  	87.532338 
2180.286466  	87.265520 
2180.643773  	87.278760 
2181.001079  	88.829049 
2181.358386  	89.582311 
2181.715693  	89.433808 
2182.073000  	89.209988 
2182.430307  	87.147944 
2182.787614  	87.094733 
2183.144921  	88.900072 
2183.502228  	88.491828 
2183.859534  	88.321712 
2184.216841  	87.635825 
2184.574148  	86.083143 
2184.931455  	86.778742 
2185.288762  	87.169681 
2185.646069  	87.067334 
2186.003376  	87.445273 
2186.360682  	85.518529 
2186.717989  	84.485082 
2187.075296  	86.315790 
2187.432603  	88.085812 
2187.789910  	89.111941 
2188.147217  	88.767681 
2188.504524  	87.814753 
2188.861830  	87.130510 
2189.219137  	86.358379 
2189.576444  	86.731138 
2189.933751  	86.663483 
2190.291058  	85.673698 
2190.648365  	85.366124 
2191.005672  	85.306309 
2191.362978  	86.347198 
2191.720285  	86.631478 
2192.077592  	85.754680 
2192.434899  	87.156482 
2192.792206  	87.821482 
2193.149513  	86.690995 
2193.506820  	86.610354 
2193.864126  	85.821091 
2194.221433  	84.948543 
2194.578740  	86.408363 
2194.936047  	87.702119 
2195.293354  	86.992889 
2195.650661  	86.915320 
2196.007968  	87.583614 
2196.365275  	86.622302 
2196.722581  	85.437122 
2197.079888  	85.018393 
2197.437195  	84.602319 
2197.794502  	85.559483 
2198.151809  	86.974751 
2198.509116  	86.432039 
2198.866423  	85.674537 
2199.223729  	86.449271 
2199.581036  	87.088854 
2199.938343  	86.582799 
2200.295650  	85.915386 
2200.652957  	86.366872 
2201.010264  	87.459335 
2201.367571  	87.330969 
2201.724877  	87.600794 
2202.082184  	88.529171 
2202.439491  	87.296449 
2202.796798  	86.054412 
2203.154105  	86.878812 
2203.511412  	87.823485 
2203.868719  	87.555516 
2204.226025  	86.532350 
2204.583332  	87.353810 
2204.940639  	89.189507 
2205.297946  	88.922545 
2205.655253  	87.506311 
2206.012560  	86.278564 
2206.369867  	86.665601 
2206.727173  	88.385102 
2207.084480  	88.224240 
2207.441787  	86.979387 
2207.799094  	86.809414 
2208.156401  	86.910812 
2208.513708  	85.782308 
2208.871015  	85.235877 
2209.228322  	87.393244 
2209.585628  	88.293490 
2209.942935  	86.744208 
2210.300242  	87.145947 
2210.657549  	87.903447 
2211.014856  	86.392058 
2211.372163  	85.258739 
2211.729470  	85.531805 
2212.086776  	86.752696 
2212.444083  	88.064582 
2212.801390  	87.521833 
2213.158697  	86.872123 
2213.516004  	87.332081 
2213.873311  	87.292425 
2214.230618  	87.888938 
2214.587924  	88.461288 
2214.945231  	87.442437 
2215.302538  	87.520046 
2215.659845  	88.432122 
2216.017152  	87.635140 
2216.374459  	86.988002 
2216.731766  	88.206501 
2217.089072  	89.134575 
2217.446379  	88.435172 
2217.803686  	87.598048 
2218.160993  	87.946831 
2218.518300  	88.614482 
2218.875607  	86.793201 
2219.232914  	85.015376 
2219.590220  	86.721332 
2219.947527  	87.433726 
2220.304834  	86.366842 
2220.662141  	87.243015 
2221.019448  	88.728306 
2221.376755  	88.768496 
2221.734062  	87.382125 
2222.091369  	86.580743 
2222.448675  	86.734368 
2222.805982  	86.911973 
2223.163289  	88.543512 
2223.520596  	90.094155 
2223.877903  	89.458905 
2224.235210  	88.231722 
2224.592517  	88.239425 
2224.949823  	88.880106 
2225.307130  	88.811106 
2225.664437  	89.053460 
2226.021744  	88.346857 
2226.379051  	86.714680 
2226.736358  	87.112124 
2227.093665  	87.691666 
2227.450971  	87.862077 
2227.808278  	87.976646 
2228.165585  	87.067725 
2228.522892  	86.986537 
2228.880199  	87.516181 
2229.237506  	87.994493 
2229.594813  	88.719708 
2229.952119  	88.773483 
2230.309426  	88.048891 
2230.666733  	87.115521 
2231.024040  	87.111484 
2231.381347  	87.391623 
2231.738654  	87.848398 
2232.095961  	88.564691 
2232.453267  	87.797089 
2232.810574  	87.044928 
2233.167881  	86.887352 
2233.525188  	86.742332 
2233.882495  	87.426676 
2234.239802  	87.240475 
2234.597109  	86.401237 
2234.954416  	86.859527 
2235.311722  	88.102934 
2235.669029  	88.743843 
2236.026336  	88.178606 
2236.383643  	87.745648 
2236.740950  	87.838436 
2237.098257  	87.800412 
2237.455564  	87.847767 
2237.812870  	88.276574 
2238.170177  	88.790723 
2238.527484  	88.510894 
2238.884791  	88.010849 
2239.242098  	88.127285 
2239.599405  	88.150657 
2239.956712  	87.191338 
2240.314018  	86.569979 
2240.671325  	87.669193 
2241.028632  	87.681943 
2241.385939  	86.129264 
2241.743246  	85.846679 
2242.100553  	86.671950 
2242.457860  	88.228357 
2242.815166  	88.986831 
2243.172473  	88.070129 
2243.529780  	87.979693 
2243.887087  	88.456612 
2244.244394  	87.936286 
2244.601701  	87.268499 
2244.959008  	87.960386 
2245.316314  	89.025632 
2245.673621  	88.639855 
2246.030928  	88.486508 
2246.388235  	88.797127 
2246.745542  	88.189125 
2247.102849  	87.966686 
2247.460156  	88.224371 
2247.817463  	88.270940 
2248.174769  	88.193082 
2248.532076  	87.572533 
2248.889383  	87.362910 
2249.246690  	88.014076 
2249.603997  	88.145243 
2249.961304  	87.753139 
2250.318611  	87.560512 
2250.675917  	87.689074 
2251.033224  	88.200306 
2251.390531  	88.569801 
2251.747838  	88.440157 
2252.105145  	87.861932 
2252.462452  	87.475056 
2252.819759  	87.816327 
2253.177065  	88.126116 
2253.534372  	88.224590 
2253.891679  	87.522007 
2254.248986  	85.990276 
2254.606293  	86.205530 
2254.963600  	88.397994 
2255.320907  	90.030962 
2255.678213  	89.335966 
2256.035520  	87.800872 
2256.392827  	87.913907 
2256.750134  	88.581933 
2257.107441  	88.795915 
2257.464748  	88.358577 
2257.822055  	87.171334 
2258.179361  	86.865435 
2258.536668  	87.128471 
2258.893975  	87.479130 
2259.251282  	88.028203 
2259.608589  	87.710296 
2259.965896  	87.075855 
2260.323203  	86.484099 
2260.680509  	86.522103 
2261.037816  	87.786718 
2261.395123  	88.548193 
2261.752430  	88.134410 
2262.109737  	87.063962 
2262.467044  	86.625122 
2262.824351  	87.514804 
2263.181658  	87.853332 
2263.538964  	87.348905 
2263.896271  	87.356975 
2264.253578  	87.882719 
2264.610885  	88.443907 
2264.968192  	88.328522 
2265.325499  	87.379508 
2265.682806  	86.634572 
2266.040112  	86.536640 
2266.397419  	86.513447 
2266.754726  	87.056180 
2267.112033  	88.028432 
2267.469340  	87.878114 
2267.826647  	87.357966 
2268.183954  	87.220542 
2268.541260  	86.977796 
2268.898567  	87.264103 
2269.255874  	87.878999 
2269.613181  	88.239103 
2269.970488  	88.485226 
2270.327795  	88.443772 
2270.685102  	87.929484 
2271.042408  	87.041213 
2271.399715  	86.830281 
2271.757022  	87.533927 
2272.114329  	88.065970 
2272.471636  	88.117165 
2272.828943  	87.591281 
2273.186250  	87.410703 
2273.543556  	88.064802 
2273.900863  	88.086405 
2274.258170  	87.869056 
2274.615477  	87.727592 
2274.972784  	87.353929 
2275.330091  	87.985574 
2275.687398  	88.307044 
2276.044705  	87.323830 
2276.402011  	87.182469 
2276.759318  	87.743782 
2277.116625  	87.833124 
2277.473932  	87.663543 
2277.831239  	87.469454 
2278.188546  	87.327512 
2278.545853  	87.290137 
2278.903159  	87.548906 
2279.260466  	87.608852 
2279.617773  	87.209761 
2279.975080  	87.341178 
2280.332387  	87.793892 
2280.689694  	87.910091 
2281.047001  	87.921934 
2281.404307  	87.879876 
2281.761614  	88.059502 
2282.118921  	88.075692 
2282.476228  	87.777982 
2282.833535  	88.295330 
2283.190842  	88.743477 
2283.548149  	87.953554 
2283.905455  	87.318594 
2284.262762  	87.550472 
2284.620069  	87.699451 
2284.977376  	87.194299 
2285.334683  	86.701552 
2285.691990  	86.879978 
2286.049297  	87.405708 
2286.406603  	87.691788 
2286.763910  	87.222455 
2287.121217  	86.753216 
2287.478524  	87.415042 
2287.835831  	88.359235 
2288.193138  	88.512986 
2288.550445  	88.287463 
2288.907752  	88.306460 
2289.265058  	87.885545 
2289.622365  	86.870065 
2289.979672  	86.724639 
2290.336979  	87.294866 
2290.694286  	87.722666 
2291.051593  	87.805782 
2291.408900  	87.384041 
2291.766206  	87.370718 
2292.123513  	87.796619 
2292.480820  	87.814417 
2292.838127  	87.670957 
2293.195434  	87.527390 
2293.552741  	87.502023 
2293.910048  	87.497315 
2294.267354  	87.359045 
2294.624661  	87.205109 
2294.981968  	87.023566 
2295.339275  	87.101297 
2295.696582  	87.336009 
2296.053889  	87.448755 
2296.411196  	87.301406 
2296.768502  	86.924291 
2297.125809  	86.855234 
2297.483116  	86.893900 
2297.840423  	86.923087 
2298.197730  	87.068724 
2298.555037  	87.114637 
2298.912344  	87.424024 
2299.269650  	87.524156 
2299.626957  	87.297428 
2299.984264  	87.647789 
2300.341571  	87.746033 
2300.698878  	87.048514 
2301.056185  	87.121273 
2301.413492  	87.948886 
2301.770799  	88.101748 
2302.128105  	87.670570 
2302.485412  	87.226313 
2302.842719  	86.963404 
2303.200026  	87.363414 
2303.557333  	87.606316 
2303.914640  	87.331434 
2304.271947  	87.597425 
2304.629253  	87.805945 
2304.986560  	87.312441 
2305.343867  	87.254108 
2305.701174  	87.390317 
2306.058481  	87.267008 
2306.415788  	87.578526 
2306.773095  	87.823110 
2307.130401  	87.052008 
2307.487708  	86.544530 
2307.845015  	87.078715 
2308.202322  	87.700259 
2308.559629  	88.145514 
2308.916936  	88.029234 
2309.274243  	86.953903 
2309.631549  	86.699829 
2309.988856  	87.598767 
2310.346163  	88.245235 
2310.703470  	88.685224 
2311.060777  	88.366288 
2311.418084  	86.626175 
2311.775391  	86.235962 
2312.132697  	87.496803 
2312.490004  	88.304283 
2312.847311  	88.251196 
2313.204618  	87.146972 
2313.561925  	85.771189 
2313.919232  	86.563533 
2314.276539  	88.260330 
2314.633846  	88.865557 
2314.991152  	88.002880 
2315.348459  	86.172335 
2315.705766  	85.649455 
2316.063073  	86.832105 
2316.420380  	87.566198 
2316.777687  	88.031938 
2317.134994  	87.582382 
2317.492300  	85.924124 
2317.849607  	86.631497 
2318.206914  	88.140856 
2318.564221  	88.691646 
2318.921528  	88.526656 
2319.278835  	86.565353 
2319.636142  	85.282448 
2319.993448  	86.853256 
2320.350755  	88.485940 
2320.708062  	89.501587 
2321.065369  	88.737021 
2321.422676  	85.896900 
2321.779983  	85.868389 
2322.137290  	88.039416 
2322.494596  	89.498828 
2322.851903  	89.515595 
2323.209210  	87.433770 
2323.566517  	85.761288 
2323.923824  	87.250252 
2324.281131  	88.834553 
2324.638438  	89.261425 
2324.995744  	87.932292 
2325.353051  	85.374607 
2325.710358  	86.083649 
2326.067665  	88.146651 
2326.424972  	89.518662 
2326.782279  	89.158243 
2327.139586  	85.944770 
2327.496893  	85.827578 
2327.854199  	88.158355 
2328.211506  	89.298412 
2328.568813  	89.347557 
2328.926120  	86.825870 
2329.283427  	85.134011 
2329.640734  	86.740645 
2329.998041  	88.557298 
2330.355347  	89.488162 
2330.712654  	86.468404 
2331.069961  	83.941586 
2331.427268  	86.305962 
2331.784575  	88.629806 
2332.141882  	89.459629 
2332.499189  	86.514881 
2332.856495  	84.146605 
2333.213802  	86.538681 
2333.571109  	88.606246 
2333.928416  	89.134342 
2334.285723  	86.839242 
2334.643030  	84.448525 
2335.000337  	86.317417 
2335.357643  	88.797007 
2335.714950  	89.516723 
2336.072257  	86.992830 
2336.429564  	84.979913 
2336.786871  	86.875905 
2337.144178  	88.947817 
2337.501485  	88.776518 
2337.858791  	85.598971 
2338.216098  	84.630393 
2338.573405  	87.128696 
2338.930712  	89.285882 
2339.288019  	88.519746 
2339.645326  	84.916490 
2340.002633  	84.972271 
2340.359939  	87.537600 
2340.717246  	89.153438 
2341.074553  	87.839542 
2341.431860  	85.173697 
2341.789167  	86.266877 
2342.146474  	88.518809 
2342.503781  	89.094189 
2342.861088  	86.738760 
2343.218394  	85.444594 
2343.575701  	87.584409 
2343.933008  	89.433160 
2344.290315  	88.881792 
2344.647622  	86.183301 
2345.004929  	85.699851 
2345.362236  	87.942687 
2345.719542  	89.488275 
2346.076849  	87.705010 
2346.434156  	86.011190 
2346.791463  	87.394833 
2347.148770  	88.669259 
2347.506077  	88.696963 
2347.863384  	87.731179 
2348.220690  	87.097212 
2348.577997  	87.534399 
2348.935304  	88.183965 
2349.292611  	88.627551 
2349.649918  	88.614277 
2350.007225  	87.805637 
2350.364532  	87.470113 
2350.721838  	88.291019 
2351.079145  	88.969075 
2351.436452  	88.382370 
2351.793759  	86.868115 
2352.151066  	87.040567 
2352.508373  	88.440494 
2352.865680  	88.660460 
2353.222986  	87.045148 
2353.580293  	86.727151 
2353.937600  	88.123816 
2354.294907  	88.501184 
2354.652214  	86.395622 
2355.009521  	86.134757 
2355.366828  	88.776733 
2355.724135  	89.790198 
2356.081441  	86.847288 
2356.438748  	85.577145 
2356.796055  	87.868363 
2357.153362  	88.760132 
2357.510669  	86.308291 
2357.867976  	85.546233 
2358.225283  	87.963299 
2358.582589  	88.364227 
2358.939896  	85.609560 
2359.297203  	85.746426 
2359.654510  	88.409915 
2360.011817  	88.887015 
2360.369124  	85.806801 
2360.726431  	85.657564 
2361.083737  	88.703552 
2361.441044  	88.785039 
2361.798351  	85.653875 
2362.155658  	86.828936 
2362.512965  	89.222236 
2362.870272  	87.833616 
2363.227579  	85.515313 
2363.584885  	87.304554 
2363.942192  	88.310916 
2364.299499  	86.085700 
2364.656806  	85.183313 
2365.014113  	87.704556 
2365.371420  	88.675273 
2365.728727  	86.049690 
2366.086033  	86.534543 
2366.443340  	88.695023 
2366.800647  	86.812299 
2367.157954  	85.120380 
2367.515261  	87.471898 
2367.872568  	87.775003 
2368.229875  	85.930289 
2368.587182  	87.404131 
2368.944488  	88.444991 
2369.301795  	85.758468 
2369.659102  	84.949631 
2370.016409  	86.804149 
2370.373716  	86.515115 
2370.731023  	85.675487 
2371.088330  	86.882547 
2371.445636  	86.810557 
2371.802943  	84.925543 
2372.160250  	85.502705 
2372.517557  	86.328835 
2372.874864  	84.942087 
2373.232171  	85.439646 
2373.589478  	86.671610 
2373.946784  	85.516304 
2374.304091  	84.927239 
2374.661398  	85.403365 
2375.018705  	84.762997 
2375.376012  	84.948465 
2375.733319  	86.141118 
2376.090626  	85.761971 
2376.447932  	85.385624 
2376.805239  	86.093810 
2377.162546  	85.715736 
2377.519853  	85.696614 
2377.877160  	85.995977 
2378.234467  	85.569126 
2378.591774  	86.338547 
2378.949080  	86.476890 
2379.306387  	85.868294 
2379.663694  	86.554627 
2380.021001  	86.583442 
2380.378308  	86.572481 
2380.735615  	87.254270 
2381.092922  	87.130266 
2381.450229  	87.009836 
2381.807535  	87.157059 
2382.164842  	87.241208 
2382.522149  	87.262602 
2382.879456  	87.017573 
2383.236763  	86.937201 
2383.594070  	86.819551 
2383.951377  	86.777469 
2384.308683  	87.037923 
2384.665990  	87.108004 
2385.023297  	87.172423 
2385.380604  	87.160959 
2385.737911  	86.900491 
2386.095218  	86.797844 
2386.452525  	86.964800 
2386.809831  	87.166600 
2387.167138  	86.999733 
2387.524445  	86.666250 
2387.881752  	86.663833 
2388.239059  	86.862348 
2388.596366  	87.026792 
2388.953673  	86.964681 
2389.310979  	86.796343 
2389.668286  	86.884384 
2390.025593  	86.988650 
2390.382900  	86.934014 
2390.740207  	87.037996 
2391.097514  	87.155394 
2391.454821  	87.104067 
2391.812127  	87.411429 
2392.169434  	87.910180 
2392.526741  	87.679219 
2392.884048  	87.158799 
2393.241355  	87.088006 
2393.598662  	87.042199 
2393.955969  	87.113796 
2394.313276  	87.465593 
2394.670582  	87.434221 
2395.027889  	87.196145 
2395.385196  	87.248807 
2395.742503  	87.388587 
2396.099810  	87.479423 
2396.457117  	87.521358 
2396.814424  	87.577069 
2397.171730  	87.558100 
2397.529037  	87.363860 
2397.886344  	87.357876 
2398.243651  	87.545015 
2398.600958  	87.614476 
2398.958265  	87.689187 
2399.315572  	87.747255 
2399.672878  	87.711818 
2400.030185  	87.724702 
2400.387492  	87.537873 
2400.744799  	87.210163 
2401.102106  	87.281704 
2401.459413  	87.531899 
2401.816720  	87.486365 
2402.174026  	87.346084 
2402.531333  	87.393634 
2402.888640  	87.244727 
2403.245947  	86.927734 
2403.603254  	87.237670 
2403.960561  	87.493235 
2404.317868  	87.208667 
2404.675174  	87.384786 
2405.032481  	87.452506 
2405.389788  	87.291490 
2405.747095  	87.693695 
2406.104402  	87.765828 
2406.461709  	87.563579 
2406.819016  	87.614955 
2407.176323  	87.408633 
2407.533629  	87.396608 
2407.890936  	87.648109 
2408.248243  	87.412016 
2408.605550  	87.108722 
2408.962857  	87.306404 
2409.320164  	87.444810 
2409.677471  	87.294165 
2410.034777  	87.337757 
2410.392084  	87.527301 
2410.749391  	87.780992 
2411.106698  	87.847571 
2411.464005  	87.411250 
2411.821312  	87.183967 
2412.178619  	87.197036 
2412.535925  	87.014044 
2412.893232  	87.176085 
2413.250539  	87.555996 
2413.607846  	87.652605 
2413.965153  	87.514476 
2414.322460  	87.129189 
2414.679767  	87.148483 
2415.037073  	87.805904 
2415.394380  	87.909498 
2415.751687  	87.555282 
2416.108994  	87.740267 
2416.466301  	87.918817 
2416.823608  	87.711812 
2417.180915  	87.580947 
2417.538221  	87.516759 
2417.895528  	87.297899 
2418.252835  	87.058100 
2418.610142  	87.184533 
2418.967449  	87.453338 
2419.324756  	87.402576 
2419.682063  	87.385777 
2420.039369  	87.639783 
2420.396676  	87.636063 
2420.753983  	87.226058 
2421.111290  	87.098029 
2421.468597  	87.306586 
2421.825904  	87.485271 
2422.183211  	87.759305 
2422.540518  	87.667209 
2422.897824  	87.167847 
2423.255131  	87.002853 
2423.612438  	87.172424 
2423.969745  	87.279318 
2424.327052  	87.126415 
2424.684359  	87.273584 
2425.041666  	87.645002 
2425.398972  	87.534340 
2425.756279  	87.585691 
2426.113586  	87.559055 
2426.470893  	87.284064 
2426.828200  	87.685338 
2427.185507  	87.700286 
2427.542814  	87.021933 
2427.900120  	86.858951 
2428.257427  	86.979122 
2428.614734  	87.152715 
2428.972041  	87.339117 
2429.329348  	87.154338 
2429.686655  	87.015312 
2430.043962  	87.460938 
2430.401268  	87.930852 
2430.758575  	87.835404 
2431.115882  	87.539579 
2431.473189  	87.245723 
2431.830496  	87.047600 
2432.187803  	86.982516 
2432.545110  	87.007192 
2432.902416  	87.396791 
2433.259723  	87.514199 
2433.617030  	87.229815 
2433.974337  	87.445943 
2434.331644  	87.701517 
2434.688951  	87.621389 
2435.046258  	87.705877 
2435.403565  	87.879973 
2435.760871  	87.880398 
2436.118178  	87.819654 
2436.475485  	87.848666 
2436.832792  	87.841603 
2437.190099  	87.932095 
2437.547406  	88.035490 
2437.904713  	87.810190 
2438.262019  	87.705231 
2438.619326  	87.645665 
2438.976633  	87.176366 
2439.333940  	86.862214 
2439.691247  	87.071505 
2440.048554  	87.403193 
2440.405861  	87.661000 
2440.763167  	87.804895 
2441.120474  	87.812735 
2441.477781  	88.088561 
2441.835088  	88.287573 
2442.192395  	88.089569 
2442.549702  	88.245641 
2442.907009  	88.111242 
2443.264315  	87.544108 
2443.621622  	87.718016 
2443.978929  	88.017276 
2444.336236  	88.090310 
2444.693543  	88.114774 
2445.050850  	87.893642 
2445.408157  	87.737165 
2445.765463  	87.320666 
2446.122770  	86.984100 
2446.480077  	87.247174 
2446.837384  	87.416079 
2447.194691  	87.434411 
2447.551998  	87.332815 
2447.909305  	86.936435 
2448.266612  	86.799907 
2448.623918  	87.310444 
2448.981225  	87.709256 
2449.338532  	87.535356 
2449.695839  	87.717126 
2450.053146  	87.806015 
2450.410453  	87.259214 
2450.767760  	87.259731 
2451.125066  	87.487448 
2451.482373  	87.468660 
2451.839680  	87.723158 
2452.196987  	87.872027 
2452.554294  	87.849292 
2452.911601  	87.815881 
2453.268908  	87.620876 
2453.626214  	87.608025 
2453.983521  	87.786394 
2454.340828  	87.753635 
2454.698135  	87.754940 
2455.055442  	87.890369 
2455.412749  	87.578863 
2455.770056  	87.270498 
2456.127362  	87.563299 
2456.484669  	87.672471 
2456.841976  	87.571204 
2457.199283  	87.723237 
2457.556590  	87.827096 
2457.913897  	88.104660 
2458.271204  	88.435642 
2458.628510  	88.382314 
2458.985817  	88.390286 
2459.343124  	88.305356 
2459.700431  	87.902786 
2460.057738  	87.717179 
2460.415045  	87.631788 
2460.772352  	87.566418 
2461.129659  	87.722574 
2461.486965  	87.713108 
2461.844272  	87.490512 
2462.201579  	87.545960 
2462.558886  	87.861998 
2462.916193  	87.894002 
2463.273500  	87.653064 
2463.630807  	87.608115 
2463.988113  	87.771213 
2464.345420  	87.775979 
2464.702727  	87.349416 
2465.060034  	87.248507 
2465.417341  	87.920829 
2465.774648  	88.162658 
2466.131955  	87.784504 
2466.489261  	87.491748 
2466.846568  	87.280444 
2467.203875  	87.391889 
2467.561182  	87.628895 
2467.918489  	87.511070 
2468.275796  	87.486080 
2468.633103  	87.784529 
2468.990409  	87.782303 
2469.347716  	87.618111 
2469.705023  	87.856351 
2470.062330  	87.814561 
2470.419637  	87.594198 
2470.776944  	87.739610 
2471.134251  	87.528225 
2471.491557  	87.415018 
2471.848864  	87.596245 
2472.206171  	87.364960 
2472.563478  	87.393079 
2472.920785  	87.504682 
2473.278092  	87.350551 
2473.635399  	87.499667 
2473.992706  	87.546777 
2474.350012  	87.399273 
2474.707319  	87.202370 
2475.064626  	86.983942 
2475.421933  	87.169530 
2475.779240  	87.277839 
2476.136547  	87.247188 
2476.493854  	87.500882 
2476.851160  	87.690297 
2477.208467  	87.929194 
2477.565774  	87.977202 
2477.923081  	87.506313 
2478.280388  	87.161969 
2478.637695  	87.089718 
2478.995002  	87.265353 
2479.352308  	87.537419 
2479.709615  	87.415760 
2480.066922  	87.126466 
2480.424229  	86.953660 
2480.781536  	86.917837 
2481.138843  	87.010381 
2481.496150  	87.213108 
2481.853456  	87.340455 
2482.210763  	87.006512 
2482.568070  	86.701225 
2482.925377  	86.790021 
2483.282684  	86.820220 
2483.639991  	86.798418 
2483.997298  	86.668039 
2484.354604  	86.600326 
2484.711911  	86.970710 
2485.069218  	87.008492 
2485.426525  	86.517816 
2485.783832  	86.626480 
2486.141139  	87.069078 
2486.498446  	86.951063 
2486.855753  	86.957406 
2487.213059  	87.180752 
2487.570366  	87.004817 
2487.927673  	86.790924 
2488.284980  	86.594837 
2488.642287  	86.605739 
2488.999594  	86.953551 
2489.356901  	87.002574 
2489.714207  	86.893751 
2490.071514  	86.951366 
2490.428821  	87.089128 
2490.786128  	87.109896 
2491.143435  	87.004215 
2491.500742  	87.279713 
2491.858049  	87.631576 
2492.215355  	87.517385 
2492.572662  	87.185773 
2492.929969  	87.011154 
2493.287276  	87.071900 
2493.644583  	86.954150 
2494.001890  	86.848956 
2494.359197  	87.053283 
2494.716503  	87.076606 
2495.073810  	86.955290 
2495.431117  	87.050329 
2495.788424  	87.230854 
2496.145731  	87.243516 
2496.503038  	87.280515 
2496.860345  	87.200940 
2497.217651  	86.648703 
2497.574958  	86.485593 
2497.932265  	86.717040 
2498.289572  	86.713737 
2498.646879  	87.071244 
2499.004186  	87.227299 
2499.361493  	86.853651 
2499.718800  	87.138518 
2500.076106  	87.519563 
2500.433413  	87.147301 
2500.790720  	86.861464 
2501.148027  	87.133958 
2501.505334  	87.581829 
2501.862641  	87.664064 
2502.219948  	87.296700 
2502.577254  	87.057240 
2502.934561  	86.960712 
2503.291868  	86.725091 
2503.649175  	86.747360 
2504.006482  	86.713300 
2504.363789  	86.131999 
2504.721096  	86.191245 
2505.078402  	87.117285 
2505.435709  	87.284946 
2505.793016  	86.822311 
2506.150323  	86.815126 
2506.507630  	87.214617 
2506.864937  	87.681717 
2507.222244  	87.509763 
2507.579550  	86.972619 
2507.936857  	87.082564 
2508.294164  	87.205495 
2508.651471  	87.026361 
2509.008778  	87.170602 
2509.366085  	87.574063 
2509.723392  	87.748526 
2510.080698  	87.382173 
2510.438005  	87.224768 
2510.795312  	87.408729 
2511.152619  	87.412809 
2511.509926  	87.874734 
2511.867233  	88.317964 
2512.224540  	87.916330 
2512.581846  	87.365232 
2512.939153  	87.113439 
2513.296460  	87.347159 
2513.653767  	87.858749 
2514.011074  	87.842407 
2514.368381  	87.289326 
2514.725688  	86.966634 
2515.082995  	87.152162 
2515.440301  	87.600155 
2515.797608  	88.076354 
2516.154915  	87.817086 
2516.512222  	87.256260 
2516.869529  	87.534881 
2517.226836  	87.488242 
2517.584143  	86.987522 
2517.941449  	87.360060 
2518.298756  	87.612170 
2518.656063  	87.392391 
2519.013370  	87.629390 
2519.370677  	87.878281 
2519.727984  	87.792043 
2520.085291  	87.336656 
2520.442597  	86.931929 
2520.799904  	87.382132 
2521.157211  	87.772075 
2521.514518  	87.498772 
2521.871825  	87.366138 
2522.229132  	87.564809 
2522.586439  	88.008487 
2522.943745  	87.991569 
2523.301052  	87.461350 
2523.658359  	87.265447 
2524.015666  	87.039753 
2524.372973  	87.183343 
2524.730280  	87.863421 
2525.087587  	87.949658 
2525.444893  	87.679088 
2525.802200  	87.425689 
2526.159507  	87.463314 
2526.516814  	87.805995 
2526.874121  	87.799695 
2527.231428  	87.747853 
2527.588735  	87.562210 
2527.946042  	87.189261 
2528.303348  	87.189302 
2528.660655  	87.431557 
2529.017962  	87.590807 
2529.375269  	87.420991 
2529.732576  	87.455476 
2530.089883  	87.723441 
2530.447190  	87.577354 
2530.804496  	87.492822 
2531.161803  	87.628490 
2531.519110  	87.973710 
2531.876417  	88.103893 
2532.233724  	87.662014 
2532.591031  	87.696934 
2532.948338  	87.846447 
2533.305644  	87.542725 
2533.662951  	87.205995 
2534.020258  	87.005947 
2534.377565  	87.557104 
2534.734872  	87.941719 
2535.092179  	87.342732 
2535.449486  	87.043869 
2535.806792  	87.444887 
2536.164099  	88.007956 
2536.521406  	88.275193 
2536.878713  	88.251291 
2537.236020  	88.143879 
2537.593327  	87.963148 
2537.950634  	87.944985 
2538.307940  	87.882590 
2538.665247  	87.712868 
2539.022554  	87.537133 
2539.379861  	87.423840 
2539.737168  	87.697921 
2540.094475  	87.890479 
2540.451782  	87.831378 
2540.809089  	87.678590 
2541.166395  	87.530824 
2541.523702  	87.967603 
2541.881009  	88.305925 
2542.238316  	87.870598 
2542.595623  	87.434239 
2542.952930  	87.355633 
2543.310237  	87.252596 
2543.667543  	87.058634 
2544.024850  	87.333433 
2544.382157  	87.644384 
2544.739464  	87.461093 
2545.096771  	87.397021 
2545.454078  	87.201312 
2545.811385  	86.970968 
2546.168691  	87.363018 
2546.525998  	87.813238 
2546.883305  	87.996630 
2547.240612  	87.949925 
2547.597919  	87.653301 
2547.955226  	87.437975 
2548.312533  	87.400849 
2548.669839  	87.609007 
2549.027146  	87.948017 
2549.384453  	88.004464 
2549.741760  	88.021659 
2550.099067  	88.167643 
2550.456374  	87.917015 
2550.813681  	87.558160 
2551.170987  	87.526229 
2551.528294  	87.563649 
2551.885601  	87.793436 
2552.242908  	87.883160 
2552.600215  	87.668071 
2552.957522  	87.766460 
2553.314829  	87.751134 
2553.672136  	87.425584 
2554.029442  	87.383059 
2554.386749  	87.672281 
2554.744056  	88.096863 
2555.101363  	88.119421 
2555.458670  	87.589477 
2555.815977  	87.198901 
2556.173284  	87.125033 
2556.530590  	87.104076 
2556.887897  	87.309935 
2557.245204  	87.559559 
2557.602511  	87.394144 
2557.959818  	87.216625 
2558.317125  	87.357387 
2558.674432  	87.676035 
2559.031738  	87.818743 
2559.389045  	87.674978 
2559.746352  	87.772346 
2560.103659  	87.624911 
2560.460966  	87.389891 
2560.818273  	87.762908 
2561.175580  	87.534530 
2561.532886  	87.134995 
2561.890193  	87.357494 
2562.247500  	87.113727 
2562.604807  	86.864613 
2562.962114  	87.222828 
2563.319421  	87.746638 
2563.676728  	88.006449 
2564.034034  	87.820855 
2564.391341  	87.662228 
2564.748648  	87.404658 
2565.105955  	87.225868 
2565.463262  	87.720236 
2565.820569  	88.041067 
2566.177876  	87.513588 
2566.535183  	86.863241 
2566.892489  	86.771064 
2567.249796  	87.007742 
2567.607103  	87.206943 
2567.964410  	87.167619 
2568.321717  	87.025076 
2568.679024  	87.281849 
2569.036331  	87.537477 
2569.393637  	87.562780 
2569.750944  	87.542254 
2570.108251  	87.190961 
2570.465558  	87.148782 
2570.822865  	87.513592 
2571.180172  	87.544430 
2571.537479  	87.418802 
2571.894785  	87.156985 
2572.252092  	86.912551 
2572.609399  	87.024147 
2572.966706  	87.147603 
2573.324013  	86.990090 
2573.681320  	86.721270 
2574.038627  	86.819771 
2574.395933  	87.083676 
2574.753240  	87.044873 
2575.110547  	87.118474 
2575.467854  	87.173431 
2575.825161  	86.889067 
2576.182468  	86.943092 
2576.539775  	87.211378 
2576.897081  	86.846367 
2577.254388  	86.418827 
2577.611695  	86.656745 
2577.969002  	86.932052 
2578.326309  	86.894208 
2578.683616  	86.802805 
2579.040923  	86.743521 
2579.398230  	86.880434 
2579.755536  	86.940678 
2580.112843  	86.897534 
2580.470150  	87.084295 
2580.827457  	86.981719 
2581.184764  	86.682704 
2581.542071  	86.742294 
2581.899378  	86.732747 
2582.256684  	86.547719 
2582.613991  	86.678955 
2582.971298  	87.154392 
2583.328605  	87.198748 
2583.685912  	86.759230 
2584.043219  	86.746749 
2584.400526  	86.835877 
2584.757832  	86.734977 
2585.115139  	86.719529 
2585.472446  	86.670318 
2585.829753  	86.869823 
2586.187060  	86.878747 
2586.544367  	86.576858 
2586.901674  	86.634078 
2587.258980  	86.643841 
2587.616287  	86.708076 
2587.973594  	86.951000 
2588.330901  	86.916295 
2588.688208  	86.770368 
2589.045515  	86.618103 
2589.402822  	86.725125 
2589.760128  	86.869418 
2590.117435  	86.794999 
2590.474742  	87.020364 
2590.832049  	87.028956 
2591.189356  	86.628183 
2591.546663  	86.677759 
2591.903970  	86.916104 
2592.261276  	86.850203 
2592.618583  	86.826165 
2592.975890  	86.772948 
2593.333197  	86.434284 
2593.690504  	86.400136 
2594.047811  	86.618699 
2594.405118  	86.429379 
2594.762425  	86.325630 
2595.119731  	86.580473 
2595.477038  	86.785122 
2595.834345  	86.963031 
2596.191652  	86.911356 
2596.548959  	86.661696 
2596.906266  	86.842898 
2597.263573  	86.999216 
2597.620879  	86.550857 
2597.978186  	86.270759 
2598.335493  	86.329920 
2598.692800  	86.322435 
2599.050107  	86.356866 
2599.407414  	86.420503 
2599.764721  	86.471907 
2600.122027  	86.341670 
2600.479334  	86.276603 
2600.836641  	86.577844 
2601.193948  	86.685021 
2601.551255  	86.653266 
2601.908562  	86.680239 
2602.265869  	86.520184 
2602.623175  	86.347044 
2602.980482  	86.311728 
2603.337789  	86.476226 
2603.695096  	86.636487 
2604.052403  	86.616652 
2604.409710  	86.517154 
2604.767017  	86.334961 
2605.124323  	86.268417 
2605.481630  	86.388265 
2605.838937  	86.568379 
2606.196244  	86.690890 
2606.553551  	86.833725 
2606.910858  	86.870233 
2607.268165  	86.505529 
2607.625472  	86.426075 
2607.982778  	86.578614 
2608.340085  	86.484329 
2608.697392  	86.651210 
2609.054699  	86.661904 
2609.412006  	86.526220 
2609.769313  	86.822644 
2610.126620  	86.957033 
2610.483926  	86.822847 
2610.841233  	86.757583 
2611.198540  	86.691987 
2611.555847  	86.503274 
2611.913154  	86.467902 
2612.270461  	86.776022 
2612.627768  	86.844613 
2612.985074  	86.735395 
2613.342381  	86.728572 
2613.699688  	86.572270 
2614.056995  	86.525359 
2614.414302  	86.713683 
2614.771609  	86.907447 
2615.128916  	86.922668 
2615.486222  	86.726944 
2615.843529  	86.763383 
2616.200836  	87.076654 
2616.558143  	87.056570 
2616.915450  	86.693099 
2617.272757  	86.438458 
2617.630064  	86.379212 
2617.987370  	86.618042 
2618.344677  	86.886643 
2618.701984  	86.926312 
2619.059291  	87.134634 
2619.416598  	87.132342 
2619.773905  	86.887579 
2620.131212  	87.000865 
2620.488519  	86.949022 
2620.845825  	86.748126 
2621.203132  	86.738726 
2621.560439  	86.734723 
2621.917746  	86.982324 
2622.275053  	87.108426 
2622.632360  	87.001360 
2622.989667  	87.214958 
2623.346973  	87.189103 
2623.704280  	86.837696 
2624.061587  	86.787307 
2624.418894  	86.686110 
2624.776201  	86.498922 
2625.133508  	86.573306 
2625.490815  	86.686131 
2625.848121  	86.757813 
2626.205428  	86.748221 
2626.562735  	86.774231 
2626.920042  	87.018947 
2627.277349  	87.086035 
2627.634656  	86.875400 
2627.991963  	86.662790 
2628.349269  	86.640989 
2628.706576  	86.815266 
2629.063883  	86.782550 
2629.421190  	86.596254 
2629.778497  	86.648733 
2630.135804  	86.795349 
2630.493111  	86.834064 
2630.850417  	86.888650 
2631.207724  	86.918999 
2631.565031  	86.845631 
2631.922338  	86.978581 
2632.279645  	87.181039 
2632.636952  	87.190197 
2632.994259  	87.157642 
2633.351566  	87.018498 
2633.708872  	87.071335 
2634.066179  	87.285087 
2634.423486  	87.181911 
2634.780793  	87.068901 
2635.138100  	87.038743 
2635.495407  	87.057401 
2635.852714  	87.198035 
2636.210020  	87.195689 
2636.567327  	87.138209 
2636.924634  	87.158297 
2637.281941  	87.272122 
2637.639248  	87.296710 
2637.996555  	87.135597 
2638.353862  	87.203765 
2638.711168  	87.317294 
2639.068475  	87.157378 
2639.425782  	87.047059 
2639.783089  	87.210000 
2640.140396  	87.456347 
2640.497703  	87.402327 
2640.855010  	87.171236 
2641.212316  	87.023747 
2641.569623  	86.980710 
2641.926930  	87.161004 
2642.284237  	87.317637 
2642.641544  	87.380158 
2642.998851  	87.441946 
2643.356158  	87.215704 
2643.713464  	87.096594 
2644.070771  	87.308813 
2644.428078  	87.220143 
2644.785385  	87.002327 
2645.142692  	87.053880 
2645.499999  	87.095683 
2645.857306  	87.019804 
2646.214613  	86.982084 
2646.571919  	87.078583 
2646.929226  	87.076097 
2647.286533  	86.953864 
2647.643840  	87.124243 
2648.001147  	87.297464 
2648.358454  	87.153527 
2648.715761  	87.084686 
2649.073067  	87.181804 
2649.430374  	87.188514 
2649.787681  	87.160313 
2650.144988  	87.364082 
2650.502295  	87.489209 
2650.859602  	87.233858 
2651.216909  	87.138701 
2651.574215  	87.343032 
2651.931522  	87.421096 
2652.288829  	87.286910 
2652.646136  	87.123545 
2653.003443  	87.088514 
2653.360750  	87.178627 
2653.718057  	87.334126 
2654.075363  	87.354923 
2654.432670  	87.281780 
2654.789977  	87.328863 
2655.147284  	87.261845 
2655.504591  	87.126013 
2655.861898  	87.109367 
2656.219205  	87.023273 
2656.576511  	86.939064 
2656.933818  	86.991907 
2657.291125  	87.019942 
2657.648432  	86.958212 
2658.005739  	87.039342 
2658.363046  	87.156864 
2658.720353  	87.013640 
2659.077660  	86.968074 
2659.434966  	87.184656 
2659.792273  	87.327744 
2660.149580  	87.342610 
2660.506887  	87.360878 
2660.864194  	87.421916 
2661.221501  	87.329156 
2661.578808  	87.123853 
2661.936114  	87.094300 
2662.293421  	87.108958 
2662.650728  	87.108542 
2663.008035  	87.168945 
2663.365342  	87.087931 
2663.722649  	86.941298 
2664.079956  	86.932591 
2664.437262  	86.972814 
2664.794569  	87.040350 
2665.151876  	87.065964 
2665.509183  	87.006670 
2665.866490  	86.973731 
2666.223797  	86.830222 
2666.581104  	86.725862 
2666.938410  	86.890214 
2667.295717  	86.904179 
2667.653024  	86.691353 
2668.010331  	86.645044 
2668.367638  	86.730005 
2668.724945  	86.693823 
2669.082252  	86.619024 
2669.439558  	86.649476 
2669.796865  	86.671514 
2670.154172  	86.744595 
2670.511479  	86.799687 
2670.868786  	86.708166 
2671.226093  	86.736391 
2671.583400  	86.772916 
2671.940706  	86.740641 
2672.298013  	86.829635 
2672.655320  	86.795913 
2673.012627  	86.643613 
2673.369934  	86.664165 
2673.727241  	86.811447 
2674.084548  	86.894674 
2674.441855  	86.924352 
2674.799161  	86.940880 
2675.156468  	86.860357 
2675.513775  	86.882813 
2675.871082  	87.018072 
2676.228389  	87.017744 
2676.585696  	87.037921 
2676.943003  	87.096354 
2677.300309  	87.063000 
2677.657616  	86.995617 
2678.014923  	86.954944 
2678.372230  	86.972732 
2678.729537  	86.862777 
2679.086844  	86.697171 
2679.444151  	86.811057 
2679.801457  	86.967784 
2680.158764  	86.907019 
2680.516071  	86.875461 
2680.873378  	86.956502 
2681.230685  	86.963569 
2681.587992  	86.917796 
2681.945299  	86.964843 
2682.302605  	87.022552 
2682.659912  	86.997073 
2683.017219  	87.030128 
2683.374526  	87.105753 
2683.731833  	87.007931 
2684.089140  	86.865066 
2684.446447  	87.001330 
2684.803753  	87.235066 
2685.161060  	87.195605 
2685.518367  	87.117237 
2685.875674  	87.167574 
2686.232981  	87.135217 
2686.590288  	87.145498 
2686.947595  	87.198746 
2687.304902  	87.160565 
2687.662208  	87.100512 
2688.019515  	86.976146 
2688.376822  	86.918952 
2688.734129  	86.937705 
2689.091436  	86.939500 
2689.448743  	86.982526 
2689.806050  	86.881550 
2690.163356  	86.769302 
2690.520663  	86.786896 
2690.877970  	86.753465 
2691.235277  	86.774689 
2691.592584  	86.759271 
2691.949891  	86.581314 
2692.307198  	86.455822 
2692.664504  	86.481800 
2693.021811  	86.584439 
2693.379118  	86.667444 
2693.736425  	86.730747 
2694.093732  	86.760681 
2694.451039  	86.763953 
2694.808346  	86.731839 
2695.165652  	86.595484 
2695.522959  	86.500187 
2695.880266  	86.543438 
2696.237573  	86.577289 
2696.594880  	86.490330 
2696.952187  	86.476920 
2697.309494  	86.577363 
2697.666800  	86.550312 
2698.024107  	86.627608 
2698.381414  	86.741371 
2698.738721  	86.519158 
2699.096028  	86.358785 
2699.453335  	86.475104 
2699.810642  	86.605875 
2700.167949  	86.661845 
2700.525255  	86.645959 
2700.882562  	86.592784 
2701.239869  	86.584843 
2701.597176  	86.697600 
2701.954483  	86.773245 
2702.311790  	86.716085 
2702.669097  	86.617469 
2703.026403  	86.549285 
2703.383710  	86.611431 
2703.741017  	86.605470 
2704.098324  	86.504801 
2704.455631  	86.532478 
2704.812938  	86.538610 
2705.170245  	86.533183 
2705.527551  	86.563995 
2705.884858  	86.501785 
2706.242165  	86.459213 
2706.599472  	86.452556 
2706.956779  	86.417698 
2707.314086  	86.469370 
2707.671393  	86.544517 
2708.028699  	86.423711 
2708.386006  	86.282407 
2708.743313  	86.395419 
2709.100620  	86.518392 
2709.457927  	86.406113 
2709.815234  	86.278656 
2710.172541  	86.251511 
2710.529847  	86.049421 
2710.887154  	85.843400 
2711.244461  	86.099238 
2711.601768  	86.379935 
2711.959075  	86.299568 
2712.316382  	86.275097 
2712.673689  	86.252616 
2713.030996  	86.089265 
2713.388302  	86.089435 
2713.745609  	86.077917 
2714.102916  	85.915829 
2714.460223  	85.893240 
2714.817530  	85.864876 
2715.174837  	85.708448 
2715.532144  	85.694610 
2715.889450  	85.873530 
2716.246757  	85.944705 
2716.604064  	85.623561 
2716.961371  	85.398216 
2717.318678  	85.679912 
2717.675985  	85.868002 
2718.033292  	85.849387 
2718.390598  	85.951177 
2718.747905  	85.918128 
2719.105212  	85.806647 
2719.462519  	85.911467 
2719.819826  	86.007472 
2720.177133  	85.937647 
2720.534440  	85.896874 
2720.891746  	85.930631 
2721.249053  	85.998106 
2721.606360  	86.072001 
2721.963667  	86.100572 
2722.320974  	86.155750 
2722.678281  	86.212973 
2723.035588  	86.220056 
2723.392894  	86.088910 
2723.750201  	85.846889 
2724.107508  	85.925829 
2724.464815  	86.136982 
2724.822122  	86.001383 
2725.179429  	85.940348 
2725.536736  	86.161978 
2725.894043  	86.161725 
2726.251349  	86.021764 
2726.608656  	86.208295 
2726.965963  	86.340760 
2727.323270  	86.170255 
2727.680577  	86.109407 
2728.037884  	86.075194 
2728.395191  	86.140846 
2728.752497  	86.396243 
2729.109804  	86.337559 
2729.467111  	86.155666 
2729.824418  	86.296426 
2730.181725  	86.422802 
2730.539032  	86.170395 
2730.896339  	85.921600 
2731.253645  	86.096654 
2731.610952  	86.225575 
2731.968259  	86.043430 
2732.325566  	86.085153 
2732.682873  	86.446112 
2733.040180  	86.547649 
2733.397487  	86.265737 
2733.754793  	86.168284 
2734.112100  	86.364752 
2734.469407  	86.463789 
2734.826714  	86.490085 
2735.184021  	86.648430 
2735.541328  	86.755921 
2735.898635  	86.688532 
2736.255941  	86.723342 
2736.613248  	86.798946 
2736.970555  	86.736044 
2737.327862  	86.624274 
2737.685169  	86.395255 
2738.042476  	86.329038 
2738.399783  	86.604821 
2738.757090  	86.854953 
2739.114396  	87.029828 
2739.471703  	87.052549 
2739.829010  	86.850714 
2740.186317  	86.700397 
2740.543624  	86.593734 
2740.900931  	86.520271 
2741.258238  	86.619065 
2741.615544  	86.767266 
2741.972851  	86.871222 
2742.330158  	86.900213 
2742.687465  	86.862316 
2743.044772  	86.940180 
2743.402079  	87.110920 
2743.759386  	87.265138 
2744.116692  	87.247942 
2744.473999  	86.940176 
2744.831306  	86.826053 
2745.188613  	86.935895 
2745.545920  	86.821924 
2745.903227  	86.768645 
2746.260534  	86.870192 
2746.617840  	86.912478 
2746.975147  	86.923165 
2747.332454  	86.918485 
2747.689761  	86.980651 
2748.047068  	86.991832 
2748.404375  	86.975741 
2748.761682  	87.035634 
2749.118988  	86.966055 
2749.476295  	86.925702 
2749.833602  	86.973343 
2750.190909  	86.927187 
2750.548216  	86.966293 
2750.905523  	87.056982 
2751.262830  	87.029503 
2751.620136  	86.978781 
2751.977443  	86.930269 
2752.334750  	86.890858 
2752.692057  	86.905589 
2753.049364  	86.971910 
2753.406671  	87.159816 
2753.763978  	87.301130 
2754.121285  	87.198850 
2754.478591  	87.112760 
2754.835898  	87.103444 
2755.193205  	87.028289 
2755.550512  	86.882365 
2755.907819  	86.705815 
2756.265126  	86.795819 
2756.622433  	87.044483 
2756.979739  	87.048531 
2757.337046  	86.983983 
2757.694353  	86.973882 
2758.051660  	86.930244 
2758.408967  	86.952151 
2758.766274  	87.015015 
2759.123581  	87.045757 
2759.480887  	87.152962 
2759.838194  	87.198414 
2760.195501  	87.065297 
2760.552808  	87.047659 
2760.910115  	87.019344 
2761.267422  	86.945532 
2761.624729  	87.170914 
2761.982035  	87.343933 
2762.339342  	87.243149 
2762.696649  	87.058319 
2763.053956  	86.818056 
2763.411263  	86.742136 
2763.768570  	86.880409 
2764.125877  	87.073940 
2764.483183  	87.184586 
2764.840490  	87.069974 
2765.197797  	86.882385 
2765.555104  	86.917371 
2765.912411  	87.029320 
2766.269718  	86.867529 
2766.627025  	86.816250 
2766.984332  	87.089154 
2767.341638  	87.156028 
2767.698945  	87.009689 
2768.056252  	86.868154 
2768.413559  	86.863956 
2768.770866  	87.047672 
2769.128173  	87.127106 
2769.485480  	87.159245 
2769.842786  	87.166429 
2770.200093  	87.028443 
2770.557400  	86.951712 
2770.914707  	86.967439 
2771.272014  	87.075018 
2771.629321  	87.191218 
2771.986628  	87.168602 
2772.343934  	87.122050 
2772.701241  	87.007706 
2773.058548  	86.981612 
2773.415855  	87.179707 
2773.773162  	87.106435 
2774.130469  	86.834649 
2774.487776  	86.888438 
2774.845082  	87.080965 
2775.202389  	87.090536 
2775.559696  	86.921430 
2775.917003  	86.814091 
2776.274310  	86.960939 
2776.631617  	87.111539 
2776.988924  	86.996430 
2777.346230  	86.699488 
2777.703537  	86.585754 
2778.060844  	86.722314 
2778.418151  	86.834948 
2778.775458  	86.862939 
2779.132765  	86.629387 
2779.490072  	86.470742 
2779.847379  	86.808749 
2780.204685  	86.905504 
2780.561992  	86.663704 
2780.919299  	86.646598 
2781.276606  	86.737718 
2781.633913  	86.856731 
2781.991220  	86.919539 
2782.348527  	86.881626 
2782.705833  	86.750930 
2783.063140  	86.534133 
2783.420447  	86.502771 
2783.777754  	86.611837 
2784.135061  	86.759085 
2784.492368  	86.851122 
2784.849675  	86.699722 
2785.206981  	86.531340 
2785.564288  	86.468055 
2785.921595  	86.497039 
2786.278902  	86.519685 
2786.636209  	86.413944 
2786.993516  	86.491552 
2787.350823  	86.571190 
2787.708129  	86.392116 
2788.065436  	86.433017 
2788.422743  	86.533122 
2788.780050  	86.378370 
2789.137357  	86.446147 
2789.494664  	86.667878 
2789.851971  	86.675567 
2790.209277  	86.650296 
2790.566584  	86.604512 
2790.923891  	86.507189 
2791.281198  	86.475975 
2791.638505  	86.404601 
2791.995812  	86.320230 
2792.353119  	86.411128 
2792.710426  	86.592726 
2793.067732  	86.640197 
2793.425039  	86.554743 
2793.782346  	86.438776 
2794.139653  	86.322820 
2794.496960  	86.286748 
2794.854267  	86.362764 
2795.211574  	86.435878 
2795.568880  	86.366795 
2795.926187  	86.320027 
2796.283494  	86.439220 
2796.640801  	86.476312 
2796.998108  	86.532175 
2797.355415  	86.710103 
2797.712722  	86.688908 
2798.070028  	86.578915 
2798.427335  	86.592503 
2798.784642  	86.618659 
2799.141949  	86.573665 
2799.499256  	86.453804 
2799.856563  	86.323872 
2800.213870  	86.332996 
2800.571176  	86.518217 
2800.928483  	86.589874 
2801.285790  	86.518960 
2801.643097  	86.482514 
2802.000404  	86.443576 
2802.357711  	86.556141 
2802.715018  	86.685211 
2803.072324  	86.640282 
2803.429631  	86.610948 
2803.786938  	86.499727 
2804.144245  	86.359505 
2804.501552  	86.370223 
2804.858859  	86.487419 
2805.216166  	86.572051 
2805.573473  	86.460280 
2805.930779  	86.459784 
2806.288086  	86.552421 
2806.645393  	86.427926 
2807.002700  	86.431556 
2807.360007  	86.523351 
2807.717314  	86.436891 
2808.074621  	86.415436 
2808.431927  	86.616065 
2808.789234  	86.863789 
2809.146541  	86.764325 
2809.503848  	86.524986 
2809.861155  	86.577267 
2810.218462  	86.557612 
2810.575769  	86.454825 
2810.933075  	86.539405 
2811.290382  	86.493219 
2811.647689  	86.391142 
2812.004996  	86.548832 
2812.362303  	86.661131 
2812.719610  	86.447599 
2813.076917  	86.238869 
2813.434223  	86.267323 
2813.791530  	86.271501 
2814.148837  	86.300221 
2814.506144  	86.448553 
2814.863451  	86.429041 
2815.220758  	86.330899 
2815.578065  	86.333307 
2815.935371  	86.332627 
2816.292678  	86.258517 
2816.649985  	86.167923 
2817.007292  	86.259616 
2817.364599  	86.378339 
2817.721906  	86.190242 
2818.079213  	85.903673 
2818.436520  	85.885355 
2818.793826  	86.037804 
2819.151133  	86.086195 
2819.508440  	86.107127 
2819.865747  	86.086677 
2820.223054  	85.891112 
2820.580361  	85.763885 
2820.937668  	85.844650 
2821.294974  	85.983642 
2821.652281  	86.011357 
2822.009588  	85.951741 
2822.366895  	85.934269 
2822.724202  	85.912725 
2823.081509  	85.934267 
2823.438816  	85.995420 
2823.796122  	85.912788 
2824.153429  	85.636666 
2824.510736  	85.420446 
2824.868043  	85.550408 
2825.225350  	85.739186 
2825.582657  	85.733733 
2825.939964  	85.654735 
2826.297270  	85.558521 
2826.654577  	85.567935 
2827.011884  	85.588961 
2827.369191  	85.518990 
2827.726498  	85.393764 
2828.083805  	85.184889 
2828.441112  	85.019867 
2828.798418  	84.930370 
2829.155725  	85.020338 
2829.513032  	85.212748 
2829.870339  	85.250349 
2830.227646  	85.329355 
2830.584953  	85.399330 
2830.942260  	85.404199 
2831.299567  	85.495841 
2831.656873  	85.499055 
2832.014180  	85.506669 
2832.371487  	85.514200 
2832.728794  	85.349930 
2833.086101  	85.314294 
2833.443408  	85.492841 
2833.800715  	85.634485 
2834.158021  	85.701306 
2834.515328  	85.721191 
2834.872635  	85.685375 
2835.229942  	85.718174 
2835.587249  	85.878759 
2835.944556  	85.944708 
2836.301863  	85.796855 
2836.659169  	85.717117 
2837.016476  	85.822506 
2837.373783  	85.871901 
2837.731090  	85.904483 
2838.088397  	85.879350 
2838.445704  	85.701644 
2838.803011  	85.735256 
2839.160317  	85.884648 
2839.517624  	85.940285 
2839.874931  	85.965283 
2840.232238  	85.709453 
2840.589545  	85.442458 
2840.946852  	85.574075 
2841.304159  	85.864190 
2841.661465  	85.948291 
2842.018772  	85.660849 
2842.376079  	85.432862 
2842.733386  	85.534540 
2843.090693  	85.525256 
2843.448000  	85.400458 
2843.805307  	85.418251 
2844.162613  	85.446143 
2844.519920  	85.560523 
2844.877227  	85.778319 
2845.234534  	85.697782 
2845.591841  	85.527252 
2845.949148  	85.668690 
2846.306455  	85.666783 
2846.663762  	85.333068 
2847.021068  	85.273866 
2847.378375  	85.535542 
2847.735682  	85.470247 
2848.092989  	85.174871 
2848.450296  	85.177900 
2848.807603  	85.310074 
2849.164910  	85.359466 
2849.522216  	85.379834 
2849.879523  	85.500925 
2850.236830  	85.650264 
2850.594137  	85.474476 
2850.951444  	85.215780 
2851.308751  	85.082445 
2851.666058  	84.884332 
2852.023364  	84.792358 
2852.380671  	84.911360 
2852.737978  	85.083135 
2853.095285  	85.062171 
2853.452592  	84.906021 
2853.809899  	84.878119 
2854.167206  	84.862898 
2854.524512  	84.786367 
2854.881819  	84.648278 
2855.239126  	84.498176 
2855.596433  	84.448156 
2855.953740  	84.439468 
2856.311047  	84.482643 
2856.668354  	84.525289 
2857.025660  	84.441959 
2857.382967  	84.137808 
2857.740274  	83.867342 
2858.097581  	83.957952 
2858.454888  	84.119163 
2858.812195  	84.185994 
2859.169502  	83.998397 
2859.526809  	83.682079 
2859.884115  	83.816834 
2860.241422  	83.869181 
2860.598729  	83.583971 
2860.956036  	83.481784 
2861.313343  	83.394982 
2861.670650  	83.359112 
2862.027957  	83.356772 
2862.385263  	83.138995 
2862.742570  	82.875671 
2863.099877  	82.601858 
2863.457184  	82.459814 
2863.814491  	82.563656 
2864.171798  	82.666939 
2864.529105  	82.659727 
2864.886411  	82.562348 
2865.243718  	82.457141 
2865.601025  	82.358326 
2865.958332  	82.214355 
2866.315639  	82.096699 
2866.672946  	81.898869 
2867.030253  	81.629543 
2867.387559  	81.604968 
2867.744866  	81.703575 
2868.102173  	81.762125 
2868.459480  	81.888072 
2868.816787  	81.844765 
2869.174094  	81.695935 
2869.531401  	81.723614 
2869.888707  	81.769831 
2870.246014  	81.841646 
2870.603321  	81.892173 
2870.960628  	81.805264 
2871.317935  	81.836928 
2871.675242  	82.049515 
2872.032549  	82.352428 
2872.389856  	82.699106 
2872.747162  	82.826111 
2873.104469  	82.710682 
2873.461776  	82.705119 
2873.819083  	82.775689 
2874.176390  	82.818442 
2874.533697  	83.054979 
2874.891004  	83.310473 
2875.248310  	83.461180 
2875.605617  	83.596608 
2875.962924  	83.571279 
2876.320231  	83.693002 
2876.677538  	84.090790 
2877.034845  	84.283277 
2877.392152  	84.265978 
2877.749458  	84.370921 
2878.106765  	84.594187 
2878.464072  	84.697335 
2878.821379  	84.775651 
2879.178686  	84.971408 
2879.535993  	85.054031 
2879.893300  	85.138790 
2880.250606  	85.332474 
2880.607913  	85.326777 
2880.965220  	85.164739 
2881.322527  	85.113191 
2881.679834  	85.187126 
2882.037141  	85.218376 
2882.394448  	85.277323 
2882.751754  	85.535104 
2883.109061  	85.633610 
2883.466368  	85.429512 
2883.823675  	85.385856 
2884.180982  	85.576717 
2884.538289  	85.787072 
2884.895596  	85.908405 
2885.252903  	85.775358 
2885.610209  	85.565458 
2885.967516  	85.628584 
2886.324823  	85.745619 
2886.682130  	85.636853 
2887.039437  	85.551246 
2887.396744  	85.575974 
2887.754051  	85.705556 
2888.111357  	86.085886 
2888.468664  	86.209510 
2888.825971  	85.975607 
2889.183278  	86.085410 
2889.540585  	86.220910 
2889.897892  	86.046744 
2890.255199  	85.999966 
2890.612505  	85.997947 
2890.969812  	85.913232 
2891.327119  	85.863682 
2891.684426  	85.978079 
2892.041733  	86.246981 
2892.399040  	86.270808 
2892.756347  	86.114865 
2893.113653  	86.046374 
2893.470960  	85.900311 
2893.828267  	85.904619 
2894.185574  	86.267742 
2894.542881  	86.448129 
2894.900188  	86.299193 
2895.257495  	86.210422 
2895.614801  	86.024679 
2895.972108  	85.832421 
2896.329415  	86.037387 
2896.686722  	86.243475 
2897.044029  	86.197785 
2897.401336  	86.174207 
2897.758643  	86.197426 
2898.115950  	86.117906 
2898.473256  	86.023023 
2898.830563  	86.199700 
2899.187870  	86.343042 
2899.545177  	86.215160 
2899.902484  	86.278488 
2900.259791  	86.382515 
2900.617098  	86.161317 
2900.974404  	85.983075 
2901.331711  	86.032467 
2901.689018  	86.024637 
2902.046325  	85.928426 
2902.403632  	85.963271 
2902.760939  	86.201747 
2903.118246  	86.348907 
2903.475552  	86.161635 
2903.832859  	86.115431 
2904.190166  	86.289609 
2904.547473  	86.280989 
2904.904780  	86.293597 
2905.262087  	86.289811 
2905.619394  	86.298365 
2905.976700  	86.329881 
2906.334007  	86.035780 
2906.691314  	85.910091 
2907.048621  	85.957153 
2907.405928  	85.924126 
2907.763235  	86.156204 
2908.120542  	86.247004 
2908.477848  	86.191226 
2908.835155  	86.217337 
2909.192462  	86.128835 
2909.549769  	86.138551 
2909.907076  	86.147932 
2910.264383  	86.197410 
2910.621690  	86.411246 
2910.978997  	86.529644 
2911.336303  	86.543932 
2911.693610  	86.373123 
2912.050917  	86.303240 
2912.408224  	86.572856 
2912.765531  	86.676637 
2913.122838  	86.588663 
2913.480145  	86.628653 
2913.837451  	86.615437 
2914.194758  	86.432625 
2914.552065  	86.391610 
2914.909372  	86.387560 
2915.266679  	86.160645 
2915.623986  	86.079005 
2915.981293  	86.153264 
2916.338599  	86.190054 
2916.695906  	86.279836 
2917.053213  	86.372800 
2917.410520  	86.581442 
2917.767827  	86.687938 
2918.125134  	86.473657 
2918.482441  	86.367866 
2918.839747  	86.372027 
2919.197054  	86.301369 
2919.554361  	86.313359 
2919.911668  	86.310143 
2920.268975  	86.231295 
2920.626282  	86.311399 
2920.983589  	86.513478 
2921.340895  	86.574237 
2921.698202  	86.463104 
2922.055509  	86.281378 
2922.412816  	86.242268 
2922.770123  	86.434778 
2923.127430  	86.503683 
2923.484737  	86.339185 
2923.842043  	86.136898 
2924.199350  	85.949694 
2924.556657  	86.008349 
2924.913964  	86.297449 
2925.271271  	86.333653 
2925.628578  	86.141159 
2925.985885  	86.114902 
2926.343192  	86.252281 
2926.700498  	86.293354 
2927.057805  	86.177525 
2927.415112  	86.141557 
2927.772419  	86.160010 
2928.129726  	86.120133 
2928.487033  	86.163478 
2928.844340  	86.104622 
2929.201646  	85.943493 
2929.558953  	85.963054 
2929.916260  	86.066546 
2930.273567  	86.129164 
2930.630874  	86.023126 
2930.988181  	85.950303 
2931.345488  	86.120584 
2931.702794  	86.124247 
2932.060101  	86.038886 
2932.417408  	86.149696 
2932.774715  	86.238947 
2933.132022  	86.199178 
2933.489329  	86.116130 
2933.846636  	86.091106 
2934.203942  	86.091696 
2934.561249  	86.257082 
2934.918556  	86.486669 
2935.275863  	86.321048 
2935.633170  	86.112791 
2935.990477  	86.184528 
2936.347784  	86.295700 
2936.705090  	86.309770 
2937.062397  	86.166535 
2937.419704  	86.179256 
2937.777011  	86.317786 
2938.134318  	86.258796 
2938.491625  	86.306515 
2938.848932  	86.517721 
2939.206239  	86.588768 
2939.563545  	86.582313 
2939.920852  	86.588817 
2940.278159  	86.354039 
2940.635466  	86.073679 
2940.992773  	86.239949 
2941.350080  	86.392484 
2941.707387  	86.347188 
2942.064693  	86.536229 
2942.422000  	86.665450 
2942.779307  	86.611736 
2943.136614  	86.531390 
2943.493921  	86.411562 
2943.851228  	86.407956 
2944.208535  	86.447394 
2944.565841  	86.453795 
2944.923148  	86.402196 
2945.280455  	86.376697 
2945.637762  	86.658970 
2945.995069  	86.864652 
2946.352376  	86.696656 
2946.709683  	86.639998 
2947.066989  	86.787309 
2947.424296  	86.845019 
2947.781603  	86.799383 
2948.138910  	86.723103 
2948.496217  	86.669926 
2948.853524  	86.668240 
2949.210831  	86.593794 
2949.568137  	86.533920 
2949.925444  	86.731037 
2950.282751  	86.831521 
2950.640058  	86.570820 
2950.997365  	86.405629 
2951.354672  	86.447503 
2951.711979  	86.494002 
2952.069286  	86.637677 
2952.426592  	86.789218 
2952.783899  	86.747883 
2953.141206  	86.646950 
2953.498513  	86.644918 
2953.855820  	86.685273 
2954.213127  	86.722532 
2954.570434  	86.705876 
2954.927740  	86.682825 
2955.285047  	86.798420 
2955.642354  	86.779533 
2955.999661  	86.658628 
2956.356968  	86.813104 
2956.714275  	86.811787 
2957.071582  	86.557144 
2957.428888  	86.570517 
2957.786195  	86.789076 
2958.143502  	86.923126 
2958.500809  	86.812058 
2958.858116  	86.824164 
2959.215423  	87.093172 
2959.572730  	86.994676 
2959.930036  	86.768429 
2960.287343  	86.726653 
2960.644650  	86.680429 
2961.001957  	86.826194 
2961.359264  	86.914700 
2961.716571  	86.861608 
2962.073878  	86.898745 
2962.431184  	86.778951 
2962.788491  	86.683829 
2963.145798  	86.809230 
2963.503105  	86.921090 
2963.860412  	86.919137 
2964.217719  	86.763613 
2964.575026  	86.678726 
2964.932333  	86.725704 
2965.289639  	86.702283 
2965.646946  	86.786503 
2966.004253  	86.945197 
2966.361560  	86.986999 
2966.718867  	86.925474 
2967.076174  	86.662800 
2967.433481  	86.600065 
2967.790787  	86.889206 
2968.148094  	86.873338 
2968.505401  	86.695621 
2968.862708  	86.663551 
2969.220015  	86.673506 
2969.577322  	86.882317 
2969.934629  	86.917874 
2970.291935  	86.776071 
2970.649242  	86.901549 
2971.006549  	86.891981 
2971.363856  	86.766720 
2971.721163  	86.830748 
2972.078470  	86.837562 
2972.435777  	86.853770 
2972.793083  	86.997626 
2973.150390  	87.002623 
2973.507697  	86.777382 
2973.865004  	86.663601 
2974.222311  	86.724724 
2974.579618  	86.719758 
2974.936925  	86.782088 
2975.294231  	86.881764 
2975.651538  	86.811253 
2976.008845  	86.762145 
2976.366152  	86.935939 
2976.723459  	87.098208 
2977.080766  	86.934681 
2977.438073  	86.753498 
2977.795380  	86.755657 
2978.152686  	86.658799 
2978.509993  	86.610625 
2978.867300  	86.714881 
2979.224607  	86.781151 
2979.581914  	86.787628 
2979.939221  	86.712713 
2980.296528  	86.735022 
2980.653834  	86.834922 
2981.011141  	86.663804 
2981.368448  	86.543828 
2981.725755  	86.718174 
2982.083062  	86.778941 
2982.440369  	86.787023 
2982.797676  	86.769573 
2983.154982  	86.560394 
2983.512289  	86.534549 
2983.869596  	86.584327 
2984.226903  	86.405176 
2984.584210  	86.371738 
2984.941517  	86.509773 
2985.298824  	86.473566 
2985.656130  	86.367959 
2986.013437  	86.494428 
2986.370744  	86.693681 
2986.728051  	86.609446 
2987.085358  	86.360991 
2987.442665  	86.240483 
2987.799972  	86.314671 
2988.157278  	86.419992 
2988.514585  	86.385817 
2988.871892  	86.249340 
2989.229199  	86.140643 
2989.586506  	86.141067 
2989.943813  	86.100488 
2990.301120  	86.135915 
2990.658427  	86.501134 
2991.015733  	86.746121 
2991.373040  	86.505999 
2991.730347  	86.091615 
2992.087654  	85.944234 
2992.444961  	86.065418 
2992.802268  	86.114998 
2993.159575  	86.196741 
2993.516881  	86.339378 
2993.874188  	86.240730 
2994.231495  	86.005340 
2994.588802  	85.968207 
2994.946109  	86.129701 
2995.303416  	86.027571 
2995.660723  	85.820458 
2996.018029  	85.959921 
2996.375336  	85.896404 
2996.732643  	85.610629 
2997.089950  	85.661633 
2997.447257  	85.764235 
2997.804564  	85.764113 
2998.161871  	85.733452 
2998.519177  	85.634673 
2998.876484  	85.637680 
2999.233791  	85.608551 
2999.591098  	85.579236 
2999.948405  	85.743321 
3000.305712  	85.712941 
3000.663019  	85.487564 
3001.020325  	85.360253 
3001.377632  	85.208931 
3001.734939  	85.209032 
3002.092246  	85.450310 
3002.449553  	85.574048 
3002.806860  	85.501829 
3003.164167  	85.448692 
3003.521473  	85.434766 
3003.878780  	85.281839 
3004.236087  	85.150197 
3004.593394  	85.241645 
3004.950701  	85.309225 
3005.308008  	85.134592 
3005.665315  	84.786003 
3006.022622  	84.635088 
3006.379928  	84.875611 
3006.737235  	85.151951 
3007.094542  	85.133541 
3007.451849  	84.919126 
3007.809156  	84.894707 
3008.166463  	84.986013 
3008.523770  	84.856204 
3008.881076  	84.732009 
3009.238383  	84.701356 
3009.595690  	84.603132 
3009.952997  	84.630774 
3010.310304  	84.788054 
3010.667611  	84.715184 
3011.024918  	84.479764 
3011.382224  	84.389091 
3011.739531  	84.340280 
3012.096838  	84.301534 
3012.454145  	84.250839 
3012.811452  	83.975017 
3013.168759  	83.582982 
3013.526066  	83.421733 
3013.883372  	83.674365 
3014.240679  	83.788991 
3014.597986  	83.439986 
3014.955293  	83.209376 
3015.312600  	83.053148 
3015.669907  	82.921975 
3016.027214  	83.047366 
3016.384520  	83.026911 
3016.741827  	82.891082 
3017.099134  	82.981667 
3017.456441  	83.095462 
3017.813748  	82.841949 
3018.171055  	82.483167 
3018.528362  	82.494595 
3018.885669  	82.405451 
3019.242975  	82.135881 
3019.600282  	82.083635 
3019.957589  	82.012757 
3020.314896  	81.937680 
3020.672203  	81.815099 
3021.029510  	81.591916 
3021.386817  	81.614207 
3021.744123  	81.699061 
3022.101430  	81.634500 
3022.458737  	81.586286 
3022.816044  	81.615455 
3023.173351  	81.821844 
3023.530658  	82.151846 
3023.887965  	82.315235 
3024.245271  	82.459796 
3024.602578  	82.798231 
3024.959885  	82.915370 
3025.317192  	82.844609 
3025.674499  	82.969038 
3026.031806  	83.108074 
3026.389113  	83.292449 
3026.746419  	83.479712 
3027.103726  	83.554490 
3027.461033  	83.834564 
3027.818340  	84.023286 
3028.175647  	83.929269 
3028.532954  	84.048355 
3028.890261  	84.217809 
3029.247567  	84.252845 
3029.604874  	84.434738 
3029.962181  	84.609270 
3030.319488  	84.642722 
3030.676795  	84.664345 
3031.034102  	84.672105 
3031.391409  	84.679505 
3031.748716  	84.670912 
3032.106022  	84.686725 
3032.463329  	84.723643 
3032.820636  	84.717506 
3033.177943  	84.833252 
3033.535250  	84.961522 
3033.892557  	84.983127 
3034.249864  	85.097046 
3034.607170  	85.145128 
3034.964477  	85.062080 
3035.321784  	85.018780 
3035.679091  	84.951150 
3036.036398  	84.835591 
3036.393705  	84.680354 
3036.751012  	84.586476 
3037.108318  	84.676437 
3037.465625  	84.904122 
3037.822932  	85.166432 
3038.180239  	85.238217 
3038.537546  	85.136545 
3038.894853  	85.112580 
3039.252160  	85.199835 
3039.609466  	85.253900 
3039.966773  	85.107293 
3040.324080  	84.952867 
3040.681387  	84.883086 
3041.038694  	84.632168 
3041.396001  	84.521791 
3041.753308  	84.772844 
3042.110614  	85.006662 
3042.467921  	85.154054 
3042.825228  	85.171401 
3043.182535  	84.959407 
3043.539842  	84.702779 
3043.897149  	84.670644 
3044.254456  	84.905772 
3044.611763  	85.038066 
3044.969069  	85.080420 
3045.326376  	85.143555 
3045.683683  	84.966260 
3046.040990  	84.981283 
3046.398297  	85.287895 
3046.755604  	85.178254 
3047.112911  	84.879262 
3047.470217  	85.049081 
3047.827524  	85.509652 
3048.184831  	85.591853 
3048.542138  	85.323438 
3048.899445  	85.225159 
3049.256752  	85.153690 
3049.614059  	85.059401 
3049.971365  	85.086317 
3050.328672  	85.063720 
3050.685979  	85.113353 
3051.043286  	85.262221 
3051.400593  	85.341681 
3051.757900  	85.330410 
3052.115207  	85.196074 
3052.472513  	85.112106 
3052.829820  	85.165921 
3053.187127  	85.275766 
3053.544434  	85.396757 
3053.901741  	85.240840 
3054.259048  	84.883702 
3054.616355  	84.815667 
3054.973661  	84.928895 
3055.330968  	84.961372 
3055.688275  	85.069906 
3056.045582  	85.212885 
3056.402889  	85.121280 
3056.760196  	84.856227 
3057.117503  	84.749118 
3057.474810  	84.799538 
3057.832116  	84.938329 
3058.189423  	85.219335 
3058.546730  	85.172512 
3058.904037  	84.846519 
3059.261344  	84.783832 
3059.618651  	84.682254 
3059.975958  	84.656844 
3060.333264  	84.892173 
3060.690571  	84.843183 
3061.047878  	84.770873 
3061.405185  	84.896404 
3061.762492  	84.876413 
3062.119799  	84.840457 
3062.477106  	84.859969 
3062.834412  	84.829602 
3063.191719  	84.849128 
3063.549026  	84.887582 
3063.906333  	84.679395 
3064.263640  	84.477407 
3064.620947  	84.588055 
3064.978254  	84.439619 
3065.335560  	84.058285 
3065.692867  	83.999298 
3066.050174  	84.087969 
3066.407481  	84.188573 
3066.764788  	84.234139 
3067.122095  	84.103861 
3067.479402  	83.998004 
3067.836708  	84.059734 
3068.194015  	83.965727 
3068.551322  	83.427932 
3068.908629  	83.146079 
3069.265936  	83.396678 
3069.623243  	83.273125 
3069.980550  	82.968575 
3070.337857  	83.228973 
3070.695163  	83.441053 
3071.052470  	83.120732 
3071.409777  	82.805901 
3071.767084  	82.589346 
3072.124391  	82.275608 
3072.481698  	82.151182 
3072.839005  	81.976799 
3073.196311  	81.454559 
3073.553618  	81.151840 
3073.910925  	81.158699 
3074.268232  	80.960659 
3074.625539  	80.508430 
3074.982846  	80.077757 
3075.340153  	79.713764 
3075.697459  	79.249167 
3076.054766  	78.866199 
3076.412073  	78.596268 
3076.769380  	78.137900 
3077.126687  	77.864367 
3077.483994  	77.952103 
3077.841301  	77.937901 
3078.198607  	77.914036 
3078.555914  	78.002902 
3078.913221  	77.986222 
3079.270528  	77.898046 
3079.627835  	77.861964 
3079.985142  	77.939378 
3080.342449  	78.110789 
3080.699755  	78.440669 
3081.057062  	78.843002 
3081.414369  	79.087165 
3081.771676  	79.315527 
3082.128983  	79.410180 
3082.486290  	79.376642 
3082.843597  	79.550415 
3083.200904  	79.579449 
3083.558210  	79.496468 
3083.915517  	79.659189 
3084.272824  	79.777069 
3084.630131  	79.786075 
3084.987438  	79.730773 
3085.344745  	79.628243 
3085.702052  	79.691588 
3086.059358  	79.832862 
3086.416665  	79.793748 
3086.773972  	79.666077 
3087.131279  	79.551552 
3087.488586  	79.043160 
3087.845893  	78.408313 
3088.203200  	78.218930 
3088.560506  	77.977700 
3088.917813  	77.555993 
3089.275120  	77.122004 
3089.632427  	76.418560 
3089.989734  	75.563559 
3090.347041  	74.806583 
3090.704348  	74.338253 
3091.061654  	73.739676 
3091.418961  	72.693362 
3091.776268  	71.639311 
3092.133575  	70.424199 
3092.490882  	69.160993 
3092.848189  	68.265112 
3093.205496  	67.521713 
3093.562802  	66.829990 
3093.920109  	66.159691 
3094.277416  	65.842800 
3094.634723  	66.014505 
3094.992030  	66.257641 
3095.349337  	66.821274 
3095.706644  	67.886755 
3096.063950  	69.159624 
3096.421257  	70.481809 
3096.778564  	71.862131 
3097.135871  	73.387960 
3097.493178  	74.856519 
3097.850485  	76.208551 
3098.207792  	77.445484 
3098.565099  	78.441553 
3098.922405  	79.341091 
3099.279712  	80.065231 
3099.637019  	80.612023 
3099.994326  	81.200631 
3100.351633  	81.711258 
3100.708940  	82.088802 
3101.066247  	82.491117 
3101.423553  	82.758218 
3101.780860  	82.813335 
3102.138167  	83.234427 
3102.495474  	83.730102 
3102.852781  	83.863166 
3103.210088  	84.382230 
3103.567395  	84.767943 
3103.924701  	84.589709 
3104.282008  	84.751004 
3104.639315  	84.949881 
3104.996622  	85.147781 
3105.353929  	85.500417 
3105.711236  	85.308412 
3106.068543  	85.062354 
3106.425849  	85.228220 
3106.783156  	85.284208 
3107.140463  	85.143622 
3107.497770  	85.092583 
3107.855077  	85.314491 
3108.212384  	85.628392 
3108.569691  	85.867338 
3108.926997  	85.979960 
3109.284304  	85.800005 
3109.641611  	85.617877 
3109.998918  	85.590874 
3110.356225  	85.670280 
3110.713532  	86.031471 
3111.070839  	86.096874 
3111.428146  	85.758720 
3111.785452  	85.795753 
3112.142759  	85.912729 
3112.500066  	85.962785 
3112.857373  	86.167562 
3113.214680  	86.118812 
3113.571987  	86.106443 
3113.929294  	86.253559 
3114.286600  	86.213327 
3114.643907  	86.190390 
3115.001214  	86.147176 
3115.358521  	86.111905 
3115.715828  	86.306235 
3116.073135  	86.480184 
3116.430442  	86.260614 
3116.787748  	85.922595 
3117.145055  	85.992034 
3117.502362  	86.159366 
3117.859669  	86.378824 
3118.216976  	86.722438 
3118.574283  	86.533649 
3118.931590  	86.122766 
3119.288896  	86.153324 
3119.646203  	86.407287 
3120.003510  	86.461402 
3120.360817  	86.352195 
3120.718124  	86.448549 
3121.075431  	86.518018 
3121.432738  	86.507842 
3121.790044  	86.564708 
3122.147351  	86.378484 
3122.504658  	86.341045 
3122.861965  	86.609006 
3123.219272  	86.588291 
3123.576579  	86.384823 
3123.933886  	86.439606 
3124.291193  	86.658203 
3124.648499  	86.627404 
3125.005806  	86.316006 
3125.363113  	86.044482 
3125.720420  	86.221476 
3126.077727  	86.675534 
3126.435034  	86.653000 
3126.792341  	86.405292 
3127.149647  	86.341897 
3127.506954  	86.256284 
3127.864261  	86.324179 
3128.221568  	86.409469 
3128.578875  	86.309718 
3128.936182  	86.313915 
3129.293489  	86.406726 
3129.650795  	86.405987 
3130.008102  	86.381421 
3130.365409  	86.412268 
3130.722716  	86.397166 
3131.080023  	86.407886 
3131.437330  	86.487417 
3131.794637  	86.468980 
3132.151943  	86.607868 
3132.509250  	86.855883 
3132.866557  	86.646929 
3133.223864  	86.330887 
3133.581171  	86.464647 
3133.938478  	86.597626 
3134.295785  	86.515757 
3134.653091  	86.473302 
3135.010398  	86.411149 
3135.367705  	86.445304 
3135.725012  	86.551262 
3136.082319  	86.488387 
3136.439626  	86.448877 
3136.796933  	86.435045 
3137.154240  	86.318163 
3137.511546  	86.246525 
3137.868853  	86.295749 
3138.226160  	86.410243 
3138.583467  	86.388554 
3138.940774  	86.250102 
3139.298081  	86.302149 
3139.655388  	86.520796 
3140.012694  	86.625953 
3140.370001  	86.499550 
3140.727308  	86.248464 
3141.084615  	86.223720 
3141.441922  	86.491600 
3141.799229  	86.527413 
3142.156536  	86.408921 
3142.513842  	86.430626 
3142.871149  	86.308217 
3143.228456  	86.228960 
3143.585763  	86.103083 
3143.943070  	85.841645 
3144.300377  	86.075968 
3144.657684  	86.352374 
3145.014990  	86.337726 
3145.372297  	86.403242 
3145.729604  	86.270808 
3146.086911  	86.356858 
3146.444218  	86.701370 
3146.801525  	86.490361 
3147.158832  	86.230809 
3147.516138  	86.233559 
3147.873445  	86.201379 
3148.230752  	86.315428 
3148.588059  	86.229858 
3148.945366  	86.058842 
3149.302673  	86.184560 
3149.659980  	86.081395 
3150.017287  	86.010571 
3150.374593  	86.120355 
3150.731900  	85.852798 
3151.089207  	85.735574 
3151.446514  	86.021525 
3151.803821  	86.167274 
3152.161128  	86.034470 
3152.518435  	85.861014 
3152.875741  	85.910720 
3153.233048  	85.942165 
3153.590355  	85.920720 
3153.947662  	86.061744 
3154.304969  	86.002062 
3154.662276  	85.763975 
3155.019583  	85.777221 
3155.376889  	86.041224 
3155.734196  	86.302974 
3156.091503  	86.260236 
3156.448810  	85.994836 
3156.806117  	85.978565 
3157.163424  	86.131251 
3157.520731  	86.133525 
3157.878037  	86.193588 
3158.235344  	86.239494 
3158.592651  	86.119386 
3158.949958  	86.092634 
3159.307265  	86.281280 
3159.664572  	86.564150 
3160.021879  	86.505684 
3160.379185  	86.271441 
3160.736492  	86.296126 
3161.093799  	86.354365 
3161.451106  	86.457558 
3161.808413  	86.429027 
3162.165720  	86.305979 
3162.523027  	86.402609 
3162.880334  	86.458500 
3163.237640  	86.499665 
3163.594947  	86.373400 
3163.952254  	86.280205 
3164.309561  	86.432744 
3164.666868  	86.319907 
3165.024175  	86.347163 
3165.381482  	86.405186 
3165.738788  	86.356701 
3166.096095  	86.616349 
3166.453402  	86.541490 
3166.810709  	86.454620 
3167.168016  	86.655102 
3167.525323  	86.718134 
3167.882630  	86.867601 
3168.239936  	86.750704 
3168.597243  	86.513765 
3168.954550  	86.532271 
3169.311857  	86.538435 
3169.669164  	86.629625 
3170.026471  	86.658259 
3170.383778  	86.598351 
3170.741084  	86.665977 
3171.098391  	86.813503 
3171.455698  	86.812720 
3171.813005  	86.536920 
3172.170312  	86.383068 
3172.527619  	86.359066 
3172.884926  	86.466648 
3173.242232  	86.902423 
3173.599539  	87.034716 
3173.956846  	86.777692 
3174.314153  	86.833360 
3174.671460  	87.131742 
3175.028767  	87.177544 
3175.386074  	87.003452 
3175.743380  	86.977499 
3176.100687  	87.123901 
3176.457994  	87.071367 
3176.815301  	86.845102 
3177.172608  	86.938110 
3177.529915  	87.175392 
3177.887222  	87.066645 
3178.244529  	86.737244 
3178.601835  	86.627224 
3178.959142  	86.962413 
3179.316449  	87.201096 
3179.673756  	87.071129 
3180.031063  	87.022681 
3180.388370  	87.106947 
3180.745677  	87.181845 
3181.102983  	87.170825 
3181.460290  	87.065893 
3181.817597  	86.858329 
3182.174904  	86.809400 
3182.532211  	87.232852 
3182.889518  	87.375868 
3183.246825  	87.005702 
3183.604131  	86.901388 
3183.961438  	87.110695 
3184.318745  	87.259882 
3184.676052  	87.157632 
3185.033359  	87.000612 
3185.390666  	87.047051 
3185.747973  	87.389084 
3186.105279  	87.626727 
3186.462586  	87.228941 
3186.819893  	86.955158 
3187.177200  	86.981968 
3187.534507  	86.762319 
3187.891814  	86.887406 
3188.249121  	87.247360 
3188.606427  	87.224899 
3188.963734  	87.192958 
3189.321041  	87.454961 
3189.678348  	87.519366 
3190.035655  	87.295215 
3190.392962  	87.445538 
3190.750269  	87.596851 
3191.107576  	87.444901 
3191.464882  	87.408092 
3191.822189  	87.283150 
3192.179496  	87.392615 
3192.536803  	87.688679 
3192.894110  	87.483721 
3193.251417  	87.261626 
3193.608724  	87.440240 
3193.966030  	87.731674 
3194.323337  	87.713503 
3194.680644  	87.456065 
3195.037951  	87.534357 
3195.395258  	87.622771 
3195.752565  	87.383021 
3196.109872  	87.312740 
3196.467178  	87.410766 
3196.824485  	87.460346 
3197.181792  	87.572195 
3197.539099  	87.694452 
3197.896406  	87.687695 
3198.253713  	87.432393 
3198.611020  	87.176951 
3198.968326  	87.219771 
3199.325633  	87.262999 
3199.682940  	87.382772 
3200.040247  	87.618806 
3200.397554  	87.624397 
3200.754861  	87.708789 
3201.112168  	87.754552 
3201.469474  	87.501826 
3201.826781  	87.427342 
3202.184088  	87.483034 
3202.541395  	87.302071 
3202.898702  	87.159373 
3203.256009  	87.596795 
3203.613316  	87.948815 
3203.970623  	87.545229 
3204.327929  	87.377128 
3204.685236  	87.430489 
3205.042543  	87.148526 
3205.399850  	87.174462 
3205.757157  	87.498545 
3206.114464  	87.653049 
3206.471771  	87.536982 
3206.829077  	87.475104 
3207.186384  	87.755172 
3207.543691  	87.867325 
3207.900998  	87.556285 
3208.258305  	87.134383 
3208.615612  	87.108390 
3208.972919  	87.554695 
3209.330225  	87.748150 
3209.687532  	87.599099 
3210.044839  	87.538993 
3210.402146  	87.497033 
3210.759453  	87.298883 
3211.116760  	87.185260 
3211.474067  	87.437460 
3211.831373  	87.675623 
3212.188680  	87.618382 
3212.545987  	87.523608 
3212.903294  	87.566313 
3213.260601  	87.767588 
3213.617908  	87.863208 
3213.975215  	87.738749 
3214.332521  	87.661858 
3214.689828  	87.668400 
3215.047135  	87.594524 
3215.404442  	87.448803 
3215.761749  	87.473195 
3216.119056  	87.593830 
3216.476363  	87.490948 
3216.833670  	87.361571 
3217.190976  	87.393116 
3217.548283  	87.415215 
3217.905590  	87.473809 
3218.262897  	87.616719 
3218.620204  	87.629019 
3218.977511  	87.521381 
3219.334818  	87.469046 
3219.692124  	87.433541 
3220.049431  	87.483925 
3220.406738  	87.630411 
3220.764045  	87.671056 
3221.121352  	87.553073 
3221.478659  	87.296594 
3221.835966  	87.237937 
3222.193272  	87.405796 
3222.550579  	87.303066 
3222.907886  	87.304503 
3223.265193  	87.624234 
3223.622500  	87.699836 
3223.979807  	87.541653 
3224.337114  	87.287536 
3224.694420  	87.233460 
3225.051727  	87.649734 
3225.409034  	87.966287 
3225.766341  	87.903909 
3226.123648  	87.760241 
3226.480955  	87.607620 
3226.838262  	87.380577 
3227.195568  	87.317393 
3227.552875  	87.538698 
3227.910182  	87.590151 
3228.267489  	87.421305 
3228.624796  	87.199190 
3228.982103  	87.036335 
3229.339410  	87.316959 
3229.696717  	87.612272 
3230.054023  	87.500526 
3230.411330  	87.400826 
3230.768637  	87.341243 
3231.125944  	87.295762 
3231.483251  	87.461530 
3231.840558  	87.494731 
3232.197865  	87.254912 
3232.555171  	87.381873 
3232.912478  	87.644051 
3233.269785  	87.536255 
3233.627092  	87.713364 
3233.984399  	87.878970 
3234.341706  	87.538854 
3234.699013  	87.421824 
3235.056319  	87.529490 
3235.413626  	87.668033 
3235.770933  	87.904776 
3236.128240  	87.897940 
3236.485547  	87.646265 
3236.842854  	87.425766 
3237.200161  	87.361160 
3237.557467  	87.514414 
3237.914774  	87.796002 
3238.272081  	87.728984 
3238.629388  	87.417880 
3238.986695  	87.540813 
3239.344002  	87.804321 
3239.701309  	87.916685 
3240.058615  	88.015026 
3240.415922  	88.016150 
3240.773229  	88.060857 
3241.130536  	88.007171 
3241.487843  	87.773685 
3241.845150  	87.593267 
3242.202457  	87.503529 
3242.559764  	87.510922 
3242.917070  	87.395035 
3243.274377  	87.145042 
3243.631684  	87.231691 
3243.988991  	87.722644 
3244.346298  	87.986918 
3244.703605  	87.903372 
3245.060912  	87.816608 
3245.418218  	87.608290 
3245.775525  	87.715513 
3246.132832  	87.999456 
3246.490139  	87.786544 
3246.847446  	87.765703 
3247.204753  	87.881057 
3247.562060  	87.681995 
3247.919366  	87.589865 
3248.276673  	87.588540 
3248.633980  	87.604365 
3248.991287  	87.526774 
3249.348594  	87.560964 
3249.705901  	87.767329 
3250.063208  	87.609389 
3250.420514  	87.599562 
3250.777821  	87.911588 
3251.135128  	87.810683 
3251.492435  	87.510978 
3251.849742  	87.657485 
3252.207049  	88.037900 
3252.564356  	87.913262 
3252.921662  	87.712977 
3253.278969  	88.030980 
3253.636276  	88.110029 
3253.993583  	87.679148 
3254.350890  	87.352880 
3254.708197  	87.305017 
3255.065504  	87.335078 
3255.422810  	87.583446 
3255.780117  	87.980680 
3256.137424  	87.880644 
3256.494731  	87.575116 
3256.852038  	87.745171 
3257.209345  	87.964067 
3257.566652  	87.831457 
3257.923959  	87.630555 
3258.281265  	87.537615 
3258.638572  	87.523269 
3258.995879  	87.521456 
3259.353186  	87.373694 
3259.710493  	87.256595 
3260.067800  	87.464302 
3260.425107  	87.770752 
3260.782413  	87.816708 
3261.139720  	87.622029 
3261.497027  	87.505723 
3261.854334  	87.426950 
3262.211641  	87.356364 
3262.568948  	87.602731 
3262.926255  	87.861116 
3263.283561  	87.900867 
3263.640868  	87.760091 
3263.998175  	87.512246 
3264.355482  	87.628756 
3264.712789  	87.789418 
3265.070096  	87.871598 
3265.427403  	88.179743 
3265.784709  	88.080786 
3266.142016  	87.900605 
3266.499323  	88.053624 
3266.856630  	87.901290 
3267.213937  	87.859890 
3267.571244  	88.058657 
3267.928551  	87.847982 
3268.285857  	87.660823 
3268.643164  	87.723591 
3269.000471  	87.588225 
3269.357778  	87.498618 
3269.715085  	87.700063 
3270.072392  	87.843041 
3270.429699  	87.703362 
3270.787006  	87.394611 
3271.144312  	87.320137 
3271.501619  	87.473069 
3271.858926  	87.470051 
3272.216233  	87.690385 
3272.573540  	88.085007 
3272.930847  	87.948381 
3273.288154  	87.692299 
3273.645460  	87.660076 
3274.002767  	87.604292 
3274.360074  	87.629205 
3274.717381  	87.663240 
3275.074688  	87.852643 
3275.431995  	88.109553 
3275.789302  	87.887366 
3276.146608  	87.701660 
3276.503915  	87.803082 
3276.861222  	87.702573 
3277.218529  	87.661976 
3277.575836  	87.675710 
3277.933143  	87.624655 
3278.290450  	87.737700 
3278.647756  	87.708909 
3279.005063  	87.533773 
3279.362370  	87.538861 
3279.719677  	87.554846 
3280.076984  	87.471591 
3280.434291  	87.473139 
3280.791598  	87.621856 
3281.148904  	87.697845 
3281.506211  	87.595992 
3281.863518  	87.459756 
3282.220825  	87.415734 
3282.578132  	87.508574 
3282.935439  	87.568128 
3283.292746  	87.533011 
3283.650053  	87.644758 
3284.007359  	87.900281 
3284.364666  	87.907366 
3284.721973  	87.581702 
3285.079280  	87.479518 
3285.436587  	87.646450 
3285.793894  	87.672337 
3286.151201  	87.716912 
3286.508507  	87.673963 
3286.865814  	87.513259 
3287.223121  	87.722550 
3287.580428  	87.880087 
3287.937735  	87.612716 
3288.295042  	87.412858 
3288.652349  	87.385031 
3289.009655  	87.400547 
3289.366962  	87.384921 
3289.724269  	87.482503 
3290.081576  	87.784074 
3290.438883  	87.808363 
3290.796190  	87.657000 
3291.153497  	87.657876 
3291.510803  	87.604852 
3291.868110  	87.584450 
3292.225417  	87.648424 
3292.582724  	87.781678 
3292.940031  	87.863593 
3293.297338  	87.629792 
3293.654645  	87.446086 
3294.011951  	87.443957 
3294.369258  	87.423288 
3294.726565  	87.473052 
3295.083872  	87.489759 
3295.441179  	87.461460 
3295.798486  	87.415543 
3296.155793  	87.405123 
3296.513100  	87.495242 
3296.870406  	87.459915 
3297.227713  	87.509377 
3297.585020  	87.716332 
3297.942327  	87.682775 
3298.299634  	87.597288 
3298.656941  	87.616412 
3299.014248  	87.668399 
3299.371554  	87.778981 
3299.728861  	87.713834 
3300.086168  	87.626759 
3300.443475  	87.753647 
3300.800782  	87.723468 
3301.158089  	87.637434 
3301.515396  	87.864192 
3301.872702  	87.984564 
3302.230009  	87.753285 
3302.587316  	87.685450 
3302.944623  	87.825904 
3303.301930  	87.770701 
3303.659237  	87.816430 
3304.016544  	88.000344 
3304.373850  	87.778871 
3304.731157  	87.582317 
3305.088464  	87.799946 
3305.445771  	88.006364 
3305.803078  	88.078059 
3306.160385  	88.038996 
3306.517692  	87.990981 
3306.874998  	87.920741 
3307.232305  	87.790329 
3307.589612  	87.822306 
3307.946919  	87.714501 
3308.304226  	87.540065 
3308.661533  	87.694556 
3309.018840  	87.820642 
3309.376147  	87.913113 
3309.733453  	87.972684 
3310.090760  	87.848256 
3310.448067  	87.890283 
3310.805374  	87.933657 
3311.162681  	87.746334 
3311.519988  	87.606436 
3311.877295  	87.509343 
3312.234601  	87.417697 
3312.591908  	87.501127 
3312.949215  	87.706811 
3313.306522  	87.832713 
3313.663829  	87.828151 
3314.021136  	87.855919 
3314.378443  	88.004662 
3314.735749  	87.993176 
3315.093056  	87.885937 
3315.450363  	88.005147 
3315.807670  	88.067288 
3316.164977  	88.060747 
3316.522284  	88.008092 
3316.879591  	87.596972 
3317.236897  	87.403234 
3317.594204  	87.725328 
3317.951511  	87.991822 
3318.308818  	87.966438 
3318.666125  	87.685953 
3319.023432  	87.554005 
3319.380739  	87.806093 
3319.738045  	87.913849 
3320.095352  	87.732954 
3320.452659  	87.781672 
3320.809966  	88.002358 
3321.167273  	87.982926 
3321.524580  	88.082565 
3321.881887  	88.221550 
3322.239194  	87.872135 
3322.596500  	87.647017 
3322.953807  	87.702056 
3323.311114  	87.510786 
3323.668421  	87.388685 
3324.025728  	87.604245 
3324.383035  	87.997259 
3324.740342  	88.127247 
3325.097648  	87.766615 
3325.454955  	87.509274 
3325.812262  	87.563588 
3326.169569  	87.625199 
3326.526876  	87.633746 
3326.884183  	87.647267 
3327.241490  	87.774162 
3327.598796  	87.949381 
3327.956103  	88.048861 
3328.313410  	88.034441 
3328.670717  	87.921208 
3329.028024  	87.880005 
3329.385331  	87.765976 
3329.742638  	87.448737 
3330.099944  	87.435375 
3330.457251  	87.881066 
3330.814558  	88.174502 
3331.171865  	88.034718 
3331.529172  	87.704310 
3331.886479  	87.473481 
3332.243786  	87.563626 
3332.601092  	87.814421 
3332.958399  	87.946239 
3333.315706  	87.826297 
3333.673013  	87.522971 
3334.030320  	87.562180 
3334.387627  	87.826809 
3334.744934  	87.795971 
3335.102240  	87.659464 
3335.459547  	87.540475 
3335.816854  	87.646989 
3336.174161  	87.815946 
3336.531468  	87.609623 
3336.888775  	87.574669 
3337.246082  	87.762066 
3337.603389  	87.851052 
3337.960695  	87.880078 
3338.318002  	87.649948 
3338.675309  	87.502617 
3339.032616  	87.529140 
3339.389923  	87.615084 
3339.747230  	87.915888 
3340.104537  	88.013211 
3340.461843  	87.987213 
3340.819150  	87.961965 
3341.176457  	87.749230 
3341.533764  	87.704019 
3341.891071  	87.708311 
3342.248378  	87.641957 
3342.605685  	87.648293 
3342.962991  	87.617046 
3343.320298  	87.823966 
3343.677605  	88.154459 
3344.034912  	88.129959 
3344.392219  	88.020984 
3344.749526  	87.985149 
3345.106833  	87.754177 
3345.464139  	87.439348 
3345.821446  	87.448961 
3346.178753  	87.884863 
3346.536060  	88.187098 
3346.893367  	88.150036 
3347.250674  	88.199937 
3347.607981  	87.907101 
3347.965287  	87.371355 
3348.322594  	87.424949 
3348.679901  	87.633765 
3349.037208  	87.945191 
3349.394515  	88.408113 
3349.751822  	88.353082 
3350.109129  	88.159741 
3350.466436  	88.023235 
3350.823742  	87.802102 
3351.181049  	87.731346 
3351.538356  	87.667367 
3351.895663  	87.608393 
3352.252970  	87.529309 
3352.610277  	87.514369 
3352.967584  	87.654368 
3353.324890  	87.714010 
3353.682197  	87.808199 
3354.039504  	87.715006 
3354.396811  	87.446197 
3354.754118  	87.685524 
3355.111425  	88.087574 
3355.468732  	87.994525 
3355.826038  	87.719895 
3356.183345  	87.610980 
3356.540652  	87.541898 
3356.897959  	87.557096 
3357.255266  	87.714964 
3357.612573  	87.800643 
3357.969880  	87.794421 
3358.327186  	87.786832 
3358.684493  	87.818486 
3359.041800  	87.846018 
3359.399107  	87.848044 
3359.756414  	87.801826 
3360.113721  	87.683271 
3360.471028  	87.838132 
3360.828334  	87.942476 
3361.185641  	87.531352 
3361.542948  	87.406406 
3361.900255  	87.851578 
3362.257562  	88.193952 
3362.614869  	88.056127 
3362.972176  	87.572699 
3363.329483  	87.402565 
3363.686789  	87.690437 
3364.044096  	87.804414 
3364.401403  	87.653658 
3364.758710  	87.669722 
3365.116017  	87.886728 
3365.473324  	88.036900 
3365.830631  	87.901373 
3366.187937  	87.721854 
3366.545244  	87.818576 
3366.902551  	87.725525 
3367.259858  	87.596215 
3367.617165  	87.786322 
3367.974472  	87.656880 
3368.331779  	87.564015 
3368.689085  	87.777324 
3369.046392  	87.724814 
3369.403699  	87.789917 
3369.761006  	88.004831 
3370.118313  	88.004907 
3370.475620  	87.811231 
3370.832927  	87.515809 
3371.190233  	87.490446 
3371.547540  	87.700350 
3371.904847  	88.002459 
3372.262154  	88.140964 
3372.619461  	87.795758 
3372.976768  	87.675111 
3373.334075  	87.897458 
3373.691381  	87.765936 
3374.048688  	87.633212 
3374.405995  	87.766071 
3374.763302  	87.699225 
3375.120609  	87.541339 
3375.477916  	87.665166 
3375.835223  	87.867455 
3376.192530  	87.761666 
3376.549836  	87.483887 
3376.907143  	87.659916 
3377.264450  	88.128628 
3377.621757  	88.074422 
3377.979064  	87.765475 
3378.336371  	87.707158 
3378.693678  	87.666517 
3379.050984  	87.759880 
3379.408291  	88.014971 
3379.765598  	87.986277 
3380.122905  	87.724223 
3380.480212  	87.485540 
3380.837519  	87.375315 
3381.194826  	87.422211 
3381.552132  	87.455866 
3381.909439  	87.599237 
3382.266746  	87.818128 
3382.624053  	87.773195 
3382.981360  	87.713163 
3383.338667  	87.731535 
3383.695974  	87.703755 
3384.053280  	87.664675 
3384.410587  	87.517908 
3384.767894  	87.458457 
3385.125201  	87.412786 
3385.482508  	87.379685 
3385.839815  	87.702654 
3386.197122  	88.042286 
3386.554428  	87.998298 
3386.911735  	87.598454 
3387.269042  	87.495026 
3387.626349  	87.859364 
3387.983656  	87.794942 
3388.340963  	87.661174 
3388.698270  	87.915873 
3389.055577  	87.839785 
3389.412883  	87.551119 
3389.770190  	87.588035 
3390.127497  	87.661571 
3390.484804  	87.449003 
3390.842111  	87.274417 
3391.199418  	87.204197 
3391.556725  	87.420505 
3391.914031  	87.943713 
3392.271338  	87.889004 
3392.628645  	87.837838 
3392.985952  	87.990126 
3393.343259  	87.516095 
3393.700566  	87.662409 
3394.057873  	88.081673 
3394.415179  	87.571385 
3394.772486  	87.335734 
3395.129793  	87.563585 
3395.487100  	87.651669 
3395.844407  	87.787823 
3396.201714  	87.810945 
3396.559021  	87.708957 
3396.916327  	87.706178 
3397.273634  	87.692509 
3397.630941  	87.660094 
3397.988248  	87.663070 
3398.345555  	87.551649 
3398.702862  	87.539775 
3399.060169  	87.604504 
3399.417475  	87.525937 
3399.774782  	87.679247 
3400.132089  	87.946726 
3400.489396  	88.125594 
3400.846703  	88.162896 
3401.204010  	87.909990 
3401.561317  	87.956166 
3401.918624  	88.132936 
3402.275930  	87.965412 
3402.633237  	87.899815 
3402.990544  	87.953411 
3403.347851  	87.982467 
3403.705158  	87.857508 
3404.062465  	87.523327 
3404.419772  	87.377765 
3404.777078  	87.388488 
3405.134385  	87.418255 
3405.491692  	87.620524 
3405.848999  	87.852733 
3406.206306  	88.025118 
3406.563613  	88.201637 
3406.920920  	88.167772 
3407.278226  	87.955188 
3407.635533  	87.768947 
3407.992840  	87.701192 
3408.350147  	87.792885 
3408.707454  	87.637614 
3409.064761  	87.515109 
3409.422068  	87.715058 
3409.779374  	87.671333 
3410.136681  	87.911342 
3410.493988  	88.305522 
3410.851295  	87.985747 
3411.208602  	87.692897 
3411.565909  	87.761222 
3411.923216  	87.795934 
3412.280522  	87.750451 
3412.637829  	87.703319 
3412.995136  	87.586663 
3413.352443  	87.462493 
3413.709750  	87.865928 
3414.067057  	88.168378 
3414.424364  	87.886320 
3414.781671  	87.913836 
3415.138977  	88.210521 
3415.496284  	88.310212 
3415.853591  	88.197521 
3416.210898  	88.129914 
3416.568205  	88.075902 
3416.925512  	87.713817 
3417.282819  	87.602646 
3417.640125  	87.765881 
3417.997432  	87.893287 
3418.354739  	88.212380 
3418.712046  	88.177181 
3419.069353  	87.777696 
3419.426660  	87.880706 
3419.783967  	88.270143 
3420.141273  	88.077341 
3420.498580  	87.606053 
3420.855887  	87.585902 
3421.213194  	87.829647 
3421.570501  	88.164878 
3421.927808  	88.227314 
3422.285115  	87.848831 
3422.642421  	87.519050 
3422.999728  	87.379267 
3423.357035  	87.691683 
3423.714342  	87.963312 
3424.071649  	87.706448 
3424.428956  	87.902505 
3424.786263  	88.186150 
3425.143569  	87.744885 
3425.500876  	87.577351 
3425.858183  	87.844038 
3426.215490  	87.635443 
3426.572797  	87.429595 
3426.930104  	87.788477 
3427.287411  	87.862467 
3427.644717  	87.514711 
3428.002024  	87.482050 
3428.359331  	87.676041 
3428.716638  	87.751877 
3429.073945  	87.750143 
3429.431252  	87.801053 
3429.788559  	87.829035 
3430.145866  	87.766606 
3430.503172  	87.757594 
3430.860479  	87.818618 
3431.217786  	87.793940 
3431.575093  	87.622834 
3431.932400  	87.524732 
3432.289707  	87.542152 
3432.647014  	87.536717 
3433.004320  	87.531432 
3433.361627  	87.543846 
3433.718934  	87.624964 
3434.076241  	87.657544 
3434.433548  	87.681479 
3434.790855  	87.713789 
3435.148162  	87.652570 
3435.505468  	87.948389 
3435.862775  	88.278598 
3436.220082  	88.170127 
3436.577389  	87.996920 
3436.934696  	87.717768 
3437.292003  	87.732343 
3437.649310  	87.926654 
3438.006616  	87.557288 
3438.363923  	87.573937 
3438.721230  	88.098550 
3439.078537  	87.879946 
3439.435844  	87.388149 
3439.793151  	87.382974 
3440.150458  	87.582825 
3440.507764  	87.863149 
3440.865071  	87.925527 
3441.222378  	87.694143 
3441.579685  	87.664529 
3441.936992  	87.726981 
3442.294299  	87.871710 
3442.651606  	88.009517 
3443.008913  	87.655458 
3443.366219  	87.551781 
3443.723526  	87.981720 
3444.080833  	88.196974 
3444.438140  	88.133844 
3444.795447  	87.863613 
3445.152754  	87.634384 
3445.510061  	87.775289 
3445.867367  	88.115756 
3446.224674  	88.382314 
3446.581981  	88.369791 
3446.939288  	88.159952 
3447.296595  	87.893364 
3447.653902  	87.493708 
3448.011209  	87.260006 
3448.368515  	87.606153 
3448.725822  	87.985779 
3449.083129  	87.874347 
3449.440436  	87.761179 
3449.797743  	87.678934 
3450.155050  	87.531393 
3450.512357  	87.682417 
3450.869663  	87.824305 
3451.226970  	87.836391 
3451.584277  	87.874097 
3451.941584  	87.823779 
3452.298891  	87.746954 
3452.656198  	87.638928 
3453.013505  	87.506066 
3453.370811  	87.398376 
3453.728118  	87.383685 
3454.085425  	87.416837 
3454.442732  	87.511470 
3454.800039  	87.879434 
3455.157346  	88.059053 
3455.514653  	87.859418 
3455.871960  	87.741488 
3456.229266  	87.636432 
3456.586573  	87.517867 
3456.943880  	87.554434 
3457.301187  	87.769115 
3457.658494  	87.928206 
3458.015801  	87.720334 
3458.373108  	87.457181 
3458.730414  	87.399268 
3459.087721  	87.496176 
3459.445028  	87.776851 
3459.802335  	88.007068 
3460.159642  	88.145810 
3460.516949  	88.221968 
3460.874256  	88.081542 
3461.231562  	88.070170 
3461.588869  	88.056287 
3461.946176  	87.654539 
3462.303483  	87.596588 
3462.660790  	87.788320 
3463.018097  	87.553242 
3463.375404  	87.432363 
3463.732710  	87.665235 
3464.090017  	88.105205 
3464.447324  	88.235917 
3464.804631  	87.507675 
3465.161938  	87.046987 
3465.519245  	87.556065 
3465.876552  	88.148248 
3466.233858  	88.072547 
3466.591165  	87.607912 
3466.948472  	87.494823 
3467.305779  	87.579247 
3467.663086  	87.632486 
3468.020393  	87.796768 
3468.377700  	87.718637 
3468.735007  	87.391977 
3469.092313  	87.362150 
3469.449620  	87.694958 
3469.806927  	87.726796 
3470.164234  	87.403784 
3470.521541  	87.382750 
3470.878848  	87.676601 
3471.236155  	87.999157 
3471.593461  	88.090593 
3471.950768  	87.953469 
3472.308075  	87.815266 
3472.665382  	87.674802 
3473.022689  	87.642718 
3473.379996  	87.713599 
3473.737303  	87.850998 
3474.094609  	87.978180 
3474.451916  	87.975099 
3474.809223  	87.889065 
3475.166530  	87.644328 
3475.523837  	87.564332 
3475.881144  	87.689390 
3476.238451  	87.719893 
3476.595757  	87.781654 
3476.953064  	87.841141 
3477.310371  	88.047562 
3477.667678  	88.052883 
3478.024985  	87.570621 
3478.382292  	87.452231 
3478.739599  	87.768266 
3479.096905  	87.966237 
3479.454212  	87.852652 
3479.811519  	87.768436 
3480.168826  	88.060116 
3480.526133  	88.087862 
3480.883440  	87.806586 
3481.240747  	87.829893 
3481.598054  	88.069398 
3481.955360  	88.142666 
3482.312667  	87.958540 
3482.669974  	87.774930 
3483.027281  	87.614613 
3483.384588  	87.649236 
3483.741895  	87.804679 
3484.099202  	87.726757 
3484.456508  	87.847693 
3484.813815  	88.006067 
3485.171122  	87.863886 
3485.528429  	87.858617 
3485.885736  	87.775228 
3486.243043  	87.395062 
3486.600350  	87.299180 
3486.957656  	87.684755 
3487.314963  	87.696717 
3487.672270  	87.281784 
3488.029577  	87.503099 
3488.386884  	87.917182 
3488.744191  	87.803438 
3489.101498  	87.738669 
3489.458804  	87.925926 
3489.816111  	88.191048 
3490.173418  	88.312223 
3490.530725  	87.998383 
3490.888032  	87.577628 
3491.245339  	87.696125 
3491.602646  	88.020158 
3491.959952  	87.822905 
3492.317259  	87.505009 
3492.674566  	87.513679 
3493.031873  	87.609697 
3493.389180  	87.644323 
3493.746487  	87.663431 
3494.103794  	87.654850 
3494.461101  	87.485029 
3494.818407  	87.419407 
3495.175714  	87.690228 
3495.533021  	87.816870 
3495.890328  	87.718910 
3496.247635  	87.755367 
3496.604942  	87.652748 
3496.962249  	87.228569 
3497.319555  	87.141394 
3497.676862  	87.663592 
3498.034169  	87.954375 
3498.391476  	87.750371 
3498.748783  	87.789073 
3499.106090  	87.940389 
3499.463397  	87.774540 
3499.820703  	87.811874 
3500.178010  	87.867455 
3500.535317  	87.567340 
3500.892624  	87.752024 
3501.249931  	88.244769 
3501.607238  	87.902922 
3501.964545  	87.465109 
3502.321851  	88.012347 
3502.679158  	88.368719 
3503.036465  	87.965360 
3503.393772  	87.676297 
3503.751079  	87.263143 
3504.108386  	87.082180 
3504.465693  	87.478334 
3504.822999  	87.485738 
3505.180306  	87.352244 
3505.537613  	87.456321 
3505.894920  	87.583260 
3506.252227  	87.751242 
3506.609534  	87.692059 
3506.966841  	87.707704 
3507.324147  	87.852861 
3507.681454  	87.665040 
3508.038761  	87.558466 
3508.396068  	87.810169 
3508.753375  	87.950996 
3509.110682  	87.819025 
3509.467989  	87.735676 
3509.825296  	87.422575 
3510.182602  	87.090287 
3510.539909  	87.514884 
3510.897216  	87.777621 
3511.254523  	87.494187 
3511.611830  	87.465611 
3511.969137  	87.643265 
3512.326444  	87.664144 
3512.683750  	87.524720 
3513.041057  	87.670638 
3513.398364  	87.883658 
3513.755671  	87.646759 
3514.112978  	87.586073 
3514.470285  	87.697444 
3514.827592  	87.750380 
3515.184898  	87.995394 
3515.542205  	88.141444 
3515.899512  	88.170107 
3516.256819  	87.978717 
3516.614126  	87.714253 
3516.971433  	87.891137 
3517.328740  	87.924558 
3517.686046  	87.670588 
3518.043353  	87.644796 
3518.400660  	87.592063 
3518.757967  	87.408042 
3519.115274  	87.230680 
3519.472581  	87.233869 
3519.829888  	87.576212 
3520.187194  	87.925489 
3520.544501  	88.085270 
3520.901808  	88.007695 
3521.259115  	87.836588 
3521.616422  	87.866112 
3521.973729  	87.874532 
3522.331036  	87.925584 
3522.688343  	88.156229 
3523.045649  	88.111372 
3523.402956  	87.621061 
3523.760263  	87.280612 
3524.117570  	87.707707 
3524.474877  	87.891885 
3524.832184  	87.354399 
3525.189491  	87.341182 
3525.546797  	87.510325 
3525.904104  	87.347572 
3526.261411  	87.492099 
3526.618718  	87.905993 
3526.976025  	88.149878 
3527.333332  	87.698258 
3527.690639  	87.248402 
3528.047945  	87.583278 
3528.405252  	87.845313 
3528.762559  	87.896031 
3529.119866  	87.757124 
3529.477173  	87.371495 
3529.834480  	87.213089 
3530.191787  	87.374197 
3530.549093  	87.779906 
3530.906400  	87.949792 
3531.263707  	87.824442 
3531.621014  	87.762009 
3531.978321  	87.579793 
3532.335628  	87.538401 
3532.692935  	87.640533 
3533.050241  	87.586002 
3533.407548  	87.619786 
3533.764855  	87.778048 
3534.122162  	87.722848 
3534.479469  	87.463002 
3534.836776  	87.455945 
3535.194083  	87.517166 
3535.551390  	87.500476 
3535.908696  	87.838454 
3536.266003  	87.976216 
3536.623310  	87.470422 
3536.980617  	87.087981 
3537.337924  	87.258050 
3537.695231  	87.495888 
3538.052538  	87.509713 
3538.409844  	87.605548 
3538.767151  	87.682991 
3539.124458  	87.649928 
3539.481765  	87.779275 
3539.839072  	87.694865 
3540.196379  	87.294442 
3540.553686  	87.112415 
3540.910992  	87.239643 
3541.268299  	87.405928 
3541.625606  	87.435437 
3541.982913  	87.421627 
3542.340220  	87.633474 
3542.697527  	88.032221 
3543.054834  	88.088541 
3543.412140  	87.855617 
3543.769447  	87.933910 
3544.126754  	87.977790 
3544.484061  	87.919164 
3544.841368  	88.377776 
3545.198675  	88.453768 
3545.555982  	87.578563 
3545.913288  	87.127822 
3546.270595  	87.382647 
3546.627902  	87.764581 
3546.985209  	87.905170 
3547.342516  	87.217125 
3547.699823  	86.605608 
3548.057130  	86.954922 
3548.414437  	87.389852 
3548.771743  	87.635500 
3549.129050  	87.851068 
3549.486357  	87.855270 
3549.843664  	87.578800 
3550.200971  	87.400095 
3550.558278  	87.534741 
3550.915585  	87.777094 
3551.272891  	88.050094 
3551.630198  	88.059294 
3551.987505  	87.886237 
3552.344812  	87.764666 
3552.702119  	87.351377 
3553.059426  	87.131250 
3553.416733  	87.279602 
3553.774039  	87.268701 
3554.131346  	87.108619 
3554.488653  	86.895928 
3554.845960  	86.903646 
3555.203267  	87.190096 
3555.560574  	87.495021 
3555.917881  	87.742686 
3556.275187  	87.883070 
3556.632494  	87.976165 
3556.989801  	88.037544 
3557.347108  	87.825042 
3557.704415  	87.414254 
3558.061722  	87.532864 
3558.419029  	87.913354 
3558.776335  	87.803503 
3559.133642  	87.794579 
3559.490949  	87.892709 
3559.848256  	87.812107 
3560.205563  	87.655560 
3560.562870  	86.895051 
3560.920177  	86.712998 
3561.277484  	87.663979 
3561.634790  	88.046988 
3561.992097  	87.837977 
3562.349404  	87.756928 
3562.706711  	87.658927 
3563.064018  	87.556194 
3563.421325  	87.638451 
3563.778632  	87.593786 
3564.135938  	87.285078 
3564.493245  	87.529548 
3564.850552  	88.275181 
3565.207859  	88.896364 
3565.565166  	89.344191 
3565.922473  	89.033937 
3566.279780  	87.878086 
3566.637086  	86.969889 
3566.994393  	86.649939 
3567.351700  	86.963634 
3567.709007  	87.823747 
3568.066314  	87.948752 
3568.423621  	86.158043 
3568.780928  	84.175652 
3569.138234  	85.223762 
3569.495541  	87.314551 
3569.852848  	87.872220 
3570.210155  	87.819302 
3570.567462  	87.997436 
3570.924769  	87.421982 
3571.282076  	87.037666 
3571.639382  	87.508216 
3571.996689  	87.586369 
3572.353996  	87.269853 
3572.711303  	87.367734 
3573.068610  	87.795763 
3573.425917  	87.912879 
3573.783224  	87.954477 
3574.140531  	88.050479 
3574.497837  	87.707216 
3574.855144  	87.315966 
3575.212451  	87.023200 
3575.569758  	87.031723 
3575.927065  	87.456322 
3576.284372  	87.612007 
3576.641679  	87.719854 
3576.998985  	87.807118 
3577.356292  	87.491802 
3577.713599  	87.139856 
3578.070906  	87.272499 
3578.428213  	87.853026 
3578.785520  	88.059847 
3579.142827  	87.990462 
3579.500133  	87.840051 
3579.857440  	87.418793 
3580.214747  	87.285700 
3580.572054  	87.163622 
3580.929361  	87.373776 
3581.286668  	87.963738 
3581.643975  	87.821900 
3582.001281  	87.659302 
3582.358588  	87.948252 
3582.715895  	88.144967 
3583.073202  	88.126831 
3583.430509  	87.766797 
3583.787816  	87.419871 
3584.145123  	87.472460 
3584.502429  	87.909570 
3584.859736  	88.065946 
3585.217043  	88.007738 
3585.574350  	88.424524 
3585.931657  	88.901974 
3586.288964  	89.588861 
3586.646271  	89.367425 
3587.003577  	86.965045 
3587.360884  	86.164177 
3587.718191  	87.434565 
3588.075498  	88.090164 
3588.432805  	88.168218 
3588.790112  	87.085902 
3589.147419  	85.014449 
3589.504726  	84.742917 
3589.862032  	86.528176 
3590.219339  	87.639450 
3590.576646  	87.461463 
3590.933953  	87.134975 
3591.291260  	86.980497 
3591.648567  	87.170961 
3592.005874  	87.553975 
3592.363180  	87.822825 
3592.720487  	88.327769 
3593.077794  	88.339930 
3593.435101  	87.479619 
3593.792408  	86.997528 
3594.149715  	87.346533 
3594.507022  	87.660269 
3594.864328  	87.834719 
3595.221635  	88.262227 
3595.578942  	87.657683 
3595.936249  	86.190414 
3596.293556  	86.359910 
3596.650863  	87.177417 
3597.008170  	87.414250 
3597.365476  	87.649392 
3597.722783  	88.046066 
3598.080090  	88.283858 
3598.437397  	87.991541 
3598.794704  	87.651951 
3599.152011  	87.501115 
3599.509318  	87.280524 
3599.866624  	87.524391 
3600.223931  	87.952062 
3600.581238  	87.929856 
3600.938545  	87.666565 
3601.295852  	87.266882 
3601.653159  	87.137258 
3602.010466  	87.403700 
3602.367773  	87.516991 
3602.725079  	87.538093 
3603.082386  	87.570826 
3603.439693  	87.328319 
3603.797000  	87.100446 
3604.154307  	87.307560 
3604.511614  	87.509945 
3604.868921  	87.659113 
3605.226227  	87.798164 
3605.583534  	87.626783 
3605.940841  	87.951768 
3606.298148  	88.678012 
3606.655455  	88.763235 
3607.012762  	88.528416 
3607.370069  	87.570531 
3607.727375  	86.427031 
3608.084682  	87.370576 
3608.441989  	89.075781 
3608.799296  	89.798575 
3609.156603  	89.377493 
3609.513910  	87.624897 
3609.871217  	85.531689 
3610.228523  	85.669455 
3610.585830  	87.089425 
3610.943137  	87.778833 
3611.300444  	87.871178 
3611.657751  	88.384810 
3612.015058  	89.031996 
3612.372365  	88.846339 
3612.729671  	87.453654 
3613.086978  	86.012640 
3613.444285  	86.228611 
3613.801592  	87.158653 
3614.158899  	87.937994 
3614.516206  	88.366262 
3614.873513  	87.414862 
3615.230820  	86.123276 
3615.588126  	86.437156 
3615.945433  	87.135549 
3616.302740  	87.513580 
3616.660047  	88.038596 
3617.017354  	88.423518 
3617.374661  	88.497480 
3617.731968  	88.104682 
3618.089274  	87.030281 
3618.446581  	86.509511 
3618.803888  	87.573723 
3619.161195  	88.936916 
3619.518502  	88.999968 
3619.875809  	87.181540 
3620.233116  	84.928164 
3620.590422  	84.948359 
3620.947729  	86.590868 
3621.305036  	87.520438 
3621.662343  	87.131968 
3622.019650  	86.909323 
3622.376957  	87.583037 
3622.734264  	87.906356 
3623.091570  	87.608373 
3623.448877  	87.624460 
3623.806184  	87.715795 
3624.163491  	87.553492 
3624.520798  	87.519114 
3624.878105  	87.764465 
3625.235412  	88.216623 
3625.592718  	88.381826 
3625.950025  	88.328924 
3626.307332  	88.099371 
3626.664639  	87.494184 
3627.021946  	87.670346 
3627.379253  	88.622520 
3627.736560  	89.628179 
3628.093867  	90.770144 
3628.451173  	90.220010 
3628.808480  	86.961733 
3629.165787  	85.522544 
3629.523094  	86.879018 
3629.880401  	85.867909 
3630.237708  	83.537596 
3630.595015  	84.284839 
3630.952321  	86.001258 
3631.309628  	86.986814 
3631.666935  	87.739273 
3632.024242  	87.899195 
3632.381549  	87.755711 
3632.738856  	88.078507 
3633.096163  	88.478859 
3633.453469  	88.479637 
3633.810776  	87.791030 
3634.168083  	86.468588 
3634.525390  	85.637544 
3634.882697  	86.249727 
3635.240004  	87.317467 
3635.597311  	87.726490 
3635.954617  	87.660390 
3636.311924  	87.675060 
3636.669231  	87.788847 
3637.026538  	87.872683 
3637.383845  	87.892402 
3637.741152  	87.990800 
3638.098459  	88.096521 
3638.455765  	87.789318 
3638.813072  	87.189015 
3639.170379  	87.037912 
3639.527686  	87.369919 
3639.884993  	87.691693 
3640.242300  	87.840164 
3640.599607  	87.713709 
3640.956914  	87.708162 
3641.314220  	88.122419 
3641.671527  	88.170827 
3642.028834  	87.763946 
3642.386141  	87.521265 
3642.743448  	87.440726 
3643.100755  	87.461138 
3643.458062  	87.517228 
3643.815368  	87.598677 
3644.172675  	87.542235 
3644.529982  	87.407394 
3644.887289  	87.891663 
3645.244596  	88.573013 
3645.601903  	88.695601 
3645.959210  	88.882458 
3646.316516  	89.437971 
3646.673823  	89.641561 
3647.031130  	88.579457 
3647.388437  	86.430228 
3647.745744  	84.752472 
3648.103051  	84.834394 
3648.460358  	87.089268 
3648.817664  	89.455012 
3649.174971  	89.691415 
3649.532278  	87.329589 
3649.889585  	85.041733 
3650.246892  	86.592538 
3650.604199  	88.715410 
3650.961506  	87.821407 
3651.318812  	85.418059 
3651.676119  	84.453364 
3652.033426  	84.503178 
3652.390733  	85.399494 
3652.748040  	86.552105 
3653.105347  	87.259450 
3653.462654  	87.628819 
3653.819961  	87.712286 
3654.177267  	87.583488 
3654.534574  	87.624219 
3654.891881  	88.031326 
3655.249188  	88.802656 
3655.606495  	89.480238 
3655.963802  	89.444060 
3656.321109  	88.556867 
3656.678415  	86.025478 
3657.035722  	83.862322 
3657.393029  	85.001933 
3657.750336  	86.615438 
3658.107643  	87.158056 
3658.464950  	87.358390 
3658.822257  	87.479401 
3659.179563  	87.564618 
3659.536870  	87.549073 
3659.894177  	87.340116 
3660.251484  	87.264187 
3660.608791  	87.486119 
3660.966098  	87.855687 
3661.323405  	87.863053 
3661.680711  	87.569863 
3662.038018  	87.447595 
3662.395325  	87.352049 
3662.752632  	87.345323 
3663.109939  	87.510701 
3663.467246  	87.578876 
3663.824553  	87.388125 
3664.181859  	87.104789 
3664.539166  	87.313187 
3664.896473  	87.768544 
3665.253780  	87.804696 
3665.611087  	87.772719 
3665.968394  	87.726585 
3666.325701  	87.398319 
3666.683008  	87.327768 
3667.040314  	87.604232 
3667.397621  	88.054175 
3667.754928  	88.938688 
3668.112235  	89.477296 
3668.469542  	89.150987 
3668.826849  	88.492189 
3669.184156  	86.841975 
3669.541462  	86.159977 
3669.898769  	88.321076 
3670.256076  	89.720040 
3670.613383  	88.736026 
3670.970690  	86.073772 
3671.327997  	83.273856 
3671.685304  	84.009611 
3672.042610  	86.231202 
3672.399917  	87.301012 
3672.757224  	87.596897 
3673.114531  	87.864359 
3673.471838  	88.409699 
3673.829145  	89.190877 
3674.186452  	89.765271 
3674.543758  	90.256916 
3674.901065  	90.513262 
3675.258372  	89.062323 
3675.615679  	86.400692 
3675.972986  	84.473410 
3676.330293  	82.320267 
3676.687600  	81.584912 
3677.044906  	84.215601 
3677.402213  	86.713292 
3677.759520  	87.149397 
3678.116827  	87.043794 
3678.474134  	87.608637 
3678.831441  	88.088963 
3679.188748  	88.330397 
3679.546054  	87.968282 
3679.903361  	86.272994 
3680.260668  	85.585288 
3680.617975  	86.932618 
3680.975282  	87.721943 
3681.332589  	87.443369 
3681.689896  	87.422871 
3682.047203  	87.792261 
3682.404509  	87.822425 
3682.761816  	87.413889 
3683.119123  	87.194096 
3683.476430  	87.462476 
3683.833737  	87.795896 
3684.191044  	87.844033 
3684.548351  	87.705419 
3684.905657  	87.365103 
3685.262964  	86.978378 
3685.620271  	87.195620 
3685.977578  	87.655911 
3686.334885  	87.726769 
3686.692192  	87.923790 
3687.049499  	88.519894 
3687.406805  	89.376856 
3687.764112  	90.211943 
3688.121419  	90.036199 
3688.478726  	87.698321 
3688.836033  	83.703667 
3689.193340  	83.012935 
3689.550647  	85.732312 
3689.907953  	87.795333 
3690.265260  	89.065046 
3690.622567  	89.609950 
3690.979874  	88.895875 
3691.337181  	87.544196 
3691.694488  	85.905844 
3692.051795  	85.274348 
3692.409101  	86.411356 
3692.766408  	87.243529 
3693.123715  	87.232219 
3693.481022  	87.311854 
3693.838329  	87.484027 
3694.195636  	87.288721 
3694.552943  	87.089500 
3694.910250  	87.204305 
3695.267556  	87.354132 
3695.624863  	87.520564 
3695.982170  	87.823621 
3696.339477  	87.878547 
3696.696784  	87.369258 
3697.054091  	86.887383 
3697.411398  	87.199232 
3697.768704  	87.774002 
3698.126011  	87.746508 
3698.483318  	87.407429 
3698.840625  	87.338732 
3699.197932  	87.481232 
3699.555239  	87.433076 
3699.912546  	87.215961 
3700.269852  	87.546396 
3700.627159  	88.356675 
3700.984466  	88.843750 
3701.341773  	89.046705 
3701.699080  	88.721809 
3702.056387  	87.019697 
3702.413694  	85.323546 
3702.771000  	85.856815 
3703.128307  	87.106218 
3703.485614  	87.295032 
3703.842921  	87.053369 
3704.200228  	87.287739 
3704.557535  	87.525077 
3704.914842  	87.674704 
3705.272148  	87.809445 
3705.629455  	87.616475 
3705.986762  	87.377251 
3706.344069  	87.428879 
3706.701376  	87.606074 
3707.058683  	87.657416 
3707.415990  	87.729170 
3707.773297  	88.102453 
3708.130603  	88.758595 
3708.487910  	89.243905 
3708.845217  	89.088218 
3709.202524  	88.730918 
3709.559831  	87.821166 
3709.917138  	85.886165 
3710.274445  	85.646857 
3710.631751  	87.397540 
3710.989058  	88.900692 
3711.346365  	89.137553 
3711.703672  	88.546855 
3712.060979  	88.003875 
3712.418286  	85.428019 
3712.775593  	82.419562 
3713.132899  	83.588065 
3713.490206  	85.658516 
3713.847513  	86.835683 
3714.204820  	87.436418 
3714.562127  	87.272478 
3714.919434  	86.805930 
3715.276741  	86.438936 
3715.634047  	86.446283 
3715.991354  	86.976339 
3716.348661  	87.350187 
3716.705968  	87.287069 
3717.063275  	87.263293 
3717.420582  	87.412860 
3717.777889  	87.624811 
3718.135195  	88.012535 
3718.492502  	88.230690 
3718.849809  	87.877876 
3719.207116  	87.031079 
3719.564423  	86.202147 
3719.921730  	86.332425 
3720.279037  	87.072186 
3720.636344  	87.603243 
3720.993650  	87.785204 
3721.350957  	87.905047 
3721.708264  	88.566313 
3722.065571  	88.820476 
3722.422878  	87.150314 
3722.780185  	85.157261 
3723.137492  	85.068097 
3723.494798  	86.105918 
3723.852105  	87.004757 
3724.209412  	87.469325 
3724.566719  	87.705888 
3724.924026  	87.566713 
3725.281333  	87.289547 
3725.638640  	87.569693 
3725.995946  	87.852040 
3726.353253  	87.697164 
3726.710560  	87.026463 
3727.067867  	85.682015 
3727.425174  	85.381213 
3727.782481  	86.194761 
3728.139788  	86.288675 
3728.497094  	86.292242 
3728.854401  	86.832963 
3729.211708  	87.167842 
3729.569015  	87.214659 
3729.926322  	87.230724 
3730.283629  	87.277846 
3730.640936  	87.575995 
3730.998242  	88.359447 
3731.355549  	89.138720 
3731.712856  	89.302833 
3732.070163  	88.720262 
3732.427470  	86.419001 
3732.784777  	84.037075 
3733.142084  	85.197829 
3733.499391  	87.562463 
3733.856697  	88.754645 
3734.214004  	89.092943 
3734.571311  	89.284251 
3734.928618  	87.760782 
3735.285925  	84.896453 
3735.643232  	84.857369 
3736.000539  	85.783208 
3736.357845  	86.599068 
3736.715152  	87.670513 
3737.072459  	87.011693 
3737.429766  	85.507331 
3737.787073  	85.826316 
3738.144380  	86.690214 
3738.501687  	86.498601 
3738.858993  	85.644357 
3739.216300  	85.530221 
3739.573607  	85.985320 
3739.930914  	86.448556 
3740.288221  	86.987262 
3740.645528  	87.301096 
3741.002835  	87.207910 
3741.360141  	86.644027 
3741.717448  	85.807738 
3742.074755  	85.612855 
3742.432062  	86.536728 
3742.789369  	87.942314 
3743.146676  	88.971863 
3743.503983  	89.612328 
3743.861289  	90.407277 
3744.218596  	90.080971 
3744.575903  	85.559737 
3744.933210  	79.377146 
3745.290517  	78.850283 
3745.647824  	81.197503 
3746.005131  	83.970017 
3746.362438  	85.875954 
3746.719744  	86.865844 
3747.077051  	87.318714 
3747.434358  	87.579585 
3747.791665  	87.593461 
3748.148972  	87.826367 
3748.506279  	89.046739 
3748.863586  	90.012353 
3749.220892  	89.187600 
3749.578199  	85.942904 
3749.935506  	81.907170 
3750.292813  	82.707595 
3750.650120  	86.147253 
3751.007427  	88.536991 
3751.364734  	89.475750 
3751.722040  	89.495236 
3752.079347  	88.999564 
3752.436654  	86.358483 
3752.793961  	82.606399 
3753.151268  	82.995240 
3753.508575  	85.380491 
3753.865882  	86.659671 
3754.223188  	86.710824 
3754.580495  	86.637416 
3754.937802  	86.998787 
3755.295109  	87.728496 
3755.652416  	88.247957 
3756.009723  	88.080124 
3756.367030  	88.107405 
3756.724336  	87.552887 
3757.081643  	86.055975 
3757.438950  	86.059516 
3757.796257  	86.839240 
3758.153564  	87.391421 
3758.510871  	88.386114 
3758.868178  	89.297419 
3759.225484  	89.200575 
3759.582791  	87.790707 
3759.940098  	86.097178 
3760.297405  	84.833171 
3760.654712  	84.767214 
3761.012019  	86.350516 
3761.369326  	87.353129 
3761.726633  	87.190044 
3762.083939  	87.131098 
3762.441246  	87.392781 
3762.798553  	87.448918 
3763.155860  	87.458798 
3763.513167  	87.814561 
3763.870474  	87.892673 
3764.227781  	87.874483 
3764.585087  	88.512406 
3764.942394  	88.858507 
3765.299701  	88.625665 
3765.657008  	88.171437 
3766.014315  	86.916066 
3766.371622  	85.446165 
3766.728929  	85.382072 
3767.086235  	86.425813 
3767.443542  	87.143160 
3767.800849  	87.257085 
3768.158156  	87.532277 
3768.515463  	88.030772 
3768.872770  	88.490049 
3769.230077  	88.796184 
3769.587383  	88.858191 
3769.944690  	88.164359 
3770.301997  	85.983567 
3770.659304  	84.725109 
3771.016611  	86.052722 
3771.373918  	87.281284 
3771.731225  	87.335305 
3772.088531  	87.268459 
3772.445838  	87.703016 
3772.803145  	87.873525 
3773.160452  	87.580777 
3773.517759  	87.594232 
3773.875066  	87.721448 
3774.232373  	87.601613 
3774.589680  	87.635375 
3774.946986  	87.557136 
3775.304293  	87.338990 
3775.661600  	87.495949 
3776.018907  	87.609978 
3776.376214  	87.454174 
3776.733521  	87.547531 
3777.090828  	87.911641 
3777.448134  	88.019810 
3777.805441  	88.027650 
3778.162748  	88.577305 
3778.520055  	89.090595 
3778.877362  	89.059298 
3779.234669  	88.989281 
3779.591976  	88.230472 
3779.949282  	86.143233 
3780.306589  	84.927704 
3780.663896  	85.933753 
3781.021203  	87.149084 
3781.378510  	87.611788 
3781.735817  	87.785380 
3782.093124  	87.755908 
3782.450430  	87.771694 
3782.807737  	87.903155 
3783.165044  	87.892248 
3783.522351  	87.923307 
3783.879658  	87.862408 
3784.236965  	87.900589 
3784.594272  	87.969117 
3784.951578  	87.403894 
3785.308885  	86.803085 
3785.666192  	86.829942 
3786.023499  	87.200157 
3786.380806  	87.336935 
3786.738113  	87.121529 
3787.095420  	87.137346 
3787.452727  	87.362174 
3787.810033  	87.486968 
3788.167340  	87.518957 
3788.524647  	87.547762 
3788.881954  	87.511862 
3789.239261  	87.428723 
3789.596568  	87.658452 
3789.953875  	87.785218 
3790.311181  	87.594352 
3790.668488  	87.618892 
3791.025795  	87.587856 
3791.383102  	87.351713 
3791.740409  	87.223543 
3792.097716  	87.242754 
3792.455023  	87.314978 
3792.812329  	87.236182 
3793.169636  	87.074674 
3793.526943  	87.181549 
3793.884250  	87.417612 
3794.241557  	87.398585 
3794.598864  	87.464397 
3794.956171  	87.729440 
3795.313477  	88.018722 
3795.670784  	88.497901 
3796.028091  	88.611572 
3796.385398  	88.126208 
3796.742705  	86.729789 
3797.100012  	84.902541 
3797.457319  	85.563122 
3797.814625  	86.924856 
3798.171932  	86.716590 
3798.529239  	86.452973 
3798.886546  	86.908585 
3799.243853  	87.298410 
3799.601160  	87.372997 
3799.958467  	87.662448 
3800.315774  	88.548283 
3800.673080  	89.215135 
3801.030387  	89.264263 
3801.387694  	88.691509 
3801.745001  	86.324487 
3802.102308  	83.628593 
3802.459615  	84.421139 
3802.816922  	86.229785 
3803.174228  	86.205531 
3803.531535  	85.516368 
3803.888842  	85.739008 
3804.246149  	86.462453 
3804.603456  	87.123907 
3804.960763  	87.244570 
3805.318070  	87.294221 
3805.675376  	87.859275 
3806.032683  	88.523113 
3806.389990  	89.187802 
3806.747297  	88.998293 
3807.104604  	86.607846 
3807.461911  	83.572871 
3807.819218  	83.314877 
3808.176524  	85.171060 
3808.533831  	86.524336 
3808.891138  	86.965694 
3809.248445  	87.070830 
3809.605752  	87.179988 
3809.963059  	87.184725 
3810.320366  	87.086348 
3810.677672  	87.048425 
3811.034979  	87.142996 
3811.392286  	87.365232 
3811.749593  	87.445091 
3812.106900  	87.293513 
3812.464207  	87.255236 
3812.821514  	87.400674 
3813.178821  	87.562778 
3813.536127  	87.725063 
3813.893434  	87.806932 
3814.250741  	87.692689 
3814.608048  	87.853097 
3814.965355  	88.738546 
3815.322662  	89.851909 
3815.679969  	90.384396 
3816.037275  	89.073087 
3816.394582  	85.094254 
3816.751889  	82.361818 
3817.109196  	83.889145 
3817.466503  	86.092646 
3817.823810  	86.958517 
3818.181117  	87.245606 
3818.538423  	87.708776 
3818.895730  	87.940134 
3819.253037  	88.032486 
3819.610344  	88.461647 
3819.967651  	88.755987 
3820.324958  	88.840176 
3820.682265  	89.509647 
3821.039571  	89.118769 
3821.396878  	86.621792 
3821.754185  	85.620036 
3822.111492  	84.837369 
3822.468799  	84.122967 
3822.826106  	85.734593 
3823.183413  	87.132965 
3823.540719  	87.070322 
3823.898026  	86.745876 
3824.255333  	86.964782 
3824.612640  	87.375362 
3824.969947  	87.659024 
3825.327254  	88.176588 
3825.684561  	88.472067 
3826.041868  	88.362462 
3826.399174  	88.291941 
3826.756481  	87.819242 
3827.113788  	86.724782 
3827.471095  	85.592324 
3827.828402  	85.791421 
3828.185709  	86.792388 
3828.543016  	87.095325 
3828.900322  	87.223785 
3829.257629  	87.640825 
3829.614936  	87.949499 
3829.972243  	88.150544 
3830.329550  	88.319973 
3830.686857  	88.563570 
3831.044164  	88.666951 
3831.401470  	88.630705 
3831.758777  	87.898198 
3832.116084  	85.871128 
3832.473391  	84.920669 
3832.830698  	86.039849 
3833.188005  	87.250026 
3833.545312  	87.804484 
3833.902618  	88.243831 
3834.259925  	88.885447 
3834.617232  	89.138330 
3834.974539  	88.582653 
3835.331846  	86.689888 
3835.689153  	85.027815 
3836.046460  	86.044922 
3836.403766  	87.799857 
3836.761073  	89.186147 
3837.118380  	90.487679 
3837.475687  	90.981068 
3837.832994  	89.709546 
3838.190301  	86.275927 
3838.547608  	83.352177 
3838.904914  	84.340343 
3839.262221  	86.775026 
3839.619528  	88.175414 
3839.976835  	88.410202 
3840.334142  	87.862009 
3840.691449  	86.922536 
3841.048756  	86.592491 
3841.406063  	85.990350 
3841.763369  	85.268226 
3842.120676  	86.432313 
3842.477983  	88.001619 
3842.835290  	88.523012 
3843.192597  	88.774336 
3843.549904  	88.826442 
3843.907211  	87.451672 
3844.264517  	85.482069 
3844.621824  	85.511830 
3844.979131  	86.529096 
3845.336438  	86.899897 
3845.693745  	87.125915 
3846.051052  	87.447031 
3846.408359  	87.564361 
3846.765665  	87.412852 
3847.122972  	87.306328 
3847.480279  	87.619564 
3847.837586  	87.940399 
3848.194893  	87.919791 
3848.552200  	87.948237 
3848.909507  	88.091257 
3849.266813  	88.056596 
3849.624120  	87.811707 
3849.981427  	87.373086 
3850.338734  	87.279380 
3850.696041  	87.966964 
3851.053348  	88.778447 
3851.410655  	89.517931 
3851.767961  	90.172289 
3852.125268  	89.607409 
3852.482575  	87.062327 
3852.839882  	85.392737 
3853.197189  	87.975152 
3853.554496  	90.687093 
3853.911803  	89.891747 
3854.269110  	85.530438 
3854.626416  	79.855472 
3854.983723  	79.455597 
3855.341030  	82.767035 
3855.698337  	85.475451 
3856.055644  	87.063653 
3856.412951  	87.874100 
3856.770258  	88.057950 
3857.127564  	88.068303 
3857.484871  	87.361130 
3857.842178  	86.170587 
3858.199485  	86.077490 
3858.556792  	86.726227 
3858.914099  	87.023227 
3859.271406  	87.170205 
3859.628712  	87.442952 
3859.986019  	87.507372 
3860.343326  	87.756237 
3860.700633  	88.239016 
3861.057940  	88.310771 
3861.415247  	88.439872 
3861.772554  	88.495106 
3862.129860  	87.384386 
3862.487167  	86.189721 
3862.844474  	86.517393 
3863.201781  	87.417824 
3863.559088  	87.943853 
3863.916395  	88.459214 
3864.273702  	89.034775 
3864.631008  	88.796269 
3864.988315  	87.827983 
3865.345622  	86.242784 
3865.702929  	84.490380 
3866.060236  	84.934804 
3866.417543  	86.401459 
3866.774850  	86.825226 
3867.132157  	87.068502 
3867.489463  	87.606471 
3867.846770  	88.109837 
3868.204077  	88.899571 
3868.561384  	89.537524 
3868.918691  	90.041210 
3869.275998  	90.365917 
3869.633305  	88.788250 
3869.990611  	86.628670 
3870.347918  	85.598861 
3870.705225  	84.014130 
3871.062532  	84.279374 
3871.419839  	85.912332 
3871.777146  	86.291141 
3872.134453  	86.337491 
3872.491759  	87.270909 
3872.849066  	88.379423 
3873.206373  	88.922983 
3873.563680  	89.077491 
3873.920987  	89.092724 
3874.278294  	88.292602 
3874.635601  	86.118567 
3874.992907  	84.671161 
3875.350214  	85.673190 
3875.707521  	87.139023 
3876.064828  	87.611181 
3876.422135  	87.619745 
3876.779442  	87.572308 
3877.136749  	87.584973 
3877.494055  	87.591309 
3877.851362  	87.495944 
3878.208669  	87.723892 
3878.565976  	88.145088 
3878.923283  	88.553987 
3879.280590  	89.022188 
3879.637897  	89.234942 
3879.995204  	88.973177 
3880.352510  	87.555530 
3880.709817  	85.342249 
3881.067124  	84.897440 
3881.424431  	85.624276 
3881.781738  	86.183030 
3882.139045  	86.890802 
3882.496352  	87.427521 
3882.853658  	87.613854 
3883.210965  	87.785206 
3883.568272  	87.667965 
3883.925579  	87.242125 
3884.282886  	87.609654 
3884.640193  	88.759510 
3884.997500  	89.638907 
3885.354806  	89.929132 
3885.712113  	89.283762 
3886.069420  	86.578333 
3886.426727  	83.437014 
3886.784034  	83.895381 
3887.141341  	86.056305 
3887.498648  	87.212194 
3887.855954  	87.592145 
3888.213261  	87.816939 
3888.570568  	87.686576 
3888.927875  	87.440986 
3889.285182  	87.469948 
3889.642489  	87.726269 
3889.999796  	88.295794 
3890.357102  	89.009223 
3890.714409  	89.482572 
3891.071716  	89.868313 
3891.429023  	89.028254 
3891.786330  	86.168066 
3892.143637  	85.012847 
3892.500944  	86.385319 
3892.858251  	87.552147 
3893.215557  	87.797712 
3893.572864  	87.456413 
3893.930171  	87.589949 
3894.287478  	87.801144 
3894.644785  	87.347134 
3895.002092  	87.204096 
3895.359399  	87.363805 
3895.716705  	87.464192 
3896.074012  	87.651768 
3896.431319  	87.734224 
3896.788626  	87.923355 
3897.145933  	88.048125 
3897.503240  	88.004067 
3897.860547  	88.328913 
3898.217853  	88.732542 
3898.575160  	88.846968 
3898.932467  	88.942176 
3899.289774  	88.487587 
3899.647081  	86.514119 
3900.004388  	84.568038 
3900.361695  	85.627062 
3900.719001  	87.888252 
3901.076308  	88.920770 
3901.433615  	89.127747 
3901.790922  	88.934830 
3902.148229  	86.852444 
3902.505536  	84.426820 
3902.862843  	85.209339 
3903.220149  	87.485321 
3903.577456  	89.154994 
3903.934763  	89.801197 
3904.292070  	88.809372 
3904.649377  	86.346034 
3905.006684  	85.342720 
3905.363991  	86.797209 
3905.721298  	87.723123 
3906.078604  	87.264166 
3906.435911  	86.514365 
3906.793218  	86.436703 
3907.150525  	87.132523 
3907.507832  	87.736786 
3907.865139  	87.807788 
3908.222446  	87.703453 
3908.579752  	87.650823 
3908.937059  	87.570448 
3909.294366  	87.623358 
3909.651673  	87.929137 
3910.008980  	88.062120 
3910.366287  	87.935734 
3910.723594  	87.802833 
3911.080900  	87.618470 
3911.438207  	87.525079 
3911.795514  	87.612948 
3912.152821  	87.619538 
3912.510128  	87.476193 
3912.867435  	87.510821 
3913.224742  	87.644841 
3913.582048  	87.563550 
3913.939355  	87.605828 
3914.296662  	87.742105 
3914.653969  	87.781896 
3915.011276  	87.997978 
3915.368583  	88.256488 
3915.725890  	88.469586 
3916.083196  	88.643703 
3916.440503  	88.604228 
3916.797810  	88.253129 
3917.155117  	87.648745 
3917.512424  	87.078294 
3917.869731  	86.398432 
3918.227038  	86.137319 
3918.584344  	86.911858 
3918.941651  	87.935233 
3919.298958  	88.458162 
3919.656265  	88.367926 
3920.013572  	88.132875 
3920.370879  	87.509690 
3920.728186  	86.381134 
3921.085493  	86.383924 
3921.442799  	87.263352 
3921.800106  	87.491328 
3922.157413  	87.465892 
3922.514720  	87.798281 
3922.872027  	87.923228 
3923.229334  	87.795676 
3923.586641  	87.724572 
3923.943947  	87.451460 
3924.301254  	87.432441 
3924.658561  	87.781789 
3925.015868  	87.671165 
3925.373175  	87.184468 
3925.730482  	86.550223 
3926.087789  	86.383151 
3926.445095  	86.980917 
3926.802402  	87.317702 
3927.159709  	87.272881 
3927.517016  	87.401943 
3927.874323  	87.497624 
3928.231630  	87.300367 
3928.588937  	87.165249 
3928.946243  	87.237693 
3929.303550  	87.159849 
3929.660857  	86.990353 
3930.018164  	86.834915 
3930.375471  	86.823397 
3930.732778  	87.052318 
3931.090085  	87.168875 
3931.447391  	87.409938 
3931.804698  	87.903911 
3932.162005  	88.176005 
3932.519312  	87.560269 
3932.876619  	85.976280 
3933.233926  	85.417403 
3933.591233  	86.336611 
3933.948540  	87.063105 
3934.305846  	87.081037 
3934.663153  	86.599800 
3935.020460  	86.377167 
3935.377767  	86.643755 
3935.735074  	86.710119 
3936.092381  	86.735803 
3936.449688  	87.011369 
3936.806994  	87.155870 
3937.164301  	87.034269 
3937.521608  	86.921523 
3937.878915  	87.062414 
3938.236222  	87.289637 
3938.593529  	87.257027 
3938.950836  	87.165281 
3939.308142  	87.228776 
3939.665449  	87.093099 
3940.022756  	86.961061 
3940.380063  	87.311617 
3940.737370  	87.756865 
3941.094677  	87.874034 
3941.451984  	87.991110 
3941.809290  	88.315160 
3942.166597  	88.290192 
3942.523904  	87.949614 
3942.881211  	87.488189 
3943.238518  	86.308446 
3943.595825  	85.795013 
3943.953132  	86.804462 
3944.310438  	87.508945 
3944.667745  	87.472607 
3945.025052  	87.357624 
3945.382359  	87.334070 
3945.739666  	87.427253 
3946.096973  	87.661885 
3946.454280  	87.943464 
3946.811587  	88.110269 
3947.168893  	88.169511 
3947.526200  	87.984474 
3947.883507  	87.611091 
3948.240814  	87.475555 
3948.598121  	87.405612 
3948.955428  	87.350499 
3949.312735  	87.675306 
3949.670041  	88.104168 
3950.027348  	87.833077 
3950.384655  	86.946683 
3950.741962  	86.621683 
3951.099269  	86.923231 
3951.456576  	87.125746 
3951.813883  	87.220558 
3952.171189  	87.394802 
3952.528496  	87.654144 
3952.885803  	87.599964 
3953.243110  	87.407009 
3953.600417  	87.534473 
3953.957724  	87.612936 
3954.315031  	87.705396 
3954.672337  	87.784263 
3955.029644  	87.639899 
3955.386951  	87.690695 
3955.744258  	87.685363 
3956.101565  	87.502433 
3956.458872  	87.446857 
3956.816179  	87.359158 
3957.173485  	87.395093 
3957.530792  	87.464587 
3957.888099  	87.519604 
3958.245406  	87.703737 
3958.602713  	87.625816 
3958.960020  	87.575826 
3959.317327  	87.697042 
3959.674634  	87.657879 
3960.031940  	87.712213 
3960.389247  	87.608905 
3960.746554  	87.460288 
3961.103861  	87.824216 
3961.461168  	88.096339 
3961.818475  	87.972397 
3962.175782  	87.728792 
3962.533088  	87.298876 
3962.890395  	87.084998 
3963.247702  	87.247708 
3963.605009  	87.339790 
3963.962316  	87.541712 
3964.319623  	87.910889 
3964.676930  	87.841945 
3965.034236  	87.594355 
3965.391543  	87.699031 
3965.748850  	87.802655 
3966.106157  	87.639221 
3966.463464  	87.475839 
3966.820771  	87.554985 
3967.178078  	87.633860 
3967.535384  	87.615896 
3967.892691  	87.663774 
3968.249998  	87.586444 
3968.607305  	87.651612 
3968.964612  	87.851897 
3969.321919  	87.528990 
3969.679226  	87.114044 
3970.036532  	87.275539 
3970.393839  	87.762449 
3970.751146  	87.975305 
3971.108453  	87.822226 
3971.465760  	87.724917 
3971.823067  	87.677582 
3972.180374  	87.821605 
3972.537681  	88.100193 
3972.894987  	87.936836 
3973.252294  	87.821382 
3973.609601  	88.023732 
3973.966908  	87.934706 
3974.324215  	87.634322 
3974.681522  	87.460889 
3975.038829  	87.535676 
3975.396135  	87.673057 
3975.753442  	87.690161 
3976.110749  	87.929508 
3976.468056  	88.104207 
3976.825363  	87.799930 
3977.182670  	87.729129 
3977.539977  	87.952023 
3977.897283  	87.827334 
3978.254590  	87.708934 
3978.611897  	87.850314 
3978.969204  	87.771579 
3979.326511  	87.561368 
3979.683818  	87.634092 
3980.041125  	87.677004 
3980.398431  	87.456346 
3980.755738  	87.482911 
3981.113045  	87.704843 
3981.470352  	87.670580 
3981.827659  	87.648868 
3982.184966  	87.739135 
3982.542273  	87.582850 
3982.899579  	87.416812 
3983.256886  	87.617709 
3983.614193  	87.712451 
3983.971500  	87.528038 
3984.328807  	87.573075 
3984.686114  	87.721911 
3985.043421  	87.706347 
3985.400728  	87.500798 
3985.758034  	87.351988 
3986.115341  	87.669870 
3986.472648  	87.857411 
3986.829955  	87.668172 
3987.187262  	87.713524 
3987.544569  	87.881092 
3987.901876  	87.892007 
3988.259182  	87.756740 
3988.616489  	87.739818 
3988.973796  	87.909580 
3989.331103  	87.922759 
3989.688410  	87.850342 
3990.045717  	87.801771 
3990.403024  	87.728095 
3990.760330  	87.483407 
3991.117637  	87.198889 
3991.474944  	87.434624 
3991.832251  	87.853081 
3992.189558  	87.975923 
3992.546865  	87.921558 
3992.904172  	87.747232 
3993.261478  	87.679388 
3993.618785  	87.770598 
3993.976092  	88.032651 
3994.333399  	88.216985 
3994.690706  	87.899490 
3995.048013  	87.677122 
3995.405320  	87.710631 
3995.762626  	87.524299 
3996.119933  	87.505757 
3996.477240  	87.605718 
3996.834547  	87.519359 
3997.191854  	87.538309 
3997.549161  	87.550180 
3997.906468  	87.518577 
3998.263775  	87.605723 
3998.621081  	87.676365 
3998.978388  	87.762299 
3999.335695  	87.725320 
3999.693002  	87.651130 
4000.050309  	87.692628 