##TITLE=N6_anthranilicacid_2
##DATA TYPE=INFRARED SPECTRUM
##XUNITS=1/CM
##YUNITS=%T
399.826377  	77.372785 
400.183684  	78.401446 
400.540991  	76.382888 
400.898298  	73.661575 
401.255605  	73.531344 
401.612912  	73.564471 
401.970219  	75.709613 
402.327525  	76.283275 
402.684832  	73.485571 
403.042139  	73.567643 
403.399446  	74.674060 
403.756753  	76.139785 
404.114060  	76.836151 
404.471367  	75.410167 
404.828674  	73.430766 
405.185980  	70.176639 
405.543287  	67.130913 
405.900594  	65.701080 
406.257901  	66.229563 
406.615208  	67.785658 
406.972515  	68.021746 
407.329822  	69.699522 
407.687128  	72.704354 
408.044435  	71.499661 
408.401742  	67.842189 
408.759049  	66.074702 
409.116356  	64.038543 
409.473663  	62.868008 
409.830970  	65.835496 
410.188276  	66.693183 
410.545583  	65.690985 
410.902890  	67.881496 
411.260197  	66.589520 
411.617504  	63.960307 
411.974811  	65.982476 
412.332118  	67.202842 
412.689424  	66.322157 
413.046731  	66.502013 
413.404038  	66.249698 
413.761345  	65.557234 
414.118652  	67.031546 
414.475959  	68.696256 
414.833266  	67.101558 
415.190572  	65.738870 
415.547879  	67.355634 
415.905186  	69.019727 
416.262493  	68.686773 
416.619800  	67.127430 
416.977107  	65.168356 
417.334414  	63.862914 
417.691720  	62.958757 
418.049027  	63.866542 
418.406334  	68.485059 
418.763641  	68.555806 
419.120948  	62.262585 
419.478255  	63.865704 
419.835562  	70.072596 
420.192869  	69.829536 
420.550175  	66.946877 
420.907482  	65.615170 
421.264789  	67.516144 
421.622096  	70.220666 
421.979403  	69.525928 
422.336710  	68.420160 
422.694017  	69.194133 
423.051323  	70.318371 
423.408630  	69.890615 
423.765937  	68.161640 
424.123244  	68.923169 
424.480551  	72.851228 
424.837858  	71.376851 
425.195165  	67.762748 
425.552471  	69.214857 
425.909778  	70.313729 
426.267085  	71.144286 
426.624392  	72.189722 
426.981699  	70.318856 
427.339006  	69.199237 
427.696313  	70.933223 
428.053619  	71.414074 
428.410926  	69.580685 
428.768233  	68.592185 
429.125540  	68.944727 
429.482847  	69.309840 
429.840154  	69.758715 
430.197461  	69.503347 
430.554767  	68.293457 
430.912074  	68.057874 
431.269381  	68.342286 
431.626688  	68.729205 
431.983995  	69.876457 
432.341302  	70.618170 
432.698609  	70.243584 
433.055916  	69.522378 
433.413222  	69.156052 
433.770529  	69.761959 
434.127836  	70.644842 
434.485143  	70.424096 
434.842450  	70.353051 
435.199757  	71.761372 
435.557064  	72.125628 
435.914370  	71.042728 
436.271677  	70.953534 
436.628984  	71.814782 
436.986291  	72.760431 
437.343598  	74.193901 
437.700905  	74.454599 
438.058212  	73.962171 
438.415518  	74.856164 
438.772825  	74.675200 
439.130132  	73.472654 
439.487439  	74.155719 
439.844746  	74.816152 
440.202053  	74.405797 
440.559360  	73.781157 
440.916666  	72.628428 
441.273973  	73.012816 
441.631280  	75.158261 
441.988587  	75.247743 
442.345894  	73.300327 
442.703201  	73.520216 
443.060508  	74.565458 
443.417814  	73.357080 
443.775121  	72.061590 
444.132428  	73.251628 
444.489735  	73.319985 
444.847042  	72.858900 
445.204349  	72.478084 
445.561656  	71.310883 
445.918963  	71.570854 
446.276269  	72.232845 
446.633576  	70.704145 
446.990883  	69.565732 
447.348190  	71.663615 
447.705497  	73.635756 
448.062804  	73.008646 
448.420111  	72.738906 
448.777417  	73.634244 
449.134724  	72.749884 
449.492031  	71.546335 
449.849338  	72.295277 
450.206645  	73.761662 
450.563952  	74.092031 
450.921259  	73.432433 
451.278565  	73.057359 
451.635872  	72.887806 
451.993179  	73.010621 
452.350486  	73.416791 
452.707793  	73.741736 
453.065100  	74.906834 
453.422407  	75.007494 
453.779713  	73.642695 
454.137020  	73.708945 
454.494327  	74.796044 
454.851634  	74.488967 
455.208941  	72.936024 
455.566248  	72.123747 
455.923555  	73.511453 
456.280861  	76.110622 
456.638168  	78.178916 
456.995475  	78.678413 
457.352782  	78.037269 
457.710089  	77.871601 
458.067396  	79.360475 
458.424703  	79.753460 
458.782010  	78.008269 
459.139316  	76.003636 
459.496623  	76.404108 
459.853930  	75.896012 
460.211237  	75.033727 
460.568544  	76.040864 
460.925851  	75.749292 
461.283158  	74.440111 
461.640464  	74.144105 
461.997771  	74.712398 
462.355078  	76.784173 
462.712385  	77.742106 
463.069692  	77.170925 
463.426999  	77.123594 
463.784306  	75.029029 
464.141612  	72.326369 
464.498919  	72.923637 
464.856226  	74.083818 
465.213533  	74.053999 
465.570840  	75.166719 
465.928147  	75.928947 
466.285454  	74.612705 
466.642760  	74.135294 
467.000067  	74.943357 
467.357374  	76.133189 
467.714681  	76.783585 
468.071988  	75.321129 
468.429295  	74.836557 
468.786602  	76.042954 
469.143908  	77.300276 
469.501215  	77.562002 
469.858522  	76.490295 
470.215829  	76.225355 
470.573136  	75.695785 
470.930443  	74.671573 
471.287750  	75.476370 
471.645057  	75.049249 
472.002363  	72.115768 
472.359670  	69.956652 
472.716977  	71.530556 
473.074284  	74.492532 
473.431591  	75.771245 
473.788898  	76.199432 
474.146205  	74.905500 
474.503511  	74.066836 
474.860818  	74.889748 
475.218125  	73.783114 
475.575432  	72.480877 
475.932739  	73.676084 
476.290046  	75.191595 
476.647353  	74.612109 
477.004659  	73.983565 
477.361966  	75.185106 
477.719273  	75.066204 
478.076580  	74.029447 
478.433887  	74.922856 
478.791194  	76.549532 
479.148501  	77.019050 
479.505807  	76.887763 
479.863114  	77.989223 
480.220421  	77.978669 
480.577728  	76.380580 
480.935035  	76.116433 
481.292342  	76.237202 
481.649649  	76.975824 
482.006955  	76.968327 
482.364262  	75.417504 
482.721569  	75.328317 
483.078876  	75.620193 
483.436183  	76.268756 
483.793490  	78.085645 
484.150797  	78.920002 
484.508104  	77.987682 
484.865410  	76.270072 
485.222717  	75.836260 
485.580024  	77.011984 
485.937331  	78.205146 
486.294638  	78.310802 
486.651945  	77.294118 
487.009252  	76.800667 
487.366558  	76.534346 
487.723865  	76.549383 
488.081172  	76.480229 
488.438479  	75.331355 
488.795786  	75.005412 
489.153093  	75.458132 
489.510400  	75.661435 
489.867706  	75.527108 
490.225013  	75.699404 
490.582320  	76.920243 
490.939627  	76.443872 
491.296934  	74.215450 
491.654241  	73.270580 
492.011548  	73.124528 
492.368854  	72.785034 
492.726161  	73.323948 
493.083468  	74.701800 
493.440775  	74.804336 
493.798082  	73.119193 
494.155389  	71.713552 
494.512696  	72.288604 
494.870002  	73.477972 
495.227309  	72.880872 
495.584616  	71.782285 
495.941923  	71.429824 
496.299230  	72.237754 
496.656537  	73.448140 
497.013844  	72.435340 
497.371151  	71.661055 
497.728457  	71.488149 
498.085764  	69.478254 
498.443071  	68.425222 
498.800378  	69.083178 
499.157685  	69.135443 
499.514992  	67.396246 
499.872299  	65.814462 
500.229605  	66.328174 
500.586912  	66.367885 
500.944219  	65.358082 
501.301526  	64.448115 
501.658833  	63.649393 
502.016140  	63.465495 
502.373447  	63.528381 
502.730753  	63.529394 
503.088060  	63.003598 
503.445367  	62.497519 
503.802674  	62.502055 
504.159981  	61.778533 
504.517288  	61.115176 
504.874595  	61.022537 
505.231901  	61.359717 
505.589208  	62.586391 
505.946515  	63.242659 
506.303822  	62.435642 
506.661129  	61.466439 
507.018436  	62.417193 
507.375743  	65.185478 
507.733049  	67.829070 
508.090356  	69.522382 
508.447663  	70.059159 
508.804970  	70.677515 
509.162277  	71.079373 
509.519584  	72.093244 
509.876891  	73.913721 
510.234197  	74.309032 
510.591504  	74.849712 
510.948811  	75.342904 
511.306118  	74.863440 
511.663425  	75.336791 
512.020732  	75.272343 
512.378039  	74.360145 
512.735346  	74.323144 
513.092652  	75.199926 
513.449959  	75.824707 
513.807266  	75.330449 
514.164573  	75.562808 
514.521880  	75.785515 
514.879187  	75.160090 
515.236494  	75.156527 
515.593800  	74.289373 
515.951107  	73.481220 
516.308414  	73.681892 
516.665721  	73.754450 
517.023028  	75.103126 
517.380335  	75.827889 
517.737642  	75.049660 
518.094948  	75.031529 
518.452255  	75.180224 
518.809562  	75.727293 
519.166869  	77.157807 
519.524176  	77.576300 
519.881483  	76.713134 
520.238790  	76.595873 
520.596096  	77.066584 
520.953403  	77.602349 
521.310710  	78.205716 
521.668017  	78.408210 
522.025324  	78.415216 
522.382631  	78.579551 
522.739938  	78.979212 
523.097244  	79.448950 
523.454551  	79.222603 
523.811858  	79.008258 
524.169165  	78.988467 
524.526472  	78.599663 
524.883779  	78.559363 
525.241086  	78.647966 
525.598393  	78.182781 
525.955699  	77.163533 
526.313006  	77.102321 
526.670313  	77.639526 
527.027620  	77.330087 
527.384927  	77.306901 
527.742234  	76.989174 
528.099541  	75.757613 
528.456847  	75.711360 
528.814154  	74.987362 
529.171461  	73.623058 
529.528768  	74.560715 
529.886075  	75.201532 
530.243382  	74.037796 
530.600689  	73.297115 
530.957995  	73.151464 
531.315302  	72.951825 
531.672609  	72.597266 
532.029916  	72.684579 
532.387223  	73.270744 
532.744530  	72.883116 
533.101837  	71.653593 
533.459143  	71.354921 
533.816450  	71.598419 
534.173757  	71.411514 
534.531064  	71.561035 
534.888371  	71.628907 
535.245678  	71.273821 
535.602985  	71.466812 
535.960291  	71.434781 
536.317598  	71.047042 
536.674905  	70.988813 
537.032212  	70.351906 
537.389519  	69.835222 
537.746826  	70.066562 
538.104133  	69.568680 
538.461440  	69.154808 
538.818746  	69.754894 
539.176053  	69.519225 
539.533360  	68.919698 
539.890667  	69.528913 
540.247974  	69.948537 
540.605281  	69.653489 
540.962588  	69.926134 
541.319894  	70.585930 
541.677201  	70.525614 
542.034508  	69.904259 
542.391815  	69.633234 
542.749122  	69.762279 
543.106429  	70.129636 
543.463736  	70.505479 
543.821042  	70.583730 
544.178349  	71.106411 
544.535656  	71.989733 
544.892963  	72.202271 
545.250270  	72.263859 
545.607577  	72.927565 
545.964884  	73.535443 
546.322190  	73.904700 
546.679497  	74.488149 
547.036804  	74.730627 
547.394111  	74.571215 
547.751418  	75.065710 
548.108725  	76.227194 
548.466032  	76.886379 
548.823338  	76.615825 
549.180645  	76.490070 
549.537952  	76.675812 
549.895259  	76.547279 
550.252566  	76.733877 
550.609873  	77.520183 
550.967180  	78.821852 
551.324487  	79.764441 
551.681793  	79.561005 
552.039100  	79.471605 
552.396407  	79.788192 
552.753714  	80.178647 
553.111021  	80.354455 
553.468328  	79.586504 
553.825635  	79.073906 
554.182941  	79.574526 
554.540248  	79.814075 
554.897555  	79.306807 
555.254862  	79.166553 
555.612169  	79.272439 
555.969476  	78.703836 
556.326783  	78.382549 
556.684089  	78.242635 
557.041396  	77.986242 
557.398703  	78.001787 
557.756010  	77.561629 
558.113317  	77.209430 
558.470624  	76.863868 
558.827931  	76.664176 
559.185237  	77.344774 
559.542544  	76.824591 
559.899851  	75.831072 
560.257158  	76.072976 
560.614465  	76.063119 
560.971772  	75.758889 
561.329079  	75.159152 
561.686385  	74.339942 
562.043692  	74.168419 
562.400999  	74.028462 
562.758306  	74.225059 
563.115613  	75.166601 
563.472920  	75.331545 
563.830227  	74.971690 
564.187534  	75.598556 
564.544840  	76.564227 
564.902147  	77.151614 
565.259454  	77.674875 
565.616761  	78.112583 
565.974068  	78.492833 
566.331375  	79.107834 
566.688682  	80.227740 
567.045988  	81.210269 
567.403295  	81.525098 
567.760602  	81.368697 
568.117909  	81.149857 
568.475216  	82.182636 
568.832523  	83.007506 
569.189830  	82.331481 
569.547136  	82.728771 
569.904443  	83.516767 
570.261750  	83.455624 
570.619057  	83.060162 
570.976364  	82.691826 
571.333671  	83.608421 
571.690978  	84.266091 
572.048284  	83.995630 
572.405591  	84.003188 
572.762898  	83.736824 
573.120205  	84.201052 
573.477512  	84.922702 
573.834819  	84.632768 
574.192126  	84.231079 
574.549432  	83.505125 
574.906739  	83.250995 
575.264046  	84.191755 
575.621353  	84.517450 
575.978660  	83.738396 
576.335967  	83.590525 
576.693274  	84.223721 
577.050581  	84.071919 
577.407887  	83.554727 
577.765194  	83.619930 
578.122501  	83.748919 
578.479808  	83.397571 
578.837115  	82.826986 
579.194422  	82.656733 
579.551729  	82.813654 
579.909035  	83.221877 
580.266342  	83.468451 
580.623649  	82.899990 
580.980956  	82.139525 
581.338263  	82.015116 
581.695570  	82.975453 
582.052877  	83.861067 
582.410183  	83.679411 
582.767490  	83.446241 
583.124797  	83.125081 
583.482104  	82.898409 
583.839411  	82.666278 
584.196718  	81.867690 
584.554025  	81.666748 
584.911331  	82.175830 
585.268638  	82.561932 
585.625945  	82.250576 
585.983252  	81.610200 
586.340559  	81.949904 
586.697866  	82.471533 
587.055173  	82.551776 
587.412479  	82.520230 
587.769786  	82.329448 
588.127093  	82.670847 
588.484400  	82.934089 
588.841707  	82.739158 
589.199014  	82.734872 
589.556321  	82.356754 
589.913627  	81.880782 
590.270934  	81.544250 
590.628241  	80.913721 
590.985548  	80.896465 
591.342855  	81.222914 
591.700162  	81.032277 
592.057469  	81.026555 
592.414776  	80.961386 
592.772082  	80.717163 
593.129389  	80.894225 
593.486696  	81.100400 
593.844003  	81.357285 
594.201310  	81.545071 
594.558617  	81.128550 
594.915924  	80.507970 
595.273230  	80.269245 
595.630537  	80.299652 
595.987844  	79.882819 
596.345151  	79.904354 
596.702458  	80.805943 
597.059765  	80.587487 
597.417072  	79.737941 
597.774378  	79.679608 
598.131685  	79.785470 
598.488992  	79.817686 
598.846299  	79.668115 
599.203606  	79.405892 
599.560913  	79.180312 
599.918220  	79.225108 
600.275526  	79.632415 
600.632833  	79.496413 
600.990140  	79.258158 
601.347447  	79.342526 
601.704754  	79.216797 
602.062061  	79.215861 
602.419368  	79.272509 
602.776674  	79.184492 
603.133981  	79.226148 
603.491288  	79.202853 
603.848595  	78.897950 
604.205902  	78.547756 
604.563209  	78.426551 
604.920516  	78.336189 
605.277823  	78.282394 
605.635129  	78.306722 
605.992436  	78.140354 
606.349743  	78.008366 
606.707050  	77.927753 
607.064357  	77.824092 
607.421664  	78.022144 
607.778971  	78.219287 
608.136277  	78.072897 
608.493584  	77.848148 
608.850891  	77.480706 
609.208198  	77.188084 
609.565505  	77.518021 
609.922812  	77.909188 
610.280119  	77.876940 
610.637425  	77.735761 
610.994732  	77.448341 
611.352039  	77.279685 
611.709346  	77.399317 
612.066653  	77.242010 
612.423960  	77.062041 
612.781267  	77.452549 
613.138573  	77.555774 
613.495880  	76.934971 
613.853187  	76.947688 
614.210494  	77.339560 
614.567801  	76.870714 
614.925108  	76.572511 
615.282415  	76.855417 
615.639721  	76.814362 
615.997028  	76.795771 
616.354335  	76.898114 
616.711642  	76.624446 
617.068949  	76.344958 
617.426256  	76.492737 
617.783563  	77.044143 
618.140870  	77.546039 
618.498176  	77.278245 
618.855483  	76.544837 
619.212790  	76.465668 
619.570097  	77.091156 
619.927404  	77.464767 
620.284711  	77.375295 
620.642018  	77.325502 
620.999324  	77.242768 
621.356631  	77.025083 
621.713938  	77.004909 
622.071245  	76.958396 
622.428552  	76.850104 
622.785859  	77.067418 
623.143166  	77.463301 
623.500472  	77.595057 
623.857779  	77.512580 
624.215086  	77.800421 
624.572393  	78.068512 
624.929700  	78.233158 
625.287007  	78.870868 
625.644314  	78.796110 
626.001620  	78.087233 
626.358927  	77.954856 
626.716234  	78.036880 
627.073541  	78.369213 
627.430848  	78.856467 
627.788155  	78.730641 
628.145462  	78.343700 
628.502768  	78.415342 
628.860075  	78.445617 
629.217382  	78.079475 
629.574689  	78.292374 
629.931996  	78.652402 
630.289303  	78.362173 
630.646610  	78.143042 
631.003917  	77.935898 
631.361223  	78.006591 
631.718530  	78.572099 
632.075837  	78.583617 
632.433144  	78.201178 
632.790451  	78.069934 
633.147758  	78.012005 
633.505065  	78.210958 
633.862371  	78.744799 
634.219678  	78.705574 
634.576985  	78.230715 
634.934292  	78.260980 
635.291599  	77.972137 
635.648906  	77.328047 
636.006213  	77.557637 
636.363519  	77.962291 
636.720826  	77.763894 
637.078133  	77.480804 
637.435440  	77.619425 
637.792747  	77.977447 
638.150054  	78.223195 
638.507361  	77.890973 
638.864667  	77.054938 
639.221974  	76.770163 
639.579281  	76.913588 
639.936588  	76.908381 
640.293895  	76.707364 
640.651202  	76.253799 
641.008509  	76.364758 
641.365815  	76.852954 
641.723122  	76.656568 
642.080429  	76.198683 
642.437736  	75.839911 
642.795043  	75.689720 
643.152350  	75.500772 
643.509657  	75.064809 
643.866964  	75.089752 
644.224270  	75.425868 
644.581577  	75.021329 
644.938884  	74.135312 
645.296191  	73.946243 
645.653498  	74.331921 
646.010805  	74.184762 
646.368112  	73.764807 
646.725418  	73.787834 
647.082725  	73.580973 
647.440032  	72.957336 
647.797339  	73.186352 
648.154646  	73.698700 
648.511953  	73.337897 
648.869260  	72.930061 
649.226566  	72.796436 
649.583873  	72.246317 
649.941180  	71.564236 
650.298487  	71.515509 
650.655794  	71.874856 
651.013101  	71.431431 
651.370408  	70.754216 
651.727714  	70.246576 
652.085021  	69.732730 
652.442328  	69.835025 
652.799635  	69.902577 
653.156942  	69.646547 
653.514249  	69.288622 
653.871556  	68.440822 
654.228862  	67.595200 
654.586169  	66.769130 
654.943476  	66.273591 
655.300783  	66.595681 
655.658090  	66.519170 
656.015397  	65.770061 
656.372704  	64.930658 
656.730011  	64.457831 
657.087317  	64.225275 
657.444624  	63.616940 
657.801931  	62.890264 
658.159238  	62.389206 
658.516545  	61.889768 
658.873852  	61.679196 
659.231159  	62.269192 
659.588465  	63.469013 
659.945772  	64.629887 
660.303079  	65.764655 
660.660386  	67.070990 
661.017693  	68.819782 
661.375000  	70.776414 
661.732307  	72.112868 
662.089613  	72.941930 
662.446920  	73.609883 
662.804227  	74.322591 
663.161534  	74.653853 
663.518841  	74.615142 
663.876148  	74.623817 
664.233455  	73.983599 
664.590761  	72.801446 
664.948068  	71.731746 
665.305375  	71.023057 
665.662682  	70.388709 
666.019989  	68.985215 
666.377296  	67.719160 
666.734603  	67.387972 
667.091909  	67.011350 
667.449216  	66.391903 
667.806523  	69.635002 
668.163830  	71.608069 
668.521137  	70.445596 
668.878444  	71.226399 
669.235751  	73.153012 
669.593057  	74.481638 
669.950364  	75.912533 
670.307671  	77.615523 
670.664978  	78.524766 
671.022285  	79.362206 
671.379592  	79.855045 
671.736899  	79.742342 
672.094206  	79.953339 
672.451512  	80.229361 
672.808819  	80.776116 
673.166126  	81.550470 
673.523433  	81.671628 
673.880740  	81.413626 
674.238047  	81.412002 
674.595354  	81.731236 
674.952660  	81.924758 
675.309967  	81.818612 
675.667274  	81.769077 
676.024581  	82.036204 
676.381888  	81.730291 
676.739195  	80.979662 
677.096502  	80.731977 
677.453808  	80.661653 
677.811115  	80.773854 
678.168422  	80.622444 
678.525729  	79.915846 
678.883036  	79.692851 
679.240343  	79.652467 
679.597650  	79.564344 
679.954956  	79.640786 
680.312263  	79.175155 
680.669570  	78.620924 
681.026877  	78.319419 
681.384184  	78.166667 
681.741491  	78.084271 
682.098798  	77.535564 
682.456104  	77.039374 
682.813411  	76.806205 
683.170718  	76.521712 
683.528025  	76.312048 
683.885332  	75.850612 
684.242639  	75.346636 
684.599946  	74.850103 
684.957253  	74.268239 
685.314559  	73.886014 
685.671866  	73.501870 
686.029173  	73.105951 
686.386480  	72.509473 
686.743787  	71.697397 
687.101094  	71.250537 
687.458401  	71.041988 
687.815707  	70.459102 
688.173014  	69.469548 
688.530321  	68.691720 
688.887628  	68.065671 
689.244935  	67.183608 
689.602242  	66.840266 
689.959549  	66.748385 
690.316855  	66.400802 
690.674162  	66.136938 
691.031469  	65.710320 
691.388776  	65.711651 
691.746083  	66.777742 
692.103390  	68.135736 
692.460697  	69.188228 
692.818003  	70.328248 
693.175310  	71.789454 
693.532617  	73.139676 
693.889924  	74.547439 
694.247231  	76.160894 
694.604538  	77.340897 
694.961845  	78.362079 
695.319151  	79.005724 
695.676458  	79.043798 
696.033765  	79.358053 
696.391072  	79.495834 
696.748379  	79.310247 
697.105686  	79.436701 
697.462993  	79.386015 
697.820300  	78.993543 
698.177606  	78.751193 
698.534913  	78.938067 
698.892220  	78.874116 
699.249527  	78.193959 
699.606834  	77.575642 
699.964141  	76.881410 
700.321448  	76.223552 
700.678754  	75.840055 
701.036061  	75.261357 
701.393368  	74.578108 
701.750675  	73.505114 
702.107982  	72.337634 
702.465289  	71.633159 
702.822596  	70.746078 
703.179902  	69.912863 
703.537209  	69.332672 
703.894516  	68.660867 
704.251823  	68.361590 
704.609130  	68.906988 
704.966437  	70.372779 
705.323744  	72.063911 
705.681050  	73.700025 
706.038357  	75.466517 
706.395664  	76.867343 
706.752971  	78.015054 
707.110278  	79.131244 
707.467585  	80.043438 
707.824892  	80.633559 
708.182198  	80.928963 
708.539505  	81.256455 
708.896812  	81.248120 
709.254119  	81.097488 
709.611426  	81.282038 
709.968733  	81.429734 
710.326040  	81.708256 
710.683347  	81.637746 
711.040653  	81.178792 
711.397960  	81.178707 
711.755267  	81.190861 
712.112574  	81.128835 
712.469881  	80.887036 
712.827188  	80.361110 
713.184495  	80.396441 
713.541801  	80.652832 
713.899108  	80.463832 
714.256415  	80.181445 
714.613722  	80.279001 
714.971029  	80.542699 
715.328336  	80.684312 
715.685643  	80.768208 
716.042949  	80.293758 
716.400256  	79.638039 
716.757563  	79.428619 
717.114870  	79.287722 
717.472177  	79.325067 
717.829484  	79.244468 
718.186791  	78.755571 
718.544097  	78.345970 
718.901404  	78.293132 
719.258711  	78.475202 
719.616018  	78.402817 
719.973325  	78.469646 
720.330632  	78.701804 
720.687939  	78.327507 
721.045245  	77.963254 
721.402552  	77.918354 
721.759859  	77.917379 
722.117166  	77.969695 
722.474473  	78.070563 
722.831780  	78.223543 
723.189087  	78.132282 
723.546394  	77.921432 
723.903700  	77.539141 
724.261007  	76.942891 
724.618314  	76.810245 
724.975621  	76.784509 
725.332928  	76.440507 
725.690235  	76.235747 
726.047542  	76.339657 
726.404848  	76.508645 
726.762155  	76.410232 
727.119462  	76.078572 
727.476769  	75.827030 
727.834076  	75.896312 
728.191383  	75.875383 
728.548690  	75.523725 
728.905996  	75.513188 
729.263303  	75.551386 
729.620610  	75.148924 
729.977917  	74.724277 
730.335224  	74.490321 
730.692531  	74.415180 
731.049838  	74.138533 
731.407144  	73.769915 
731.764451  	73.651077 
732.121758  	73.449290 
732.479065  	73.392437 
732.836372  	73.590724 
733.193679  	73.562463 
733.550986  	73.342794 
733.908292  	73.027814 
734.265599  	72.723905 
734.622906  	72.485828 
734.980213  	72.169595 
735.337520  	72.059565 
735.694827  	71.952904 
736.052134  	71.408221 
736.409441  	71.081346 
736.766747  	71.017201 
737.124054  	70.781000 
737.481361  	70.763461 
737.838668  	70.668971 
738.195975  	70.258675 
738.553282  	70.010885 
738.910589  	69.780329 
739.267895  	69.371816 
739.625202  	69.134398 
739.982509  	69.144753 
740.339816  	68.632029 
740.697123  	67.874931 
741.054430  	67.716483 
741.411737  	67.341086 
741.769043  	66.829144 
742.126350  	66.668430 
742.483657  	66.383964 
742.840964  	66.217482 
743.198271  	65.832770 
743.555578  	65.206753 
743.912885  	64.893193 
744.270191  	64.357203 
744.627498  	63.702680 
744.984805  	63.356201 
745.342112  	63.194510 
745.699419  	62.895015 
746.056726  	62.293919 
746.414033  	61.922748 
746.771339  	61.653278 
747.128646  	61.074217 
747.485953  	60.500928 
747.843260  	60.096056 
748.200567  	59.773078 
748.557874  	59.324086 
748.915181  	58.673601 
749.272488  	57.759808 
749.629794  	56.818111 
749.987101  	56.693376 
750.344408  	57.046543 
750.701715  	56.675448 
751.059022  	56.054410 
751.416329  	55.988090 
751.773636  	56.019570 
752.130942  	56.265436 
752.488249  	56.944878 
752.845556  	57.617488 
753.202863  	58.546393 
753.560170  	59.614181 
753.917477  	60.547138 
754.274784  	61.733796 
754.632090  	62.877510 
754.989397  	63.740041 
755.346704  	64.797284 
755.704011  	66.281728 
756.061318  	67.557778 
756.418625  	68.143978 
756.775932  	68.704275 
757.133238  	69.684499 
757.490545  	70.773572 
757.847852  	71.098426 
758.205159  	70.754635 
758.562466  	70.812827 
758.919773  	70.648554 
759.277080  	70.127810 
759.634386  	70.018521 
759.991693  	69.719143 
760.349000  	69.199344 
760.706307  	68.914497 
761.063614  	68.974632 
761.420921  	69.104828 
761.778228  	68.663409 
762.135534  	67.966195 
762.492841  	67.375913 
762.850148  	66.830877 
763.207455  	66.245049 
763.564762  	65.579334 
763.922069  	65.132605 
764.279376  	64.609848 
764.636683  	64.120015 
764.993989  	64.325122 
765.351296  	64.985183 
765.708603  	65.964337 
766.065910  	67.216659 
766.423217  	68.106938 
766.780524  	68.684155 
767.137831  	69.441626 
767.495137  	69.612918 
767.852444  	69.101298 
768.209751  	68.979074 
768.567058  	68.434967 
768.924365  	67.228092 
769.281672  	66.640041 
769.638979  	66.381399 
769.996285  	66.181841 
770.353592  	66.234745 
770.710899  	66.397850 
771.068206  	66.821585 
771.425513  	67.458801 
771.782820  	68.413100 
772.140127  	69.777252 
772.497433  	71.240679 
772.854740  	72.444215 
773.212047  	73.387997 
773.569354  	74.233489 
773.926661  	74.780962 
774.283968  	75.439695 
774.641275  	76.335201 
774.998581  	77.018922 
775.355888  	77.728485 
775.713195  	78.637108 
776.070502  	80.111194 
776.427809  	81.726520 
776.785116  	82.660683 
777.142423  	83.397246 
777.499730  	83.842951 
777.857036  	84.156597 
778.214343  	84.725189 
778.571650  	85.110783 
778.928957  	85.578643 
779.286264  	85.903076 
779.643571  	85.788552 
780.000878  	85.651290 
780.358184  	85.561858 
780.715491  	85.405768 
781.072798  	85.144165 
781.430105  	85.419872 
781.787412  	85.702748 
782.144719  	85.273987 
782.502026  	85.338287 
782.859332  	85.687533 
783.216639  	85.686892 
783.573946  	85.461458 
783.931253  	84.682437 
784.288560  	84.079936 
784.645867  	83.998745 
785.003174  	84.235846 
785.360480  	84.648759 
785.717787  	84.398167 
786.075094  	83.917120 
786.432401  	84.077283 
786.789708  	84.304209 
787.147015  	83.794685 
787.504322  	82.916050 
787.861628  	82.496058 
788.218935  	82.389395 
788.576242  	82.353998 
788.933549  	82.281824 
789.290856  	82.164834 
789.648163  	82.219307 
790.005470  	81.868337 
790.362777  	81.248971 
790.720083  	81.187105 
791.077390  	81.194984 
791.434697  	80.701222 
791.792004  	80.143885 
792.149311  	80.029166 
792.506618  	80.094902 
792.863925  	79.937289 
793.221231  	79.705754 
793.578538  	79.555392 
793.935845  	79.346548 
794.293152  	79.047652 
794.650459  	78.921719 
795.007766  	78.768994 
795.365073  	78.357008 
795.722379  	77.970781 
796.079686  	77.648324 
796.436993  	77.434323 
796.794300  	77.246387 
797.151607  	77.024486 
797.508914  	76.725983 
797.866221  	76.055018 
798.223527  	75.810189 
798.580834  	76.300553 
798.938141  	76.447695 
799.295448  	76.428736 
799.652755  	76.973765 
800.010062  	77.577725 
800.367369  	77.754077 
800.724675  	78.002969 
801.081982  	78.279708 
801.439289  	78.316750 
801.796596  	78.543723 
802.153903  	78.486521 
802.511210  	78.261910 
802.868517  	78.552247 
803.225824  	78.523529 
803.583130  	78.078043 
803.940437  	77.458928 
804.297744  	76.386030 
804.655051  	75.538752 
805.012358  	75.362784 
805.369665  	75.825111 
805.726972  	76.649726 
806.084278  	77.379413 
806.441585  	78.148035 
806.798892  	78.717870 
807.156199  	78.802920 
807.513506  	78.884770 
807.870813  	78.918050 
808.228120  	78.671913 
808.585426  	78.613627 
808.942733  	78.864897 
809.300040  	78.915797 
809.657347  	78.534557 
810.014654  	78.123420 
810.371961  	77.709205 
810.729268  	76.714716 
811.086574  	75.528799 
811.443881  	74.696145 
811.801188  	74.002939 
812.158495  	73.639104 
812.515802  	73.901934 
812.873109  	75.100202 
813.230416  	76.859596 
813.587722  	78.055929 
813.945029  	78.571555 
814.302336  	78.543252 
814.659643  	78.630512 
815.016950  	79.293948 
815.374257  	79.554847 
815.731564  	79.470895 
816.088871  	79.363417 
816.446177  	79.039720 
816.803484  	78.876181 
817.160791  	78.775803 
817.518098  	78.557310 
817.875405  	78.358850 
818.232712  	78.372259 
818.590019  	78.371888 
818.947325  	78.017907 
819.304632  	77.593829 
819.661939  	77.231959 
820.019246  	77.282068 
820.376553  	77.539557 
820.733860  	77.297921 
821.091167  	76.895506 
821.448473  	76.639992 
821.805780  	76.732994 
822.163087  	76.655808 
822.520394  	75.998430 
822.877701  	75.675949 
823.235008  	75.628829 
823.592315  	75.701876 
823.949621  	75.712591 
824.306928  	75.156437 
824.664235  	74.933261 
825.021542  	75.029895 
825.378849  	74.675211 
825.736156  	74.426431 
826.093463  	74.458344 
826.450769  	73.974221 
826.808076  	73.257343 
827.165383  	73.221397 
827.522690  	73.241560 
827.879997  	73.184293 
828.237304  	73.359028 
828.594611  	72.961428 
828.951918  	72.390442 
829.309224  	72.160449 
829.666531  	72.110535 
830.023838  	72.148567 
830.381145  	71.990226 
830.738452  	71.784480 
831.095759  	71.184297 
831.453066  	70.609254 
831.810372  	70.716700 
832.167679  	70.611774 
832.524986  	70.522482 
832.882293  	70.701092 
833.239600  	70.636290 
833.596907  	70.471090 
833.954214  	70.161111 
834.311520  	70.218797 
834.668827  	70.531125 
835.026134  	70.422436 
835.383441  	70.381544 
835.740748  	70.551087 
836.098055  	71.071318 
836.455362  	71.705055 
836.812668  	71.666589 
837.169975  	71.605850 
837.527282  	71.773994 
837.884589  	71.847101 
838.241896  	72.225673 
838.599203  	72.462342 
838.956510  	72.609309 
839.313816  	73.391304 
839.671123  	74.086310 
840.028430  	74.540701 
840.385737  	75.118938 
840.743044  	75.210529 
841.100351  	75.076915 
841.457658  	75.369449 
841.814964  	76.095032 
842.172271  	76.776698 
842.529578  	76.815737 
842.886885  	76.866969 
843.244192  	77.300871 
843.601499  	77.376934 
843.958806  	77.282817 
844.316113  	77.550644 
844.673419  	77.698448 
845.030726  	77.212829 
845.388033  	76.594130 
845.745340  	76.209307 
846.102647  	75.705900 
846.459954  	75.014200 
846.817261  	74.503986 
847.174567  	74.273898 
847.531874  	73.687361 
847.889181  	72.781821 
848.246488  	72.091436 
848.603795  	71.291207 
848.961102  	70.628394 
849.318409  	70.145118 
849.675715  	69.533453 
850.033022  	69.379840 
850.390329  	69.598679 
850.747636  	70.139879 
851.104943  	71.323596 
851.462250  	72.697348 
851.819557  	74.176566 
852.176863  	76.165704 
852.534170  	78.466073 
852.891477  	80.031660 
853.248784  	81.025062 
853.606091  	82.474370 
853.963398  	83.724012 
854.320705  	84.512429 
854.678011  	85.081513 
855.035318  	85.146358 
855.392625  	85.140292 
855.749932  	85.092031 
856.107239  	85.126736 
856.464546  	85.248346 
856.821853  	84.883667 
857.179160  	84.649717 
857.536466  	84.444580 
857.893773  	83.588555 
858.251080  	82.767855 
858.608387  	82.588212 
858.965694  	82.942941 
859.323001  	82.726577 
859.680308  	81.768619 
860.037614  	81.381977 
860.394921  	81.103767 
860.752228  	80.564109 
861.109535  	80.571246 
861.466842  	80.530485 
861.824149  	80.207928 
862.181456  	80.164969 
862.538762  	79.953447 
862.896069  	79.650584 
863.253376  	80.049513 
863.610683  	80.774748 
863.967990  	81.205107 
864.325297  	81.764332 
864.682604  	82.437450 
865.039910  	82.882159 
865.397217  	83.536201 
865.754524  	84.020217 
866.111831  	83.989889 
866.469138  	84.106309 
866.826445  	84.119019 
867.183752  	84.028750 
867.541058  	84.148038 
867.898365  	84.104450 
868.255672  	84.304467 
868.612979  	84.492831 
868.970286  	84.027688 
869.327593  	83.773409 
869.684900  	83.762446 
870.042207  	83.559743 
870.399513  	83.446360 
870.756820  	83.114311 
871.114127  	82.742874 
871.471434  	82.809494 
871.828741  	82.752929 
872.186048  	82.317326 
872.543355  	81.957820 
872.900661  	81.921112 
873.257968  	81.923626 
873.615275  	81.494074 
873.972582  	81.045731 
874.329889  	81.079473 
874.687196  	81.127991 
875.044503  	80.910425 
875.401809  	80.438558 
875.759116  	79.961962 
876.116423  	79.885479 
876.473730  	79.649321 
876.831037  	79.315863 
877.188344  	79.577741 
877.545651  	79.740211 
877.902957  	79.473639 
878.260264  	79.141718 
878.617571  	78.962947 
878.974878  	79.167305 
879.332185  	79.207740 
879.689492  	79.104253 
880.046799  	79.368766 
880.404105  	79.773557 
880.761412  	80.019112 
881.118719  	79.839506 
881.476026  	79.759868 
881.833333  	79.974163 
882.190640  	79.986069 
882.547947  	80.046934 
882.905254  	79.740243 
883.262560  	79.177229 
883.619867  	79.073136 
883.977174  	79.105633 
884.334481  	79.439636 
884.691788  	79.477987 
885.049095  	78.908213 
885.406402  	78.774600 
885.763708  	78.566900 
886.121015  	78.232404 
886.478322  	78.395636 
886.835629  	78.301301 
887.192936  	77.849484 
887.550243  	77.794133 
887.907550  	78.097890 
888.264856  	78.025260 
888.622163  	77.719652 
888.979470  	77.732425 
889.336777  	77.633182 
889.694084  	77.118643 
890.051391  	76.561791 
890.408698  	76.581976 
890.766004  	76.829649 
891.123311  	76.672564 
891.480618  	76.783580 
891.837925  	76.874592 
892.195232  	76.496147 
892.552539  	76.427970 
892.909846  	76.403296 
893.267152  	76.136775 
893.624459  	76.136513 
893.981766  	76.421510 
894.339073  	76.454546 
894.696380  	75.966823 
895.053687  	75.544529 
895.410994  	75.306468 
895.768301  	75.079346 
896.125607  	75.006650 
896.482914  	74.817501 
896.840221  	74.749824 
897.197528  	75.017044 
897.554835  	74.924122 
897.912142  	74.618070 
898.269449  	74.788420 
898.626755  	74.996786 
898.984062  	74.644568 
899.341369  	74.178416 
899.698676  	74.150531 
900.055983  	74.419941 
900.413290  	74.645149 
900.770597  	74.702560 
901.127903  	74.564641 
901.485210  	74.382626 
901.842517  	74.251552 
902.199824  	73.984905 
902.557131  	73.708102 
902.914438  	73.560165 
903.271745  	73.566493 
903.629051  	73.658033 
903.986358  	73.340486 
904.343665  	73.037886 
904.700972  	73.186198 
905.058279  	73.162039 
905.415586  	73.064803 
905.772893  	72.974903 
906.130199  	72.871121 
906.487506  	73.030442 
906.844813  	72.896974 
907.202120  	72.465694 
907.559427  	72.282166 
907.916734  	72.306531 
908.274041  	72.304213 
908.631348  	72.196553 
908.988654  	72.344644 
909.345961  	72.403558 
909.703268  	71.813156 
910.060575  	71.290457 
910.417882  	71.269099 
910.775189  	71.445279 
911.132496  	71.685944 
911.489802  	71.756221 
911.847109  	71.537016 
912.204416  	71.473589 
912.561723  	71.605370 
912.919030  	71.455709 
913.276337  	71.192191 
913.633644  	70.993552 
913.990950  	70.817032 
914.348257  	70.844945 
914.705564  	70.900452 
915.062871  	70.793930 
915.420178  	70.587491 
915.777485  	70.422434 
916.134792  	70.296264 
916.492098  	70.024719 
916.849405  	69.740753 
917.206712  	69.610197 
917.564019  	69.788471 
917.921326  	70.022547 
918.278633  	69.904510 
918.635940  	69.900026 
918.993246  	69.934658 
919.350553  	69.567254 
919.707860  	69.178762 
920.065167  	68.981576 
920.422474  	68.854158 
920.779781  	68.809567 
921.137088  	69.029825 
921.494394  	69.202188 
921.851701  	69.033770 
922.209008  	69.015538 
922.566315  	68.977430 
922.923622  	68.755336 
923.280929  	68.700499 
923.638236  	68.710717 
923.995543  	68.885063 
924.352849  	69.093410 
924.710156  	69.045187 
925.067463  	68.793731 
925.424770  	68.408835 
925.782077  	68.236674 
926.139384  	68.188803 
926.496691  	68.286424 
926.853997  	68.710246 
927.211304  	68.650294 
927.568611  	68.236598 
927.925918  	68.352466 
928.283225  	68.627992 
928.640532  	68.659924 
928.997839  	68.697012 
929.355145  	68.975487 
929.712452  	69.235495 
930.069759  	69.118967 
930.427066  	69.114546 
930.784373  	69.283004 
931.141680  	69.259433 
931.498987  	69.453009 
931.856293  	69.568063 
932.213600  	69.481450 
932.570907  	69.736515 
932.928214  	69.657076 
933.285521  	69.507890 
933.642828  	70.053723 
934.000135  	70.394089 
934.357441  	70.372813 
934.714748  	70.410543 
935.072055  	70.591348 
935.429362  	70.941748 
935.786669  	70.953275 
936.143976  	71.034107 
936.501283  	71.586508 
936.858590  	72.011429 
937.215896  	72.326320 
937.573203  	72.582666 
937.930510  	72.720736 
938.287817  	73.034582 
938.645124  	73.602790 
939.002431  	74.055973 
939.359738  	74.035866 
939.717044  	74.142463 
940.074351  	74.668341 
940.431658  	75.042509 
940.788965  	75.214392 
941.146272  	75.287499 
941.503579  	75.502284 
941.860886  	75.796491 
942.218192  	75.770509 
942.575499  	76.027857 
942.932806  	76.642059 
943.290113  	76.937483 
943.647420  	77.101669 
944.004727  	77.507262 
944.362034  	78.073992 
944.719340  	78.226437 
945.076647  	78.023431 
945.433954  	78.220653 
945.791261  	78.556108 
946.148568  	78.718711 
946.505875  	78.855793 
946.863182  	78.843096 
947.220488  	78.950107 
947.577795  	79.257592 
947.935102  	79.306427 
948.292409  	79.371839 
948.649716  	80.025846 
949.007023  	80.587869 
949.364330  	80.521881 
949.721637  	80.535502 
950.078943  	80.654339 
950.436250  	80.656621 
950.793557  	80.728321 
951.150864  	80.657274 
951.508171  	80.715761 
951.865478  	81.019924 
952.222785  	81.064858 
952.580091  	80.839687 
952.937398  	80.746250 
953.294705  	81.056470 
953.652012  	81.218296 
954.009319  	80.827924 
954.366626  	80.446471 
954.723933  	80.206315 
955.081239  	79.777741 
955.438546  	79.364284 
955.795853  	79.405082 
956.153160  	79.661185 
956.510467  	79.863050 
956.867774  	80.062333 
957.225081  	79.974681 
957.582387  	79.769065 
957.939694  	79.564474 
958.297001  	79.360168 
958.654308  	79.600845 
959.011615  	79.999295 
959.368922  	80.305937 
959.726229  	80.470580 
960.083535  	80.264186 
960.440842  	80.017195 
960.798149  	79.765471 
961.155456  	79.523450 
961.512763  	79.383960 
961.870070  	79.161754 
962.227377  	78.886317 
962.584684  	78.638802 
962.941990  	78.845883 
963.299297  	79.417023 
963.656604  	79.867857 
964.013911  	80.379549 
964.371218  	80.706760 
964.728525  	80.770430 
965.085832  	80.923681 
965.443138  	80.986132 
965.800445  	80.931018 
966.157752  	81.027289 
966.515059  	81.272795 
966.872366  	81.382103 
967.229673  	81.334110 
967.586980  	81.147844 
967.944286  	80.989022 
968.301593  	81.293012 
968.658900  	81.508023 
969.016207  	81.325536 
969.373514  	81.377858 
969.730821  	81.628890 
970.088128  	81.715484 
970.445434  	81.548294 
970.802741  	81.490938 
971.160048  	81.657868 
971.517355  	81.553563 
971.874662  	81.259919 
972.231969  	81.092069 
972.589276  	81.011991 
972.946582  	80.906020 
973.303889  	81.066915 
973.661196  	81.594397 
974.018503  	81.791335 
974.375810  	81.778355 
974.733117  	81.735319 
975.090424  	81.375080 
975.447731  	81.321056 
975.805037  	81.559387 
976.162344  	81.610059 
976.519651  	81.629590 
976.876958  	81.640740 
977.234265  	81.829022 
977.591572  	82.014130 
977.948879  	81.792282 
978.306185  	81.550979 
978.663492  	81.503559 
979.020799  	81.383292 
979.378106  	81.180896 
979.735413  	81.152591 
980.092720  	81.306813 
980.450027  	81.396418 
980.807333  	81.428019 
981.164640  	81.483887 
981.521947  	81.618199 
981.879254  	81.729805 
982.236561  	81.656358 
982.593868  	81.676914 
982.951175  	81.742718 
983.308481  	81.690858 
983.665788  	81.672390 
984.023095  	81.399110 
984.380402  	81.163595 
984.737709  	81.265222 
985.095016  	81.236735 
985.452323  	81.363119 
985.809629  	81.519233 
986.166936  	81.409063 
986.524243  	81.488494 
986.881550  	81.474589 
987.238857  	81.375345 
987.596164  	81.360383 
987.953471  	81.217051 
988.310778  	81.154983 
988.668084  	81.127674 
989.025391  	81.364071 
989.382698  	81.533837 
989.740005  	81.117222 
990.097312  	81.118520 
990.454619  	81.443041 
990.811926  	81.293887 
991.169232  	81.043839 
991.526539  	80.934665 
991.883846  	80.997428 
992.241153  	81.130658 
992.598460  	81.047938 
992.955767  	80.579607 
993.313074  	80.280989 
993.670380  	80.670077 
994.027687  	80.832516 
994.384994  	80.496716 
994.742301  	80.455065 
995.099608  	80.653810 
995.456915  	80.630663 
995.814222  	80.392915 
996.171528  	80.285904 
996.528835  	80.125845 
996.886142  	79.866011 
997.243449  	79.922721 
997.600756  	80.117685 
997.958063  	80.198069 
998.315370  	80.217424 
998.672676  	80.495834 
999.029983  	80.743061 
999.387290  	80.505550 
999.744597  	80.493681 
1000.101904  	80.622568 
1000.459211  	80.754275 
1000.816518  	81.187195 
1001.173824  	81.009494 
1001.531131  	80.563229 
1001.888438  	80.715618 
1002.245745  	80.902649 
1002.603052  	80.914778 
1002.960359  	80.847780 
1003.317666  	80.737706 
1003.674973  	80.546834 
1004.032279  	80.368422 
1004.389586  	80.576594 
1004.746893  	80.778748 
1005.104200  	80.690490 
1005.461507  	80.671042 
1005.818814  	80.638020 
1006.176121  	80.316464 
1006.533427  	80.052131 
1006.890734  	80.256762 
1007.248041  	80.248412 
1007.605348  	79.783807 
1007.962655  	79.693848 
1008.319962  	79.778601 
1008.677269  	79.735963 
1009.034575  	79.848162 
1009.391882  	79.964837 
1009.749189  	80.183125 
1010.106496  	80.350381 
1010.463803  	80.053819 
1010.821110  	79.815216 
1011.178417  	79.987377 
1011.535723  	80.104811 
1011.893030  	79.854688 
1012.250337  	79.613372 
1012.607644  	79.760973 
1012.964951  	79.841657 
1013.322258  	79.712140 
1013.679565  	79.855568 
1014.036871  	79.926894 
1014.394178  	79.641620 
1014.751485  	79.674457 
1015.108792  	79.808280 
1015.466099  	79.393534 
1015.823406  	79.243003 
1016.180713  	79.520577 
1016.538020  	79.418624 
1016.895326  	79.376306 
1017.252633  	79.472247 
1017.609940  	79.200503 
1017.967247  	79.010218 
1018.324554  	79.230035 
1018.681861  	79.533187 
1019.039168  	79.441223 
1019.396474  	79.239191 
1019.753781  	79.374219 
1020.111088  	79.435089 
1020.468395  	79.364324 
1020.825702  	79.202489 
1021.183009  	78.925656 
1021.540316  	78.793013 
1021.897622  	78.663711 
1022.254929  	78.617263 
1022.612236  	78.676685 
1022.969543  	78.633035 
1023.326850  	78.606488 
1023.684157  	78.539567 
1024.041464  	78.456192 
1024.398770  	78.452808 
1024.756077  	78.456900 
1025.113384  	78.406153 
1025.470691  	78.465245 
1025.827998  	78.819058 
1026.185305  	78.950615 
1026.542612  	78.623103 
1026.899918  	78.301779 
1027.257225  	78.226213 
1027.614532  	78.269505 
1027.971839  	78.088030 
1028.329146  	77.779825 
1028.686453  	77.596045 
1029.043760  	77.697927 
1029.401067  	78.058064 
1029.758373  	78.144544 
1030.115680  	78.044546 
1030.472987  	77.964695 
1030.830294  	77.841200 
1031.187601  	77.688948 
1031.544908  	77.216466 
1031.902215  	77.010038 
1032.259521  	77.220235 
1032.616828  	77.015370 
1032.974135  	76.841621 
1033.331442  	76.903435 
1033.688749  	76.791965 
1034.046056  	76.833986 
1034.403363  	77.022400 
1034.760669  	77.004993 
1035.117976  	76.901072 
1035.475283  	77.096658 
1035.832590  	77.514823 
1036.189897  	77.769581 
1036.547204  	77.758142 
1036.904511  	77.534927 
1037.261817  	77.644036 
1037.619124  	78.357942 
1037.976431  	78.919026 
1038.333738  	78.860142 
1038.691045  	78.523310 
1039.048352  	78.515507 
1039.405659  	78.693400 
1039.762965  	78.447269 
1040.120272  	78.375778 
1040.477579  	78.608615 
1040.834886  	78.382658 
1041.192193  	78.183364 
1041.549500  	78.122356 
1041.906807  	77.820702 
1042.264114  	77.720637 
1042.621420  	77.867996 
1042.978727  	78.087841 
1043.336034  	77.997527 
1043.693341  	77.760622 
1044.050648  	78.020546 
1044.407955  	77.970300 
1044.765262  	77.703082 
1045.122568  	77.885751 
1045.479875  	77.768609 
1045.837182  	77.536783 
1046.194489  	77.355022 
1046.551796  	77.050235 
1046.909103  	77.265889 
1047.266410  	77.497667 
1047.623716  	77.278335 
1047.981023  	77.337971 
1048.338330  	77.616027 
1048.695637  	77.577246 
1049.052944  	77.396082 
1049.410251  	77.431616 
1049.767558  	77.639497 
1050.124864  	77.633718 
1050.482171  	77.257741 
1050.839478  	77.028146 
1051.196785  	77.093632 
1051.554092  	77.122234 
1051.911399  	77.048960 
1052.268706  	76.634244 
1052.626012  	76.308110 
1052.983319  	76.663421 
1053.340626  	76.861488 
1053.697933  	76.369748 
1054.055240  	76.094345 
1054.412547  	76.497919 
1054.769854  	76.789912 
1055.127161  	76.641264 
1055.484467  	76.435991 
1055.841774  	76.283234 
1056.199081  	76.326971 
1056.556388  	76.388362 
1056.913695  	76.368126 
1057.271002  	76.310922 
1057.628309  	76.156777 
1057.985615  	76.234236 
1058.342922  	76.089500 
1058.700229  	75.709986 
1059.057536  	75.707704 
1059.414843  	75.537540 
1059.772150  	75.406592 
1060.129457  	75.603538 
1060.486763  	75.637076 
1060.844070  	75.549660 
1061.201377  	75.196058 
1061.558684  	74.942822 
1061.915991  	75.113621 
1062.273298  	75.084492 
1062.630605  	75.108272 
1062.987911  	75.411226 
1063.345218  	75.124854 
1063.702525  	74.585535 
1064.059832  	74.751752 
1064.417139  	74.878338 
1064.774446  	74.526698 
1065.131753  	74.273203 
1065.489059  	74.156337 
1065.846366  	74.314624 
1066.203673  	74.340321 
1066.560980  	74.035730 
1066.918287  	74.159276 
1067.275594  	74.287078 
1067.632901  	74.060560 
1067.990208  	74.049485 
1068.347514  	74.097086 
1068.704821  	73.852305 
1069.062128  	73.673151 
1069.419435  	73.836791 
1069.776742  	74.053808 
1070.134049  	74.171026 
1070.491356  	73.964693 
1070.848662  	73.625184 
1071.205969  	73.566733 
1071.563276  	73.444064 
1071.920583  	73.597694 
1072.277890  	73.933625 
1072.635197  	73.943082 
1072.992504  	74.201575 
1073.349810  	74.307144 
1073.707117  	74.304541 
1074.064424  	74.773327 
1074.421731  	75.071914 
1074.779038  	75.297040 
1075.136345  	75.489714 
1075.493652  	75.579194 
1075.850958  	75.830822 
1076.208265  	75.780647 
1076.565572  	75.699006 
1076.922879  	75.887420 
1077.280186  	76.034322 
1077.637493  	76.209309 
1077.994800  	76.386894 
1078.352106  	76.433218 
1078.709413  	76.022722 
1079.066720  	75.608507 
1079.424027  	75.876775 
1079.781334  	75.971654 
1080.138641  	75.725960 
1080.495948  	75.836119 
1080.853255  	75.863932 
1081.210561  	75.629466 
1081.567868  	75.546391 
1081.925175  	75.609525 
1082.282482  	75.713400 
1082.639789  	75.853581 
1082.997096  	76.086986 
1083.354403  	76.217882 
1083.711709  	75.961853 
1084.069016  	75.775587 
1084.426323  	76.157599 
1084.783630  	76.521159 
1085.140937  	76.314777 
1085.498244  	76.055257 
1085.855551  	75.832748 
1086.212857  	75.446277 
1086.570164  	75.464502 
1086.927471  	75.716847 
1087.284778  	75.810220 
1087.642085  	75.861058 
1087.999392  	75.650371 
1088.356699  	75.825953 
1088.714005  	76.358548 
1089.071312  	76.051776 
1089.428619  	75.719308 
1089.785926  	75.991112 
1090.143233  	75.967900 
1090.500540  	75.781732 
1090.857847  	75.894132 
1091.215153  	76.057876 
1091.572460  	75.961965 
1091.929767  	75.784471 
1092.287074  	75.882293 
1092.644381  	76.116280 
1093.001688  	76.189395 
1093.358995  	75.995099 
1093.716301  	75.707665 
1094.073608  	75.602910 
1094.430915  	75.626780 
1094.788222  	75.555158 
1095.145529  	75.547696 
1095.502836  	75.871748 
1095.860143  	76.081817 
1096.217450  	76.050837 
1096.574756  	76.246670 
1096.932063  	76.313302 
1097.289370  	76.085335 
1097.646677  	76.049485 
1098.003984  	76.176751 
1098.361291  	76.306415 
1098.718598  	76.109816 
1099.075904  	75.573548 
1099.433211  	75.485280 
1099.790518  	75.539215 
1100.147825  	75.247524 
1100.505132  	75.528072 
1100.862439  	76.056804 
1101.219746  	75.721139 
1101.577052  	75.184773 
1101.934359  	75.337008 
1102.291666  	75.656827 
1102.648973  	75.501605 
1103.006280  	75.387139 
1103.363587  	75.259003 
1103.720894  	74.744044 
1104.078200  	74.812905 
1104.435507  	75.180618 
1104.792814  	75.093218 
1105.150121  	75.164809 
1105.507428  	75.362636 
1105.864735  	75.531529 
1106.222042  	75.354243 
1106.579348  	74.854024 
1106.936655  	74.946718 
1107.293962  	75.051347 
1107.651269  	74.705416 
1108.008576  	74.598709 
1108.365883  	74.723464 
1108.723190  	74.740063 
1109.080497  	74.565137 
1109.437803  	74.474417 
1109.795110  	74.449736 
1110.152417  	74.402995 
1110.509724  	74.451688 
1110.867031  	74.471879 
1111.224338  	74.753561 
1111.581645  	74.871605 
1111.938951  	74.379888 
1112.296258  	74.142623 
1112.653565  	74.175396 
1113.010872  	74.237865 
1113.368179  	74.476395 
1113.725486  	74.406856 
1114.082793  	74.139974 
1114.440099  	74.209193 
1114.797406  	74.313611 
1115.154713  	74.232310 
1115.512020  	74.321517 
1115.869327  	74.332410 
1116.226634  	74.221624 
1116.583941  	74.353468 
1116.941247  	74.187154 
1117.298554  	74.032788 
1117.655861  	74.303915 
1118.013168  	74.171450 
1118.370475  	73.892967 
1118.727782  	73.806871 
1119.085089  	73.710514 
1119.442395  	73.765231 
1119.799702  	73.726432 
1120.157009  	73.742252 
1120.514316  	73.793418 
1120.871623  	73.589514 
1121.228930  	73.665158 
1121.586237  	73.860489 
1121.943544  	73.810083 
1122.300850  	73.754650 
1122.658157  	73.618408 
1123.015464  	73.559789 
1123.372771  	73.676362 
1123.730078  	73.687263 
1124.087385  	73.566239 
1124.444692  	73.372607 
1124.801998  	73.105652 
1125.159305  	72.807689 
1125.516612  	72.886814 
1125.873919  	73.222385 
1126.231226  	73.037372 
1126.588533  	72.817011 
1126.945840  	72.920202 
1127.303146  	72.737512 
1127.660453  	72.666073 
1128.017760  	72.838303 
1128.375067  	72.782390 
1128.732374  	72.849948 
1129.089681  	73.074611 
1129.446988  	72.917286 
1129.804294  	72.476074 
1130.161601  	72.360144 
1130.518908  	72.547620 
1130.876215  	72.608014 
1131.233522  	72.562369 
1131.590829  	72.288512 
1131.948136  	71.943763 
1132.305442  	72.003071 
1132.662749  	72.224279 
1133.020056  	72.315636 
1133.377363  	72.155024 
1133.734670  	71.955202 
1134.091977  	72.110061 
1134.449284  	72.140109 
1134.806591  	71.888216 
1135.163897  	71.854069 
1135.521204  	72.035420 
1135.878511  	72.262471 
1136.235818  	72.273706 
1136.593125  	71.942671 
1136.950432  	71.633100 
1137.307739  	71.651072 
1137.665045  	71.806953 
1138.022352  	71.691387 
1138.379659  	71.666062 
1138.736966  	72.053290 
1139.094273  	72.200249 
1139.451580  	72.036156 
1139.808887  	72.008672 
1140.166193  	72.237245 
1140.523500  	72.751166 
1140.880807  	72.924414 
1141.238114  	72.627177 
1141.595421  	72.694486 
1141.952728  	72.860388 
1142.310035  	72.757462 
1142.667341  	72.825779 
1143.024648  	72.803644 
1143.381955  	72.642909 
1143.739262  	72.986528 
1144.096569  	73.428180 
1144.453876  	73.300032 
1144.811183  	73.217102 
1145.168489  	73.493760 
1145.525796  	73.528712 
1145.883103  	73.539218 
1146.240410  	73.731610 
1146.597717  	73.557941 
1146.955024  	73.458505 
1147.312331  	73.911540 
1147.669638  	74.124654 
1148.026944  	73.981179 
1148.384251  	74.126464 
1148.741558  	74.293208 
1149.098865  	74.282180 
1149.456172  	74.460923 
1149.813479  	74.696926 
1150.170786  	75.083741 
1150.528092  	75.715860 
1150.885399  	75.994648 
1151.242706  	76.151760 
1151.600013  	76.502886 
1151.957320  	76.640588 
1152.314627  	76.970995 
1152.671934  	77.479687 
1153.029240  	77.376655 
1153.386547  	77.097484 
1153.743854  	77.203448 
1154.101161  	77.311058 
1154.458468  	77.164448 
1154.815775  	77.104885 
1155.173082  	77.238999 
1155.530388  	77.025168 
1155.887695  	76.703912 
1156.245002  	76.584172 
1156.602309  	75.987112 
1156.959616  	75.384810 
1157.316923  	75.289413 
1157.674230  	75.019133 
1158.031536  	74.877577 
1158.388843  	74.984299 
1158.746150  	74.593251 
1159.103457  	74.115045 
1159.460764  	74.116299 
1159.818071  	74.174863 
1160.175378  	74.026469 
1160.532685  	73.870526 
1160.889991  	73.776270 
1161.247298  	73.771460 
1161.604605  	73.939203 
1161.961912  	74.210179 
1162.319219  	74.488548 
1162.676526  	74.694971 
1163.033833  	74.802937 
1163.391139  	74.942461 
1163.748446  	75.229911 
1164.105753  	75.423188 
1164.463060  	75.455040 
1164.820367  	75.942336 
1165.177674  	76.698638 
1165.534981  	76.925597 
1165.892287  	76.908523 
1166.249594  	77.183320 
1166.606901  	77.792558 
1166.964208  	78.292409 
1167.321515  	78.410093 
1167.678822  	78.775643 
1168.036129  	79.511797 
1168.393435  	79.994347 
1168.750742  	80.097161 
1169.108049  	80.199474 
1169.465356  	80.360409 
1169.822663  	80.402440 
1170.179970  	80.645992 
1170.537277  	80.970344 
1170.894583  	80.982670 
1171.251890  	81.017013 
1171.609197  	81.329813 
1171.966504  	81.786077 
1172.323811  	81.852477 
1172.681118  	81.550413 
1173.038425  	81.570209 
1173.395731  	81.731332 
1173.753038  	81.767974 
1174.110345  	81.799939 
1174.467652  	81.874659 
1174.824959  	81.851047 
1175.182266  	81.416231 
1175.539573  	81.080114 
1175.896880  	81.120501 
1176.254186  	80.931225 
1176.611493  	80.457082 
1176.968800  	80.102677 
1177.326107  	80.098661 
1177.683414  	80.164347 
1178.040721  	80.056662 
1178.398028  	79.837590 
1178.755334  	79.462556 
1179.112641  	79.355264 
1179.469948  	79.528237 
1179.827255  	79.445251 
1180.184562  	79.284459 
1180.541869  	79.173703 
1180.899176  	79.019500 
1181.256482  	78.841144 
1181.613789  	78.629309 
1181.971096  	78.583558 
1182.328403  	78.641327 
1182.685710  	78.627752 
1183.043017  	78.582873 
1183.400324  	78.350047 
1183.757630  	78.108413 
1184.114937  	78.186104 
1184.472244  	78.173725 
1184.829551  	77.927631 
1185.186858  	77.800483 
1185.544165  	77.647664 
1185.901472  	77.503819 
1186.258778  	77.538813 
1186.616085  	77.494853 
1186.973392  	77.405124 
1187.330699  	77.235848 
1187.688006  	76.939694 
1188.045313  	76.932075 
1188.402620  	76.995779 
1188.759927  	76.860941 
1189.117233  	76.884978 
1189.474540  	76.817853 
1189.831847  	76.579160 
1190.189154  	76.609353 
1190.546461  	76.598204 
1190.903768  	76.365010 
1191.261075  	76.151570 
1191.618381  	75.953145 
1191.975688  	75.904575 
1192.332995  	75.975565 
1192.690302  	75.956952 
1193.047609  	75.796503 
1193.404916  	75.627995 
1193.762223  	75.595472 
1194.119529  	75.482525 
1194.476836  	75.377173 
1194.834143  	75.310510 
1195.191450  	75.076677 
1195.548757  	75.090134 
1195.906064  	75.216093 
1196.263371  	75.092934 
1196.620677  	74.987843 
1196.977984  	74.822248 
1197.335291  	74.677382 
1197.692598  	74.638772 
1198.049905  	74.508508 
1198.407212  	74.596500 
1198.764519  	74.842886 
1199.121825  	74.818541 
1199.479132  	74.868657 
1199.836439  	75.231178 
1200.193746  	75.496385 
1200.551053  	75.728082 
1200.908360  	76.095434 
1201.265667  	76.374864 
1201.622974  	76.663686 
1201.980280  	76.815720 
1202.337587  	76.712882 
1202.694894  	76.737819 
1203.052201  	76.755661 
1203.409508  	76.634649 
1203.766815  	76.605939 
1204.124122  	76.562644 
1204.481428  	76.368756 
1204.838735  	76.215891 
1205.196042  	76.176363 
1205.553349  	76.002415 
1205.910656  	75.836905 
1206.267963  	75.871112 
1206.625270  	75.826008 
1206.982576  	75.747643 
1207.339883  	75.733214 
1207.697190  	75.617642 
1208.054497  	75.449398 
1208.411804  	75.289710 
1208.769111  	75.143172 
1209.126418  	75.119758 
1209.483724  	75.152160 
1209.841031  	75.071076 
1210.198338  	74.986764 
1210.555645  	74.827306 
1210.912952  	74.590868 
1211.270259  	74.693330 
1211.627566  	74.815724 
1211.984872  	74.532187 
1212.342179  	74.324960 
1212.699486  	74.451358 
1213.056793  	74.433929 
1213.414100  	74.069498 
1213.771407  	73.943158 
1214.128714  	74.140134 
1214.486021  	74.218123 
1214.843327  	74.165905 
1215.200634  	73.873699 
1215.557941  	73.568289 
1215.915248  	73.554298 
1216.272555  	73.564897 
1216.629862  	73.603602 
1216.987169  	73.619059 
1217.344475  	73.537050 
1217.701782  	73.471694 
1218.059089  	73.366795 
1218.416396  	73.416887 
1218.773703  	73.558899 
1219.131010  	73.394070 
1219.488317  	73.081614 
1219.845623  	72.993186 
1220.202930  	73.093724 
1220.560237  	73.161022 
1220.917544  	73.142708 
1221.274851  	73.053558 
1221.632158  	72.971049 
1221.989465  	72.928524 
1222.346771  	72.878927 
1222.704078  	72.831019 
1223.061385  	72.665726 
1223.418692  	72.485125 
1223.775999  	72.464331 
1224.133306  	72.456401 
1224.490613  	72.444462 
1224.847919  	72.449418 
1225.205226  	72.378478 
1225.562533  	72.280513 
1225.919840  	72.379250 
1226.277147  	72.466342 
1226.634454  	72.195680 
1226.991761  	72.132674 
1227.349068  	72.319228 
1227.706374  	72.219224 
1228.063681  	72.216374 
1228.420988  	72.246247 
1228.778295  	72.078547 
1229.135602  	72.152092 
1229.492909  	72.255066 
1229.850216  	72.130027 
1230.207522  	72.041703 
1230.564829  	72.110473 
1230.922136  	72.231839 
1231.279443  	72.180424 
1231.636750  	72.139815 
1231.994057  	72.338228 
1232.351364  	72.440949 
1232.708670  	72.397097 
1233.065977  	72.483086 
1233.423284  	72.593294 
1233.780591  	72.582426 
1234.137898  	72.548171 
1234.495205  	72.610456 
1234.852512  	72.792385 
1235.209818  	72.930900 
1235.567125  	72.819346 
1235.924432  	72.651798 
1236.281739  	72.771607 
1236.639046  	72.952730 
1236.996353  	72.952236 
1237.353660  	73.012673 
1237.710966  	73.101582 
1238.068273  	73.077329 
1238.425580  	73.073427 
1238.782887  	73.119514 
1239.140194  	73.300972 
1239.497501  	73.628898 
1239.854808  	73.853678 
1240.212115  	73.980327 
1240.569421  	74.163239 
1240.926728  	74.348197 
1241.284035  	74.536453 
1241.641342  	74.797027 
1241.998649  	74.994445 
1242.355956  	75.154546 
1242.713263  	75.552301 
1243.070569  	75.988841 
1243.427876  	76.131248 
1243.785183  	76.291450 
1244.142490  	76.679168 
1244.499797  	77.036837 
1244.857104  	77.344697 
1245.214411  	77.600835 
1245.571717  	77.736550 
1245.929024  	77.873563 
1246.286331  	77.949925 
1246.643638  	78.029316 
1247.000945  	78.201511 
1247.358252  	78.276764 
1247.715559  	78.402697 
1248.072865  	78.637474 
1248.430172  	78.802680 
1248.787479  	78.880519 
1249.144786  	78.757093 
1249.502093  	78.627238 
1249.859400  	78.756634 
1250.216707  	78.947173 
1250.574013  	79.027968 
1250.931320  	79.074253 
1251.288627  	79.130468 
1251.645934  	78.979880 
1252.003241  	78.724828 
1252.360548  	78.694970 
1252.717855  	78.699924 
1253.075161  	78.660890 
1253.432468  	78.656789 
1253.789775  	78.584031 
1254.147082  	78.484942 
1254.504389  	78.361663 
1254.861696  	78.189101 
1255.219003  	78.016728 
1255.576310  	77.872012 
1255.933616  	77.760645 
1256.290923  	77.685318 
1256.648230  	77.667752 
1257.005537  	77.636440 
1257.362844  	77.559911 
1257.720151  	77.420945 
1258.077458  	77.248941 
1258.434764  	77.142798 
1258.792071  	77.049829 
1259.149378  	76.995614 
1259.506685  	76.863281 
1259.863992  	76.630674 
1260.221299  	76.629540 
1260.578606  	76.724277 
1260.935912  	76.808732 
1261.293219  	76.891530 
1261.650526  	76.713988 
1262.007833  	76.560888 
1262.365140  	76.575915 
1262.722447  	76.537806 
1263.079754  	76.532923 
1263.437060  	76.477859 
1263.794367  	76.341839 
1264.151674  	76.284239 
1264.508981  	76.290210 
1264.866288  	76.302531 
1265.223595  	76.291130 
1265.580902  	76.334951 
1265.938208  	76.352414 
1266.295515  	76.215020 
1266.652822  	76.173490 
1267.010129  	76.224607 
1267.367436  	76.039313 
1267.724743  	75.821342 
1268.082050  	75.935488 
1268.439357  	76.077492 
1268.796663  	76.066087 
1269.153970  	76.137311 
1269.511277  	75.977753 
1269.868584  	75.613167 
1270.225891  	75.657162 
1270.583198  	75.880024 
1270.940505  	75.982126 
1271.297811  	76.038180 
1271.655118  	75.908130 
1272.012425  	75.772174 
1272.369732  	75.774676 
1272.727039  	75.730498 
1273.084346  	75.640930 
1273.441653  	75.570420 
1273.798959  	75.584969 
1274.156266  	75.658067 
1274.513573  	75.611516 
1274.870880  	75.442264 
1275.228187  	75.488689 
1275.585494  	75.776125 
1275.942801  	75.841253 
1276.300107  	75.775890 
1276.657414  	75.807443 
1277.014721  	75.795597 
1277.372028  	75.816906 
1277.729335  	75.870632 
1278.086642  	75.985414 
1278.443949  	76.089336 
1278.801255  	76.027850 
1279.158562  	76.084233 
1279.515869  	76.184744 
1279.873176  	76.274911 
1280.230483  	76.488372 
1280.587790  	76.446637 
1280.945097  	76.328363 
1281.302404  	76.576854 
1281.659710  	76.994035 
1282.017017  	77.275231 
1282.374324  	77.284637 
1282.731631  	77.210998 
1283.088938  	77.306773 
1283.446245  	77.536192 
1283.803552  	77.642271 
1284.160858  	77.481069 
1284.518165  	77.296288 
1284.875472  	77.216340 
1285.232779  	77.146406 
1285.590086  	77.054623 
1285.947393  	76.959807 
1286.304700  	76.879909 
1286.662006  	76.770115 
1287.019313  	76.664797 
1287.376620  	76.591674 
1287.733927  	76.538608 
1288.091234  	76.524087 
1288.448541  	76.498618 
1288.805848  	76.384903 
1289.163154  	76.239061 
1289.520461  	76.276062 
1289.877768  	76.348087 
1290.235075  	76.349527 
1290.592382  	76.561318 
1290.949689  	76.738450 
1291.306996  	76.689269 
1291.664302  	76.638007 
1292.021609  	76.625385 
1292.378916  	76.656751 
1292.736223  	76.687379 
1293.093530  	76.732684 
1293.450837  	76.711201 
1293.808144  	76.683129 
1294.165451  	76.838068 
1294.522757  	76.910020 
1294.880064  	76.905516 
1295.237371  	76.850745 
1295.594678  	76.774073 
1295.951985  	76.980036 
1296.309292  	77.047731 
1296.666599  	76.798954 
1297.023905  	76.639444 
1297.381212  	76.708698 
1297.738519  	76.926347 
1298.095826  	76.970841 
1298.453133  	76.946576 
1298.810440  	77.033746 
1299.167747  	77.191431 
1299.525053  	77.304359 
1299.882360  	77.116924 
1300.239667  	77.093305 
1300.596974  	77.361300 
1300.954281  	77.591574 
1301.311588  	77.862610 
1301.668895  	77.932193 
1302.026201  	77.991004 
1302.383508  	78.168314 
1302.740815  	78.231681 
1303.098122  	78.517093 
1303.455429  	78.836510 
1303.812736  	78.958076 
1304.170043  	79.158677 
1304.527349  	79.347352 
1304.884656  	79.374624 
1305.241963  	79.386342 
1305.599270  	79.476692 
1305.956577  	79.449243 
1306.313884  	79.417483 
1306.671191  	79.414759 
1307.028498  	79.241807 
1307.385804  	79.044400 
1307.743111  	78.642490 
1308.100418  	78.204702 
1308.457725  	78.030358 
1308.815032  	77.802197 
1309.172339  	77.596786 
1309.529646  	77.211845 
1309.886952  	76.595997 
1310.244259  	76.265820 
1310.601566  	76.058172 
1310.958873  	75.803977 
1311.316180  	75.564200 
1311.673487  	75.358698 
1312.030794  	75.225679 
1312.388100  	75.041184 
1312.745407  	74.855176 
1313.102714  	74.718066 
1313.460021  	74.740209 
1313.817328  	74.918470 
1314.174635  	74.905360 
1314.531942  	74.788546 
1314.889248  	74.823772 
1315.246555  	74.931725 
1315.603862  	74.914790 
1315.961169  	74.864613 
1316.318476  	74.952755 
1316.675783  	75.072436 
1317.033090  	75.206528 
1317.390396  	75.311278 
1317.747703  	75.429290 
1318.105010  	75.628626 
1318.462317  	75.763376 
1318.819624  	75.903451 
1319.176931  	75.912985 
1319.534238  	75.792972 
1319.891545  	75.867653 
1320.248851  	76.047080 
1320.606158  	76.321122 
1320.963465  	76.628471 
1321.320772  	76.762702 
1321.678079  	76.892863 
1322.035386  	77.067645 
1322.392693  	77.130533 
1322.749999  	77.112799 
1323.107306  	77.138375 
1323.464613  	77.312615 
1323.821920  	77.716628 
1324.179227  	78.100467 
1324.536534  	78.108139 
1324.893841  	78.065656 
1325.251147  	78.366362 
1325.608454  	78.718896 
1325.965761  	78.844974 
1326.323068  	78.976129 
1326.680375  	79.292309 
1327.037682  	79.539930 
1327.394989  	79.620730 
1327.752295  	79.812976 
1328.109602  	80.197001 
1328.466909  	80.485510 
1328.824216  	80.624460 
1329.181523  	80.804816 
1329.538830  	80.914939 
1329.896137  	81.018188 
1330.253443  	81.229927 
1330.610750  	81.349235 
1330.968057  	81.441428 
1331.325364  	81.585958 
1331.682671  	81.745518 
1332.039978  	81.887159 
1332.397285  	81.989988 
1332.754592  	82.046077 
1333.111898  	81.949050 
1333.469205  	81.964605 
1333.826512  	82.066145 
1334.183819  	82.062324 
1334.541126  	82.309708 
1334.898433  	82.477030 
1335.255740  	82.325895 
1335.613046  	82.359748 
1335.970353  	82.498829 
1336.327660  	82.500571 
1336.684967  	82.510108 
1337.042274  	82.705133 
1337.399581  	82.807135 
1337.756888  	82.714407 
1338.114194  	82.712531 
1338.471501  	82.597099 
1338.828808  	82.468922 
1339.186115  	82.682088 
1339.543422  	82.777984 
1339.900729  	82.650823 
1340.258036  	82.526273 
1340.615342  	82.556090 
1340.972649  	82.709650 
1341.329956  	82.741682 
1341.687263  	82.782857 
1342.044570  	82.772812 
1342.401877  	82.512224 
1342.759184  	82.449619 
1343.116490  	82.715405 
1343.473797  	82.802311 
1343.831104  	82.759966 
1344.188411  	82.828241 
1344.545718  	82.892224 
1344.903025  	82.973422 
1345.260332  	82.992064 
1345.617638  	82.947234 
1345.974945  	82.947678 
1346.332252  	82.797724 
1346.689559  	82.646797 
1347.046866  	82.711211 
1347.404173  	82.768727 
1347.761480  	82.648093 
1348.118787  	82.426557 
1348.476093  	82.473499 
1348.833400  	82.758474 
1349.190707  	82.808548 
1349.548014  	82.682135 
1349.905321  	82.589630 
1350.262628  	82.521153 
1350.619935  	82.559153 
1350.977241  	82.620572 
1351.334548  	82.500846 
1351.691855  	82.283862 
1352.049162  	82.206853 
1352.406469  	82.208902 
1352.763776  	82.134371 
1353.121083  	82.068488 
1353.478389  	82.007380 
1353.835696  	81.847802 
1354.193003  	81.617912 
1354.550310  	81.456177 
1354.907617  	81.551194 
1355.264924  	81.631083 
1355.622231  	81.402527 
1355.979537  	81.250175 
1356.336844  	81.229542 
1356.694151  	81.101999 
1357.051458  	81.015142 
1357.408765  	80.922675 
1357.766072  	80.758513 
1358.123379  	80.607362 
1358.480685  	80.462907 
1358.837992  	80.342572 
1359.195299  	80.147026 
1359.552606  	80.018721 
1359.909913  	80.066235 
1360.267220  	79.986326 
1360.624527  	79.817082 
1360.981834  	79.782577 
1361.339140  	79.672633 
1361.696447  	79.276909 
1362.053754  	78.988913 
1362.411061  	78.940487 
1362.768368  	78.793676 
1363.125675  	78.768919 
1363.482982  	78.819539 
1363.840288  	78.498367 
1364.197595  	78.263757 
1364.554902  	78.083485 
1364.912209  	77.837273 
1365.269516  	77.612121 
1365.626823  	77.395689 
1365.984130  	77.266311 
1366.341436  	77.039525 
1366.698743  	76.850594 
1367.056050  	76.911376 
1367.413357  	76.844857 
1367.770664  	76.720301 
1368.127971  	76.718463 
1368.485278  	76.711818 
1368.842584  	76.754929 
1369.199891  	76.677004 
1369.557198  	76.578076 
1369.914505  	76.856722 
1370.271812  	77.154586 
1370.629119  	77.221144 
1370.986426  	77.432170 
1371.343732  	77.638609 
1371.701039  	77.942583 
1372.058346  	78.414462 
1372.415653  	78.571601 
1372.772960  	78.808864 
1373.130267  	79.123147 
1373.487574  	79.372329 
1373.844881  	80.317838 
1374.202187  	80.856318 
1374.559494  	80.894539 
1374.916801  	81.545262 
1375.274108  	82.088142 
1375.631415  	82.168026 
1375.988722  	82.505716 
1376.346029  	82.939320 
1376.703335  	83.194797 
1377.060642  	83.431608 
1377.417949  	83.804196 
1377.775256  	84.037464 
1378.132563  	84.072063 
1378.489870  	84.130496 
1378.847177  	84.221576 
1379.204483  	84.372792 
1379.561790  	84.368825 
1379.919097  	84.217687 
1380.276404  	84.218785 
1380.633711  	84.171291 
1380.991018  	84.046231 
1381.348325  	83.997223 
1381.705631  	83.865146 
1382.062938  	83.645085 
1382.420245  	83.474818 
1382.777552  	83.307669 
1383.134859  	83.061819 
1383.492166  	82.833460 
1383.849473  	82.757247 
1384.206779  	82.820902 
1384.564086  	82.889348 
1384.921393  	82.812492 
1385.278700  	82.670256 
1385.636007  	82.713538 
1385.993314  	82.935627 
1386.350621  	83.199998 
1386.707928  	83.433880 
1387.065234  	83.480176 
1387.422541  	83.582508 
1387.779848  	84.144682 
1388.137155  	84.489136 
1388.494462  	84.724498 
1388.851769  	85.053462 
1389.209076  	85.142859 
1389.566382  	85.145375 
1389.923689  	85.429195 
1390.280996  	85.685864 
1390.638303  	85.737558 
1390.995610  	85.843555 
1391.352917  	86.017685 
1391.710224  	86.150176 
1392.067530  	86.144102 
1392.424837  	86.158709 
1392.782144  	86.207583 
1393.139451  	85.903382 
1393.496758  	85.720471 
1393.854065  	85.901664 
1394.211372  	85.874225 
1394.568678  	86.090259 
1394.925985  	86.322266 
1395.283292  	86.060287 
1395.640599  	85.995668 
1395.997906  	85.982098 
1396.355213  	85.856042 
1396.712520  	85.921727 
1397.069826  	85.934369 
1397.427133  	85.752283 
1397.784440  	85.717934 
1398.141747  	86.015255 
1398.499054  	86.091397 
1398.856361  	85.812974 
1399.213668  	85.588479 
1399.570975  	85.654593 
1399.928281  	85.920447 
1400.285588  	86.083466 
1400.642895  	85.870997 
1401.000202  	85.820433 
1401.357509  	86.030527 
1401.714816  	85.984272 
1402.072123  	85.828702 
1402.429429  	85.807396 
1402.786736  	85.841897 
1403.144043  	85.901793 
1403.501350  	86.029200 
1403.858657  	86.048462 
1404.215964  	85.742606 
1404.573271  	85.396419 
1404.930577  	85.344909 
1405.287884  	85.574045 
1405.645191  	85.757840 
1406.002498  	85.782863 
1406.359805  	85.658691 
1406.717112  	85.490680 
1407.074419  	85.528756 
1407.431725  	85.727560 
1407.789032  	85.732638 
1408.146339  	85.675269 
1408.503646  	85.719597 
1408.860953  	85.667137 
1409.218260  	85.540399 
1409.575567  	85.428534 
1409.932873  	85.328939 
1410.290180  	85.254008 
1410.647487  	85.251383 
1411.004794  	85.268160 
1411.362101  	85.154967 
1411.719408  	85.091341 
1412.076715  	85.087950 
1412.434022  	84.912276 
1412.791328  	84.743624 
1413.148635  	84.659707 
1413.505942  	84.615207 
1413.863249  	84.626185 
1414.220556  	84.580913 
1414.577863  	84.488162 
1414.935170  	84.463977 
1415.292476  	84.438138 
1415.649783  	84.263254 
1416.007090  	84.159737 
1416.364397  	84.152707 
1416.721704  	83.946324 
1417.079011  	83.928811 
1417.436318  	84.134220 
1417.793624  	83.965373 
1418.150931  	83.726576 
1418.508238  	83.464138 
1418.865545  	83.170350 
1419.222852  	83.485524 
1419.580159  	84.094911 
1419.937466  	83.763051 
1420.294772  	83.756318 
1420.652079  	83.951894 
1421.009386  	83.806787 
1421.366693  	83.495152 
1421.724000  	83.529421 
1422.081307  	83.614085 
1422.438614  	83.640747 
1422.795920  	83.724175 
1423.153227  	83.600448 
1423.510534  	83.409722 
1423.867841  	83.569286 
1424.225148  	83.851761 
1424.582455  	83.723347 
1424.939762  	83.508237 
1425.297068  	83.516774 
1425.654375  	83.547481 
1426.011682  	83.609765 
1426.368989  	83.704768 
1426.726296  	83.559765 
1427.083603  	83.520806 
1427.440910  	83.723768 
1427.798217  	83.746578 
1428.155523  	83.635133 
1428.512830  	83.510552 
1428.870137  	83.496676 
1429.227444  	83.639885 
1429.584751  	83.604407 
1429.942058  	83.556681 
1430.299365  	83.650878 
1430.656671  	83.597686 
1431.013978  	83.673861 
1431.371285  	83.682672 
1431.728592  	83.550679 
1432.085899  	83.612449 
1432.443206  	83.623149 
1432.800513  	83.569032 
1433.157819  	83.630345 
1433.515126  	83.645030 
1433.872433  	83.548379 
1434.229740  	83.450083 
1434.587047  	83.486854 
1434.944354  	83.407879 
1435.301661  	83.199838 
1435.658967  	83.164124 
1436.016274  	82.959642 
1436.373581  	82.464102 
1436.730888  	82.131242 
1437.088195  	82.523205 
1437.445502  	82.806938 
1437.802809  	83.022898 
1438.160115  	83.131428 
1438.517422  	83.076990 
1438.874729  	83.024501 
1439.232036  	83.043323 
1439.589343  	83.023004 
1439.946650  	83.009465 
1440.303957  	82.952972 
1440.661264  	82.941309 
1441.018570  	83.116848 
1441.375877  	83.114379 
1441.733184  	82.889186 
1442.090491  	82.824501 
1442.447798  	82.904394 
1442.805105  	82.897717 
1443.162412  	82.742616 
1443.519718  	82.560081 
1443.877025  	82.443379 
1444.234332  	82.444735 
1444.591639  	82.582027 
1444.948946  	82.636781 
1445.306253  	82.508603 
1445.663560  	82.421222 
1446.020866  	82.386957 
1446.378173  	82.306605 
1446.735480  	82.229186 
1447.092787  	82.005000 
1447.450094  	81.737673 
1447.807401  	81.903526 
1448.164708  	82.092444 
1448.522014  	81.667115 
1448.879321  	81.362851 
1449.236628  	81.216208 
1449.593935  	80.972302 
1449.951242  	80.719147 
1450.308549  	80.623925 
1450.665856  	80.608571 
1451.023162  	80.489556 
1451.380469  	80.211857 
1451.737776  	80.072256 
1452.095083  	80.259676 
1452.452390  	80.367458 
1452.809697  	80.354739 
1453.167004  	80.484857 
1453.524311  	80.678899 
1453.881617  	80.846798 
1454.238924  	80.975254 
1454.596231  	81.049715 
1454.953538  	81.144566 
1455.310845  	81.377199 
1455.668152  	81.524968 
1456.025459  	81.476519 
1456.382765  	81.527406 
1456.740072  	81.981832 
1457.097379  	82.204783 
1457.454686  	81.612654 
1457.811993  	81.205697 
1458.169300  	81.263076 
1458.526607  	81.010759 
1458.883913  	80.662199 
1459.241220  	81.176995 
1459.598527  	81.402949 
1459.955834  	81.096762 
1460.313141  	81.384766 
1460.670448  	81.817816 
1461.027755  	81.809002 
1461.385061  	81.768121 
1461.742368  	81.871708 
1462.099675  	81.960129 
1462.456982  	82.046406 
1462.814289  	82.248373 
1463.171596  	82.451434 
1463.528903  	82.467203 
1463.886209  	82.353032 
1464.243516  	82.238058 
1464.600823  	82.394185 
1464.958130  	82.970441 
1465.315437  	82.805115 
1465.672744  	82.548670 
1466.030051  	82.681326 
1466.387358  	82.821170 
1466.744664  	82.867513 
1467.101971  	82.978338 
1467.459278  	83.124795 
1467.816585  	83.261123 
1468.173892  	83.328177 
1468.531199  	83.447867 
1468.888506  	83.596664 
1469.245812  	83.574320 
1469.603119  	83.580539 
1469.960426  	83.720247 
1470.317733  	83.846656 
1470.675040  	83.899221 
1471.032347  	83.776221 
1471.389654  	83.418548 
1471.746960  	83.250732 
1472.104267  	84.209805 
1472.461574  	84.402699 
1472.818881  	83.894023 
1473.176188  	83.814687 
1473.533495  	83.803020 
1473.890802  	83.808515 
1474.248108  	83.955992 
1474.605415  	83.941947 
1474.962722  	83.971466 
1475.320029  	83.943657 
1475.677336  	83.677526 
1476.034643  	83.605803 
1476.391950  	84.107282 
1476.749256  	84.193221 
1477.106563  	84.002861 
1477.463870  	84.095456 
1477.821177  	84.228397 
1478.178484  	84.167563 
1478.535791  	84.111539 
1478.893098  	84.044479 
1479.250405  	84.010844 
1479.607711  	84.048541 
1479.965018  	84.033024 
1480.322325  	83.843895 
1480.679632  	83.515654 
1481.036939  	83.414593 
1481.394246  	83.484896 
1481.751553  	83.378127 
1482.108859  	83.263141 
1482.466166  	83.126837 
1482.823473  	82.916190 
1483.180780  	82.762321 
1483.538087  	82.710221 
1483.895394  	82.670033 
1484.252701  	82.565403 
1484.610007  	82.493865 
1484.967314  	82.473146 
1485.324621  	82.475262 
1485.681928  	82.508760 
1486.039235  	82.603993 
1486.396542  	82.788711 
1486.753849  	82.860861 
1487.111155  	82.972619 
1487.468462  	83.507247 
1487.825769  	83.949292 
1488.183076  	84.116901 
1488.540383  	84.095315 
1488.897690  	84.046274 
1489.254997  	84.228771 
1489.612303  	84.617551 
1489.969610  	85.032503 
1490.326917  	84.981142 
1490.684224  	85.037185 
1491.041531  	85.480433 
1491.398838  	85.492038 
1491.756145  	85.584729 
1492.113452  	85.888259 
1492.470758  	86.007186 
1492.828065  	86.083876 
1493.185372  	86.402815 
1493.542679  	86.803153 
1493.899986  	86.935117 
1494.257293  	86.974297 
1494.614600  	87.134546 
1494.971906  	87.299541 
1495.329213  	87.419829 
1495.686520  	87.320824 
1496.043827  	87.223850 
1496.401134  	87.453166 
1496.758441  	87.462760 
1497.115748  	87.733245 
1497.473054  	88.028160 
1497.830361  	87.997983 
1498.187668  	87.817523 
1498.544975  	87.592353 
1498.902282  	87.745824 
1499.259589  	88.109441 
1499.616896  	88.064554 
1499.974202  	87.991734 
1500.331509  	87.995013 
1500.688816  	88.043604 
1501.046123  	88.017456 
1501.403430  	87.904216 
1501.760737  	87.880493 
1502.118044  	87.881697 
1502.475350  	87.937479 
1502.832657  	88.111185 
1503.189964  	88.155882 
1503.547271  	88.034201 
1503.904578  	87.891689 
1504.261885  	87.824716 
1504.619192  	87.956494 
1504.976498  	88.123442 
1505.333805  	88.187548 
1505.691112  	88.471167 
1506.048419  	88.239430 
1506.405726  	87.732646 
1506.763033  	87.400414 
1507.120340  	87.515004 
1507.477647  	87.960953 
1507.834953  	87.915475 
1508.192260  	87.726440 
1508.549567  	87.910572 
1508.906874  	88.106003 
1509.264181  	88.004877 
1509.621488  	87.907253 
1509.978795  	87.623575 
1510.336101  	87.528941 
1510.693408  	87.763297 
1511.050715  	87.901247 
1511.408022  	87.918173 
1511.765329  	87.929531 
1512.122636  	87.646288 
1512.479943  	87.156385 
1512.837249  	87.405133 
1513.194556  	87.738626 
1513.551863  	87.683579 
1513.909170  	87.598285 
1514.266477  	87.691223 
1514.623784  	87.675666 
1514.981091  	87.480454 
1515.338397  	87.298147 
1515.695704  	87.225578 
1516.053011  	87.292115 
1516.410318  	87.490687 
1516.767625  	87.468618 
1517.124932  	87.295765 
1517.482239  	87.103311 
1517.839545  	86.786065 
1518.196852  	86.950450 
1518.554159  	87.199874 
1518.911466  	87.271266 
1519.268773  	87.316542 
1519.626080  	87.270062 
1519.983387  	87.197520 
1520.340694  	87.032772 
1520.698000  	86.701345 
1521.055307  	86.686172 
1521.412614  	86.699434 
1521.769921  	86.548263 
1522.127228  	86.540421 
1522.484535  	86.531610 
1522.841842  	86.587962 
1523.199148  	86.602225 
1523.556455  	86.601861 
1523.913762  	86.554115 
1524.271069  	86.554051 
1524.628376  	86.692304 
1524.985683  	86.674551 
1525.342990  	86.704243 
1525.700296  	86.819410 
1526.057603  	86.581126 
1526.414910  	86.460079 
1526.772217  	86.286672 
1527.129524  	86.082427 
1527.486831  	86.165521 
1527.844138  	86.310517 
1528.201444  	86.432459 
1528.558751  	86.461887 
1528.916058  	86.352497 
1529.273365  	86.358420 
1529.630672  	86.344395 
1529.987979  	86.217643 
1530.345286  	86.045131 
1530.702592  	86.060360 
1531.059899  	86.228025 
1531.417206  	86.120178 
1531.774513  	85.921732 
1532.131820  	85.923638 
1532.489127  	85.870988 
1532.846434  	85.828914 
1533.203741  	85.756671 
1533.561047  	85.690072 
1533.918354  	85.794397 
1534.275661  	85.573372 
1534.632968  	85.605911 
1534.990275  	85.977179 
1535.347582  	86.075286 
1535.704889  	85.771227 
1536.062195  	85.638021 
1536.419502  	85.691606 
1536.776809  	85.582548 
1537.134116  	85.471147 
1537.491423  	85.486800 
1537.848730  	85.423085 
1538.206037  	85.383130 
1538.563343  	85.304634 
1538.920650  	85.335906 
1539.277957  	85.841470 
1539.635264  	84.965645 
1539.992571  	84.558679 
1540.349878  	85.281770 
1540.707185  	85.102319 
1541.064491  	84.837563 
1541.421798  	84.929502 
1541.779105  	85.086618 
1542.136412  	85.658276 
1542.493719  	85.451127 
1542.851026  	84.864548 
1543.208333  	84.666316 
1543.565639  	84.749922 
1543.922946  	84.828135 
1544.280253  	84.841173 
1544.637560  	84.762694 
1544.994867  	84.655557 
1545.352174  	84.718521 
1545.709481  	84.633941 
1546.066788  	84.524446 
1546.424094  	84.442046 
1546.781401  	84.323961 
1547.138708  	84.359272 
1547.496015  	84.448434 
1547.853322  	84.429662 
1548.210629  	84.477337 
1548.567936  	84.519885 
1548.925242  	84.437753 
1549.282549  	84.402261 
1549.639856  	84.352384 
1549.997163  	84.227155 
1550.354470  	84.463901 
1550.711777  	84.574378 
1551.069084  	84.309066 
1551.426390  	84.157388 
1551.783697  	84.151918 
1552.141004  	84.289841 
1552.498311  	84.528879 
1552.855618  	84.478076 
1553.212925  	84.307458 
1553.570232  	84.260742 
1553.927538  	84.324077 
1554.284845  	84.494786 
1554.642152  	84.226366 
1554.999459  	84.063056 
1555.356766  	84.029958 
1555.714073  	83.944575 
1556.071380  	83.997872 
1556.428686  	84.120799 
1556.785993  	84.201943 
1557.143300  	84.249365 
1557.500607  	84.157731 
1557.857914  	84.181475 
1558.215221  	84.453548 
1558.572528  	84.539408 
1558.929835  	84.332473 
1559.287141  	84.196563 
1559.644448  	84.304675 
1560.001755  	85.375247 
1560.359062  	85.034368 
1560.716369  	83.980698 
1561.073676  	83.783343 
1561.430983  	83.863675 
1561.788289  	83.970577 
1562.145596  	83.886043 
1562.502903  	83.737813 
1562.860210  	83.762974 
1563.217517  	83.694818 
1563.574824  	83.572006 
1563.932131  	83.519730 
1564.289437  	83.341713 
1564.646744  	83.353576 
1565.004051  	83.662578 
1565.361358  	83.504675 
1565.718665  	83.229627 
1566.075972  	83.139010 
1566.433279  	82.929094 
1566.790585  	82.683776 
1567.147892  	82.657130 
1567.505199  	82.709573 
1567.862506  	82.766674 
1568.219813  	82.619412 
1568.577120  	82.302596 
1568.934427  	82.218374 
1569.291733  	82.048368 
1569.649040  	81.879585 
1570.006347  	82.374581 
1570.363654  	82.511041 
1570.720961  	82.360052 
1571.078268  	82.126865 
1571.435575  	82.131473 
1571.792882  	82.281592 
1572.150188  	82.117218 
1572.507495  	82.100133 
1572.864802  	82.219446 
1573.222109  	82.225274 
1573.579416  	82.330186 
1573.936723  	82.187376 
1574.294030  	81.947617 
1574.651336  	81.968881 
1575.008643  	82.007960 
1575.365950  	81.954240 
1575.723257  	81.665960 
1576.080564  	81.421236 
1576.437871  	82.266940 
1576.795178  	82.304055 
1577.152484  	82.229169 
1577.509791  	82.289117 
1577.867098  	82.233478 
1578.224405  	82.042057 
1578.581712  	82.006874 
1578.939019  	82.202795 
1579.296326  	82.351010 
1579.653632  	82.327723 
1580.010939  	82.214934 
1580.368246  	82.170472 
1580.725553  	82.278432 
1581.082860  	82.406647 
1581.440167  	82.417256 
1581.797474  	82.350746 
1582.154780  	82.371364 
1582.512087  	82.432924 
1582.869394  	82.408694 
1583.226701  	82.391089 
1583.584008  	82.472158 
1583.941315  	82.650146 
1584.298622  	82.795626 
1584.655928  	82.793686 
1585.013235  	82.694148 
1585.370542  	82.625361 
1585.727849  	82.726092 
1586.085156  	82.886555 
1586.442463  	82.948077 
1586.799770  	82.960128 
1587.157077  	82.904411 
1587.514383  	82.838775 
1587.871690  	82.918716 
1588.228997  	83.025105 
1588.586304  	83.024357 
1588.943611  	83.069335 
1589.300918  	83.163258 
1589.658225  	83.188882 
1590.015531  	83.266677 
1590.372838  	83.340404 
1590.730145  	83.360330 
1591.087452  	83.502898 
1591.444759  	83.651520 
1591.802066  	83.769392 
1592.159373  	83.895837 
1592.516679  	83.828569 
1592.873986  	83.790452 
1593.231293  	84.027319 
1593.588600  	84.177296 
1593.945907  	83.989940 
1594.303214  	83.805779 
1594.660521  	83.999701 
1595.017827  	84.226323 
1595.375134  	84.221833 
1595.732441  	84.276270 
1596.089748  	84.409889 
1596.447055  	84.575838 
1596.804362  	84.784407 
1597.161669  	84.936266 
1597.518975  	85.032869 
1597.876282  	84.962606 
1598.233589  	84.867500 
1598.590896  	85.005904 
1598.948203  	85.152402 
1599.305510  	85.184305 
1599.662817  	85.230995 
1600.020124  	85.326343 
1600.377430  	85.408428 
1600.734737  	85.489606 
1601.092044  	85.630124 
1601.449351  	85.743804 
1601.806658  	85.868273 
1602.163965  	85.921022 
1602.521272  	85.835883 
1602.878578  	85.872404 
1603.235885  	85.958320 
1603.593192  	85.988673 
1603.950499  	85.955296 
1604.307806  	85.808884 
1604.665113  	85.759630 
1605.022420  	85.796780 
1605.379726  	85.903444 
1605.737033  	86.044870 
1606.094340  	86.051687 
1606.451647  	86.145599 
1606.808954  	86.372123 
1607.166261  	86.571131 
1607.523568  	86.702546 
1607.880874  	86.709548 
1608.238181  	86.641664 
1608.595488  	86.597497 
1608.952795  	86.746715 
1609.310102  	86.959703 
1609.667409  	87.053827 
1610.024716  	87.193054 
1610.382022  	87.346534 
1610.739329  	87.632885 
1611.096636  	87.922004 
1611.453943  	87.886384 
1611.811250  	87.935833 
1612.168557  	88.173992 
1612.525864  	88.299391 
1612.883171  	88.516537 
1613.240477  	88.798019 
1613.597784  	88.929583 
1613.955091  	89.073292 
1614.312398  	89.207049 
1614.669705  	89.191515 
1615.027012  	89.176179 
1615.384319  	89.289737 
1615.741625  	89.493207 
1616.098932  	89.657768 
1616.456239  	89.797153 
1616.813546  	89.771905 
1617.170853  	89.392444 
1617.528160  	89.521377 
1617.885467  	89.706468 
1618.242773  	89.633637 
1618.600080  	89.637000 
1618.957387  	89.792809 
1619.314694  	89.841664 
1619.672001  	89.904232 
1620.029308  	90.064632 
1620.386615  	90.122620 
1620.743921  	90.142631 
1621.101228  	90.380550 
1621.458535  	90.492773 
1621.815842  	90.406285 
1622.173149  	90.596039 
1622.530456  	90.762140 
1622.887763  	90.619549 
1623.245069  	90.414221 
1623.602376  	89.972404 
1623.959683  	90.036851 
1624.316990  	90.509844 
1624.674297  	90.656918 
1625.031604  	90.467041 
1625.388911  	90.336584 
1625.746218  	90.440022 
1626.103524  	90.486107 
1626.460831  	90.467597 
1626.818138  	90.483135 
1627.175445  	90.506536 
1627.532752  	90.647000 
1627.890059  	90.523774 
1628.247366  	90.292327 
1628.604672  	90.501656 
1628.961979  	90.533811 
1629.319286  	90.443135 
1629.676593  	90.520871 
1630.033900  	90.415987 
1630.391207  	90.305511 
1630.748514  	90.349142 
1631.105820  	90.345820 
1631.463127  	90.387390 
1631.820434  	90.199622 
1632.177741  	89.875706 
1632.535048  	89.945106 
1632.892355  	90.107794 
1633.249662  	90.143665 
1633.606968  	90.107877 
1633.964275  	89.882565 
1634.321582  	89.794291 
1634.678889  	89.930820 
1635.036196  	89.954782 
1635.393503  	89.750157 
1635.750810  	89.195649 
1636.108116  	89.309743 
1636.465423  	89.413144 
1636.822730  	89.152994 
1637.180037  	89.173418 
1637.537344  	89.407356 
1637.894651  	89.113708 
1638.251958  	88.924984 
1638.609265  	88.795931 
1638.966571  	88.757666 
1639.323878  	88.899656 
1639.681185  	88.725076 
1640.038492  	88.486028 
1640.395799  	88.463706 
1640.753106  	88.518924 
1641.110413  	88.632645 
1641.467719  	88.541653 
1641.825026  	88.429445 
1642.182333  	88.422552 
1642.539640  	88.312279 
1642.896947  	88.321917 
1643.254254  	88.215456 
1643.611561  	87.908574 
1643.968867  	87.866699 
1644.326174  	87.969374 
1644.683481  	87.865164 
1645.040788  	87.567387 
1645.398095  	87.495947 
1645.755402  	87.792769 
1646.112709  	87.417172 
1646.470015  	86.913464 
1646.827322  	86.806323 
1647.184629  	86.587195 
1647.541936  	86.460419 
1647.899243  	86.415282 
1648.256550  	86.471779 
1648.613857  	86.585690 
1648.971163  	86.516149 
1649.328470  	86.524392 
1649.685777  	86.455732 
1650.043084  	86.280369 
1650.400391  	86.227785 
1650.757698  	86.222592 
1651.115005  	86.327661 
1651.472312  	86.368431 
1651.829618  	86.113379 
1652.186925  	85.559116 
1652.544232  	83.926837 
1652.901539  	83.796619 
1653.258846  	86.110077 
1653.616153  	86.202037 
1653.973460  	85.199518 
1654.330766  	84.675974 
1654.688073  	85.368888 
1655.045380  	85.629765 
1655.402687  	85.369419 
1655.759994  	85.471874 
1656.117301  	85.619913 
1656.474608  	85.614865 
1656.831914  	85.598160 
1657.189221  	85.517526 
1657.546528  	85.495687 
1657.903835  	85.584603 
1658.261142  	85.633233 
1658.618449  	85.505963 
1658.975756  	85.470283 
1659.333062  	85.646004 
1659.690369  	85.698842 
1660.047676  	85.662040 
1660.404983  	85.575900 
1660.762290  	85.464965 
1661.119597  	85.414232 
1661.476904  	85.394448 
1661.834210  	85.546422 
1662.191517  	85.523342 
1662.548824  	85.260249 
1662.906131  	85.456722 
1663.263438  	85.617672 
1663.620745  	85.721763 
1663.978052  	86.037872 
1664.335359  	86.185013 
1664.692665  	86.155469 
1665.049972  	86.047557 
1665.407279  	85.931447 
1665.764586  	85.977615 
1666.121893  	86.226571 
1666.479200  	86.500572 
1666.836507  	86.515423 
1667.193813  	86.464109 
1667.551120  	86.568247 
1667.908427  	86.720816 
1668.265734  	86.869321 
1668.623041  	86.744779 
1668.980348  	86.583792 
1669.337655  	87.248147 
1669.694961  	87.368594 
1670.052268  	86.851252 
1670.409575  	86.941636 
1670.766882  	87.001866 
1671.124189  	86.896562 
1671.481496  	87.208550 
1671.838803  	87.143521 
1672.196109  	86.958378 
1672.553416  	87.157520 
1672.910723  	87.128927 
1673.268030  	87.156013 
1673.625337  	87.376586 
1673.982644  	87.364169 
1674.339951  	87.339982 
1674.697257  	87.307680 
1675.054564  	87.312099 
1675.411871  	87.748172 
1675.769178  	87.701786 
1676.126485  	87.685563 
1676.483792  	87.784533 
1676.841099  	87.809338 
1677.198405  	87.923812 
1677.555712  	88.125547 
1677.913019  	88.129584 
1678.270326  	88.096686 
1678.627633  	88.239761 
1678.984940  	88.223110 
1679.342247  	88.094978 
1679.699554  	88.032950 
1680.056860  	87.986809 
1680.414167  	88.147296 
1680.771474  	88.254350 
1681.128781  	88.412052 
1681.486088  	88.830169 
1681.843395  	89.025444 
1682.200702  	88.934816 
1682.558008  	88.779288 
1682.915315  	88.567674 
1683.272622  	88.437612 
1683.629929  	88.360047 
1683.987236  	88.238438 
1684.344543  	88.323305 
1684.701850  	88.832799 
1685.059156  	88.917837 
1685.416463  	88.651584 
1685.773770  	88.674485 
1686.131077  	88.732409 
1686.488384  	88.775427 
1686.845691  	88.839261 
1687.202998  	88.858317 
1687.560304  	88.763269 
1687.917611  	88.639689 
1688.274918  	88.669415 
1688.632225  	88.678585 
1688.989532  	88.753833 
1689.346839  	88.988764 
1689.704146  	88.900368 
1690.061452  	88.757037 
1690.418759  	89.102962 
1690.776066  	89.192577 
1691.133373  	89.021080 
1691.490680  	89.001369 
1691.847987  	89.069507 
1692.205294  	89.316790 
1692.562601  	89.611038 
1692.919907  	89.594098 
1693.277214  	89.460677 
1693.634521  	89.344728 
1693.991828  	89.215676 
1694.349135  	89.259589 
1694.706442  	89.378011 
1695.063749  	89.453440 
1695.421055  	89.460396 
1695.778362  	88.516694 
1696.135669  	88.443714 
1696.492976  	89.194999 
1696.850283  	89.348960 
1697.207590  	89.415451 
1697.564897  	89.514545 
1697.922203  	89.501846 
1698.279510  	89.418161 
1698.636817  	89.285246 
1698.994124  	89.138525 
1699.351431  	89.110000 
1699.708738  	89.479133 
1700.066045  	90.743971 
1700.423351  	89.725901 
1700.780658  	87.652751 
1701.137965  	88.369040 
1701.495272  	89.167546 
1701.852579  	89.438113 
1702.209886  	89.507944 
1702.567193  	89.567368 
1702.924499  	89.588804 
1703.281806  	89.695217 
1703.639113  	89.816666 
1703.996420  	89.675398 
1704.353727  	89.234256 
1704.711034  	88.942675 
1705.068341  	89.160648 
1705.425648  	89.399649 
1705.782954  	89.617521 
1706.140261  	89.791838 
1706.497568  	89.577954 
1706.854875  	89.459629 
1707.212182  	89.590953 
1707.569489  	89.621416 
1707.926796  	89.606573 
1708.284102  	89.593764 
1708.641409  	89.629100 
1708.998716  	89.709123 
1709.356023  	89.754343 
1709.713330  	89.748344 
1710.070637  	89.588551 
1710.427944  	89.553650 
1710.785250  	89.814871 
1711.142557  	89.935674 
1711.499864  	89.900973 
1711.857171  	89.919562 
1712.214478  	90.008291 
1712.571785  	90.052461 
1712.929092  	90.073384 
1713.286398  	90.139071 
1713.643705  	90.000781 
1714.001012  	89.714826 
1714.358319  	89.712577 
1714.715626  	89.820733 
1715.072933  	89.825805 
1715.430240  	89.790337 
1715.787546  	89.635434 
1716.144853  	89.531223 
1716.502160  	89.704800 
1716.859467  	89.733413 
1717.216774  	89.048923 
1717.574081  	88.766790 
1717.931388  	89.128644 
1718.288695  	89.090341 
1718.646001  	89.376120 
1719.003308  	89.393813 
1719.360615  	89.330428 
1719.717922  	89.467498 
1720.075229  	89.451822 
1720.432536  	89.645430 
1720.789843  	89.960637 
1721.147149  	89.874941 
1721.504456  	89.586860 
1721.861763  	89.438951 
1722.219070  	89.613237 
1722.576377  	89.823985 
1722.933684  	89.892960 
1723.290991  	90.026111 
1723.648297  	89.899970 
1724.005604  	89.737272 
1724.362911  	89.965116 
1724.720218  	90.068742 
1725.077525  	89.888487 
1725.434832  	89.667144 
1725.792139  	89.528832 
1726.149445  	89.679256 
1726.506752  	90.003967 
1726.864059  	90.193650 
1727.221366  	90.226969 
1727.578673  	90.253991 
1727.935980  	90.230881 
1728.293287  	90.049589 
1728.650593  	90.039332 
1729.007900  	90.224933 
1729.365207  	90.055334 
1729.722514  	89.838168 
1730.079821  	90.283955 
1730.437128  	90.623008 
1730.794435  	90.585619 
1731.151742  	90.571393 
1731.509048  	90.387004 
1731.866355  	90.256875 
1732.223662  	90.241877 
1732.580969  	90.217910 
1732.938276  	90.372142 
1733.295583  	89.907121 
1733.652890  	88.809293 
1734.010196  	89.403674 
1734.367503  	90.128555 
1734.724810  	90.494259 
1735.082117  	90.702101 
1735.439424  	90.680258 
1735.796731  	90.652992 
1736.154038  	90.571633 
1736.511344  	90.411538 
1736.868651  	90.266717 
1737.225958  	90.368775 
1737.583265  	90.678064 
1737.940572  	90.665143 
1738.297879  	90.555944 
1738.655186  	90.592136 
1739.012492  	90.486158 
1739.369799  	90.507595 
1739.727106  	90.580872 
1740.084413  	90.176299 
1740.441720  	90.116742 
1740.799027  	90.123231 
1741.156334  	90.117425 
1741.513640  	90.442306 
1741.870947  	90.779925 
1742.228254  	90.750446 
1742.585561  	90.569965 
1742.942868  	90.581261 
1743.300175  	90.805675 
1743.657482  	90.797913 
1744.014789  	90.621280 
1744.372095  	90.622731 
1744.729402  	90.718558 
1745.086709  	90.804998 
1745.444016  	90.755153 
1745.801323  	90.589357 
1746.158630  	90.630171 
1746.515937  	90.831926 
1746.873243  	90.959351 
1747.230550  	90.842578 
1747.587857  	90.719232 
1747.945164  	90.920663 
1748.302471  	90.920790 
1748.659778  	90.570550 
1749.017085  	90.692200 
1749.374391  	91.138714 
1749.731698  	91.231970 
1750.089005  	91.139886 
1750.446312  	91.247529 
1750.803619  	91.152525 
1751.160926  	90.427009 
1751.518233  	90.231008 
1751.875539  	90.515850 
1752.232846  	90.668936 
1752.590153  	90.797825 
1752.947460  	90.729058 
1753.304767  	90.697631 
1753.662074  	90.766210 
1754.019381  	90.824821 
1754.376687  	90.899208 
1754.733994  	90.886060 
1755.091301  	90.881339 
1755.448608  	90.968365 
1755.805915  	91.037649 
1756.163222  	91.153189 
1756.520529  	91.313635 
1756.877835  	90.924749 
1757.235142  	90.441514 
1757.592449  	90.711359 
1757.949756  	90.822135 
1758.307063  	90.709278 
1758.664370  	90.949760 
1759.021677  	91.105838 
1759.378984  	90.869372 
1759.736290  	90.689164 
1760.093597  	90.819536 
1760.450904  	91.039030 
1760.808211  	91.129901 
1761.165518  	91.096935 
1761.522825  	90.918250 
1761.880132  	90.847381 
1762.237438  	90.925360 
1762.594745  	90.918453 
1762.952052  	90.895484 
1763.309359  	90.683029 
1763.666666  	90.601486 
1764.023973  	90.810145 
1764.381280  	90.907208 
1764.738586  	90.898843 
1765.095893  	90.884285 
1765.453200  	90.887055 
1765.810507  	91.088223 
1766.167814  	91.357190 
1766.525121  	91.278166 
1766.882428  	91.155518 
1767.239734  	91.371291 
1767.597041  	91.537009 
1767.954348  	91.707421 
1768.311655  	91.551136 
1768.668962  	90.958492 
1769.026269  	91.090569 
1769.383576  	91.365092 
1769.740882  	91.378540 
1770.098189  	91.249882 
1770.455496  	91.123791 
1770.812803  	91.312544 
1771.170110  	91.352121 
1771.527417  	91.198428 
1771.884724  	91.516275 
1772.242031  	91.690416 
1772.599337  	91.526947 
1772.956644  	91.061617 
1773.313951  	90.938649 
1773.671258  	90.995748 
1774.028565  	91.225267 
1774.385872  	91.499511 
1774.743179  	91.349084 
1775.100485  	91.197979 
1775.457792  	91.235713 
1775.815099  	91.159204 
1776.172406  	91.285076 
1776.529713  	91.406697 
1776.887020  	91.384105 
1777.244327  	91.304216 
1777.601633  	91.294251 
1777.958940  	91.479589 
1778.316247  	91.508153 
1778.673554  	91.439560 
1779.030861  	91.408870 
1779.388168  	91.224056 
1779.745475  	91.174099 
1780.102781  	91.343385 
1780.460088  	91.309216 
1780.817395  	90.983206 
1781.174702  	91.079995 
1781.532009  	91.510542 
1781.889316  	91.735982 
1782.246623  	91.718835 
1782.603929  	91.615992 
1782.961236  	91.488327 
1783.318543  	91.394615 
1783.675850  	91.540825 
1784.033157  	91.680586 
1784.390464  	91.390185 
1784.747771  	90.970617 
1785.105078  	90.820740 
1785.462384  	91.186903 
1785.819691  	91.633986 
1786.176998  	91.699230 
1786.534305  	91.603954 
1786.891612  	91.603186 
1787.248919  	91.711919 
1787.606226  	91.769648 
1787.963532  	91.630105 
1788.320839  	91.488873 
1788.678146  	91.458303 
1789.035453  	91.659341 
1789.392760  	91.718238 
1789.750067  	91.510552 
1790.107374  	91.497233 
1790.464680  	91.385476 
1790.821987  	91.536281 
1791.179294  	92.070592 
1791.536601  	91.827030 
1791.893908  	91.687254 
1792.251215  	91.831969 
1792.608522  	91.624432 
1792.965828  	91.307272 
1793.323135  	91.100962 
1793.680442  	91.199119 
1794.037749  	91.382164 
1794.395056  	91.340935 
1794.752363  	91.664035 
1795.109670  	92.062695 
1795.466976  	91.707352 
1795.824283  	91.244056 
1796.181590  	91.257899 
1796.538897  	91.425931 
1796.896204  	91.664470 
1797.253511  	91.752227 
1797.610818  	91.617541 
1797.968125  	91.540940 
1798.325431  	91.449078 
1798.682738  	91.425524 
1799.040045  	91.562792 
1799.397352  	91.541841 
1799.754659  	91.182949 
1800.111966  	90.975928 
1800.469273  	91.135866 
1800.826579  	91.420791 
1801.183886  	91.778356 
1801.541193  	91.848554 
1801.898500  	91.676546 
1802.255807  	91.740898 
1802.613114  	91.535339 
1802.970421  	91.373524 
1803.327727  	91.608725 
1803.685034  	91.540523 
1804.042341  	91.554614 
1804.399648  	91.759950 
1804.756955  	91.714083 
1805.114262  	91.872421 
1805.471569  	92.112483 
1805.828875  	91.992981 
1806.186182  	91.762829 
1806.543489  	91.582912 
1806.900796  	91.485039 
1807.258103  	91.648755 
1807.615410  	91.981398 
1807.972717  	92.102686 
1808.330023  	92.046789 
1808.687330  	91.941103 
1809.044637  	91.853615 
1809.401944  	91.797232 
1809.759251  	91.559156 
1810.116558  	91.542192 
1810.473865  	91.824764 
1810.831172  	91.701853 
1811.188478  	91.657691 
1811.545785  	91.963076 
1811.903092  	91.932956 
1812.260399  	91.746768 
1812.617706  	91.947172 
1812.975013  	91.991394 
1813.332320  	91.773456 
1813.689626  	91.692157 
1814.046933  	91.604166 
1814.404240  	91.769569 
1814.761547  	91.849416 
1815.118854  	91.502790 
1815.476161  	91.715613 
1815.833468  	91.880313 
1816.190774  	91.553137 
1816.548081  	91.991008 
1816.905388  	92.417440 
1817.262695  	92.000012 
1817.620002  	91.588608 
1817.977309  	91.390543 
1818.334616  	91.421397 
1818.691922  	91.520405 
1819.049229  	91.490146 
1819.406536  	91.553701 
1819.763843  	91.511845 
1820.121150  	91.571873 
1820.478457  	91.858235 
1820.835764  	91.848126 
1821.193070  	91.720073 
1821.550377  	91.464176 
1821.907684  	91.158733 
1822.264991  	91.306065 
1822.622298  	91.232553 
1822.979605  	91.033329 
1823.336912  	91.459257 
1823.694219  	91.601580 
1824.051525  	91.401590 
1824.408832  	91.537716 
1824.766139  	91.612318 
1825.123446  	91.638616 
1825.480753  	91.475753 
1825.838060  	91.163978 
1826.195367  	91.552024 
1826.552673  	91.757132 
1826.909980  	91.352420 
1827.267287  	91.424356 
1827.624594  	91.464624 
1827.981901  	91.110090 
1828.339208  	91.333120 
1828.696515  	91.710015 
1829.053821  	91.641415 
1829.411128  	91.417811 
1829.768435  	91.334012 
1830.125742  	91.447498 
1830.483049  	91.298993 
1830.840356  	91.233614 
1831.197663  	91.385757 
1831.554969  	91.331605 
1831.912276  	91.211600 
1832.269583  	91.195776 
1832.626890  	91.053767 
1832.984197  	90.931974 
1833.341504  	91.207226 
1833.698811  	91.486940 
1834.056117  	91.582078 
1834.413424  	91.740693 
1834.770731  	91.406300 
1835.128038  	91.005125 
1835.485345  	91.090993 
1835.842652  	90.928829 
1836.199959  	90.878873 
1836.557265  	91.040536 
1836.914572  	91.020611 
1837.271879  	91.457115 
1837.629186  	91.954959 
1837.986493  	91.858909 
1838.343800  	91.596859 
1838.701107  	91.440901 
1839.058414  	91.303211 
1839.415720  	91.225335 
1839.773027  	91.508651 
1840.130334  	91.705081 
1840.487641  	91.407623 
1840.844948  	91.188354 
1841.202255  	91.441473 
1841.559562  	91.574459 
1841.916868  	91.033822 
1842.274175  	90.981284 
1842.631482  	91.554581 
1842.988789  	91.358733 
1843.346096  	91.223985 
1843.703403  	91.698060 
1844.060710  	91.817504 
1844.418016  	91.682166 
1844.775323  	91.589068 
1845.132630  	91.478774 
1845.489937  	91.319928 
1845.847244  	91.074647 
1846.204551  	91.091193 
1846.561858  	91.395210 
1846.919164  	91.721804 
1847.276471  	91.685752 
1847.633778  	91.477701 
1847.991085  	91.547224 
1848.348392  	91.483154 
1848.705699  	91.380724 
1849.063006  	91.458492 
1849.420312  	91.556084 
1849.777619  	91.672698 
1850.134926  	91.443610 
1850.492233  	91.029714 
1850.849540  	91.055677 
1851.206847  	91.214745 
1851.564154  	91.291447 
1851.921461  	91.562211 
1852.278767  	91.586496 
1852.636074  	91.095312 
1852.993381  	90.910564 
1853.350688  	91.301829 
1853.707995  	91.649798 
1854.065302  	91.609579 
1854.422609  	91.513407 
1854.779915  	91.740531 
1855.137222  	91.713452 
1855.494529  	91.572366 
1855.851836  	91.876271 
1856.209143  	91.658289 
1856.566450  	91.332146 
1856.923757  	91.687491 
1857.281063  	91.769503 
1857.638370  	91.783582 
1857.995677  	91.706997 
1858.352984  	91.338030 
1858.710291  	91.803219 
1859.067598  	92.189199 
1859.424905  	91.723243 
1859.782211  	91.528922 
1860.139518  	91.247531 
1860.496825  	91.033914 
1860.854132  	91.875423 
1861.211439  	92.504637 
1861.568746  	92.097483 
1861.926053  	91.773052 
1862.283359  	91.712229 
1862.640666  	91.496394 
1862.997973  	91.266189 
1863.355280  	91.189847 
1863.712587  	91.324180 
1864.069894  	91.622903 
1864.427201  	91.782565 
1864.784508  	91.488684 
1865.141814  	91.139378 
1865.499121  	90.864475 
1865.856428  	90.540950 
1866.213735  	90.866391 
1866.571042  	91.359209 
1866.928349  	91.424519 
1867.285656  	91.481899 
1867.642962  	90.786221 
1868.000269  	90.307673 
1868.357576  	91.289662 
1868.714883  	91.614372 
1869.072190  	91.075424 
1869.429497  	90.304483 
1869.786804  	89.824842 
1870.144110  	90.264094 
1870.501417  	90.973321 
1870.858724  	91.615518 
1871.216031  	92.097546 
1871.573338  	91.939740 
1871.930645  	91.266405 
1872.287952  	91.056895 
1872.645258  	91.391842 
1873.002565  	91.461785 
1873.359872  	91.139323 
1873.717179  	90.780682 
1874.074486  	90.587842 
1874.431793  	90.584198 
1874.789100  	90.977294 
1875.146406  	91.352373 
1875.503713  	90.830446 
1875.861020  	90.513311 
1876.218327  	91.170931 
1876.575634  	91.483206 
1876.932941  	91.121332 
1877.290248  	90.990808 
1877.647555  	91.226428 
1878.004861  	91.065040 
1878.362168  	90.850613 
1878.719475  	90.957274 
1879.076782  	90.736290 
1879.434089  	90.855140 
1879.791396  	91.356398 
1880.148703  	91.372130 
1880.506009  	91.043552 
1880.863316  	90.612793 
1881.220623  	90.819494 
1881.577930  	91.285198 
1881.935237  	91.362694 
1882.292544  	91.735814 
1882.649851  	91.986565 
1883.007157  	91.654823 
1883.364464  	91.179363 
1883.721771  	91.241720 
1884.079078  	91.723787 
1884.436385  	91.746881 
1884.793692  	91.672929 
1885.150999  	91.325477 
1885.508305  	90.884675 
1885.865612  	91.280968 
1886.222919  	91.603078 
1886.580226  	91.449906 
1886.937533  	91.212036 
1887.294840  	91.161165 
1887.652147  	91.471295 
1888.009453  	91.734812 
1888.366760  	91.921393 
1888.724067  	91.649248 
1889.081374  	91.067277 
1889.438681  	90.617101 
1889.795988  	90.180498 
1890.153295  	90.475418 
1890.510602  	90.842178 
1890.867908  	91.166663 
1891.225215  	91.367291 
1891.582522  	90.621966 
1891.939829  	90.293386 
1892.297136  	90.562594 
1892.654443  	91.001591 
1893.011750  	92.240946 
1893.369056  	92.382136 
1893.726363  	91.550529 
1894.083670  	91.350188 
1894.440977  	90.875080 
1894.798284  	90.615716 
1895.155591  	90.792301 
1895.512898  	90.525186 
1895.870204  	90.395634 
1896.227511  	90.511579 
1896.584818  	90.987532 
1896.942125  	91.553276 
1897.299432  	91.800264 
1897.656739  	91.690270 
1898.014046  	90.747711 
1898.371352  	90.458659 
1898.728659  	91.355595 
1899.085966  	91.428669 
1899.443273  	91.065876 
1899.800580  	91.086103 
1900.157887  	90.834798 
1900.515194  	90.652054 
1900.872500  	90.848140 
1901.229807  	90.922151 
1901.587114  	90.929352 
1901.944421  	91.327246 
1902.301728  	91.642650 
1902.659035  	91.714781 
1903.016342  	91.804902 
1903.373649  	91.654851 
1903.730955  	91.813614 
1904.088262  	92.058033 
1904.445569  	91.704830 
1904.802876  	91.283274 
1905.160183  	90.886306 
1905.517490  	90.732991 
1905.874797  	91.049985 
1906.232103  	91.323645 
1906.589410  	91.058304 
1906.946717  	90.713036 
1907.304024  	90.801539 
1907.661331  	90.628766 
1908.018638  	90.819632 
1908.375945  	91.341480 
1908.733251  	90.967596 
1909.090558  	90.661031 
1909.447865  	90.592209 
1909.805172  	90.985716 
1910.162479  	91.551043 
1910.519786  	90.886366 
1910.877093  	90.546524 
1911.234399  	91.011162 
1911.591706  	91.592266 
1911.949013  	91.670200 
1912.306320  	90.789703 
1912.663627  	90.262639 
1913.020934  	90.109855 
1913.378241  	90.368917 
1913.735547  	90.809911 
1914.092854  	90.582323 
1914.450161  	90.914592 
1914.807468  	91.061263 
1915.164775  	90.335157 
1915.522082  	90.347118 
1915.879389  	90.790402 
1916.236696  	90.528282 
1916.594002  	90.142449 
1916.951309  	90.682587 
1917.308616  	90.886121 
1917.665923  	90.743494 
1918.023230  	91.188665 
1918.380537  	90.524834 
1918.737844  	90.870876 
1919.095150  	91.520549 
1919.452457  	90.708273 
1919.809764  	90.586363 
1920.167071  	90.690812 
1920.524378  	90.370254 
1920.881685  	90.628011 
1921.238992  	91.159538 
1921.596298  	91.683430 
1921.953605  	91.436902 
1922.310912  	91.202669 
1922.668219  	91.509239 
1923.025526  	91.548231 
1923.382833  	91.921617 
1923.740140  	91.965854 
1924.097446  	91.261249 
1924.454753  	90.681783 
1924.812060  	90.930922 
1925.169367  	91.406450 
1925.526674  	90.878307 
1925.883981  	90.709477 
1926.241288  	91.086781 
1926.598594  	90.358527 
1926.955901  	89.524634 
1927.313208  	89.881085 
1927.670515  	90.118309 
1928.027822  	89.307883 
1928.385129  	89.392838 
1928.742436  	90.212817 
1929.099742  	90.076927 
1929.457049  	90.434548 
1929.814356  	90.853152 
1930.171663  	90.543422 
1930.528970  	90.896733 
1930.886277  	90.992226 
1931.243584  	91.115584 
1931.600891  	91.868038 
1931.958197  	91.858624 
1932.315504  	91.906222 
1932.672811  	91.521190 
1933.030118  	90.217976 
1933.387425  	90.408160 
1933.744732  	91.038691 
1934.102039  	91.048786 
1934.459345  	91.350603 
1934.816652  	90.773313 
1935.173959  	90.080990 
1935.531266  	89.881439 
1935.888573  	90.026542 
1936.245880  	91.258045 
1936.603187  	91.377836 
1936.960493  	90.711660 
1937.317800  	91.308042 
1937.675107  	91.049805 
1938.032414  	89.889086 
1938.389721  	89.248477 
1938.747028  	89.124381 
1939.104335  	89.720739 
1939.461641  	90.762091 
1939.818948  	91.179848 
1940.176255  	91.169199 
1940.533562  	92.445868 
1940.890869  	92.180162 
1941.248176  	89.441198 
1941.605483  	89.299231 
1941.962789  	90.362892 
1942.320096  	90.429852 
1942.677403  	91.085967 
1943.034710  	90.490717 
1943.392017  	90.468312 
1943.749324  	91.118591 
1944.106631  	90.376075 
1944.463938  	89.853881 
1944.821244  	89.952501 
1945.178551  	90.649257 
1945.535858  	91.816439 
1945.893165  	92.031712 
1946.250472  	91.592767 
1946.607779  	91.118402 
1946.965086  	91.393363 
1947.322392  	92.155513 
1947.679699  	91.751618 
1948.037006  	89.876382 
1948.394313  	88.550520 
1948.751620  	89.617055 
1949.108927  	90.994290 
1949.466234  	90.792735 
1949.823540  	89.969121 
1950.180847  	89.473515 
1950.538154  	90.509477 
1950.895461  	92.160631 
1951.252768  	92.800358 
1951.610075  	92.458543 
1951.967382  	91.042208 
1952.324688  	90.087167 
1952.681995  	90.103413 
1953.039302  	89.616697 
1953.396609  	89.419043 
1953.753916  	90.577456 
1954.111223  	91.780878 
1954.468530  	91.593489 
1954.825836  	91.118699 
1955.183143  	91.006387 
1955.540450  	90.609106 
1955.897757  	90.198885 
1956.255064  	89.497059 
1956.612371  	89.430505 
1956.969678  	90.764668 
1957.326985  	91.086925 
1957.684291  	90.414668 
1958.041598  	90.292439 
1958.398905  	89.769870 
1958.756212  	89.106861 
1959.113519  	89.137861 
1959.470826  	89.328208 
1959.828133  	91.160991 
1960.185439  	93.889866 
1960.542746  	92.424963 
1960.900053  	89.389000 
1961.257360  	89.087016 
1961.614667  	88.619894 
1961.971974  	88.373849 
1962.329281  	90.064929 
1962.686587  	90.543971 
1963.043894  	90.306389 
1963.401201  	91.742429 
1963.758508  	91.639320 
1964.115815  	89.227212 
1964.473122  	89.029795 
1964.830429  	90.191110 
1965.187735  	90.081210 
1965.545042  	90.074796 
1965.902349  	90.312931 
1966.259656  	90.452093 
1966.616963  	90.933289 
1966.974270  	92.121086 
1967.331577  	92.576473 
1967.688883  	91.265293 
1968.046190  	91.931252 
1968.403497  	93.154118 
1968.760804  	91.671442 
1969.118111  	90.200563 
1969.475418  	89.397223 
1969.832725  	88.595615 
1970.190032  	89.274687 
1970.547338  	90.685011 
1970.904645  	90.484613 
1971.261952  	89.776754 
1971.619259  	89.742647 
1971.976566  	88.351519 
1972.333873  	87.344529 
1972.691180  	88.151449 
1973.048486  	89.082677 
1973.405793  	90.219066 
1973.763100  	88.772038 
1974.120407  	85.499382 
1974.477714  	86.952925 
1974.835021  	91.670259 
1975.192328  	92.661243 
1975.549634  	90.256012 
1975.906941  	89.343253 
1976.264248  	89.275113 
1976.621555  	88.972872 
1976.978862  	89.405879 
1977.336169  	88.176076 
1977.693476  	86.713462 
1978.050782  	88.625660 
1978.408089  	89.660781 
1978.765396  	88.017708 
1979.122703  	88.063601 
1979.480010  	89.454694 
1979.837317  	90.106066 
1980.194624  	90.556403 
1980.551930  	89.991954 
1980.909237  	89.688868 
1981.266544  	90.688933 
1981.623851  	90.037437 
1981.981158  	88.237588 
1982.338465  	87.794203 
1982.695772  	89.117822 
1983.053079  	90.720822 
1983.410385  	89.725141 
1983.767692  	88.140734 
1984.124999  	89.682390 
1984.482306  	92.009732 
1984.839613  	91.480073 
1985.196920  	89.764686 
1985.554227  	89.352391 
1985.911533  	90.654318 
1986.268840  	91.990447 
1986.626147  	90.489014 
1986.983454  	89.683896 
1987.340761  	91.369981 
1987.698068  	91.348568 
1988.055375  	91.215192 
1988.412681  	90.765566 
1988.769988  	89.372622 
1989.127295  	90.013735 
1989.484602  	90.315889 
1989.841909  	90.498878 
1990.199216  	90.062957 
1990.556523  	87.662317 
1990.913829  	88.171499 
1991.271136  	90.419555 
1991.628443  	90.699872 
1991.985750  	90.387826 
1992.343057  	89.431999 
1992.700364  	88.633106 
1993.057671  	89.619355 
1993.414977  	90.700328 
1993.772284  	90.445671 
1994.129591  	92.113282 
1994.486898  	95.097036 
1994.844205  	94.430724 
1995.201512  	91.839773 
1995.558819  	91.942907 
1995.916126  	93.002610 
1996.273432  	91.182713 
1996.630739  	89.792821 
1996.988046  	91.196333 
1997.345353  	91.024481 
1997.702660  	90.582569 
1998.059967  	92.077140 
1998.417274  	92.598910 
1998.774580  	91.675290 
1999.131887  	90.352355 
1999.489194  	89.938965 
1999.846501  	89.738302 
2000.203808  	89.020722 
2000.561115  	88.866623 
2000.918422  	89.286748 
2001.275728  	89.743000 
2001.633035  	88.854665 
2001.990342  	88.624628 
2002.347649  	91.120219 
2002.704956  	93.542394 
2003.062263  	93.195174 
2003.419570  	90.281372 
2003.776876  	88.128886 
2004.134183  	88.686631 
2004.491490  	89.996919 
2004.848797  	89.368437 
2005.206104  	87.552925 
2005.563411  	88.566434 
2005.920718  	89.451453 
2006.278024  	88.061271 
2006.635331  	89.562364 
2006.992638  	91.462330 
2007.349945  	90.515541 
2007.707252  	89.341170 
2008.064559  	88.860144 
2008.421866  	88.136313 
2008.779172  	87.817181 
2009.136479  	89.700529 
2009.493786  	90.659663 
2009.851093  	89.790177 
2010.208400  	89.997006 
2010.565707  	89.396686 
2010.923014  	89.225509 
2011.280321  	91.123832 
2011.637627  	92.029094 
2011.994934  	90.746913 
2012.352241  	89.690293 
2012.709548  	90.862680 
2013.066855  	90.951719 
2013.424162  	89.582866 
2013.781469  	90.946918 
2014.138775  	92.891906 
2014.496082  	92.512537 
2014.853389  	90.883919 
2015.210696  	90.590464 
2015.568003  	93.311663 
2015.925310  	95.040548 
2016.282617  	92.299865 
2016.639923  	89.468884 
2016.997230  	89.521234 
2017.354537  	90.600670 
2017.711844  	91.376172 
2018.069151  	90.876390 
2018.426458  	90.308075 
2018.783765  	90.540484 
2019.141071  	89.382888 
2019.498378  	89.206026 
2019.855685  	91.744026 
2020.212992  	91.797375 
2020.570299  	87.985406 
2020.927606  	86.179066 
2021.284913  	88.188371 
2021.642219  	90.205709 
2021.999526  	91.172110 
2022.356833  	92.185357 
2022.714140  	93.574364 
2023.071447  	93.758951 
2023.428754  	89.711042 
2023.786061  	86.709318 
2024.143368  	87.922070 
2024.500674  	87.815854 
2024.857981  	87.260755 
2025.215288  	87.100205 
2025.572595  	86.525977 
2025.929902  	88.900089 
2026.287209  	89.983167 
2026.644516  	87.612848 
2027.001822  	88.641162 
2027.359129  	90.624274 
2027.716436  	89.619936 
2028.073743  	89.786878 
2028.431050  	89.603408 
2028.788357  	88.369468 
2029.145664  	88.882825 
2029.502970  	88.893669 
2029.860277  	89.261895 
2030.217584  	89.606086 
2030.574891  	88.245282 
2030.932198  	88.832695 
2031.289505  	90.925162 
2031.646812  	92.639069 
2032.004118  	92.425631 
2032.361425  	90.527931 
2032.718732  	90.186796 
2033.076039  	88.917721 
2033.433346  	88.081410 
2033.790653  	88.977342 
2034.147960  	86.505244 
2034.505266  	84.807800 
2034.862573  	86.995927 
2035.219880  	89.358160 
2035.577187  	89.694923 
2035.934494  	87.569848 
2036.291801  	86.903191 
2036.649108  	88.066457 
2037.006415  	87.188535 
2037.363721  	86.387988 
2037.721028  	87.606701 
2038.078335  	88.985627 
2038.435642  	89.528779 
2038.792949  	89.122554 
2039.150256  	89.363387 
2039.507563  	91.044970 
2039.864869  	92.085222 
2040.222176  	91.869523 
2040.579483  	91.152672 
2040.936790  	89.951398 
2041.294097  	89.986930 
2041.651404  	89.908367 
2042.008711  	88.151006 
2042.366017  	89.599147 
2042.723324  	93.183198 
2043.080631  	93.495371 
2043.437938  	92.043688 
2043.795245  	90.339778 
2044.152552  	89.484008 
2044.509859  	90.021303 
2044.867165  	89.529607 
2045.224472  	89.682926 
2045.581779  	90.852532 
2045.939086  	90.809402 
2046.296393  	90.343777 
2046.653700  	89.606306 
2047.011007  	89.524552 
2047.368313  	89.731388 
2047.725620  	88.869452 
2048.082927  	89.592128 
2048.440234  	91.282191 
2048.797541  	90.776303 
2049.154848  	90.278889 
2049.512155  	91.520614 
2049.869462  	92.180662 
2050.226768  	91.497230 
2050.584075  	90.551431 
2050.941382  	89.148233 
2051.298689  	88.823856 
2051.655996  	89.649028 
2052.013303  	89.489564 
2052.370610  	89.669403 
2052.727916  	90.094882 
2053.085223  	89.529146 
2053.442530  	89.810512 
2053.799837  	90.770283 
2054.157144  	90.350900 
2054.514451  	89.109228 
2054.871758  	89.511649 
2055.229064  	90.910726 
2055.586371  	90.421927 
2055.943678  	89.201803 
2056.300985  	89.388490 
2056.658292  	90.410519 
2057.015599  	91.061742 
2057.372906  	91.057425 
2057.730212  	91.061734 
2058.087519  	91.284971 
2058.444826  	91.225268 
2058.802133  	90.648004 
2059.159440  	90.606787 
2059.516747  	90.652294 
2059.874054  	89.719551 
2060.231360  	89.813819 
2060.588667  	90.697204 
2060.945974  	91.343771 
2061.303281  	92.238951 
2061.660588  	91.526305 
2062.017895  	89.879904 
2062.375202  	88.977311 
2062.732509  	88.647149 
2063.089815  	89.625284 
2063.447122  	90.431579 
2063.804429  	89.697195 
2064.161736  	89.440387 
2064.519043  	90.645371 
2064.876350  	90.940431 
2065.233657  	89.853612 
2065.590963  	90.158471 
2065.948270  	90.608915 
2066.305577  	89.824884 
2066.662884  	89.504256 
2067.020191  	89.449957 
2067.377498  	89.460380 
2067.734805  	90.140582 
2068.092111  	90.479562 
2068.449418  	89.919956 
2068.806725  	89.938778 
2069.164032  	90.156880 
2069.521339  	88.617464 
2069.878646  	87.525865 
2070.235953  	88.861813 
2070.593259  	90.670743 
2070.950566  	91.073154 
2071.307873  	90.088710 
2071.665180  	89.715105 
2072.022487  	90.476739 
2072.379794  	90.640698 
2072.737101  	90.030019 
2073.094407  	90.103915 
2073.451714  	91.011219 
2073.809021  	90.899180 
2074.166328  	89.617668 
2074.523635  	88.900696 
2074.880942  	89.546885 
2075.238249  	91.009303 
2075.595556  	91.119771 
2075.952862  	90.243503 
2076.310169  	90.443174 
2076.667476  	90.425550 
2077.024783  	89.699622 
2077.382090  	89.878406 
2077.739397  	90.533348 
2078.096704  	91.110918 
2078.454010  	91.967064 
2078.811317  	91.954292 
2079.168624  	91.221711 
2079.525931  	90.890009 
2079.883238  	90.063459 
2080.240545  	89.658877 
2080.597852  	90.351755 
2080.955158  	91.065163 
2081.312465  	91.929632 
2081.669772  	91.674335 
2082.027079  	90.772840 
2082.384386  	91.452746 
2082.741693  	92.047045 
2083.099000  	91.284228 
2083.456306  	90.640136 
2083.813613  	90.607308 
2084.170920  	90.382632 
2084.528227  	90.254983 
2084.885534  	90.571711 
2085.242841  	90.605339 
2085.600148  	91.060093 
2085.957454  	91.417032 
2086.314761  	91.136766 
2086.672068  	91.786815 
2087.029375  	91.437244 
2087.386682  	90.061405 
2087.743989  	90.339536 
2088.101296  	90.723857 
2088.458602  	91.148909 
2088.815909  	91.922871 
2089.173216  	91.740049 
2089.530523  	91.620107 
2089.887830  	90.793811 
2090.245137  	90.400649 
2090.602444  	92.446892 
2090.959751  	92.953859 
2091.317057  	91.811246 
2091.674364  	91.382449 
2092.031671  	90.291593 
2092.388978  	89.909312 
2092.746285  	90.472638 
2093.103592  	90.359967 
2093.460899  	90.851417 
2093.818205  	91.320145 
2094.175512  	90.494851 
2094.532819  	90.077644 
2094.890126  	91.007698 
2095.247433  	91.645610 
2095.604740  	91.073538 
2095.962047  	90.787184 
2096.319353  	91.082311 
2096.676660  	90.907073 
2097.033967  	90.396542 
2097.391274  	90.381420 
2097.748581  	90.906190 
2098.105888  	91.102027 
2098.463195  	90.834195 
2098.820501  	90.048091 
2099.177808  	89.501561 
2099.535115  	90.377235 
2099.892422  	90.981933 
2100.249729  	90.705329 
2100.607036  	90.688279 
2100.964343  	90.527904 
2101.321649  	91.084224 
2101.678956  	92.052745 
2102.036263  	91.278516 
2102.393570  	90.580750 
2102.750877  	90.983573 
2103.108184  	90.453708 
2103.465491  	90.598275 
2103.822798  	91.841999 
2104.180104  	91.887075 
2104.537411  	91.628802 
2104.894718  	91.030718 
2105.252025  	90.374116 
2105.609332  	91.278268 
2105.966639  	91.495015 
2106.323946  	90.582680 
2106.681252  	90.618170 
2107.038559  	91.076876 
2107.395866  	91.349548 
2107.753173  	91.521240 
2108.110480  	91.546249 
2108.467787  	91.542651 
2108.825094  	91.731645 
2109.182400  	91.911705 
2109.539707  	91.491364 
2109.897014  	90.684411 
2110.254321  	90.608713 
2110.611628  	91.382502 
2110.968935  	91.410571 
2111.326242  	91.495293 
2111.683548  	92.036729 
2112.040855  	90.981710 
2112.398162  	90.104754 
2112.755469  	90.476714 
2113.112776  	90.931395 
2113.470083  	91.045164 
2113.827390  	90.200385 
2114.184696  	90.333916 
2114.542003  	90.754889 
2114.899310  	90.125777 
2115.256617  	90.895356 
2115.613924  	91.555294 
2115.971231  	91.139258 
2116.328538  	90.800746 
2116.685845  	90.236028 
2117.043151  	90.419223 
2117.400458  	90.718261 
2117.757765  	90.635431 
2118.115072  	90.621146 
2118.472379  	90.566455 
2118.829686  	91.250337 
2119.186993  	91.740344 
2119.544299  	91.561507 
2119.901606  	91.182479 
2120.258913  	90.474325 
2120.616220  	90.534774 
2120.973527  	91.030294 
2121.330834  	90.593801 
2121.688141  	90.078621 
2122.045447  	90.346889 
2122.402754  	90.088213 
2122.760061  	90.017966 
2123.117368  	91.290083 
2123.474675  	91.197534 
2123.831982  	90.687396 
2124.189289  	91.586890 
2124.546595  	91.549168 
2124.903902  	91.408820 
2125.261209  	91.637688 
2125.618516  	91.158195 
2125.975823  	91.245216 
2126.333130  	91.372497 
2126.690437  	90.692203 
2127.047743  	90.618970 
2127.405050  	91.435822 
2127.762357  	91.705196 
2128.119664  	91.554910 
2128.476971  	91.316332 
2128.834278  	90.809755 
2129.191585  	90.938729 
2129.548892  	90.943524 
2129.906198  	91.145138 
2130.263505  	92.074446 
2130.620812  	91.703968 
2130.978119  	91.405001 
2131.335426  	91.639045 
2131.692733  	90.998693 
2132.050040  	91.052734 
2132.407346  	91.688269 
2132.764653  	91.976079 
2133.121960  	91.664066 
2133.479267  	91.383648 
2133.836574  	92.204834 
2134.193881  	92.179607 
2134.551188  	91.586291 
2134.908494  	92.327151 
2135.265801  	92.705779 
2135.623108  	91.805849 
2135.980415  	90.569579 
2136.337722  	89.710756 
2136.695029  	90.393179 
2137.052336  	92.105424 
2137.409642  	92.587484 
2137.766949  	91.987618 
2138.124256  	91.335120 
2138.481563  	90.598451 
2138.838870  	90.409935 
2139.196177  	89.895235 
2139.553484  	89.152036 
2139.910790  	90.176009 
2140.268097  	91.729788 
2140.625404  	91.556959 
2140.982711  	90.586621 
2141.340018  	91.552675 
2141.697325  	92.817881 
2142.054632  	91.701716 
2142.411939  	91.062978 
2142.769245  	91.561264 
2143.126552  	91.169383 
2143.483859  	90.124584 
2143.841166  	89.189712 
2144.198473  	88.731629 
2144.555780  	87.952422 
2144.913087  	88.627363 
2145.270393  	91.639964 
2145.627700  	93.121832 
2145.985007  	92.699352 
2146.342314  	91.763133 
2146.699621  	90.577991 
2147.056928  	90.325707 
2147.414235  	90.475869 
2147.771541  	90.506455 
2148.128848  	90.268275 
2148.486155  	89.532015 
2148.843462  	88.192731 
2149.200769  	87.271675 
2149.558076  	88.733959 
2149.915383  	89.923088 
2150.272689  	88.633819 
2150.629996  	87.370542 
2150.987303  	88.199164 
2151.344610  	90.379969 
2151.701917  	90.665591 
2152.059224  	90.346896 
2152.416531  	90.686474 
2152.773837  	89.343208 
2153.131144  	88.961586 
2153.488451  	90.666274 
2153.845758  	92.733493 
2154.203065  	93.856204 
2154.560372  	90.983177 
2154.917679  	88.730735 
2155.274986  	90.874095 
2155.632292  	92.257892 
2155.989599  	92.549061 
2156.346906  	94.690425 
2156.704213  	94.595651 
2157.061520  	91.701637 
2157.418827  	91.349402 
2157.776134  	92.064476 
2158.133440  	92.689668 
2158.490747  	95.120540 
2158.848054  	93.761638 
2159.205361  	90.200102 
2159.562668  	90.702321 
2159.919975  	92.012028 
2160.277282  	91.809919 
2160.634588  	89.651561 
2160.991895  	87.953415 
2161.349202  	88.947625 
2161.706509  	88.164735 
2162.063816  	87.575993 
2162.421123  	89.452211 
2162.778430  	87.725951 
2163.135736  	85.324459 
2163.493043  	88.369015 
2163.850350  	91.013338 
2164.207657  	89.328716 
2164.564964  	88.971507 
2164.922271  	90.133498 
2165.279578  	90.100660 
2165.636884  	90.652604 
2165.994191  	90.348661 
2166.351498  	89.158943 
2166.708805  	90.708915 
2167.066112  	92.694282 
2167.423419  	92.979372 
2167.780726  	92.161075 
2168.138032  	90.331946 
2168.495339  	90.030013 
2168.852646  	89.267419 
2169.209953  	86.932458 
2169.567260  	88.565652 
2169.924567  	92.463624 
2170.281874  	92.705996 
2170.639181  	90.397133 
2170.996487  	89.534569 
2171.353794  	91.146330 
2171.711101  	90.803420 
2172.068408  	88.775380 
2172.425715  	88.720423 
2172.783022  	88.759629 
2173.140329  	89.031282 
2173.497635  	90.024272 
2173.854942  	90.880456 
2174.212249  	91.270004 
2174.569556  	88.895736 
2174.926863  	87.657578 
2175.284170  	90.298732 
2175.641477  	91.204840 
2175.998783  	89.681024 
2176.356090  	88.879905 
2176.713397  	88.334616 
2177.070704  	87.878034 
2177.428011  	88.110481 
2177.785318  	89.304909 
2178.142625  	90.921091 
2178.499931  	92.055872 
2178.857238  	92.749031 
2179.214545  	92.905076 
2179.571852  	91.387339 
2179.929159  	90.255964 
2180.286466  	91.129244 
2180.643773  	90.187696 
2181.001079  	88.654653 
2181.358386  	90.825238 
2181.715693  	91.503746 
2182.073000  	87.656944 
2182.430307  	87.033336 
2182.787614  	90.348873 
2183.144921  	90.104055 
2183.502228  	88.529920 
2183.859534  	90.301380 
2184.216841  	91.410318 
2184.574148  	89.716456 
2184.931455  	88.078444 
2185.288762  	88.259143 
2185.646069  	88.978144 
2186.003376  	89.420400 
2186.360682  	90.275057 
2186.717989  	89.770324 
2187.075296  	88.794756 
2187.432603  	88.504687 
2187.789910  	88.413320 
2188.147217  	89.462505 
2188.504524  	89.540321 
2188.861830  	89.464358 
2189.219137  	90.813392 
2189.576444  	90.389272 
2189.933751  	90.073834 
2190.291058  	90.792878 
2190.648365  	90.270620 
2191.005672  	90.579977 
2191.362978  	91.283607 
2191.720285  	91.099335 
2192.077592  	91.490714 
2192.434899  	91.726037 
2192.792206  	90.837563 
2193.149513  	90.095400 
2193.506820  	89.827849 
2193.864126  	88.613443 
2194.221433  	87.091290 
2194.578740  	87.870801 
2194.936047  	90.065480 
2195.293354  	90.182777 
2195.650661  	89.683606 
2196.007968  	90.774341 
2196.365275  	90.617305 
2196.722581  	89.027521 
2197.079888  	88.745458 
2197.437195  	89.295716 
2197.794502  	88.150721 
2198.151809  	86.481808 
2198.509116  	87.376298 
2198.866423  	88.948773 
2199.223729  	89.829511 
2199.581036  	90.755495 
2199.938343  	90.414473 
2200.295650  	90.191754 
2200.652957  	90.569161 
2201.010264  	90.678857 
2201.367571  	91.063749 
2201.724877  	91.066926 
2202.082184  	90.995203 
2202.439491  	90.395953 
2202.796798  	90.322895 
2203.154105  	92.006661 
2203.511412  	92.503339 
2203.868719  	91.056911 
2204.226025  	89.042912 
2204.583332  	88.648014 
2204.940639  	90.026187 
2205.297946  	89.859561 
2205.655253  	89.322537 
2206.012560  	89.436933 
2206.369867  	88.919573 
2206.727173  	88.747810 
2207.084480  	88.652744 
2207.441787  	88.434311 
2207.799094  	88.276581 
2208.156401  	88.397827 
2208.513708  	89.600490 
2208.871015  	90.609281 
2209.228322  	89.527894 
2209.585628  	87.494190 
2209.942935  	87.497774 
2210.300242  	88.927625 
2210.657549  	89.611284 
2211.014856  	90.340209 
2211.372163  	91.134728 
2211.729470  	91.962503 
2212.086776  	92.947282 
2212.444083  	92.005452 
2212.801390  	89.453389 
2213.158697  	89.039978 
2213.516004  	90.761170 
2213.873311  	90.532397 
2214.230618  	89.489450 
2214.587924  	89.562188 
2214.945231  	88.649842 
2215.302538  	88.478299 
2215.659845  	89.893449 
2216.017152  	90.416879 
2216.374459  	90.061824 
2216.731766  	89.335639 
2217.089072  	88.843726 
2217.446379  	89.417262 
2217.803686  	90.224987 
2218.160993  	90.586101 
2218.518300  	91.000855 
2218.875607  	90.937712 
2219.232914  	90.037041 
2219.590220  	90.092099 
2219.947527  	90.461569 
2220.304834  	89.521329 
2220.662141  	88.579040 
2221.019448  	88.504569 
2221.376755  	89.063930 
2221.734062  	88.660852 
2222.091369  	87.804062 
2222.448675  	88.548628 
2222.805982  	89.095208 
2223.163289  	89.312296 
2223.520596  	90.264625 
2223.877903  	90.130584 
2224.235210  	89.357125 
2224.592517  	89.397827 
2224.949823  	89.842839 
2225.307130  	89.524369 
2225.664437  	88.817704 
2226.021744  	89.672692 
2226.379051  	90.400067 
2226.736358  	89.351249 
2227.093665  	89.292846 
2227.450971  	90.007662 
2227.808278  	89.624411 
2228.165585  	89.983831 
2228.522892  	91.163556 
2228.880199  	92.092033 
2229.237506  	93.054940 
2229.594813  	92.153690 
2229.952119  	89.907399 
2230.309426  	89.130228 
2230.666733  	89.216506 
2231.024040  	89.523727 
2231.381347  	89.865635 
2231.738654  	89.705441 
2232.095961  	90.034533 
2232.453267  	90.709378 
2232.810574  	90.732082 
2233.167881  	90.733871 
2233.525188  	90.974374 
2233.882495  	90.457020 
2234.239802  	89.529764 
2234.597109  	89.042653 
2234.954416  	89.269417 
2235.311722  	90.485900 
2235.669029  	90.439238 
2236.026336  	89.154347 
2236.383643  	89.948687 
2236.740950  	90.418217 
2237.098257  	89.194598 
2237.455564  	89.909663 
2237.812870  	91.381149 
2238.170177  	91.128888 
2238.527484  	90.348205 
2238.884791  	89.899168 
2239.242098  	89.713282 
2239.599405  	89.528856 
2239.956712  	89.523359 
2240.314018  	89.917766 
2240.671325  	90.290405 
2241.028632  	90.424622 
2241.385939  	90.228273 
2241.743246  	89.859228 
2242.100553  	89.178951 
2242.457860  	88.550925 
2242.815166  	89.159701 
2243.172473  	90.001149 
2243.529780  	90.387413 
2243.887087  	91.293328 
2244.244394  	91.343754 
2244.601701  	90.271835 
2244.959008  	89.761479 
2245.316314  	89.545823 
2245.673621  	89.313616 
2246.030928  	89.154692 
2246.388235  	89.022495 
2246.745542  	89.489401 
2247.102849  	90.262328 
2247.460156  	90.493662 
2247.817463  	90.093161 
2248.174769  	89.870940 
2248.532076  	90.033908 
2248.889383  	89.993297 
2249.246690  	90.260478 
2249.603997  	90.767708 
2249.961304  	90.392682 
2250.318611  	89.420212 
2250.675917  	88.987537 
2251.033224  	89.742852 
2251.390531  	90.525708 
2251.747838  	89.686081 
2252.105145  	88.551928 
2252.462452  	88.851743 
2252.819759  	89.765158 
2253.177065  	90.499520 
2253.534372  	90.869305 
2253.891679  	90.633958 
2254.248986  	90.423591 
2254.606293  	90.036220 
2254.963600  	89.489257 
2255.320907  	89.641781 
2255.678213  	89.723011 
2256.035520  	89.671415 
2256.392827  	89.417404 
2256.750134  	88.700792 
2257.107441  	89.321094 
2257.464748  	90.302663 
2257.822055  	89.900722 
2258.179361  	89.662801 
2258.536668  	89.391536 
2258.893975  	88.655798 
2259.251282  	88.873118 
2259.608589  	89.552217 
2259.965896  	89.202595 
2260.323203  	88.632555 
2260.680509  	88.972895 
2261.037816  	89.623196 
2261.395123  	90.057559 
2261.752430  	90.097918 
2262.109737  	89.310387 
2262.467044  	88.453772 
2262.824351  	89.115432 
2263.181658  	90.358535 
2263.538964  	89.878432 
2263.896271  	89.447881 
2264.253578  	89.881958 
2264.610885  	89.500340 
2264.968192  	89.810454 
2265.325499  	90.279838 
2265.682806  	89.693281 
2266.040112  	89.851448 
2266.397419  	89.963215 
2266.754726  	89.939479 
2267.112033  	90.318235 
2267.469340  	89.990625 
2267.826647  	89.880735 
2268.183954  	89.923873 
2268.541260  	89.504668 
2268.898567  	89.231572 
2269.255874  	88.884258 
2269.613181  	88.981687 
2269.970488  	89.872474 
2270.327795  	90.431753 
2270.685102  	89.887613 
2271.042408  	88.827741 
2271.399715  	88.296833 
2271.757022  	88.511324 
2272.114329  	89.459487 
2272.471636  	90.375069 
2272.828943  	90.331962 
2273.186250  	90.016789 
2273.543556  	89.756229 
2273.900863  	89.440024 
2274.258170  	89.652229 
2274.615477  	89.914846 
2274.972784  	89.332097 
2275.330091  	88.915076 
2275.687398  	89.314043 
2276.044705  	89.464335 
2276.402011  	89.537513 
2276.759318  	89.486505 
2277.116625  	88.913203 
2277.473932  	89.187137 
2277.831239  	89.985291 
2278.188546  	90.307123 
2278.545853  	90.485709 
2278.903159  	90.008818 
2279.260466  	89.427456 
2279.617773  	89.492128 
2279.975080  	89.371302 
2280.332387  	89.034217 
2280.689694  	88.854497 
2281.047001  	89.008974 
2281.404307  	89.386235 
2281.761614  	89.664745 
2282.118921  	90.365049 
2282.476228  	90.934107 
2282.833535  	90.213155 
2283.190842  	89.243954 
2283.548149  	89.025129 
2283.905455  	88.987650 
2284.262762  	89.134283 
2284.620069  	89.665331 
2284.977376  	89.870193 
2285.334683  	89.825418 
2285.691990  	89.714078 
2286.049297  	89.404243 
2286.406603  	89.597843 
2286.763910  	90.102242 
2287.121217  	90.202620 
2287.478524  	89.748659 
2287.835831  	89.290498 
2288.193138  	89.801675 
2288.550445  	90.099979 
2288.907752  	89.594345 
2289.265058  	89.672604 
2289.622365  	89.702634 
2289.979672  	89.170483 
2290.336979  	88.871821 
2290.694286  	88.926297 
2291.051593  	88.993968 
2291.408900  	88.976722 
2291.766206  	89.301065 
2292.123513  	89.385994 
2292.480820  	89.255151 
2292.838127  	89.719620 
2293.195434  	89.879966 
2293.552741  	89.587816 
2293.910048  	89.485341 
2294.267354  	89.621487 
2294.624661  	89.795536 
2294.981968  	89.281150 
2295.339275  	88.834286 
2295.696582  	89.203408 
2296.053889  	89.643833 
2296.411196  	89.770574 
2296.768502  	89.405236 
2297.125809  	88.988341 
2297.483116  	89.260627 
2297.840423  	89.808918 
2298.197730  	89.834174 
2298.555037  	89.579871 
2298.912344  	89.456720 
2299.269650  	89.265148 
2299.626957  	89.300472 
2299.984264  	89.327917 
2300.341571  	89.012914 
2300.698878  	88.961308 
2301.056185  	89.164100 
2301.413492  	89.414371 
2301.770799  	89.217182 
2302.128105  	89.013113 
2302.485412  	89.672495 
2302.842719  	89.576200 
2303.200026  	88.862965 
2303.557333  	89.111089 
2303.914640  	89.433281 
2304.271947  	89.287828 
2304.629253  	89.128657 
2304.986560  	89.383153 
2305.343867  	89.508742 
2305.701174  	89.268322 
2306.058481  	89.437952 
2306.415788  	89.548513 
2306.773095  	89.561499 
2307.130401  	89.809796 
2307.487708  	89.515334 
2307.845015  	89.297882 
2308.202322  	89.610692 
2308.559629  	89.854653 
2308.916936  	89.964332 
2309.274243  	89.790688 
2309.631549  	89.194118 
2309.988856  	88.994800 
2310.346163  	89.167948 
2310.703470  	89.049841 
2311.060777  	89.021885 
2311.418084  	89.008749 
2311.775391  	88.739048 
2312.132697  	88.925328 
2312.490004  	89.319291 
2312.847311  	89.569246 
2313.204618  	89.359521 
2313.561925  	88.726568 
2313.919232  	88.849416 
2314.276539  	89.371578 
2314.633846  	89.487115 
2314.991152  	89.327599 
2315.348459  	89.221251 
2315.705766  	88.881685 
2316.063073  	88.657146 
2316.420380  	89.056565 
2316.777687  	89.473162 
2317.134994  	89.445197 
2317.492300  	89.184688 
2317.849607  	88.936007 
2318.206914  	88.874694 
2318.564221  	88.700906 
2318.921528  	88.819890 
2319.278835  	89.104269 
2319.636142  	88.891855 
2319.993448  	89.111326 
2320.350755  	89.053849 
2320.708062  	88.610229 
2321.065369  	88.592789 
2321.422676  	88.232516 
2321.779983  	88.234318 
2322.137290  	88.766917 
2322.494596  	88.920003 
2322.851903  	88.982242 
2323.209210  	89.129185 
2323.566517  	89.236803 
2323.923824  	89.243184 
2324.281131  	88.718835 
2324.638438  	88.208504 
2324.995744  	88.520375 
2325.353051  	88.778973 
2325.710358  	88.919359 
2326.067665  	89.024787 
2326.424972  	88.933407 
2326.782279  	89.546531 
2327.139586  	89.906005 
2327.496893  	89.130307 
2327.854199  	88.956897 
2328.211506  	89.162646 
2328.568813  	89.578177 
2328.926120  	89.439839 
2329.283427  	88.704113 
2329.640734  	88.857964 
2329.998041  	89.040398 
2330.355347  	88.946752 
2330.712654  	88.790031 
2331.069961  	88.753240 
2331.427268  	89.067174 
2331.784575  	89.221630 
2332.141882  	89.282848 
2332.499189  	89.075108 
2332.856495  	88.936076 
2333.213802  	89.081216 
2333.571109  	88.817580 
2333.928416  	89.060385 
2334.285723  	89.564322 
2334.643030  	89.003226 
2335.000337  	88.849161 
2335.357643  	88.576157 
2335.714950  	88.379803 
2336.072257  	88.713801 
2336.429564  	88.799902 
2336.786871  	89.012623 
2337.144178  	88.812574 
2337.501485  	88.746482 
2337.858791  	89.740966 
2338.216098  	89.872915 
2338.573405  	89.568748 
2338.930712  	89.298894 
2339.288019  	89.078203 
2339.645326  	89.086708 
2340.002633  	88.630753 
2340.359939  	88.477695 
2340.717246  	88.731172 
2341.074553  	89.083996 
2341.431860  	89.091502 
2341.789167  	88.559384 
2342.146474  	88.391015 
2342.503781  	88.666042 
2342.861088  	88.608688 
2343.218394  	88.160427 
2343.575701  	88.097700 
2343.933008  	88.313603 
2344.290315  	88.524671 
2344.647622  	88.777076 
2345.004929  	88.788309 
2345.362236  	88.397909 
2345.719542  	88.180900 
2346.076849  	88.289811 
2346.434156  	88.422162 
2346.791463  	88.646067 
2347.148770  	88.522490 
2347.506077  	88.223029 
2347.863384  	88.506879 
2348.220690  	88.569942 
2348.577997  	88.369798 
2348.935304  	88.394152 
2349.292611  	88.324202 
2349.649918  	88.520429 
2350.007225  	88.853111 
2350.364532  	88.564108 
2350.721838  	88.376621 
2351.079145  	88.587679 
2351.436452  	88.721421 
2351.793759  	88.638813 
2352.151066  	88.581333 
2352.508373  	88.587015 
2352.865680  	88.428441 
2353.222986  	88.422359 
2353.580293  	88.472426 
2353.937600  	88.215995 
2354.294907  	88.101528 
2354.652214  	88.340586 
2355.009521  	88.757915 
2355.366828  	88.918093 
2355.724135  	89.131146 
2356.081441  	89.845927 
2356.438748  	89.225231 
2356.796055  	88.172039 
2357.153362  	88.218188 
2357.510669  	88.153651 
2357.867976  	87.435109 
2358.225283  	87.546062 
2358.582589  	88.165812 
2358.939896  	88.357106 
2359.297203  	87.749554 
2359.654510  	87.805214 
2360.011817  	88.684267 
2360.369124  	88.902411 
2360.726431  	88.141637 
2361.083737  	87.932126 
2361.441044  	87.854166 
2361.798351  	87.646556 
2362.155658  	87.650677 
2362.512965  	87.408380 
2362.870272  	87.297325 
2363.227579  	87.714578 
2363.584885  	87.963413 
2363.942192  	88.410956 
2364.299499  	88.428911 
2364.656806  	87.756859 
2365.014113  	87.777732 
2365.371420  	87.630609 
2365.728727  	87.450118 
2366.086033  	87.895370 
2366.443340  	88.029780 
2366.800647  	88.155327 
2367.157954  	88.617895 
2367.515261  	88.802409 
2367.872568  	88.369605 
2368.229875  	87.783896 
2368.587182  	88.074982 
2368.944488  	88.319064 
2369.301795  	88.116871 
2369.659102  	88.138241 
2370.016409  	88.533867 
2370.373716  	88.595120 
2370.731023  	87.917718 
2371.088330  	88.122200 
2371.445636  	88.664556 
2371.802943  	87.755441 
2372.160250  	87.288125 
2372.517557  	88.223213 
2372.874864  	88.673265 
2373.232171  	88.156254 
2373.589478  	87.842820 
2373.946784  	87.516242 
2374.304091  	87.557753 
2374.661398  	88.374742 
2375.018705  	88.567516 
2375.376012  	88.015062 
2375.733319  	88.033295 
2376.090626  	87.941472 
2376.447932  	87.805741 
2376.805239  	88.241620 
2377.162546  	88.429325 
2377.519853  	88.291026 
2377.877160  	88.279535 
2378.234467  	88.017240 
2378.591774  	87.723116 
2378.949080  	87.832339 
2379.306387  	88.123106 
2379.663694  	88.405885 
2380.021001  	88.441455 
2380.378308  	88.273952 
2380.735615  	88.462035 
2381.092922  	88.709008 
2381.450229  	88.649323 
2381.807535  	88.690165 
2382.164842  	88.863550 
2382.522149  	88.743898 
2382.879456  	88.269268 
2383.236763  	88.126102 
2383.594070  	88.354131 
2383.951377  	88.385785 
2384.308683  	88.522914 
2384.665990  	88.720643 
2385.023297  	88.664363 
2385.380604  	88.618584 
2385.737911  	88.679557 
2386.095218  	88.723567 
2386.452525  	88.520022 
2386.809831  	88.270298 
2387.167138  	88.295004 
2387.524445  	88.397434 
2387.881752  	88.455729 
2388.239059  	88.394093 
2388.596366  	88.390786 
2388.953673  	88.678192 
2389.310979  	88.897207 
2389.668286  	88.853806 
2390.025593  	88.763887 
2390.382900  	88.669775 
2390.740207  	88.649224 
2391.097514  	88.805666 
2391.454821  	88.775656 
2391.812127  	88.708311 
2392.169434  	88.990408 
2392.526741  	89.050702 
2392.884048  	88.912107 
2393.241355  	88.749247 
2393.598662  	88.398506 
2393.955969  	88.569870 
2394.313276  	88.938548 
2394.670582  	88.758499 
2395.027889  	88.570528 
2395.385196  	88.439088 
2395.742503  	88.310676 
2396.099810  	88.468475 
2396.457117  	88.581069 
2396.814424  	88.621039 
2397.171730  	88.755817 
2397.529037  	88.509213 
2397.886344  	88.196881 
2398.243651  	88.397171 
2398.600958  	88.561138 
2398.958265  	88.738972 
2399.315572  	89.025511 
2399.672878  	88.923202 
2400.030185  	88.770924 
2400.387492  	88.576203 
2400.744799  	88.265720 
2401.102106  	88.333922 
2401.459413  	88.605092 
2401.816720  	88.740210 
2402.174026  	88.791799 
2402.531333  	88.946602 
2402.888640  	89.007481 
2403.245947  	88.706886 
2403.603254  	88.388917 
2403.960561  	88.377007 
2404.317868  	88.684711 
2404.675174  	89.076667 
2405.032481  	89.422945 
2405.389788  	89.197005 
2405.747095  	88.246983 
2406.104402  	88.044987 
2406.461709  	88.407029 
2406.819016  	88.110601 
2407.176323  	87.971993 
2407.533629  	88.460977 
2407.890936  	88.848470 
2408.248243  	88.578251 
2408.605550  	88.256974 
2408.962857  	88.543031 
2409.320164  	88.640326 
2409.677471  	88.526017 
2410.034777  	88.604473 
2410.392084  	88.662890 
2410.749391  	88.741185 
2411.106698  	88.557552 
2411.464005  	88.532943 
2411.821312  	88.799962 
2412.178619  	88.608421 
2412.535925  	88.613506 
2412.893232  	88.821506 
2413.250539  	88.637272 
2413.607846  	88.757024 
2413.965153  	88.798481 
2414.322460  	88.406820 
2414.679767  	88.357258 
2415.037073  	88.403496 
2415.394380  	88.415695 
2415.751687  	88.542823 
2416.108994  	88.349918 
2416.466301  	87.913692 
2416.823608  	87.632235 
2417.180915  	87.732100 
2417.538221  	87.917748 
2417.895528  	88.171064 
2418.252835  	88.684676 
2418.610142  	88.589083 
2418.967449  	88.335514 
2419.324756  	88.656159 
2419.682063  	88.643568 
2420.039369  	88.556602 
2420.396676  	88.686998 
2420.753983  	88.694926 
2421.111290  	88.624665 
2421.468597  	88.265265 
2421.825904  	88.219155 
2422.183211  	88.615433 
2422.540518  	88.792833 
2422.897824  	88.797273 
2423.255131  	88.674169 
2423.612438  	88.585565 
2423.969745  	88.419622 
2424.327052  	88.216258 
2424.684359  	88.296137 
2425.041666  	88.362188 
2425.398972  	88.536202 
2425.756279  	88.684952 
2426.113586  	88.524699 
2426.470893  	88.542247 
2426.828200  	88.573225 
2427.185507  	88.325674 
2427.542814  	88.051531 
2427.900120  	88.030001 
2428.257427  	88.285787 
2428.614734  	88.368553 
2428.972041  	88.262345 
2429.329348  	88.301104 
2429.686655  	88.230586 
2430.043962  	87.998289 
2430.401268  	88.037877 
2430.758575  	88.156377 
2431.115882  	88.208395 
2431.473189  	88.443155 
2431.830496  	88.447086 
2432.187803  	88.267300 
2432.545110  	88.224841 
2432.902416  	87.958823 
2433.259723  	87.855450 
2433.617030  	88.346971 
2433.974337  	88.730660 
2434.331644  	88.480634 
2434.688951  	88.151992 
2435.046258  	88.212786 
2435.403565  	88.361675 
2435.760871  	88.506844 
2436.118178  	88.399376 
2436.475485  	88.101123 
2436.832792  	88.294521 
2437.190099  	88.403148 
2437.547406  	88.200552 
2437.904713  	88.582515 
2438.262019  	88.970681 
2438.619326  	88.551995 
2438.976633  	88.125645 
2439.333940  	88.265073 
2439.691247  	88.449742 
2440.048554  	88.361786 
2440.405861  	88.163378 
2440.763167  	88.025682 
2441.120474  	88.057820 
2441.477781  	88.245388 
2441.835088  	88.408697 
2442.192395  	88.334635 
2442.549702  	88.395478 
2442.907009  	88.621737 
2443.264315  	88.458429 
2443.621622  	88.196281 
2443.978929  	87.984879 
2444.336236  	88.016949 
2444.693543  	88.505541 
2445.050850  	88.557670 
2445.408157  	88.361753 
2445.765463  	88.367767 
2446.122770  	88.124018 
2446.480077  	87.981685 
2446.837384  	87.986262 
2447.194691  	88.039435 
2447.551998  	88.275609 
2447.909305  	88.376134 
2448.266612  	88.377364 
2448.623918  	88.131597 
2448.981225  	87.769801 
2449.338532  	87.749582 
2449.695839  	87.843126 
2450.053146  	88.274474 
2450.410453  	88.764515 
2450.767760  	88.516160 
2451.125066  	88.243929 
2451.482373  	88.321550 
2451.839680  	88.251034 
2452.196987  	88.266713 
2452.554294  	88.483464 
2452.911601  	88.600541 
2453.268908  	88.465327 
2453.626214  	88.075566 
2453.983521  	87.708706 
2454.340828  	87.618707 
2454.698135  	87.797839 
2455.055442  	88.143547 
2455.412749  	88.404005 
2455.770056  	88.289372 
2456.127362  	87.947711 
2456.484669  	87.834913 
2456.841976  	88.174498 
2457.199283  	88.691003 
2457.556590  	88.696337 
2457.913897  	88.383449 
2458.271204  	88.292798 
2458.628510  	87.952734 
2458.985817  	87.869865 
2459.343124  	88.505329 
2459.700431  	88.630883 
2460.057738  	88.304456 
2460.415045  	88.155110 
2460.772352  	88.063059 
2461.129659  	88.373602 
2461.486965  	88.544983 
2461.844272  	88.120897 
2462.201579  	88.011960 
2462.558886  	88.182152 
2462.916193  	87.961503 
2463.273500  	87.708751 
2463.630807  	87.684095 
2463.988113  	87.670148 
2464.345420  	87.840058 
2464.702727  	88.114772 
2465.060034  	88.292206 
2465.417341  	88.451949 
2465.774648  	88.494127 
2466.131955  	88.661580 
2466.489261  	89.059101 
2466.846568  	89.282071 
2467.203875  	88.926973 
2467.561182  	88.127333 
2467.918489  	87.904174 
2468.275796  	88.050656 
2468.633103  	87.977326 
2468.990409  	88.229402 
2469.347716  	88.220178 
2469.705023  	87.919335 
2470.062330  	88.081461 
2470.419637  	87.930139 
2470.776944  	87.653068 
2471.134251  	87.874400 
2471.491557  	87.865274 
2471.848864  	87.717280 
2472.206171  	87.935528 
2472.563478  	88.137212 
2472.920785  	88.250687 
2473.278092  	88.392256 
2473.635399  	88.173501 
2473.992706  	87.994794 
2474.350012  	88.379310 
2474.707319  	88.301261 
2475.064626  	87.641073 
2475.421933  	87.596391 
2475.779240  	87.881107 
2476.136547  	88.067037 
2476.493854  	88.219631 
2476.851160  	87.883715 
2477.208467  	87.675897 
2477.565774  	87.898316 
2477.923081  	87.859751 
2478.280388  	87.953183 
2478.637695  	87.979432 
2478.995002  	87.709296 
2479.352308  	87.823148 
2479.709615  	87.940531 
2480.066922  	88.123524 
2480.424229  	88.507986 
2480.781536  	88.260767 
2481.138843  	87.730798 
2481.496150  	87.733450 
2481.853456  	88.150078 
2482.210763  	88.257462 
2482.568070  	88.072954 
2482.925377  	88.126577 
2483.282684  	87.983823 
2483.639991  	87.896280 
2483.997298  	88.244501 
2484.354604  	88.208749 
2484.711911  	88.065054 
2485.069218  	88.365266 
2485.426525  	88.396488 
2485.783832  	88.194146 
2486.141139  	88.289726 
2486.498446  	88.056850 
2486.855753  	87.604027 
2487.213059  	87.701500 
2487.570366  	87.770873 
2487.927673  	87.780624 
2488.284980  	88.077759 
2488.642287  	88.139005 
2488.999594  	88.051739 
2489.356901  	88.064538 
2489.714207  	88.178767 
2490.071514  	88.266058 
2490.428821  	88.212830 
2490.786128  	88.328916 
2491.143435  	88.370649 
2491.500742  	88.067640 
2491.858049  	87.677111 
2492.215355  	87.556256 
2492.572662  	87.904613 
2492.929969  	88.055487 
2493.287276  	87.815375 
2493.644583  	87.964474 
2494.001890  	88.316586 
2494.359197  	88.021517 
2494.716503  	87.667116 
2495.073810  	88.073475 
2495.431117  	88.215532 
2495.788424  	87.970357 
2496.145731  	88.334692 
2496.503038  	88.439434 
2496.860345  	87.877427 
2497.217651  	87.616252 
2497.574958  	87.635437 
2497.932265  	87.772056 
2498.289572  	88.207011 
2498.646879  	88.425770 
2499.004186  	88.252878 
2499.361493  	88.046638 
2499.718800  	87.805777 
2500.076106  	87.938490 
2500.433413  	88.045756 
2500.790720  	87.444409 
2501.148027  	87.463324 
2501.505334  	87.981185 
2501.862641  	87.746760 
2502.219948  	87.691465 
2502.577254  	87.973790 
2502.934561  	87.945333 
2503.291868  	87.990730 
2503.649175  	88.065482 
2504.006482  	88.072644 
2504.363789  	88.286363 
2504.721096  	88.314708 
2505.078402  	88.032755 
2505.435709  	88.090547 
2505.793016  	88.193633 
2506.150323  	87.942069 
2506.507630  	87.762392 
2506.864937  	87.659961 
2507.222244  	87.791843 
2507.579550  	87.914883 
2507.936857  	87.701039 
2508.294164  	87.783940 
2508.651471  	87.853624 
2509.008778  	87.778062 
2509.366085  	87.962319 
2509.723392  	87.828357 
2510.080698  	87.707215 
2510.438005  	87.996682 
2510.795312  	88.059533 
2511.152619  	87.973505 
2511.509926  	87.843204 
2511.867233  	87.528578 
2512.224540  	87.698868 
2512.581846  	88.294471 
2512.939153  	88.148319 
2513.296460  	87.755557 
2513.653767  	88.049744 
2514.011074  	88.292264 
2514.368381  	88.358196 
2514.725688  	88.394822 
2515.082995  	88.017843 
2515.440301  	87.806321 
2515.797608  	87.964358 
2516.154915  	88.052408 
2516.512222  	88.031773 
2516.869529  	87.807955 
2517.226836  	87.643312 
2517.584143  	87.933763 
2517.941449  	88.241886 
2518.298756  	88.036107 
2518.656063  	87.806747 
2519.013370  	87.878219 
2519.370677  	87.778379 
2519.727984  	87.809847 
2520.085291  	87.896142 
2520.442597  	87.649651 
2520.799904  	87.915909 
2521.157211  	88.165596 
2521.514518  	87.870029 
2521.871825  	87.998861 
2522.229132  	87.912576 
2522.586439  	87.695810 
2522.943745  	88.027465 
2523.301052  	87.784811 
2523.658359  	87.342810 
2524.015666  	87.482095 
2524.372973  	87.918463 
2524.730280  	88.561881 
2525.087587  	88.485961 
2525.444893  	87.936780 
2525.802200  	87.982879 
2526.159507  	88.152153 
2526.516814  	88.199858 
2526.874121  	88.069931 
2527.231428  	87.999032 
2527.588735  	88.277229 
2527.946042  	87.835556 
2528.303348  	87.164868 
2528.660655  	87.618485 
2529.017962  	88.027365 
2529.375269  	87.770499 
2529.732576  	87.836586 
2530.089883  	88.012879 
2530.447190  	87.903219 
2530.804496  	88.005585 
2531.161803  	88.278079 
2531.519110  	88.134756 
2531.876417  	87.804165 
2532.233724  	87.750895 
2532.591031  	87.651867 
2532.948338  	87.515347 
2533.305644  	87.511234 
2533.662951  	87.519193 
2534.020258  	87.786461 
2534.377565  	88.051369 
2534.734872  	88.271709 
2535.092179  	88.489326 
2535.449486  	87.956266 
2535.806792  	87.447164 
2536.164099  	87.702687 
2536.521406  	88.011847 
2536.878713  	88.391501 
2537.236020  	88.549549 
2537.593327  	88.166230 
2537.950634  	87.984943 
2538.307940  	88.193105 
2538.665247  	88.244166 
2539.022554  	87.936709 
2539.379861  	87.730015 
2539.737168  	87.644568 
2540.094475  	87.622645 
2540.451782  	87.904891 
2540.809089  	87.943821 
2541.166395  	87.723710 
2541.523702  	87.732836 
2541.881009  	87.977713 
2542.238316  	88.207525 
2542.595623  	87.894068 
2542.952930  	87.796905 
2543.310237  	88.367781 
2543.667543  	88.555924 
2544.024850  	88.519902 
2544.382157  	88.414276 
2544.739464  	88.017835 
2545.096771  	87.929104 
2545.454078  	88.114987 
2545.811385  	88.238878 
2546.168691  	88.068427 
2546.525998  	87.753066 
2546.883305  	87.867194 
2547.240612  	87.945846 
2547.597919  	87.610839 
2547.955226  	87.374424 
2548.312533  	87.649241 
2548.669839  	88.456104 
2549.027146  	88.823601 
2549.384453  	88.222845 
2549.741760  	87.619303 
2550.099067  	87.577785 
2550.456374  	88.011572 
2550.813681  	88.274528 
2551.170987  	87.811711 
2551.528294  	87.561514 
2551.885601  	87.981063 
2552.242908  	88.353096 
2552.600215  	88.210737 
2552.957522  	87.748017 
2553.314829  	87.853352 
2553.672136  	88.120046 
2554.029442  	87.883363 
2554.386749  	88.321051 
2554.744056  	88.979949 
2555.101363  	88.544975 
2555.458670  	87.916339 
2555.815977  	87.755413 
2556.173284  	87.732300 
2556.530590  	87.743917 
2556.887897  	88.086065 
2557.245204  	88.649347 
2557.602511  	88.524791 
2557.959818  	88.110755 
2558.317125  	88.219306 
2558.674432  	88.169652 
2559.031738  	87.932480 
2559.389045  	88.132805 
2559.746352  	88.366877 
2560.103659  	88.261720 
2560.460966  	88.072977 
2560.818273  	88.050793 
2561.175580  	88.171282 
2561.532886  	88.088560 
2561.890193  	87.941244 
2562.247500  	88.152452 
2562.604807  	88.106535 
2562.962114  	87.584043 
2563.319421  	87.599309 
2563.676728  	88.223965 
2564.034034  	88.658110 
2564.391341  	88.786466 
2564.748648  	88.741077 
2565.105955  	88.243087 
2565.463262  	87.665054 
2565.820569  	87.920280 
2566.177876  	88.410165 
2566.535183  	88.251600 
2566.892489  	88.073401 
2567.249796  	88.410469 
2567.607103  	88.935365 
2567.964410  	88.893939 
2568.321717  	88.354719 
2568.679024  	88.234545 
2569.036331  	88.298744 
2569.393637  	88.185235 
2569.750944  	88.323569 
2570.108251  	88.515117 
2570.465558  	88.536242 
2570.822865  	88.649743 
2571.180172  	88.791801 
2571.537479  	88.776691 
2571.894785  	88.714615 
2572.252092  	88.733252 
2572.609399  	88.766169 
2572.966706  	88.552121 
2573.324013  	88.320088 
2573.681320  	88.570303 
2574.038627  	88.673682 
2574.395933  	88.490548 
2574.753240  	88.577836 
2575.110547  	88.393674 
2575.467854  	88.308428 
2575.825161  	88.796427 
2576.182468  	89.126944 
2576.539775  	89.130530 
2576.897081  	88.671834 
2577.254388  	88.429303 
2577.611695  	88.889341 
2577.969002  	88.963616 
2578.326309  	88.660821 
2578.683616  	88.420055 
2579.040923  	88.362024 
2579.398230  	88.410601 
2579.755536  	88.100665 
2580.112843  	88.037280 
2580.470150  	88.175003 
2580.827457  	88.278140 
2581.184764  	88.799363 
2581.542071  	88.830954 
2581.899378  	88.437546 
2582.256684  	88.535035 
2582.613991  	88.748612 
2582.971298  	88.741521 
2583.328605  	88.371822 
2583.685912  	88.140247 
2584.043219  	88.378209 
2584.400526  	88.475613 
2584.757832  	88.619218 
2585.115139  	88.830094 
2585.472446  	88.571751 
2585.829753  	88.311799 
2586.187060  	88.641099 
2586.544367  	88.981963 
2586.901674  	88.487883 
2587.258980  	87.934598 
2587.616287  	88.258497 
2587.973594  	88.606887 
2588.330901  	88.597077 
2588.688208  	88.682306 
2589.045515  	88.590190 
2589.402822  	88.409397 
2589.760128  	88.347467 
2590.117435  	88.162494 
2590.474742  	88.079011 
2590.832049  	88.371797 
2591.189356  	88.827997 
2591.546663  	88.873879 
2591.903970  	88.565401 
2592.261276  	88.659293 
2592.618583  	88.895748 
2592.975890  	88.862117 
2593.333197  	88.884667 
2593.690504  	88.880513 
2594.047811  	88.705855 
2594.405118  	88.437832 
2594.762425  	88.221560 
2595.119731  	88.281682 
2595.477038  	88.414589 
2595.834345  	88.416343 
2596.191652  	88.406925 
2596.548959  	88.328065 
2596.906266  	88.346049 
2597.263573  	88.742720 
2597.620879  	89.025481 
2597.978186  	88.996754 
2598.335493  	89.047669 
2598.692800  	88.940593 
2599.050107  	88.766061 
2599.407414  	88.861340 
2599.764721  	88.862061 
2600.122027  	88.768039 
2600.479334  	88.763978 
2600.836641  	88.632255 
2601.193948  	88.516770 
2601.551255  	88.771661 
2601.908562  	88.927155 
2602.265869  	88.620641 
2602.623175  	88.542676 
2602.980482  	88.781239 
2603.337789  	89.033511 
2603.695096  	89.184774 
2604.052403  	88.938078 
2604.409710  	88.866197 
2604.767017  	89.046083 
2605.124323  	89.021730 
2605.481630  	89.127679 
2605.838937  	89.083041 
2606.196244  	88.931054 
2606.553551  	89.153167 
2606.910858  	89.196753 
2607.268165  	88.930662 
2607.625472  	88.889419 
2607.982778  	89.113920 
2608.340085  	89.261687 
2608.697392  	89.278980 
2609.054699  	89.199481 
2609.412006  	89.056901 
2609.769313  	89.067473 
2610.126620  	88.924658 
2610.483926  	88.866680 
2610.841233  	89.362318 
2611.198540  	89.525357 
2611.555847  	89.186133 
2611.913154  	89.059706 
2612.270461  	89.197573 
2612.627768  	89.422216 
2612.985074  	89.437094 
2613.342381  	89.369321 
2613.699688  	89.413339 
2614.056995  	89.338699 
2614.414302  	89.251558 
2614.771609  	89.143422 
2615.128916  	88.979181 
2615.486222  	88.979660 
2615.843529  	89.047888 
2616.200836  	89.221465 
2616.558143  	89.510671 
2616.915450  	89.534500 
2617.272757  	89.271093 
2617.630064  	89.119684 
2617.987370  	89.286265 
2618.344677  	89.449380 
2618.701984  	89.443412 
2619.059291  	89.459362 
2619.416598  	89.276719 
2619.773905  	89.191595 
2620.131212  	89.582415 
2620.488519  	89.733706 
2620.845825  	89.589259 
2621.203132  	89.536897 
2621.560439  	89.433690 
2621.917746  	89.404703 
2622.275053  	89.345510 
2622.632360  	89.209817 
2622.989667  	89.271659 
2623.346973  	89.321713 
2623.704280  	89.165491 
2624.061587  	89.102477 
2624.418894  	89.326449 
2624.776201  	89.435843 
2625.133508  	89.348856 
2625.490815  	89.469839 
2625.848121  	89.631170 
2626.205428  	89.573610 
2626.562735  	89.406056 
2626.920042  	89.434308 
2627.277349  	89.695781 
2627.634656  	89.767621 
2627.991963  	89.674566 
2628.349269  	89.555078 
2628.706576  	89.286100 
2629.063883  	89.101569 
2629.421190  	89.288180 
2629.778497  	89.605051 
2630.135804  	89.677287 
2630.493111  	89.671189 
2630.850417  	89.677400 
2631.207724  	89.648893 
2631.565031  	89.792079 
2631.922338  	89.901007 
2632.279645  	89.838562 
2632.636952  	89.697965 
2632.994259  	89.543779 
2633.351566  	89.639262 
2633.708872  	89.735255 
2634.066179  	89.612906 
2634.423486  	89.626715 
2634.780793  	89.637977 
2635.138100  	89.517143 
2635.495407  	89.704548 
2635.852714  	89.897062 
2636.210020  	89.634354 
2636.567327  	89.608912 
2636.924634  	89.884707 
2637.281941  	89.845247 
2637.639248  	89.744232 
2637.996555  	89.782488 
2638.353862  	89.825713 
2638.711168  	89.745277 
2639.068475  	89.616805 
2639.425782  	89.713106 
2639.783089  	89.783264 
2640.140396  	89.764816 
2640.497703  	89.866459 
2640.855010  	89.880998 
2641.212316  	89.744893 
2641.569623  	89.763274 
2641.926930  	89.951736 
2642.284237  	89.824106 
2642.641544  	89.581053 
2642.998851  	89.642866 
2643.356158  	89.724824 
2643.713464  	89.859809 
2644.070771  	90.000109 
2644.428078  	90.016555 
2644.785385  	90.015775 
2645.142692  	89.868035 
2645.499999  	89.799175 
2645.857306  	89.817752 
2646.214613  	89.741745 
2646.571919  	89.767703 
2646.929226  	89.817965 
2647.286533  	89.830953 
2647.643840  	89.867000 
2648.001147  	90.018930 
2648.358454  	90.114718 
2648.715761  	89.900898 
2649.073067  	89.822031 
2649.430374  	89.828008 
2649.787681  	89.641618 
2650.144988  	89.678184 
2650.502295  	89.823038 
2650.859602  	89.790937 
2651.216909  	89.736657 
2651.574215  	89.698594 
2651.931522  	89.693525 
2652.288829  	89.758632 
2652.646136  	89.862529 
2653.003443  	89.920406 
2653.360750  	89.873896 
2653.718057  	89.838581 
2654.075363  	89.877653 
2654.432670  	89.917222 
2654.789977  	90.018798 
2655.147284  	90.117757 
2655.504591  	90.073910 
2655.861898  	90.095449 
2656.219205  	90.115575 
2656.576511  	89.943567 
2656.933818  	89.880542 
2657.291125  	89.974893 
2657.648432  	89.998252 
2658.005739  	89.994824 
2658.363046  	90.038107 
2658.720353  	90.050986 
2659.077660  	89.998512 
2659.434966  	89.927872 
2659.792273  	89.904334 
2660.149580  	90.020937 
2660.506887  	90.084539 
2660.864194  	90.013260 
2661.221501  	90.073683 
2661.578808  	90.106257 
2661.936114  	90.028477 
2662.293421  	89.964494 
2662.650728  	89.791528 
2663.008035  	89.729816 
2663.365342  	89.879554 
2663.722649  	89.949411 
2664.079956  	89.968123 
2664.437262  	90.040059 
2664.794569  	90.051274 
2665.151876  	90.033337 
2665.509183  	90.077108 
2665.866490  	90.005894 
2666.223797  	89.893946 
2666.581104  	89.980516 
2666.938410  	90.064968 
2667.295717  	90.039954 
2667.653024  	90.009186 
2668.010331  	89.974946 
2668.367638  	89.948169 
2668.724945  	89.957834 
2669.082252  	89.978441 
2669.439558  	89.911205 
2669.796865  	89.922376 
2670.154172  	90.125736 
2670.511479  	90.273744 
2670.868786  	90.316829 
2671.226093  	90.166163 
2671.583400  	89.870749 
2671.940706  	89.948088 
2672.298013  	90.218017 
2672.655320  	90.049892 
2673.012627  	89.779873 
2673.369934  	89.844339 
2673.727241  	89.971389 
2674.084548  	90.100664 
2674.441855  	90.188790 
2674.799161  	90.084378 
2675.156468  	90.026724 
2675.513775  	90.057007 
2675.871082  	90.204203 
2676.228389  	90.450340 
2676.585696  	90.364356 
2676.943003  	90.101094 
2677.300309  	90.017697 
2677.657616  	90.007491 
2678.014923  	90.078113 
2678.372230  	90.161184 
2678.729537  	90.142186 
2679.086844  	90.113497 
2679.444151  	90.059991 
2679.801457  	90.006608 
2680.158764  	90.077468 
2680.516071  	90.166318 
2680.873378  	90.141204 
2681.230685  	90.039951 
2681.587992  	89.963095 
2681.945299  	90.012203 
2682.302605  	90.138723 
2682.659912  	90.302735 
2683.017219  	90.347785 
2683.374526  	90.145046 
2683.731833  	90.137718 
2684.089140  	90.252970 
2684.446447  	90.061257 
2684.803753  	89.955499 
2685.161060  	90.022570 
2685.518367  	90.084101 
2685.875674  	90.206034 
2686.232981  	90.178868 
2686.590288  	90.171635 
2686.947595  	90.263323 
2687.304902  	90.122224 
2687.662208  	90.092575 
2688.019515  	90.311865 
2688.376822  	90.340602 
2688.734129  	90.323803 
2689.091436  	90.422748 
2689.448743  	90.420051 
2689.806050  	90.402106 
2690.163356  	90.488088 
2690.520663  	90.569841 
2690.877970  	90.474951 
2691.235277  	90.217305 
2691.592584  	90.103176 
2691.949891  	90.171423 
2692.307198  	90.208570 
2692.664504  	90.104560 
2693.021811  	90.023593 
2693.379118  	90.174393 
2693.736425  	90.135999 
2694.093732  	89.847955 
2694.451039  	89.851987 
2694.808346  	90.042493 
2695.165652  	90.261657 
2695.522959  	90.398621 
2695.880266  	90.233331 
2696.237573  	90.136131 
2696.594880  	90.180253 
2696.952187  	90.087991 
2697.309494  	90.121347 
2697.666800  	90.310601 
2698.024107  	90.327023 
2698.381414  	90.243843 
2698.738721  	90.168051 
2699.096028  	90.142271 
2699.453335  	90.255599 
2699.810642  	90.268790 
2700.167949  	90.218597 
2700.525255  	90.326610 
2700.882562  	90.403795 
2701.239869  	90.413723 
2701.597176  	90.310647 
2701.954483  	90.175501 
2702.311790  	90.291317 
2702.669097  	90.391839 
2703.026403  	90.348569 
2703.383710  	90.347909 
2703.741017  	90.306196 
2704.098324  	90.140614 
2704.455631  	89.985315 
2704.812938  	90.077910 
2705.170245  	90.245399 
2705.527551  	90.292561 
2705.884858  	90.338751 
2706.242165  	90.243101 
2706.599472  	90.081366 
2706.956779  	90.110067 
2707.314086  	90.252005 
2707.671393  	90.398992 
2708.028699  	90.399464 
2708.386006  	90.327813 
2708.743313  	90.464210 
2709.100620  	90.588455 
2709.457927  	90.446319 
2709.815234  	90.313298 
2710.172541  	90.276634 
2710.529847  	90.178201 
2710.887154  	90.130781 
2711.244461  	90.223741 
2711.601768  	90.384160 
2711.959075  	90.517822 
2712.316382  	90.597234 
2712.673689  	90.517375 
2713.030996  	90.253012 
2713.388302  	90.269841 
2713.745609  	90.483003 
2714.102916  	90.446521 
2714.460223  	90.376110 
2714.817530  	90.244053 
2715.174837  	90.131793 
2715.532144  	90.292648 
2715.889450  	90.398325 
2716.246757  	90.416300 
2716.604064  	90.331445 
2716.961371  	90.095808 
2717.318678  	90.157297 
2717.675985  	90.467102 
2718.033292  	90.623116 
2718.390598  	90.545527 
2718.747905  	90.276928 
2719.105212  	90.082015 
2719.462519  	90.238476 
2719.819826  	90.514295 
2720.177133  	90.580654 
2720.534440  	90.476432 
2720.891746  	90.278780 
2721.249053  	90.186032 
2721.606360  	90.350394 
2721.963667  	90.542706 
2722.320974  	90.600255 
2722.678281  	90.479422 
2723.035588  	90.321849 
2723.392894  	90.362835 
2723.750201  	90.474030 
2724.107508  	90.455741 
2724.464815  	90.276960 
2724.822122  	90.083369 
2725.179429  	90.085358 
2725.536736  	90.218744 
2725.894043  	90.296143 
2726.251349  	90.331843 
2726.608656  	90.378855 
2726.965963  	90.400233 
2727.323270  	90.469769 
2727.680577  	90.496109 
2728.037884  	90.391584 
2728.395191  	90.394897 
2728.752497  	90.486571 
2729.109804  	90.526228 
2729.467111  	90.452742 
2729.824418  	90.383733 
2730.181725  	90.559293 
2730.539032  	90.653554 
2730.896339  	90.535327 
2731.253645  	90.435027 
2731.610952  	90.371329 
2731.968259  	90.515259 
2732.325566  	90.655804 
2732.682873  	90.535089 
2733.040180  	90.447071 
2733.397487  	90.513965 
2733.754793  	90.621960 
2734.112100  	90.692133 
2734.469407  	90.764170 
2734.826714  	90.754919 
2735.184021  	90.606249 
2735.541328  	90.571062 
2735.898635  	90.641004 
2736.255941  	90.674760 
2736.613248  	90.678700 
2736.970555  	90.647978 
2737.327862  	90.602778 
2737.685169  	90.574372 
2738.042476  	90.568091 
2738.399783  	90.533614 
2738.757090  	90.591137 
2739.114396  	90.780740 
2739.471703  	90.876189 
2739.829010  	90.729090 
2740.186317  	90.469808 
2740.543624  	90.507138 
2740.900931  	90.648782 
2741.258238  	90.612153 
2741.615544  	90.742154 
2741.972851  	90.872835 
2742.330158  	90.848632 
2742.687465  	90.734431 
2743.044772  	90.482151 
2743.402079  	90.550912 
2743.759386  	90.894819 
2744.116692  	90.998806 
2744.473999  	90.929852 
2744.831306  	90.904909 
2745.188613  	90.893883 
2745.545920  	90.820624 
2745.903227  	90.832321 
2746.260534  	90.904125 
2746.617840  	90.905114 
2746.975147  	90.816151 
2747.332454  	90.660234 
2747.689761  	90.778056 
2748.047068  	90.976613 
2748.404375  	90.870344 
2748.761682  	90.870841 
2749.118988  	90.975836 
2749.476295  	90.827244 
2749.833602  	90.745377 
2750.190909  	90.924819 
2750.548216  	90.973789 
2750.905523  	90.923363 
2751.262830  	90.946285 
2751.620136  	90.792321 
2751.977443  	90.760970 
2752.334750  	90.996231 
2752.692057  	91.042390 
2753.049364  	90.969620 
2753.406671  	90.909137 
2753.763978  	90.911714 
2754.121285  	91.047661 
2754.478591  	91.118173 
2754.835898  	91.130457 
2755.193205  	91.150129 
2755.550512  	91.119767 
2755.907819  	91.092210 
2756.265126  	91.119843 
2756.622433  	91.098292 
2756.979739  	91.020481 
2757.337046  	91.007292 
2757.694353  	90.981866 
2758.051660  	90.992415 
2758.408967  	90.990579 
2758.766274  	90.859624 
2759.123581  	90.817210 
2759.480887  	90.782614 
2759.838194  	90.821831 
2760.195501  	91.029512 
2760.552808  	91.017859 
2760.910115  	91.008092 
2761.267422  	91.227640 
2761.624729  	91.270202 
2761.982035  	91.138250 
2762.339342  	91.079815 
2762.696649  	91.037101 
2763.053956  	90.983148 
2763.411263  	91.014116 
2763.768570  	91.110617 
2764.125877  	91.224813 
2764.483183  	91.176410 
2764.840490  	90.969724 
2765.197797  	90.944693 
2765.555104  	90.992822 
2765.912411  	91.089052 
2766.269718  	91.299172 
2766.627025  	91.272300 
2766.984332  	91.232501 
2767.341638  	91.318250 
2767.698945  	91.152296 
2768.056252  	91.015555 
2768.413559  	91.225368 
2768.770866  	91.397765 
2769.128173  	91.242454 
2769.485480  	91.096720 
2769.842786  	91.198136 
2770.200093  	91.275354 
2770.557400  	91.173111 
2770.914707  	91.074108 
2771.272014  	91.160663 
2771.629321  	91.150240 
2771.986628  	90.896797 
2772.343934  	90.903616 
2772.701241  	91.065563 
2773.058548  	90.966247 
2773.415855  	90.949381 
2773.773162  	91.093814 
2774.130469  	91.131570 
2774.487776  	91.158577 
2774.845082  	91.162244 
2775.202389  	91.191804 
2775.559696  	91.300960 
2775.917003  	91.296446 
2776.274310  	91.386170 
2776.631617  	91.474562 
2776.988924  	91.276704 
2777.346230  	91.195559 
2777.703537  	91.142399 
2778.060844  	90.992843 
2778.418151  	91.070652 
2778.775458  	91.177021 
2779.132765  	91.297252 
2779.490072  	91.444361 
2779.847379  	91.433733 
2780.204685  	91.389482 
2780.561992  	91.271433 
2780.919299  	91.176299 
2781.276606  	91.209892 
2781.633913  	91.270553 
2781.991220  	91.374245 
2782.348527  	91.295616 
2782.705833  	91.116616 
2783.063140  	91.177275 
2783.420447  	91.293021 
2783.777754  	91.321696 
2784.135061  	91.388040 
2784.492368  	91.448395 
2784.849675  	91.342371 
2785.206981  	91.246901 
2785.564288  	91.397070 
2785.921595  	91.514314 
2786.278902  	91.426739 
2786.636209  	91.333729 
2786.993516  	91.321699 
2787.350823  	91.396818 
2787.708129  	91.491545 
2788.065436  	91.448348 
2788.422743  	91.355054 
2788.780050  	91.404710 
2789.137357  	91.383949 
2789.494664  	91.223412 
2789.851971  	91.227723 
2790.209277  	91.234081 
2790.566584  	91.145259 
2790.923891  	91.194021 
2791.281198  	91.212482 
2791.638505  	91.218501 
2791.995812  	91.350986 
2792.353119  	91.316954 
2792.710426  	91.136816 
2793.067732  	91.063657 
2793.425039  	91.089925 
2793.782346  	91.255732 
2794.139653  	91.489165 
2794.496960  	91.526609 
2794.854267  	91.423394 
2795.211574  	91.413984 
2795.568880  	91.438674 
2795.926187  	91.342465 
2796.283494  	91.178668 
2796.640801  	91.150613 
2796.998108  	91.323603 
2797.355415  	91.451841 
2797.712722  	91.393299 
2798.070028  	91.269946 
2798.427335  	91.151312 
2798.784642  	91.108530 
2799.141949  	91.215069 
2799.499256  	91.318028 
2799.856563  	91.244162 
2800.213870  	91.193804 
2800.571176  	91.299262 
2800.928483  	91.342899 
2801.285790  	91.368917 
2801.643097  	91.418985 
2802.000404  	91.400369 
2802.357711  	91.422887 
2802.715018  	91.383636 
2803.072324  	91.298267 
2803.429631  	91.326888 
2803.786938  	91.409809 
2804.144245  	91.499190 
2804.501552  	91.389880 
2804.858859  	91.261298 
2805.216166  	91.391372 
2805.573473  	91.409264 
2805.930779  	91.263070 
2806.288086  	91.171604 
2806.645393  	91.211955 
2807.002700  	91.389877 
2807.360007  	91.480157 
2807.717314  	91.472072 
2808.074621  	91.457632 
2808.431927  	91.516744 
2808.789234  	91.558494 
2809.146541  	91.383770 
2809.503848  	91.318713 
2809.861155  	91.370385 
2810.218462  	91.317606 
2810.575769  	91.359563 
2810.933075  	91.418660 
2811.290382  	91.472874 
2811.647689  	91.545852 
2812.004996  	91.437665 
2812.362303  	91.281977 
2812.719610  	91.307323 
2813.076917  	91.434405 
2813.434223  	91.399945 
2813.791530  	91.300651 
2814.148837  	91.345247 
2814.506144  	91.319728 
2814.863451  	91.227129 
2815.220758  	91.192106 
2815.578065  	91.267996 
2815.935371  	91.486879 
2816.292678  	91.469411 
2816.649985  	91.312407 
2817.007292  	91.349985 
2817.364599  	91.238779 
2817.721906  	91.123051 
2818.079213  	91.235915 
2818.436520  	91.206537 
2818.793826  	91.220617 
2819.151133  	91.401802 
2819.508440  	91.414731 
2819.865747  	91.394820 
2820.223054  	91.503875 
2820.580361  	91.571210 
2820.937668  	91.429566 
2821.294974  	91.336106 
2821.652281  	91.556528 
2822.009588  	91.670608 
2822.366895  	91.571978 
2822.724202  	91.475026 
2823.081509  	91.327401 
2823.438816  	91.374315 
2823.796122  	91.565224 
2824.153429  	91.566549 
2824.510736  	91.480577 
2824.868043  	91.427094 
2825.225350  	91.424649 
2825.582657  	91.468381 
2825.939964  	91.463864 
2826.297270  	91.375130 
2826.654577  	91.453806 
2827.011884  	91.644030 
2827.369191  	91.509231 
2827.726498  	91.453028 
2828.083805  	91.660230 
2828.441112  	91.647802 
2828.798418  	91.704085 
2829.155725  	91.909219 
2829.513032  	91.973264 
2829.870339  	91.920057 
2830.227646  	91.752336 
2830.584953  	91.805928 
2830.942260  	91.978434 
2831.299567  	91.807362 
2831.656873  	91.543841 
2832.014180  	91.397534 
2832.371487  	91.427009 
2832.728794  	91.672975 
2833.086101  	91.884952 
2833.443408  	91.906138 
2833.800715  	91.746286 
2834.158021  	91.718953 
2834.515328  	91.926092 
2834.872635  	91.872330 
2835.229942  	91.677729 
2835.587249  	91.739299 
2835.944556  	91.770631 
2836.301863  	91.694151 
2836.659169  	91.596370 
2837.016476  	91.405345 
2837.373783  	91.449801 
2837.731090  	91.780643 
2838.088397  	91.926416 
2838.445704  	91.766965 
2838.803011  	91.594985 
2839.160317  	91.648777 
2839.517624  	91.796869 
2839.874931  	91.872586 
2840.232238  	91.836063 
2840.589545  	91.718175 
2840.946852  	91.816290 
2841.304159  	91.928286 
2841.661465  	91.752554 
2842.018772  	91.733473 
2842.376079  	91.805962 
2842.733386  	91.680881 
2843.090693  	91.734419 
2843.448000  	91.905960 
2843.805307  	91.873983 
2844.162613  	91.918318 
2844.519920  	92.025358 
2844.877227  	91.796341 
2845.234534  	91.650839 
2845.591841  	91.847947 
2845.949148  	91.859700 
2846.306455  	91.822914 
2846.663762  	91.848393 
2847.021068  	91.699368 
2847.378375  	91.657162 
2847.735682  	91.648465 
2848.092989  	91.656470 
2848.450296  	91.940890 
2848.807603  	92.079979 
2849.164910  	91.902071 
2849.522216  	91.785053 
2849.879523  	91.787680 
2850.236830  	91.766075 
2850.594137  	91.749063 
2850.951444  	91.742841 
2851.308751  	91.706225 
2851.666058  	91.798906 
2852.023364  	91.881705 
2852.380671  	91.774142 
2852.737978  	91.850718 
2853.095285  	92.128702 
2853.452592  	92.224175 
2853.809899  	92.206117 
2854.167206  	92.264474 
2854.524512  	92.251501 
2854.881819  	92.084938 
2855.239126  	91.893931 
2855.596433  	91.801171 
2855.953740  	91.900576 
2856.311047  	91.876941 
2856.668354  	91.632564 
2857.025660  	91.757199 
2857.382967  	92.032153 
2857.740274  	91.858572 
2858.097581  	91.771553 
2858.454888  	92.108892 
2858.812195  	92.026429 
2859.169502  	91.471870 
2859.526809  	91.548112 
2859.884115  	92.057336 
2860.241422  	92.108470 
2860.598729  	92.018077 
2860.956036  	92.151388 
2861.313343  	92.195351 
2861.670650  	92.012058 
2862.027957  	91.933122 
2862.385263  	92.027427 
2862.742570  	92.024953 
2863.099877  	91.909254 
2863.457184  	91.777279 
2863.814491  	91.853430 
2864.171798  	91.995736 
2864.529105  	91.898064 
2864.886411  	91.823188 
2865.243718  	91.832890 
2865.601025  	91.925046 
2865.958332  	91.996737 
2866.315639  	91.870756 
2866.672946  	91.845435 
2867.030253  	91.887551 
2867.387559  	91.895666 
2867.744866  	91.853148 
2868.102173  	91.778991 
2868.459480  	91.863214 
2868.816787  	91.908214 
2869.174094  	91.999340 
2869.531401  	92.023583 
2869.888707  	91.896873 
2870.246014  	92.068531 
2870.603321  	92.016564 
2870.960628  	91.768578 
2871.317935  	91.941183 
2871.675242  	92.072148 
2872.032549  	91.946013 
2872.389856  	91.736474 
2872.747162  	91.716749 
2873.104469  	91.985641 
2873.461776  	92.080436 
2873.819083  	91.873023 
2874.176390  	91.695862 
2874.533697  	91.780955 
2874.891004  	91.891477 
2875.248310  	91.979202 
2875.605617  	92.143560 
2875.962924  	92.148923 
2876.320231  	92.137721 
2876.677538  	92.035220 
2877.034845  	91.868799 
2877.392152  	92.010695 
2877.749458  	92.095815 
2878.106765  	92.131111 
2878.464072  	92.209690 
2878.821379  	92.002738 
2879.178686  	92.005970 
2879.535993  	92.347127 
2879.893300  	92.436749 
2880.250606  	92.330548 
2880.607913  	92.192117 
2880.965220  	92.053081 
2881.322527  	92.119416 
2881.679834  	92.263155 
2882.037141  	92.254941 
2882.394448  	92.066888 
2882.751754  	91.997398 
2883.109061  	92.330443 
2883.466368  	92.407736 
2883.823675  	92.118441 
2884.180982  	92.066149 
2884.538289  	92.065470 
2884.895596  	92.324226 
2885.252903  	92.747143 
2885.610209  	92.574824 
2885.967516  	92.145250 
2886.324823  	92.015401 
2886.682130  	92.154916 
2887.039437  	92.218892 
2887.396744  	92.244832 
2887.754051  	92.327492 
2888.111357  	92.115876 
2888.468664  	92.035390 
2888.825971  	92.240093 
2889.183278  	92.337390 
2889.540585  	92.433633 
2889.897892  	92.471717 
2890.255199  	92.435599 
2890.612505  	92.202869 
2890.969812  	92.020235 
2891.327119  	92.210231 
2891.684426  	92.216443 
2892.041733  	92.173376 
2892.399040  	92.246951 
2892.756347  	92.225662 
2893.113653  	92.434079 
2893.470960  	92.624379 
2893.828267  	92.586895 
2894.185574  	92.537983 
2894.542881  	92.375126 
2894.900188  	92.202133 
2895.257495  	92.321204 
2895.614801  	92.414179 
2895.972108  	92.177796 
2896.329415  	92.280543 
2896.686722  	92.638653 
2897.044029  	92.663858 
2897.401336  	92.619677 
2897.758643  	92.429044 
2898.115950  	92.328164 
2898.473256  	92.548565 
2898.830563  	92.620181 
2899.187870  	92.649722 
2899.545177  	92.661045 
2899.902484  	92.572912 
2900.259791  	92.491067 
2900.617098  	92.472694 
2900.974404  	92.617140 
2901.331711  	92.582037 
2901.689018  	92.403622 
2902.046325  	92.391168 
2902.403632  	92.535578 
2902.760939  	92.787285 
2903.118246  	92.804094 
2903.475552  	92.717477 
2903.832859  	92.858311 
2904.190166  	92.913006 
2904.547473  	92.719951 
2904.904780  	92.519826 
2905.262087  	92.509509 
2905.619394  	92.675136 
2905.976700  	92.911669 
2906.334007  	92.839665 
2906.691314  	92.458528 
2907.048621  	92.400023 
2907.405928  	92.509482 
2907.763235  	92.584711 
2908.120542  	92.766799 
2908.477848  	92.690961 
2908.835155  	92.620056 
2909.192462  	92.790877 
2909.549769  	92.729952 
2909.907076  	92.716325 
2910.264383  	92.934060 
2910.621690  	92.877689 
2910.978997  	92.677521 
2911.336303  	92.708902 
2911.693610  	92.833170 
2912.050917  	92.903836 
2912.408224  	93.005471 
2912.765531  	93.126237 
2913.122838  	93.113976 
2913.480145  	93.149570 
2913.837451  	93.241883 
2914.194758  	92.857072 
2914.552065  	92.414879 
2914.909372  	92.671970 
2915.266679  	93.081619 
2915.623986  	93.081180 
2915.981293  	92.817352 
2916.338599  	92.633288 
2916.695906  	92.809232 
2917.053213  	92.979433 
2917.410520  	92.848305 
2917.767827  	92.791926 
2918.125134  	92.900208 
2918.482441  	92.997139 
2918.839747  	93.134433 
2919.197054  	93.245960 
2919.554361  	93.235986 
2919.911668  	93.181746 
2920.268975  	93.097109 
2920.626282  	93.041555 
2920.983589  	93.090694 
2921.340895  	93.133530 
2921.698202  	93.003685 
2922.055509  	92.766126 
2922.412816  	92.750373 
2922.770123  	92.917551 
2923.127430  	92.878125 
2923.484737  	92.652307 
2923.842043  	92.591124 
2924.199350  	92.810220 
2924.556657  	92.989031 
2924.913964  	92.863455 
2925.271271  	92.624701 
2925.628578  	92.662530 
2925.985885  	92.950415 
2926.343192  	93.045278 
2926.700498  	93.115125 
2927.057805  	93.324145 
2927.415112  	93.257963 
2927.772419  	93.110730 
2928.129726  	93.065616 
2928.487033  	92.916124 
2928.844340  	92.832346 
2929.201646  	92.964606 
2929.558953  	93.186982 
2929.916260  	93.098862 
2930.273567  	92.800665 
2930.630874  	92.911815 
2930.988181  	93.187401 
2931.345488  	93.257490 
2931.702794  	93.241010 
2932.060101  	93.069647 
2932.417408  	92.983148 
2932.774715  	93.225629 
2933.132022  	93.350053 
2933.489329  	93.148976 
2933.846636  	93.012036 
2934.203942  	93.032346 
2934.561249  	92.990003 
2934.918556  	92.907552 
2935.275863  	92.934902 
2935.633170  	92.990254 
2935.990477  	92.908060 
2936.347784  	93.001335 
2936.705090  	93.388387 
2937.062397  	93.445199 
2937.419704  	93.211927 
2937.777011  	93.127650 
2938.134318  	93.038786 
2938.491625  	93.045508 
2938.848932  	93.136079 
2939.206239  	93.095252 
2939.563545  	93.213898 
2939.920852  	93.299186 
2940.278159  	93.014503 
2940.635466  	92.785522 
2940.992773  	92.855284 
2941.350080  	93.024174 
2941.707387  	93.028222 
2942.064693  	92.952145 
2942.422000  	93.093843 
2942.779307  	93.242281 
2943.136614  	93.261248 
2943.493921  	93.190979 
2943.851228  	93.113772 
2944.208535  	93.461313 
2944.565841  	93.746299 
2944.923148  	93.360986 
2945.280455  	93.109050 
2945.637762  	93.262447 
2945.995069  	93.339295 
2946.352376  	93.382541 
2946.709683  	93.311774 
2947.066989  	93.108745 
2947.424296  	93.129832 
2947.781603  	93.261302 
2948.138910  	93.189198 
2948.496217  	93.017051 
2948.853524  	92.925200 
2949.210831  	93.075369 
2949.568137  	93.383347 
2949.925444  	93.352327 
2950.282751  	93.052475 
2950.640058  	93.015052 
2950.997365  	93.238453 
2951.354672  	93.425889 
2951.711979  	93.362137 
2952.069286  	93.195853 
2952.426592  	93.142963 
2952.783899  	92.998933 
2953.141206  	92.890620 
2953.498513  	93.005849 
2953.855820  	93.104154 
2954.213127  	93.331212 
2954.570434  	93.658919 
2954.927740  	93.534747 
2955.285047  	93.180260 
2955.642354  	93.246938 
2955.999661  	93.459252 
2956.356968  	93.369788 
2956.714275  	93.345800 
2957.071582  	93.415862 
2957.428888  	93.214757 
2957.786195  	93.077868 
2958.143502  	93.204864 
2958.500809  	93.277185 
2958.858116  	93.129233 
2959.215423  	92.943851 
2959.572730  	93.073546 
2959.930036  	93.158954 
2960.287343  	92.930153 
2960.644650  	92.993143 
2961.001957  	93.171681 
2961.359264  	93.100748 
2961.716571  	93.130826 
2962.073878  	93.116417 
2962.431184  	93.112226 
2962.788491  	93.367440 
2963.145798  	93.356976 
2963.503105  	93.086261 
2963.860412  	93.121388 
2964.217719  	93.344799 
2964.575026  	93.382097 
2964.932333  	93.242296 
2965.289639  	93.126870 
2965.646946  	93.101603 
2966.004253  	93.124881 
2966.361560  	93.072677 
2966.718867  	92.925107 
2967.076174  	92.917217 
2967.433481  	93.027339 
2967.790787  	93.145884 
2968.148094  	93.197916 
2968.505401  	93.101226 
2968.862708  	93.275960 
2969.220015  	93.604284 
2969.577322  	93.557852 
2969.934629  	93.471158 
2970.291935  	93.402089 
2970.649242  	93.185641 
2971.006549  	93.108212 
2971.363856  	93.232611 
2971.721163  	93.503243 
2972.078470  	93.667970 
2972.435777  	93.577456 
2972.793083  	93.358211 
2973.150390  	93.150840 
2973.507697  	93.366659 
2973.865004  	93.658568 
2974.222311  	93.492817 
2974.579618  	93.431189 
2974.936925  	93.548229 
2975.294231  	93.470618 
2975.651538  	93.250543 
2976.008845  	92.966638 
2976.366152  	93.055139 
2976.723459  	93.530660 
2977.080766  	93.690978 
2977.438073  	93.521078 
2977.795380  	93.311016 
2978.152686  	93.086556 
2978.509993  	93.023130 
2978.867300  	93.163395 
2979.224607  	93.438568 
2979.581914  	93.612873 
2979.939221  	93.457793 
2980.296528  	93.268765 
2980.653834  	93.114109 
2981.011141  	93.131066 
2981.368448  	93.554299 
2981.725755  	93.649122 
2982.083062  	93.304683 
2982.440369  	93.244111 
2982.797676  	93.355937 
2983.154982  	93.452277 
2983.512289  	93.531007 
2983.869596  	93.610738 
2984.226903  	93.823282 
2984.584210  	93.869705 
2984.941517  	93.672171 
2985.298824  	93.559136 
2985.656130  	93.530991 
2986.013437  	93.473514 
2986.370744  	93.379933 
2986.728051  	93.284254 
2987.085358  	93.262113 
2987.442665  	93.386867 
2987.799972  	93.550674 
2988.157278  	93.491838 
2988.514585  	93.315545 
2988.871892  	93.277669 
2989.229199  	93.292465 
2989.586506  	93.411117 
2989.943813  	93.627926 
2990.301120  	93.537670 
2990.658427  	93.354005 
2991.015733  	93.507968 
2991.373040  	93.616117 
2991.730347  	93.460018 
2992.087654  	93.335931 
2992.444961  	93.371198 
2992.802268  	93.617003 
2993.159575  	93.940648 
2993.516881  	94.005337 
2993.874188  	93.859085 
2994.231495  	93.664197 
2994.588802  	93.421994 
2994.946109  	93.366216 
2995.303416  	93.448812 
2995.660723  	93.463947 
2996.018029  	93.530018 
2996.375336  	93.497481 
2996.732643  	93.363568 
2997.089950  	93.351263 
2997.447257  	93.605383 
2997.804564  	94.028184 
2998.161871  	93.891024 
2998.519177  	93.452947 
2998.876484  	93.410044 
2999.233791  	93.454097 
2999.591098  	93.699467 
2999.948405  	94.015102 
3000.305712  	94.002171 
3000.663019  	93.905216 
3001.020325  	93.756856 
3001.377632  	93.744612 
3001.734939  	93.737237 
3002.092246  	93.538873 
3002.449553  	93.572251 
3002.806860  	93.627715 
3003.164167  	93.679651 
3003.521473  	93.883495 
3003.878780  	93.870517 
3004.236087  	93.839592 
3004.593394  	93.834774 
3004.950701  	93.619783 
3005.308008  	93.488144 
3005.665315  	93.646527 
3006.022622  	93.889414 
3006.379928  	93.794600 
3006.737235  	93.573750 
3007.094542  	93.648146 
3007.451849  	93.648295 
3007.809156  	93.665078 
3008.166463  	93.894437 
3008.523770  	93.800119 
3008.881076  	93.502783 
3009.238383  	93.433588 
3009.595690  	93.663189 
3009.952997  	93.854146 
3010.310304  	93.645474 
3010.667611  	93.765239 
3011.024918  	94.100311 
3011.382224  	93.876428 
3011.739531  	93.843197 
3012.096838  	94.076806 
3012.454145  	94.021181 
3012.811452  	93.833893 
3013.168759  	93.562429 
3013.526066  	93.505341 
3013.883372  	93.638887 
3014.240679  	93.762149 
3014.597986  	93.985001 
3014.955293  	94.001683 
3015.312600  	93.779336 
3015.669907  	93.654135 
3016.027214  	93.748894 
3016.384520  	93.869106 
3016.741827  	93.866327 
3017.099134  	93.924226 
3017.456441  	93.983626 
3017.813748  	94.044240 
3018.171055  	94.108389 
3018.528362  	94.023627 
3018.885669  	93.902895 
3019.242975  	93.846419 
3019.600282  	93.876828 
3019.957589  	93.858675 
3020.314896  	93.951829 
3020.672203  	94.230617 
3021.029510  	94.233305 
3021.386817  	94.128053 
3021.744123  	94.066042 
3022.101430  	94.004506 
3022.458737  	94.033530 
3022.816044  	93.844915 
3023.173351  	93.621492 
3023.530658  	93.668210 
3023.887965  	93.844936 
3024.245271  	93.872428 
3024.602578  	93.756454 
3024.959885  	93.935721 
3025.317192  	94.101875 
3025.674499  	94.059239 
3026.031806  	94.031015 
3026.389113  	93.869857 
3026.746419  	93.926990 
3027.103726  	94.137400 
3027.461033  	94.179600 
3027.818340  	94.222514 
3028.175647  	94.071691 
3028.532954  	93.844654 
3028.890261  	93.913791 
3029.247567  	94.166712 
3029.604874  	94.231831 
3029.962181  	94.089593 
3030.319488  	94.042230 
3030.676795  	93.937236 
3031.034102  	93.846496 
3031.391409  	93.996250 
3031.748716  	94.095976 
3032.106022  	94.044853 
3032.463329  	93.999347 
3032.820636  	94.067915 
3033.177943  	94.025192 
3033.535250  	93.804608 
3033.892557  	93.815494 
3034.249864  	94.060205 
3034.607170  	94.144371 
3034.964477  	93.845183 
3035.321784  	93.621339 
3035.679091  	93.786185 
3036.036398  	93.824668 
3036.393705  	93.741607 
3036.751012  	93.809107 
3037.108318  	93.996500 
3037.465625  	94.193930 
3037.822932  	94.015012 
3038.180239  	93.736169 
3038.537546  	93.795395 
3038.894853  	93.922323 
3039.252160  	94.065497 
3039.609466  	94.140586 
3039.966773  	94.012817 
3040.324080  	93.886560 
3040.681387  	93.821294 
3041.038694  	94.001708 
3041.396001  	94.334148 
3041.753308  	94.261847 
3042.110614  	93.965654 
3042.467921  	93.893506 
3042.825228  	94.009359 
3043.182535  	94.106246 
3043.539842  	93.933540 
3043.897149  	93.734496 
3044.254456  	93.835476 
3044.611763  	93.971759 
3044.969069  	94.037866 
3045.326376  	94.137493 
3045.683683  	94.189808 
3046.040990  	94.227678 
3046.398297  	94.286650 
3046.755604  	94.226775 
3047.112911  	94.159920 
3047.470217  	94.217612 
3047.827524  	94.093060 
3048.184831  	93.909318 
3048.542138  	94.087981 
3048.899445  	94.340754 
3049.256752  	94.346748 
3049.614059  	94.251003 
3049.971365  	94.174205 
3050.328672  	93.994359 
3050.685979  	93.767075 
3051.043286  	93.849210 
3051.400593  	94.118923 
3051.757900  	94.216869 
3052.115207  	94.177323 
3052.472513  	94.128506 
3052.829820  	94.131549 
3053.187127  	94.172959 
3053.544434  	94.212848 
3053.901741  	94.220849 
3054.259048  	94.206773 
3054.616355  	94.125049 
3054.973661  	93.952255 
3055.330968  	93.948617 
3055.688275  	94.122353 
3056.045582  	94.238798 
3056.402889  	94.253635 
3056.760196  	94.150947 
3057.117503  	94.030030 
3057.474810  	93.972242 
3057.832116  	93.965206 
3058.189423  	94.001291 
3058.546730  	94.050695 
3058.904037  	94.140178 
3059.261344  	94.193990 
3059.618651  	94.188481 
3059.975958  	94.151253 
3060.333264  	94.127217 
3060.690571  	94.214721 
3061.047878  	94.248069 
3061.405185  	94.204251 
3061.762492  	94.142069 
3062.119799  	94.048094 
3062.477106  	94.038175 
3062.834412  	94.004073 
3063.191719  	94.127220 
3063.549026  	94.370145 
3063.906333  	94.241240 
3064.263640  	94.085451 
3064.620947  	94.054693 
3064.978254  	94.034043 
3065.335560  	94.203077 
3065.692867  	94.116399 
3066.050174  	93.851281 
3066.407481  	93.882186 
3066.764788  	94.102750 
3067.122095  	94.268483 
3067.479402  	94.012929 
3067.836708  	93.807533 
3068.194015  	93.964148 
3068.551322  	93.962797 
3068.908629  	94.012830 
3069.265936  	93.941638 
3069.623243  	93.733794 
3069.980550  	93.866790 
3070.337857  	93.856865 
3070.695163  	93.803393 
3071.052470  	93.766758 
3071.409777  	93.622910 
3071.767084  	93.950543 
3072.124391  	94.170423 
3072.481698  	94.029791 
3072.839005  	94.022204 
3073.196311  	93.934781 
3073.553618  	93.877127 
3073.910925  	93.727665 
3074.268232  	93.569292 
3074.625539  	93.777163 
3074.982846  	93.973263 
3075.340153  	94.191987 
3075.697459  	94.298309 
3076.054766  	94.015010 
3076.412073  	93.963665 
3076.769380  	94.151578 
3077.126687  	94.184579 
3077.483994  	94.212470 
3077.841301  	94.094981 
3078.198607  	93.780223 
3078.555914  	93.574811 
3078.913221  	93.491301 
3079.270528  	93.604980 
3079.627835  	93.777101 
3079.985142  	93.755062 
3080.342449  	93.859455 
3080.699755  	94.080020 
3081.057062  	94.290343 
3081.414369  	94.246537 
3081.771676  	93.798765 
3082.128983  	93.796324 
3082.486290  	94.093695 
3082.843597  	94.132260 
3083.200904  	94.090311 
3083.558210  	93.862614 
3083.915517  	93.937674 
3084.272824  	94.155611 
3084.630131  	94.050753 
3084.987438  	94.047866 
3085.344745  	93.862016 
3085.702052  	93.736302 
3086.059358  	93.873746 
3086.416665  	93.818759 
3086.773972  	93.964442 
3087.131279  	94.106065 
3087.488586  	93.969577 
3087.845893  	93.912694 
3088.203200  	93.959918 
3088.560506  	94.064812 
3088.917813  	94.084722 
3089.275120  	94.147881 
3089.632427  	94.220924 
3089.989734  	94.068096 
3090.347041  	93.860994 
3090.704348  	93.824722 
3091.061654  	94.167796 
3091.418961  	94.324031 
3091.776268  	93.991116 
3092.133575  	93.870919 
3092.490882  	93.881416 
3092.848189  	93.869566 
3093.205496  	93.921871 
3093.562802  	93.844279 
3093.920109  	93.921752 
3094.277416  	94.152752 
3094.634723  	94.201745 
3094.992030  	94.093244 
3095.349337  	93.867131 
3095.706644  	93.768711 
3096.063950  	93.916153 
3096.421257  	93.985202 
3096.778564  	94.083614 
3097.135871  	94.282385 
3097.493178  	94.166435 
3097.850485  	93.932589 
3098.207792  	93.886628 
3098.565099  	93.875068 
3098.922405  	93.862644 
3099.279712  	93.764372 
3099.637019  	93.808280 
3099.994326  	94.090344 
3100.351633  	94.143368 
3100.708940  	94.121917 
3101.066247  	94.135177 
3101.423553  	94.074394 
3101.780860  	94.355077 
3102.138167  	94.580868 
3102.495474  	94.262247 
3102.852781  	94.017741 
3103.210088  	94.139980 
3103.567395  	94.345905 
3103.924701  	94.362595 
3104.282008  	94.240408 
3104.639315  	94.273924 
3104.996622  	94.247473 
3105.353929  	94.145169 
3105.711236  	94.297256 
3106.068543  	94.426162 
3106.425849  	94.344981 
3106.783156  	94.256970 
3107.140463  	94.167503 
3107.497770  	93.998128 
3107.855077  	93.973302 
3108.212384  	94.205843 
3108.569691  	94.264675 
3108.926997  	94.049327 
3109.284304  	93.849241 
3109.641611  	93.886060 
3109.998918  	94.203261 
3110.356225  	94.512357 
3110.713532  	94.595437 
3111.070839  	94.227117 
3111.428146  	93.919350 
3111.785452  	94.186311 
3112.142759  	94.337880 
3112.500066  	94.386406 
3112.857373  	94.298460 
3113.214680  	93.973625 
3113.571987  	94.223153 
3113.929294  	94.527743 
3114.286600  	94.432570 
3114.643907  	94.194168 
3115.001214  	93.818705 
3115.358521  	93.912533 
3115.715828  	94.237187 
3116.073135  	94.388224 
3116.430442  	94.384451 
3116.787748  	94.130783 
3117.145055  	94.216660 
3117.502362  	94.360227 
3117.859669  	94.199094 
3118.216976  	94.202565 
3118.574283  	94.161256 
3118.931590  	94.028562 
3119.288896  	94.148970 
3119.646203  	94.446625 
3120.003510  	94.349263 
3120.360817  	93.971953 
3120.718124  	94.164884 
3121.075431  	94.501090 
3121.432738  	94.380732 
3121.790044  	94.097382 
3122.147351  	93.976340 
3122.504658  	94.344951 
3122.861965  	94.750030 
3123.219272  	94.480490 
3123.576579  	93.986646 
3123.933886  	94.031781 
3124.291193  	94.392394 
3124.648499  	94.428488 
3125.005806  	94.233922 
3125.363113  	94.235665 
3125.720420  	94.547454 
3126.077727  	94.690475 
3126.435034  	94.381874 
3126.792341  	94.226862 
3127.149647  	94.234909 
3127.506954  	94.049924 
3127.864261  	94.053660 
3128.221568  	94.275327 
3128.578875  	94.313613 
3128.936182  	94.191629 
3129.293489  	94.178470 
3129.650795  	94.354266 
3130.008102  	94.386544 
3130.365409  	94.024735 
3130.722716  	93.818182 
3131.080023  	94.117145 
3131.437330  	94.358654 
3131.794637  	94.309766 
3132.151943  	94.149340 
3132.509250  	93.922825 
3132.866557  	93.850609 
3133.223864  	94.077692 
3133.581171  	94.326376 
3133.938478  	94.255494 
3134.295785  	94.149445 
3134.653091  	94.355308 
3135.010398  	94.463561 
3135.367705  	94.212108 
3135.725012  	94.069760 
3136.082319  	94.280771 
3136.439626  	94.343266 
3136.796933  	94.070578 
3137.154240  	93.958020 
3137.511546  	94.131927 
3137.868853  	94.304772 
3138.226160  	94.274215 
3138.583467  	94.239462 
3138.940774  	94.390533 
3139.298081  	94.375870 
3139.655388  	94.207613 
3140.012694  	94.243003 
3140.370001  	94.270890 
3140.727308  	94.093556 
3141.084615  	94.126056 
3141.441922  	94.406398 
3141.799229  	94.325715 
3142.156536  	94.024063 
3142.513842  	94.001510 
3142.871149  	94.128450 
3143.228456  	94.221782 
3143.585763  	94.299699 
3143.943070  	94.383985 
3144.300377  	94.271801 
3144.657684  	93.982944 
3145.014990  	93.850079 
3145.372297  	93.925334 
3145.729604  	94.149741 
3146.086911  	94.148382 
3146.444218  	93.920661 
3146.801525  	94.043346 
3147.158832  	94.181579 
3147.516138  	94.057669 
3147.873445  	94.163808 
3148.230752  	94.382232 
3148.588059  	94.290236 
3148.945366  	94.133957 
3149.302673  	94.175461 
3149.659980  	94.085893 
3150.017287  	93.893643 
3150.374593  	93.916054 
3150.731900  	93.972983 
3151.089207  	94.003036 
3151.446514  	94.085023 
3151.803821  	94.069040 
3152.161128  	93.996439 
3152.518435  	94.175666 
3152.875741  	94.573961 
3153.233048  	94.597318 
3153.590355  	94.218750 
3153.947662  	94.063357 
3154.304969  	94.028189 
3154.662276  	93.865094 
3155.019583  	93.931433 
3155.376889  	94.081802 
3155.734196  	94.028700 
3156.091503  	94.029288 
3156.448810  	94.111096 
3156.806117  	94.137572 
3157.163424  	94.009041 
3157.520731  	93.872411 
3157.878037  	93.924553 
3158.235344  	93.914006 
3158.592651  	94.000266 
3158.949958  	94.172705 
3159.307265  	94.149116 
3159.664572  	94.226890 
3160.021879  	94.106278 
3160.379185  	93.787297 
3160.736492  	93.904863 
3161.093799  	94.098006 
3161.451106  	94.012086 
3161.808413  	93.906135 
3162.165720  	93.892924 
3162.523027  	93.855370 
3162.880334  	93.939499 
3163.237640  	94.202624 
3163.594947  	94.188272 
3163.952254  	94.095438 
3164.309561  	94.078613 
3164.666868  	93.882637 
3165.024175  	93.849977 
3165.381482  	93.874251 
3165.738788  	93.872309 
3166.096095  	94.088814 
3166.453402  	94.093334 
3166.810709  	93.837122 
3167.168016  	93.747808 
3167.525323  	93.849858 
3167.882630  	94.007143 
3168.239936  	94.169619 
3168.597243  	94.258128 
3168.954550  	94.185412 
3169.311857  	94.076286 
3169.669164  	94.003454 
3170.026471  	93.886337 
3170.383778  	93.740875 
3170.741084  	93.689145 
3171.098391  	93.704058 
3171.455698  	93.664443 
3171.813005  	93.784178 
3172.170312  	93.944323 
3172.527619  	93.800653 
3172.884926  	93.714932 
3173.242232  	93.771888 
3173.599539  	93.770531 
3173.956846  	93.883616 
3174.314153  	93.826209 
3174.671460  	93.482338 
3175.028767  	93.430383 
3175.386074  	93.648575 
3175.743380  	93.799538 
3176.100687  	93.944920 
3176.457994  	93.999742 
3176.815301  	93.908885 
3177.172608  	93.832939 
3177.529915  	93.904936 
3177.887222  	93.951921 
3178.244529  	93.730123 
3178.601835  	93.672479 
3178.959142  	93.773341 
3179.316449  	93.677678 
3179.673756  	93.829672 
3180.031063  	94.030274 
3180.388370  	93.914735 
3180.745677  	93.792324 
3181.102983  	93.568257 
3181.460290  	93.415795 
3181.817597  	93.598282 
3182.174904  	93.860081 
3182.532211  	93.976345 
3182.889518  	93.792191 
3183.246825  	93.498422 
3183.604131  	93.396097 
3183.961438  	93.550836 
3184.318745  	93.833565 
3184.676052  	93.850613 
3185.033359  	93.602321 
3185.390666  	93.446465 
3185.747973  	93.559245 
3186.105279  	93.749249 
3186.462586  	93.495944 
3186.819893  	93.073127 
3187.177200  	93.109383 
3187.534507  	93.192293 
3187.891814  	93.120328 
3188.249121  	93.297707 
3188.606427  	93.514170 
3188.963734  	93.470168 
3189.321041  	93.330119 
3189.678348  	93.411641 
3190.035655  	93.635997 
3190.392962  	93.638375 
3190.750269  	93.590813 
3191.107576  	93.509003 
3191.464882  	93.266010 
3191.822189  	93.159699 
3192.179496  	93.072316 
3192.536803  	93.012615 
3192.894110  	93.234768 
3193.251417  	93.483474 
3193.608724  	93.511799 
3193.966030  	93.231352 
3194.323337  	92.915549 
3194.680644  	92.994481 
3195.037951  	93.333245 
3195.395258  	93.592045 
3195.752565  	93.543701 
3196.109872  	93.252525 
3196.467178  	93.127499 
3196.824485  	93.191287 
3197.181792  	93.139841 
3197.539099  	93.108180 
3197.896406  	93.096301 
3198.253713  	92.942419 
3198.611020  	93.077055 
3198.968326  	93.362463 
3199.325633  	93.225717 
3199.682940  	92.847028 
3200.040247  	92.632078 
3200.397554  	92.821655 
3200.754861  	92.945915 
3201.112168  	92.752188 
3201.469474  	92.895966 
3201.826781  	93.141301 
3202.184088  	93.180962 
3202.541395  	93.294675 
3202.898702  	93.227624 
3203.256009  	92.986485 
3203.613316  	92.700473 
3203.970623  	92.286515 
3204.327929  	92.174972 
3204.685236  	92.572058 
3205.042543  	92.787965 
3205.399850  	92.511804 
3205.757157  	92.417579 
3206.114464  	92.549769 
3206.471771  	92.518330 
3206.829077  	92.604514 
3207.186384  	92.760460 
3207.543691  	92.775633 
3207.900998  	92.730424 
3208.258305  	92.542789 
3208.615612  	92.334372 
3208.972919  	92.219980 
3209.330225  	92.254565 
3209.687532  	92.423998 
3210.044839  	92.477494 
3210.402146  	92.698389 
3210.759453  	92.909373 
3211.116760  	92.463983 
3211.474067  	92.083108 
3211.831373  	92.202874 
3212.188680  	92.363429 
3212.545987  	92.582024 
3212.903294  	92.566706 
3213.260601  	92.340071 
3213.617908  	92.429878 
3213.975215  	92.430578 
3214.332521  	92.044643 
3214.689828  	91.741386 
3215.047135  	91.789671 
3215.404442  	92.006407 
3215.761749  	92.109492 
3216.119056  	92.178685 
3216.476363  	92.228565 
3216.833670  	92.035257 
3217.190976  	91.855386 
3217.548283  	91.875772 
3217.905590  	91.893070 
3218.262897  	92.145332 
3218.620204  	92.361066 
3218.977511  	91.931141 
3219.334818  	91.490482 
3219.692124  	91.368305 
3220.049431  	91.310579 
3220.406738  	91.462803 
3220.764045  	91.521405 
3221.121352  	91.453575 
3221.478659  	91.519711 
3221.835966  	91.678608 
3222.193272  	91.789346 
3222.550579  	91.459254 
3222.907886  	91.200560 
3223.265193  	91.454212 
3223.622500  	91.467195 
3223.979807  	91.285349 
3224.337114  	91.340585 
3224.694420  	91.384473 
3225.051727  	91.268088 
3225.409034  	91.105124 
3225.766341  	91.162113 
3226.123648  	91.328953 
3226.480955  	91.227025 
3226.838262  	91.121305 
3227.195568  	91.177051 
3227.552875  	91.093715 
3227.910182  	90.904324 
3228.267489  	90.718907 
3228.624796  	90.805499 
3228.982103  	91.032054 
3229.339410  	90.792159 
3229.696717  	90.612600 
3230.054023  	90.717420 
3230.411330  	90.742584 
3230.768637  	90.810236 
3231.125944  	90.589578 
3231.483251  	90.463633 
3231.840558  	90.637343 
3232.197865  	90.602810 
3232.555171  	90.663889 
3232.912478  	90.604523 
3233.269785  	90.524921 
3233.627092  	90.613829 
3233.984399  	90.473310 
3234.341706  	90.528343 
3234.699013  	90.654534 
3235.056319  	90.742070 
3235.413626  	90.843456 
3235.770933  	90.727046 
3236.128240  	90.692524 
3236.485547  	90.530177 
3236.842854  	90.649201 
3237.200161  	91.095391 
3237.557467  	90.956265 
3237.914774  	90.753408 
3238.272081  	90.738491 
3238.629388  	90.760549 
3238.986695  	90.806910 
3239.344002  	90.748944 
3239.701309  	90.875842 
3240.058615  	90.820688 
3240.415922  	90.724089 
3240.773229  	91.045575 
3241.130536  	91.363780 
3241.487843  	91.453033 
3241.845150  	91.276496 
3242.202457  	91.188063 
3242.559764  	91.199299 
3242.917070  	91.005462 
3243.274377  	90.999524 
3243.631684  	91.259033 
3243.988991  	91.381748 
3244.346298  	91.375749 
3244.703605  	91.842069 
3245.060912  	92.246646 
3245.418218  	91.878750 
3245.775525  	91.928219 
3246.132832  	92.286573 
3246.490139  	92.077828 
3246.847446  	91.968077 
3247.204753  	92.133192 
3247.562060  	92.266947 
3247.919366  	92.382628 
3248.276673  	92.450982 
3248.633980  	92.472003 
3248.991287  	92.610699 
3249.348594  	92.796439 
3249.705901  	92.688831 
3250.063208  	92.489043 
3250.420514  	92.560848 
3250.777821  	92.880724 
3251.135128  	92.984436 
3251.492435  	92.804574 
3251.849742  	92.943071 
3252.207049  	93.146721 
3252.564356  	93.097915 
3252.921662  	93.104360 
3253.278969  	93.368358 
3253.636276  	93.707804 
3253.993583  	93.574538 
3254.350890  	93.347634 
3254.708197  	93.377441 
3255.065504  	93.440304 
3255.422810  	93.670237 
3255.780117  	93.727179 
3256.137424  	93.655807 
3256.494731  	93.702328 
3256.852038  	93.664145 
3257.209345  	93.631460 
3257.566652  	93.473710 
3257.923959  	93.419108 
3258.281265  	93.759509 
3258.638572  	94.107694 
3258.995879  	94.178583 
3259.353186  	94.023799 
3259.710493  	94.039776 
3260.067800  	94.198077 
3260.425107  	94.105704 
3260.782413  	93.953728 
3261.139720  	94.123591 
3261.497027  	94.318101 
3261.854334  	94.088004 
3262.211641  	93.919832 
3262.568948  	94.042391 
3262.926255  	94.227770 
3263.283561  	94.488773 
3263.640868  	94.526003 
3263.998175  	94.369755 
3264.355482  	94.174755 
3264.712789  	94.147309 
3265.070096  	94.508192 
3265.427403  	94.759514 
3265.784709  	94.678683 
3266.142016  	94.414847 
3266.499323  	94.417598 
3266.856630  	94.717632 
3267.213937  	94.680434 
3267.571244  	94.587705 
3267.928551  	94.421892 
3268.285857  	94.264730 
3268.643164  	94.621962 
3269.000471  	94.746378 
3269.357778  	94.592672 
3269.715085  	94.655538 
3270.072392  	94.701714 
3270.429699  	94.712980 
3270.787006  	94.747629 
3271.144312  	94.932275 
3271.501619  	94.976260 
3271.858926  	94.733576 
3272.216233  	94.731857 
3272.573540  	94.899264 
3272.930847  	94.919902 
3273.288154  	94.824814 
3273.645460  	94.930323 
3274.002767  	95.084846 
3274.360074  	94.773769 
3274.717381  	94.585556 
3275.074688  	94.759639 
3275.431995  	94.689645 
3275.789302  	94.623759 
3276.146608  	94.849281 
3276.503915  	94.927871 
3276.861222  	94.812504 
3277.218529  	94.830261 
3277.575836  	94.701223 
3277.933143  	94.455545 
3278.290450  	94.627832 
3278.647756  	94.952263 
3279.005063  	95.111691 
3279.362370  	95.131222 
3279.719677  	95.097758 
3280.076984  	95.167286 
3280.434291  	95.075692 
3280.791598  	94.972489 
3281.148904  	95.106773 
3281.506211  	95.121979 
3281.863518  	94.931521 
3282.220825  	94.763516 
3282.578132  	94.985958 
3282.935439  	95.178405 
3283.292746  	94.841716 
3283.650053  	94.734972 
3284.007359  	94.828518 
3284.364666  	94.752271 
3284.721973  	94.903989 
3285.079280  	95.059488 
3285.436587  	95.019639 
3285.793894  	94.938490 
3286.151201  	94.819161 
3286.508507  	94.753710 
3286.865814  	95.030107 
3287.223121  	95.408975 
3287.580428  	95.162707 
3287.937735  	94.891361 
3288.295042  	95.004552 
3288.652349  	94.907822 
3289.009655  	94.808824 
3289.366962  	94.626025 
3289.724269  	94.549271 
3290.081576  	94.876758 
3290.438883  	94.985908 
3290.796190  	94.955476 
3291.153497  	94.653265 
3291.510803  	94.237777 
3291.868110  	94.524135 
3292.225417  	94.897162 
3292.582724  	94.809959 
3292.940031  	94.614603 
3293.297338  	94.574409 
3293.654645  	94.496160 
3294.011951  	94.410686 
3294.369258  	94.811483 
3294.726565  	94.877433 
3295.083872  	94.352896 
3295.441179  	94.356114 
3295.798486  	94.615046 
3296.155793  	94.702590 
3296.513100  	94.794927 
3296.870406  	94.643159 
3297.227713  	94.318992 
3297.585020  	94.295796 
3297.942327  	94.685169 
3298.299634  	95.000096 
3298.656941  	94.821293 
3299.014248  	94.482374 
3299.371554  	94.441752 
3299.728861  	94.374409 
3300.086168  	94.240293 
3300.443475  	94.467508 
3300.800782  	94.460033 
3301.158089  	94.031259 
3301.515396  	93.944288 
3301.872702  	94.180261 
3302.230009  	94.272804 
3302.587316  	94.170979 
3302.944623  	94.267258 
3303.301930  	94.411550 
3303.659237  	94.156504 
3304.016544  	93.893330 
3304.373850  	93.944719 
3304.731157  	94.075073 
3305.088464  	94.032512 
3305.445771  	93.993486 
3305.803078  	93.997672 
3306.160385  	93.796362 
3306.517692  	93.760814 
3306.874998  	93.842798 
3307.232305  	93.728652 
3307.589612  	93.654852 
3307.946919  	93.552560 
3308.304226  	93.428049 
3308.661533  	93.308814 
3309.018840  	93.197907 
3309.376147  	93.334348 
3309.733453  	93.559746 
3310.090760  	93.661237 
3310.448067  	93.540522 
3310.805374  	93.253422 
3311.162681  	93.103615 
3311.519988  	93.076746 
3311.877295  	93.095780 
3312.234601  	93.347296 
3312.591908  	93.495762 
3312.949215  	93.035966 
3313.306522  	92.574759 
3313.663829  	92.560158 
3314.021136  	92.693036 
3314.378443  	92.812005 
3314.735749  	92.632701 
3315.093056  	92.488531 
3315.450363  	92.620326 
3315.807670  	92.550228 
3316.164977  	92.422882 
3316.522284  	92.239658 
3316.879591  	92.062025 
3317.236897  	92.210419 
3317.594204  	92.166342 
3317.951511  	91.810580 
3318.308818  	91.771988 
3318.666125  	92.135969 
3319.023432  	92.457536 
3319.380739  	92.450870 
3319.738045  	92.050812 
3320.095352  	91.696260 
3320.452659  	91.951077 
3320.809966  	92.246042 
3321.167273  	92.166016 
3321.524580  	92.027904 
3321.881887  	91.898882 
3322.239194  	91.935691 
3322.596500  	92.022732 
3322.953807  	92.130596 
3323.311114  	92.318194 
3323.668421  	92.229213 
3324.025728  	92.041259 
3324.383035  	92.035944 
3324.740342  	92.076059 
3325.097648  	92.016538 
3325.454955  	91.978085 
3325.812262  	92.007677 
3326.169569  	92.010119 
3326.526876  	92.274846 
3326.884183  	92.524490 
3327.241490  	92.528171 
3327.598796  	92.586737 
3327.956103  	92.583907 
3328.313410  	92.800543 
3328.670717  	92.953195 
3329.028024  	92.608993 
3329.385331  	92.510518 
3329.742638  	92.725080 
3330.099944  	92.995458 
3330.457251  	93.263284 
3330.814558  	93.331558 
3331.171865  	93.424585 
3331.529172  	93.511209 
3331.886479  	93.510617 
3332.243786  	93.524905 
3332.601092  	93.448023 
3332.958399  	93.528709 
3333.315706  	93.927982 
3333.673013  	94.047219 
3334.030320  	93.929844 
3334.387627  	94.248704 
3334.744934  	94.420147 
3335.102240  	94.189039 
3335.459547  	94.278680 
3335.816854  	94.443303 
3336.174161  	94.425602 
3336.531468  	94.333739 
3336.888775  	94.358865 
3337.246082  	94.706707 
3337.603389  	94.867374 
3337.960695  	94.818625 
3338.318002  	94.877576 
3338.675309  	94.956304 
3339.032616  	95.024175 
3339.389923  	94.821308 
3339.747230  	94.683981 
3340.104537  	94.941824 
3340.461843  	94.940899 
3340.819150  	94.863203 
3341.176457  	95.202996 
3341.533764  	95.422959 
3341.891071  	95.328703 
3342.248378  	95.213721 
3342.605685  	95.246430 
3342.962991  	95.359477 
3343.320298  	95.158192 
3343.677605  	95.092263 
3344.034912  	95.449545 
3344.392219  	95.426054 
3344.749526  	95.470372 
3345.106833  	95.893296 
3345.464139  	95.784262 
3345.821446  	95.624812 
3346.178753  	95.921546 
3346.536060  	96.026876 
3346.893367  	95.861765 
3347.250674  	95.706895 
3347.607981  	95.704567 
3347.965287  	95.985535 
3348.322594  	96.265341 
3348.679901  	96.221509 
3349.037208  	96.141302 
3349.394515  	96.082845 
3349.751822  	95.934091 
3350.109129  	95.959721 
3350.466436  	95.932764 
3350.823742  	95.773824 
3351.181049  	95.808575 
3351.538356  	95.854224 
3351.895663  	95.834195 
3352.252970  	95.854869 
3352.610277  	95.948753 
3352.967584  	96.136579 
3353.324890  	96.302068 
3353.682197  	96.311098 
3354.039504  	96.122465 
3354.396811  	96.053910 
3354.754118  	96.263473 
3355.111425  	96.520902 
3355.468732  	96.577699 
3355.826038  	96.245274 
3356.183345  	95.998992 
3356.540652  	96.126809 
3356.897959  	96.214481 
3357.255266  	96.334593 
3357.612573  	96.468377 
3357.969880  	96.391139 
3358.327186  	96.383493 
3358.684493  	96.343046 
3359.041800  	96.040143 
3359.399107  	95.929389 
3359.756414  	96.191203 
3360.113721  	96.367214 
3360.471028  	96.255086 
3360.828334  	96.102457 
3361.185641  	96.098675 
3361.542948  	96.098379 
3361.900255  	96.005548 
3362.257562  	96.014609 
3362.614869  	96.051097 
3362.972176  	96.056066 
3363.329483  	96.422511 
3363.686789  	96.810926 
3364.044096  	96.432281 
3364.401403  	95.958029 
3364.758710  	96.183972 
3365.116017  	96.380696 
3365.473324  	96.174434 
3365.830631  	96.103940 
3366.187937  	96.159173 
3366.545244  	96.070816 
3366.902551  	96.150081 
3367.259858  	96.450205 
3367.617165  	96.379430 
3367.974472  	96.149215 
3368.331779  	96.219082 
3368.689085  	96.404035 
3369.046392  	96.741414 
3369.403699  	96.913517 
3369.761006  	96.668233 
3370.118313  	96.385706 
3370.475620  	96.276215 
3370.832927  	96.322313 
3371.190233  	96.133116 
3371.547540  	96.089563 
3371.904847  	96.515174 
3372.262154  	96.481435 
3372.619461  	96.262117 
3372.976768  	96.285069 
3373.334075  	96.121625 
3373.691381  	96.057832 
3374.048688  	96.086532 
3374.405995  	96.092406 
3374.763302  	96.176522 
3375.120609  	96.110906 
3375.477916  	96.018619 
3375.835223  	96.091417 
3376.192530  	96.285919 
3376.549836  	96.444941 
3376.907143  	96.389469 
3377.264450  	96.217219 
3377.621757  	96.121320 
3377.979064  	96.042044 
3378.336371  	96.004331 
3378.693678  	96.266986 
3379.050984  	96.466886 
3379.408291  	96.370233 
3379.765598  	96.302943 
3380.122905  	96.160766 
3380.480212  	96.151509 
3380.837519  	96.185324 
3381.194826  	95.928839 
3381.552132  	96.172520 
3381.909439  	96.700227 
3382.266746  	96.563431 
3382.624053  	96.251787 
3382.981360  	96.229506 
3383.338667  	96.261198 
3383.695974  	96.081364 
3384.053280  	95.818020 
3384.410587  	95.923967 
3384.767894  	96.175730 
3385.125201  	96.381645 
3385.482508  	96.696561 
3385.839815  	96.664744 
3386.197122  	96.345831 
3386.554428  	96.369942 
3386.911735  	96.676970 
3387.269042  	96.847233 
3387.626349  	96.616451 
3387.983656  	96.379506 
3388.340963  	96.409096 
3388.698270  	96.376921 
3389.055577  	96.537363 
3389.412883  	96.842447 
3389.770190  	96.727635 
3390.127497  	96.621278 
3390.484804  	96.887820 
3390.842111  	96.828913 
3391.199418  	96.362564 
3391.556725  	96.373845 
3391.914031  	96.729883 
3392.271338  	96.889865 
3392.628645  	96.888305 
3392.985952  	96.645309 
3393.343259  	96.577824 
3393.700566  	96.731056 
3394.057873  	96.684060 
3394.415179  	96.672515 
3394.772486  	96.670001 
3395.129793  	96.761919 
3395.487100  	96.888876 
3395.844407  	96.691747 
3396.201714  	96.551816 
3396.559021  	96.630551 
3396.916327  	96.690121 
3397.273634  	96.452041 
3397.630941  	96.187765 
3397.988248  	96.465257 
3398.345555  	96.783687 
3398.702862  	96.924239 
3399.060169  	96.985165 
3399.417475  	96.732693 
3399.774782  	96.430891 
3400.132089  	96.177552 
3400.489396  	96.107404 
3400.846703  	96.559761 
3401.204010  	97.118951 
3401.561317  	97.127551 
3401.918624  	96.900521 
3402.275930  	97.018577 
3402.633237  	97.087384 
3402.990544  	96.875815 
3403.347851  	96.660200 
3403.705158  	96.531164 
3404.062465  	96.372634 
3404.419772  	96.098215 
3404.777078  	96.181259 
3405.134385  	96.398472 
3405.491692  	96.340658 
3405.848999  	96.385767 
3406.206306  	96.302865 
3406.563613  	96.361820 
3406.920920  	96.762498 
3407.278226  	96.754805 
3407.635533  	96.555790 
3407.992840  	96.476424 
3408.350147  	96.437170 
3408.707454  	96.519174 
3409.064761  	96.651511 
3409.422068  	96.655542 
3409.779374  	96.457260 
3410.136681  	96.520661 
3410.493988  	96.750413 
3410.851295  	96.776205 
3411.208602  	96.839385 
3411.565909  	96.687847 
3411.923216  	96.430865 
3412.280522  	96.547923 
3412.637829  	96.756122 
3412.995136  	96.774222 
3413.352443  	96.737482 
3413.709750  	96.803487 
3414.067057  	96.651557 
3414.424364  	96.409218 
3414.781671  	96.490884 
3415.138977  	96.330668 
3415.496284  	96.138537 
3415.853591  	96.431813 
3416.210898  	96.492309 
3416.568205  	96.463831 
3416.925512  	96.751747 
3417.282819  	96.777268 
3417.640125  	96.770796 
3417.997432  	96.980436 
3418.354739  	96.886406 
3418.712046  	96.598773 
3419.069353  	96.368118 
3419.426660  	96.328900 
3419.783967  	96.596409 
3420.141273  	96.742436 
3420.498580  	96.555874 
3420.855887  	96.320340 
3421.213194  	96.427754 
3421.570501  	96.708028 
3421.927808  	96.696733 
3422.285115  	96.697283 
3422.642421  	96.613232 
3422.999728  	96.298129 
3423.357035  	96.352107 
3423.714342  	96.583574 
3424.071649  	96.700498 
3424.428956  	96.776437 
3424.786263  	96.604246 
3425.143569  	96.378736 
3425.500876  	96.382603 
3425.858183  	96.459940 
3426.215490  	96.504916 
3426.572797  	96.616324 
3426.930104  	96.547714 
3427.287411  	96.264668 
3427.644717  	96.384206 
3428.002024  	96.761009 
3428.359331  	96.861439 
3428.716638  	96.724245 
3429.073945  	96.523253 
3429.431252  	96.548284 
3429.788559  	96.814289 
3430.145866  	97.030519 
3430.503172  	96.950842 
3430.860479  	96.677556 
3431.217786  	96.586021 
3431.575093  	96.575677 
3431.932400  	96.550319 
3432.289707  	96.373648 
3432.647014  	96.126027 
3433.004320  	96.346511 
3433.361627  	96.445380 
3433.718934  	96.198267 
3434.076241  	96.279288 
3434.433548  	96.233581 
3434.790855  	96.129172 
3435.148162  	96.468728 
3435.505468  	96.647831 
3435.862775  	96.471920 
3436.220082  	96.328798 
3436.577389  	96.337321 
3436.934696  	96.459037 
3437.292003  	96.622068 
3437.649310  	96.705515 
3438.006616  	96.561571 
3438.363923  	96.357630 
3438.721230  	96.276919 
3439.078537  	96.210942 
3439.435844  	96.196799 
3439.793151  	96.318083 
3440.150458  	96.437505 
3440.507764  	96.497154 
3440.865071  	96.527289 
3441.222378  	96.496485 
3441.579685  	96.560406 
3441.936992  	96.569125 
3442.294299  	96.218609 
3442.651606  	96.033299 
3443.008913  	96.219627 
3443.366219  	96.359209 
3443.723526  	96.407362 
3444.080833  	96.280807 
3444.438140  	96.215938 
3444.795447  	96.508762 
3445.152754  	96.683702 
3445.510061  	96.516814 
3445.867367  	96.428894 
3446.224674  	96.687200 
3446.581981  	96.953545 
3446.939288  	96.831382 
3447.296595  	96.550931 
3447.653902  	96.494441 
3448.011209  	96.644071 
3448.368515  	96.595297 
3448.725822  	96.360943 
3449.083129  	96.314031 
3449.440436  	96.341379 
3449.797743  	96.391664 
3450.155050  	96.597550 
3450.512357  	96.759959 
3450.869663  	96.616033 
3451.226970  	96.184296 
3451.584277  	96.056095 
3451.941584  	96.506909 
3452.298891  	96.774056 
3452.656198  	96.502347 
3453.013505  	96.344728 
3453.370811  	96.477558 
3453.728118  	96.656291 
3454.085425  	96.959591 
3454.442732  	97.021811 
3454.800039  	96.824499 
3455.157346  	96.809630 
3455.514653  	96.701662 
3455.871960  	96.584652 
3456.229266  	96.511580 
3456.586573  	96.505065 
3456.943880  	96.838520 
3457.301187  	96.650361 
3457.658494  	96.265970 
3458.015801  	96.605456 
3458.373108  	96.611036 
3458.730414  	96.323571 
3459.087721  	96.592826 
3459.445028  	96.890094 
3459.802335  	96.909018 
3460.159642  	96.742921 
3460.516949  	96.320611 
3460.874256  	95.904881 
3461.231562  	96.021906 
3461.588869  	96.401992 
3461.946176  	96.427554 
3462.303483  	96.417759 
3462.660790  	96.482232 
3463.018097  	96.453620 
3463.375404  	96.551758 
3463.732710  	96.526642 
3464.090017  	96.432476 
3464.447324  	96.649180 
3464.804631  	96.775306 
3465.161938  	96.650937 
3465.519245  	96.656216 
3465.876552  	96.613687 
3466.233858  	96.278124 
3466.591165  	95.949110 
3466.948472  	95.878493 
3467.305779  	96.031471 
3467.663086  	96.215929 
3468.020393  	96.227403 
3468.377700  	96.268350 
3468.735007  	96.652944 
3469.092313  	96.857165 
3469.449620  	96.475846 
3469.806927  	96.316715 
3470.164234  	96.426705 
3470.521541  	96.209428 
3470.878848  	96.253668 
3471.236155  	96.740022 
3471.593461  	96.958562 
3471.950768  	96.619686 
3472.308075  	96.175581 
3472.665382  	96.279515 
3473.022689  	96.502938 
3473.379996  	96.435422 
3473.737303  	96.495481 
3474.094609  	96.606400 
3474.451916  	96.639780 
3474.809223  	96.484224 
3475.166530  	96.238920 
3475.523837  	96.487107 
3475.881144  	96.790398 
3476.238451  	96.649109 
3476.595757  	96.505163 
3476.953064  	96.367144 
3477.310371  	96.103439 
3477.667678  	95.899566 
3478.024985  	95.869775 
3478.382292  	96.011436 
3478.739599  	96.068660 
3479.096905  	96.147458 
3479.454212  	96.513334 
3479.811519  	96.586908 
3480.168826  	96.238845 
3480.526133  	96.104307 
3480.883440  	96.103155 
3481.240747  	96.264433 
3481.598054  	96.643808 
3481.955360  	96.683387 
3482.312667  	96.605584 
3482.669974  	96.665469 
3483.027281  	96.513137 
3483.384588  	96.351694 
3483.741895  	96.349724 
3484.099202  	96.516680 
3484.456508  	96.707730 
3484.813815  	96.544486 
3485.171122  	96.395760 
3485.528429  	96.379467 
3485.885736  	96.054546 
3486.243043  	95.886666 
3486.600350  	96.162473 
3486.957656  	96.340490 
3487.314963  	96.087560 
3487.672270  	95.669658 
3488.029577  	95.785251 
3488.386884  	96.225461 
3488.744191  	96.277439 
3489.101498  	96.190857 
3489.458804  	96.097431 
3489.816111  	96.028739 
3490.173418  	96.234651 
3490.530725  	96.392718 
3490.888032  	96.337015 
3491.245339  	96.234499 
3491.602646  	96.219050 
3491.959952  	96.336981 
3492.317259  	96.289487 
3492.674566  	96.074827 
3493.031873  	95.903020 
3493.389180  	95.759319 
3493.746487  	95.778858 
3494.103794  	95.949039 
3494.461101  	96.067461 
3494.818407  	96.058974 
3495.175714  	95.882306 
3495.533021  	95.774854 
3495.890328  	96.019345 
3496.247635  	96.255267 
3496.604942  	96.145494 
3496.962249  	95.989282 
3497.319555  	95.997445 
3497.676862  	96.214297 
3498.034169  	96.507931 
3498.391476  	96.433367 
3498.748783  	96.190080 
3499.106090  	96.288566 
3499.463397  	96.426432 
3499.820703  	96.297717 
3500.178010  	96.271125 
3500.535317  	96.374123 
3500.892624  	96.261098 
3501.249931  	96.167157 
3501.607238  	96.294231 
3501.964545  	96.469925 
3502.321851  	96.684884 
3502.679158  	96.714973 
3503.036465  	96.342713 
3503.393772  	95.875669 
3503.751079  	95.741823 
3504.108386  	95.874239 
3504.465693  	95.988066 
3504.822999  	96.194422 
3505.180306  	96.291828 
3505.537613  	96.207784 
3505.894920  	96.260735 
3506.252227  	96.122212 
3506.609534  	96.018310 
3506.966841  	96.346752 
3507.324147  	96.546905 
3507.681454  	96.556330 
3508.038761  	96.714405 
3508.396068  	96.973262 
3508.753375  	96.858129 
3509.110682  	96.381536 
3509.467989  	96.280850 
3509.825296  	96.197865 
3510.182602  	96.033309 
3510.539909  	96.250940 
3510.897216  	96.220249 
3511.254523  	96.157796 
3511.611830  	96.547299 
3511.969137  	96.687903 
3512.326444  	96.430435 
3512.683750  	96.261346 
3513.041057  	96.161738 
3513.398364  	95.992296 
3513.755671  	96.062186 
3514.112978  	96.268172 
3514.470285  	96.324700 
3514.827592  	96.489798 
3515.184898  	96.428963 
3515.542205  	96.138696 
3515.899512  	96.290454 
3516.256819  	96.691395 
3516.614126  	96.932734 
3516.971433  	96.679469 
3517.328740  	96.212021 
3517.686046  	96.228014 
3518.043353  	96.294443 
3518.400660  	96.260641 
3518.757967  	96.299301 
3519.115274  	96.150539 
3519.472581  	96.333292 
3519.829888  	96.640063 
3520.187194  	96.340185 
3520.544501  	96.074206 
3520.901808  	96.088671 
3521.259115  	96.177981 
3521.616422  	96.554974 
3521.973729  	96.699194 
3522.331036  	96.330327 
3522.688343  	96.158403 
3523.045649  	96.216420 
3523.402956  	96.067793 
3523.760263  	96.089507 
3524.117570  	96.455776 
3524.474877  	96.587005 
3524.832184  	96.454434 
3525.189491  	96.262046 
3525.546797  	96.091390 
3525.904104  	96.237625 
3526.261411  	96.270494 
3526.618718  	96.058594 
3526.976025  	96.115881 
3527.333332  	96.111262 
3527.690639  	96.051181 
3528.047945  	96.219920 
3528.405252  	96.234349 
3528.762559  	95.935246 
3529.119866  	95.825682 
3529.477173  	96.332812 
3529.834480  	96.486494 
3530.191787  	96.090782 
3530.549093  	96.122472 
3530.906400  	96.171056 
3531.263707  	96.174289 
3531.621014  	96.332240 
3531.978321  	96.226279 
3532.335628  	96.192719 
3532.692935  	96.230975 
3533.050241  	96.228602 
3533.407548  	96.209266 
3533.764855  	96.114870 
3534.122162  	96.269563 
3534.479469  	96.271360 
3534.836776  	96.126420 
3535.194083  	96.261231 
3535.551390  	96.173091 
3535.908696  	96.088938 
3536.266003  	96.332222 
3536.623310  	96.323084 
3536.980617  	96.195266 
3537.337924  	96.285138 
3537.695231  	96.328733 
3538.052538  	96.358281 
3538.409844  	96.229379 
3538.767151  	95.871107 
3539.124458  	96.006520 
3539.481765  	96.300481 
3539.839072  	96.207715 
3540.196379  	96.347116 
3540.553686  	96.508278 
3540.910992  	96.368004 
3541.268299  	96.261249 
3541.625606  	96.415354 
3541.982913  	96.703461 
3542.340220  	96.685211 
3542.697527  	96.650885 
3543.054834  	96.455219 
3543.412140  	96.128612 
3543.769447  	96.457296 
3544.126754  	96.484435 
3544.484061  	96.094979 
3544.841368  	96.187945 
3545.198675  	96.248471 
3545.555982  	96.233674 
3545.913288  	96.206320 
3546.270595  	96.313547 
3546.627902  	96.616420 
3546.985209  	96.368477 
3547.342516  	95.989097 
3547.699823  	96.091360 
3548.057130  	96.294013 
3548.414437  	96.410322 
3548.771743  	96.405886 
3549.129050  	96.276546 
3549.486357  	96.064053 
3549.843664  	96.041083 
3550.200971  	96.224144 
3550.558278  	96.249789 
3550.915585  	96.348591 
3551.272891  	96.720791 
3551.630198  	96.802309 
3551.987505  	96.496489 
3552.344812  	96.377733 
3552.702119  	96.300967 
3553.059426  	96.133961 
3553.416733  	96.166183 
3553.774039  	96.284467 
3554.131346  	96.464257 
3554.488653  	96.497769 
3554.845960  	96.316984 
3555.203267  	96.029011 
3555.560574  	95.679028 
3555.917881  	95.882961 
3556.275187  	96.296033 
3556.632494  	96.337337 
3556.989801  	96.485867 
3557.347108  	96.627988 
3557.704415  	96.579640 
3558.061722  	96.354473 
3558.419029  	96.307561 
3558.776335  	96.790933 
3559.133642  	96.860965 
3559.490949  	96.419469 
3559.848256  	96.179281 
3560.205563  	96.149653 
3560.562870  	96.446023 
3560.920177  	96.737171 
3561.277484  	96.670337 
3561.634790  	96.413588 
3561.992097  	96.267537 
3562.349404  	96.415821 
3562.706711  	96.478444 
3563.064018  	96.466310 
3563.421325  	96.480268 
3563.778632  	96.270547 
3564.135938  	96.001660 
3564.493245  	95.932764 
3564.850552  	96.238933 
3565.207859  	96.609670 
3565.565166  	96.583512 
3565.922473  	96.283701 
3566.279780  	95.963201 
3566.637086  	96.059682 
3566.994393  	96.275365 
3567.351700  	95.944931 
3567.709007  	95.686983 
3568.066314  	95.782721 
3568.423621  	95.638208 
3568.780928  	95.648275 
3569.138234  	96.200953 
3569.495541  	96.269613 
3569.852848  	95.912941 
3570.210155  	96.207480 
3570.567462  	96.692582 
3570.924769  	96.404053 
3571.282076  	95.847483 
3571.639382  	95.899800 
3571.996689  	96.503845 
3572.353996  	96.685909 
3572.711303  	96.395447 
3573.068610  	96.423673 
3573.425917  	96.500389 
3573.783224  	96.323580 
3574.140531  	96.264667 
3574.497837  	96.473770 
3574.855144  	96.609726 
3575.212451  	96.385161 
3575.569758  	96.248784 
3575.927065  	96.365722 
3576.284372  	96.439910 
3576.641679  	96.442120 
3576.998985  	96.262559 
3577.356292  	96.279527 
3577.713599  	96.714388 
3578.070906  	96.756859 
3578.428213  	96.433351 
3578.785520  	96.415032 
3579.142827  	96.634793 
3579.500133  	96.736519 
3579.857440  	96.543701 
3580.214747  	96.346146 
3580.572054  	96.359649 
3580.929361  	96.329555 
3581.286668  	96.289751 
3581.643975  	96.191809 
3582.001281  	96.068636 
3582.358588  	96.212397 
3582.715895  	96.183655 
3583.073202  	95.923103 
3583.430509  	95.997164 
3583.787816  	96.216372 
3584.145123  	96.311938 
3584.502429  	96.261127 
3584.859736  	96.310586 
3585.217043  	96.605987 
3585.574350  	96.706023 
3585.931657  	96.730320 
3586.288964  	96.765240 
3586.646271  	96.350374 
3587.003577  	95.893909 
3587.360884  	96.107619 
3587.718191  	96.701016 
3588.075498  	96.895245 
3588.432805  	96.871431 
3588.790112  	96.682366 
3589.147419  	95.697180 
3589.504726  	95.471679 
3589.862032  	96.086358 
3590.219339  	96.011094 
3590.576646  	95.883447 
3590.933953  	96.161137 
3591.291260  	96.137449 
3591.648567  	95.962653 
3592.005874  	96.345649 
3592.363180  	97.079264 
3592.720487  	96.944952 
3593.077794  	96.100975 
3593.435101  	95.841292 
3593.792408  	96.064295 
3594.149715  	96.115688 
3594.507022  	96.151112 
3594.864328  	96.457759 
3595.221635  	96.480499 
3595.578942  	96.074000 
3595.936249  	96.139872 
3596.293556  	96.529341 
3596.650863  	96.738171 
3597.008170  	96.680764 
3597.365476  	96.372553 
3597.722783  	96.371008 
3598.080090  	96.573561 
3598.437397  	96.453415 
3598.794704  	96.450153 
3599.152011  	96.709655 
3599.509318  	96.799252 
3599.866624  	96.707664 
3600.223931  	96.404033 
3600.581238  	96.278833 
3600.938545  	96.509113 
3601.295852  	96.196816 
3601.653159  	95.956632 
3602.010466  	96.378265 
3602.367773  	96.216528 
3602.725079  	95.899067 
3603.082386  	96.264481 
3603.439693  	96.646874 
3603.797000  	96.722047 
3604.154307  	96.553721 
3604.511614  	96.393937 
3604.868921  	96.381841 
3605.226227  	96.266607 
3605.583534  	96.256294 
3605.940841  	96.553319 
3606.298148  	96.792506 
3606.655455  	96.647007 
3607.012762  	96.333588 
3607.370069  	96.082867 
3607.727375  	96.194672 
3608.084682  	96.796119 
3608.441989  	96.866947 
3608.799296  	96.348662 
3609.156603  	96.264760 
3609.513910  	96.077270 
3609.871217  	95.667278 
3610.228523  	95.965689 
3610.585830  	96.205513 
3610.943137  	96.204978 
3611.300444  	96.450603 
3611.657751  	96.631306 
3612.015058  	96.570694 
3612.372365  	96.565955 
3612.729671  	96.291111 
3613.086978  	95.818102 
3613.444285  	95.737339 
3613.801592  	95.709079 
3614.158899  	95.606948 
3614.516206  	95.746665 
3614.873513  	95.855484 
3615.230820  	95.706622 
3615.588126  	95.830509 
3615.945433  	96.113037 
3616.302740  	96.294129 
3616.660047  	96.702037 
3617.017354  	97.015830 
3617.374661  	96.804620 
3617.731968  	96.462980 
3618.089274  	96.323589 
3618.446581  	96.285541 
3618.803888  	96.069767 
3619.161195  	96.106666 
3619.518502  	96.456232 
3619.875809  	96.120956 
3620.233116  	95.679217 
3620.590422  	95.960121 
3620.947729  	96.049614 
3621.305036  	95.861130 
3621.662343  	95.946504 
3622.019650  	96.310431 
3622.376957  	96.492281 
3622.734264  	96.447351 
3623.091570  	96.190373 
3623.448877  	95.968616 
3623.806184  	96.210974 
3624.163491  	96.330133 
3624.520798  	96.138721 
3624.878105  	96.227124 
3625.235412  	96.453749 
3625.592718  	96.672666 
3625.950025  	96.645325 
3626.307332  	96.287781 
3626.664639  	96.273411 
3627.021946  	96.571795 
3627.379253  	96.850224 
3627.736560  	97.081984 
3628.093867  	97.096842 
3628.451173  	97.091547 
3628.808480  	96.778822 
3629.165787  	96.005179 
3629.523094  	95.713700 
3629.880401  	95.045246 
3630.237708  	94.483179 
3630.595015  	95.262672 
3630.952321  	95.905832 
3631.309628  	95.707238 
3631.666935  	95.566765 
3632.024242  	95.871731 
3632.381549  	96.080712 
3632.738856  	96.150577 
3633.096163  	96.239397 
3633.453469  	96.262416 
3633.810776  	96.422985 
3634.168083  	96.577039 
3634.525390  	96.194647 
3634.882697  	95.804377 
3635.240004  	96.117851 
3635.597311  	96.591154 
3635.954617  	96.473613 
3636.311924  	96.315195 
3636.669231  	96.470549 
3637.026538  	96.491055 
3637.383845  	96.515644 
3637.741152  	96.587892 
3638.098459  	96.433763 
3638.455765  	96.124931 
3638.813072  	96.062926 
3639.170379  	96.343695 
3639.527686  	96.410024 
3639.884993  	96.270562 
3640.242300  	96.138799 
3640.599607  	96.117598 
3640.956914  	96.423696 
3641.314220  	96.492584 
3641.671527  	96.419143 
3642.028834  	96.733034 
3642.386141  	96.913829 
3642.743448  	96.600003 
3643.100755  	96.050729 
3643.458062  	96.050149 
3643.815368  	96.474521 
3644.172675  	96.538305 
3644.529982  	96.546898 
3644.887289  	96.591793 
3645.244596  	96.550417 
3645.601903  	96.610244 
3645.959210  	96.990171 
3646.316516  	97.461335 
3646.673823  	96.960716 
3647.031130  	96.240369 
3647.388437  	96.401355 
3647.745744  	96.369677 
3648.103051  	96.354418 
3648.460358  	96.368156 
3648.817664  	96.067464 
3649.174971  	95.642161 
3649.532278  	95.377884 
3649.889585  	95.843194 
3650.246892  	96.302552 
3650.604199  	96.242874 
3650.961506  	95.711776 
3651.318812  	95.323204 
3651.676119  	95.557177 
3652.033426  	95.537477 
3652.390733  	95.550011 
3652.748040  	95.678534 
3653.105347  	95.725643 
3653.462654  	95.977775 
3653.819961  	96.316413 
3654.177267  	96.551596 
3654.534574  	96.479883 
3654.891881  	96.497026 
3655.249188  	96.835086 
3655.606495  	96.551666 
3655.963802  	96.020517 
3656.321109  	96.182966 
3656.678415  	96.454970 
3657.035722  	96.232983 
3657.393029  	95.737172 
3657.750336  	95.561879 
3658.107643  	95.648140 
3658.464950  	95.612635 
3658.822257  	95.660070 
3659.179563  	96.123079 
3659.536870  	96.475855 
3659.894177  	96.085924 
3660.251484  	95.853613 
3660.608791  	96.327093 
3660.966098  	96.553894 
3661.323405  	96.332613 
3661.680711  	96.175529 
3662.038018  	96.243446 
3662.395325  	96.292607 
3662.752632  	96.281501 
3663.109939  	96.496871 
3663.467246  	96.692266 
3663.824553  	96.617910 
3664.181859  	96.405522 
3664.539166  	96.357658 
3664.896473  	96.636044 
3665.253780  	96.782335 
3665.611087  	96.729365 
3665.968394  	96.645077 
3666.325701  	96.366337 
3666.683008  	96.217689 
3667.040314  	96.229758 
3667.397621  	96.125183 
3667.754928  	96.148271 
3668.112235  	96.287465 
3668.469542  	96.546662 
3668.826849  	96.862699 
3669.184156  	96.483693 
3669.541462  	96.098132 
3669.898769  	96.622328 
3670.256076  	96.951442 
3670.613383  	96.433242 
3670.970690  	95.365352 
3671.327997  	94.604104 
3671.685304  	95.139129 
3672.042610  	95.934950 
3672.399917  	95.948524 
3672.757224  	95.818400 
3673.114531  	96.214118 
3673.471838  	96.451826 
3673.829145  	96.556150 
3674.186452  	96.941468 
3674.543758  	96.973707 
3674.901065  	96.572064 
3675.258372  	95.900343 
3675.615679  	95.835716 
3675.972986  	96.495699 
3676.330293  	95.791399 
3676.687600  	95.120103 
3677.044906  	95.440995 
3677.402213  	95.761378 
3677.759520  	95.991116 
3678.116827  	95.836657 
3678.474134  	95.698289 
3678.831441  	96.088075 
3679.188748  	96.562626 
3679.546054  	96.686046 
3679.903361  	96.022488 
3680.260668  	95.724944 
3680.617975  	96.412005 
3680.975282  	96.525707 
3681.332589  	96.110610 
3681.689896  	96.126878 
3682.047203  	96.286348 
3682.404509  	96.348715 
3682.761816  	96.410842 
3683.119123  	96.412215 
3683.476430  	96.421305 
3683.833737  	96.576848 
3684.191044  	96.703496 
3684.548351  	96.655814 
3684.905657  	96.611112 
3685.262964  	96.585257 
3685.620271  	96.606714 
3685.977578  	96.826309 
3686.334885  	96.957862 
3686.692192  	96.670472 
3687.049499  	96.455285 
3687.406805  	96.870725 
3687.764112  	97.428324 
3688.121419  	97.389954 
3688.478726  	96.691369 
3688.836033  	95.797043 
3689.193340  	95.713876 
3689.550647  	96.131285 
3689.907953  	96.318737 
3690.265260  	96.441900 
3690.622567  	96.526603 
3690.979874  	96.399113 
3691.337181  	96.538043 
3691.694488  	96.512302 
3692.051795  	95.937346 
3692.409101  	95.863252 
3692.766408  	96.104890 
3693.123715  	96.230015 
3693.481022  	96.342330 
3693.838329  	96.307780 
3694.195636  	96.363003 
3694.552943  	96.406651 
3694.910250  	96.131401 
3695.267556  	96.105159 
3695.624863  	96.230794 
3695.982170  	96.125830 
3696.339477  	96.098119 
3696.696784  	96.127695 
3697.054091  	96.165043 
3697.411398  	96.229397 
3697.768704  	96.332802 
3698.126011  	96.426468 
3698.483318  	96.220902 
3698.840625  	96.208905 
3699.197932  	96.435017 
3699.555239  	96.132180 
3699.912546  	95.904699 
3700.269852  	96.230348 
3700.627159  	96.576888 
3700.984466  	96.786261 
3701.341773  	96.806251 
3701.699080  	96.796286 
3702.056387  	96.602262 
3702.413694  	96.009833 
3702.771000  	95.789825 
3703.128307  	96.107376 
3703.485614  	96.593760 
3703.842921  	96.506871 
3704.200228  	96.004677 
3704.557535  	95.923518 
3704.914842  	95.903856 
3705.272148  	96.042429 
3705.629455  	96.309393 
3705.986762  	96.037842 
3706.344069  	95.851856 
3706.701376  	95.968237 
3707.058683  	96.091296 
3707.415990  	96.169213 
3707.773297  	96.069777 
3708.130603  	96.233689 
3708.487910  	96.622893 
3708.845217  	96.985366 
3709.202524  	97.238248 
3709.559831  	96.764755 
3709.917138  	95.958578 
3710.274445  	95.846050 
3710.631751  	96.359742 
3710.989058  	96.670810 
3711.346365  	96.364755 
3711.703672  	96.360563 
3712.060979  	96.616687 
3712.418286  	95.775752 
3712.775593  	94.864276 
3713.132899  	95.356953 
3713.490206  	96.190469 
3713.847513  	96.330815 
3714.204820  	95.899602 
3714.562127  	95.886876 
3714.919434  	96.385270 
3715.276741  	96.236121 
3715.634047  	95.861640 
3715.991354  	96.121067 
3716.348661  	96.090389 
3716.705968  	95.866931 
3717.063275  	95.929965 
3717.420582  	96.132484 
3717.777889  	96.913564 
3718.135195  	97.107440 
3718.492502  	96.258805 
3718.849809  	96.227144 
3719.207116  	96.399816 
3719.564423  	96.073313 
3719.921730  	96.306027 
3720.279037  	96.385329 
3720.636344  	96.209521 
3720.993650  	96.445413 
3721.350957  	96.489328 
3721.708264  	96.381414 
3722.065571  	96.389071 
3722.422878  	95.894800 
3722.780185  	95.767843 
3723.137492  	96.290720 
3723.494798  	96.469086 
3723.852105  	96.387416 
3724.209412  	95.996580 
3724.566719  	95.773121 
3724.924026  	96.081720 
3725.281333  	96.223850 
3725.638640  	96.244984 
3725.995946  	96.020038 
3726.353253  	95.818198 
3726.710560  	96.192702 
3727.067867  	96.077344 
3727.425174  	95.826487 
3727.782481  	96.073686 
3728.139788  	95.969716 
3728.497094  	95.875164 
3728.854401  	96.029031 
3729.211708  	96.222256 
3729.569015  	96.692111 
3729.926322  	96.780236 
3730.283629  	96.248260 
3730.640936  	96.082197 
3730.998242  	96.549638 
3731.355549  	97.049879 
3731.712856  	96.688338 
3732.070163  	95.751994 
3732.427470  	95.902596 
3732.784777  	96.261991 
3733.142084  	95.912974 
3733.499391  	95.874746 
3733.856697  	96.148675 
3734.214004  	96.917805 
3734.571311  	97.447222 
3734.928618  	96.583021 
3735.285925  	96.056189 
3735.643232  	96.119089 
3736.000539  	95.937991 
3736.357845  	96.109111 
3736.715152  	96.098889 
3737.072459  	95.997743 
3737.429766  	95.917773 
3737.787073  	95.667321 
3738.144380  	95.818780 
3738.501687  	96.135733 
3738.858993  	96.067178 
3739.216300  	95.945291 
3739.573607  	96.306230 
3739.930914  	96.581437 
3740.288221  	96.223305 
3740.645528  	95.912567 
3741.002835  	96.023544 
3741.360141  	96.258734 
3741.717448  	96.300171 
3742.074755  	96.166009 
3742.432062  	96.427212 
3742.789369  	96.775540 
3743.146676  	96.956326 
3743.503983  	97.199742 
3743.861289  	97.352729 
3744.218596  	97.812530 
3744.575903  	97.342187 
3744.933210  	94.850743 
3745.290517  	94.247790 
3745.647824  	94.492240 
3746.005131  	94.991375 
3746.362438  	95.437468 
3746.719744  	95.757525 
3747.077051  	96.276189 
3747.434358  	96.515496 
3747.791665  	96.667231 
3748.148972  	96.837965 
3748.506279  	96.435876 
3748.863586  	96.264105 
3749.220892  	96.786413 
3749.578199  	96.917556 
3749.935506  	96.062665 
3750.292813  	95.588340 
3750.650120  	95.911106 
3751.007427  	96.312709 
3751.364734  	96.770280 
3751.722040  	97.163654 
3752.079347  	97.203150 
3752.436654  	96.668034 
3752.793961  	95.153887 
3753.151268  	94.824914 
3753.508575  	95.677433 
3753.865882  	96.021153 
3754.223188  	95.832594 
3754.580495  	95.862524 
3754.937802  	96.304580 
3755.295109  	96.615480 
3755.652416  	96.572674 
3756.009723  	96.445812 
3756.367030  	96.427368 
3756.724336  	96.626637 
3757.081643  	96.407846 
3757.438950  	95.939220 
3757.796257  	96.188044 
3758.153564  	96.491810 
3758.510871  	96.554054 
3758.868178  	96.905977 
3759.225484  	97.118135 
3759.582791  	96.665971 
3759.940098  	96.104975 
3760.297405  	95.932480 
3760.654712  	96.034202 
3761.012019  	96.200670 
3761.369326  	96.144231 
3761.726633  	95.983044 
3762.083939  	96.123021 
3762.441246  	96.376471 
3762.798553  	96.499209 
3763.155860  	96.374484 
3763.513167  	96.127648 
3763.870474  	96.296260 
3764.227781  	96.607276 
3764.585087  	96.664411 
3764.942394  	96.751706 
3765.299701  	96.766322 
3765.657008  	96.477667 
3766.014315  	96.068885 
3766.371622  	95.940684 
3766.728929  	96.280058 
3767.086235  	96.553763 
3767.443542  	96.392543 
3767.800849  	96.050437 
3768.158156  	95.957878 
3768.515463  	96.163658 
3768.872770  	96.372762 
3769.230077  	96.223299 
3769.587383  	96.215711 
3769.944690  	96.817622 
3770.301997  	96.523275 
3770.659304  	95.541722 
3771.016611  	95.524682 
3771.373918  	95.667947 
3771.731225  	95.765299 
3772.088531  	96.122643 
3772.445838  	96.384983 
3772.803145  	96.470097 
3773.160452  	96.421302 
3773.517759  	96.444441 
3773.875066  	96.401733 
3774.232373  	96.089616 
3774.589680  	96.135615 
3774.946986  	96.342806 
3775.304293  	96.208427 
3775.661600  	96.078492 
3776.018907  	96.196731 
3776.376214  	96.537362 
3776.733521  	96.717053 
3777.090828  	96.785350 
3777.448134  	96.803334 
3777.805441  	96.363536 
3778.162748  	96.162272 
3778.520055  	96.483947 
3778.877362  	96.809003 
3779.234669  	96.997749 
3779.591976  	96.468066 
3779.949282  	95.874097 
3780.306589  	95.983424 
3780.663896  	95.962045 
3781.021203  	95.985108 
3781.378510  	96.260312 
3781.735817  	96.466561 
3782.093124  	96.348530 
3782.450430  	96.041622 
3782.807737  	96.044568 
3783.165044  	96.118648 
3783.522351  	96.151428 
3783.879658  	96.329907 
3784.236965  	96.307140 
3784.594272  	96.278522 
3784.951578  	96.281279 
3785.308885  	96.013815 
3785.666192  	95.937948 
3786.023499  	95.963919 
3786.380806  	95.922274 
3786.738113  	96.131089 
3787.095420  	96.317286 
3787.452727  	96.536235 
3787.810033  	96.806579 
3788.167340  	96.439783 
3788.524647  	96.075332 
3788.881954  	96.247785 
3789.239261  	96.256410 
3789.596568  	96.231149 
3789.953875  	96.260552 
3790.311181  	96.311069 
3790.668488  	96.525432 
3791.025795  	96.512640 
3791.383102  	96.447874 
3791.740409  	96.338736 
3792.097716  	96.152587 
3792.455023  	96.279151 
3792.812329  	96.350284 
3793.169636  	96.345594 
3793.526943  	96.453579 
3793.884250  	96.607479 
3794.241557  	96.814599 
3794.598864  	96.667830 
3794.956171  	96.466768 
3795.313477  	96.550688 
3795.670784  	96.532390 
3796.028091  	96.608264 
3796.385398  	96.840174 
3796.742705  	96.632142 
3797.100012  	96.001206 
3797.457319  	95.839276 
3797.814625  	96.178705 
3798.171932  	96.398104 
3798.529239  	96.396042 
3798.886546  	96.394847 
3799.243853  	96.609882 
3799.601160  	96.759160 
3799.958467  	96.647462 
3800.315774  	96.792314 
3800.673080  	97.064295 
3801.030387  	97.250054 
3801.387694  	97.044302 
3801.745001  	95.609698 
3802.102308  	94.966698 
3802.459615  	95.667551 
3802.816922  	95.982471 
3803.174228  	96.114391 
3803.531535  	96.152692 
3803.888842  	96.006307 
3804.246149  	96.025051 
3804.603456  	95.997026 
3804.960763  	96.035068 
3805.318070  	96.437655 
3805.675376  	96.672568 
3806.032683  	96.613804 
3806.389990  	96.402998 
3806.747297  	96.095893 
3807.104604  	96.241130 
3807.461911  	96.126081 
3807.819218  	95.792436 
3808.176524  	96.005708 
3808.533831  	95.926034 
3808.891138  	95.643753 
3809.248445  	95.738849 
3809.605752  	96.071730 
3809.963059  	96.311816 
3810.320366  	96.484017 
3810.677672  	96.639906 
3811.034979  	96.300861 
3811.392286  	95.895284 
3811.749593  	95.966408 
3812.106900  	95.873327 
3812.464207  	95.933317 
3812.821514  	96.485387 
3813.178821  	96.726640 
3813.536127  	96.419279 
3813.893434  	96.113400 
3814.250741  	96.508060 
3814.608048  	97.171430 
3814.965355  	97.125403 
3815.322662  	96.799036 
3815.679969  	96.728821 
3816.037275  	96.334334 
3816.394582  	95.546791 
3816.751889  	95.303609 
3817.109196  	95.613725 
3817.466503  	95.999663 
3817.823810  	96.361416 
3818.181117  	96.446834 
3818.538423  	96.293733 
3818.895730  	96.392038 
3819.253037  	96.704604 
3819.610344  	96.851808 
3819.967651  	96.870636 
3820.324958  	96.857307 
3820.682265  	96.945022 
3821.039571  	97.047492 
3821.396878  	96.538473 
3821.754185  	96.012460 
3822.111492  	95.745498 
3822.468799  	95.495755 
3822.826106  	95.748440 
3823.183413  	96.129489 
3823.540719  	96.208483 
3823.898026  	96.018078 
3824.255333  	95.948155 
3824.612640  	96.123246 
3824.969947  	96.123926 
3825.327254  	96.311517 
3825.684561  	96.641605 
3826.041868  	96.481425 
3826.399174  	96.512319 
3826.756481  	96.728157 
3827.113788  	96.286180 
3827.471095  	95.933753 
3827.828402  	96.218470 
3828.185709  	96.318996 
3828.543016  	96.125814 
3828.900322  	96.285888 
3829.257629  	96.631082 
3829.614936  	96.699898 
3829.972243  	96.401578 
3830.329550  	96.150380 
3830.686857  	96.564044 
3831.044164  	96.747338 
3831.401470  	96.361818 
3831.758777  	96.589516 
3832.116084  	96.542376 
3832.473391  	95.784771 
3832.830698  	95.805840 
3833.188005  	96.397640 
3833.545312  	96.675652 
3833.902618  	96.481930 
3834.259925  	96.298083 
3834.617232  	96.387397 
3834.974539  	96.590673 
3835.331846  	96.468211 
3835.689153  	96.317510 
3836.046460  	96.583078 
3836.403766  	96.754229 
3836.761073  	96.808474 
3837.118380  	96.734973 
3837.475687  	96.574365 
3837.832994  	96.277157 
3838.190301  	95.061272 
3838.547608  	94.769753 
3838.904914  	95.665856 
3839.262221  	95.862751 
3839.619528  	95.795164 
3839.976835  	95.899120 
3840.334142  	95.872932 
3840.691449  	95.768960 
3841.048756  	96.044407 
3841.406063  	96.135247 
3841.763369  	95.808481 
3842.120676  	96.110234 
3842.477983  	96.419676 
3842.835290  	96.198581 
3843.192597  	96.214378 
3843.549904  	96.521502 
3843.907211  	96.638735 
3844.264517  	96.309240 
3844.621824  	96.173068 
3844.979131  	96.226602 
3845.336438  	95.910604 
3845.693745  	95.967213 
3846.051052  	96.221591 
3846.408359  	96.140494 
3846.765665  	96.231085 
3847.122972  	96.262671 
3847.480279  	96.162966 
3847.837586  	96.096502 
3848.194893  	96.009401 
3848.552200  	96.114770 
3848.909507  	96.256679 
3849.266813  	96.326077 
3849.624120  	96.257875 
3849.981427  	96.230029 
3850.338734  	96.549313 
3850.696041  	96.789901 
3851.053348  	96.988893 
3851.410655  	97.302091 
3851.767961  	97.351392 
3852.125268  	97.153603 
3852.482575  	96.822751 
3852.839882  	96.877060 
3853.197189  	96.989139 
3853.554496  	96.406424 
3853.911803  	95.957836 
3854.269110  	95.827310 
3854.626416  	94.917474 
3854.983723  	94.529215 
3855.341030  	94.839723 
3855.698337  	95.439131 
3856.055644  	95.979667 
3856.412951  	95.905966 
3856.770258  	95.639015 
3857.127564  	96.032114 
3857.484871  	96.221747 
3857.842178  	95.554246 
3858.199485  	95.497770 
3858.556792  	96.041302 
3858.914099  	96.142055 
3859.271406  	96.131222 
3859.628712  	96.155721 
3859.986019  	96.230560 
3860.343326  	96.603071 
3860.700633  	96.713252 
3861.057940  	96.627882 
3861.415247  	96.659147 
3861.772554  	96.422450 
3862.129860  	96.205478 
3862.487167  	96.160452 
3862.844474  	96.251375 
3863.201781  	96.533698 
3863.559088  	96.564350 
3863.916395  	96.456314 
3864.273702  	96.705226 
3864.631008  	96.891408 
3864.988315  	96.388778 
3865.345622  	95.786358 
3865.702929  	95.612164 
3866.060236  	95.623161 
3866.417543  	95.930214 
3866.774850  	96.139988 
3867.132157  	96.026922 
3867.489463  	96.167330 
3867.846770  	96.312748 
3868.204077  	96.134218 
3868.561384  	96.265755 
3868.918691  	96.672441 
3869.275998  	96.537649 
3869.633305  	95.817428 
3869.990611  	95.646822 
3870.347918  	95.995668 
3870.705225  	95.653148 
3871.062532  	95.436651 
3871.419839  	95.874249 
3871.777146  	96.072336 
3872.134453  	96.024839 
3872.491759  	96.150090 
3872.849066  	96.203484 
3873.206373  	96.126150 
3873.563680  	96.157272 
3873.920987  	96.373483 
3874.278294  	96.473611 
3874.635601  	96.130847 
3874.992907  	95.780186 
3875.350214  	95.757568 
3875.707521  	96.037292 
3876.064828  	96.298063 
3876.422135  	96.218785 
3876.779442  	96.253047 
3877.136749  	96.457798 
3877.494055  	96.442304 
3877.851362  	96.402584 
3878.208669  	96.365479 
3878.565976  	96.186769 
3878.923283  	96.037849 
3879.280590  	96.272940 
3879.637897  	96.717245 
3879.995204  	96.704048 
3880.352510  	96.201655 
3880.709817  	95.635215 
3881.067124  	95.660199 
3881.424431  	95.890165 
3881.781738  	95.892564 
3882.139045  	96.214580 
3882.496352  	96.395891 
3882.853658  	96.231479 
3883.210965  	96.314364 
3883.568272  	96.373398 
3883.925579  	96.504786 
3884.282886  	96.647901 
3884.640193  	96.625973 
3884.997500  	96.851542 
3885.354806  	96.708412 
3885.712113  	96.212105 
3886.069420  	95.860829 
3886.426727  	95.162092 
3886.784034  	95.177469 
3887.141341  	95.649250 
3887.498648  	95.778232 
3887.855954  	95.825615 
3888.213261  	95.782690 
3888.570568  	95.755318 
3888.927875  	95.996808 
3889.285182  	96.254546 
3889.642489  	96.416345 
3889.999796  	96.583548 
3890.357102  	96.674886 
3890.714409  	96.434340 
3891.071716  	96.060656 
3891.429023  	96.159114 
3891.786330  	96.270764 
3892.143637  	95.855901 
3892.500944  	95.768702 
3892.858251  	96.102345 
3893.215557  	96.367422 
3893.572864  	96.519790 
3893.930171  	96.467316 
3894.287478  	96.142264 
3894.644785  	95.977851 
3895.002092  	96.101810 
3895.359399  	96.224317 
3895.716705  	96.178086 
3896.074012  	96.159437 
3896.431319  	96.443694 
3896.788626  	96.679757 
3897.145933  	96.598026 
3897.503240  	96.385778 
3897.860547  	96.239479 
3898.217853  	96.474162 
3898.575160  	96.935242 
3898.932467  	97.137993 
3899.289774  	96.926799 
3899.647081  	96.307629 
3900.004388  	95.630953 
3900.361695  	95.562232 
3900.719001  	96.163094 
3901.076308  	96.505795 
3901.433615  	96.232939 
3901.790922  	96.333942 
3902.148229  	96.199608 
3902.505536  	95.525944 
3902.862843  	95.814022 
3903.220149  	96.336308 
3903.577456  	96.404965 
3903.934763  	96.337258 
3904.292070  	96.230978 
3904.649377  	95.671060 
3905.006684  	95.243493 
3905.363991  	95.791239 
3905.721298  	95.950669 
3906.078604  	95.611094 
3906.435911  	95.818878 
3906.793218  	96.073963 
3907.150525  	96.063498 
3907.507832  	95.952446 
3907.865139  	95.972444 
3908.222446  	96.155608 
3908.579752  	96.057026 
3908.937059  	96.211146 
3909.294366  	96.518181 
3909.651673  	96.343452 
3910.008980  	96.177110 
3910.366287  	96.060743 
3910.723594  	95.981135 
3911.080900  	96.101601 
3911.438207  	96.274001 
3911.795514  	96.533548 
3912.152821  	96.592582 
3912.510128  	96.359402 
3912.867435  	96.162151 
3913.224742  	96.081531 
3913.582048  	96.149041 
3913.939355  	96.256325 
3914.296662  	96.170176 
3914.653969  	96.136527 
3915.011276  	96.337785 
3915.368583  	96.293389 
3915.725890  	96.200546 
3916.083196  	96.411572 
3916.440503  	96.296269 
3916.797810  	95.994178 
3917.155117  	96.074030 
3917.512424  	96.243531 
3917.869731  	96.156700 
3918.227038  	95.992935 
3918.584344  	96.227946 
3918.941651  	96.471689 
3919.298958  	96.305308 
3919.656265  	96.144322 
3920.013572  	96.112593 
3920.370879  	96.033361 
3920.728186  	95.952560 
3921.085493  	96.053002 
3921.442799  	96.155841 
3921.800106  	96.043678 
3922.157413  	96.041278 
3922.514720  	96.091921 
3922.872027  	95.993994 
3923.229334  	96.069205 
3923.586641  	96.340571 
3923.943947  	96.538432 
3924.301254  	96.529108 
3924.658561  	96.446275 
3925.015868  	96.465407 
3925.373175  	96.343796 
3925.730482  	95.905566 
3926.087789  	95.710844 
3926.445095  	96.023949 
3926.802402  	96.173698 
3927.159709  	96.104515 
3927.517016  	96.234703 
3927.874323  	96.163529 
3928.231630  	95.825994 
3928.588937  	95.836106 
3928.946243  	96.131287 
3929.303550  	96.159406 
3929.660857  	96.052455 
3930.018164  	96.231314 
3930.375471  	96.381537 
3930.732778  	96.258007 
3931.090085  	96.123137 
3931.447391  	96.103553 
3931.804698  	96.271076 
3932.162005  	96.520924 
3932.519312  	96.506006 
3932.876619  	96.353505 
3933.233926  	96.332931 
3933.591233  	96.194307 
3933.948540  	96.078033 
3934.305846  	96.160955 
3934.663153  	96.212865 
3935.020460  	96.331568 
3935.377767  	96.335855 
3935.735074  	96.119381 
3936.092381  	96.083844 
3936.449688  	96.062019 
3936.806994  	96.055162 
3937.164301  	96.186026 
3937.521608  	96.233681 
3937.878915  	96.326551 
3938.236222  	96.338806 
3938.593529  	96.207623 
3938.950836  	96.184594 
3939.308142  	96.178141 
3939.665449  	96.155661 
3940.022756  	96.261272 
3940.380063  	96.651083 
3940.737370  	96.845747 
3941.094677  	96.386099 
3941.451984  	96.162880 
3941.809290  	96.432167 
3942.166597  	96.443477 
3942.523904  	96.405712 
3942.881211  	96.425080 
3943.238518  	96.130526 
3943.595825  	95.838961 
3943.953132  	95.846895 
3944.310438  	96.102878 
3944.667745  	96.234154 
3945.025052  	96.018559 
3945.382359  	96.073064 
3945.739666  	96.486458 
3946.096973  	96.625479 
3946.454280  	96.412797 
3946.811587  	96.281074 
3947.168893  	96.324123 
3947.526200  	96.151271 
3947.883507  	96.058168 
3948.240814  	96.345005 
3948.598121  	96.299448 
3948.955428  	96.081176 
3949.312735  	96.349171 
3949.670041  	96.646134 
3950.027348  	96.404993 
3950.384655  	96.142658 
3950.741962  	96.225769 
3951.099269  	96.102588 
3951.456576  	96.034939 
3951.813883  	96.209511 
3952.171189  	96.180597 
3952.528496  	96.212894 
3952.885803  	96.143130 
3953.243110  	95.905998 
3953.600417  	96.017992 
3953.957724  	96.261561 
3954.315031  	96.481874 
3954.672337  	96.453289 
3955.029644  	96.324562 
3955.386951  	96.561282 
3955.744258  	96.569928 
3956.101565  	96.310542 
3956.458872  	96.284226 
3956.816179  	96.449741 
3957.173485  	96.583407 
3957.530792  	96.364984 
3957.888099  	96.257580 
3958.245406  	96.482711 
3958.602713  	96.453836 
3958.960020  	96.224938 
3959.317327  	96.034356 
3959.674634  	96.045962 
3960.031940  	96.370089 
3960.389247  	96.606017 
3960.746554  	96.416752 
3961.103861  	96.153740 
3961.461168  	96.312642 
3961.818475  	96.566477 
3962.175782  	96.621660 
3962.533088  	96.776940 
3962.890395  	96.803750 
3963.247702  	96.448323 
3963.605009  	96.205603 
3963.962316  	96.413580 
3964.319623  	96.424964 
3964.676930  	96.067245 
3965.034236  	96.140915 
3965.391543  	96.226175 
3965.748850  	96.014800 
3966.106157  	96.314428 
3966.463464  	96.579120 
3966.820771  	96.287821 
3967.178078  	96.184055 
3967.535384  	96.325748 
3967.892691  	96.412953 
3968.249998  	96.509747 
3968.607305  	96.641120 
3968.964612  	96.684669 
3969.321919  	96.392220 
3969.679226  	95.973043 
3970.036532  	96.073141 
3970.393839  	96.462260 
3970.751146  	96.351015 
3971.108453  	96.152391 
3971.465760  	96.473644 
3971.823067  	96.752949 
3972.180374  	96.690814 
3972.537681  	96.545104 
3972.894987  	96.415947 
3973.252294  	96.335296 
3973.609601  	96.232232 
3973.966908  	96.156364 
3974.324215  	96.167642 
3974.681522  	96.201348 
3975.038829  	96.176819 
3975.396135  	96.192583 
3975.753442  	96.350986 
3976.110749  	96.264962 
3976.468056  	96.143003 
3976.825363  	96.280585 
3977.182670  	96.128023 
3977.539977  	95.972291 
3977.897283  	96.201464 
3978.254590  	96.533758 
3978.611897  	96.720928 
3978.969204  	96.472000 
3979.326511  	96.340068 
3979.683818  	96.624633 
3980.041125  	96.690062 
3980.398431  	96.550223 
3980.755738  	96.408837 
3981.113045  	96.355033 
3981.470352  	96.400148 
3981.827659  	96.490054 
3982.184966  	96.671578 
3982.542273  	96.490925 
3982.899579  	96.154801 
3983.256886  	96.265839 
3983.614193  	96.429904 
3983.971500  	96.453184 
3984.328807  	96.489290 
3984.686114  	96.588069 
3985.043421  	96.723534 
3985.400728  	96.667539 
3985.758034  	96.559534 
3986.115341  	96.535397 
3986.472648  	96.430879 
3986.829955  	96.306118 
3987.187262  	96.366854 
3987.544569  	96.579716 
3987.901876  	96.584598 
3988.259182  	96.445735 
3988.616489  	96.480074 
3988.973796  	96.493044 
3989.331103  	96.358416 
3989.688410  	96.186410 
3990.045717  	96.202080 
3990.403024  	96.407364 
3990.760330  	96.403521 
3991.117637  	96.396612 
3991.474944  	96.459697 
3991.832251  	96.234995 
3992.189558  	96.144865 
3992.546865  	96.261278 
3992.904172  	96.184293 
3993.261478  	96.099356 
3993.618785  	96.136729 
3993.976092  	96.197863 
3994.333399  	96.252403 
3994.690706  	96.343797 
3995.048013  	96.390183 
3995.405320  	96.368425 
3995.762626  	96.416612 
3996.119933  	96.355146 
3996.477240  	96.375477 
3996.834547  	96.556283 
3997.191854  	96.501290 
3997.549161  	96.535492 
3997.906468  	96.570628 
3998.263775  	96.286844 
3998.621081  	96.129811 
3998.978388  	96.199852 
3999.335695  	96.437979 
3999.693002  	96.448445 
4000.050309  	96.084803 