##TITLE=N27_2-chlorobenzaldehyde_3
##DATA TYPE=INFRARED SPECTRUM
##XUNITS=1/CM
##YUNITS=%T
399.826377  	78.631417 
400.183684  	74.168155 
400.540991  	72.665941 
400.898298  	77.163657 
401.255605  	77.912111 
401.612912  	77.549040 
401.970219  	77.505095 
402.327525  	75.814859 
402.684832  	73.205233 
403.042139  	74.561744 
403.399446  	77.801969 
403.756753  	76.244985 
404.114060  	72.518024 
404.471367  	70.865452 
404.828674  	71.369501 
405.185980  	70.641426 
405.543287  	70.094929 
405.900594  	71.953443 
406.257901  	69.304716 
406.615208  	66.170259 
406.972515  	66.686405 
407.329822  	65.148048 
407.687128  	63.163498 
408.044435  	63.028576 
408.401742  	64.011396 
408.759049  	63.771843 
409.116356  	63.561081 
409.473663  	65.641629 
409.830970  	64.245569 
410.188276  	60.771641 
410.545583  	59.198698 
410.902890  	57.456718 
411.260197  	56.653505 
411.617504  	56.255484 
411.974811  	55.952664 
412.332118  	55.705893 
412.689424  	55.399003 
413.046731  	56.429205 
413.404038  	56.922419 
413.761345  	57.027367 
414.118652  	56.515512 
414.475959  	54.916614 
414.833266  	55.260769 
415.190572  	55.627353 
415.547879  	54.784323 
415.905186  	54.760835 
416.262493  	53.564808 
416.619800  	50.530691 
416.977107  	50.316954 
417.334414  	53.815965 
417.691720  	56.880534 
418.049027  	59.233036 
418.406334  	62.414909 
418.763641  	61.353141 
419.120948  	59.679633 
419.478255  	59.948804 
419.835562  	60.390482 
420.192869  	60.812589 
420.550175  	61.701538 
420.907482  	63.769357 
421.264789  	64.963676 
421.622096  	65.908394 
421.979403  	66.749279 
422.336710  	64.852106 
422.694017  	65.816354 
423.051323  	71.535543 
423.408630  	71.676784 
423.765937  	73.252719 
424.123244  	73.737044 
424.480551  	71.778018 
424.837858  	73.786981 
425.195165  	76.305042 
425.552471  	77.490597 
425.909778  	76.853278 
426.267085  	74.660973 
426.624392  	78.343708 
426.981699  	80.501188 
427.339006  	74.725878 
427.696313  	73.014567 
428.053619  	75.894733 
428.410926  	75.285752 
428.768233  	73.306842 
429.125540  	74.149103 
429.482847  	73.828789 
429.840154  	71.430625 
430.197461  	71.880902 
430.554767  	71.030798 
430.912074  	67.720023 
431.269381  	66.884021 
431.626688  	65.264229 
431.983995  	62.976931 
432.341302  	60.781912 
432.698609  	57.916733 
433.055916  	57.014889 
433.413222  	56.417920 
433.770529  	56.204251 
434.127836  	57.519833 
434.485143  	57.089062 
434.842450  	55.800423 
435.199757  	56.288897 
435.557064  	57.874670 
435.914370  	59.943015 
436.271677  	62.909657 
436.628984  	64.680471 
436.986291  	64.548170 
437.343598  	66.203248 
437.700905  	68.215633 
438.058212  	69.716110 
438.415518  	71.973840 
438.772825  	73.326750 
439.130132  	74.656044 
439.487439  	76.084009 
439.844746  	77.674788 
440.202053  	79.774981 
440.559360  	80.321595 
440.916666  	81.885191 
441.273973  	83.949680 
441.631280  	83.845708 
441.988587  	85.020042 
442.345894  	85.873933 
442.703201  	85.476596 
443.060508  	86.074360 
443.417814  	87.459883 
443.775121  	89.486754 
444.132428  	89.420868 
444.489735  	88.767542 
444.847042  	88.238906 
445.204349  	87.615031 
445.561656  	88.494055 
445.918963  	88.602863 
446.276269  	88.302578 
446.633576  	89.414674 
446.990883  	90.533053 
447.348190  	92.386902 
447.705497  	92.024030 
448.062804  	90.971355 
448.420111  	92.624216 
448.777417  	92.784105 
449.134724  	92.589349 
449.492031  	94.074326 
449.849338  	94.259880 
450.206645  	92.531775 
450.563952  	90.128528 
450.921259  	91.085265 
451.278565  	93.164375 
451.635872  	92.040228 
451.993179  	90.538354 
452.350486  	89.727098 
452.707793  	91.632271 
453.065100  	94.594246 
453.422407  	94.325350 
453.779713  	95.324433 
454.137020  	96.111505 
454.494327  	95.271126 
454.851634  	93.298943 
455.208941  	90.886686 
455.566248  	92.630441 
455.923555  	95.173867 
456.280861  	95.245019 
456.638168  	95.176713 
456.995475  	93.632950 
457.352782  	91.938131 
457.710089  	91.536069 
458.067396  	93.422754 
458.424703  	95.531000 
458.782010  	96.766022 
459.139316  	95.637453 
459.496623  	93.828648 
459.853930  	93.842447 
460.211237  	93.486079 
460.568544  	92.370716 
460.925851  	93.184625 
461.283158  	95.586229 
461.640464  	96.492853 
461.997771  	95.088241 
462.355078  	94.503802 
462.712385  	93.803742 
463.069692  	92.695272 
463.426999  	93.425656 
463.784306  	92.746319 
464.141612  	91.756653 
464.498919  	94.253562 
464.856226  	96.769323 
465.213533  	97.117200 
465.570840  	95.677075 
465.928147  	94.057676 
466.285454  	94.012496 
466.642760  	94.063824 
467.000067  	94.014381 
467.357374  	94.421504 
467.714681  	93.708651 
468.071988  	92.835607 
468.429295  	94.408844 
468.786602  	95.041398 
469.143908  	94.052158 
469.501215  	95.568658 
469.858522  	95.603323 
470.215829  	92.699078 
470.573136  	93.134211 
470.930443  	95.342326 
471.287750  	95.380296 
471.645057  	94.037146 
472.002363  	92.052807 
472.359670  	92.502596 
472.716977  	95.216239 
473.074284  	94.479078 
473.431591  	92.525127 
473.788898  	91.368981 
474.146205  	90.940086 
474.503511  	91.447909 
474.860818  	92.614149 
475.218125  	93.242005 
475.575432  	91.567826 
475.932739  	89.855536 
476.290046  	90.277969 
476.647353  	89.800311 
477.004659  	88.656819 
477.361966  	88.820192 
477.719273  	89.195359 
478.076580  	88.972823 
478.433887  	87.293174 
478.791194  	86.927983 
479.148501  	88.025047 
479.505807  	87.399831 
479.863114  	87.650814 
480.220421  	88.063857 
480.577728  	87.063430 
480.935035  	86.318591 
481.292342  	85.389334 
481.649649  	86.113624 
482.006955  	86.756743 
482.364262  	85.461733 
482.721569  	85.219091 
483.078876  	86.086138 
483.436183  	88.458578 
483.793490  	89.695486 
484.150797  	87.428193 
484.508104  	87.995408 
484.865410  	88.994136 
485.222717  	88.985988 
485.580024  	89.920361 
485.937331  	88.766289 
486.294638  	87.577479 
486.651945  	88.702867 
487.009252  	88.772845 
487.366558  	87.169507 
487.723865  	84.953477 
488.081172  	85.231828 
488.438479  	87.048095 
488.795786  	86.291236 
489.153093  	85.865293 
489.510400  	86.560078 
489.867706  	85.926484 
490.225013  	84.447025 
490.582320  	82.350302 
490.939627  	82.218889 
491.296934  	83.667515 
491.654241  	83.834530 
492.011548  	83.660667 
492.368854  	82.355968 
492.726161  	81.875702 
493.083468  	83.991485 
493.440775  	84.828022 
493.798082  	83.762251 
494.155389  	83.603843 
494.512696  	84.811074 
494.870002  	86.258588 
495.227309  	86.975681 
495.584616  	87.126236 
495.941923  	88.319473 
496.299230  	90.854182 
496.656537  	91.321390 
497.013844  	91.149537 
497.371151  	92.883171 
497.728457  	92.214583 
498.085764  	90.051062 
498.443071  	89.850174 
498.800378  	91.112481 
499.157685  	92.932856 
499.514992  	92.856966 
499.872299  	91.810617 
500.229605  	92.183914 
500.586912  	92.979632 
500.944219  	93.430256 
501.301526  	93.946145 
501.658833  	94.157403 
502.016140  	92.112062 
502.373447  	90.673622 
502.730753  	93.707427 
503.088060  	95.816296 
503.445367  	96.362314 
503.802674  	96.732929 
504.159981  	97.201566 
504.517288  	97.354121 
504.874595  	96.370478 
505.231901  	94.976438 
505.589208  	94.466964 
505.946515  	95.128847 
506.303822  	95.263804 
506.661129  	94.494456 
507.018436  	95.163044 
507.375743  	96.200103 
507.733049  	96.264186 
508.090356  	95.655424 
508.447663  	94.698979 
508.804970  	95.460966 
509.162277  	96.402396 
509.519584  	95.365965 
509.876891  	94.571684 
510.234197  	95.300591 
510.591504  	96.480817 
510.948811  	96.430567 
511.306118  	96.108911 
511.663425  	97.153931 
512.020732  	97.670285 
512.378039  	97.078141 
512.735346  	96.655124 
513.092652  	96.097034 
513.449959  	95.988804 
513.807266  	96.159948 
514.164573  	96.027907 
514.521880  	96.289244 
514.879187  	95.558260 
515.236494  	95.147367 
515.593800  	96.710452 
515.951107  	96.585376 
516.308414  	95.730406 
516.665721  	96.676169 
517.023028  	96.963398 
517.380335  	96.862060 
517.737642  	96.815448 
518.094948  	96.515580 
518.452255  	96.666700 
518.809562  	96.370262 
519.166869  	96.536294 
519.524176  	96.675068 
519.881483  	95.584087 
520.238790  	95.651755 
520.596096  	96.033619 
520.953403  	95.842026 
521.310710  	96.063547 
521.668017  	96.323278 
522.025324  	96.492554 
522.382631  	96.536968 
522.739938  	96.041560 
523.097244  	95.813311 
523.454551  	96.299976 
523.811858  	96.810295 
524.169165  	96.976925 
524.526472  	96.878458 
524.883779  	96.474933 
525.241086  	96.063466 
525.598393  	96.009878 
525.955699  	95.831897 
526.313006  	95.765161 
526.670313  	96.551495 
527.027620  	97.165057 
527.384927  	97.695055 
527.742234  	98.421630 
528.099541  	97.722383 
528.456847  	96.465271 
528.814154  	96.013178 
529.171461  	95.719202 
529.528768  	95.662011 
529.886075  	95.526978 
530.243382  	95.629846 
530.600689  	96.276983 
530.957995  	96.602565 
531.315302  	97.110724 
531.672609  	97.125605 
532.029916  	96.246315 
532.387223  	96.260756 
532.744530  	97.134726 
533.101837  	98.016967 
533.459143  	97.767977 
533.816450  	95.776958 
534.173757  	94.542222 
534.531064  	95.152568 
534.888371  	95.661520 
535.245678  	95.496968 
535.602985  	95.545475 
535.960291  	95.625469 
536.317598  	95.797253 
536.674905  	96.622797 
537.032212  	96.843331 
537.389519  	96.071300 
537.746826  	95.685826 
538.104133  	95.486229 
538.461440  	95.129913 
538.818746  	94.963037 
539.176053  	94.473503 
539.533360  	93.878673 
539.890667  	94.272225 
540.247974  	95.468875 
540.605281  	96.005066 
540.962588  	95.791078 
541.319894  	96.080452 
541.677201  	96.392473 
542.034508  	96.373578 
542.391815  	96.173146 
542.749122  	94.707205 
543.106429  	93.335481 
543.463736  	93.869593 
543.821042  	94.948148 
544.178349  	95.678953 
544.535656  	96.010785 
544.892963  	95.527252 
545.250270  	94.922182 
545.607577  	94.598760 
545.964884  	94.632672 
546.322190  	95.550685 
546.679497  	96.245582 
547.036804  	95.286270 
547.394111  	94.432337 
547.751418  	95.420843 
548.108725  	96.253792 
548.466032  	95.806855 
548.823338  	95.932782 
549.180645  	96.570337 
549.537952  	96.772362 
549.895259  	96.701959 
550.252566  	96.091092 
550.609873  	95.599440 
550.967180  	95.539353 
551.324487  	95.177945 
551.681793  	95.236994 
552.039100  	95.579293 
552.396407  	95.446886 
552.753714  	95.823591 
553.111021  	96.003297 
553.468328  	95.255257 
553.825635  	94.941657 
554.182941  	95.482094 
554.540248  	96.397495 
554.897555  	96.509760 
555.254862  	96.003936 
555.612169  	95.935841 
555.969476  	95.450720 
556.326783  	95.130713 
556.684089  	95.692720 
557.041396  	95.944649 
557.398703  	96.033770 
557.756010  	96.049746 
558.113317  	95.829172 
558.470624  	95.715553 
558.827931  	95.419972 
559.185237  	95.297583 
559.542544  	95.428497 
559.899851  	95.248778 
560.257158  	95.147239 
560.614465  	95.579454 
560.971772  	96.109604 
561.329079  	95.705585 
561.686385  	95.097686 
562.043692  	95.763927 
562.400999  	96.077439 
562.758306  	95.243417 
563.115613  	94.990873 
563.472920  	94.903871 
563.830227  	94.892368 
564.187534  	95.637196 
564.544840  	95.657860 
564.902147  	94.522489 
565.259454  	93.928046 
565.616761  	94.512463 
565.974068  	94.793682 
566.331375  	94.428785 
566.688682  	94.704490 
567.045988  	95.034806 
567.403295  	95.159246 
567.760602  	95.435812 
568.117909  	95.267023 
568.475216  	95.152568 
568.832523  	95.143858 
569.189830  	95.258173 
569.547136  	95.487812 
569.904443  	95.154407 
570.261750  	95.145032 
570.619057  	95.178651 
570.976364  	94.830458 
571.333671  	94.815390 
571.690978  	94.628274 
572.048284  	94.987520 
572.405591  	95.668641 
572.762898  	95.400740 
573.120205  	95.181483 
573.477512  	94.739755 
573.834819  	94.237010 
574.192126  	94.765396 
574.549432  	94.938706 
574.906739  	94.445563 
575.264046  	94.426536 
575.621353  	94.564737 
575.978660  	94.223126 
576.335967  	93.827428 
576.693274  	94.315849 
577.050581  	94.847594 
577.407887  	94.591615 
577.765194  	94.447938 
578.122501  	94.434896 
578.479808  	94.325330 
578.837115  	94.496460 
579.194422  	94.413798 
579.551729  	94.428082 
579.909035  	94.630140 
580.266342  	94.289983 
580.623649  	94.072047 
580.980956  	93.991485 
581.338263  	93.723186 
581.695570  	93.569509 
582.052877  	93.847325 
582.410183  	94.954350 
582.767490  	95.459984 
583.124797  	94.826136 
583.482104  	94.195113 
583.839411  	93.815190 
584.196718  	94.131874 
584.554025  	94.146034 
584.911331  	93.524504 
585.268638  	94.089722 
585.625945  	94.864500 
585.983252  	94.762490 
586.340559  	94.075480 
586.697866  	93.214610 
587.055173  	93.356657 
587.412479  	93.948379 
587.769786  	94.197340 
588.127093  	94.452431 
588.484400  	94.341625 
588.841707  	94.325718 
589.199014  	94.456061 
589.556321  	94.067768 
589.913627  	93.816126 
590.270934  	93.884040 
590.628241  	94.003258 
590.985548  	93.873447 
591.342855  	93.126192 
591.700162  	92.890189 
592.057469  	93.561823 
592.414776  	93.738133 
592.772082  	93.411507 
593.129389  	93.319386 
593.486696  	93.699040 
593.844003  	93.828377 
594.201310  	93.640509 
594.558617  	93.563657 
594.915924  	93.083707 
595.273230  	93.106856 
595.630537  	93.606323 
595.987844  	93.183858 
596.345151  	93.116489 
596.702458  	93.568809 
597.059765  	93.122261 
597.417072  	92.613018 
597.774378  	92.664419 
598.131685  	92.590808 
598.488992  	92.377597 
598.846299  	92.795109 
599.203606  	93.102160 
599.560913  	92.090773 
599.918220  	91.182614 
600.275526  	91.770457 
600.632833  	92.615760 
600.990140  	92.357969 
601.347447  	91.599153 
601.704754  	91.541158 
602.062061  	91.581184 
602.419368  	91.247504 
602.776674  	91.029571 
603.133981  	90.928186 
603.491288  	91.074901 
603.848595  	91.190734 
604.205902  	90.860687 
604.563209  	90.572386 
604.920516  	90.665173 
605.277823  	90.739631 
605.635129  	90.646499 
605.992436  	90.815126 
606.349743  	90.883746 
606.707050  	90.383008 
607.064357  	89.811360 
607.421664  	89.275243 
607.778971  	88.864386 
608.136277  	88.902612 
608.493584  	89.187890 
608.850891  	89.362179 
609.208198  	89.281324 
609.565505  	89.195944 
609.922812  	89.210455 
610.280119  	89.296683 
610.637425  	89.308554 
610.994732  	88.811925 
611.352039  	88.420599 
611.709346  	88.512106 
612.066653  	88.163615 
612.423960  	87.402156 
612.781267  	87.091799 
613.138573  	87.363453 
613.495880  	87.248361 
613.853187  	86.617662 
614.210494  	86.508411 
614.567801  	86.421060 
614.925108  	86.057869 
615.282415  	85.850026 
615.639721  	85.456940 
615.997028  	85.494413 
616.354335  	85.573471 
616.711642  	84.940050 
617.068949  	84.662091 
617.426256  	84.497798 
617.783563  	84.192549 
618.140870  	84.009350 
618.498176  	83.562468 
618.855483  	83.187235 
619.212790  	82.510124 
619.570097  	81.747326 
619.927404  	81.572305 
620.284711  	81.073779 
620.642018  	80.655274 
620.999324  	80.762503 
621.356631  	80.258652 
621.713938  	79.292942 
622.071245  	78.769229 
622.428552  	78.612795 
622.785859  	78.052074 
623.143166  	77.217178 
623.500472  	76.507408 
623.857779  	75.457386 
624.215086  	74.477842 
624.572393  	73.762325 
624.929700  	72.590246 
625.287007  	71.434841 
625.644314  	70.369711 
626.001620  	69.151209 
626.358927  	68.456193 
626.716234  	67.511152 
627.073541  	65.749777 
627.430848  	64.012477 
627.788155  	62.249523 
628.145462  	60.811131 
628.502768  	59.397324 
628.860075  	57.113162 
629.217382  	55.252235 
629.574689  	53.886119 
629.931996  	52.039588 
630.289303  	50.321244 
630.646610  	48.543444 
631.003917  	46.673654 
631.361223  	45.280995 
631.718530  	44.156917 
632.075837  	43.535911 
632.433144  	43.731016 
632.790451  	44.253719 
633.147758  	44.671656 
633.505065  	45.760403 
633.862371  	47.870344 
634.219678  	50.216586 
634.576985  	52.988404 
634.934292  	56.059398 
635.291599  	59.123398 
635.648906  	62.244176 
636.006213  	64.854423 
636.363519  	67.495822 
636.720826  	70.301329 
637.078133  	72.745682 
637.435440  	74.967566 
637.792747  	76.695711 
638.150054  	78.336333 
638.507361  	80.089152 
638.864667  	81.393505 
639.221974  	82.707227 
639.579281  	84.085924 
639.936588  	85.239885 
640.293895  	86.360427 
640.651202  	86.988632 
641.008509  	87.035380 
641.365815  	87.617743 
641.723122  	88.784171 
642.080429  	89.370510 
642.437736  	89.618179 
642.795043  	90.121267 
643.152350  	90.369443 
643.509657  	90.471859 
643.866964  	91.188797 
644.224270  	91.919967 
644.581577  	91.912094 
644.938884  	91.641780 
645.296191  	91.355666 
645.653498  	91.535451 
646.010805  	91.705183 
646.368112  	91.180591 
646.725418  	91.455626 
647.082725  	92.155182 
647.440032  	91.775627 
647.797339  	91.200310 
648.154646  	91.021338 
648.511953  	90.720199 
648.869260  	90.100635 
649.226566  	89.912537 
649.583873  	90.330826 
649.941180  	90.273112 
650.298487  	89.569803 
650.655794  	88.850404 
651.013101  	88.570271 
651.370408  	88.675959 
651.727714  	88.803931 
652.085021  	88.919371 
652.442328  	89.130595 
652.799635  	89.336591 
653.156942  	89.403820 
653.514249  	89.797456 
653.871556  	90.728133 
654.228862  	91.382169 
654.586169  	91.806255 
654.943476  	92.138901 
655.300783  	92.347108 
655.658090  	92.737687 
656.015397  	93.155043 
656.372704  	93.532723 
656.730011  	93.552090 
657.087317  	93.264076 
657.444624  	93.246914 
657.801931  	93.369004 
658.159238  	93.538877 
658.516545  	93.970204 
658.873852  	94.539689 
659.231159  	94.354373 
659.588465  	93.481413 
659.945772  	93.649032 
660.303079  	94.229137 
660.660386  	94.329390 
661.017693  	94.313263 
661.375000  	94.150692 
661.732307  	94.157048 
662.089613  	94.200563 
662.446920  	94.160908 
662.804227  	94.019786 
663.161534  	93.355773 
663.518841  	93.170419 
663.876148  	93.567782 
664.233455  	93.686277 
664.590761  	93.975205 
664.948068  	93.971857 
665.305375  	93.469226 
665.662682  	93.506812 
666.019989  	93.547275 
666.377296  	93.165618 
666.734603  	92.941936 
667.091909  	93.200581 
667.449216  	95.008187 
667.806523  	97.501325 
668.163830  	93.654096 
668.521137  	93.680578 
668.878444  	92.693276 
669.235751  	91.972910 
669.593057  	91.934629 
669.950364  	91.694990 
670.307671  	91.534695 
670.664978  	91.259416 
671.022285  	91.162400 
671.379592  	91.185519 
671.736899  	91.227300 
672.094206  	91.769531 
672.451512  	91.456880 
672.808819  	90.709201 
673.166126  	90.543023 
673.523433  	90.016505 
673.880740  	89.893863 
674.238047  	89.775935 
674.595354  	89.281383 
674.952660  	89.333808 
675.309967  	88.812052 
675.667274  	88.125951 
676.024581  	88.172267 
676.381888  	87.920987 
676.739195  	87.407939 
677.096502  	87.240059 
677.453808  	87.307293 
677.811115  	86.955936 
678.168422  	86.540476 
678.525729  	86.526226 
678.883036  	86.229112 
679.240343  	85.799513 
679.597650  	85.880781 
679.954956  	86.053968 
680.312263  	86.000057 
680.669570  	85.911563 
681.026877  	86.174480 
681.384184  	86.356015 
681.741491  	86.133970 
682.098798  	85.891050 
682.456104  	86.031140 
682.813411  	86.661099 
683.170718  	87.337234 
683.528025  	87.397434 
683.885332  	86.855287 
684.242639  	86.476448 
684.599946  	86.427885 
684.957253  	86.855164 
685.314559  	87.510257 
685.671866  	87.405470 
686.029173  	87.093840 
686.386480  	87.055390 
686.743787  	86.975394 
687.101094  	87.098431 
687.458401  	87.290754 
687.815707  	87.319317 
688.173014  	87.333252 
688.530321  	87.281273 
688.887628  	86.821090 
689.244935  	86.455837 
689.602242  	86.864831 
689.959549  	87.296761 
690.316855  	87.132201 
690.674162  	86.593619 
691.031469  	86.292830 
691.388776  	86.498232 
691.746083  	86.479549 
692.103390  	85.831646 
692.460697  	85.240430 
692.818003  	85.273181 
693.175310  	85.592273 
693.532617  	85.370520 
693.889924  	84.872044 
694.247231  	84.496255 
694.604538  	84.031638 
694.961845  	83.625994 
695.319151  	83.596724 
695.676458  	83.729967 
696.033765  	83.407644 
696.391072  	83.035181 
696.748379  	82.735927 
697.105686  	82.012653 
697.462993  	81.391347 
697.820300  	81.078229 
698.177606  	80.959436 
698.534913  	80.581662 
698.892220  	79.892309 
699.249527  	79.616435 
699.606834  	79.363927 
699.964141  	79.116795 
700.321448  	79.006732 
700.678754  	78.853138 
701.036061  	78.769051 
701.393368  	78.189374 
701.750675  	77.790582 
702.107982  	77.896573 
702.465289  	77.692261 
702.822596  	77.599503 
703.179902  	77.401153 
703.537209  	77.025305 
703.894516  	76.896678 
704.251823  	76.763086 
704.609130  	76.286987 
704.966437  	75.198065 
705.323744  	74.576933 
705.681050  	74.575548 
706.038357  	73.864450 
706.395664  	72.625012 
706.752971  	71.409178 
707.110278  	70.396456 
707.467585  	69.251148 
707.824892  	68.025019 
708.182198  	67.239361 
708.539505  	66.196621 
708.896812  	64.640047 
709.254119  	62.963051 
709.611426  	61.242355 
709.968733  	59.444914 
710.326040  	57.464586 
710.683347  	55.675044 
711.040653  	53.938471 
711.397960  	52.016821 
711.755267  	50.192006 
712.112574  	48.259557 
712.469881  	46.459640 
712.827188  	45.236885 
713.184495  	44.198871 
713.541801  	43.034756 
713.899108  	42.106872 
714.256415  	41.556833 
714.613722  	41.235791 
714.971029  	41.435274 
715.328336  	42.361557 
715.685643  	43.836836 
716.042949  	45.271178 
716.400256  	46.728858 
716.757563  	49.105562 
717.114870  	51.830421 
717.472177  	54.497153 
717.829484  	57.374373 
718.186791  	59.811379 
718.544097  	62.451763 
718.901404  	65.468053 
719.258711  	67.644353 
719.616018  	69.545529 
719.973325  	71.693350 
720.330632  	73.746454 
720.687939  	75.624895 
721.045245  	76.841223 
721.402552  	77.469786 
721.759859  	78.377743 
722.117166  	79.960338 
722.474473  	81.184350 
722.831780  	81.182068 
723.189087  	81.128361 
723.546394  	81.858333 
723.903700  	82.600966 
724.261007  	82.860041 
724.618314  	82.829517 
724.975621  	82.979227 
725.332928  	83.296469 
725.690235  	83.352062 
726.047542  	83.438182 
726.404848  	83.474017 
726.762155  	83.251097 
727.119462  	83.155264 
727.476769  	83.073511 
727.834076  	83.355948 
728.191383  	83.536290 
728.548690  	82.733108 
728.905996  	82.389747 
729.263303  	82.616071 
729.620610  	82.383931 
729.977917  	81.997324 
730.335224  	81.338447 
730.692531  	80.978391 
731.049838  	80.937622 
731.407144  	80.356928 
731.764451  	79.955298 
732.121758  	79.777446 
732.479065  	79.532490 
732.836372  	79.458942 
733.193679  	78.953238 
733.550986  	78.276609 
733.908292  	77.946825 
734.265599  	77.469937 
734.622906  	76.762039 
734.980213  	76.128372 
735.337520  	75.525998 
735.694827  	74.762007 
736.052134  	74.170104 
736.409441  	73.894499 
736.766747  	73.171585 
737.124054  	72.065852 
737.481361  	71.252257 
737.838668  	70.612186 
738.195975  	70.018496 
738.553282  	69.139632 
738.910589  	67.856535 
739.267895  	66.853940 
739.625202  	65.927463 
739.982509  	64.923780 
740.339816  	64.274194 
740.697123  	63.357610 
741.054430  	62.179746 
741.411737  	61.394159 
741.769043  	60.295693 
742.126350  	58.645822 
742.483657  	57.342806 
742.840964  	56.205476 
743.198271  	54.646188 
743.555578  	53.128313 
743.912885  	51.795755 
744.270191  	50.102624 
744.627498  	47.952830 
744.984805  	46.054158 
745.342112  	44.776482 
745.699419  	43.058218 
746.056726  	40.740379 
746.414033  	38.847314 
746.771339  	37.182440 
747.128646  	35.432340 
747.485953  	33.514645 
747.843260  	31.388318 
748.200567  	29.444526 
748.557874  	27.551003 
748.915181  	25.875625 
749.272488  	24.569917 
749.629794  	22.958817 
749.987101  	21.162474 
750.344408  	19.801565 
750.701715  	18.714490 
751.059022  	17.628424 
751.416329  	16.904978 
751.773636  	16.482527 
752.130942  	15.883235 
752.488249  	15.520514 
752.845556  	15.363421 
753.202863  	15.068950 
753.560170  	15.130028 
753.917477  	15.364478 
754.274784  	15.655462 
754.632090  	16.215594 
754.989397  	16.535754 
755.346704  	17.053830 
755.704011  	18.055567 
756.061318  	19.150370 
756.418625  	20.683978 
756.775932  	21.777707 
757.133238  	22.165461 
757.490545  	23.310279 
757.847852  	24.773699 
758.205159  	25.832853 
758.562466  	27.041130 
758.919773  	28.365186 
759.277080  	29.316549 
759.634386  	30.044361 
759.991693  	31.184378 
760.349000  	32.333236 
760.706307  	33.406853 
761.063614  	35.061393 
761.420921  	36.424492 
761.778228  	37.267809 
762.135534  	38.451683 
762.492841  	39.749988 
762.850148  	40.824394 
763.207455  	41.763752 
763.564762  	43.087304 
763.922069  	44.703945 
764.279376  	45.824465 
764.636683  	46.934225 
764.993989  	48.262287 
765.351296  	49.173282 
765.708603  	50.220051 
766.065910  	51.693860 
766.423217  	52.964065 
766.780524  	54.040449 
767.137831  	55.112570 
767.495137  	56.295432 
767.852444  	57.642332 
768.209751  	58.855939 
768.567058  	60.090005 
768.924365  	61.524098 
769.281672  	62.776888 
769.638979  	63.853809 
769.996285  	65.164492 
770.353592  	66.363647 
770.710899  	67.052079 
771.068206  	68.065265 
771.425513  	69.421551 
771.782820  	70.337481 
772.140127  	71.304742 
772.497433  	72.616473 
772.854740  	73.942851 
773.212047  	74.892678 
773.569354  	75.625524 
773.926661  	76.741342 
774.283968  	77.692013 
774.641275  	78.491883 
774.998581  	79.390925 
775.355888  	80.079229 
775.713195  	81.020218 
776.070502  	81.752673 
776.427809  	82.221279 
776.785116  	82.985407 
777.142423  	83.677172 
777.499730  	84.719136 
777.857036  	85.687780 
778.214343  	86.144870 
778.571650  	86.890901 
778.928957  	87.382476 
779.286264  	87.615278 
779.643571  	88.387557 
780.000878  	89.161387 
780.358184  	89.283911 
780.715491  	89.226900 
781.072798  	89.857911 
781.430105  	90.717044 
781.787412  	90.857983 
782.144719  	90.695933 
782.502026  	90.957825 
782.859332  	91.307570 
783.216639  	91.293957 
783.573946  	91.347005 
783.931253  	91.697374 
784.288560  	92.041611 
784.645867  	92.224738 
785.003174  	92.527287 
785.360480  	92.921637 
785.717787  	92.936595 
786.075094  	92.827045 
786.432401  	92.599682 
786.789708  	92.527166 
787.147015  	93.100310 
787.504322  	93.341454 
787.861628  	93.431244 
788.218935  	93.854223 
788.576242  	93.773781 
788.933549  	93.480654 
789.290856  	93.433576 
789.648163  	93.739397 
790.005470  	94.176624 
790.362777  	94.129214 
790.720083  	93.951687 
791.077390  	93.987012 
791.434697  	93.971661 
791.792004  	93.650299 
792.149311  	93.460886 
792.506618  	93.842260 
792.863925  	94.089772 
793.221231  	93.821223 
793.578538  	93.424596 
793.935845  	93.620869 
794.293152  	94.342206 
794.650459  	94.295751 
795.007766  	93.902767 
795.365073  	94.210102 
795.722379  	94.327615 
796.079686  	93.960277 
796.436993  	93.997193 
796.794300  	94.205655 
797.151607  	94.319475 
797.508914  	94.721268 
797.866221  	94.858770 
798.223527  	94.682451 
798.580834  	94.799418 
798.938141  	94.841384 
799.295448  	94.605562 
799.652755  	94.310475 
800.010062  	94.064281 
800.367369  	93.801753 
800.724675  	93.737451 
801.081982  	94.135317 
801.439289  	94.410924 
801.796596  	94.350271 
802.153903  	93.941502 
802.511210  	93.565495 
802.868517  	93.790325 
803.225824  	93.984404 
803.583130  	94.198022 
803.940437  	94.114618 
804.297744  	93.451163 
804.655051  	93.501898 
805.012358  	93.573163 
805.369665  	93.124699 
805.726972  	93.112383 
806.084278  	92.974777 
806.441585  	92.668532 
806.798892  	92.549623 
807.156199  	92.072255 
807.513506  	91.416229 
807.870813  	91.147087 
808.228120  	91.123897 
808.585426  	91.019873 
808.942733  	90.770708 
809.300040  	90.219533 
809.657347  	89.582485 
810.014654  	89.101181 
810.371961  	88.638976 
810.729268  	88.276981 
811.086574  	87.701278 
811.443881  	86.970913 
811.801188  	86.554080 
812.158495  	86.032802 
812.515802  	85.442824 
812.873109  	84.934579 
813.230416  	83.871651 
813.587722  	82.679648 
813.945029  	81.988979 
814.302336  	80.887240 
814.659643  	79.069600 
815.016950  	77.681108 
815.374257  	76.895147 
815.731564  	75.841118 
816.088871  	74.522450 
816.446177  	73.203922 
816.803484  	71.382598 
817.160791  	69.327186 
817.518098  	67.727933 
817.875405  	66.017520 
818.232712  	63.842999 
818.590019  	61.654809 
818.947325  	59.708859 
819.304632  	57.556179 
819.661939  	54.805806 
820.019246  	52.176302 
820.376553  	49.686008 
820.733860  	47.104075 
821.091167  	44.907346 
821.448473  	42.708566 
821.805780  	40.479639 
822.163087  	38.600147 
822.520394  	37.220969 
822.877701  	36.389500 
823.235008  	35.688575 
823.592315  	35.493618 
823.949621  	35.948205 
824.306928  	36.561770 
824.664235  	37.633805 
825.021542  	38.925197 
825.378849  	40.011118 
825.736156  	41.654078 
826.093463  	44.457134 
826.450769  	47.442154 
826.808076  	49.592314 
827.165383  	51.761589 
827.522690  	54.553449 
827.879997  	57.389410 
828.237304  	60.264157 
828.594611  	63.062137 
828.951918  	65.208673 
829.309224  	67.037676 
829.666531  	69.320690 
830.023838  	71.863777 
830.381145  	74.076364 
830.738452  	75.921319 
831.095759  	77.589200 
831.453066  	79.254846 
831.810372  	80.624718 
832.167679  	81.534334 
832.524986  	82.503499 
832.882293  	83.414628 
833.239600  	84.151685 
833.596907  	85.054142 
833.954214  	85.778644 
834.311520  	86.288282 
834.668827  	86.981547 
835.026134  	87.721695 
835.383441  	88.292365 
835.740748  	88.561252 
836.098055  	88.890331 
836.455362  	89.449827 
836.812668  	89.454977 
837.169975  	89.496852 
837.527282  	90.375345 
837.884589  	90.876504 
838.241896  	90.658844 
838.599203  	90.397751 
838.956510  	90.229974 
839.313816  	90.358114 
839.671123  	90.638405 
840.028430  	90.831272 
840.385737  	90.779222 
840.743044  	90.695933 
841.100351  	90.928981 
841.457658  	90.734039 
841.814964  	89.877581 
842.172271  	89.238388 
842.529578  	88.930464 
842.886885  	88.591488 
843.244192  	88.321285 
843.601499  	88.039555 
843.958806  	87.394462 
844.316113  	86.785058 
844.673419  	86.302822 
845.030726  	85.830217 
845.388033  	86.035511 
845.745340  	86.751351 
846.102647  	87.361797 
846.459954  	87.752274 
846.817261  	88.188675 
847.174567  	89.104288 
847.531874  	90.029912 
847.889181  	90.730552 
848.246488  	91.324558 
848.603795  	91.616319 
848.961102  	92.030357 
849.318409  	92.556122 
849.675715  	92.901496 
850.033022  	93.291036 
850.390329  	93.590953 
850.747636  	93.622966 
851.104943  	93.610325 
851.462250  	93.756899 
851.819557  	94.081919 
852.176863  	94.313142 
852.534170  	94.104956 
852.891477  	94.035710 
853.248784  	94.285388 
853.606091  	94.360294 
853.963398  	94.832150 
854.320705  	94.934461 
854.678011  	94.307811 
855.035318  	94.615409 
855.392625  	95.101736 
855.749932  	94.943162 
856.107239  	94.600828 
856.464546  	94.410154 
856.821853  	95.075556 
857.179160  	95.238961 
857.536466  	94.682899 
857.893773  	94.996723 
858.251080  	95.269595 
858.608387  	95.105735 
858.965694  	95.044540 
859.323001  	94.857450 
859.680308  	94.867241 
860.037614  	95.018768 
860.394921  	94.863683 
860.752228  	94.642926 
861.109535  	94.717256 
861.466842  	94.738376 
861.824149  	94.561167 
862.181456  	94.529768 
862.538762  	94.518960 
862.896069  	94.445641 
863.253376  	94.186210 
863.610683  	93.966934 
863.967990  	94.018510 
864.325297  	93.727372 
864.682604  	93.664915 
865.039910  	94.155860 
865.397217  	94.067500 
865.754524  	93.511144 
866.111831  	93.061145 
866.469138  	93.016307 
866.826445  	93.425111 
867.183752  	93.377674 
867.541058  	93.010440 
867.898365  	93.005884 
868.255672  	92.755438 
868.612979  	92.413176 
868.970286  	92.676623 
869.327593  	92.837471 
869.684900  	92.567151 
870.042207  	92.479705 
870.399513  	92.589749 
870.756820  	92.693436 
871.114127  	92.573464 
871.471434  	92.259775 
871.828741  	92.235296 
872.186048  	92.417589 
872.543355  	92.500195 
872.900661  	92.336642 
873.257968  	92.201982 
873.615275  	92.790785 
873.972582  	93.500790 
874.329889  	93.631215 
874.687196  	93.706675 
875.044503  	93.585065 
875.401809  	93.393605 
875.759116  	93.604682 
876.116423  	93.557410 
876.473730  	93.205437 
876.831037  	93.215261 
877.188344  	93.587351 
877.545651  	94.061351 
877.902957  	94.309825 
878.260264  	94.231271 
878.617571  	94.215313 
878.974878  	94.459821 
879.332185  	94.718724 
879.689492  	94.861495 
880.046799  	94.886137 
880.404105  	95.000717 
880.761412  	95.520977 
881.118719  	95.759835 
881.476026  	95.470268 
881.833333  	95.498303 
882.190640  	95.601159 
882.547947  	95.666543 
882.905254  	96.072230 
883.262560  	96.199503 
883.619867  	95.978404 
883.977174  	95.884780 
884.334481  	96.060401 
884.691788  	96.445850 
885.049095  	96.451766 
885.406402  	96.217262 
885.763708  	96.305875 
886.121015  	96.468416 
886.478322  	96.780896 
886.835629  	97.112274 
887.192936  	96.999895 
887.550243  	96.996357 
887.907550  	97.049124 
888.264856  	96.659684 
888.622163  	96.345390 
888.979470  	96.353583 
889.336777  	96.622417 
889.694084  	96.879692 
890.051391  	96.842061 
890.408698  	96.965788 
890.766004  	97.033439 
891.123311  	96.839652 
891.480618  	96.973152 
891.837925  	97.324390 
892.195232  	97.594406 
892.552539  	97.382792 
892.909846  	96.925740 
893.267152  	97.351687 
893.624459  	97.822064 
893.981766  	97.399358 
894.339073  	97.297005 
894.696380  	97.545229 
895.053687  	97.533176 
895.410994  	97.731324 
895.768301  	97.936998 
896.125607  	97.884431 
896.482914  	97.630812 
896.840221  	97.371596 
897.197528  	97.571591 
897.554835  	97.715718 
897.912142  	97.884752 
898.269449  	98.088573 
898.626755  	97.359026 
898.984062  	97.065085 
899.341369  	97.756813 
899.698676  	97.986866 
900.055983  	97.994345 
900.413290  	97.877310 
900.770597  	97.729140 
901.127903  	97.867499 
901.485210  	97.620883 
901.842517  	97.440347 
902.199824  	97.822845 
902.557131  	98.093949 
902.914438  	98.067464 
903.271745  	98.071948 
903.629051  	98.051700 
903.986358  	97.880834 
904.343665  	97.746871 
904.700972  	97.569679 
905.058279  	97.624879 
905.415586  	98.005195 
905.772893  	98.164758 
906.130199  	98.222024 
906.487506  	98.086476 
906.844813  	97.890657 
907.202120  	97.890677 
907.559427  	97.679428 
907.916734  	97.706762 
908.274041  	97.905385 
908.631348  	97.910121 
908.988654  	98.020950 
909.345961  	97.968039 
909.703268  	98.019340 
910.060575  	98.166680 
910.417882  	98.115404 
910.775189  	98.273741 
911.132496  	98.315824 
911.489802  	98.201453 
911.847109  	98.040215 
912.204416  	97.691679 
912.561723  	97.613008 
912.919030  	97.584577 
913.276337  	97.554686 
913.633644  	97.843423 
913.990950  	98.189508 
914.348257  	98.492095 
914.705564  	98.398661 
915.062871  	98.026869 
915.420178  	97.762907 
915.777485  	97.480818 
916.134792  	97.736839 
916.492098  	98.098610 
916.849405  	97.739701 
917.206712  	97.411613 
917.564019  	97.359796 
917.921326  	97.603336 
918.278633  	97.907648 
918.635940  	97.570997 
918.993246  	97.335201 
919.350553  	97.667113 
919.707860  	97.986534 
920.065167  	97.984593 
920.422474  	97.752033 
920.779781  	97.612385 
921.137088  	97.510777 
921.494394  	97.657448 
921.851701  	97.941956 
922.209008  	97.727144 
922.566315  	97.462843 
922.923622  	97.443091 
923.280929  	97.341385 
923.638236  	97.202674 
923.995543  	97.315402 
924.352849  	97.457155 
924.710156  	97.258274 
925.067463  	97.411842 
925.424770  	97.808010 
925.782077  	97.965307 
926.139384  	98.180895 
926.496691  	97.895142 
926.853997  	97.521303 
927.211304  	97.627834 
927.568611  	97.514672 
927.925918  	97.376973 
928.283225  	97.453934 
928.640532  	97.752961 
928.997839  	98.108529 
929.355145  	97.971971 
929.712452  	97.603330 
930.069759  	97.496504 
930.427066  	97.767374 
930.784373  	97.947444 
931.141680  	97.678459 
931.498987  	97.362750 
931.856293  	97.362083 
932.213600  	97.600174 
932.570907  	97.628608 
932.928214  	97.559662 
933.285521  	97.682534 
933.642828  	97.889553 
934.000135  	98.043273 
934.357441  	97.913098 
934.714748  	97.965281 
935.072055  	98.103729 
935.429362  	97.900126 
935.786669  	97.721457 
936.143976  	97.344090 
936.501283  	97.315666 
936.858590  	97.796334 
937.215896  	97.691365 
937.573203  	97.537463 
937.930510  	97.784668 
938.287817  	97.899091 
938.645124  	97.770911 
939.002431  	97.654716 
939.359738  	97.798033 
939.717044  	97.750334 
940.074351  	97.530513 
940.431658  	97.346840 
940.788965  	97.035181 
941.146272  	97.214821 
941.503579  	97.668704 
941.860886  	97.544555 
942.218192  	97.288112 
942.575499  	97.132491 
942.932806  	96.878163 
943.290113  	96.945900 
943.647420  	96.982092 
944.004727  	96.682300 
944.362034  	96.976560 
944.719340  	97.424664 
945.076647  	97.165259 
945.433954  	96.745853 
945.791261  	96.421009 
946.148568  	96.421970 
946.505875  	96.573975 
946.863182  	96.357612 
947.220488  	96.158099 
947.577795  	95.987270 
947.935102  	95.850302 
948.292409  	95.882790 
948.649716  	95.826675 
949.007023  	95.667427 
949.364330  	94.958625 
949.721637  	94.150265 
950.078943  	94.068907 
950.436250  	93.864529 
950.793557  	93.577903 
951.150864  	93.500089 
951.508171  	93.153990 
951.865478  	93.142377 
952.222785  	93.015325 
952.580091  	92.527027 
952.937398  	92.727332 
953.294705  	92.815700 
953.652012  	92.378353 
954.009319  	91.956784 
954.366626  	91.588348 
954.723933  	91.660424 
955.081239  	91.690361 
955.438546  	91.552999 
955.795853  	91.693250 
956.153160  	91.652253 
956.510467  	91.595735 
956.867774  	91.835859 
957.225081  	92.241504 
957.582387  	92.550586 
957.939694  	92.489612 
958.297001  	92.480039 
958.654308  	92.794039 
959.011615  	93.141827 
959.368922  	93.212545 
959.726229  	93.270018 
960.083535  	93.461731 
960.440842  	93.466561 
960.798149  	93.632229 
961.155456  	93.794577 
961.512763  	93.767702 
961.870070  	93.953034 
962.227377  	94.070185 
962.584684  	94.379188 
962.941990  	94.857617 
963.299297  	95.051605 
963.656604  	95.332516 
964.013911  	95.459493 
964.371218  	95.384018 
964.728525  	95.554757 
965.085832  	95.637473 
965.443138  	95.433708 
965.800445  	95.359918 
966.157752  	95.638261 
966.515059  	96.024176 
966.872366  	96.267711 
967.229673  	96.292340 
967.586980  	96.236405 
967.944286  	96.196761 
968.301593  	96.352079 
968.658900  	96.694462 
969.016207  	96.596594 
969.373514  	96.491965 
969.730821  	96.614357 
970.088128  	96.329162 
970.445434  	96.342045 
970.802741  	96.536894 
971.160048  	96.281717 
971.517355  	96.315992 
971.874662  	96.626918 
972.231969  	96.601008 
972.589276  	96.424876 
972.946582  	96.464626 
973.303889  	96.344717 
973.661196  	96.194044 
974.018503  	96.509364 
974.375810  	96.576766 
974.733117  	96.296955 
975.090424  	96.121872 
975.447731  	96.142902 
975.805037  	96.269871 
976.162344  	96.046501 
976.519651  	95.907911 
976.876958  	95.793205 
977.234265  	95.286804 
977.591572  	95.217491 
977.948879  	95.552341 
978.306185  	95.550011 
978.663492  	95.150371 
979.020799  	94.920265 
979.378106  	95.064997 
979.735413  	94.943622 
980.092720  	94.653237 
980.450027  	94.843247 
980.807333  	95.222550 
981.164640  	94.831552 
981.521947  	94.204594 
981.879254  	94.456052 
982.236561  	94.651695 
982.593868  	94.404350 
982.951175  	94.375530 
983.308481  	94.187333 
983.665788  	93.770781 
984.023095  	93.616365 
984.380402  	93.755804 
984.737709  	93.756602 
985.095016  	93.650748 
985.452323  	93.670400 
985.809629  	93.611915 
986.166936  	93.550286 
986.524243  	93.569483 
986.881550  	93.702290 
987.238857  	93.720349 
987.596164  	93.590112 
987.953471  	93.714163 
988.310778  	93.635487 
988.668084  	93.443259 
989.025391  	93.479467 
989.382698  	93.364293 
989.740005  	93.353206 
990.097312  	93.458489 
990.454619  	93.567204 
990.811926  	93.726432 
991.169232  	93.716539 
991.526539  	93.637762 
991.883846  	93.551818 
992.241153  	93.507988 
992.598460  	93.416386 
992.955767  	93.417704 
993.313074  	93.775466 
993.670380  	94.031566 
994.027687  	94.009052 
994.384994  	93.704189 
994.742301  	93.317924 
995.099608  	93.364346 
995.456915  	93.431125 
995.814222  	93.135175 
996.171528  	93.006772 
996.528835  	93.221557 
996.886142  	93.132848 
997.243449  	92.743502 
997.600756  	92.471086 
997.958063  	92.240686 
998.315370  	92.299565 
998.672676  	92.147281 
999.029983  	91.450047 
999.387290  	91.287546 
999.744597  	91.424526 
1000.101904  	91.145763 
1000.459211  	91.023537 
1000.816518  	91.164617 
1001.173824  	91.162096 
1001.531131  	91.046356 
1001.888438  	90.724974 
1002.245745  	90.539100 
1002.603052  	91.275361 
1002.960359  	92.124961 
1003.317666  	92.290629 
1003.674973  	92.253753 
1004.032279  	92.109549 
1004.389586  	92.334102 
1004.746893  	92.911344 
1005.104200  	93.139372 
1005.461507  	93.055951 
1005.818814  	92.789342 
1006.176121  	92.954460 
1006.533427  	93.493477 
1006.890734  	93.790328 
1007.248041  	94.076263 
1007.605348  	94.087331 
1007.962655  	93.839711 
1008.319962  	93.768876 
1008.677269  	93.925002 
1009.034575  	94.145216 
1009.391882  	94.042829 
1009.749189  	94.047659 
1010.106496  	94.303712 
1010.463803  	94.440854 
1010.821110  	94.585518 
1011.178417  	94.490961 
1011.535723  	94.322512 
1011.893030  	94.391476 
1012.250337  	94.425352 
1012.607644  	94.439573 
1012.964951  	94.399867 
1013.322258  	94.246935 
1013.679565  	94.198970 
1014.036871  	94.342803 
1014.394178  	94.519278 
1014.751485  	94.573064 
1015.108792  	94.283625 
1015.466099  	93.777596 
1015.823406  	93.914486 
1016.180713  	94.477874 
1016.538020  	94.369471 
1016.895326  	93.847600 
1017.252633  	93.744878 
1017.609940  	94.016267 
1017.967247  	94.002020 
1018.324554  	93.690601 
1018.681861  	93.482831 
1019.039168  	93.202721 
1019.396474  	92.918234 
1019.753781  	93.062684 
1020.111088  	93.394609 
1020.468395  	93.099708 
1020.825702  	92.517872 
1021.183009  	92.201936 
1021.540316  	91.351682 
1021.897622  	90.808986 
1022.254929  	91.420318 
1022.612236  	91.522017 
1022.969543  	90.979514 
1023.326850  	90.680101 
1023.684157  	90.547458 
1024.041464  	90.462570 
1024.398770  	90.029003 
1024.756077  	89.586986 
1025.113384  	89.281415 
1025.470691  	88.608327 
1025.827998  	87.984309 
1026.185305  	87.310595 
1026.542612  	86.442323 
1026.899918  	85.981548 
1027.257225  	85.843170 
1027.614532  	85.649886 
1027.971839  	85.038562 
1028.329146  	84.216543 
1028.686453  	83.892404 
1029.043760  	83.637462 
1029.401067  	82.837334 
1029.758373  	81.995376 
1030.115680  	81.339553 
1030.472987  	80.168313 
1030.830294  	78.213915 
1031.187601  	75.996733 
1031.544908  	73.792750 
1031.902215  	71.290063 
1032.259521  	68.349145 
1032.616828  	65.456416 
1032.974135  	62.639693 
1033.331442  	59.892529 
1033.688749  	57.896850 
1034.046056  	56.810519 
1034.403363  	56.894780 
1034.760669  	58.312259 
1035.117976  	60.629513 
1035.475283  	64.005665 
1035.832590  	67.869176 
1036.189897  	71.281914 
1036.547204  	74.469358 
1036.904511  	77.506816 
1037.261817  	80.211986 
1037.619124  	82.219110 
1037.976431  	83.317679 
1038.333738  	84.177197 
1038.691045  	85.001257 
1039.048352  	85.409788 
1039.405659  	85.336582 
1039.762965  	85.220368 
1040.120272  	85.423479 
1040.477579  	85.491864 
1040.834886  	85.029501 
1041.192193  	84.441716 
1041.549500  	84.193196 
1041.906807  	84.003641 
1042.264114  	83.562880 
1042.621420  	83.068656 
1042.978727  	82.410162 
1043.336034  	81.493797 
1043.693341  	80.587965 
1044.050648  	79.742873 
1044.407955  	78.775062 
1044.765262  	77.593583 
1045.122568  	76.227602 
1045.479875  	74.627514 
1045.837182  	72.759658 
1046.194489  	70.657009 
1046.551796  	68.482149 
1046.909103  	66.198985 
1047.266410  	63.641352 
1047.623716  	61.022601 
1047.981023  	58.272283 
1048.338330  	55.482051 
1048.695637  	52.901621 
1049.052944  	50.289735 
1049.410251  	47.783049 
1049.767558  	45.291400 
1050.124864  	42.713593 
1050.482171  	40.679642 
1050.839478  	39.267547 
1051.196785  	38.147394 
1051.554092  	37.391665 
1051.911399  	37.127440 
1052.268706  	37.180359 
1052.626012  	37.570770 
1052.983319  	38.563910 
1053.340626  	40.286514 
1053.697933  	42.688885 
1054.055240  	45.300700 
1054.412547  	48.153823 
1054.769854  	51.418792 
1055.127161  	54.529024 
1055.484467  	57.839705 
1055.841774  	61.652715 
1056.199081  	65.251670 
1056.556388  	68.451729 
1056.913695  	71.394899 
1057.271002  	74.279297 
1057.628309  	76.816561 
1057.985615  	78.849126 
1058.342922  	80.909481 
1058.700229  	82.792397 
1059.057536  	84.291852 
1059.414843  	85.396161 
1059.772150  	86.320551 
1060.129457  	87.470840 
1060.486763  	88.583542 
1060.844070  	89.506853 
1061.201377  	89.836254 
1061.558684  	89.810622 
1061.915991  	89.943072 
1062.273298  	89.877842 
1062.630605  	90.113397 
1062.987911  	90.418226 
1063.345218  	90.327763 
1063.702525  	90.147749 
1064.059832  	89.570985 
1064.417139  	89.308835 
1064.774446  	89.543445 
1065.131753  	89.607665 
1065.489059  	89.548363 
1065.846366  	89.267590 
1066.203673  	89.330279 
1066.560980  	89.382071 
1066.918287  	89.018771 
1067.275594  	89.368654 
1067.632901  	89.802468 
1067.990208  	89.743365 
1068.347514  	90.138575 
1068.704821  	91.007724 
1069.062128  	91.807765 
1069.419435  	92.161237 
1069.776742  	92.576504 
1070.134049  	93.477956 
1070.491356  	93.945745 
1070.848662  	94.105674 
1071.205969  	94.714870 
1071.563276  	95.122956 
1071.920583  	95.394689 
1072.277890  	95.908865 
1072.635197  	95.804094 
1072.992504  	95.423318 
1073.349810  	95.741424 
1073.707117  	96.267779 
1074.064424  	96.293142 
1074.421731  	96.019532 
1074.779038  	95.962383 
1075.136345  	96.056658 
1075.493652  	96.277513 
1075.850958  	96.524607 
1076.208265  	96.497271 
1076.565572  	96.650796 
1076.922879  	96.890126 
1077.280186  	96.807127 
1077.637493  	96.714476 
1077.994800  	96.697916 
1078.352106  	96.664365 
1078.709413  	96.641480 
1079.066720  	96.934619 
1079.424027  	97.163465 
1079.781334  	96.893571 
1080.138641  	96.929604 
1080.495948  	97.044467 
1080.853255  	96.852648 
1081.210561  	96.799084 
1081.567868  	96.567067 
1081.925175  	96.420633 
1082.282482  	96.511748 
1082.639789  	96.330109 
1082.997096  	96.486761 
1083.354403  	97.087463 
1083.711709  	97.176048 
1084.069016  	97.007904 
1084.426323  	97.184570 
1084.783630  	97.176843 
1085.140937  	96.901207 
1085.498244  	96.858180 
1085.855551  	96.958729 
1086.212857  	96.937252 
1086.570164  	96.811744 
1086.927471  	96.991755 
1087.284778  	97.299824 
1087.642085  	97.130899 
1087.999392  	96.942917 
1088.356699  	97.015115 
1088.714005  	96.919889 
1089.071312  	96.827472 
1089.428619  	96.934098 
1089.785926  	96.786845 
1090.143233  	96.495627 
1090.500540  	96.595873 
1090.857847  	96.596324 
1091.215153  	96.374845 
1091.572460  	96.573469 
1091.929767  	96.765377 
1092.287074  	96.485531 
1092.644381  	96.385708 
1093.001688  	96.705142 
1093.358995  	96.632368 
1093.716301  	96.215140 
1094.073608  	96.270710 
1094.430915  	96.439201 
1094.788222  	96.383713 
1095.145529  	96.493600 
1095.502836  	96.631217 
1095.860143  	96.444248 
1096.217450  	96.288530 
1096.574756  	96.468890 
1096.932063  	96.513186 
1097.289370  	96.580185 
1097.646677  	96.699922 
1098.003984  	96.376280 
1098.361291  	96.220700 
1098.718598  	96.123506 
1099.075904  	95.808889 
1099.433211  	95.903259 
1099.790518  	96.076056 
1100.147825  	96.156990 
1100.505132  	96.259349 
1100.862439  	96.352827 
1101.219746  	96.629454 
1101.577052  	96.703989 
1101.934359  	96.674904 
1102.291666  	96.672702 
1102.648973  	96.288765 
1103.006280  	95.919252 
1103.363587  	95.730743 
1103.720894  	95.486340 
1104.078200  	95.407162 
1104.435507  	95.359029 
1104.792814  	95.087901 
1105.150121  	94.798763 
1105.507428  	94.667748 
1105.864735  	94.778936 
1106.222042  	94.755837 
1106.579348  	94.282829 
1106.936655  	93.981827 
1107.293962  	93.778072 
1107.651269  	93.270393 
1108.008576  	92.911833 
1108.365883  	92.789528 
1108.723190  	92.677541 
1109.080497  	92.094239 
1109.437803  	91.411284 
1109.795110  	91.340883 
1110.152417  	90.775205 
1110.509724  	89.849357 
1110.867031  	89.507787 
1111.224338  	88.988763 
1111.581645  	88.198183 
1111.938951  	87.463097 
1112.296258  	86.911761 
1112.653565  	86.523870 
1113.010872  	86.076235 
1113.368179  	85.941011 
1113.725486  	85.584948 
1114.082793  	84.720075 
1114.440099  	84.260757 
1114.797406  	84.103624 
1115.154713  	83.957498 
1115.512020  	83.897013 
1115.869327  	83.778966 
1116.226634  	83.696308 
1116.583941  	83.870207 
1116.941247  	84.252682 
1117.298554  	84.465876 
1117.655861  	84.405367 
1118.013168  	84.433978 
1118.370475  	84.877121 
1118.727782  	85.285770 
1119.085089  	85.232022 
1119.442395  	85.666748 
1119.799702  	86.657545 
1120.157009  	87.117610 
1120.514316  	87.422314 
1120.871623  	87.838196 
1121.228930  	87.681407 
1121.586237  	87.381414 
1121.943544  	87.826770 
1122.300850  	88.576074 
1122.658157  	88.730514 
1123.015464  	88.659578 
1123.372771  	88.820101 
1123.730078  	88.855018 
1124.087385  	88.937372 
1124.444692  	89.083672 
1124.801998  	88.930205 
1125.159305  	88.910573 
1125.516612  	88.994262 
1125.873919  	88.837538 
1126.231226  	88.681341 
1126.588533  	88.412782 
1126.945840  	88.395850 
1127.303146  	88.740748 
1127.660453  	88.549309 
1128.017760  	88.273431 
1128.375067  	88.395366 
1128.732374  	88.433002 
1129.089681  	88.580245 
1129.446988  	88.627643 
1129.804294  	88.380306 
1130.161601  	88.426277 
1130.518908  	88.642099 
1130.876215  	88.593400 
1131.233522  	88.657884 
1131.590829  	89.164423 
1131.948136  	89.401903 
1132.305442  	89.047032 
1132.662749  	88.831888 
1133.020056  	88.963523 
1133.377363  	89.210109 
1133.734670  	89.319000 
1134.091977  	89.255099 
1134.449284  	89.489463 
1134.806591  	89.821300 
1135.163897  	89.774803 
1135.521204  	89.689399 
1135.878511  	89.689997 
1136.235818  	89.570107 
1136.593125  	89.646034 
1136.950432  	89.911679 
1137.307739  	89.902465 
1137.665045  	89.979370 
1138.022352  	90.415547 
1138.379659  	90.726660 
1138.736966  	90.928714 
1139.094273  	91.268054 
1139.451580  	91.578875 
1139.808887  	91.547742 
1140.166193  	91.352882 
1140.523500  	91.618651 
1140.880807  	92.076578 
1141.238114  	92.233003 
1141.595421  	92.447773 
1141.952728  	92.818199 
1142.310035  	93.002005 
1142.667341  	92.984618 
1143.024648  	93.106909 
1143.381955  	93.327036 
1143.739262  	93.364915 
1144.096569  	93.484956 
1144.453876  	93.742074 
1144.811183  	93.997156 
1145.168489  	94.213935 
1145.525796  	94.139898 
1145.883103  	94.004352 
1146.240410  	93.896387 
1146.597717  	93.768602 
1146.955024  	94.033658 
1147.312331  	94.243489 
1147.669638  	94.078586 
1148.026944  	94.015443 
1148.384251  	93.895087 
1148.741558  	93.764335 
1149.098865  	93.789663 
1149.456172  	93.572684 
1149.813479  	93.306085 
1150.170786  	93.192027 
1150.528092  	93.077253 
1150.885399  	93.235643 
1151.242706  	93.217840 
1151.600013  	92.620592 
1151.957320  	92.357884 
1152.314627  	92.283865 
1152.671934  	91.890630 
1153.029240  	91.883371 
1153.386547  	91.919019 
1153.743854  	91.457152 
1154.101161  	90.958444 
1154.458468  	90.456500 
1154.815775  	89.889759 
1155.173082  	89.199865 
1155.530388  	88.420214 
1155.887695  	87.848075 
1156.245002  	87.372257 
1156.602309  	86.794767 
1156.959616  	86.015434 
1157.316923  	85.035134 
1157.674230  	83.956950 
1158.031536  	82.970290 
1158.388843  	82.115276 
1158.746150  	81.057821 
1159.103457  	80.267471 
1159.460764  	80.140591 
1159.818071  	80.025219 
1160.175378  	79.820999 
1160.532685  	79.898796 
1160.889991  	80.416726 
1161.247298  	80.931761 
1161.604605  	81.284397 
1161.961912  	82.171081 
1162.319219  	83.143776 
1162.676526  	83.840380 
1163.033833  	84.686045 
1163.391139  	85.357387 
1163.748446  	86.028051 
1164.105753  	86.928442 
1164.463060  	87.599384 
1164.820367  	88.023515 
1165.177674  	88.463523 
1165.534981  	88.953788 
1165.892287  	89.360327 
1166.249594  	89.593940 
1166.606901  	89.590358 
1166.964208  	89.782252 
1167.321515  	90.384960 
1167.678822  	90.513571 
1168.036129  	90.221727 
1168.393435  	90.286405 
1168.750742  	90.493957 
1169.108049  	90.590455 
1169.465356  	90.690039 
1169.822663  	90.748614 
1170.179970  	90.641165 
1170.537277  	90.585610 
1170.894583  	90.622511 
1171.251890  	90.426514 
1171.609197  	90.206418 
1171.966504  	90.112046 
1172.323811  	89.947245 
1172.681118  	89.764092 
1173.038425  	89.563021 
1173.395731  	89.187378 
1173.753038  	88.864404 
1174.110345  	88.870557 
1174.467652  	88.681919 
1174.824959  	88.283420 
1175.182266  	88.003084 
1175.539573  	87.483381 
1175.896880  	87.156661 
1176.254186  	87.101940 
1176.611493  	86.806261 
1176.968800  	86.456207 
1177.326107  	85.993099 
1177.683414  	85.625321 
1178.040721  	85.181919 
1178.398028  	84.328883 
1178.755334  	83.712224 
1179.112641  	83.254873 
1179.469948  	82.900606 
1179.827255  	82.725018 
1180.184562  	82.232470 
1180.541869  	81.625303 
1180.899176  	81.033423 
1181.256482  	80.423907 
1181.613789  	79.858758 
1181.971096  	79.127187 
1182.328403  	78.203065 
1182.685710  	77.144490 
1183.043017  	76.215204 
1183.400324  	75.444038 
1183.757630  	74.618372 
1184.114937  	73.734148 
1184.472244  	72.574422 
1184.829551  	71.182960 
1185.186858  	69.889261 
1185.544165  	68.775440 
1185.901472  	67.608866 
1186.258778  	66.213266 
1186.616085  	64.795486 
1186.973392  	63.413983 
1187.330699  	62.143088 
1187.688006  	60.997207 
1188.045313  	59.668874 
1188.402620  	58.193691 
1188.759927  	56.907395 
1189.117233  	55.960743 
1189.474540  	54.967377 
1189.831847  	53.666708 
1190.189154  	52.521155 
1190.546461  	51.841745 
1190.903768  	51.424714 
1191.261075  	50.781393 
1191.618381  	49.998190 
1191.975688  	49.564894 
1192.332995  	49.248930 
1192.690302  	48.975053 
1193.047609  	48.847401 
1193.404916  	48.752373 
1193.762223  	48.883150 
1194.119529  	49.031974 
1194.476836  	49.080760 
1194.834143  	49.247902 
1195.191450  	49.323357 
1195.548757  	49.413998 
1195.906064  	49.595374 
1196.263371  	49.642290 
1196.620677  	49.692820 
1196.977984  	49.821599 
1197.335291  	49.932870 
1197.692598  	49.922507 
1198.049905  	49.931411 
1198.407212  	50.165713 
1198.764519  	50.375782 
1199.121825  	50.489330 
1199.479132  	50.687584 
1199.836439  	51.007075 
1200.193746  	51.542949 
1200.551053  	52.303134 
1200.908360  	53.117105 
1201.265667  	54.051157 
1201.622974  	55.324066 
1201.980280  	56.688619 
1202.337587  	58.037717 
1202.694894  	59.590574 
1203.052201  	61.237145 
1203.409508  	63.038779 
1203.766815  	64.918841 
1204.124122  	66.763911 
1204.481428  	68.707874 
1204.838735  	70.465145 
1205.196042  	72.150240 
1205.553349  	73.941366 
1205.910656  	75.620504 
1206.267963  	77.202047 
1206.625270  	78.551559 
1206.982576  	79.826810 
1207.339883  	81.180895 
1207.697190  	82.328147 
1208.054497  	83.357306 
1208.411804  	84.453937 
1208.769111  	85.549593 
1209.126418  	86.407052 
1209.483724  	87.035815 
1209.841031  	87.727546 
1210.198338  	88.492133 
1210.555645  	89.108388 
1210.912952  	89.416874 
1211.270259  	89.825723 
1211.627566  	90.525743 
1211.984872  	90.952706 
1212.342179  	91.133488 
1212.699486  	91.370360 
1213.056793  	91.614954 
1213.414100  	91.923202 
1213.771407  	92.240278 
1214.128714  	92.499217 
1214.486021  	92.811777 
1214.843327  	93.148853 
1215.200634  	93.261318 
1215.557941  	93.304798 
1215.915248  	93.640603 
1216.272555  	93.972819 
1216.629862  	94.111088 
1216.987169  	94.289012 
1217.344475  	94.399002 
1217.701782  	94.369830 
1218.059089  	94.521722 
1218.416396  	94.855795 
1218.773703  	95.003842 
1219.131010  	95.131228 
1219.488317  	95.272761 
1219.845623  	95.070378 
1220.202930  	94.980115 
1220.560237  	95.294913 
1220.917544  	95.560947 
1221.274851  	95.607664 
1221.632158  	95.506682 
1221.989465  	95.451385 
1222.346771  	95.564623 
1222.704078  	95.742696 
1223.061385  	95.826793 
1223.418692  	95.797687 
1223.775999  	95.862625 
1224.133306  	95.924366 
1224.490613  	95.837072 
1224.847919  	95.687228 
1225.205226  	95.603785 
1225.562533  	95.751814 
1225.919840  	95.864584 
1226.277147  	95.919757 
1226.634454  	96.002853 
1226.991761  	95.758564 
1227.349068  	95.710408 
1227.706374  	96.064584 
1228.063681  	96.059589 
1228.420988  	95.900775 
1228.778295  	95.967966 
1229.135602  	96.113486 
1229.492909  	96.216866 
1229.850216  	96.184916 
1230.207522  	96.116887 
1230.564829  	95.890579 
1230.922136  	95.619265 
1231.279443  	95.685766 
1231.636750  	95.747178 
1231.994057  	95.650367 
1232.351364  	95.617730 
1232.708670  	95.453144 
1233.065977  	95.336019 
1233.423284  	95.620911 
1233.780591  	95.772614 
1234.137898  	95.511579 
1234.495205  	95.484444 
1234.852512  	95.586797 
1235.209818  	95.431975 
1235.567125  	95.371078 
1235.924432  	95.369382 
1236.281739  	95.318078 
1236.639046  	95.273760 
1236.996353  	95.189647 
1237.353660  	95.237774 
1237.710966  	95.193829 
1238.068273  	95.028269 
1238.425580  	94.930579 
1238.782887  	94.677296 
1239.140194  	94.576298 
1239.497501  	94.635089 
1239.854808  	94.402812 
1240.212115  	94.223636 
1240.569421  	94.306240 
1240.926728  	94.209840 
1241.284035  	93.759932 
1241.641342  	93.504146 
1241.998649  	93.633545 
1242.355956  	93.541783 
1242.713263  	93.197924 
1243.070569  	92.951366 
1243.427876  	92.765610 
1243.785183  	92.518357 
1244.142490  	92.187358 
1244.499797  	91.891988 
1244.857104  	91.669413 
1245.214411  	91.405648 
1245.571717  	90.991567 
1245.929024  	90.710517 
1246.286331  	90.723065 
1246.643638  	90.525841 
1247.000945  	90.162334 
1247.358252  	89.924101 
1247.715559  	89.666943 
1248.072865  	89.384341 
1248.430172  	89.003272 
1248.787479  	88.665006 
1249.144786  	88.453645 
1249.502093  	88.112325 
1249.859400  	87.663789 
1250.216707  	87.100527 
1250.574013  	86.506343 
1250.931320  	86.001048 
1251.288627  	85.547546 
1251.645934  	85.153276 
1252.003241  	84.603281 
1252.360548  	83.986964 
1252.717855  	83.462775 
1253.075161  	82.834840 
1253.432468  	82.150870 
1253.789775  	81.453159 
1254.147082  	80.859402 
1254.504389  	80.363152 
1254.861696  	79.638934 
1255.219003  	78.889698 
1255.576310  	78.165641 
1255.933616  	77.217733 
1256.290923  	76.412028 
1256.648230  	75.731362 
1257.005537  	74.793353 
1257.362844  	73.873926 
1257.720151  	72.939634 
1258.077458  	71.713404 
1258.434764  	70.562788 
1258.792071  	69.651082 
1259.149378  	68.784535 
1259.506685  	67.860640 
1259.863992  	66.783212 
1260.221299  	65.614624 
1260.578606  	64.429646 
1260.935912  	63.289469 
1261.293219  	62.059749 
1261.650526  	60.414487 
1262.007833  	58.587186 
1262.365140  	56.861695 
1262.722447  	54.920577 
1263.079754  	52.593609 
1263.437060  	50.171817 
1263.794367  	47.764731 
1264.151674  	45.114560 
1264.508981  	42.401161 
1264.866288  	40.046239 
1265.223595  	37.834185 
1265.580902  	35.693387 
1265.938208  	34.134331 
1266.295515  	33.293323 
1266.652822  	32.982835 
1267.010129  	33.262430 
1267.367436  	34.299158 
1267.724743  	36.013033 
1268.082050  	38.314214 
1268.439357  	41.228703 
1268.796663  	44.465958 
1269.153970  	47.942151 
1269.511277  	51.640052 
1269.868584  	55.348317 
1270.225891  	59.063875 
1270.583198  	62.576893 
1270.940505  	65.857474 
1271.297811  	68.984217 
1271.655118  	71.817688 
1272.012425  	74.443486 
1272.369732  	76.882252 
1272.727039  	79.055730 
1273.084346  	80.913355 
1273.441653  	82.479783 
1273.798959  	83.890288 
1274.156266  	85.130437 
1274.513573  	86.149992 
1274.870880  	87.138135 
1275.228187  	88.153404 
1275.585494  	88.816265 
1275.942801  	89.310395 
1276.300107  	89.989755 
1276.657414  	90.566181 
1277.014721  	91.207868 
1277.372028  	91.870583 
1277.729335  	92.085322 
1278.086642  	92.221058 
1278.443949  	92.680796 
1278.801255  	93.245178 
1279.158562  	93.502850 
1279.515869  	93.557526 
1279.873176  	93.669967 
1280.230483  	93.747150 
1280.587790  	94.026817 
1280.945097  	94.317305 
1281.302404  	94.232993 
1281.659710  	94.059852 
1282.017017  	93.982362 
1282.374324  	94.224681 
1282.731631  	94.580863 
1283.088938  	94.572897 
1283.446245  	94.487310 
1283.803552  	94.512847 
1284.160858  	94.536892 
1284.518165  	94.397516 
1284.875472  	94.120745 
1285.232779  	94.025327 
1285.590086  	93.947392 
1285.947393  	93.673783 
1286.304700  	93.431077 
1286.662006  	93.409165 
1287.019313  	93.330014 
1287.376620  	92.989869 
1287.733927  	92.788710 
1288.091234  	92.586752 
1288.448541  	92.166778 
1288.805848  	91.764288 
1289.163154  	91.175723 
1289.520461  	90.625176 
1289.877768  	90.330408 
1290.235075  	89.869653 
1290.592382  	89.372819 
1290.949689  	89.051027 
1291.306996  	88.933668 
1291.664302  	89.239249 
1292.021609  	89.643756 
1292.378916  	89.840382 
1292.736223  	90.187118 
1293.093530  	90.638288 
1293.450837  	90.937746 
1293.808144  	91.185732 
1294.165451  	91.198095 
1294.522757  	91.172629 
1294.880064  	91.446546 
1295.237371  	91.471637 
1295.594678  	91.230012 
1295.951985  	91.237931 
1296.309292  	91.389778 
1296.666599  	91.563981 
1297.023905  	91.746110 
1297.381212  	91.861318 
1297.738519  	92.007681 
1298.095826  	92.253524 
1298.453133  	92.488787 
1298.810440  	92.667688 
1299.167747  	92.893197 
1299.525053  	93.209974 
1299.882360  	93.603718 
1300.239667  	93.952197 
1300.596974  	94.187701 
1300.954281  	94.446490 
1301.311588  	94.716402 
1301.668895  	94.820187 
1302.026201  	94.751727 
1302.383508  	94.804092 
1302.740815  	94.915423 
1303.098122  	94.786638 
1303.455429  	94.789424 
1303.812736  	94.897212 
1304.170043  	94.824627 
1304.527349  	95.066988 
1304.884656  	95.311271 
1305.241963  	95.082332 
1305.599270  	95.078294 
1305.956577  	95.329534 
1306.313884  	95.391244 
1306.671191  	95.371594 
1307.028498  	95.244745 
1307.385804  	95.222270 
1307.743111  	95.450170 
1308.100418  	95.549133 
1308.457725  	95.502229 
1308.815032  	95.483611 
1309.172339  	95.544718 
1309.529646  	95.647743 
1309.886952  	95.842982 
1310.244259  	96.312224 
1310.601566  	96.529687 
1310.958873  	96.350644 
1311.316180  	96.328973 
1311.673487  	96.340485 
1312.030794  	96.448391 
1312.388100  	96.662054 
1312.745407  	96.608010 
1313.102714  	96.638091 
1313.460021  	96.933764 
1313.817328  	97.199935 
1314.174635  	97.291790 
1314.531942  	97.330630 
1314.889248  	97.347306 
1315.246555  	97.342973 
1315.603862  	97.506089 
1315.961169  	97.492542 
1316.318476  	97.299460 
1316.675783  	97.399062 
1317.033090  	97.557698 
1317.390396  	97.693162 
1317.747703  	97.822599 
1318.105010  	97.893156 
1318.462317  	97.942528 
1318.819624  	97.813124 
1319.176931  	97.825776 
1319.534238  	97.986962 
1319.891545  	97.953102 
1320.248851  	97.848905 
1320.606158  	97.854698 
1320.963465  	98.011111 
1321.320772  	98.029850 
1321.678079  	98.098804 
1322.035386  	98.178096 
1322.392693  	97.857100 
1322.749999  	97.921729 
1323.107306  	98.340672 
1323.464613  	98.417510 
1323.821920  	98.433688 
1324.179227  	98.324550 
1324.536534  	98.235909 
1324.893841  	98.341498 
1325.251147  	98.316980 
1325.608454  	98.273195 
1325.965761  	98.230449 
1326.323068  	98.199265 
1326.680375  	98.320977 
1327.037682  	98.423823 
1327.394989  	98.388170 
1327.752295  	98.330435 
1328.109602  	98.325425 
1328.466909  	98.302205 
1328.824216  	98.363215 
1329.181523  	98.464390 
1329.538830  	98.447143 
1329.896137  	98.439927 
1330.253443  	98.433518 
1330.610750  	98.483309 
1330.968057  	98.444639 
1331.325364  	98.168439 
1331.682671  	98.262659 
1332.039978  	98.581907 
1332.397285  	98.457955 
1332.754592  	98.264275 
1333.111898  	98.258475 
1333.469205  	98.339946 
1333.826512  	98.542300 
1334.183819  	98.560455 
1334.541126  	98.405733 
1334.898433  	98.385489 
1335.255740  	98.430524 
1335.613046  	98.491310 
1335.970353  	98.487233 
1336.327660  	98.512694 
1336.684967  	98.688119 
1337.042274  	98.582668 
1337.399581  	98.538112 
1337.756888  	98.769735 
1338.114194  	98.634866 
1338.471501  	98.367229 
1338.828808  	98.330850 
1339.186115  	98.086073 
1339.543422  	97.889213 
1339.900729  	97.969677 
1340.258036  	98.070368 
1340.615342  	98.176595 
1340.972649  	98.259769 
1341.329956  	98.328526 
1341.687263  	98.333569 
1342.044570  	98.221489 
1342.401877  	98.326154 
1342.759184  	98.539396 
1343.116490  	98.411169 
1343.473797  	98.266273 
1343.831104  	98.381545 
1344.188411  	98.536742 
1344.545718  	98.585770 
1344.903025  	98.426358 
1345.260332  	98.252370 
1345.617638  	98.255319 
1345.974945  	98.351319 
1346.332252  	98.454764 
1346.689559  	98.368652 
1347.046866  	98.188625 
1347.404173  	98.142937 
1347.761480  	98.109310 
1348.118787  	98.123603 
1348.476093  	98.264505 
1348.833400  	98.258616 
1349.190707  	98.098617 
1349.548014  	98.104310 
1349.905321  	98.098580 
1350.262628  	97.981344 
1350.619935  	98.073951 
1350.977241  	98.181464 
1351.334548  	98.064097 
1351.691855  	97.929914 
1352.049162  	97.862075 
1352.406469  	97.842789 
1352.763776  	97.865502 
1353.121083  	97.822769 
1353.478389  	97.749628 
1353.835696  	97.878608 
1354.193003  	98.009469 
1354.550310  	97.900847 
1354.907617  	97.739603 
1355.264924  	97.566673 
1355.622231  	97.550511 
1355.979537  	97.618680 
1356.336844  	97.530064 
1356.694151  	97.479452 
1357.051458  	97.318676 
1357.408765  	97.245567 
1357.766072  	97.479268 
1358.123379  	97.394915 
1358.480685  	97.122965 
1358.837992  	97.019715 
1359.195299  	96.974340 
1359.552606  	97.027825 
1359.909913  	97.015871 
1360.267220  	96.919902 
1360.624527  	96.854083 
1360.981834  	96.798524 
1361.339140  	96.760837 
1361.696447  	96.745905 
1362.053754  	96.655765 
1362.411061  	96.379625 
1362.768368  	96.266097 
1363.125675  	96.295429 
1363.482982  	96.129459 
1363.840288  	96.185067 
1364.197595  	96.177295 
1364.554902  	96.172948 
1364.912209  	96.321606 
1365.269516  	96.098390 
1365.626823  	95.855703 
1365.984130  	95.851873 
1366.341436  	95.641137 
1366.698743  	95.562954 
1367.056050  	95.718613 
1367.413357  	95.830080 
1367.770664  	95.959326 
1368.127971  	95.918850 
1368.485278  	95.887662 
1368.842584  	96.053289 
1369.199891  	95.972082 
1369.557198  	95.923742 
1369.914505  	96.024720 
1370.271812  	95.959309 
1370.629119  	95.844644 
1370.986426  	95.701118 
1371.343732  	95.697097 
1371.701039  	95.869412 
1372.058346  	95.860897 
1372.415653  	95.857990 
1372.772960  	95.779221 
1373.130267  	95.448724 
1373.487574  	95.284365 
1373.844881  	95.191753 
1374.202187  	94.986170 
1374.559494  	94.981772 
1374.916801  	95.078175 
1375.274108  	95.089739 
1375.631415  	94.949170 
1375.988722  	94.861576 
1376.346029  	94.823963 
1376.703335  	94.667538 
1377.060642  	94.607044 
1377.417949  	94.639923 
1377.775256  	94.394901 
1378.132563  	94.016689 
1378.489870  	93.814659 
1378.847177  	93.675570 
1379.204483  	93.466589 
1379.561790  	93.323479 
1379.919097  	93.319533 
1380.276404  	92.917581 
1380.633711  	92.276797 
1380.991018  	92.075312 
1381.348325  	91.880605 
1381.705631  	91.437558 
1382.062938  	90.870623 
1382.420245  	90.167269 
1382.777552  	89.686870 
1383.134859  	89.098843 
1383.492166  	88.308083 
1383.849473  	87.764351 
1384.206779  	87.092037 
1384.564086  	86.064201 
1384.921393  	84.990580 
1385.278700  	84.093207 
1385.636007  	83.205881 
1385.993314  	82.238810 
1386.350621  	81.097572 
1386.707928  	79.655990 
1387.065234  	78.741628 
1387.422541  	77.831372 
1387.779848  	75.631948 
1388.137155  	74.390207 
1388.494462  	73.789031 
1388.851769  	72.933153 
1389.209076  	72.013665 
1389.566382  	71.242802 
1389.923689  	70.477846 
1390.280996  	69.756164 
1390.638303  	69.416153 
1390.995610  	69.159518 
1391.352917  	68.782059 
1391.710224  	68.654112 
1392.067530  	68.711945 
1392.424837  	68.750573 
1392.782144  	68.783270 
1393.139451  	68.958650 
1393.496758  	69.290505 
1393.854065  	69.726612 
1394.211372  	70.296042 
1394.568678  	70.733881 
1394.925985  	71.247014 
1395.283292  	72.131475 
1395.640599  	73.072653 
1395.997906  	73.839413 
1396.355213  	74.515177 
1396.712520  	75.377890 
1397.069826  	76.457364 
1397.427133  	77.446550 
1397.784440  	78.155009 
1398.141747  	78.967417 
1398.499054  	79.936252 
1398.856361  	80.808209 
1399.213668  	81.517513 
1399.570975  	82.161521 
1399.928281  	82.973330 
1400.285588  	83.634195 
1400.642895  	84.044933 
1401.000202  	84.634063 
1401.357509  	85.328968 
1401.714816  	85.858898 
1402.072123  	86.255972 
1402.429429  	86.635370 
1402.786736  	87.211066 
1403.144043  	87.716529 
1403.501350  	88.098392 
1403.858657  	88.682745 
1404.215964  	89.097430 
1404.573271  	89.317343 
1404.930577  	89.627966 
1405.287884  	89.855650 
1405.645191  	90.300078 
1406.002498  	90.803028 
1406.359805  	91.136427 
1406.717112  	91.457848 
1407.074419  	91.668295 
1407.431725  	91.845457 
1407.789032  	92.205926 
1408.146339  	92.549407 
1408.503646  	92.761426 
1408.860953  	92.959655 
1409.218260  	93.181280 
1409.575567  	93.370938 
1409.932873  	93.559286 
1410.290180  	93.738117 
1410.647487  	93.875882 
1411.004794  	94.024244 
1411.362101  	94.112707 
1411.719408  	94.212725 
1412.076715  	94.366599 
1412.434022  	94.291757 
1412.791328  	94.138521 
1413.148635  	94.312911 
1413.505942  	94.553726 
1413.863249  	94.524318 
1414.220556  	94.553570 
1414.577863  	94.508855 
1414.935170  	94.183020 
1415.292476  	94.236672 
1415.649783  	94.555041 
1416.007090  	94.555837 
1416.364397  	94.361684 
1416.721704  	94.099918 
1417.079011  	93.938011 
1417.436318  	93.859155 
1417.793624  	93.660846 
1418.150931  	93.608195 
1418.508238  	93.617202 
1418.865545  	93.699152 
1419.222852  	93.904658 
1419.580159  	92.817859 
1419.937466  	92.304207 
1420.294772  	92.581246 
1420.652079  	92.700344 
1421.009386  	92.476392 
1421.366693  	92.296635 
1421.724000  	92.169353 
1422.081307  	91.826969 
1422.438614  	91.412857 
1422.795920  	91.046734 
1423.153227  	90.842806 
1423.510534  	90.710945 
1423.867841  	90.245492 
1424.225148  	89.754428 
1424.582455  	89.587462 
1424.939762  	89.417579 
1425.297068  	89.245229 
1425.654375  	89.065376 
1426.011682  	88.664209 
1426.368989  	88.104337 
1426.726296  	87.798382 
1427.083603  	87.631957 
1427.440910  	87.185626 
1427.798217  	86.622773 
1428.155523  	86.122867 
1428.512830  	85.619734 
1428.870137  	85.085560 
1429.227444  	84.545616 
1429.584751  	84.198495 
1429.942058  	83.783222 
1430.299365  	82.762998 
1430.656671  	82.119091 
1431.013978  	81.725987 
1431.371285  	80.907274 
1431.728592  	80.116937 
1432.085899  	79.538518 
1432.443206  	78.703474 
1432.800513  	77.970775 
1433.157819  	77.383938 
1433.515126  	76.555621 
1433.872433  	75.631936 
1434.229740  	74.839048 
1434.587047  	74.290823 
1434.944354  	73.780041 
1435.301661  	73.146099 
1435.658967  	72.444489 
1436.016274  	71.843618 
1436.373581  	71.804069 
1436.730888  	71.107110 
1437.088195  	68.065193 
1437.445502  	67.710556 
1437.802809  	67.545050 
1438.160115  	67.068247 
1438.517422  	66.513107 
1438.874729  	65.896078 
1439.232036  	65.055891 
1439.589343  	64.120095 
1439.946650  	63.331906 
1440.303957  	62.474388 
1440.661264  	61.402095 
1441.018570  	60.330113 
1441.375877  	59.392500 
1441.733184  	58.582606 
1442.090491  	57.694478 
1442.447798  	56.897340 
1442.805105  	56.526359 
1443.162412  	56.329298 
1443.519718  	56.347213 
1443.877025  	56.801531 
1444.234332  	57.555683 
1444.591639  	58.755423 
1444.948946  	60.243861 
1445.306253  	61.702440 
1445.663560  	63.490277 
1446.020866  	65.552550 
1446.378173  	67.419664 
1446.735480  	69.145391 
1447.092787  	70.875549 
1447.450094  	72.688909 
1447.807401  	74.612368 
1448.164708  	76.307533 
1448.522014  	77.553080 
1448.879321  	78.508442 
1449.236628  	79.473016 
1449.593935  	80.686049 
1449.951242  	81.661273 
1450.308549  	82.371965 
1450.665856  	83.192840 
1451.023162  	83.959212 
1451.380469  	84.519098 
1451.737776  	84.933846 
1452.095083  	85.287361 
1452.452390  	85.666253 
1452.809697  	86.064944 
1453.167004  	86.379969 
1453.524311  	86.482681 
1453.881617  	86.596397 
1454.238924  	86.882423 
1454.596231  	87.058372 
1454.953538  	87.079441 
1455.310845  	87.062397 
1455.668152  	86.988974 
1456.025459  	87.121044 
1456.382765  	87.549492 
1456.740072  	87.950616 
1457.097379  	86.170076 
1457.454686  	85.553791 
1457.811993  	85.527805 
1458.169300  	85.085384 
1458.526607  	83.971681 
1458.883913  	83.724983 
1459.241220  	83.141578 
1459.598527  	81.866976 
1459.955834  	81.148383 
1460.313141  	80.409866 
1460.670448  	79.378375 
1461.027755  	78.302583 
1461.385061  	77.289627 
1461.742368  	76.343697 
1462.099675  	75.345877 
1462.456982  	74.633286 
1462.814289  	74.096558 
1463.171596  	73.794175 
1463.528903  	74.078628 
1463.886209  	74.535297 
1464.243516  	75.077309 
1464.600823  	75.900368 
1464.958130  	76.994102 
1465.315437  	77.952146 
1465.672744  	78.866830 
1466.030051  	79.894744 
1466.387358  	80.897348 
1466.744664  	81.640977 
1467.101971  	82.168493 
1467.459278  	82.914624 
1467.816585  	83.680131 
1468.173892  	84.217996 
1468.531199  	84.749719 
1468.888506  	84.993178 
1469.245812  	85.159471 
1469.603119  	85.500761 
1469.960426  	85.661205 
1470.317733  	85.904167 
1470.675040  	86.152459 
1471.032347  	86.077822 
1471.389654  	86.163869 
1471.746960  	86.812959 
1472.104267  	87.792482 
1472.461574  	88.185931 
1472.818881  	88.585720 
1473.176188  	89.188071 
1473.533495  	89.594068 
1473.890802  	89.877040 
1474.248108  	90.575365 
1474.605415  	91.234842 
1474.962722  	91.553265 
1475.320029  	91.801075 
1475.677336  	92.166442 
1476.034643  	92.230919 
1476.391950  	91.959690 
1476.749256  	92.331280 
1477.106563  	92.743083 
1477.463870  	92.954379 
1477.821177  	93.106001 
1478.178484  	93.161567 
1478.535791  	93.259630 
1478.893098  	93.550702 
1479.250405  	93.590496 
1479.607711  	93.437740 
1479.965018  	93.619916 
1480.322325  	93.799325 
1480.679632  	93.776585 
1481.036939  	93.857514 
1481.394246  	93.883538 
1481.751553  	93.789884 
1482.108859  	93.869197 
1482.466166  	94.069361 
1482.823473  	94.172321 
1483.180780  	94.236326 
1483.538087  	94.410550 
1483.895394  	94.596340 
1484.252701  	94.743768 
1484.610007  	94.888431 
1484.967314  	95.010940 
1485.324621  	95.093104 
1485.681928  	95.221308 
1486.039235  	95.407080 
1486.396542  	95.412810 
1486.753849  	95.499193 
1487.111155  	95.948731 
1487.468462  	96.141968 
1487.825769  	95.968917 
1488.183076  	95.978359 
1488.540383  	96.047752 
1488.897690  	96.236145 
1489.254997  	96.357316 
1489.612303  	96.351215 
1489.969610  	96.302915 
1490.326917  	96.269827 
1490.684224  	96.519428 
1491.041531  	96.574701 
1491.398838  	96.513173 
1491.756145  	96.667535 
1492.113452  	96.712483 
1492.470758  	96.803912 
1492.828065  	96.900782 
1493.185372  	96.923346 
1493.542679  	97.068114 
1493.899986  	97.068322 
1494.257293  	97.136897 
1494.614600  	97.390031 
1494.971906  	97.361917 
1495.329213  	97.253444 
1495.686520  	97.204173 
1496.043827  	96.970930 
1496.401134  	96.639374 
1496.758441  	96.958334 
1497.115748  	97.328893 
1497.473054  	97.413624 
1497.830361  	97.436567 
1498.187668  	97.566690 
1498.544975  	97.519767 
1498.902282  	97.498964 
1499.259589  	97.596174 
1499.616896  	97.655422 
1499.974202  	97.885811 
1500.331509  	98.001993 
1500.688816  	97.906039 
1501.046123  	97.947702 
1501.403430  	98.141215 
1501.760737  	98.136396 
1502.118044  	97.926186 
1502.475350  	97.884335 
1502.832657  	97.915901 
1503.189964  	97.943077 
1503.547271  	97.948937 
1503.904578  	97.927599 
1504.261885  	98.018148 
1504.619192  	97.997730 
1504.976498  	97.916602 
1505.333805  	98.273573 
1505.691112  	98.458417 
1506.048419  	97.550181 
1506.405726  	97.409071 
1506.763033  	97.301674 
1507.120340  	96.920784 
1507.477647  	97.209163 
1507.834953  	97.146493 
1508.192260  	97.210890 
1508.549567  	97.875078 
1508.906874  	98.243698 
1509.264181  	98.080969 
1509.621488  	98.169431 
1509.978795  	98.351802 
1510.336101  	98.261208 
1510.693408  	98.141238 
1511.050715  	97.987479 
1511.408022  	97.770252 
1511.765329  	97.735109 
1512.122636  	97.967407 
1512.479943  	98.085262 
1512.837249  	98.100264 
1513.194556  	98.180205 
1513.551863  	98.222219 
1513.909170  	98.105222 
1514.266477  	97.701354 
1514.623784  	97.459737 
1514.981091  	97.694246 
1515.338397  	97.792637 
1515.695704  	97.653806 
1516.053011  	97.643521 
1516.410318  	97.782020 
1516.767625  	97.842051 
1517.124932  	97.881983 
1517.482239  	98.056364 
1517.839545  	97.884759 
1518.196852  	97.857155 
1518.554159  	97.899379 
1518.911466  	97.756864 
1519.268773  	97.884512 
1519.626080  	98.255960 
1519.983387  	98.191465 
1520.340694  	97.671510 
1520.698000  	97.677358 
1521.055307  	98.018643 
1521.412614  	98.063807 
1521.769921  	97.868357 
1522.127228  	98.013658 
1522.484535  	98.077897 
1522.841842  	97.514356 
1523.199148  	97.285902 
1523.556455  	97.472392 
1523.913762  	97.601427 
1524.271069  	97.695391 
1524.628376  	97.609605 
1524.985683  	97.330861 
1525.342990  	96.946606 
1525.700296  	96.612163 
1526.057603  	97.179174 
1526.414910  	97.566061 
1526.772217  	97.449120 
1527.129524  	97.474312 
1527.486831  	97.507988 
1527.844138  	97.278697 
1528.201444  	97.381607 
1528.558751  	97.440838 
1528.916058  	97.286781 
1529.273365  	97.300798 
1529.630672  	97.293909 
1529.987979  	97.253247 
1530.345286  	97.172135 
1530.702592  	97.032928 
1531.059899  	97.117273 
1531.417206  	97.388384 
1531.774513  	97.420530 
1532.131820  	97.268176 
1532.489127  	97.170565 
1532.846434  	97.072447 
1533.203741  	97.242082 
1533.561047  	97.467315 
1533.918354  	96.780301 
1534.275661  	96.368427 
1534.632968  	96.622966 
1534.990275  	96.816873 
1535.347582  	96.832778 
1535.704889  	96.744277 
1536.062195  	96.718197 
1536.419502  	96.782087 
1536.776809  	96.857793 
1537.134116  	96.928298 
1537.491423  	96.892348 
1537.848730  	96.682106 
1538.206037  	96.486925 
1538.563343  	96.710654 
1538.920650  	97.398016 
1539.277957  	97.018212 
1539.635264  	96.666964 
1539.992571  	96.647201 
1540.349878  	95.827665 
1540.707185  	95.974226 
1541.064491  	96.511483 
1541.421798  	96.719266 
1541.779105  	97.176215 
1542.136412  	97.586650 
1542.493719  	96.688606 
1542.851026  	96.417554 
1543.208333  	96.289586 
1543.565639  	96.363180 
1543.922946  	96.716251 
1544.280253  	96.706002 
1544.637560  	96.482489 
1544.994867  	96.592687 
1545.352174  	96.763201 
1545.709481  	96.327380 
1546.066788  	96.077653 
1546.424094  	95.991408 
1546.781401  	96.065724 
1547.138708  	96.332851 
1547.496015  	96.249133 
1547.853322  	95.845333 
1548.210629  	95.756393 
1548.567936  	95.846995 
1548.925242  	95.811007 
1549.282549  	95.732864 
1549.639856  	95.654183 
1549.997163  	95.473155 
1550.354470  	95.084584 
1550.711777  	94.872909 
1551.069084  	94.992616 
1551.426390  	94.998519 
1551.783697  	94.729240 
1552.141004  	94.651775 
1552.498311  	94.750171 
1552.855618  	94.643168 
1553.212925  	94.322681 
1553.570232  	94.049233 
1553.927538  	94.236491 
1554.284845  	94.459825 
1554.642152  	93.604494 
1554.999459  	93.437613 
1555.356766  	93.419835 
1555.714073  	93.235818 
1556.071380  	92.972388 
1556.428686  	92.544399 
1556.785993  	92.347265 
1557.143300  	92.515795 
1557.500607  	92.068724 
1557.857914  	90.278111 
1558.215221  	90.357763 
1558.572528  	90.622321 
1558.929835  	89.559937 
1559.287141  	89.653687 
1559.644448  	89.972037 
1560.001755  	89.124659 
1560.359062  	86.583053 
1560.716369  	86.243493 
1561.073676  	86.521470 
1561.430983  	86.432245 
1561.788289  	85.867656 
1562.145596  	85.218729 
1562.502903  	84.513054 
1562.860210  	83.774640 
1563.217517  	82.949856 
1563.574824  	81.853019 
1563.932131  	80.730025 
1564.289437  	79.899065 
1564.646744  	79.065575 
1565.004051  	77.172962 
1565.361358  	75.243377 
1565.718665  	74.379712 
1566.075972  	73.402604 
1566.433279  	72.294644 
1566.790585  	71.613902 
1567.147892  	71.098408 
1567.505199  	70.859172 
1567.862506  	70.892254 
1568.219813  	71.254810 
1568.577120  	72.116835 
1568.934427  	72.942819 
1569.291733  	73.797921 
1569.649040  	75.096879 
1570.006347  	76.411595 
1570.363654  	77.481221 
1570.720961  	78.625195 
1571.078268  	79.939337 
1571.435575  	81.055599 
1571.792882  	81.913648 
1572.150188  	82.862513 
1572.507495  	83.705345 
1572.864802  	84.230682 
1573.222109  	84.756652 
1573.579416  	85.189883 
1573.936723  	85.259037 
1574.294030  	85.403390 
1574.651336  	85.492370 
1575.008643  	85.156348 
1575.365950  	84.997181 
1575.723257  	85.398462 
1576.080564  	85.678814 
1576.437871  	82.960489 
1576.795178  	82.022094 
1577.152484  	82.262113 
1577.509791  	81.995575 
1577.867098  	81.057629 
1578.224405  	80.123007 
1578.581712  	79.250510 
1578.939019  	78.319836 
1579.296326  	77.218498 
1579.653632  	75.873574 
1580.010939  	74.560481 
1580.368246  	73.234594 
1580.725553  	71.954974 
1581.082860  	70.762158 
1581.440167  	69.250589 
1581.797474  	67.613648 
1582.154780  	66.178624 
1582.512087  	64.888879 
1582.869394  	63.749528 
1583.226701  	62.663978 
1583.584008  	61.450317 
1583.941315  	60.170224 
1584.298622  	59.099979 
1584.655928  	58.109778 
1585.013235  	56.988257 
1585.370542  	55.810320 
1585.727849  	54.545225 
1586.085156  	53.193150 
1586.442463  	51.686116 
1586.799770  	50.097557 
1587.157077  	48.558999 
1587.514383  	46.922882 
1587.871690  	45.251177 
1588.228997  	43.703249 
1588.586304  	42.311213 
1588.943611  	40.894160 
1589.300918  	39.497107 
1589.658225  	38.446691 
1590.015531  	37.600985 
1590.372838  	36.896044 
1590.730145  	36.409098 
1591.087452  	36.156294 
1591.444759  	36.255133 
1591.802066  	36.781674 
1592.159373  	37.842189 
1592.516679  	39.368645 
1592.873986  	41.496556 
1593.231293  	44.151010 
1593.588600  	46.933973 
1593.945907  	50.102496 
1594.303214  	53.871293 
1594.660521  	57.845652 
1595.017827  	61.614744 
1595.375134  	65.086307 
1595.732441  	68.316242 
1596.089748  	71.491330 
1596.447055  	74.498880 
1596.804362  	77.067208 
1597.161669  	79.223989 
1597.518975  	81.046748 
1597.876282  	82.643090 
1598.233589  	84.060412 
1598.590896  	85.355937 
1598.948203  	86.431293 
1599.305510  	87.408512 
1599.662817  	88.538218 
1600.020124  	89.421506 
1600.377430  	90.089109 
1600.734737  	90.788393 
1601.092044  	91.339616 
1601.449351  	91.742395 
1601.806658  	92.039036 
1602.163965  	92.461564 
1602.521272  	92.899926 
1602.878578  	93.090660 
1603.235885  	93.328739 
1603.593192  	93.690906 
1603.950499  	94.015469 
1604.307806  	94.159514 
1604.665113  	94.345989 
1605.022420  	94.852949 
1605.379726  	95.139717 
1605.737033  	94.965090 
1606.094340  	94.808730 
1606.451647  	94.953838 
1606.808954  	95.252582 
1607.166261  	95.429896 
1607.523568  	95.503905 
1607.880874  	95.619038 
1608.238181  	95.649182 
1608.595488  	95.466045 
1608.952795  	95.381928 
1609.310102  	95.441569 
1609.667409  	95.388744 
1610.024716  	95.473243 
1610.382022  	95.557264 
1610.739329  	95.576762 
1611.096636  	95.690271 
1611.453943  	95.769700 
1611.811250  	95.869330 
1612.168557  	95.789432 
1612.525864  	95.591495 
1612.883171  	95.565455 
1613.240477  	95.551640 
1613.597784  	95.755586 
1613.955091  	95.846582 
1614.312398  	95.591716 
1614.669705  	95.743889 
1615.027012  	95.941783 
1615.384319  	95.649761 
1615.741625  	95.339369 
1616.098932  	95.321853 
1616.456239  	95.639528 
1616.813546  	95.127752 
1617.170853  	94.795556 
1617.528160  	95.323745 
1617.885467  	95.297225 
1618.242773  	95.228042 
1618.600080  	95.362541 
1618.957387  	95.220128 
1619.314694  	95.076591 
1619.672001  	94.849575 
1620.029308  	94.500588 
1620.386615  	94.560643 
1620.743921  	94.736751 
1621.101228  	94.735868 
1621.458535  	94.611077 
1621.815842  	94.525572 
1622.173149  	94.625553 
1622.530456  	94.503282 
1622.887763  	94.162196 
1623.245069  	93.920084 
1623.602376  	93.715459 
1623.959683  	93.744169 
1624.316990  	93.802382 
1624.674297  	93.873066 
1625.031604  	93.852073 
1625.388911  	93.785110 
1625.746218  	93.884129 
1626.103524  	93.868858 
1626.460831  	93.664764 
1626.818138  	93.517722 
1627.175445  	93.500111 
1627.532752  	93.426357 
1627.890059  	93.156508 
1628.247366  	93.000193 
1628.604672  	93.003987 
1628.961979  	93.056320 
1629.319286  	93.009019 
1629.676593  	92.990882 
1630.033900  	93.103175 
1630.391207  	92.971499 
1630.748514  	92.747344 
1631.105820  	92.601398 
1631.463127  	92.539381 
1631.820434  	92.523696 
1632.177741  	92.358578 
1632.535048  	92.314593 
1632.892355  	92.285454 
1633.249662  	92.217779 
1633.606968  	92.171261 
1633.964275  	91.764449 
1634.321582  	91.470838 
1634.678889  	91.477455 
1635.036196  	91.165291 
1635.393503  	90.395322 
1635.750810  	89.939601 
1636.108116  	90.275595 
1636.465423  	90.320429 
1636.822730  	90.358035 
1637.180037  	90.556459 
1637.537344  	90.217734 
1637.894651  	89.582042 
1638.251958  	89.271787 
1638.609265  	88.916005 
1638.966571  	88.523335 
1639.323878  	88.220101 
1639.681185  	88.039397 
1640.038492  	87.691605 
1640.395799  	87.252758 
1640.753106  	86.935241 
1641.110413  	86.440550 
1641.467719  	85.994626 
1641.825026  	85.691617 
1642.182333  	85.182126 
1642.539640  	84.630933 
1642.896947  	84.243460 
1643.254254  	83.887076 
1643.611561  	83.415969 
1643.968867  	82.989499 
1644.326174  	82.754369 
1644.683481  	82.355848 
1645.040788  	81.848401 
1645.398095  	81.785084 
1645.755402  	82.014259 
1646.112709  	80.976643 
1646.470015  	80.184104 
1646.827322  	80.729575 
1647.184629  	81.150896 
1647.541936  	80.742666 
1647.899243  	80.657241 
1648.256550  	81.167485 
1648.613857  	80.706734 
1648.971163  	80.344901 
1649.328470  	80.770892 
1649.685777  	81.073476 
1650.043084  	81.265467 
1650.400391  	81.586136 
1650.757698  	81.756789 
1651.115005  	81.833673 
1651.472312  	81.812189 
1651.829618  	81.932959 
1652.186925  	82.388890 
1652.544232  	82.124396 
1652.901539  	81.655816 
1653.258846  	82.251456 
1653.616153  	81.924229 
1653.973460  	82.415199 
1654.330766  	82.971559 
1654.688073  	82.669316 
1655.045380  	82.458690 
1655.402687  	82.869423 
1655.759994  	83.362016 
1656.117301  	83.636859 
1656.474608  	83.706843 
1656.831914  	83.779135 
1657.189221  	83.854791 
1657.546528  	83.900801 
1657.903835  	83.877290 
1658.261142  	83.893589 
1658.618449  	84.116895 
1658.975756  	84.214122 
1659.333062  	84.266215 
1659.690369  	84.473491 
1660.047676  	84.545571 
1660.404983  	84.638299 
1660.762290  	84.671412 
1661.119597  	84.610320 
1661.476904  	84.723123 
1661.834210  	84.633175 
1662.191517  	84.598509 
1662.548824  	85.076096 
1662.906131  	84.815676 
1663.263438  	83.791795 
1663.620745  	83.843028 
1663.978052  	83.898217 
1664.335359  	83.573043 
1664.692665  	83.363350 
1665.049972  	83.168576 
1665.407279  	82.814774 
1665.764586  	82.539886 
1666.121893  	82.352400 
1666.479200  	82.077796 
1666.836507  	81.577980 
1667.193813  	81.023470 
1667.551120  	80.767212 
1667.908427  	80.899522 
1668.265734  	80.556087 
1668.623041  	79.553424 
1668.980348  	79.723509 
1669.337655  	79.664369 
1669.694961  	76.770450 
1670.052268  	76.369894 
1670.409575  	76.524998 
1670.766882  	76.201718 
1671.124189  	75.979976 
1671.481496  	75.131523 
1671.838803  	73.310150 
1672.196109  	72.746417 
1672.553416  	72.615631 
1672.910723  	72.120276 
1673.268030  	71.470662 
1673.625337  	70.519075 
1673.982644  	69.616531 
1674.339951  	69.117253 
1674.697257  	68.917289 
1675.054564  	69.380719 
1675.411871  	66.842582 
1675.769178  	63.123671 
1676.126485  	63.384509 
1676.483792  	63.465076 
1676.841099  	62.794117 
1677.198405  	61.838422 
1677.555712  	61.011002 
1677.913019  	60.173748 
1678.270326  	59.133606 
1678.627633  	58.108402 
1678.984940  	56.981086 
1679.342247  	56.014925 
1679.699554  	55.138775 
1680.056860  	54.077220 
1680.414167  	52.908449 
1680.771474  	51.261620 
1681.128781  	50.093828 
1681.486088  	49.450393 
1681.843395  	48.597351 
1682.200702  	47.610967 
1682.558008  	46.873225 
1682.915315  	46.588652 
1683.272622  	45.236285 
1683.629929  	43.258544 
1683.987236  	43.052303 
1684.344543  	42.488597 
1684.701850  	42.235530 
1685.059156  	39.326725 
1685.416463  	37.047716 
1685.773770  	36.888319 
1686.131077  	36.164719 
1686.488384  	35.195973 
1686.845691  	34.340161 
1687.202998  	33.454646 
1687.560304  	32.610727 
1687.917611  	31.523268 
1688.274918  	30.285671 
1688.632225  	28.762165 
1688.989532  	27.567715 
1689.346839  	26.853980 
1689.704146  	26.107973 
1690.061452  	25.308293 
1690.418759  	24.168405 
1690.776066  	23.259412 
1691.133373  	22.509473 
1691.490680  	21.629595 
1691.847987  	21.027786 
1692.205294  	20.433268 
1692.562601  	19.951504 
1692.919907  	19.657850 
1693.277214  	19.437939 
1693.634521  	19.212651 
1693.991828  	18.890771 
1694.349135  	19.090960 
1694.706442  	19.502156 
1695.063749  	19.861424 
1695.421055  	20.807959 
1695.778362  	22.553176 
1696.135669  	22.404286 
1696.492976  	22.228799 
1696.850283  	23.121894 
1697.207590  	24.326551 
1697.564897  	25.519572 
1697.922203  	26.714016 
1698.279510  	27.783782 
1698.636817  	29.052076 
1698.994124  	30.184065 
1699.351431  	31.103591 
1699.708738  	32.429702 
1700.066045  	34.615978 
1700.423351  	39.408631 
1700.780658  	39.351561 
1701.137965  	39.359937 
1701.495272  	40.343655 
1701.852579  	41.126983 
1702.209886  	42.186640 
1702.567193  	43.523758 
1702.924499  	45.065358 
1703.281806  	46.635652 
1703.639113  	48.082461 
1703.996420  	49.892507 
1704.353727  	51.883718 
1704.711034  	54.025040 
1705.068341  	55.816697 
1705.425648  	57.209698 
1705.782954  	58.870218 
1706.140261  	60.827945 
1706.497568  	63.173543 
1706.854875  	64.960882 
1707.212182  	66.327390 
1707.569489  	67.995178 
1707.926796  	69.545797 
1708.284102  	71.076437 
1708.641409  	72.583213 
1708.998716  	73.839227 
1709.356023  	74.942551 
1709.713330  	75.899814 
1710.070637  	77.051804 
1710.427944  	78.059772 
1710.785250  	78.648999 
1711.142557  	79.285620 
1711.499864  	79.875806 
1711.857171  	80.408350 
1712.214478  	80.864138 
1712.571785  	81.385964 
1712.929092  	81.943913 
1713.286398  	82.271103 
1713.643705  	82.613512 
1714.001012  	82.799290 
1714.358319  	82.940617 
1714.715626  	83.533601 
1715.072933  	83.856624 
1715.430240  	83.389750 
1715.787546  	83.105364 
1716.144853  	83.077880 
1716.502160  	83.071510 
1716.859467  	83.243569 
1717.216774  	83.849662 
1717.574081  	84.430179 
1717.931388  	84.092789 
1718.288695  	84.074048 
1718.646001  	84.641521 
1719.003308  	85.466654 
1719.360615  	85.836941 
1719.717922  	86.338835 
1720.075229  	86.929968 
1720.432536  	87.178680 
1720.789843  	87.377088 
1721.147149  	88.058932 
1721.504456  	88.858159 
1721.861763  	89.319124 
1722.219070  	89.744741 
1722.576377  	90.299821 
1722.933684  	90.868216 
1723.290991  	91.421911 
1723.648297  	91.831906 
1724.005604  	92.040479 
1724.362911  	92.379944 
1724.720218  	92.975442 
1725.077525  	93.397154 
1725.434832  	93.558538 
1725.792139  	93.680998 
1726.149445  	93.752028 
1726.506752  	93.928872 
1726.864059  	94.114559 
1727.221366  	94.203519 
1727.578673  	94.264794 
1727.935980  	94.280296 
1728.293287  	94.493621 
1728.650593  	94.827259 
1729.007900  	94.919750 
1729.365207  	94.792927 
1729.722514  	94.751501 
1730.079821  	94.773480 
1730.437128  	94.751155 
1730.794435  	95.088285 
1731.151742  	95.278554 
1731.509048  	95.164193 
1731.866355  	95.252947 
1732.223662  	95.265131 
1732.580969  	95.087970 
1732.938276  	94.992632 
1733.295583  	94.869441 
1733.652890  	94.757386 
1734.010196  	94.840524 
1734.367503  	95.154861 
1734.724810  	95.244148 
1735.082117  	95.254857 
1735.439424  	95.384826 
1735.796731  	95.262191 
1736.154038  	95.297127 
1736.511344  	95.507608 
1736.868651  	95.528586 
1737.225958  	95.501386 
1737.583265  	95.585590 
1737.940572  	95.668356 
1738.297879  	95.731538 
1738.655186  	95.883310 
1739.012492  	95.826441 
1739.369799  	95.698831 
1739.727106  	95.990281 
1740.084413  	95.990498 
1740.441720  	95.962391 
1740.799027  	96.125456 
1741.156334  	96.154340 
1741.513640  	96.273678 
1741.870947  	96.350084 
1742.228254  	96.295194 
1742.585561  	96.409448 
1742.942868  	96.676620 
1743.300175  	96.606217 
1743.657482  	96.351868 
1744.014789  	96.482596 
1744.372095  	96.538712 
1744.729402  	96.440373 
1745.086709  	96.412206 
1745.444016  	96.456039 
1745.801323  	96.554902 
1746.158630  	96.521944 
1746.515937  	96.555086 
1746.873243  	96.663753 
1747.230550  	96.752670 
1747.587857  	96.933738 
1747.945164  	96.698115 
1748.302471  	96.336348 
1748.659778  	96.394069 
1749.017085  	96.504855 
1749.374391  	96.700391 
1749.731698  	97.036399 
1750.089005  	97.141065 
1750.446312  	97.147656 
1750.803619  	97.142769 
1751.160926  	96.856625 
1751.518233  	96.879825 
1751.875539  	96.914718 
1752.232846  	96.685217 
1752.590153  	96.866211 
1752.947460  	97.106386 
1753.304767  	97.229938 
1753.662074  	97.633409 
1754.019381  	97.833611 
1754.376687  	97.796396 
1754.733994  	97.804852 
1755.091301  	97.795970 
1755.448608  	97.844203 
1755.805915  	97.879802 
1756.163222  	97.925764 
1756.520529  	97.965516 
1756.877835  	97.953183 
1757.235142  	97.890305 
1757.592449  	97.876445 
1757.949756  	98.049820 
1758.307063  	97.978512 
1758.664370  	97.667095 
1759.021677  	97.728508 
1759.378984  	97.974931 
1759.736290  	98.172529 
1760.093597  	98.447173 
1760.450904  	98.560592 
1760.808211  	98.242905 
1761.165518  	98.016078 
1761.522825  	98.396226 
1761.880132  	98.834365 
1762.237438  	98.600555 
1762.594745  	98.375743 
1762.952052  	98.246711 
1763.309359  	98.214256 
1763.666666  	98.393327 
1764.023973  	98.456518 
1764.381280  	98.202557 
1764.738586  	98.067060 
1765.095893  	98.078840 
1765.453200  	98.093279 
1765.810507  	98.173513 
1766.167814  	98.343003 
1766.525121  	98.528242 
1766.882428  	98.248673 
1767.239734  	97.955868 
1767.597041  	98.204729 
1767.954348  	98.157309 
1768.311655  	97.695072 
1768.668962  	97.920337 
1769.026269  	98.260111 
1769.383576  	98.438233 
1769.740882  	98.688144 
1770.098189  	98.893662 
1770.455496  	98.742360 
1770.812803  	98.762855 
1771.170110  	98.715049 
1771.527417  	98.262767 
1771.884724  	98.455928 
1772.242031  	98.321525 
1772.599337  	98.277700 
1772.956644  	99.159331 
1773.313951  	99.093616 
1773.671258  	99.112218 
1774.028565  	99.023040 
1774.385872  	98.955419 
1774.743179  	99.007030 
1775.100485  	98.679757 
1775.457792  	98.661400 
1775.815099  	98.936583 
1776.172406  	98.876125 
1776.529713  	98.761354 
1776.887020  	98.754899 
1777.244327  	98.896379 
1777.601633  	98.893651 
1777.958940  	98.871968 
1778.316247  	98.770836 
1778.673554  	98.708691 
1779.030861  	99.116976 
1779.388168  	99.158784 
1779.745475  	98.870404 
1780.102781  	98.849997 
1780.460088  	98.914068 
1780.817395  	99.083832 
1781.174702  	98.949356 
1781.532009  	98.905746 
1781.889316  	99.154476 
1782.246623  	99.140446 
1782.603929  	98.953616 
1782.961236  	98.840720 
1783.318543  	98.901074 
1783.675850  	98.977824 
1784.033157  	98.902775 
1784.390464  	98.990157 
1784.747771  	99.140873 
1785.105078  	99.106569 
1785.462384  	99.015276 
1785.819691  	98.887227 
1786.176998  	98.688063 
1786.534305  	98.616304 
1786.891612  	98.787917 
1787.248919  	98.835166 
1787.606226  	98.791332 
1787.963532  	98.911083 
1788.320839  	98.961621 
1788.678146  	99.011573 
1789.035453  	99.201167 
1789.392760  	99.312966 
1789.750067  	99.185075 
1790.107374  	98.992990 
1790.464680  	99.053156 
1790.821987  	99.075849 
1791.179294  	99.000195 
1791.536601  	99.321296 
1791.893908  	99.408883 
1792.251215  	98.942257 
1792.608522  	98.305012 
1792.965828  	98.311951 
1793.323135  	98.684558 
1793.680442  	98.835187 
1794.037749  	98.760064 
1794.395056  	98.666404 
1794.752363  	98.934574 
1795.109670  	99.250460 
1795.466976  	99.131974 
1795.824283  	99.110813 
1796.181590  	99.142087 
1796.538897  	98.728771 
1796.896204  	98.660468 
1797.253511  	98.992189 
1797.610818  	99.054790 
1797.968125  	98.960274 
1798.325431  	99.008866 
1798.682738  	99.071902 
1799.040045  	98.956068 
1799.397352  	98.840611 
1799.754659  	98.914072 
1800.111966  	99.159570 
1800.469273  	99.419400 
1800.826579  	99.247337 
1801.183886  	98.938710 
1801.541193  	99.088848 
1801.898500  	99.091061 
1802.255807  	99.065086 
1802.613114  	99.315409 
1802.970421  	99.285555 
1803.327727  	99.098108 
1803.685034  	98.776776 
1804.042341  	98.491102 
1804.399648  	98.706440 
1804.756955  	99.039754 
1805.114262  	99.107016 
1805.471569  	98.919746 
1805.828875  	98.564397 
1806.186182  	98.508657 
1806.543489  	98.672247 
1806.900796  	98.606134 
1807.258103  	98.641994 
1807.615410  	98.841386 
1807.972717  	98.959728 
1808.330023  	99.052996 
1808.687330  	98.825127 
1809.044637  	98.656985 
1809.401944  	98.906183 
1809.759251  	98.787183 
1810.116558  	98.527455 
1810.473865  	98.755890 
1810.831172  	98.780942 
1811.188478  	98.500397 
1811.545785  	98.531797 
1811.903092  	98.632211 
1812.260399  	98.523460 
1812.617706  	98.401024 
1812.975013  	98.375287 
1813.332320  	98.403033 
1813.689626  	98.497532 
1814.046933  	98.436249 
1814.404240  	98.260697 
1814.761547  	98.283705 
1815.118854  	98.467346 
1815.476161  	98.350406 
1815.833468  	98.121749 
1816.190774  	98.558614 
1816.548081  	98.668733 
1816.905388  	97.974373 
1817.262695  	97.937320 
1817.620002  	98.054859 
1817.977309  	97.798845 
1818.334616  	97.891817 
1818.691922  	97.898293 
1819.049229  	97.931430 
1819.406536  	97.996002 
1819.763843  	97.927614 
1820.121150  	98.030900 
1820.478457  	97.951149 
1820.835764  	98.024729 
1821.193070  	98.092439 
1821.550377  	97.536186 
1821.907684  	97.534413 
1822.264991  	98.170478 
1822.622298  	98.328842 
1822.979605  	97.994969 
1823.336912  	97.596888 
1823.694219  	97.783961 
1824.051525  	98.196595 
1824.408832  	97.879763 
1824.766139  	97.488722 
1825.123446  	97.494535 
1825.480753  	97.484881 
1825.838060  	97.860350 
1826.195367  	98.191595 
1826.552673  	98.283107 
1826.909980  	98.104266 
1827.267287  	97.777820 
1827.624594  	98.157722 
1827.981901  	98.410033 
1828.339208  	97.788999 
1828.696515  	97.787145 
1829.053821  	98.142276 
1829.411128  	97.852245 
1829.768435  	97.713698 
1830.125742  	97.788124 
1830.483049  	98.052888 
1830.840356  	98.394580 
1831.197663  	98.597206 
1831.554969  	98.462427 
1831.912276  	98.189610 
1832.269583  	98.500160 
1832.626890  	98.877296 
1832.984197  	98.727842 
1833.341504  	98.282348 
1833.698811  	98.097983 
1834.056117  	98.406639 
1834.413424  	98.425473 
1834.770731  	98.442136 
1835.128038  	98.811720 
1835.485345  	98.729380 
1835.842652  	98.331948 
1836.199959  	98.114100 
1836.557265  	98.381710 
1836.914572  	98.493653 
1837.271879  	97.911466 
1837.629186  	98.140281 
1837.986493  	99.028875 
1838.343800  	99.371872 
1838.701107  	99.317096 
1839.058414  	99.197598 
1839.415720  	99.161056 
1839.773027  	98.919493 
1840.130334  	98.625868 
1840.487641  	98.800026 
1840.844948  	99.022484 
1841.202255  	98.871306 
1841.559562  	98.873636 
1841.916868  	99.138099 
1842.274175  	98.808695 
1842.631482  	98.631220 
1842.988789  	99.323170 
1843.346096  	99.499825 
1843.703403  	98.772708 
1844.060710  	97.890799 
1844.418016  	98.098698 
1844.775323  	98.968799 
1845.132630  	98.959583 
1845.489937  	98.963820 
1845.847244  	98.945178 
1846.204551  	98.844550 
1846.561858  	98.859242 
1846.919164  	98.723918 
1847.276471  	98.878689 
1847.633778  	99.353314 
1847.991085  	99.365944 
1848.348392  	98.765569 
1848.705699  	98.421131 
1849.063006  	98.878751 
1849.420312  	99.234161 
1849.777619  	99.072906 
1850.134926  	98.815947 
1850.492233  	98.596257 
1850.849540  	98.709923 
1851.206847  	98.842513 
1851.564154  	98.976675 
1851.921461  	98.953930 
1852.278767  	98.543131 
1852.636074  	98.698739 
1852.993381  	98.720997 
1853.350688  	98.167511 
1853.707995  	98.502808 
1854.065302  	99.178107 
1854.422609  	99.123417 
1854.779915  	98.795467 
1855.137222  	98.713220 
1855.494529  	98.933844 
1855.851836  	99.079480 
1856.209143  	99.035303 
1856.566450  	98.985221 
1856.923757  	98.856250 
1857.281063  	98.664880 
1857.638370  	98.824139 
1857.995677  	99.089256 
1858.352984  	98.946165 
1858.710291  	99.047167 
1859.067598  	99.083218 
1859.424905  	98.509113 
1859.782211  	98.461090 
1860.139518  	98.778510 
1860.496825  	98.689697 
1860.854132  	98.689006 
1861.211439  	98.997711 
1861.568746  	99.202492 
1861.926053  	98.925000 
1862.283359  	98.747466 
1862.640666  	98.870774 
1862.997973  	98.660359 
1863.355280  	98.449427 
1863.712587  	98.615077 
1864.069894  	99.087469 
1864.427201  	99.614673 
1864.784508  	99.650140 
1865.141814  	99.177729 
1865.499121  	98.595124 
1865.856428  	98.377055 
1866.213735  	98.267169 
1866.571042  	97.948003 
1866.928349  	97.790794 
1867.285656  	97.748836 
1867.642962  	98.087256 
1868.000269  	98.548856 
1868.357576  	98.815602 
1868.714883  	99.419212 
1869.072190  	99.312932 
1869.429497  	98.497386 
1869.786804  	98.440386 
1870.144110  	98.587384 
1870.501417  	98.944383 
1870.858724  	98.872491 
1871.216031  	98.664009 
1871.573338  	99.322859 
1871.930645  	99.429008 
1872.287952  	98.904150 
1872.645258  	98.823065 
1873.002565  	98.576897 
1873.359872  	98.150981 
1873.717179  	98.402634 
1874.074486  	99.055834 
1874.431793  	99.245808 
1874.789100  	99.232997 
1875.146406  	99.357747 
1875.503713  	99.273912 
1875.861020  	98.904849 
1876.218327  	98.318887 
1876.575634  	98.172336 
1876.932941  	98.782025 
1877.290248  	99.057591 
1877.647555  	98.793539 
1878.004861  	98.907971 
1878.362168  	99.279484 
1878.719475  	99.481141 
1879.076782  	99.474102 
1879.434089  	98.896168 
1879.791396  	98.543347 
1880.148703  	99.331771 
1880.506009  	99.938395 
1880.863316  	99.522622 
1881.220623  	98.806742 
1881.577930  	98.511281 
1881.935237  	99.008504 
1882.292544  	99.600320 
1882.649851  	99.591236 
1883.007157  	99.436984 
1883.364464  	99.579681 
1883.721771  	99.590955 
1884.079078  	99.204439 
1884.436385  	99.069359 
1884.793692  	99.152104 
1885.150999  	98.908349 
1885.508305  	98.560935 
1885.865612  	98.632894 
1886.222919  	99.200286 
1886.580226  	99.497863 
1886.937533  	99.382607 
1887.294840  	99.562666 
1887.652147  	100.028431 
1888.009453  	100.028820 
1888.366760  	99.242114 
1888.724067  	98.765991 
1889.081374  	99.299743 
1889.438681  	100.046755 
1889.795988  	100.030595 
1890.153295  	99.351201 
1890.510602  	98.795641 
1890.867908  	98.412303 
1891.225215  	98.721371 
1891.582522  	99.543679 
1891.939829  	99.577006 
1892.297136  	99.572519 
1892.654443  	99.887285 
1893.011750  	99.722629 
1893.369056  	99.859222 
1893.726363  	99.576565 
1894.083670  	98.756235 
1894.440977  	99.166063 
1894.798284  	99.678300 
1895.155591  	99.374150 
1895.512898  	99.208898 
1895.870204  	99.099976 
1896.227511  	99.293957 
1896.584818  	99.321133 
1896.942125  	98.955864 
1897.299432  	99.220999 
1897.656739  	99.547118 
1898.014046  	99.608636 
1898.371352  	99.580550 
1898.728659  	99.114471 
1899.085966  	98.862446 
1899.443273  	98.816990 
1899.800580  	98.677527 
1900.157887  	98.806725 
1900.515194  	99.006411 
1900.872500  	99.231468 
1901.229807  	99.547843 
1901.587114  	99.684740 
1901.944421  	99.285335 
1902.301728  	99.017389 
1902.659035  	99.396028 
1903.016342  	99.224285 
1903.373649  	98.857345 
1903.730955  	99.254685 
1904.088262  	99.429674 
1904.445569  	98.861279 
1904.802876  	98.559902 
1905.160183  	98.989559 
1905.517490  	98.634646 
1905.874797  	97.977634 
1906.232103  	98.155365 
1906.589410  	97.796018 
1906.946717  	98.064941 
1907.304024  	99.403195 
1907.661331  	99.621908 
1908.018638  	99.361132 
1908.375945  	99.093310 
1908.733251  	98.903673 
1909.090558  	99.319057 
1909.447865  	99.462753 
1909.805172  	98.954014 
1910.162479  	98.438744 
1910.519786  	98.967072 
1910.877093  	99.672594 
1911.234399  	99.421378 
1911.591706  	99.372022 
1911.949013  	99.783891 
1912.306320  	99.587919 
1912.663627  	99.179441 
1913.020934  	99.453070 
1913.378241  	99.230167 
1913.735547  	98.377601 
1914.092854  	98.517578 
1914.450161  	98.287200 
1914.807468  	98.047038 
1915.164775  	99.168451 
1915.522082  	98.828823 
1915.879389  	97.975331 
1916.236696  	98.905385 
1916.594002  	99.427795 
1916.951309  	99.182850 
1917.308616  	99.020792 
1917.665923  	98.683652 
1918.023230  	99.130526 
1918.380537  	100.354900 
1918.737844  	100.219193 
1919.095150  	98.983608 
1919.452457  	98.172963 
1919.809764  	98.188634 
1920.167071  	98.416937 
1920.524378  	99.416413 
1920.881685  	99.872497 
1921.238992  	98.860544 
1921.596298  	99.096673 
1921.953605  	100.070255 
1922.310912  	99.097482 
1922.668219  	97.651140 
1923.025526  	97.725205 
1923.382833  	98.548318 
1923.740140  	98.685371 
1924.097446  	98.521302 
1924.454753  	98.833994 
1924.812060  	98.840911 
1925.169367  	98.446458 
1925.526674  	98.501505 
1925.883981  	99.180723 
1926.241288  	99.411456 
1926.598594  	98.999148 
1926.955901  	99.658176 
1927.313208  	100.568809 
1927.670515  	100.411927 
1928.027822  	99.834768 
1928.385129  	99.167686 
1928.742436  	99.227689 
1929.099742  	99.302749 
1929.457049  	98.770980 
1929.814356  	98.912819 
1930.171663  	99.443114 
1930.528970  	99.812613 
1930.886277  	99.427474 
1931.243584  	98.671303 
1931.600891  	98.727252 
1931.958197  	98.508011 
1932.315504  	97.978520 
1932.672811  	98.272542 
1933.030118  	98.904607 
1933.387425  	98.798626 
1933.744732  	97.840659 
1934.102039  	97.059345 
1934.459345  	96.882611 
1934.816652  	97.569190 
1935.173959  	98.342032 
1935.531266  	98.535855 
1935.888573  	98.704348 
1936.245880  	97.645928 
1936.603187  	96.970040 
1936.960493  	98.521078 
1937.317800  	98.925952 
1937.675107  	97.824129 
1938.032414  	98.123349 
1938.389721  	99.157130 
1938.747028  	99.508613 
1939.104335  	99.157653 
1939.461641  	98.133491 
1939.818948  	97.779789 
1940.176255  	99.059922 
1940.533562  	98.679394 
1940.890869  	96.223828 
1941.248176  	96.029060 
1941.605483  	97.698858 
1941.962789  	98.587431 
1942.320096  	98.227172 
1942.677403  	97.798678 
1943.034710  	98.696698 
1943.392017  	99.513697 
1943.749324  	99.594336 
1944.106631  	99.039832 
1944.463938  	98.722395 
1944.821244  	99.148433 
1945.178551  	99.224830 
1945.535858  	98.945185 
1945.893165  	97.618900 
1946.250472  	96.895691 
1946.607779  	98.615100 
1946.965086  	99.261624 
1947.322392  	98.929522 
1947.679699  	98.576611 
1948.037006  	97.339909 
1948.394313  	97.640581 
1948.751620  	98.476543 
1949.108927  	98.798368 
1949.466234  	99.529850 
1949.823540  	99.549131 
1950.180847  	99.850257 
1950.538154  	99.680559 
1950.895461  	98.658054 
1951.252768  	99.053923 
1951.610075  	99.315172 
1951.967382  	98.775630 
1952.324688  	98.493177 
1952.681995  	98.646719 
1953.039302  	98.899914 
1953.396609  	97.708238 
1953.753916  	97.055591 
1954.111223  	98.441619 
1954.468530  	98.709340 
1954.825836  	98.318082 
1955.183143  	98.846194 
1955.540450  	97.857058 
1955.897757  	97.116612 
1956.255064  	98.623730 
1956.612371  	99.341162 
1956.969678  	99.172393 
1957.326985  	98.549511 
1957.684291  	98.586314 
1958.041598  	101.145658 
1958.398905  	101.706611 
1958.756212  	100.150874 
1959.113519  	98.939771 
1959.470826  	97.105153 
1959.828133  	97.753619 
1960.185439  	98.300871 
1960.542746  	97.523443 
1960.900053  	99.551353 
1961.257360  	100.581650 
1961.614667  	99.598739 
1961.971974  	98.486393 
1962.329281  	97.667855 
1962.686587  	99.480305 
1963.043894  	100.555059 
1963.401201  	98.917480 
1963.758508  	98.537383 
1964.115815  	99.433371 
1964.473122  	98.235013 
1964.830429  	96.038586 
1965.187735  	97.034071 
1965.545042  	99.100956 
1965.902349  	99.543635 
1966.259656  	100.622107 
1966.616963  	101.739342 
1966.974270  	101.236922 
1967.331577  	100.740522 
1967.688883  	100.299097 
1968.046190  	97.601195 
1968.403497  	96.234844 
1968.760804  	97.538637 
1969.118111  	97.525480 
1969.475418  	98.582814 
1969.832725  	101.282324 
1970.190032  	100.229538 
1970.547338  	98.479648 
1970.904645  	98.954348 
1971.261952  	98.183110 
1971.619259  	96.671854 
1971.976566  	97.833049 
1972.333873  	99.018462 
1972.691180  	97.849311 
1973.048486  	97.272663 
1973.405793  	97.667942 
1973.763100  	98.660568 
1974.120407  	99.899947 
1974.477714  	99.347955 
1974.835021  	97.248374 
1975.192328  	95.959274 
1975.549634  	96.428004 
1975.906941  	97.358080 
1976.264248  	98.924829 
1976.621555  	99.409766 
1976.978862  	96.972431 
1977.336169  	96.405058 
1977.693476  	97.896119 
1978.050782  	97.249667 
1978.408089  	94.713858 
1978.765396  	94.569218 
1979.122703  	97.335076 
1979.480010  	98.191785 
1979.837317  	97.493966 
1980.194624  	97.271806 
1980.551930  	97.532796 
1980.909237  	99.091743 
1981.266544  	98.679275 
1981.623851  	97.628197 
1981.981158  	99.306180 
1982.338465  	101.432662 
1982.695772  	100.540162 
1983.053079  	96.661701 
1983.410385  	97.678371 
1983.767692  	102.086221 
1984.124999  	100.092715 
1984.482306  	97.213040 
1984.839613  	98.119234 
1985.196920  	100.157225 
1985.554227  	103.273146 
1985.911533  	103.847044 
1986.268840  	100.675009 
1986.626147  	99.048628 
1986.983454  	100.182249 
1987.340761  	100.143807 
1987.698068  	97.861675 
1988.055375  	96.821850 
1988.412681  	97.325096 
1988.769988  	98.436330 
1989.127295  	99.636351 
1989.484602  	98.729350 
1989.841909  	96.866959 
1990.199216  	97.185116 
1990.556523  	98.337912 
1990.913829  	99.163015 
1991.271136  	100.370226 
1991.628443  	101.081717 
1991.985750  	101.221152 
1992.343057  	100.271313 
1992.700364  	99.311092 
1993.057671  	100.463947 
1993.414977  	100.626186 
1993.772284  	98.348001 
1994.129591  	97.029373 
1994.486898  	97.854333 
1994.844205  	99.110753 
1995.201512  	98.688214 
1995.558819  	98.931365 
1995.916126  	100.362864 
1996.273432  	98.695128 
1996.630739  	97.106736 
1996.988046  	98.572792 
1997.345353  	98.945772 
1997.702660  	98.425628 
1998.059967  	98.251170 
1998.417274  	97.176478 
1998.774580  	96.479359 
1999.131887  	96.293198 
1999.489194  	97.042925 
1999.846501  	99.361271 
2000.203808  	100.449094 
2000.561115  	100.391326 
2000.918422  	100.266093 
2001.275728  	99.458147 
2001.633035  	99.816872 
2001.990342  	101.211900 
2002.347649  	100.367453 
2002.704956  	97.972307 
2003.062263  	98.612827 
2003.419570  	99.736858 
2003.776876  	97.094779 
2004.134183  	96.670379 
2004.491490  	99.957442 
2004.848797  	101.504996 
2005.206104  	101.988597 
2005.563411  	102.592141 
2005.920718  	102.224103 
2006.278024  	101.310920 
2006.635331  	100.850939 
2006.992638  	99.312055 
2007.349945  	97.511980 
2007.707252  	98.901714 
2008.064559  	99.417643 
2008.421866  	97.645470 
2008.779172  	97.677531 
2009.136479  	97.245506 
2009.493786  	96.401640 
2009.851093  	98.329314 
2010.208400  	100.418352 
2010.565707  	97.232277 
2010.923014  	93.533893 
2011.280321  	96.502902 
2011.637627  	100.598584 
2011.994934  	101.554087 
2012.352241  	101.436428 
2012.709548  	98.981076 
2013.066855  	97.488546 
2013.424162  	98.331264 
2013.781469  	98.605905 
2014.138775  	99.974777 
2014.496082  	102.380569 
2014.853389  	101.688169 
2015.210696  	101.175439 
2015.568003  	103.778237 
2015.925310  	101.650670 
2016.282617  	98.223564 
2016.639923  	100.202879 
2016.997230  	101.112241 
2017.354537  	99.683985 
2017.711844  	97.728002 
2018.069151  	96.988445 
2018.426458  	98.720173 
2018.783765  	98.094381 
2019.141071  	97.478365 
2019.498378  	97.307171 
2019.855685  	95.275181 
2020.212992  	95.645207 
2020.570299  	97.466108 
2020.927606  	98.962212 
2021.284913  	100.000914 
2021.642219  	98.807890 
2021.999526  	98.327854 
2022.356833  	100.082419 
2022.714140  	101.047134 
2023.071447  	99.852454 
2023.428754  	98.896755 
2023.786061  	99.976566 
2024.143368  	101.300924 
2024.500674  	100.287852 
2024.857981  	98.215124 
2025.215288  	98.256491 
2025.572595  	100.038906 
2025.929902  	101.265916 
2026.287209  	101.051080 
2026.644516  	100.826725 
2027.001822  	99.610754 
2027.359129  	96.241814 
2027.716436  	95.787980 
2028.073743  	97.632595 
2028.431050  	98.476240 
2028.788357  	99.926495 
2029.145664  	99.948692 
2029.502970  	100.117513 
2029.860277  	101.178151 
2030.217584  	98.924821 
2030.574891  	97.845325 
2030.932198  	99.272040 
2031.289505  	99.622612 
2031.646812  	100.572999 
2032.004118  	101.093717 
2032.361425  	99.655150 
2032.718732  	98.793193 
2033.076039  	100.743151 
2033.433346  	102.210537 
2033.790653  	99.456137 
2034.147960  	98.241371 
2034.505266  	99.824871 
2034.862573  	100.203703 
2035.219880  	102.785194 
2035.577187  	103.448513 
2035.934494  	99.220579 
2036.291801  	99.081232 
2036.649108  	100.976371 
2037.006415  	100.941228 
2037.363721  	102.715016 
2037.721028  	103.510924 
2038.078335  	101.617841 
2038.435642  	100.645366 
2038.792949  	102.107630 
2039.150256  	102.757601 
2039.507563  	99.200436 
2039.864869  	96.954424 
2040.222176  	98.810911 
2040.579483  	100.658395 
2040.936790  	100.775275 
2041.294097  	99.935390 
2041.651404  	100.489318 
2042.008711  	101.923516 
2042.366017  	102.251770 
2042.723324  	102.283943 
2043.080631  	101.652182 
2043.437938  	100.738179 
2043.795245  	101.224843 
2044.152552  	102.261610 
2044.509859  	101.172213 
2044.867165  	98.582939 
2045.224472  	98.067973 
2045.581779  	99.077599 
2045.939086  	99.559549 
2046.296393  	99.161194 
2046.653700  	98.772908 
2047.011007  	98.870550 
2047.368313  	97.876265 
2047.725620  	97.274305 
2048.082927  	98.796652 
2048.440234  	100.604055 
2048.797541  	101.568637 
2049.154848  	100.773670 
2049.512155  	99.995817 
2049.869462  	101.040676 
2050.226768  	101.147597 
2050.584075  	99.908195 
2050.941382  	99.959852 
2051.298689  	100.791940 
2051.655996  	100.575493 
2052.013303  	99.690012 
2052.370610  	99.033329 
2052.727916  	99.112854 
2053.085223  	100.071527 
2053.442530  	100.728755 
2053.799837  	100.639483 
2054.157144  	100.486221 
2054.514451  	100.058377 
2054.871758  	99.564661 
2055.229064  	99.720779 
2055.586371  	99.753530 
2055.943678  	99.493412 
2056.300985  	100.053145 
2056.658292  	100.721047 
2057.015599  	100.486132 
2057.372906  	99.708949 
2057.730212  	99.463502 
2058.087519  	100.651155 
2058.444826  	101.889792 
2058.802133  	101.368162 
2059.159440  	99.601234 
2059.516747  	98.785014 
2059.874054  	99.605018 
2060.231360  	100.530389 
2060.588667  	100.668987 
2060.945974  	99.693938 
2061.303281  	99.016787 
2061.660588  	99.668138 
2062.017895  	99.363638 
2062.375202  	98.423906 
2062.732509  	98.169087 
2063.089815  	98.187210 
2063.447122  	98.768333 
2063.804429  	99.443079 
2064.161736  	100.259062 
2064.519043  	100.375288 
2064.876350  	99.602493 
2065.233657  	99.723217 
2065.590963  	99.262213 
2065.948270  	98.371542 
2066.305577  	98.688617 
2066.662884  	99.157664 
2067.020191  	99.636440 
2067.377498  	99.909849 
2067.734805  	99.352627 
2068.092111  	98.956423 
2068.449418  	99.783513 
2068.806725  	100.637327 
2069.164032  	100.178921 
2069.521339  	99.943319 
2069.878646  	99.790389 
2070.235953  	99.164996 
2070.593259  	99.540952 
2070.950566  	99.805868 
2071.307873  	99.254009 
2071.665180  	99.249703 
2072.022487  	99.326862 
2072.379794  	98.698556 
2072.737101  	98.284273 
2073.094407  	98.927812 
2073.451714  	99.458606 
2073.809021  	98.967814 
2074.166328  	98.335973 
2074.523635  	98.297823 
2074.880942  	98.955364 
2075.238249  	99.686685 
2075.595556  	99.152246 
2075.952862  	98.229185 
2076.310169  	98.604284 
2076.667476  	99.114493 
2077.024783  	98.949573 
2077.382090  	98.697882 
2077.739397  	98.793198 
2078.096704  	100.116264 
2078.454010  	100.746599 
2078.811317  	99.466311 
2079.168624  	99.145527 
2079.525931  	100.442285 
2079.883238  	101.804513 
2080.240545  	101.797058 
2080.597852  	100.203309 
2080.955158  	99.283442 
2081.312465  	100.025242 
2081.669772  	100.654494 
2082.027079  	100.049934 
2082.384386  	99.671156 
2082.741693  	99.831721 
2083.099000  	99.344689 
2083.456306  	98.934903 
2083.813613  	98.510036 
2084.170920  	97.764556 
2084.528227  	97.972654 
2084.885534  	98.899921 
2085.242841  	99.683574 
2085.600148  	99.616094 
2085.957454  	98.767424 
2086.314761  	98.775079 
2086.672068  	98.813644 
2087.029375  	98.265576 
2087.386682  	99.406222 
2087.743989  	100.864783 
2088.101296  	99.901093 
2088.458602  	98.699265 
2088.815909  	98.882514 
2089.173216  	99.152443 
2089.530523  	99.539979 
2089.887830  	100.248565 
2090.245137  	100.208519 
2090.602444  	100.221308 
2090.959751  	100.751778 
2091.317057  	100.448252 
2091.674364  	100.134673 
2092.031671  	99.500493 
2092.388978  	98.128930 
2092.746285  	98.454656 
2093.103592  	98.874920 
2093.460899  	98.269376 
2093.818205  	98.709456 
2094.175512  	99.352116 
2094.532819  	99.610791 
2094.890126  	98.833138 
2095.247433  	98.095733 
2095.604740  	99.581545 
2095.962047  	99.994969 
2096.319353  	98.742941 
2096.676660  	98.411636 
2097.033967  	99.223452 
2097.391274  	100.521060 
2097.748581  	100.128965 
2098.105888  	98.981757 
2098.463195  	98.957032 
2098.820501  	99.126770 
2099.177808  	99.440914 
2099.535115  	99.190492 
2099.892422  	98.775114 
2100.249729  	99.142431 
2100.607036  	98.751978 
2100.964343  	98.012292 
2101.321649  	98.613402 
2101.678956  	99.490995 
2102.036263  	98.940052 
2102.393570  	98.238686 
2102.750877  	99.086277 
2103.108184  	100.143701 
2103.465491  	99.673469 
2103.822798  	98.354948 
2104.180104  	98.216622 
2104.537411  	98.818652 
2104.894718  	98.517220 
2105.252025  	98.279198 
2105.609332  	98.856521 
2105.966639  	99.697499 
2106.323946  	100.395384 
2106.681252  	100.529789 
2107.038559  	100.507411 
2107.395866  	100.495384 
2107.753173  	99.875443 
2108.110480  	99.459907 
2108.467787  	99.682182 
2108.825094  	99.489535 
2109.182400  	99.827390 
2109.539707  	100.372892 
2109.897014  	99.438976 
2110.254321  	98.895236 
2110.611628  	98.559531 
2110.968935  	97.927144 
2111.326242  	99.261726 
2111.683548  	100.222297 
2112.040855  	99.585265 
2112.398162  	100.099950 
2112.755469  	100.825355 
2113.112776  	100.458032 
2113.470083  	99.781381 
2113.827390  	99.805483 
2114.184696  	100.198083 
2114.542003  	99.472296 
2114.899310  	98.719812 
2115.256617  	99.144180 
2115.613924  	99.728123 
2115.971231  	100.031699 
2116.328538  	100.140595 
2116.685845  	99.637190 
2117.043151  	98.532473 
2117.400458  	98.335764 
2117.757765  	99.879236 
2118.115072  	100.657932 
2118.472379  	99.795970 
2118.829686  	99.785455 
2119.186993  	100.454141 
2119.544299  	100.621633 
2119.901606  	100.355132 
2120.258913  	99.417204 
2120.616220  	99.190027 
2120.973527  	99.820333 
2121.330834  	99.741714 
2121.688141  	99.681850 
2122.045447  	99.894855 
2122.402754  	99.775740 
2122.760061  	99.958884 
2123.117368  	100.464016 
2123.474675  	100.420687 
2123.831982  	100.234334 
2124.189289  	100.804443 
2124.546595  	100.731090 
2124.903902  	100.078858 
2125.261209  	100.739225 
2125.618516  	100.988347 
2125.975823  	99.982927 
2126.333130  	99.808195 
2126.690437  	99.863678 
2127.047743  	98.780162 
2127.405050  	98.265978 
2127.762357  	99.473953 
2128.119664  	99.846253 
2128.476971  	98.731247 
2128.834278  	99.300347 
2129.191585  	100.943200 
2129.548892  	100.499775 
2129.906198  	99.546293 
2130.263505  	99.951689 
2130.620812  	100.014288 
2130.978119  	99.698019 
2131.335426  	99.368351 
2131.692733  	98.933668 
2132.050040  	99.411652 
2132.407346  	99.303399 
2132.764653  	98.773138 
2133.121960  	98.996084 
2133.479267  	98.960733 
2133.836574  	100.394263 
2134.193881  	101.815822 
2134.551188  	100.708087 
2134.908494  	100.147442 
2135.265801  	100.203109 
2135.623108  	99.674179 
2135.980415  	99.697561 
2136.337722  	100.446519 
2136.695029  	100.474435 
2137.052336  	99.225394 
2137.409642  	99.021407 
2137.766949  	99.302864 
2138.124256  	98.578023 
2138.481563  	98.773709 
2138.838870  	99.836480 
2139.196177  	100.501084 
2139.553484  	100.817812 
2139.910790  	100.984260 
2140.268097  	100.967100 
2140.625404  	101.783852 
2140.982711  	102.944001 
2141.340018  	100.369867 
2141.697325  	97.188265 
2142.054632  	97.943888 
2142.411939  	99.493873 
2142.769245  	99.948722 
2143.126552  	99.562483 
2143.483859  	100.343390 
2143.841166  	102.554268 
2144.198473  	101.794758 
2144.555780  	100.014957 
2144.913087  	99.675160 
2145.270393  	99.674359 
2145.627700  	100.438652 
2145.985007  	100.010854 
2146.342314  	99.015820 
2146.699621  	99.800877 
2147.056928  	100.412609 
2147.414235  	99.367375 
2147.771541  	99.493333 
2148.128848  	100.928436 
2148.486155  	99.022173 
2148.843462  	97.300976 
2149.200769  	99.329796 
2149.558076  	100.388109 
2149.915383  	101.304550 
2150.272689  	102.170870 
2150.629996  	101.331670 
2150.987303  	100.855048 
2151.344610  	99.611509 
2151.701917  	99.178652 
2152.059224  	100.230089 
2152.416531  	100.776654 
2152.773837  	101.354713 
2153.131144  	100.406855 
2153.488451  	99.499113 
2153.845758  	98.472670 
2154.203065  	97.540924 
2154.560372  	101.693730 
2154.917679  	104.757994 
2155.274986  	101.489565 
2155.632292  	98.038673 
2155.989599  	97.026374 
2156.346906  	98.728579 
2156.704213  	100.697955 
2157.061520  	101.069583 
2157.418827  	99.522522 
2157.776134  	96.417102 
2158.133440  	98.099516 
2158.490747  	102.731502 
2158.848054  	101.872251 
2159.205361  	99.700815 
2159.562668  	100.968818 
2159.919975  	101.027363 
2160.277282  	97.598394 
2160.634588  	97.617405 
2160.991895  	102.473623 
2161.349202  	101.547612 
2161.706509  	97.100750 
2162.063816  	98.978527 
2162.421123  	101.811405 
2162.778430  	100.304026 
2163.135736  	99.622847 
2163.493043  	100.561390 
2163.850350  	99.763692 
2164.207657  	98.926080 
2164.564964  	100.308936 
2164.922271  	99.715992 
2165.279578  	97.969502 
2165.636884  	100.150548 
2165.994191  	100.969064 
2166.351498  	99.257476 
2166.708805  	99.497759 
2167.066112  	99.181048 
2167.423419  	99.496897 
2167.780726  	100.114592 
2168.138032  	97.701409 
2168.495339  	96.340497 
2168.852646  	97.572876 
2169.209953  	99.132525 
2169.567260  	99.289161 
2169.924567  	98.474206 
2170.281874  	99.572786 
2170.639181  	101.664707 
2170.996487  	102.069810 
2171.353794  	100.298390 
2171.711101  	98.565164 
2172.068408  	99.022340 
2172.425715  	99.737559 
2172.783022  	101.274255 
2173.140329  	103.185694 
2173.497635  	102.457431 
2173.854942  	101.622086 
2174.212249  	100.693091 
2174.569556  	99.839469 
2174.926863  	101.190733 
2175.284170  	100.116735 
2175.641477  	98.297981 
2175.998783  	100.322352 
2176.356090  	101.244883 
2176.713397  	99.283665 
2177.070704  	97.107381 
2177.428011  	96.618300 
2177.785318  	99.879287 
2178.142625  	102.694133 
2178.499931  	101.915828 
2178.857238  	100.947473 
2179.214545  	100.360295 
2179.571852  	99.846202 
2179.929159  	100.453133 
2180.286466  	101.110109 
2180.643773  	99.648582 
2181.001079  	97.467733 
2181.358386  	97.384008 
2181.715693  	97.916082 
2182.073000  	98.003300 
2182.430307  	99.185683 
2182.787614  	101.276475 
2183.144921  	103.498392 
2183.502228  	103.541358 
2183.859534  	101.107132 
2184.216841  	99.890363 
2184.574148  	99.965076 
2184.931455  	99.493568 
2185.288762  	100.117011 
2185.646069  	101.491134 
2186.003376  	101.794495 
2186.360682  	101.229562 
2186.717989  	99.012454 
2187.075296  	96.880063 
2187.432603  	97.448002 
2187.789910  	99.040162 
2188.147217  	100.211444 
2188.504524  	100.420270 
2188.861830  	99.302702 
2189.219137  	98.452924 
2189.576444  	99.482022 
2189.933751  	100.902147 
2190.291058  	99.026340 
2190.648365  	97.593457 
2191.005672  	99.146828 
2191.362978  	98.556131 
2191.720285  	97.330585 
2192.077592  	98.163041 
2192.434899  	99.080586 
2192.792206  	99.621491 
2193.149513  	99.522472 
2193.506820  	99.770473 
2193.864126  	99.889261 
2194.221433  	100.262972 
2194.578740  	101.151937 
2194.936047  	99.938856 
2195.293354  	100.074414 
2195.650661  	101.712465 
2196.007968  	100.978529 
2196.365275  	100.350268 
2196.722581  	100.118547 
2197.079888  	98.437967 
2197.437195  	97.088453 
2197.794502  	97.959451 
2198.151809  	98.478289 
2198.509116  	96.948963 
2198.866423  	97.150015 
2199.223729  	98.854571 
2199.581036  	99.760884 
2199.938343  	99.682320 
2200.295650  	98.794487 
2200.652957  	99.097228 
2201.010264  	99.838029 
2201.367571  	100.483456 
2201.724877  	101.026851 
2202.082184  	99.802340 
2202.439491  	99.022447 
2202.796798  	99.337228 
2203.154105  	99.477442 
2203.511412  	99.545624 
2203.868719  	99.012053 
2204.226025  	98.755803 
2204.583332  	98.758409 
2204.940639  	99.320493 
2205.297946  	100.257850 
2205.655253  	99.351153 
2206.012560  	98.670158 
2206.369867  	99.627442 
2206.727173  	100.862648 
2207.084480  	102.000863 
2207.441787  	101.384773 
2207.799094  	100.541260 
2208.156401  	101.680620 
2208.513708  	101.238762 
2208.871015  	99.606233 
2209.228322  	100.276382 
2209.585628  	101.281377 
2209.942935  	100.794515 
2210.300242  	99.799800 
2210.657549  	100.110878 
2211.014856  	100.890661 
2211.372163  	99.227721 
2211.729470  	98.351748 
2212.086776  	99.985299 
2212.444083  	100.248825 
2212.801390  	99.243751 
2213.158697  	99.035528 
2213.516004  	99.678124 
2213.873311  	99.522880 
2214.230618  	99.610653 
2214.587924  	100.783155 
2214.945231  	99.860540 
2215.302538  	99.605659 
2215.659845  	101.051325 
2216.017152  	100.085362 
2216.374459  	99.439971 
2216.731766  	100.393268 
2217.089072  	100.667074 
2217.446379  	100.141724 
2217.803686  	99.593007 
2218.160993  	99.968456 
2218.518300  	99.937220 
2218.875607  	99.598569 
2219.232914  	99.667516 
2219.590220  	99.161539 
2219.947527  	99.029150 
2220.304834  	99.585098 
2220.662141  	99.907545 
2221.019448  	99.522397 
2221.376755  	99.237483 
2221.734062  	99.489385 
2222.091369  	98.978594 
2222.448675  	98.513905 
2222.805982  	98.799519 
2223.163289  	99.284774 
2223.520596  	100.055796 
2223.877903  	100.740774 
2224.235210  	101.381656 
2224.592517  	100.841957 
2224.949823  	99.468037 
2225.307130  	99.419562 
2225.664437  	100.052809 
2226.021744  	100.027931 
2226.379051  	99.278514 
2226.736358  	99.792635 
2227.093665  	101.412245 
2227.450971  	100.782774 
2227.808278  	99.392308 
2228.165585  	99.733502 
2228.522892  	100.920272 
2228.880199  	101.566041 
2229.237506  	101.007838 
2229.594813  	100.937751 
2229.952119  	101.354531 
2230.309426  	100.650846 
2230.666733  	100.241136 
2231.024040  	100.335472 
2231.381347  	99.364735 
2231.738654  	98.528395 
2232.095961  	99.577552 
2232.453267  	100.670086 
2232.810574  	99.688394 
2233.167881  	99.098100 
2233.525188  	100.277781 
2233.882495  	100.037195 
2234.239802  	98.589506 
2234.597109  	99.091294 
2234.954416  	100.363907 
2235.311722  	100.430306 
2235.669029  	100.128291 
2236.026336  	100.386365 
2236.383643  	100.739628 
2236.740950  	100.294999 
2237.098257  	99.478557 
2237.455564  	98.697550 
2237.812870  	98.409778 
2238.170177  	98.821717 
2238.527484  	98.576463 
2238.884791  	98.739117 
2239.242098  	99.776351 
2239.599405  	99.374861 
2239.956712  	99.097416 
2240.314018  	100.407318 
2240.671325  	101.218523 
2241.028632  	100.542227 
2241.385939  	99.888467 
2241.743246  	99.843641 
2242.100553  	98.294198 
2242.457860  	97.377880 
2242.815166  	99.907248 
2243.172473  	101.850013 
2243.529780  	101.158841 
2243.887087  	100.495838 
2244.244394  	100.386528 
2244.601701  	99.829382 
2244.959008  	99.634761 
2245.316314  	100.667172 
2245.673621  	100.840892 
2246.030928  	100.265646 
2246.388235  	99.846011 
2246.745542  	99.143026 
2247.102849  	100.127510 
2247.460156  	100.932378 
2247.817463  	100.005522 
2248.174769  	100.255158 
2248.532076  	100.164080 
2248.889383  	99.299498 
2249.246690  	99.575313 
2249.603997  	99.948759 
2249.961304  	100.253728 
2250.318611  	100.280494 
2250.675917  	99.851415 
2251.033224  	100.202477 
2251.390531  	101.029256 
2251.747838  	100.621195 
2252.105145  	99.240426 
2252.462452  	99.154759 
2252.819759  	99.758565 
2253.177065  	99.785632 
2253.534372  	100.116138 
2253.891679  	100.340644 
2254.248986  	100.275187 
2254.606293  	100.180467 
2254.963600  	100.357357 
2255.320907  	101.642612 
2255.678213  	102.197598 
2256.035520  	101.188395 
2256.392827  	100.167831 
2256.750134  	99.253483 
2257.107441  	99.236060 
2257.464748  	100.030437 
2257.822055  	100.008785 
2258.179361  	99.933115 
2258.536668  	100.106502 
2258.893975  	99.830547 
2259.251282  	99.828942 
2259.608589  	99.899031 
2259.965896  	99.909676 
2260.323203  	100.032959 
2260.680509  	99.539691 
2261.037816  	99.446286 
2261.395123  	99.874856 
2261.752430  	99.674016 
2262.109737  	99.948890 
2262.467044  	100.558400 
2262.824351  	100.124157 
2263.181658  	99.321324 
2263.538964  	99.081469 
2263.896271  	99.278704 
2264.253578  	99.293979 
2264.610885  	98.862453 
2264.968192  	98.907647 
2265.325499  	99.871306 
2265.682806  	100.051402 
2266.040112  	99.214035 
2266.397419  	98.998581 
2266.754726  	99.160641 
2267.112033  	99.232382 
2267.469340  	99.210088 
2267.826647  	99.279996 
2268.183954  	99.824622 
2268.541260  	99.481126 
2268.898567  	98.564783 
2269.255874  	98.770569 
2269.613181  	99.591375 
2269.970488  	100.605717 
2270.327795  	101.226751 
2270.685102  	100.775953 
2271.042408  	100.018027 
2271.399715  	99.824437 
2271.757022  	100.089120 
2272.114329  	100.170844 
2272.471636  	100.029430 
2272.828943  	99.710627 
2273.186250  	99.853041 
2273.543556  	100.668073 
2273.900863  	100.839602 
2274.258170  	100.654126 
2274.615477  	100.598217 
2274.972784  	100.202185 
2275.330091  	99.909418 
2275.687398  	99.565713 
2276.044705  	99.237673 
2276.402011  	99.346771 
2276.759318  	99.288307 
2277.116625  	99.385699 
2277.473932  	100.181783 
2277.831239  	100.229545 
2278.188546  	99.314626 
2278.545853  	99.262634 
2278.903159  	99.902549 
2279.260466  	100.262132 
2279.617773  	100.150585 
2279.975080  	99.550668 
2280.332387  	99.463932 
2280.689694  	99.709303 
2281.047001  	99.571148 
2281.404307  	99.926790 
2281.761614  	100.646960 
2282.118921  	100.555826 
2282.476228  	99.814914 
2282.833535  	99.723772 
2283.190842  	100.297344 
2283.548149  	100.483111 
2283.905455  	100.205353 
2284.262762  	100.016599 
2284.620069  	100.120693 
2284.977376  	99.724668 
2285.334683  	99.213402 
2285.691990  	99.567892 
2286.049297  	99.717548 
2286.406603  	99.672900 
2286.763910  	99.833373 
2287.121217  	99.407867 
2287.478524  	98.830107 
2287.835831  	98.722681 
2288.193138  	99.138527 
2288.550445  	99.611249 
2288.907752  	99.640973 
2289.265058  	99.437821 
2289.622365  	99.216179 
2289.979672  	99.260843 
2290.336979  	99.426064 
2290.694286  	99.567296 
2291.051593  	99.753731 
2291.408900  	99.871898 
2291.766206  	100.035600 
2292.123513  	99.991034 
2292.480820  	99.883553 
2292.838127  	99.819549 
2293.195434  	99.667505 
2293.552741  	99.948280 
2293.910048  	100.125075 
2294.267354  	99.865123 
2294.624661  	99.904731 
2294.981968  	99.891783 
2295.339275  	99.358457 
2295.696582  	99.105179 
2296.053889  	99.475907 
2296.411196  	99.477022 
2296.768502  	99.429399 
2297.125809  	99.713924 
2297.483116  	99.675464 
2297.840423  	99.666937 
2298.197730  	99.305553 
2298.555037  	98.773286 
2298.912344  	99.143858 
2299.269650  	99.354183 
2299.626957  	99.174202 
2299.984264  	99.206969 
2300.341571  	99.165803 
2300.698878  	99.143206 
2301.056185  	99.482901 
2301.413492  	100.070685 
2301.770799  	100.356192 
2302.128105  	100.281830 
2302.485412  	99.873855 
2302.842719  	99.283389 
2303.200026  	99.370910 
2303.557333  	99.638412 
2303.914640  	99.456076 
2304.271947  	99.432654 
2304.629253  	99.856329 
2304.986560  	99.947102 
2305.343867  	99.368212 
2305.701174  	99.062179 
2306.058481  	99.076020 
2306.415788  	99.407520 
2306.773095  	100.061644 
2307.130401  	99.765746 
2307.487708  	99.029497 
2307.845015  	99.211968 
2308.202322  	99.653134 
2308.559629  	99.870670 
2308.916936  	100.334907 
2309.274243  	100.635579 
2309.631549  	100.061784 
2309.988856  	99.981347 
2310.346163  	100.418619 
2310.703470  	100.217673 
2311.060777  	99.978408 
2311.418084  	99.981012 
2311.775391  	99.576606 
2312.132697  	99.393396 
2312.490004  	99.508288 
2312.847311  	99.240784 
2313.204618  	99.016779 
2313.561925  	99.698023 
2313.919232  	99.944551 
2314.276539  	99.549246 
2314.633846  	99.254603 
2314.991152  	99.145676 
2315.348459  	99.483496 
2315.705766  	99.777983 
2316.063073  	99.613738 
2316.420380  	99.315120 
2316.777687  	99.204482 
2317.134994  	99.600382 
2317.492300  	99.400314 
2317.849607  	99.071808 
2318.206914  	99.415442 
2318.564221  	99.520362 
2318.921528  	99.738174 
2319.278835  	100.035139 
2319.636142  	99.668641 
2319.993448  	99.442641 
2320.350755  	99.274142 
2320.708062  	99.191327 
2321.065369  	99.134209 
2321.422676  	98.972463 
2321.779983  	99.317305 
2322.137290  	99.536676 
2322.494596  	99.612344 
2322.851903  	99.759951 
2323.209210  	99.191778 
2323.566517  	98.662356 
2323.923824  	99.248232 
2324.281131  	99.825115 
2324.638438  	99.887834 
2324.995744  	99.715964 
2325.353051  	99.421845 
2325.710358  	99.083450 
2326.067665  	99.117750 
2326.424972  	99.711159 
2326.782279  	100.436627 
2327.139586  	100.284212 
2327.496893  	99.664758 
2327.854199  	99.417630 
2328.211506  	99.244727 
2328.568813  	99.081466 
2328.926120  	99.256730 
2329.283427  	99.372220 
2329.640734  	99.152325 
2329.998041  	99.125810 
2330.355347  	99.401314 
2330.712654  	99.721363 
2331.069961  	99.727449 
2331.427268  	99.749389 
2331.784575  	100.170609 
2332.141882  	100.414069 
2332.499189  	100.294113 
2332.856495  	100.354162 
2333.213802  	100.036953 
2333.571109  	99.784875 
2333.928416  	99.894071 
2334.285723  	100.089244 
2334.643030  	99.983331 
2335.000337  	99.658515 
2335.357643  	99.805474 
2335.714950  	100.534893 
2336.072257  	100.891763 
2336.429564  	100.060294 
2336.786871  	99.538416 
2337.144178  	99.833699 
2337.501485  	100.125917 
2337.858791  	100.072424 
2338.216098  	99.962958 
2338.573405  	99.722430 
2338.930712  	100.148176 
2339.288019  	100.816362 
2339.645326  	100.088877 
2340.002633  	99.603466 
2340.359939  	99.961673 
2340.717246  	100.452974 
2341.074553  	100.509151 
2341.431860  	99.721131 
2341.789167  	99.275154 
2342.146474  	99.371136 
2342.503781  	99.897300 
2342.861088  	100.254229 
2343.218394  	99.917926 
2343.575701  	99.785902 
2343.933008  	99.949701 
2344.290315  	100.564687 
2344.647622  	101.212670 
2345.004929  	101.034167 
2345.362236  	100.542617 
2345.719542  	100.120482 
2346.076849  	100.321849 
2346.434156  	100.383669 
2346.791463  	99.827665 
2347.148770  	99.724230 
2347.506077  	99.926480 
2347.863384  	100.157405 
2348.220690  	100.277236 
2348.577997  	99.776726 
2348.935304  	99.307133 
2349.292611  	99.459903 
2349.649918  	99.717189 
2350.007225  	99.969318 
2350.364532  	100.121852 
2350.721838  	99.914529 
2351.079145  	99.859363 
2351.436452  	99.972581 
2351.793759  	99.972143 
2352.151066  	100.031341 
2352.508373  	99.992895 
2352.865680  	99.843545 
2353.222986  	100.015319 
2353.580293  	100.233662 
2353.937600  	99.886893 
2354.294907  	99.664279 
2354.652214  	100.123325 
2355.009521  	100.014232 
2355.366828  	99.609256 
2355.724135  	99.417510 
2356.081441  	99.506000 
2356.438748  	100.360397 
2356.796055  	100.712647 
2357.153362  	100.476956 
2357.510669  	100.609509 
2357.867976  	100.609632 
2358.225283  	100.010908 
2358.582589  	99.537058 
2358.939896  	99.661596 
2359.297203  	100.089815 
2359.654510  	100.172310 
2360.011817  	100.177623 
2360.369124  	100.107419 
2360.726431  	99.486489 
2361.083737  	99.421308 
2361.441044  	100.122646 
2361.798351  	99.661573 
2362.155658  	99.029152 
2362.512965  	99.566787 
2362.870272  	100.016701 
2363.227579  	100.570592 
2363.584885  	100.643066 
2363.942192  	100.187764 
2364.299499  	100.123491 
2364.656806  	99.880054 
2365.014113  	99.821707 
2365.371420  	99.863129 
2365.728727  	99.544553 
2366.086033  	99.683522 
2366.443340  	99.666225 
2366.800647  	99.967667 
2367.157954  	100.505029 
2367.515261  	100.352912 
2367.872568  	100.545642 
2368.229875  	100.339820 
2368.587182  	99.878234 
2368.944488  	100.088897 
2369.301795  	100.151075 
2369.659102  	100.163306 
2370.016409  	99.773568 
2370.373716  	98.976774 
2370.731023  	99.296973 
2371.088330  	99.811025 
2371.445636  	99.675074 
2371.802943  	99.930447 
2372.160250  	100.496899 
2372.517557  	100.610072 
2372.874864  	100.303404 
2373.232171  	99.886790 
2373.589478  	99.606767 
2373.946784  	99.476583 
2374.304091  	99.617653 
2374.661398  	99.786494 
2375.018705  	99.731223 
2375.376012  	99.522803 
2375.733319  	99.486788 
2376.090626  	99.901516 
2376.447932  	100.144702 
2376.805239  	99.817483 
2377.162546  	99.927629 
2377.519853  	100.259490 
2377.877160  	99.842203 
2378.234467  	99.176498 
2378.591774  	99.148046 
2378.949080  	99.533674 
2379.306387  	99.605015 
2379.663694  	99.775626 
2380.021001  	99.993296 
2380.378308  	99.457562 
2380.735615  	99.387143 
2381.092922  	99.816705 
2381.450229  	99.636132 
2381.807535  	99.608802 
2382.164842  	99.872358 
2382.522149  	99.769547 
2382.879456  	99.227215 
2383.236763  	98.839455 
2383.594070  	98.899379 
2383.951377  	98.880723 
2384.308683  	99.296049 
2384.665990  	99.872350 
2385.023297  	99.634139 
2385.380604  	99.513604 
2385.737911  	99.666353 
2386.095218  	99.503226 
2386.452525  	99.511982 
2386.809831  	99.596914 
2387.167138  	99.369452 
2387.524445  	99.280229 
2387.881752  	99.401498 
2388.239059  	99.221356 
2388.596366  	99.033294 
2388.953673  	99.144286 
2389.310979  	99.251626 
2389.668286  	99.344550 
2390.025593  	99.505956 
2390.382900  	99.670138 
2390.740207  	99.536206 
2391.097514  	99.297993 
2391.454821  	99.368672 
2391.812127  	99.293417 
2392.169434  	99.083244 
2392.526741  	99.080456 
2392.884048  	99.056026 
2393.241355  	98.990765 
2393.598662  	99.051469 
2393.955969  	99.185258 
2394.313276  	99.297707 
2394.670582  	99.653349 
2395.027889  	99.870831 
2395.385196  	99.428253 
2395.742503  	99.154819 
2396.099810  	99.318259 
2396.457117  	99.532764 
2396.814424  	99.687299 
2397.171730  	99.417430 
2397.529037  	99.151268 
2397.886344  	99.409314 
2398.243651  	99.474565 
2398.600958  	99.043892 
2398.958265  	99.098941 
2399.315572  	99.663733 
2399.672878  	99.906563 
2400.030185  	99.973341 
2400.387492  	99.703956 
2400.744799  	99.391659 
2401.102106  	99.627262 
2401.459413  	99.598556 
2401.816720  	99.540336 
2402.174026  	99.597919 
2402.531333  	99.234512 
2402.888640  	99.287709 
2403.245947  	99.498328 
2403.603254  	99.432809 
2403.960561  	99.596860 
2404.317868  	99.601622 
2404.675174  	99.554990 
2405.032481  	99.488921 
2405.389788  	99.163192 
2405.747095  	99.156653 
2406.104402  	99.330924 
2406.461709  	99.523855 
2406.819016  	99.718584 
2407.176323  	99.564903 
2407.533629  	99.609070 
2407.890936  	99.642609 
2408.248243  	99.382814 
2408.605550  	99.788446 
2408.962857  	100.256264 
2409.320164  	100.053181 
2409.677471  	99.808537 
2410.034777  	99.512144 
2410.392084  	99.304448 
2410.749391  	99.466490 
2411.106698  	99.669388 
2411.464005  	99.665798 
2411.821312  	99.535068 
2412.178619  	99.367112 
2412.535925  	99.067933 
2412.893232  	99.034130 
2413.250539  	99.193167 
2413.607846  	99.078291 
2413.965153  	99.313457 
2414.322460  	99.728829 
2414.679767  	99.633797 
2415.037073  	99.532467 
2415.394380  	99.734908 
2415.751687  	99.809125 
2416.108994  	99.516624 
2416.466301  	99.398493 
2416.823608  	99.651079 
2417.180915  	99.698251 
2417.538221  	99.522186 
2417.895528  	99.515542 
2418.252835  	99.498348 
2418.610142  	99.102950 
2418.967449  	99.062430 
2419.324756  	99.672765 
2419.682063  	99.820081 
2420.039369  	99.682581 
2420.396676  	99.921866 
2420.753983  	99.859712 
2421.111290  	99.475905 
2421.468597  	99.531053 
2421.825904  	99.617133 
2422.183211  	99.393488 
2422.540518  	99.542593 
2422.897824  	99.743856 
2423.255131  	99.604373 
2423.612438  	99.462689 
2423.969745  	99.387044 
2424.327052  	99.572021 
2424.684359  	99.592817 
2425.041666  	99.407062 
2425.398972  	99.584492 
2425.756279  	99.839245 
2426.113586  	99.978100 
2426.470893  	99.874350 
2426.828200  	99.750685 
2427.185507  	99.677810 
2427.542814  	99.595244 
2427.900120  	100.124469 
2428.257427  	100.561308 
2428.614734  	100.348302 
2428.972041  	99.949168 
2429.329348  	99.657296 
2429.686655  	99.792835 
2430.043962  	99.830635 
2430.401268  	99.989618 
2430.758575  	100.258511 
2431.115882  	99.986235 
2431.473189  	99.879619 
2431.830496  	99.800106 
2432.187803  	99.850684 
2432.545110  	100.248473 
2432.902416  	100.167716 
2433.259723  	99.851408 
2433.617030  	99.531153 
2433.974337  	99.623853 
2434.331644  	99.982562 
2434.688951  	99.758402 
2435.046258  	99.547309 
2435.403565  	99.432357 
2435.760871  	99.250773 
2436.118178  	99.346287 
2436.475485  	99.629560 
2436.832792  	99.904009 
2437.190099  	99.830436 
2437.547406  	99.745961 
2437.904713  	99.801209 
2438.262019  	99.612949 
2438.619326  	99.651992 
2438.976633  	100.249373 
2439.333940  	100.499311 
2439.691247  	99.918383 
2440.048554  	99.635749 
2440.405861  	99.638537 
2440.763167  	99.400311 
2441.120474  	99.474203 
2441.477781  	99.552764 
2441.835088  	99.836466 
2442.192395  	100.235870 
2442.549702  	99.867076 
2442.907009  	99.531096 
2443.264315  	99.585411 
2443.621622  	99.674809 
2443.978929  	99.810620 
2444.336236  	99.824497 
2444.693543  	99.805020 
2445.050850  	100.029420 
2445.408157  	100.514209 
2445.765463  	100.460521 
2446.122770  	100.094659 
2446.480077  	100.198200 
2446.837384  	99.933132 
2447.194691  	99.617122 
2447.551998  	99.987329 
2447.909305  	100.179684 
2448.266612  	99.952579 
2448.623918  	99.603527 
2448.981225  	99.409026 
2449.338532  	99.687025 
2449.695839  	99.847210 
2450.053146  	99.758809 
2450.410453  	99.924480 
2450.767760  	99.567771 
2451.125066  	99.055800 
2451.482373  	99.506095 
2451.839680  	99.857361 
2452.196987  	99.795098 
2452.554294  	99.556076 
2452.911601  	99.216602 
2453.268908  	99.488545 
2453.626214  	99.519831 
2453.983521  	99.499868 
2454.340828  	99.854171 
2454.698135  	99.443126 
2455.055442  	99.036316 
2455.412749  	99.024163 
2455.770056  	99.066206 
2456.127362  	99.613780 
2456.484669  	100.188082 
2456.841976  	100.314168 
2457.199283  	100.205700 
2457.556590  	100.360374 
2457.913897  	100.332832 
2458.271204  	99.814985 
2458.628510  	99.665979 
2458.985817  	99.484655 
2459.343124  	99.186746 
2459.700431  	99.286979 
2460.057738  	99.485464 
2460.415045  	99.602810 
2460.772352  	99.500588 
2461.129659  	99.481630 
2461.486965  	99.478301 
2461.844272  	99.414238 
2462.201579  	99.575705 
2462.558886  	99.583207 
2462.916193  	99.620320 
2463.273500  	99.327798 
2463.630807  	98.845471 
2463.988113  	99.352722 
2464.345420  	99.863752 
2464.702727  	99.807356 
2465.060034  	99.762236 
2465.417341  	99.546164 
2465.774648  	99.383729 
2466.131955  	99.454940 
2466.489261  	99.703986 
2466.846568  	99.761322 
2467.203875  	99.418446 
2467.561182  	99.156178 
2467.918489  	99.230094 
2468.275796  	99.711487 
2468.633103  	99.929138 
2468.990409  	99.740364 
2469.347716  	99.800671 
2469.705023  	99.511534 
2470.062330  	99.245826 
2470.419637  	99.741126 
2470.776944  	99.966400 
2471.134251  	100.037084 
2471.491557  	100.377869 
2471.848864  	100.092922 
2472.206171  	99.566384 
2472.563478  	99.425039 
2472.920785  	99.273286 
2473.278092  	99.273757 
2473.635399  	99.445986 
2473.992706  	99.632008 
2474.350012  	99.898753 
2474.707319  	99.820707 
2475.064626  	99.695660 
2475.421933  	99.890484 
2475.779240  	99.991714 
2476.136547  	99.883274 
2476.493854  	99.539463 
2476.851160  	99.585078 
2477.208467  	99.932578 
2477.565774  	99.491130 
2477.923081  	99.300717 
2478.280388  	99.940919 
2478.637695  	100.070556 
2478.995002  	99.701198 
2479.352308  	99.395434 
2479.709615  	99.190137 
2480.066922  	99.267755 
2480.424229  	99.623272 
2480.781536  	99.863391 
2481.138843  	99.784524 
2481.496150  	99.702861 
2481.853456  	99.654350 
2482.210763  	99.640016 
2482.568070  	99.556313 
2482.925377  	99.228933 
2483.282684  	99.231139 
2483.639991  	99.376383 
2483.997298  	99.440016 
2484.354604  	99.887873 
2484.711911  	100.128719 
2485.069218  	99.882857 
2485.426525  	99.509715 
2485.783832  	99.443723 
2486.141139  	99.921991 
2486.498446  	99.973256 
2486.855753  	99.610073 
2487.213059  	99.556525 
2487.570366  	99.533536 
2487.927673  	99.513208 
2488.284980  	99.316583 
2488.642287  	98.974063 
2488.999594  	99.153686 
2489.356901  	99.676843 
2489.714207  	99.948768 
2490.071514  	99.855827 
2490.428821  	99.608693 
2490.786128  	99.576242 
2491.143435  	99.776717 
2491.500742  	99.607423 
2491.858049  	99.152340 
2492.215355  	98.961855 
2492.572662  	98.965400 
2492.929969  	99.377311 
2493.287276  	99.784734 
2493.644583  	99.681275 
2494.001890  	99.776519 
2494.359197  	99.699488 
2494.716503  	99.327157 
2495.073810  	99.562088 
2495.431117  	99.804502 
2495.788424  	99.664885 
2496.145731  	99.864105 
2496.503038  	100.171199 
2496.860345  	100.011072 
2497.217651  	99.829627 
2497.574958  	99.660440 
2497.932265  	99.247007 
2498.289572  	99.469929 
2498.646879  	100.251296 
2499.004186  	100.527957 
2499.361493  	100.140600 
2499.718800  	99.498490 
2500.076106  	99.258004 
2500.433413  	99.416468 
2500.790720  	99.540719 
2501.148027  	99.569432 
2501.505334  	99.754349 
2501.862641  	99.984501 
2502.219948  	99.694483 
2502.577254  	99.764740 
2502.934561  	100.107496 
2503.291868  	99.397158 
2503.649175  	98.968766 
2504.006482  	99.457529 
2504.363789  	99.859332 
2504.721096  	100.109493 
2505.078402  	100.065997 
2505.435709  	99.962369 
2505.793016  	99.870794 
2506.150323  	99.784046 
2506.507630  	99.989703 
2506.864937  	99.929500 
2507.222244  	99.711330 
2507.579550  	99.629744 
2507.936857  	99.406807 
2508.294164  	99.296978 
2508.651471  	99.432916 
2509.008778  	99.797803 
2509.366085  	100.119748 
2509.723392  	100.109666 
2510.080698  	100.061091 
2510.438005  	99.998430 
2510.795312  	99.678903 
2511.152619  	99.139855 
2511.509926  	99.105068 
2511.867233  	99.768868 
2512.224540  	99.916823 
2512.581846  	99.620759 
2512.939153  	99.839868 
2513.296460  	100.083220 
2513.653767  	100.057308 
2514.011074  	100.162741 
2514.368381  	100.179771 
2514.725688  	99.860070 
2515.082995  	99.564106 
2515.440301  	99.589579 
2515.797608  	99.753487 
2516.154915  	99.806713 
2516.512222  	99.618020 
2516.869529  	99.488152 
2517.226836  	99.813479 
2517.584143  	100.033124 
2517.941449  	99.808649 
2518.298756  	99.641999 
2518.656063  	99.599827 
2519.013370  	99.673828 
2519.370677  	99.923539 
2519.727984  	99.943364 
2520.085291  	99.569599 
2520.442597  	99.350662 
2520.799904  	99.664101 
2521.157211  	99.972659 
2521.514518  	99.848141 
2521.871825  	99.641916 
2522.229132  	99.627326 
2522.586439  	99.562346 
2522.943745  	99.275400 
2523.301052  	99.294277 
2523.658359  	99.886604 
2524.015666  	100.273535 
2524.372973  	100.028721 
2524.730280  	99.848045 
2525.087587  	99.894297 
2525.444893  	99.620295 
2525.802200  	99.502360 
2526.159507  	99.653249 
2526.516814  	99.515248 
2526.874121  	99.569693 
2527.231428  	99.754522 
2527.588735  	99.857118 
2527.946042  	100.043063 
2528.303348  	99.718678 
2528.660655  	99.356707 
2529.017962  	99.460521 
2529.375269  	99.563214 
2529.732576  	99.659418 
2530.089883  	99.563599 
2530.447190  	99.372377 
2530.804496  	99.326333 
2531.161803  	99.313734 
2531.519110  	99.426090 
2531.876417  	99.231250 
2532.233724  	98.909652 
2532.591031  	99.337765 
2532.948338  	99.977242 
2533.305644  	99.871175 
2533.662951  	99.396299 
2534.020258  	99.395564 
2534.377565  	99.535175 
2534.734872  	99.293444 
2535.092179  	99.271743 
2535.449486  	99.439229 
2535.806792  	99.385588 
2536.164099  	99.606730 
2536.521406  	99.885594 
2536.878713  	99.745382 
2537.236020  	99.372513 
2537.593327  	98.861448 
2537.950634  	98.856820 
2538.307940  	99.379204 
2538.665247  	99.644315 
2539.022554  	99.880032 
2539.379861  	99.959876 
2539.737168  	99.653211 
2540.094475  	99.443788 
2540.451782  	99.443027 
2540.809089  	99.868610 
2541.166395  	100.355183 
2541.523702  	100.046516 
2541.881009  	99.240556 
2542.238316  	99.091036 
2542.595623  	99.756705 
2542.952930  	99.892539 
2543.310237  	99.487135 
2543.667543  	99.303026 
2544.024850  	99.096389 
2544.382157  	99.296108 
2544.739464  	99.781389 
2545.096771  	99.872254 
2545.454078  	100.007232 
2545.811385  	100.260954 
2546.168691  	100.171282 
2546.525998  	99.811106 
2546.883305  	99.622087 
2547.240612  	99.638702 
2547.597919  	99.585562 
2547.955226  	99.428096 
2548.312533  	99.328270 
2548.669839  	99.370058 
2549.027146  	99.162401 
2549.384453  	99.074263 
2549.741760  	99.608611 
2550.099067  	99.805486 
2550.456374  	99.617190 
2550.813681  	99.727136 
2551.170987  	99.783170 
2551.528294  	99.691599 
2551.885601  	99.755526 
2552.242908  	99.896738 
2552.600215  	99.882722 
2552.957522  	99.796446 
2553.314829  	99.588815 
2553.672136  	99.135212 
2554.029442  	98.882258 
2554.386749  	99.038722 
2554.744056  	99.522707 
2555.101363  	99.980466 
2555.458670  	99.806287 
2555.815977  	99.408143 
2556.173284  	99.361776 
2556.530590  	99.388279 
2556.887897  	99.362669 
2557.245204  	99.315595 
2557.602511  	99.473934 
2557.959818  	100.015134 
2558.317125  	99.934441 
2558.674432  	99.309838 
2559.031738  	99.438056 
2559.389045  	99.648918 
2559.746352  	99.665720 
2560.103659  	99.991785 
2560.460966  	99.830417 
2560.818273  	99.421031 
2561.175580  	99.396836 
2561.532886  	99.416510 
2561.890193  	99.237249 
2562.247500  	99.183115 
2562.604807  	99.414993 
2562.962114  	99.335381 
2563.319421  	99.444165 
2563.676728  	99.651428 
2564.034034  	99.384207 
2564.391341  	99.825015 
2564.748648  	100.079122 
2565.105955  	99.513093 
2565.463262  	99.593661 
2565.820569  	99.967238 
2566.177876  	100.272634 
2566.535183  	100.057205 
2566.892489  	99.178189 
2567.249796  	98.961262 
2567.607103  	99.307006 
2567.964410  	99.546301 
2568.321717  	99.424065 
2568.679024  	99.112110 
2569.036331  	99.026293 
2569.393637  	99.117188 
2569.750944  	99.596599 
2570.108251  	99.747922 
2570.465558  	99.251997 
2570.822865  	99.008905 
2571.180172  	98.929009 
2571.537479  	99.274524 
2571.894785  	99.790496 
2572.252092  	99.376633 
2572.609399  	98.996527 
2572.966706  	99.533273 
2573.324013  	100.017252 
2573.681320  	99.753928 
2574.038627  	99.275774 
2574.395933  	99.353687 
2574.753240  	99.643712 
2575.110547  	99.465323 
2575.467854  	99.319287 
2575.825161  	99.644925 
2576.182468  	99.806033 
2576.539775  	99.524449 
2576.897081  	99.283111 
2577.254388  	99.291615 
2577.611695  	99.286573 
2577.969002  	99.026192 
2578.326309  	98.861911 
2578.683616  	99.200158 
2579.040923  	99.423195 
2579.398230  	99.048387 
2579.755536  	98.906572 
2580.112843  	99.222957 
2580.470150  	99.282588 
2580.827457  	99.240828 
2581.184764  	99.447662 
2581.542071  	99.641717 
2581.899378  	99.623200 
2582.256684  	99.596080 
2582.613991  	99.677022 
2582.971298  	99.520686 
2583.328605  	99.141345 
2583.685912  	98.971591 
2584.043219  	99.207151 
2584.400526  	99.455496 
2584.757832  	99.240814 
2585.115139  	99.013327 
2585.472446  	99.037959 
2585.829753  	99.102734 
2586.187060  	99.239506 
2586.544367  	99.441388 
2586.901674  	99.706818 
2587.258980  	99.505890 
2587.616287  	99.023205 
2587.973594  	99.252829 
2588.330901  	99.590921 
2588.688208  	99.376452 
2589.045515  	99.185672 
2589.402822  	99.216008 
2589.760128  	99.276797 
2590.117435  	99.422240 
2590.474742  	99.429559 
2590.832049  	99.124915 
2591.189356  	99.091903 
2591.546663  	99.168895 
2591.903970  	99.149514 
2592.261276  	99.516896 
2592.618583  	99.621211 
2592.975890  	99.434505 
2593.333197  	99.666683 
2593.690504  	99.952796 
2594.047811  	99.948206 
2594.405118  	99.701820 
2594.762425  	99.687577 
2595.119731  	99.874585 
2595.477038  	99.719627 
2595.834345  	99.475483 
2596.191652  	99.388404 
2596.548959  	99.489486 
2596.906266  	99.586205 
2597.263573  	99.546131 
2597.620879  	99.641040 
2597.978186  	99.809026 
2598.335493  	99.763317 
2598.692800  	99.379919 
2599.050107  	99.269207 
2599.407414  	99.446275 
2599.764721  	99.240091 
2600.122027  	99.301767 
2600.479334  	99.640504 
2600.836641  	99.633821 
2601.193948  	99.619209 
2601.551255  	99.653713 
2601.908562  	99.848843 
2602.265869  	100.068817 
2602.623175  	99.865351 
2602.980482  	99.660785 
2603.337789  	99.611038 
2603.695096  	99.414148 
2604.052403  	99.345627 
2604.409710  	99.285211 
2604.767017  	99.029875 
2605.124323  	99.240409 
2605.481630  	99.510127 
2605.838937  	99.354445 
2606.196244  	99.608019 
2606.553551  	99.947782 
2606.910858  	99.883439 
2607.268165  	99.769833 
2607.625472  	99.709863 
2607.982778  	99.829270 
2608.340085  	99.808623 
2608.697392  	99.641477 
2609.054699  	99.697644 
2609.412006  	99.851055 
2609.769313  	99.851397 
2610.126620  	99.615752 
2610.483926  	99.624696 
2610.841233  	99.757151 
2611.198540  	99.781476 
2611.555847  	99.950119 
2611.913154  	99.751141 
2612.270461  	99.433980 
2612.627768  	99.385039 
2612.985074  	99.297409 
2613.342381  	99.326075 
2613.699688  	99.309947 
2614.056995  	99.441112 
2614.414302  	99.790243 
2614.771609  	99.699152 
2615.128916  	99.394391 
2615.486222  	99.316581 
2615.843529  	99.353260 
2616.200836  	99.418777 
2616.558143  	99.551943 
2616.915450  	99.498495 
2617.272757  	99.412060 
2617.630064  	99.864245 
2617.987370  	100.159010 
2618.344677  	99.867965 
2618.701984  	99.551343 
2619.059291  	99.285278 
2619.416598  	99.336657 
2619.773905  	99.717285 
2620.131212  	99.874652 
2620.488519  	99.699091 
2620.845825  	99.489708 
2621.203132  	99.374147 
2621.560439  	99.280741 
2621.917746  	99.411194 
2622.275053  	99.508174 
2622.632360  	99.372627 
2622.989667  	99.588613 
2623.346973  	99.891000 
2623.704280  	99.756594 
2624.061587  	99.487501 
2624.418894  	99.228090 
2624.776201  	99.011392 
2625.133508  	99.127518 
2625.490815  	99.578596 
2625.848121  	99.842828 
2626.205428  	99.707475 
2626.562735  	99.577098 
2626.920042  	99.575330 
2627.277349  	99.447264 
2627.634656  	99.439700 
2627.991963  	99.721623 
2628.349269  	99.724081 
2628.706576  	99.531390 
2629.063883  	99.480495 
2629.421190  	99.425304 
2629.778497  	99.551080 
2630.135804  	99.685564 
2630.493111  	99.621606 
2630.850417  	99.461450 
2631.207724  	99.286067 
2631.565031  	99.457597 
2631.922338  	99.599739 
2632.279645  	99.538201 
2632.636952  	99.641743 
2632.994259  	99.517562 
2633.351566  	99.293557 
2633.708872  	99.241386 
2634.066179  	99.248873 
2634.423486  	99.428961 
2634.780793  	99.462170 
2635.138100  	99.344449 
2635.495407  	99.381170 
2635.852714  	99.441937 
2636.210020  	99.435712 
2636.567327  	99.304403 
2636.924634  	99.192195 
2637.281941  	99.244966 
2637.639248  	99.303509 
2637.996555  	99.425566 
2638.353862  	99.634800 
2638.711168  	99.589571 
2639.068475  	99.335736 
2639.425782  	99.194143 
2639.783089  	99.096142 
2640.140396  	99.240292 
2640.497703  	99.544292 
2640.855010  	99.379306 
2641.212316  	99.131546 
2641.569623  	99.245827 
2641.926930  	99.419485 
2642.284237  	99.337287 
2642.641544  	98.900243 
2642.998851  	98.820375 
2643.356158  	99.221196 
2643.713464  	99.297639 
2644.070771  	99.276528 
2644.428078  	99.366115 
2644.785385  	99.217283 
2645.142692  	99.148611 
2645.499999  	99.312371 
2645.857306  	99.306316 
2646.214613  	99.146796 
2646.571919  	99.091273 
2646.929226  	99.126764 
2647.286533  	99.240402 
2647.643840  	99.311410 
2648.001147  	99.315439 
2648.358454  	99.459574 
2648.715761  	99.462029 
2649.073067  	99.223748 
2649.430374  	99.154060 
2649.787681  	99.234703 
2650.144988  	99.250943 
2650.502295  	99.156147 
2650.859602  	99.150981 
2651.216909  	99.284888 
2651.574215  	99.222167 
2651.931522  	99.121984 
2652.288829  	99.255543 
2652.646136  	99.413104 
2653.003443  	99.444202 
2653.360750  	99.374971 
2653.718057  	99.350805 
2654.075363  	99.389573 
2654.432670  	99.308799 
2654.789977  	99.145860 
2655.147284  	99.169184 
2655.504591  	99.383928 
2655.861898  	99.393207 
2656.219205  	99.204658 
2656.576511  	99.180587 
2656.933818  	99.256590 
2657.291125  	99.288610 
2657.648432  	99.273846 
2658.005739  	99.261013 
2658.363046  	99.341311 
2658.720353  	99.375487 
2659.077660  	99.269688 
2659.434966  	99.205858 
2659.792273  	99.281024 
2660.149580  	99.371544 
2660.506887  	99.334548 
2660.864194  	99.239071 
2661.221501  	99.222923 
2661.578808  	99.161799 
2661.936114  	99.061452 
2662.293421  	99.262196 
2662.650728  	99.546609 
2663.008035  	99.413335 
2663.365342  	99.127457 
2663.722649  	99.101469 
2664.079956  	99.318901 
2664.437262  	99.496758 
2664.794569  	99.330535 
2665.151876  	99.074963 
2665.509183  	99.116417 
2665.866490  	99.265006 
2666.223797  	99.306369 
2666.581104  	99.346692 
2666.938410  	99.310855 
2667.295717  	99.137736 
2667.653024  	99.121446 
2668.010331  	99.212088 
2668.367638  	99.201566 
2668.724945  	99.323102 
2669.082252  	99.519054 
2669.439558  	99.452355 
2669.796865  	99.244022 
2670.154172  	99.265903 
2670.511479  	99.484758 
2670.868786  	99.475492 
2671.226093  	99.343588 
2671.583400  	99.437591 
2671.940706  	99.459471 
2672.298013  	99.367269 
2672.655320  	99.463728 
2673.012627  	99.461807 
2673.369934  	99.314476 
2673.727241  	99.306458 
2674.084548  	99.263498 
2674.441855  	99.215428 
2674.799161  	99.254435 
2675.156468  	99.303859 
2675.513775  	99.437515 
2675.871082  	99.397506 
2676.228389  	99.239939 
2676.585696  	99.232007 
2676.943003  	99.195210 
2677.300309  	99.297050 
2677.657616  	99.505129 
2678.014923  	99.581116 
2678.372230  	99.546460 
2678.729537  	99.287361 
2679.086844  	99.212701 
2679.444151  	99.410135 
2679.801457  	99.386233 
2680.158764  	99.274048 
2680.516071  	99.152836 
2680.873378  	99.122527 
2681.230685  	99.213187 
2681.587992  	99.117166 
2681.945299  	99.145310 
2682.302605  	99.332227 
2682.659912  	99.293057 
2683.017219  	99.192871 
2683.374526  	99.145601 
2683.731833  	99.184566 
2684.089140  	99.254839 
2684.446447  	99.152876 
2684.803753  	99.138839 
2685.161060  	99.310334 
2685.518367  	99.300071 
2685.875674  	99.152887 
2686.232981  	99.115553 
2686.590288  	99.202884 
2686.947595  	99.412346 
2687.304902  	99.542198 
2687.662208  	99.337883 
2688.019515  	99.020772 
2688.376822  	98.971198 
2688.734129  	99.183805 
2689.091436  	99.405139 
2689.448743  	99.381531 
2689.806050  	99.113679 
2690.163356  	99.056408 
2690.520663  	99.304620 
2690.877970  	99.396684 
2691.235277  	99.322407 
2691.592584  	99.265344 
2691.949891  	99.183765 
2692.307198  	99.113082 
2692.664504  	99.111091 
2693.021811  	99.166444 
2693.379118  	99.129686 
2693.736425  	99.061366 
2694.093732  	99.122673 
2694.451039  	99.227205 
2694.808346  	99.369105 
2695.165652  	99.406577 
2695.522959  	99.269140 
2695.880266  	99.141612 
2696.237573  	99.079687 
2696.594880  	99.148570 
2696.952187  	99.257008 
2697.309494  	99.302160 
2697.666800  	99.190464 
2698.024107  	99.030376 
2698.381414  	99.183084 
2698.738721  	99.159569 
2699.096028  	98.871175 
2699.453335  	98.984567 
2699.810642  	99.186869 
2700.167949  	99.202299 
2700.525255  	99.133683 
2700.882562  	99.005497 
2701.239869  	98.981319 
2701.597176  	98.975548 
2701.954483  	98.991401 
2702.311790  	99.052740 
2702.669097  	99.196538 
2703.026403  	99.282568 
2703.383710  	99.009185 
2703.741017  	98.912976 
2704.098324  	99.100495 
2704.455631  	99.122994 
2704.812938  	99.184259 
2705.170245  	99.275934 
2705.527551  	99.331837 
2705.884858  	99.315844 
2706.242165  	99.127563 
2706.599472  	99.027017 
2706.956779  	98.994179 
2707.314086  	98.919092 
2707.671393  	98.890051 
2708.028699  	98.956785 
2708.386006  	99.043066 
2708.743313  	98.976674 
2709.100620  	98.891337 
2709.457927  	98.910309 
2709.815234  	98.957982 
2710.172541  	98.931028 
2710.529847  	98.944780 
2710.887154  	99.119487 
2711.244461  	99.041792 
2711.601768  	98.906400 
2711.959075  	99.006993 
2712.316382  	98.928339 
2712.673689  	98.934351 
2713.030996  	99.047779 
2713.388302  	98.962321 
2713.745609  	98.963149 
2714.102916  	98.975244 
2714.460223  	98.976616 
2714.817530  	98.982014 
2715.174837  	98.934093 
2715.532144  	99.094218 
2715.889450  	99.197825 
2716.246757  	99.089538 
2716.604064  	98.976182 
2716.961371  	98.831180 
2717.318678  	98.818290 
2717.675985  	98.771988 
2718.033292  	98.562491 
2718.390598  	98.635940 
2718.747905  	98.798404 
2719.105212  	98.714704 
2719.462519  	98.692296 
2719.819826  	98.697781 
2720.177133  	98.639977 
2720.534440  	98.707319 
2720.891746  	98.715111 
2721.249053  	98.636091 
2721.606360  	98.720061 
2721.963667  	98.897159 
2722.320974  	98.905759 
2722.678281  	98.700817 
2723.035588  	98.723557 
2723.392894  	98.940489 
2723.750201  	98.777164 
2724.107508  	98.475515 
2724.464815  	98.417860 
2724.822122  	98.454108 
2725.179429  	98.458858 
2725.536736  	98.444126 
2725.894043  	98.445779 
2726.251349  	98.374459 
2726.608656  	98.305336 
2726.965963  	98.252615 
2727.323270  	98.167980 
2727.680577  	98.345045 
2728.037884  	98.503220 
2728.395191  	98.375054 
2728.752497  	98.373347 
2729.109804  	98.424112 
2729.467111  	98.405126 
2729.824418  	98.309134 
2730.181725  	98.046418 
2730.539032  	97.978050 
2730.896339  	98.035979 
2731.253645  	97.967546 
2731.610952  	98.018817 
2731.968259  	98.049425 
2732.325566  	97.919301 
2732.682873  	97.915296 
2733.040180  	98.031621 
2733.397487  	98.017075 
2733.754793  	97.858111 
2734.112100  	97.806741 
2734.469407  	97.858070 
2734.826714  	97.803163 
2735.184021  	97.747747 
2735.541328  	97.814502 
2735.898635  	97.932845 
2736.255941  	97.956877 
2736.613248  	97.943439 
2736.970555  	98.027549 
2737.327862  	97.915381 
2737.685169  	97.716714 
2738.042476  	97.816107 
2738.399783  	97.829362 
2738.757090  	97.680277 
2739.114396  	97.700053 
2739.471703  	97.704963 
2739.829010  	97.641247 
2740.186317  	97.639967 
2740.543624  	97.564481 
2740.900931  	97.384578 
2741.258238  	97.307471 
2741.615544  	97.319247 
2741.972851  	97.305614 
2742.330158  	97.355938 
2742.687465  	97.371683 
2743.044772  	97.286669 
2743.402079  	97.184517 
2743.759386  	97.013869 
2744.116692  	96.913995 
2744.473999  	96.864738 
2744.831306  	96.768836 
2745.188613  	96.808307 
2745.545920  	96.775996 
2745.903227  	96.612206 
2746.260534  	96.633912 
2746.617840  	96.621786 
2746.975147  	96.458309 
2747.332454  	96.414728 
2747.689761  	96.349091 
2748.047068  	96.091249 
2748.404375  	95.873294 
2748.761682  	95.846306 
2749.118988  	95.854350 
2749.476295  	95.794926 
2749.833602  	95.799075 
2750.190909  	95.878230 
2750.548216  	95.951314 
2750.905523  	95.994945 
2751.262830  	95.884700 
2751.620136  	95.672028 
2751.977443  	95.538759 
2752.334750  	95.521740 
2752.692057  	95.546196 
2753.049364  	95.530532 
2753.406671  	95.615099 
2753.763978  	95.646534 
2754.121285  	95.426478 
2754.478591  	95.380787 
2754.835898  	95.432432 
2755.193205  	95.330225 
2755.550512  	95.431158 
2755.907819  	95.584315 
2756.265126  	95.475272 
2756.622433  	95.403898 
2756.979739  	95.590365 
2757.337046  	95.769290 
2757.694353  	95.793730 
2758.051660  	95.888735 
2758.408967  	95.902285 
2758.766274  	95.765709 
2759.123581  	95.911650 
2759.480887  	96.154813 
2759.838194  	96.109901 
2760.195501  	96.107252 
2760.552808  	96.303928 
2760.910115  	96.419232 
2761.267422  	96.454372 
2761.624729  	96.493335 
2761.982035  	96.564085 
2762.339342  	96.764905 
2762.696649  	96.945382 
2763.053956  	97.020326 
2763.411263  	97.094049 
2763.768570  	97.147920 
2764.125877  	97.166871 
2764.483183  	97.191330 
2764.840490  	97.323575 
2765.197797  	97.401503 
2765.555104  	97.326954 
2765.912411  	97.430693 
2766.269718  	97.628022 
2766.627025  	97.707494 
2766.984332  	97.746967 
2767.341638  	97.784351 
2767.698945  	97.833164 
2768.056252  	97.799872 
2768.413559  	97.821487 
2768.770866  	97.902258 
2769.128173  	97.808453 
2769.485480  	97.850327 
2769.842786  	98.130470 
2770.200093  	98.302639 
2770.557400  	98.313785 
2770.914707  	98.345050 
2771.272014  	98.468268 
2771.629321  	98.472818 
2771.986628  	98.383351 
2772.343934  	98.433389 
2772.701241  	98.530583 
2773.058548  	98.520413 
2773.415855  	98.450136 
2773.773162  	98.455876 
2774.130469  	98.440674 
2774.487776  	98.342174 
2774.845082  	98.422529 
2775.202389  	98.691328 
2775.559696  	98.897754 
2775.917003  	98.871241 
2776.274310  	98.628113 
2776.631617  	98.506054 
2776.988924  	98.700667 
2777.346230  	98.928645 
2777.703537  	98.926354 
2778.060844  	98.695716 
2778.418151  	98.454797 
2778.775458  	98.425490 
2779.132765  	98.384726 
2779.490072  	98.364538 
2779.847379  	98.617177 
2780.204685  	98.666722 
2780.561992  	98.562514 
2780.919299  	98.758941 
2781.276606  	98.922071 
2781.633913  	99.003300 
2781.991220  	99.023509 
2782.348527  	98.842604 
2782.705833  	98.787812 
2783.063140  	98.908724 
2783.420447  	99.019705 
2783.777754  	98.966895 
2784.135061  	98.772667 
2784.492368  	98.776390 
2784.849675  	98.854359 
2785.206981  	98.852881 
2785.564288  	98.890429 
2785.921595  	98.813451 
2786.278902  	98.779479 
2786.636209  	98.883628 
2786.993516  	98.841394 
2787.350823  	98.891661 
2787.708129  	99.070356 
2788.065436  	99.018675 
2788.422743  	98.930392 
2788.780050  	98.914728 
2789.137357  	98.869607 
2789.494664  	98.862956 
2789.851971  	98.858066 
2790.209277  	98.918586 
2790.566584  	99.092054 
2790.923891  	99.237883 
2791.281198  	99.194932 
2791.638505  	99.009194 
2791.995812  	98.927702 
2792.353119  	98.931744 
2792.710426  	99.012135 
2793.067732  	99.028034 
2793.425039  	98.813352 
2793.782346  	98.864684 
2794.139653  	99.157140 
2794.496960  	99.152002 
2794.854267  	98.973235 
2795.211574  	98.902612 
2795.568880  	98.957698 
2795.926187  	98.928234 
2796.283494  	98.876930 
2796.640801  	98.993670 
2796.998108  	99.042119 
2797.355415  	99.034363 
2797.712722  	99.096767 
2798.070028  	99.123045 
2798.427335  	99.077644 
2798.784642  	99.000233 
2799.141949  	98.965192 
2799.499256  	98.987684 
2799.856563  	99.144192 
2800.213870  	99.212054 
2800.571176  	99.022283 
2800.928483  	99.005206 
2801.285790  	99.018611 
2801.643097  	98.875330 
2802.000404  	98.943057 
2802.357711  	99.026528 
2802.715018  	98.971182 
2803.072324  	98.999814 
2803.429631  	99.089489 
2803.786938  	99.099878 
2804.144245  	99.052628 
2804.501552  	99.163182 
2804.858859  	99.250404 
2805.216166  	99.057856 
2805.573473  	98.851645 
2805.930779  	98.753713 
2806.288086  	98.826240 
2806.645393  	99.070634 
2807.002700  	99.064090 
2807.360007  	98.903322 
2807.717314  	98.969254 
2808.074621  	98.916504 
2808.431927  	98.731156 
2808.789234  	98.869081 
2809.146541  	98.956204 
2809.503848  	98.695698 
2809.861155  	98.627628 
2810.218462  	98.810234 
2810.575769  	98.852628 
2810.933075  	98.827139 
2811.290382  	98.853665 
2811.647689  	98.924700 
2812.004996  	99.032397 
2812.362303  	98.871998 
2812.719610  	98.530611 
2813.076917  	98.562692 
2813.434223  	98.748473 
2813.791530  	98.699165 
2814.148837  	98.695200 
2814.506144  	98.766025 
2814.863451  	98.647064 
2815.220758  	98.472437 
2815.578065  	98.520271 
2815.935371  	98.639027 
2816.292678  	98.538468 
2816.649985  	98.329488 
2817.007292  	98.218055 
2817.364599  	98.359635 
2817.721906  	98.580443 
2818.079213  	98.382213 
2818.436520  	98.094907 
2818.793826  	98.201879 
2819.151133  	98.308009 
2819.508440  	98.264668 
2819.865747  	98.256261 
2820.223054  	98.118384 
2820.580361  	97.935721 
2820.937668  	98.046971 
2821.294974  	98.141573 
2821.652281  	97.883822 
2822.009588  	97.732701 
2822.366895  	97.745093 
2822.724202  	97.776175 
2823.081509  	97.982940 
2823.438816  	97.937165 
2823.796122  	97.813803 
2824.153429  	97.957924 
2824.510736  	97.837571 
2824.868043  	97.705578 
2825.225350  	97.633713 
2825.582657  	97.353271 
2825.939964  	97.399803 
2826.297270  	97.487409 
2826.654577  	97.320622 
2827.011884  	97.348457 
2827.369191  	97.448492 
2827.726498  	97.505481 
2828.083805  	97.423492 
2828.441112  	97.103543 
2828.798418  	96.975196 
2829.155725  	97.133878 
2829.513032  	97.159808 
2829.870339  	96.991808 
2830.227646  	96.892858 
2830.584953  	96.882305 
2830.942260  	96.883157 
2831.299567  	96.793160 
2831.656873  	96.655288 
2832.014180  	96.726947 
2832.371487  	96.783791 
2832.728794  	96.644695 
2833.086101  	96.466188 
2833.443408  	96.364887 
2833.800715  	96.483079 
2834.158021  	96.524317 
2834.515328  	96.499016 
2834.872635  	96.589057 
2835.229942  	96.468677 
2835.587249  	96.332542 
2835.944556  	96.182169 
2836.301863  	96.026456 
2836.659169  	96.299529 
2837.016476  	96.490776 
2837.373783  	96.315684 
2837.731090  	96.101314 
2838.088397  	95.925811 
2838.445704  	95.924879 
2838.803011  	95.876446 
2839.160317  	95.703811 
2839.517624  	95.737303 
2839.874931  	95.877645 
2840.232238  	95.845440 
2840.589545  	95.717211 
2840.946852  	95.659786 
2841.304159  	95.563779 
2841.661465  	95.544277 
2842.018772  	95.575482 
2842.376079  	95.316193 
2842.733386  	95.072265 
2843.090693  	95.004765 
2843.448000  	94.911529 
2843.805307  	94.854932 
2844.162613  	94.779470 
2844.519920  	94.712155 
2844.877227  	94.657631 
2845.234534  	94.494194 
2845.591841  	94.319781 
2845.949148  	94.286457 
2846.306455  	94.307631 
2846.663762  	94.172166 
2847.021068  	93.969319 
2847.378375  	93.715000 
2847.735682  	93.573791 
2848.092989  	93.869032 
2848.450296  	94.086794 
2848.807603  	93.951712 
2849.164910  	93.752217 
2849.522216  	93.594701 
2849.879523  	93.614922 
2850.236830  	93.563207 
2850.594137  	93.421548 
2850.951444  	93.387725 
2851.308751  	93.333037 
2851.666058  	93.458484 
2852.023364  	93.661471 
2852.380671  	93.681372 
2852.737978  	93.596325 
2853.095285  	93.471590 
2853.452592  	93.570441 
2853.809899  	93.777544 
2854.167206  	93.852073 
2854.524512  	93.777144 
2854.881819  	93.502329 
2855.239126  	93.411305 
2855.596433  	93.484670 
2855.953740  	93.441411 
2856.311047  	93.530919 
2856.668354  	93.554286 
2857.025660  	93.351713 
2857.382967  	93.257955 
2857.740274  	93.277978 
2858.097581  	93.332195 
2858.454888  	93.323132 
2858.812195  	93.102706 
2859.169502  	92.914805 
2859.526809  	92.966874 
2859.884115  	93.006128 
2860.241422  	92.774787 
2860.598729  	92.435149 
2860.956036  	92.335688 
2861.313343  	92.361104 
2861.670650  	92.234619 
2862.027957  	92.025620 
2862.385263  	91.745887 
2862.742570  	91.634741 
2863.099877  	91.844867 
2863.457184  	91.914654 
2863.814491  	91.838914 
2864.171798  	91.732386 
2864.529105  	91.476566 
2864.886411  	91.317134 
2865.243718  	91.153926 
2865.601025  	90.954428 
2865.958332  	91.031288 
2866.315639  	91.161773 
2866.672946  	91.170786 
2867.030253  	91.124866 
2867.387559  	91.042530 
2867.744866  	91.037332 
2868.102173  	90.912762 
2868.459480  	90.750930 
2868.816787  	90.938179 
2869.174094  	91.026002 
2869.531401  	90.881914 
2869.888707  	91.070546 
2870.246014  	91.345049 
2870.603321  	91.399807 
2870.960628  	91.371204 
2871.317935  	91.278666 
2871.675242  	91.267168 
2872.032549  	91.404490 
2872.389856  	91.639018 
2872.747162  	91.786966 
2873.104469  	91.816262 
2873.461776  	91.850914 
2873.819083  	91.761509 
2874.176390  	91.873222 
2874.533697  	92.168330 
2874.891004  	92.192327 
2875.248310  	92.180838 
2875.605617  	92.171007 
2875.962924  	92.309613 
2876.320231  	92.637046 
2876.677538  	92.738050 
2877.034845  	92.805376 
2877.392152  	92.843407 
2877.749458  	92.940106 
2878.106765  	93.247380 
2878.464072  	93.302875 
2878.821379  	93.203842 
2879.178686  	93.282087 
2879.535993  	93.636581 
2879.893300  	93.880840 
2880.250606  	93.629983 
2880.607913  	93.607206 
2880.965220  	94.003304 
2881.322527  	94.313964 
2881.679834  	94.467792 
2882.037141  	94.434485 
2882.394448  	94.428616 
2882.751754  	94.716786 
2883.109061  	95.044664 
2883.466368  	95.015074 
2883.823675  	94.957122 
2884.180982  	95.136233 
2884.538289  	95.255581 
2884.895596  	95.501921 
2885.252903  	95.678981 
2885.610209  	95.644731 
2885.967516  	95.840867 
2886.324823  	95.828813 
2886.682130  	95.553510 
2887.039437  	95.578612 
2887.396744  	95.765837 
2887.754051  	95.879625 
2888.111357  	95.971499 
2888.468664  	96.078116 
2888.825971  	96.089940 
2889.183278  	96.206795 
2889.540585  	96.408545 
2889.897892  	96.405073 
2890.255199  	96.492350 
2890.612505  	96.630504 
2890.969812  	96.785369 
2891.327119  	97.054153 
2891.684426  	97.074224 
2892.041733  	97.082424 
2892.399040  	97.101156 
2892.756347  	96.947668 
2893.113653  	97.180471 
2893.470960  	97.621592 
2893.828267  	97.653277 
2894.185574  	97.480000 
2894.542881  	97.426544 
2894.900188  	97.459942 
2895.257495  	97.523966 
2895.614801  	97.621706 
2895.972108  	97.599453 
2896.329415  	97.438798 
2896.686722  	97.516183 
2897.044029  	97.767245 
2897.401336  	97.736777 
2897.758643  	97.711062 
2898.115950  	97.948755 
2898.473256  	98.186116 
2898.830563  	98.345090 
2899.187870  	98.307075 
2899.545177  	98.287846 
2899.902484  	98.387891 
2900.259791  	98.275006 
2900.617098  	98.234031 
2900.974404  	98.393189 
2901.331711  	98.544731 
2901.689018  	98.550344 
2902.046325  	98.353870 
2902.403632  	98.312850 
2902.760939  	98.410272 
2903.118246  	98.406714 
2903.475552  	98.362262 
2903.832859  	98.445805 
2904.190166  	98.461796 
2904.547473  	98.199359 
2904.904780  	98.295914 
2905.262087  	98.469929 
2905.619394  	98.295692 
2905.976700  	98.490675 
2906.334007  	98.770455 
2906.691314  	98.836518 
2907.048621  	98.788085 
2907.405928  	98.704042 
2907.763235  	98.959618 
2908.120542  	98.901484 
2908.477848  	98.514449 
2908.835155  	98.600397 
2909.192462  	98.887624 
2909.549769  	98.930660 
2909.907076  	98.778571 
2910.264383  	98.879440 
2910.621690  	99.052046 
2910.978997  	98.924885 
2911.336303  	98.829642 
2911.693610  	98.878507 
2912.050917  	99.040704 
2912.408224  	98.949214 
2912.765531  	98.789413 
2913.122838  	99.062611 
2913.480145  	99.092484 
2913.837451  	98.913707 
2914.194758  	99.041485 
2914.552065  	99.155799 
2914.909372  	98.947075 
2915.266679  	98.702670 
2915.623986  	98.901936 
2915.981293  	99.033826 
2916.338599  	99.070385 
2916.695906  	99.298772 
2917.053213  	99.050379 
2917.410520  	98.834417 
2917.767827  	99.015338 
2918.125134  	99.093257 
2918.482441  	99.161466 
2918.839747  	98.900686 
2919.197054  	98.663957 
2919.554361  	99.057480 
2919.911668  	99.239493 
2920.268975  	99.019132 
2920.626282  	99.112455 
2920.983589  	99.317785 
2921.340895  	99.313387 
2921.698202  	99.351828 
2922.055509  	99.379049 
2922.412816  	99.333865 
2922.770123  	99.290346 
2923.127430  	99.258865 
2923.484737  	99.417733 
2923.842043  	99.570211 
2924.199350  	99.592202 
2924.556657  	99.449160 
2924.913964  	99.161786 
2925.271271  	99.298956 
2925.628578  	99.491636 
2925.985885  	99.267067 
2926.343192  	99.134919 
2926.700498  	99.210787 
2927.057805  	99.350938 
2927.415112  	99.311460 
2927.772419  	99.219296 
2928.129726  	99.270763 
2928.487033  	99.099707 
2928.844340  	99.038154 
2929.201646  	99.228509 
2929.558953  	99.236624 
2929.916260  	99.168847 
2930.273567  	99.193724 
2930.630874  	99.332597 
2930.988181  	99.302931 
2931.345488  	99.099927 
2931.702794  	99.139144 
2932.060101  	99.295803 
2932.417408  	99.349132 
2932.774715  	99.195017 
2933.132022  	98.982350 
2933.489329  	99.044847 
2933.846636  	99.300375 
2934.203942  	99.592955 
2934.561249  	99.638240 
2934.918556  	99.422298 
2935.275863  	99.488153 
2935.633170  	99.794961 
2935.990477  	99.807544 
2936.347784  	99.576897 
2936.705090  	99.588681 
2937.062397  	99.709479 
2937.419704  	99.557943 
2937.777011  	99.375624 
2938.134318  	99.335357 
2938.491625  	99.362974 
2938.848932  	99.333514 
2939.206239  	99.118783 
2939.563545  	98.968679 
2939.920852  	98.943979 
2940.278159  	98.959485 
2940.635466  	99.264488 
2940.992773  	99.562301 
2941.350080  	99.452245 
2941.707387  	99.406655 
2942.064693  	99.549777 
2942.422000  	99.540046 
2942.779307  	99.395685 
2943.136614  	99.170113 
2943.493921  	99.284642 
2943.851228  	99.686870 
2944.208535  	99.568018 
2944.565841  	99.289453 
2944.923148  	99.315741 
2945.280455  	99.365371 
2945.637762  	99.475596 
2945.995069  	99.520140 
2946.352376  	99.487241 
2946.709683  	99.485554 
2947.066989  	99.468325 
2947.424296  	99.546879 
2947.781603  	99.534943 
2948.138910  	99.453488 
2948.496217  	99.328856 
2948.853524  	99.090364 
2949.210831  	99.148099 
2949.568137  	99.280703 
2949.925444  	99.335558 
2950.282751  	99.613903 
2950.640058  	99.690865 
2950.997365  	99.514916 
2951.354672  	99.387240 
2951.711979  	99.190988 
2952.069286  	99.204498 
2952.426592  	99.603185 
2952.783899  	99.830066 
2953.141206  	99.668355 
2953.498513  	99.497282 
2953.855820  	99.418999 
2954.213127  	99.435288 
2954.570434  	99.512928 
2954.927740  	99.470200 
2955.285047  	99.605594 
2955.642354  	99.944046 
2955.999661  	99.799794 
2956.356968  	99.305991 
2956.714275  	99.290973 
2957.071582  	99.542142 
2957.428888  	99.410645 
2957.786195  	99.337163 
2958.143502  	99.524410 
2958.500809  	99.411004 
2958.858116  	99.204453 
2959.215423  	99.302716 
2959.572730  	99.491537 
2959.930036  	99.454140 
2960.287343  	99.254725 
2960.644650  	99.182135 
2961.001957  	99.134579 
2961.359264  	99.216099 
2961.716571  	99.475470 
2962.073878  	99.373663 
2962.431184  	99.143733 
2962.788491  	99.152295 
2963.145798  	99.206678 
2963.503105  	99.404522 
2963.860412  	99.471498 
2964.217719  	99.303753 
2964.575026  	99.401581 
2964.932333  	99.551124 
2965.289639  	99.469236 
2965.646946  	99.278031 
2966.004253  	99.176432 
2966.361560  	99.385098 
2966.718867  	99.488178 
2967.076174  	99.394282 
2967.433481  	99.403089 
2967.790787  	99.250413 
2968.148094  	99.160854 
2968.505401  	99.236831 
2968.862708  	99.154800 
2969.220015  	99.106759 
2969.577322  	99.042623 
2969.934629  	99.087407 
2970.291935  	99.308840 
2970.649242  	99.194533 
2971.006549  	99.163537 
2971.363856  	99.541392 
2971.721163  	99.671584 
2972.078470  	99.554541 
2972.435777  	99.544487 
2972.793083  	99.504095 
2973.150390  	99.401915 
2973.507697  	99.426008 
2973.865004  	99.541085 
2974.222311  	99.550331 
2974.579618  	99.405343 
2974.936925  	99.249153 
2975.294231  	99.121540 
2975.651538  	99.019985 
2976.008845  	99.163121 
2976.366152  	99.455634 
2976.723459  	99.531790 
2977.080766  	99.385125 
2977.438073  	99.268008 
2977.795380  	99.261506 
2978.152686  	99.124711 
2978.509993  	98.997342 
2978.867300  	99.068798 
2979.224607  	99.074827 
2979.581914  	99.194114 
2979.939221  	99.355539 
2980.296528  	99.220658 
2980.653834  	99.234886 
2981.011141  	99.430539 
2981.368448  	99.410261 
2981.725755  	99.427152 
2982.083062  	99.460154 
2982.440369  	99.195591 
2982.797676  	99.141524 
2983.154982  	99.339556 
2983.512289  	99.170246 
2983.869596  	99.031836 
2984.226903  	98.964145 
2984.584210  	98.693435 
2984.941517  	98.840283 
2985.298824  	99.068964 
2985.656130  	98.958563 
2986.013437  	99.065939 
2986.370744  	99.143528 
2986.728051  	98.937809 
2987.085358  	98.953070 
2987.442665  	99.097999 
2987.799972  	99.020669 
2988.157278  	98.931213 
2988.514585  	98.837831 
2988.871892  	98.687672 
2989.229199  	98.692818 
2989.586506  	98.754241 
2989.943813  	98.979700 
2990.301120  	99.273588 
2990.658427  	99.060151 
2991.015733  	98.564643 
2991.373040  	98.453817 
2991.730347  	98.782249 
2992.087654  	98.937088 
2992.444961  	98.856961 
2992.802268  	98.851342 
2993.159575  	98.612307 
2993.516881  	98.482992 
2993.874188  	98.693507 
2994.231495  	98.765132 
2994.588802  	98.813825 
2994.946109  	98.832384 
2995.303416  	98.786143 
2995.660723  	98.779817 
2996.018029  	98.730928 
2996.375336  	98.756412 
2996.732643  	98.771784 
2997.089950  	98.725048 
2997.447257  	98.708831 
2997.804564  	98.796500 
2998.161871  	98.939903 
2998.519177  	98.879306 
2998.876484  	98.820460 
2999.233791  	98.858813 
2999.591098  	98.853901 
2999.948405  	98.966810 
3000.305712  	99.074344 
3000.663019  	99.128003 
3001.020325  	99.165042 
3001.377632  	98.952574 
3001.734939  	98.762554 
3002.092246  	98.896318 
3002.449553  	98.975315 
3002.806860  	98.985240 
3003.164167  	99.026645 
3003.521473  	98.840745 
3003.878780  	98.940703 
3004.236087  	99.275980 
3004.593394  	99.076121 
3004.950701  	98.802522 
3005.308008  	98.739380 
3005.665315  	98.699596 
3006.022622  	98.742680 
3006.379928  	98.687674 
3006.737235  	98.644108 
3007.094542  	98.627493 
3007.451849  	98.550288 
3007.809156  	98.569071 
3008.166463  	98.642710 
3008.523770  	98.685586 
3008.881076  	98.652853 
3009.238383  	98.685882 
3009.595690  	98.823387 
3009.952997  	98.900653 
3010.310304  	98.786733 
3010.667611  	98.510064 
3011.024918  	98.536536 
3011.382224  	98.811601 
3011.739531  	98.990996 
3012.096838  	99.056362 
3012.454145  	98.769992 
3012.811452  	98.482809 
3013.168759  	98.700757 
3013.526066  	98.985907 
3013.883372  	98.826617 
3014.240679  	98.421541 
3014.597986  	98.298725 
3014.955293  	98.525991 
3015.312600  	98.716852 
3015.669907  	98.549206 
3016.027214  	98.364434 
3016.384520  	98.389621 
3016.741827  	98.188136 
3017.099134  	98.010036 
3017.456441  	98.143763 
3017.813748  	98.249273 
3018.171055  	98.197954 
3018.528362  	98.156717 
3018.885669  	98.317031 
3019.242975  	98.378873 
3019.600282  	98.271993 
3019.957589  	98.228173 
3020.314896  	98.197972 
3020.672203  	98.267989 
3021.029510  	98.155538 
3021.386817  	97.946131 
3021.744123  	98.045898 
3022.101430  	98.120071 
3022.458737  	98.127257 
3022.816044  	98.216336 
3023.173351  	98.261741 
3023.530658  	98.116738 
3023.887965  	98.017452 
3024.245271  	98.292234 
3024.602578  	98.397567 
3024.959885  	98.295672 
3025.317192  	98.372946 
3025.674499  	98.257213 
3026.031806  	98.026148 
3026.389113  	98.091790 
3026.746419  	98.301205 
3027.103726  	98.355442 
3027.461033  	98.400292 
3027.818340  	98.481678 
3028.175647  	98.466847 
3028.532954  	98.526221 
3028.890261  	98.448218 
3029.247567  	98.295369 
3029.604874  	98.286856 
3029.962181  	98.095613 
3030.319488  	98.004064 
3030.676795  	98.198295 
3031.034102  	98.274910 
3031.391409  	98.098440 
3031.748716  	97.929269 
3032.106022  	98.097148 
3032.463329  	98.279750 
3032.820636  	98.188601 
3033.177943  	98.083051 
3033.535250  	98.206668 
3033.892557  	98.399628 
3034.249864  	98.294250 
3034.607170  	98.151531 
3034.964477  	98.145709 
3035.321784  	98.190842 
3035.679091  	98.299355 
3036.036398  	98.192921 
3036.393705  	98.055555 
3036.751012  	98.069159 
3037.108318  	98.013162 
3037.465625  	97.984166 
3037.822932  	98.040773 
3038.180239  	98.056230 
3038.537546  	97.949169 
3038.894853  	97.993321 
3039.252160  	98.278016 
3039.609466  	98.414450 
3039.966773  	98.474587 
3040.324080  	98.483997 
3040.681387  	98.323359 
3041.038694  	98.310898 
3041.396001  	98.351817 
3041.753308  	98.245640 
3042.110614  	98.253933 
3042.467921  	98.222613 
3042.825228  	98.131573 
3043.182535  	98.223643 
3043.539842  	98.069671 
3043.897149  	97.927794 
3044.254456  	98.168751 
3044.611763  	98.225621 
3044.969069  	98.278506 
3045.326376  	98.377011 
3045.683683  	98.128962 
3046.040990  	97.726001 
3046.398297  	97.495283 
3046.755604  	97.688190 
3047.112911  	97.822976 
3047.470217  	97.857681 
3047.827524  	98.096257 
3048.184831  	98.058587 
3048.542138  	98.035216 
3048.899445  	98.072326 
3049.256752  	97.922303 
3049.614059  	97.894845 
3049.971365  	97.845817 
3050.328672  	97.992055 
3050.685979  	98.167486 
3051.043286  	98.009849 
3051.400593  	97.888576 
3051.757900  	97.719265 
3052.115207  	97.546523 
3052.472513  	97.444425 
3052.829820  	97.405466 
3053.187127  	97.598850 
3053.544434  	97.803231 
3053.901741  	98.002341 
3054.259048  	98.063500 
3054.616355  	97.834792 
3054.973661  	97.626897 
3055.330968  	97.551144 
3055.688275  	97.453209 
3056.045582  	97.265546 
3056.402889  	97.258250 
3056.760196  	97.358414 
3057.117503  	97.396972 
3057.474810  	97.464897 
3057.832116  	97.243390 
3058.189423  	96.939665 
3058.546730  	96.941303 
3058.904037  	97.010621 
3059.261344  	97.104395 
3059.618651  	97.235070 
3059.975958  	97.306064 
3060.333264  	97.310693 
3060.690571  	97.264853 
3061.047878  	97.068088 
3061.405185  	96.763343 
3061.762492  	96.605694 
3062.119799  	96.599749 
3062.477106  	96.631230 
3062.834412  	96.626644 
3063.191719  	96.778007 
3063.549026  	96.842537 
3063.906333  	96.450174 
3064.263640  	96.368995 
3064.620947  	96.529294 
3064.978254  	96.392806 
3065.335560  	96.322653 
3065.692867  	96.118555 
3066.050174  	95.958295 
3066.407481  	96.157799 
3066.764788  	96.262812 
3067.122095  	96.146582 
3067.479402  	96.035553 
3067.836708  	96.234687 
3068.194015  	96.425105 
3068.551322  	96.309369 
3068.908629  	96.222838 
3069.265936  	96.143307 
3069.623243  	96.136261 
3069.980550  	96.093379 
3070.337857  	95.821928 
3070.695163  	95.763893 
3071.052470  	95.991326 
3071.409777  	96.157275 
3071.767084  	96.082490 
3072.124391  	95.958699 
3072.481698  	96.038746 
3072.839005  	96.214605 
3073.196311  	96.414098 
3073.553618  	96.546426 
3073.910925  	96.417535 
3074.268232  	96.102496 
3074.625539  	96.096451 
3074.982846  	96.497837 
3075.340153  	96.642288 
3075.697459  	96.456015 
3076.054766  	96.283020 
3076.412073  	96.189383 
3076.769380  	96.348382 
3077.126687  	96.732866 
3077.483994  	97.086425 
3077.841301  	97.110586 
3078.198607  	96.822245 
3078.555914  	96.705110 
3078.913221  	96.842122 
3079.270528  	96.922441 
3079.627835  	96.795543 
3079.985142  	96.622283 
3080.342449  	96.694741 
3080.699755  	96.990347 
3081.057062  	97.277984 
3081.414369  	97.426913 
3081.771676  	97.445372 
3082.128983  	97.446424 
3082.486290  	97.456968 
3082.843597  	97.324909 
3083.200904  	97.198681 
3083.558210  	97.256796 
3083.915517  	97.141851 
3084.272824  	96.925285 
3084.630131  	96.937826 
3084.987438  	96.951968 
3085.344745  	96.954070 
3085.702052  	97.071046 
3086.059358  	97.244254 
3086.416665  	97.318077 
3086.773972  	97.169283 
3087.131279  	97.142410 
3087.488586  	97.278233 
3087.845893  	97.350111 
3088.203200  	97.536859 
3088.560506  	97.645623 
3088.917813  	97.503721 
3089.275120  	97.361800 
3089.632427  	97.260202 
3089.989734  	97.324949 
3090.347041  	97.439049 
3090.704348  	97.299276 
3091.061654  	97.334799 
3091.418961  	97.556503 
3091.776268  	97.424489 
3092.133575  	97.292618 
3092.490882  	97.328109 
3092.848189  	97.265752 
3093.205496  	97.465783 
3093.562802  	97.803432 
3093.920109  	97.735871 
3094.277416  	97.459130 
3094.634723  	97.329811 
3094.992030  	97.375157 
3095.349337  	97.404660 
3095.706644  	97.328070 
3096.063950  	97.235550 
3096.421257  	97.221620 
3096.778564  	97.461726 
3097.135871  	97.684617 
3097.493178  	97.512689 
3097.850485  	97.360388 
3098.207792  	97.565858 
3098.565099  	97.873781 
3098.922405  	98.101250 
3099.279712  	98.284812 
3099.637019  	98.297120 
3099.994326  	97.984454 
3100.351633  	97.826390 
3100.708940  	98.035497 
3101.066247  	98.143125 
3101.423553  	98.179659 
3101.780860  	98.044769 
3102.138167  	97.690014 
3102.495474  	97.922382 
3102.852781  	98.539429 
3103.210088  	98.646515 
3103.567395  	98.409340 
3103.924701  	98.288198 
3104.282008  	98.381961 
3104.639315  	98.378924 
3104.996622  	98.164142 
3105.353929  	98.173042 
3105.711236  	98.366061 
3106.068543  	98.496257 
3106.425849  	98.492536 
3106.783156  	98.286232 
3107.140463  	98.305625 
3107.497770  	98.559222 
3107.855077  	98.485071 
3108.212384  	98.394391 
3108.569691  	98.640526 
3108.926997  	98.765732 
3109.284304  	98.665873 
3109.641611  	98.714978 
3109.998918  	98.874117 
3110.356225  	98.946446 
3110.713532  	98.910283 
3111.070839  	98.667929 
3111.428146  	98.464963 
3111.785452  	98.660695 
3112.142759  	98.939819 
3112.500066  	98.900672 
3112.857373  	98.712677 
3113.214680  	98.752732 
3113.571987  	98.807853 
3113.929294  	98.591235 
3114.286600  	98.533831 
3114.643907  	98.536303 
3115.001214  	98.342318 
3115.358521  	98.403736 
3115.715828  	98.516922 
3116.073135  	98.350084 
3116.430442  	98.235669 
3116.787748  	98.389222 
3117.145055  	98.649296 
3117.502362  	98.629667 
3117.859669  	98.407910 
3118.216976  	98.367822 
3118.574283  	98.575612 
3118.931590  	98.761426 
3119.288896  	98.684177 
3119.646203  	98.709732 
3120.003510  	98.776932 
3120.360817  	98.604175 
3120.718124  	98.642425 
3121.075431  	98.737573 
3121.432738  	98.644639 
3121.790044  	98.648840 
3122.147351  	98.616733 
3122.504658  	98.612467 
3122.861965  	98.786986 
3123.219272  	98.798218 
3123.576579  	98.671863 
3123.933886  	98.773414 
3124.291193  	98.845509 
3124.648499  	98.678507 
3125.005806  	98.671422 
3125.363113  	98.704198 
3125.720420  	98.661337 
3126.077727  	98.707232 
3126.435034  	98.547515 
3126.792341  	98.505428 
3127.149647  	98.889859 
3127.506954  	99.010190 
3127.864261  	98.735546 
3128.221568  	98.602293 
3128.578875  	98.654029 
3128.936182  	98.591779 
3129.293489  	98.503108 
3129.650795  	98.577260 
3130.008102  	98.565768 
3130.365409  	98.505259 
3130.722716  	98.603966 
3131.080023  	98.465588 
3131.437330  	98.257878 
3131.794637  	98.660065 
3132.151943  	99.042891 
3132.509250  	98.866855 
3132.866557  	98.794343 
3133.223864  	98.900238 
3133.581171  	98.935237 
3133.938478  	98.985169 
3134.295785  	99.072638 
3134.653091  	99.126857 
3135.010398  	98.962628 
3135.367705  	98.826719 
3135.725012  	98.834859 
3136.082319  	98.790253 
3136.439626  	98.862243 
3136.796933  	98.936117 
3137.154240  	98.894737 
3137.511546  	98.739260 
3137.868853  	98.520222 
3138.226160  	98.673740 
3138.583467  	98.925618 
3138.940774  	98.755790 
3139.298081  	98.529057 
3139.655388  	98.560438 
3140.012694  	98.465549 
3140.370001  	98.308613 
3140.727308  	98.626270 
3141.084615  	98.783923 
3141.441922  	98.637046 
3141.799229  	98.920260 
3142.156536  	98.938843 
3142.513842  	98.620432 
3142.871149  	98.679466 
3143.228456  	98.734520 
3143.585763  	98.723801 
3143.943070  	98.704848 
3144.300377  	98.606016 
3144.657684  	98.499853 
3145.014990  	98.259893 
3145.372297  	98.401407 
3145.729604  	98.854993 
3146.086911  	98.907131 
3146.444218  	98.970130 
3146.801525  	98.965950 
3147.158832  	98.590282 
3147.516138  	98.549676 
3147.873445  	98.658503 
3148.230752  	98.580718 
3148.588059  	98.760183 
3148.945366  	98.867054 
3149.302673  	98.585443 
3149.659980  	98.429750 
3150.017287  	98.653251 
3150.374593  	98.897406 
3150.731900  	98.971231 
3151.089207  	99.010734 
3151.446514  	98.863001 
3151.803821  	98.776579 
3152.161128  	99.074747 
3152.518435  	99.225266 
3152.875741  	99.081785 
3153.233048  	98.960749 
3153.590355  	98.936725 
3153.947662  	98.884342 
3154.304969  	98.718042 
3154.662276  	98.840323 
3155.019583  	99.222873 
3155.376889  	99.289188 
3155.734196  	99.097818 
3156.091503  	99.209958 
3156.448810  	99.488655 
3156.806117  	99.229071 
3157.163424  	99.005044 
3157.520731  	99.243721 
3157.878037  	99.060479 
3158.235344  	98.818565 
3158.592651  	99.036780 
3158.949958  	98.967943 
3159.307265  	98.611390 
3159.664572  	98.592102 
3160.021879  	98.779796 
3160.379185  	98.771522 
3160.736492  	98.847485 
3161.093799  	99.061747 
3161.451106  	99.013738 
3161.808413  	98.970443 
3162.165720  	99.171635 
3162.523027  	99.345161 
3162.880334  	99.196011 
3163.237640  	98.935512 
3163.594947  	99.022598 
3163.952254  	99.127473 
3164.309561  	99.018488 
3164.666868  	98.896756 
3165.024175  	98.828723 
3165.381482  	99.069129 
3165.738788  	99.271490 
3166.096095  	99.107531 
3166.453402  	99.123974 
3166.810709  	99.282782 
3167.168016  	99.260734 
3167.525323  	99.222769 
3167.882630  	99.197256 
3168.239936  	99.212925 
3168.597243  	99.211480 
3168.954550  	99.090606 
3169.311857  	99.051275 
3169.669164  	99.057071 
3170.026471  	99.169237 
3170.383778  	99.418587 
3170.741084  	99.376535 
3171.098391  	99.267893 
3171.455698  	99.179694 
3171.813005  	98.951229 
3172.170312  	99.097347 
3172.527619  	99.197168 
3172.884926  	98.953323 
3173.242232  	99.064239 
3173.599539  	99.174163 
3173.956846  	98.804734 
3174.314153  	98.510206 
3174.671460  	98.857526 
3175.028767  	99.319293 
3175.386074  	99.188797 
3175.743380  	98.998261 
3176.100687  	98.892485 
3176.457994  	98.703759 
3176.815301  	98.782877 
3177.172608  	98.819358 
3177.529915  	98.685137 
3177.887222  	98.688253 
3178.244529  	98.856756 
3178.601835  	99.018529 
3178.959142  	98.788509 
3179.316449  	98.538068 
3179.673756  	98.763252 
3180.031063  	98.970296 
3180.388370  	98.959794 
3180.745677  	98.935707 
3181.102983  	98.647875 
3181.460290  	98.363607 
3181.817597  	98.611688 
3182.174904  	98.794890 
3182.532211  	98.563757 
3182.889518  	98.558607 
3183.246825  	98.835019 
3183.604131  	98.971522 
3183.961438  	98.959323 
3184.318745  	99.108525 
3184.676052  	99.203032 
3185.033359  	98.917001 
3185.390666  	98.781408 
3185.747973  	98.943270 
3186.105279  	99.094166 
3186.462586  	99.148424 
3186.819893  	99.035034 
3187.177200  	99.077294 
3187.534507  	99.268840 
3187.891814  	99.170324 
3188.249121  	98.894091 
3188.606427  	98.968101 
3188.963734  	99.316751 
3189.321041  	99.272039 
3189.678348  	99.286857 
3190.035655  	99.653414 
3190.392962  	99.646865 
3190.750269  	99.585853 
3191.107576  	99.590418 
3191.464882  	99.337764 
3191.822189  	99.192322 
3192.179496  	99.140352 
3192.536803  	99.098295 
3192.894110  	99.115908 
3193.251417  	99.186996 
3193.608724  	99.305893 
3193.966030  	99.318968 
3194.323337  	99.301744 
3194.680644  	99.168496 
3195.037951  	99.063580 
3195.395258  	99.347528 
3195.752565  	99.648281 
3196.109872  	99.677043 
3196.467178  	99.559755 
3196.824485  	99.516886 
3197.181792  	99.691120 
3197.539099  	99.876268 
3197.896406  	99.873382 
3198.253713  	99.515077 
3198.611020  	98.993727 
3198.968326  	98.990640 
3199.325633  	99.463026 
3199.682940  	99.654646 
3200.040247  	99.609588 
3200.397554  	99.723964 
3200.754861  	99.670496 
3201.112168  	99.404675 
3201.469474  	99.168221 
3201.826781  	99.131646 
3202.184088  	99.273178 
3202.541395  	99.248579 
3202.898702  	99.433997 
3203.256009  	99.554062 
3203.613316  	99.122179 
3203.970623  	99.204415 
3204.327929  	99.587485 
3204.685236  	99.465327 
3205.042543  	99.301007 
3205.399850  	99.244564 
3205.757157  	99.272377 
3206.114464  	99.243521 
3206.471771  	99.235516 
3206.829077  	99.312653 
3207.186384  	99.182815 
3207.543691  	99.380111 
3207.900998  	99.789760 
3208.258305  	99.679040 
3208.615612  	99.491315 
3208.972919  	99.543093 
3209.330225  	99.418299 
3209.687532  	99.158194 
3210.044839  	99.269223 
3210.402146  	99.472829 
3210.759453  	99.446332 
3211.116760  	99.547036 
3211.474067  	99.661409 
3211.831373  	99.596009 
3212.188680  	99.352418 
3212.545987  	99.246133 
3212.903294  	99.479436 
3213.260601  	99.469628 
3213.617908  	99.303649 
3213.975215  	99.301444 
3214.332521  	99.373062 
3214.689828  	99.422438 
3215.047135  	99.227559 
3215.404442  	99.236081 
3215.761749  	99.439634 
3216.119056  	99.415164 
3216.476363  	99.370046 
3216.833670  	99.271628 
3217.190976  	99.359506 
3217.548283  	99.609667 
3217.905590  	99.626803 
3218.262897  	99.549847 
3218.620204  	99.399217 
3218.977511  	99.564950 
3219.334818  	99.927012 
3219.692124  	99.574326 
3220.049431  	98.999082 
3220.406738  	99.025479 
3220.764045  	99.246327 
3221.121352  	99.318078 
3221.478659  	99.385281 
3221.835966  	99.338711 
3222.193272  	99.339660 
3222.550579  	99.495363 
3222.907886  	99.425928 
3223.265193  	99.368259 
3223.622500  	99.379706 
3223.979807  	99.350906 
3224.337114  	99.427945 
3224.694420  	99.272548 
3225.051727  	99.159642 
3225.409034  	99.245665 
3225.766341  	99.334230 
3226.123648  	99.682670 
3226.480955  	99.673362 
3226.838262  	99.178553 
3227.195568  	98.938572 
3227.552875  	98.999428 
3227.910182  	99.234338 
3228.267489  	99.484814 
3228.624796  	99.793168 
3228.982103  	99.936610 
3229.339410  	99.614168 
3229.696717  	99.438924 
3230.054023  	99.463712 
3230.411330  	99.377893 
3230.768637  	99.531960 
3231.125944  	99.676876 
3231.483251  	99.429444 
3231.840558  	99.442491 
3232.197865  	99.832855 
3232.555171  	99.842007 
3232.912478  	99.659988 
3233.269785  	99.578375 
3233.627092  	99.506829 
3233.984399  	99.657523 
3234.341706  	99.722350 
3234.699013  	99.625755 
3235.056319  	99.554432 
3235.413626  	99.444191 
3235.770933  	99.533926 
3236.128240  	99.551358 
3236.485547  	99.434285 
3236.842854  	99.560496 
3237.200161  	99.681117 
3237.557467  	99.754200 
3237.914774  	99.690083 
3238.272081  	99.372987 
3238.629388  	99.281247 
3238.986695  	99.461735 
3239.344002  	99.491095 
3239.701309  	99.318612 
3240.058615  	99.315198 
3240.415922  	99.534916 
3240.773229  	99.560018 
3241.130536  	99.347758 
3241.487843  	99.248457 
3241.845150  	99.352768 
3242.202457  	99.342180 
3242.559764  	99.216076 
3242.917070  	99.304117 
3243.274377  	99.331257 
3243.631684  	99.229176 
3243.988991  	99.458272 
3244.346298  	99.657741 
3244.703605  	99.550555 
3245.060912  	99.644968 
3245.418218  	99.731417 
3245.775525  	99.601962 
3246.132832  	99.621912 
3246.490139  	99.594090 
3246.847446  	99.532699 
3247.204753  	99.626952 
3247.562060  	99.555179 
3247.919366  	99.322222 
3248.276673  	99.184320 
3248.633980  	99.209905 
3248.991287  	99.262785 
3249.348594  	99.309378 
3249.705901  	99.510239 
3250.063208  	99.685128 
3250.420514  	99.671851 
3250.777821  	99.526655 
3251.135128  	99.362913 
3251.492435  	99.312963 
3251.849742  	99.446418 
3252.207049  	99.691279 
3252.564356  	99.592634 
3252.921662  	99.350043 
3253.278969  	99.442894 
3253.636276  	99.541462 
3253.993583  	99.503426 
3254.350890  	99.273224 
3254.708197  	99.348104 
3255.065504  	99.946394 
3255.422810  	99.820047 
3255.780117  	99.357178 
3256.137424  	99.455778 
3256.494731  	99.461675 
3256.852038  	99.377000 
3257.209345  	99.503264 
3257.566652  	99.845859 
3257.923959  	100.010214 
3258.281265  	99.633213 
3258.638572  	99.443102 
3258.995879  	99.607704 
3259.353186  	99.843107 
3259.710493  	99.951700 
3260.067800  	99.624997 
3260.425107  	99.539782 
3260.782413  	99.859080 
3261.139720  	99.945026 
3261.497027  	99.876420 
3261.854334  	99.803591 
3262.211641  	99.768026 
3262.568948  	99.684498 
3262.926255  	99.427849 
3263.283561  	99.290761 
3263.640868  	99.478460 
3263.998175  	99.627078 
3264.355482  	99.328387 
3264.712789  	99.146763 
3265.070096  	99.304677 
3265.427403  	99.230297 
3265.784709  	99.501615 
3266.142016  	100.041633 
3266.499323  	99.840386 
3266.856630  	99.582425 
3267.213937  	99.677876 
3267.571244  	99.722966 
3267.928551  	99.813238 
3268.285857  	99.568761 
3268.643164  	99.254321 
3269.000471  	99.492146 
3269.357778  	99.688980 
3269.715085  	99.695891 
3270.072392  	99.765075 
3270.429699  	99.632562 
3270.787006  	99.466931 
3271.144312  	99.521991 
3271.501619  	99.596076 
3271.858926  	99.609144 
3272.216233  	99.739375 
3272.573540  	99.836468 
3272.930847  	99.665486 
3273.288154  	99.443582 
3273.645460  	99.267707 
3274.002767  	99.169990 
3274.360074  	99.207436 
3274.717381  	99.333086 
3275.074688  	99.562706 
3275.431995  	99.526071 
3275.789302  	99.420767 
3276.146608  	99.765805 
3276.503915  	99.858147 
3276.861222  	99.555957 
3277.218529  	99.544770 
3277.575836  	99.625505 
3277.933143  	99.525764 
3278.290450  	99.471827 
3278.647756  	99.615085 
3279.005063  	99.629580 
3279.362370  	99.471358 
3279.719677  	99.587787 
3280.076984  	99.610127 
3280.434291  	99.327615 
3280.791598  	99.200465 
3281.148904  	99.121183 
3281.506211  	99.261214 
3281.863518  	99.770054 
3282.220825  	99.994481 
3282.578132  	99.920065 
3282.935439  	99.893257 
3283.292746  	99.704882 
3283.650053  	99.466253 
3284.007359  	99.551677 
3284.364666  	99.624462 
3284.721973  	99.282560 
3285.079280  	99.162453 
3285.436587  	99.563541 
3285.793894  	99.716945 
3286.151201  	99.638232 
3286.508507  	99.783015 
3286.865814  	99.884405 
3287.223121  	99.767824 
3287.580428  	99.441051 
3287.937735  	99.093655 
3288.295042  	99.065523 
3288.652349  	99.342059 
3289.009655  	99.721406 
3289.366962  	99.683915 
3289.724269  	99.268339 
3290.081576  	99.323214 
3290.438883  	99.640954 
3290.796190  	99.533602 
3291.153497  	99.286151 
3291.510803  	99.407131 
3291.868110  	99.745285 
3292.225417  	99.765813 
3292.582724  	99.605673 
3292.940031  	99.571272 
3293.297338  	99.538609 
3293.654645  	99.626372 
3294.011951  	99.688823 
3294.369258  	99.598576 
3294.726565  	99.675869 
3295.083872  	99.712452 
3295.441179  	99.506025 
3295.798486  	99.321686 
3296.155793  	99.275871 
3296.513100  	99.347339 
3296.870406  	99.474452 
3297.227713  	99.534167 
3297.585020  	99.389622 
3297.942327  	99.334244 
3298.299634  	99.664437 
3298.656941  	99.886886 
3299.014248  	99.778216 
3299.371554  	99.592698 
3299.728861  	99.406595 
3300.086168  	99.473440 
3300.443475  	99.684848 
3300.800782  	99.565077 
3301.158089  	99.337397 
3301.515396  	99.363074 
3301.872702  	99.473114 
3302.230009  	99.541498 
3302.587316  	99.612625 
3302.944623  	99.698099 
3303.301930  	99.833927 
3303.659237  	99.722509 
3304.016544  	99.223945 
3304.373850  	99.135665 
3304.731157  	99.659146 
3305.088464  	99.966273 
3305.445771  	99.910985 
3305.803078  	99.796511 
3306.160385  	99.727944 
3306.517692  	99.626691 
3306.874998  	99.302181 
3307.232305  	99.174654 
3307.589612  	99.339777 
3307.946919  	99.230291 
3308.304226  	99.060109 
3308.661533  	99.126809 
3309.018840  	99.284629 
3309.376147  	99.525119 
3309.733453  	99.717848 
3310.090760  	99.711793 
3310.448067  	99.550989 
3310.805374  	99.557768 
3311.162681  	99.670672 
3311.519988  	99.517402 
3311.877295  	99.531748 
3312.234601  	99.747070 
3312.591908  	99.656856 
3312.949215  	99.436136 
3313.306522  	99.390659 
3313.663829  	99.621350 
3314.021136  	99.638907 
3314.378443  	99.424462 
3314.735749  	99.724681 
3315.093056  	99.910852 
3315.450363  	99.605659 
3315.807670  	99.502005 
3316.164977  	99.356736 
3316.522284  	99.193782 
3316.879591  	99.451320 
3317.236897  	99.682719 
3317.594204  	99.595215 
3317.951511  	99.523771 
3318.308818  	99.494198 
3318.666125  	99.383051 
3319.023432  	99.437636 
3319.380739  	99.541232 
3319.738045  	99.351877 
3320.095352  	99.079130 
3320.452659  	99.157205 
3320.809966  	99.565310 
3321.167273  	99.668701 
3321.524580  	99.545962 
3321.881887  	99.564133 
3322.239194  	99.276832 
3322.596500  	99.067442 
3322.953807  	99.375490 
3323.311114  	99.532241 
3323.668421  	99.437478 
3324.025728  	99.424356 
3324.383035  	99.405398 
3324.740342  	99.214799 
3325.097648  	99.146487 
3325.454955  	99.499204 
3325.812262  	99.585547 
3326.169569  	99.130652 
3326.526876  	98.922978 
3326.884183  	99.080351 
3327.241490  	99.179328 
3327.598796  	99.245720 
3327.956103  	99.368390 
3328.313410  	99.461429 
3328.670717  	99.446838 
3329.028024  	99.315951 
3329.385331  	99.180791 
3329.742638  	99.189375 
3330.099944  	99.357249 
3330.457251  	99.445261 
3330.814558  	99.456209 
3331.171865  	99.598473 
3331.529172  	99.486009 
3331.886479  	99.235839 
3332.243786  	99.352005 
3332.601092  	99.393366 
3332.958399  	99.311608 
3333.315706  	99.270998 
3333.673013  	99.084613 
3334.030320  	99.020086 
3334.387627  	98.981736 
3334.744934  	98.972391 
3335.102240  	99.128512 
3335.459547  	99.121953 
3335.816854  	99.163643 
3336.174161  	99.272424 
3336.531468  	99.184131 
3336.888775  	99.113420 
3337.246082  	99.149367 
3337.603389  	99.243547 
3337.960695  	99.224352 
3338.318002  	99.113577 
3338.675309  	99.172908 
3339.032616  	99.368303 
3339.389923  	99.604739 
3339.747230  	99.592578 
3340.104537  	99.248336 
3340.461843  	98.979013 
3340.819150  	98.736809 
3341.176457  	98.554290 
3341.533764  	98.828127 
3341.891071  	99.235332 
3342.248378  	99.392494 
3342.605685  	99.350555 
3342.962991  	99.025766 
3343.320298  	98.824623 
3343.677605  	98.958930 
3344.034912  	98.936880 
3344.392219  	98.867768 
3344.749526  	98.866728 
3345.106833  	98.766805 
3345.464139  	98.727330 
3345.821446  	98.752573 
3346.178753  	98.742486 
3346.536060  	98.637690 
3346.893367  	98.613058 
3347.250674  	98.713558 
3347.607981  	98.654813 
3347.965287  	98.598142 
3348.322594  	98.554417 
3348.679901  	98.378825 
3349.037208  	98.286073 
3349.394515  	98.491342 
3349.751822  	98.881758 
3350.109129  	98.926786 
3350.466436  	98.922062 
3350.823742  	99.162893 
3351.181049  	99.011464 
3351.538356  	98.757661 
3351.895663  	98.779632 
3352.252970  	98.831974 
3352.610277  	98.913833 
3352.967584  	98.993716 
3353.324890  	99.085218 
3353.682197  	98.998366 
3354.039504  	98.970552 
3354.396811  	99.264052 
3354.754118  	99.126216 
3355.111425  	98.656069 
3355.468732  	98.554122 
3355.826038  	98.661631 
3356.183345  	98.720540 
3356.540652  	98.791514 
3356.897959  	98.978135 
3357.255266  	99.112392 
3357.612573  	99.254173 
3357.969880  	99.311108 
3358.327186  	98.943057 
3358.684493  	98.812828 
3359.041800  	99.038962 
3359.399107  	98.957519 
3359.756414  	98.849904 
3360.113721  	98.901276 
3360.471028  	98.997818 
3360.828334  	99.026892 
3361.185641  	98.809069 
3361.542948  	98.799330 
3361.900255  	99.003568 
3362.257562  	98.991047 
3362.614869  	99.020765 
3362.972176  	98.987762 
3363.329483  	98.676971 
3363.686789  	98.618961 
3364.044096  	98.905362 
3364.401403  	99.058204 
3364.758710  	99.074540 
3365.116017  	99.077468 
3365.473324  	98.903937 
3365.830631  	98.796185 
3366.187937  	98.979863 
3366.545244  	99.108457 
3366.902551  	99.171867 
3367.259858  	99.202857 
3367.617165  	99.030786 
3367.974472  	99.006734 
3368.331779  	99.042194 
3368.689085  	98.742009 
3369.046392  	98.567402 
3369.403699  	98.681599 
3369.761006  	98.665594 
3370.118313  	98.636747 
3370.475620  	98.756106 
3370.832927  	98.844210 
3371.190233  	98.959919 
3371.547540  	98.944215 
3371.904847  	98.606905 
3372.262154  	98.419822 
3372.619461  	98.358938 
3372.976768  	98.236471 
3373.334075  	98.415624 
3373.691381  	98.520660 
3374.048688  	98.334671 
3374.405995  	98.321916 
3374.763302  	98.379297 
3375.120609  	98.505838 
3375.477916  	98.688642 
3375.835223  	98.584947 
3376.192530  	98.504507 
3376.549836  	98.833548 
3376.907143  	99.089030 
3377.264450  	98.817838 
3377.621757  	98.513743 
3377.979064  	98.397224 
3378.336371  	98.272154 
3378.693678  	98.397447 
3379.050984  	98.507181 
3379.408291  	98.430575 
3379.765598  	98.413075 
3380.122905  	98.258639 
3380.480212  	98.330198 
3380.837519  	98.556557 
3381.194826  	98.396608 
3381.552132  	98.419556 
3381.909439  	98.677892 
3382.266746  	98.696587 
3382.624053  	98.548790 
3382.981360  	98.455723 
3383.338667  	98.615480 
3383.695974  	98.639820 
3384.053280  	98.434363 
3384.410587  	98.549549 
3384.767894  	98.862878 
3385.125201  	98.924946 
3385.482508  	98.739472 
3385.839815  	98.679904 
3386.197122  	98.777281 
3386.554428  	98.908398 
3386.911735  	99.104375 
3387.269042  	99.045837 
3387.626349  	98.849228 
3387.983656  	98.738360 
3388.340963  	98.610893 
3388.698270  	98.657353 
3389.055577  	98.623823 
3389.412883  	98.609207 
3389.770190  	98.893093 
3390.127497  	98.869569 
3390.484804  	98.717685 
3390.842111  	98.775044 
3391.199418  	98.678214 
3391.556725  	98.675859 
3391.914031  	98.997580 
3392.271338  	99.229893 
3392.628645  	98.978085 
3392.985952  	98.614395 
3393.343259  	98.797557 
3393.700566  	99.117633 
3394.057873  	99.145727 
3394.415179  	99.252798 
3394.772486  	99.332784 
3395.129793  	99.318521 
3395.487100  	99.502696 
3395.844407  	99.531128 
3396.201714  	99.422790 
3396.559021  	99.400536 
3396.916327  	99.111078 
3397.273634  	99.037491 
3397.630941  	99.315292 
3397.988248  	99.276390 
3398.345555  	99.215656 
3398.702862  	99.196865 
3399.060169  	99.141337 
3399.417475  	99.211308 
3399.774782  	99.092703 
3400.132089  	99.168121 
3400.489396  	99.532332 
3400.846703  	99.629409 
3401.204010  	99.755132 
3401.561317  	99.745612 
3401.918624  	99.357566 
3402.275930  	99.302969 
3402.633237  	99.488045 
3402.990544  	99.411898 
3403.347851  	99.373384 
3403.705158  	99.448922 
3404.062465  	99.396268 
3404.419772  	99.407845 
3404.777078  	99.491378 
3405.134385  	99.330783 
3405.491692  	99.243385 
3405.848999  	99.484662 
3406.206306  	99.543219 
3406.563613  	99.369714 
3406.920920  	99.345637 
3407.278226  	99.505879 
3407.635533  	99.659941 
3407.992840  	99.571301 
3408.350147  	99.496331 
3408.707454  	99.585565 
3409.064761  	99.643659 
3409.422068  	99.939657 
3409.779374  	100.171101 
3410.136681  	99.859518 
3410.493988  	99.511738 
3410.851295  	99.521720 
3411.208602  	99.655914 
3411.565909  	99.582657 
3411.923216  	99.517703 
3412.280522  	99.529620 
3412.637829  	99.409092 
3412.995136  	99.481762 
3413.352443  	99.373534 
3413.709750  	99.009721 
3414.067057  	99.292755 
3414.424364  	99.731162 
3414.781671  	99.666153 
3415.138977  	99.542729 
3415.496284  	99.519211 
3415.853591  	99.482570 
3416.210898  	99.411361 
3416.568205  	99.268758 
3416.925512  	99.250715 
3417.282819  	99.593973 
3417.640125  	99.939183 
3417.997432  	99.987396 
3418.354739  	99.796917 
3418.712046  	99.529690 
3419.069353  	99.661169 
3419.426660  	99.890045 
3419.783967  	99.809046 
3420.141273  	99.668213 
3420.498580  	99.432987 
3420.855887  	99.398268 
3421.213194  	99.475812 
3421.570501  	99.470417 
3421.927808  	99.790130 
3422.285115  	100.022157 
3422.642421  	99.937305 
3422.999728  	99.806312 
3423.357035  	99.616693 
3423.714342  	99.446092 
3424.071649  	99.484603 
3424.428956  	99.892983 
3424.786263  	100.110490 
3425.143569  	99.926979 
3425.500876  	99.763145 
3425.858183  	99.610299 
3426.215490  	99.555078 
3426.572797  	99.440939 
3426.930104  	99.420936 
3427.287411  	99.567267 
3427.644717  	99.511759 
3428.002024  	99.745526 
3428.359331  	99.904304 
3428.716638  	99.628972 
3429.073945  	99.643101 
3429.431252  	99.644586 
3429.788559  	99.537327 
3430.145866  	99.604412 
3430.503172  	99.644244 
3430.860479  	99.671355 
3431.217786  	99.778475 
3431.575093  	100.006640 
3431.932400  	99.860789 
3432.289707  	99.365473 
3432.647014  	99.420854 
3433.004320  	99.724143 
3433.361627  	99.684273 
3433.718934  	99.729365 
3434.076241  	99.792167 
3434.433548  	99.510067 
3434.790855  	99.402504 
3435.148162  	99.691867 
3435.505468  	99.868391 
3435.862775  	99.846581 
3436.220082  	99.976167 
3436.577389  	100.224733 
3436.934696  	100.097261 
3437.292003  	99.873427 
3437.649310  	99.863123 
3438.006616  	99.704868 
3438.363923  	99.886572 
3438.721230  	100.220256 
3439.078537  	99.952853 
3439.435844  	99.745295 
3439.793151  	99.858140 
3440.150458  	99.923003 
3440.507764  	99.895609 
3440.865071  	99.853936 
3441.222378  	99.793734 
3441.579685  	99.683993 
3441.936992  	99.844681 
3442.294299  	99.928454 
3442.651606  	99.681006 
3443.008913  	99.651015 
3443.366219  	99.592177 
3443.723526  	99.369194 
3444.080833  	99.318065 
3444.438140  	99.446749 
3444.795447  	99.606762 
3445.152754  	99.659618 
3445.510061  	99.648885 
3445.867367  	99.543927 
3446.224674  	99.544360 
3446.581981  	99.625593 
3446.939288  	99.546224 
3447.296595  	99.613278 
3447.653902  	99.634849 
3448.011209  	99.467824 
3448.368515  	99.321183 
3448.725822  	99.313515 
3449.083129  	99.672827 
3449.440436  	99.926744 
3449.797743  	99.992482 
3450.155050  	99.995421 
3450.512357  	99.742993 
3450.869663  	99.758459 
3451.226970  	99.813956 
3451.584277  	99.660852 
3451.941584  	99.691740 
3452.298891  	99.582237 
3452.656198  	99.558145 
3453.013505  	99.949662 
3453.370811  	100.243844 
3453.728118  	100.009926 
3454.085425  	99.535803 
3454.442732  	99.571425 
3454.800039  	99.773062 
3455.157346  	99.679768 
3455.514653  	99.752294 
3455.871960  	99.887436 
3456.229266  	99.900749 
3456.586573  	99.862570 
3456.943880  	99.835876 
3457.301187  	99.887978 
3457.658494  	99.692733 
3458.015801  	99.483906 
3458.373108  	99.570365 
3458.730414  	99.657629 
3459.087721  	99.739627 
3459.445028  	99.663878 
3459.802335  	99.509676 
3460.159642  	99.661141 
3460.516949  	99.812450 
3460.874256  	99.714511 
3461.231562  	99.607470 
3461.588869  	99.783119 
3461.946176  	100.017100 
3462.303483  	99.865433 
3462.660790  	99.594821 
3463.018097  	99.502755 
3463.375404  	99.636036 
3463.732710  	99.776575 
3464.090017  	99.797576 
3464.447324  	100.069658 
3464.804631  	100.178181 
3465.161938  	99.892948 
3465.519245  	99.874548 
3465.876552  	99.973314 
3466.233858  	99.894600 
3466.591165  	99.758471 
3466.948472  	99.571063 
3467.305779  	99.551346 
3467.663086  	99.887532 
3468.020393  	100.037436 
3468.377700  	99.709003 
3468.735007  	99.666017 
3469.092313  	99.714475 
3469.449620  	99.432130 
3469.806927  	99.453232 
3470.164234  	99.391543 
3470.521541  	99.252110 
3470.878848  	99.570104 
3471.236155  	99.569980 
3471.593461  	99.318946 
3471.950768  	99.402625 
3472.308075  	99.542221 
3472.665382  	99.661016 
3473.022689  	99.783019 
3473.379996  	99.666740 
3473.737303  	99.516247 
3474.094609  	99.683804 
3474.451916  	99.532240 
3474.809223  	99.117454 
3475.166530  	99.382650 
3475.523837  	99.777833 
3475.881144  	99.734214 
3476.238451  	99.604595 
3476.595757  	99.596527 
3476.953064  	99.604271 
3477.310371  	99.466321 
3477.667678  	99.656879 
3478.024985  	100.025809 
3478.382292  	100.030959 
3478.739599  	99.915450 
3479.096905  	99.832116 
3479.454212  	99.917304 
3479.811519  	99.771096 
3480.168826  	99.484105 
3480.526133  	99.844143 
3480.883440  	99.976229 
3481.240747  	99.682799 
3481.598054  	99.726726 
3481.955360  	99.640465 
3482.312667  	99.547428 
3482.669974  	99.626210 
3483.027281  	99.552218 
3483.384588  	99.605613 
3483.741895  	99.695169 
3484.099202  	99.653379 
3484.456508  	99.589524 
3484.813815  	99.383659 
3485.171122  	99.198186 
3485.528429  	99.350302 
3485.885736  	99.679279 
3486.243043  	99.774574 
3486.600350  	99.577990 
3486.957656  	99.494028 
3487.314963  	99.618124 
3487.672270  	99.726780 
3488.029577  	99.830857 
3488.386884  	99.682304 
3488.744191  	99.252814 
3489.101498  	99.155282 
3489.458804  	99.337365 
3489.816111  	99.387109 
3490.173418  	99.399830 
3490.530725  	99.524420 
3490.888032  	99.620853 
3491.245339  	99.511293 
3491.602646  	99.318124 
3491.959952  	99.308534 
3492.317259  	99.579801 
3492.674566  	99.783120 
3493.031873  	99.595832 
3493.389180  	99.375516 
3493.746487  	99.306604 
3494.103794  	99.275841 
3494.461101  	99.410367 
3494.818407  	99.579710 
3495.175714  	99.508167 
3495.533021  	99.372334 
3495.890328  	99.489766 
3496.247635  	99.644240 
3496.604942  	99.616674 
3496.962249  	99.693888 
3497.319555  	99.857579 
3497.676862  	99.770519 
3498.034169  	99.549024 
3498.391476  	99.612586 
3498.748783  	99.591170 
3499.106090  	99.131461 
3499.463397  	99.174293 
3499.820703  	99.831238 
3500.178010  	100.096009 
3500.535317  	99.888462 
3500.892624  	99.693588 
3501.249931  	99.727001 
3501.607238  	99.713770 
3501.964545  	99.576839 
3502.321851  	99.548998 
3502.679158  	99.468268 
3503.036465  	99.365795 
3503.393772  	99.422589 
3503.751079  	99.786902 
3504.108386  	100.055003 
3504.465693  	99.663734 
3504.822999  	99.420915 
3505.180306  	99.659386 
3505.537613  	99.714651 
3505.894920  	99.671201 
3506.252227  	99.692602 
3506.609534  	99.646456 
3506.966841  	99.498039 
3507.324147  	99.474545 
3507.681454  	99.722286 
3508.038761  	99.777559 
3508.396068  	99.522138 
3508.753375  	99.488381 
3509.110682  	99.706850 
3509.467989  	99.593344 
3509.825296  	99.307439 
3510.182602  	99.439741 
3510.539909  	99.714373 
3510.897216  	99.810702 
3511.254523  	99.628307 
3511.611830  	99.368750 
3511.969137  	99.480091 
3512.326444  	99.694319 
3512.683750  	99.782646 
3513.041057  	99.688752 
3513.398364  	99.454431 
3513.755671  	99.473595 
3514.112978  	99.476477 
3514.470285  	99.525344 
3514.827592  	99.961215 
3515.184898  	100.065148 
3515.542205  	99.856400 
3515.899512  	99.976469 
3516.256819  	100.010365 
3516.614126  	99.780350 
3516.971433  	99.652118 
3517.328740  	99.609528 
3517.686046  	99.766097 
3518.043353  	99.872653 
3518.400660  	99.510218 
3518.757967  	99.406102 
3519.115274  	99.724151 
3519.472581  	99.783303 
3519.829888  	99.701320 
3520.187194  	99.592362 
3520.544501  	99.572707 
3520.901808  	99.744953 
3521.259115  	99.730887 
3521.616422  	99.560187 
3521.973729  	99.396213 
3522.331036  	99.361173 
3522.688343  	99.557349 
3523.045649  	99.631255 
3523.402956  	99.452428 
3523.760263  	99.408141 
3524.117570  	99.742731 
3524.474877  	100.066966 
3524.832184  	100.102286 
3525.189491  	100.020721 
3525.546797  	99.779290 
3525.904104  	99.810088 
3526.261411  	100.232161 
3526.618718  	100.157114 
3526.976025  	99.804662 
3527.333332  	99.655734 
3527.690639  	99.371472 
3528.047945  	99.227774 
3528.405252  	99.309716 
3528.762559  	99.270981 
3529.119866  	99.314911 
3529.477173  	99.461445 
3529.834480  	99.641508 
3530.191787  	99.920165 
3530.549093  	99.966906 
3530.906400  	99.715521 
3531.263707  	99.349828 
3531.621014  	99.028687 
3531.978321  	99.011096 
3532.335628  	99.120603 
3532.692935  	99.290431 
3533.050241  	99.533021 
3533.407548  	99.476625 
3533.764855  	99.324391 
3534.122162  	99.360888 
3534.479469  	99.431914 
3534.836776  	99.474071 
3535.194083  	99.435853 
3535.551390  	99.508967 
3535.908696  	99.620833 
3536.266003  	99.430690 
3536.623310  	99.410654 
3536.980617  	99.804723 
3537.337924  	99.876862 
3537.695231  	99.563039 
3538.052538  	99.493250 
3538.409844  	99.678969 
3538.767151  	99.781340 
3539.124458  	99.679835 
3539.481765  	99.484328 
3539.839072  	99.563004 
3540.196379  	99.729401 
3540.553686  	99.605374 
3540.910992  	99.353775 
3541.268299  	99.056748 
3541.625606  	98.997979 
3541.982913  	99.307810 
3542.340220  	99.579787 
3542.697527  	99.634978 
3543.054834  	99.470841 
3543.412140  	99.295379 
3543.769447  	99.252613 
3544.126754  	99.440632 
3544.484061  	99.862637 
3544.841368  	99.918941 
3545.198675  	99.883096 
3545.555982  	100.080281 
3545.913288  	99.828108 
3546.270595  	99.512498 
3546.627902  	99.399198 
3546.985209  	99.217764 
3547.342516  	99.424747 
3547.699823  	99.818739 
3548.057130  	99.614077 
3548.414437  	99.063482 
3548.771743  	98.994847 
3549.129050  	99.537902 
3549.486357  	99.823574 
3549.843664  	99.582152 
3550.200971  	99.414912 
3550.558278  	99.511707 
3550.915585  	99.538365 
3551.272891  	99.532083 
3551.630198  	99.703350 
3551.987505  	99.879547 
3552.344812  	99.867918 
3552.702119  	99.688653 
3553.059426  	99.602092 
3553.416733  	99.589310 
3553.774039  	99.610905 
3554.131346  	99.837568 
3554.488653  	99.737344 
3554.845960  	99.410973 
3555.203267  	99.479136 
3555.560574  	99.303438 
3555.917881  	99.000741 
3556.275187  	99.284691 
3556.632494  	99.467843 
3556.989801  	99.348400 
3557.347108  	99.576985 
3557.704415  	99.757988 
3558.061722  	99.486568 
3558.419029  	99.382825 
3558.776335  	99.492921 
3559.133642  	99.574825 
3559.490949  	99.925173 
3559.848256  	99.913117 
3560.205563  	99.040749 
3560.562870  	98.429551 
3560.920177  	98.757770 
3561.277484  	99.402963 
3561.634790  	99.635261 
3561.992097  	99.335386 
3562.349404  	99.085521 
3562.706711  	99.200998 
3563.064018  	99.282814 
3563.421325  	99.368102 
3563.778632  	99.686046 
3564.135938  	99.769987 
3564.493245  	99.801906 
3564.850552  	99.932661 
3565.207859  	99.675260 
3565.565166  	99.474344 
3565.922473  	99.309268 
3566.279780  	99.195093 
3566.637086  	99.991263 
3566.994393  	100.318842 
3567.351700  	99.918704 
3567.709007  	99.945360 
3568.066314  	99.786427 
3568.423621  	99.530205 
3568.780928  	99.659741 
3569.138234  	99.515644 
3569.495541  	99.175139 
3569.852848  	99.163461 
3570.210155  	99.429565 
3570.567462  	99.351640 
3570.924769  	99.253390 
3571.282076  	99.698617 
3571.639382  	99.882102 
3571.996689  	99.705524 
3572.353996  	99.717723 
3572.711303  	99.592206 
3573.068610  	99.572226 
3573.425917  	99.904191 
3573.783224  	100.017787 
3574.140531  	100.101427 
3574.497837  	100.067953 
3574.855144  	99.678485 
3575.212451  	99.596001 
3575.569758  	99.586158 
3575.927065  	99.465261 
3576.284372  	99.529343 
3576.641679  	99.436805 
3576.998985  	99.313020 
3577.356292  	99.260835 
3577.713599  	99.347580 
3578.070906  	99.633789 
3578.428213  	99.529355 
3578.785520  	99.474897 
3579.142827  	99.703827 
3579.500133  	99.547162 
3579.857440  	99.556864 
3580.214747  	99.909210 
3580.572054  	99.905806 
3580.929361  	99.766254 
3581.286668  	99.546907 
3581.643975  	99.308147 
3582.001281  	99.707107 
3582.358588  	100.080265 
3582.715895  	99.720447 
3583.073202  	99.712904 
3583.430509  	99.946392 
3583.787816  	99.507127 
3584.145123  	99.163800 
3584.502429  	99.221998 
3584.859736  	99.180030 
3585.217043  	99.213731 
3585.574350  	99.277649 
3585.931657  	98.963040 
3586.288964  	98.840858 
3586.646271  	99.330476 
3587.003577  	99.439488 
3587.360884  	99.297361 
3587.718191  	99.219906 
3588.075498  	98.833711 
3588.432805  	98.837844 
3588.790112  	99.089253 
3589.147419  	99.227765 
3589.504726  	99.417990 
3589.862032  	99.135375 
3590.219339  	98.978486 
3590.576646  	99.324759 
3590.933953  	99.602321 
3591.291260  	99.527297 
3591.648567  	99.376862 
3592.005874  	99.602201 
3592.363180  	99.852249 
3592.720487  	99.847605 
3593.077794  	100.076340 
3593.435101  	100.367183 
3593.792408  	100.332109 
3594.149715  	99.930125 
3594.507022  	99.599100 
3594.864328  	99.746201 
3595.221635  	99.721893 
3595.578942  	99.528545 
3595.936249  	99.915855 
3596.293556  	100.132655 
3596.650863  	100.040340 
3597.008170  	100.144988 
3597.365476  	99.930405 
3597.722783  	99.638598 
3598.080090  	99.825527 
3598.437397  	99.915587 
3598.794704  	99.677186 
3599.152011  	99.455291 
3599.509318  	99.362337 
3599.866624  	99.393473 
3600.223931  	99.490288 
3600.581238  	99.666929 
3600.938545  	99.687098 
3601.295852  	99.612328 
3601.653159  	99.691528 
3602.010466  	99.628587 
3602.367773  	99.421160 
3602.725079  	99.252444 
3603.082386  	99.382276 
3603.439693  	99.771703 
3603.797000  	99.797337 
3604.154307  	99.598933 
3604.511614  	99.723945 
3604.868921  	100.023359 
3605.226227  	99.819075 
3605.583534  	99.265468 
3605.940841  	99.239004 
3606.298148  	99.232754 
3606.655455  	98.986249 
3607.012762  	99.279162 
3607.370069  	99.500165 
3607.727375  	99.406205 
3608.084682  	99.493666 
3608.441989  	99.332463 
3608.799296  	99.056847 
3609.156603  	99.271901 
3609.513910  	99.950391 
3609.871217  	100.282237 
3610.228523  	99.900045 
3610.585830  	99.481442 
3610.943137  	99.295867 
3611.300444  	99.440711 
3611.657751  	99.814928 
3612.015058  	100.076662 
3612.372365  	99.994555 
3612.729671  	99.591706 
3613.086978  	99.394954 
3613.444285  	99.502232 
3613.801592  	99.513924 
3614.158899  	99.599695 
3614.516206  	99.858635 
3614.873513  	100.049221 
3615.230820  	100.042991 
3615.588126  	99.919206 
3615.945433  	99.780564 
3616.302740  	99.517262 
3616.660047  	99.232451 
3617.017354  	99.441274 
3617.374661  	99.939583 
3617.731968  	99.894882 
3618.089274  	99.951526 
3618.446581  	100.346367 
3618.803888  	99.775673 
3619.161195  	99.214485 
3619.518502  	99.385011 
3619.875809  	99.031813 
3620.233116  	98.540922 
3620.590422  	98.927459 
3620.947729  	99.528513 
3621.305036  	99.809190 
3621.662343  	99.691969 
3622.019650  	99.877135 
3622.376957  	100.114886 
3622.734264  	99.739245 
3623.091570  	99.369382 
3623.448877  	99.341408 
3623.806184  	99.441414 
3624.163491  	99.562264 
3624.520798  	99.561170 
3624.878105  	99.452148 
3625.235412  	99.315350 
3625.592718  	99.379864 
3625.950025  	99.473212 
3626.307332  	99.243889 
3626.664639  	98.968213 
3627.021946  	98.974240 
3627.379253  	99.318597 
3627.736560  	99.576925 
3628.093867  	99.436156 
3628.451173  	99.214350 
3628.808480  	99.068200 
3629.165787  	99.351684 
3629.523094  	99.527329 
3629.880401  	99.103084 
3630.237708  	99.342396 
3630.595015  	100.116503 
3630.952321  	100.050914 
3631.309628  	99.637360 
3631.666935  	99.786598 
3632.024242  	100.057833 
3632.381549  	100.213126 
3632.738856  	100.265794 
3633.096163  	100.003366 
3633.453469  	100.004157 
3633.810776  	100.010720 
3634.168083  	99.876086 
3634.525390  	99.833357 
3634.882697  	99.327914 
3635.240004  	99.367444 
3635.597311  	99.923892 
3635.954617  	99.906748 
3636.311924  	99.715857 
3636.669231  	99.639267 
3637.026538  	99.768830 
3637.383845  	99.984598 
3637.741152  	99.960233 
3638.098459  	99.788420 
3638.455765  	99.449311 
3638.813072  	99.351410 
3639.170379  	99.438014 
3639.527686  	99.516999 
3639.884993  	99.610804 
3640.242300  	99.527027 
3640.599607  	99.839515 
3640.956914  	100.212829 
3641.314220  	100.068909 
3641.671527  	100.154888 
3642.028834  	100.398673 
3642.386141  	100.038984 
3642.743448  	99.344341 
3643.100755  	99.192635 
3643.458062  	99.208051 
3643.815368  	99.091270 
3644.172675  	99.230014 
3644.529982  	99.213622 
3644.887289  	99.460447 
3645.244596  	99.807959 
3645.601903  	99.371173 
3645.959210  	99.168624 
3646.316516  	99.412998 
3646.673823  	99.439309 
3647.031130  	99.257659 
3647.388437  	99.071967 
3647.745744  	99.384990 
3648.103051  	99.541564 
3648.460358  	99.741922 
3648.817664  	99.937775 
3649.174971  	99.577926 
3649.532278  	99.486121 
3649.889585  	99.462244 
3650.246892  	99.423068 
3650.604199  	99.889622 
3650.961506  	100.116844 
3651.318812  	99.787789 
3651.676119  	99.525749 
3652.033426  	99.584369 
3652.390733  	99.655685 
3652.748040  	99.679458 
3653.105347  	99.636933 
3653.462654  	99.470540 
3653.819961  	99.384848 
3654.177267  	99.522751 
3654.534574  	99.773962 
3654.891881  	99.681449 
3655.249188  	99.412640 
3655.606495  	99.464271 
3655.963802  	99.538174 
3656.321109  	99.578721 
3656.678415  	99.372172 
3657.035722  	99.153944 
3657.393029  	99.601520 
3657.750336  	99.865109 
3658.107643  	99.798643 
3658.464950  	99.906298 
3658.822257  	99.919917 
3659.179563  	99.610364 
3659.536870  	99.600118 
3659.894177  	99.802696 
3660.251484  	99.647864 
3660.608791  	99.486057 
3660.966098  	99.384786 
3661.323405  	99.431430 
3661.680711  	99.584437 
3662.038018  	99.515776 
3662.395325  	99.702729 
3662.752632  	99.610526 
3663.109939  	99.150043 
3663.467246  	99.213964 
3663.824553  	99.497000 
3664.181859  	99.891559 
3664.539166  	99.836568 
3664.896473  	99.434962 
3665.253780  	99.558110 
3665.611087  	99.276784 
3665.968394  	98.918439 
3666.325701  	99.398638 
3666.683008  	99.809016 
3667.040314  	99.606462 
3667.397621  	99.223589 
3667.754928  	99.353922 
3668.112235  	99.735949 
3668.469542  	99.677533 
3668.826849  	99.483459 
3669.184156  	99.538295 
3669.541462  	99.509696 
3669.898769  	99.105742 
3670.256076  	98.981567 
3670.613383  	98.962618 
3670.970690  	99.155395 
3671.327997  	100.091196 
3671.685304  	99.815552 
3672.042610  	99.358823 
3672.399917  	99.669977 
3672.757224  	99.769637 
3673.114531  	99.596783 
3673.471838  	99.611336 
3673.829145  	99.833465 
3674.186452  	99.796107 
3674.543758  	99.500758 
3674.901065  	100.022820 
3675.258372  	100.928718 
3675.615679  	100.906833 
3675.972986  	100.293412 
3676.330293  	99.516124 
3676.687600  	99.148707 
3677.044906  	99.623653 
3677.402213  	99.965827 
3677.759520  	99.517585 
3678.116827  	99.178885 
3678.474134  	99.337427 
3678.831441  	99.529055 
3679.188748  	99.966812 
3679.546054  	100.065252 
3679.903361  	99.665900 
3680.260668  	99.677493 
3680.617975  	99.886599 
3680.975282  	99.873609 
3681.332589  	99.644869 
3681.689896  	99.493618 
3682.047203  	99.458360 
3682.404509  	99.460652 
3682.761816  	99.693332 
3683.119123  	99.938615 
3683.476430  	99.999387 
3683.833737  	99.841397 
3684.191044  	99.611552 
3684.548351  	99.534734 
3684.905657  	99.381898 
3685.262964  	99.253060 
3685.620271  	99.384920 
3685.977578  	99.693631 
3686.334885  	99.978706 
3686.692192  	100.016659 
3687.049499  	99.889042 
3687.406805  	99.638160 
3687.764112  	99.467490 
3688.121419  	99.592735 
3688.478726  	99.579777 
3688.836033  	99.491827 
3689.193340  	99.922789 
3689.550647  	100.283076 
3689.907953  	100.012536 
3690.265260  	99.520897 
3690.622567  	99.558208 
3690.979874  	99.884789 
3691.337181  	99.732829 
3691.694488  	99.338992 
3692.051795  	99.384493 
3692.409101  	99.621068 
3692.766408  	99.652735 
3693.123715  	99.769382 
3693.481022  	99.989592 
3693.838329  	100.049324 
3694.195636  	100.009977 
3694.552943  	99.814142 
3694.910250  	99.455936 
3695.267556  	99.288671 
3695.624863  	99.446100 
3695.982170  	99.501882 
3696.339477  	99.469290 
3696.696784  	99.843099 
3697.054091  	100.053596 
3697.411398  	99.663158 
3697.768704  	99.439754 
3698.126011  	99.403524 
3698.483318  	99.309594 
3698.840625  	99.423140 
3699.197932  	99.459735 
3699.555239  	99.460447 
3699.912546  	99.689762 
3700.269852  	99.798422 
3700.627159  	99.849966 
3700.984466  	99.984956 
3701.341773  	100.241178 
3701.699080  	100.595733 
3702.056387  	100.527459 
3702.413694  	100.100060 
3702.771000  	99.465153 
3703.128307  	99.160393 
3703.485614  	99.728503 
3703.842921  	100.250884 
3704.200228  	100.313256 
3704.557535  	100.275487 
3704.914842  	99.853905 
3705.272148  	99.469729 
3705.629455  	99.640645 
3705.986762  	99.895163 
3706.344069  	99.820840 
3706.701376  	99.588007 
3707.058683  	99.430451 
3707.415990  	99.395187 
3707.773297  	99.439445 
3708.130603  	99.403701 
3708.487910  	99.330988 
3708.845217  	99.300358 
3709.202524  	99.489959 
3709.559831  	99.970512 
3709.917138  	99.945030 
3710.274445  	99.620486 
3710.631751  	99.627170 
3710.989058  	99.678750 
3711.346365  	99.908668 
3711.703672  	100.037557 
3712.060979  	99.698965 
3712.418286  	99.354971 
3712.775593  	99.144585 
3713.132899  	99.313284 
3713.490206  	99.762217 
3713.847513  	100.095379 
3714.204820  	100.190906 
3714.562127  	100.286112 
3714.919434  	100.331973 
3715.276741  	100.043115 
3715.634047  	99.754126 
3715.991354  	99.642458 
3716.348661  	99.547044 
3716.705968  	99.602560 
3717.063275  	99.816176 
3717.420582  	99.818096 
3717.777889  	99.684497 
3718.135195  	99.906406 
3718.492502  	100.058744 
3718.849809  	99.921549 
3719.207116  	99.818215 
3719.564423  	99.453084 
3719.921730  	99.449322 
3720.279037  	99.695865 
3720.636344  	99.604423 
3720.993650  	99.831957 
3721.350957  	100.015588 
3721.708264  	99.910314 
3722.065571  	100.216362 
3722.422878  	100.177558 
3722.780185  	99.623490 
3723.137492  	99.519358 
3723.494798  	99.716171 
3723.852105  	99.940592 
3724.209412  	99.957695 
3724.566719  	99.672457 
3724.924026  	99.561235 
3725.281333  	99.615051 
3725.638640  	99.483037 
3725.995946  	99.602399 
3726.353253  	99.788887 
3726.710560  	99.731224 
3727.067867  	99.875073 
3727.425174  	99.958531 
3727.782481  	99.816103 
3728.139788  	99.649387 
3728.497094  	99.664670 
3728.854401  	99.864862 
3729.211708  	99.696681 
3729.569015  	99.568374 
3729.926322  	99.659853 
3730.283629  	99.488359 
3730.640936  	99.589791 
3730.998242  	99.913085 
3731.355549  	99.930802 
3731.712856  	99.861774 
3732.070163  	99.913400 
3732.427470  	99.843808 
3732.784777  	99.575618 
3733.142084  	99.954248 
3733.499391  	100.205948 
3733.856697  	99.795425 
3734.214004  	99.635527 
3734.571311  	99.460277 
3734.928618  	98.880166 
3735.285925  	98.823015 
3735.643232  	98.745823 
3736.000539  	98.820333 
3736.357845  	99.140339 
3736.715152  	99.507988 
3737.072459  	100.143225 
3737.429766  	100.039593 
3737.787073  	99.617634 
3738.144380  	99.674657 
3738.501687  	99.565698 
3738.858993  	99.679288 
3739.216300  	99.887625 
3739.573607  	99.674730 
3739.930914  	99.628433 
3740.288221  	99.529358 
3740.645528  	99.232981 
3741.002835  	99.154143 
3741.360141  	99.388322 
3741.717448  	100.028172 
3742.074755  	100.468868 
3742.432062  	100.382258 
3742.789369  	100.103984 
3743.146676  	99.830765 
3743.503983  	99.888815 
3743.861289  	99.923257 
3744.218596  	99.188004 
3744.575903  	97.549585 
3744.933210  	97.724719 
3745.290517  	99.182699 
3745.647824  	99.363324 
3746.005131  	99.621711 
3746.362438  	99.846253 
3746.719744  	99.681917 
3747.077051  	99.688721 
3747.434358  	99.539345 
3747.791665  	99.424745 
3748.148972  	99.564276 
3748.506279  	99.570552 
3748.863586  	99.996450 
3749.220892  	100.136114 
3749.578199  	99.523224 
3749.935506  	99.267398 
3750.292813  	99.162824 
3750.650120  	99.693272 
3751.007427  	100.174964 
3751.364734  	99.846052 
3751.722040  	99.453423 
3752.079347  	99.935068 
3752.436654  	100.553803 
3752.793961  	99.912208 
3753.151268  	99.683975 
3753.508575  	99.873806 
3753.865882  	99.663036 
3754.223188  	99.691071 
3754.580495  	99.988651 
3754.937802  	100.293489 
3755.295109  	100.463782 
3755.652416  	100.040854 
3756.009723  	99.459755 
3756.367030  	99.419483 
3756.724336  	99.767975 
3757.081643  	100.020319 
3757.438950  	99.998310 
3757.796257  	99.807558 
3758.153564  	99.713930 
3758.510871  	99.904956 
3758.868178  	99.888823 
3759.225484  	99.345925 
3759.582791  	98.974101 
3759.940098  	99.341312 
3760.297405  	99.588297 
3760.654712  	99.212183 
3761.012019  	99.321398 
3761.369326  	99.587942 
3761.726633  	99.446877 
3762.083939  	99.471926 
3762.441246  	99.498014 
3762.798553  	99.351504 
3763.155860  	99.367029 
3763.513167  	99.483108 
3763.870474  	99.649246 
3764.227781  	99.637229 
3764.585087  	99.573033 
3764.942394  	99.694722 
3765.299701  	99.842314 
3765.657008  	99.914283 
3766.014315  	99.611067 
3766.371622  	99.358270 
3766.728929  	99.564245 
3767.086235  	99.595507 
3767.443542  	99.466966 
3767.800849  	99.533479 
3768.158156  	99.710667 
3768.515463  	99.658983 
3768.872770  	99.587128 
3769.230077  	99.910321 
3769.587383  	100.100753 
3769.944690  	99.754339 
3770.301997  	99.760844 
3770.659304  	100.284546 
3771.016611  	100.279062 
3771.373918  	100.191151 
3771.731225  	100.306103 
3772.088531  	100.020699 
3772.445838  	99.861285 
3772.803145  	100.095953 
3773.160452  	99.982620 
3773.517759  	99.842543 
3773.875066  	99.862290 
3774.232373  	99.692859 
3774.589680  	99.623089 
3774.946986  	99.862264 
3775.304293  	100.008575 
3775.661600  	99.616425 
3776.018907  	99.337491 
3776.376214  	99.737909 
3776.733521  	99.942537 
3777.090828  	99.775020 
3777.448134  	99.884660 
3777.805441  	100.017235 
3778.162748  	99.918392 
3778.520055  	99.738677 
3778.877362  	99.548013 
3779.234669  	99.692816 
3779.591976  	100.090432 
3779.949282  	100.062460 
3780.306589  	99.856147 
3780.663896  	99.836827 
3781.021203  	99.678197 
3781.378510  	99.542486 
3781.735817  	99.702851 
3782.093124  	99.893536 
3782.450430  	99.938580 
3782.807737  	99.975932 
3783.165044  	99.902983 
3783.522351  	99.781029 
3783.879658  	99.992246 
3784.236965  	100.225732 
3784.594272  	100.136981 
3784.951578  	100.177609 
3785.308885  	100.066093 
3785.666192  	99.585540 
3786.023499  	99.522904 
3786.380806  	99.689443 
3786.738113  	99.762215 
3787.095420  	99.956338 
3787.452727  	99.769253 
3787.810033  	99.360890 
3788.167340  	99.480487 
3788.524647  	99.787484 
3788.881954  	99.837424 
3789.239261  	99.629361 
3789.596568  	99.483900 
3789.953875  	99.664810 
3790.311181  	99.804879 
3790.668488  	99.777490 
3791.025795  	99.673483 
3791.383102  	99.532479 
3791.740409  	99.567956 
3792.097716  	99.636366 
3792.455023  	99.551221 
3792.812329  	99.397197 
3793.169636  	99.356783 
3793.526943  	99.470502 
3793.884250  	99.546386 
3794.241557  	99.646834 
3794.598864  	99.719829 
3794.956171  	99.746918 
3795.313477  	99.917772 
3795.670784  	99.817787 
3796.028091  	99.591350 
3796.385398  	99.858083 
3796.742705  	99.887997 
3797.100012  	99.531325 
3797.457319  	99.558714 
3797.814625  	99.670681 
3798.171932  	99.717712 
3798.529239  	99.717923 
3798.886546  	99.665576 
3799.243853  	99.751579 
3799.601160  	99.865453 
3799.958467  	99.993335 
3800.315774  	100.095753 
3800.673080  	99.703646 
3801.030387  	99.168412 
3801.387694  	99.615074 
3801.745001  	100.491567 
3802.102308  	100.330908 
3802.459615  	99.673672 
3802.816922  	99.082786 
3803.174228  	98.784102 
3803.531535  	99.242398 
3803.888842  	99.703661 
3804.246149  	99.554056 
3804.603456  	99.299074 
3804.960763  	99.233577 
3805.318070  	99.478120 
3805.675376  	99.649622 
3806.032683  	99.537158 
3806.389990  	99.560111 
3806.747297  	99.614712 
3807.104604  	99.671203 
3807.461911  	99.538726 
3807.819218  	99.336967 
3808.176524  	99.614402 
3808.533831  	99.733068 
3808.891138  	99.769310 
3809.248445  	99.895961 
3809.605752  	99.811418 
3809.963059  	99.763753 
3810.320366  	99.599771 
3810.677672  	99.310730 
3811.034979  	99.493223 
3811.392286  	99.728014 
3811.749593  	99.475192 
3812.106900  	99.219962 
3812.464207  	99.287207 
3812.821514  	99.419192 
3813.178821  	99.655442 
3813.536127  	99.892667 
3813.893434  	99.753582 
3814.250741  	99.686865 
3814.608048  	100.019141 
3814.965355  	100.112383 
3815.322662  	99.831546 
3815.679969  	99.958213 
3816.037275  	100.124782 
3816.394582  	99.251128 
3816.751889  	98.797685 
3817.109196  	99.211827 
3817.466503  	99.587628 
3817.823810  	99.806390 
3818.181117  	99.577802 
3818.538423  	99.439582 
3818.895730  	99.664949 
3819.253037  	99.625650 
3819.610344  	99.415339 
3819.967651  	99.196050 
3820.324958  	99.206922 
3820.682265  	99.815134 
3821.039571  	100.602299 
3821.396878  	100.882428 
3821.754185  	99.992833 
3822.111492  	99.381107 
3822.468799  	99.745818 
3822.826106  	99.686978 
3823.183413  	99.361375 
3823.540719  	99.569622 
3823.898026  	99.896993 
3824.255333  	99.881792 
3824.612640  	99.853218 
3824.969947  	99.955913 
3825.327254  	99.966842 
3825.684561  	99.829897 
3826.041868  	99.599267 
3826.399174  	99.425300 
3826.756481  	99.443954 
3827.113788  	99.434857 
3827.471095  	99.322126 
3827.828402  	99.496002 
3828.185709  	99.670303 
3828.543016  	99.424782 
3828.900322  	99.433215 
3829.257629  	99.824429 
3829.614936  	99.761007 
3829.972243  	99.640183 
3830.329550  	99.773913 
3830.686857  	99.581940 
3831.044164  	99.406775 
3831.401470  	99.497388 
3831.758777  	99.473661 
3832.116084  	99.600769 
3832.473391  	99.737845 
3832.830698  	99.695668 
3833.188005  	99.758316 
3833.545312  	99.739456 
3833.902618  	99.606404 
3834.259925  	99.369239 
3834.617232  	99.065889 
3834.974539  	99.298442 
3835.331846  	99.467873 
3835.689153  	99.074788 
3836.046460  	99.294520 
3836.403766  	99.715154 
3836.761073  	99.807833 
3837.118380  	99.994519 
3837.475687  	100.147687 
3837.832994  	99.893338 
3838.190301  	99.732093 
3838.547608  	99.787017 
3838.904914  	99.592101 
3839.262221  	99.525638 
3839.619528  	99.608292 
3839.976835  	99.762745 
3840.334142  	99.734432 
3840.691449  	99.245898 
3841.048756  	99.299482 
3841.406063  	99.474316 
3841.763369  	99.112392 
3842.120676  	99.403274 
3842.477983  	99.797013 
3842.835290  	99.806115 
3843.192597  	100.013649 
3843.549904  	99.909086 
3843.907211  	99.459803 
3844.264517  	99.270999 
3844.621824  	99.395158 
3844.979131  	99.651499 
3845.336438  	99.643816 
3845.693745  	99.601970 
3846.051052  	99.726133 
3846.408359  	100.003148 
3846.765665  	100.373963 
3847.122972  	100.277716 
3847.480279  	99.853138 
3847.837586  	99.500441 
3848.194893  	99.295483 
3848.552200  	99.473606 
3848.909507  	99.722502 
3849.266813  	99.771847 
3849.624120  	99.758046 
3849.981427  	99.632332 
3850.338734  	99.500078 
3850.696041  	99.577309 
3851.053348  	99.834647 
3851.410655  	99.951012 
3851.767961  	99.879605 
3852.125268  	99.850994 
3852.482575  	99.625095 
3852.839882  	99.634061 
3853.197189  	99.988522 
3853.554496  	99.990167 
3853.911803  	100.036634 
3854.269110  	100.492450 
3854.626416  	100.470603 
3854.983723  	99.763243 
3855.341030  	99.383080 
3855.698337  	99.608118 
3856.055644  	99.839940 
3856.412951  	99.831194 
3856.770258  	99.729382 
3857.127564  	99.548238 
3857.484871  	99.464203 
3857.842178  	99.324008 
3858.199485  	99.347728 
3858.556792  	99.729307 
3858.914099  	99.878977 
3859.271406  	100.036377 
3859.628712  	100.220221 
3859.986019  	99.926972 
3860.343326  	99.742370 
3860.700633  	99.817866 
3861.057940  	99.669610 
3861.415247  	99.321993 
3861.772554  	99.172603 
3862.129860  	99.440482 
3862.487167  	99.566342 
3862.844474  	99.602701 
3863.201781  	99.856604 
3863.559088  	99.977038 
3863.916395  	99.911892 
3864.273702  	99.719714 
3864.631008  	99.582464 
3864.988315  	99.696049 
3865.345622  	99.610372 
3865.702929  	99.298908 
3866.060236  	99.480334 
3866.417543  	99.659085 
3866.774850  	99.335929 
3867.132157  	99.347492 
3867.489463  	99.631504 
3867.846770  	99.558931 
3868.204077  	99.709617 
3868.561384  	99.769061 
3868.918691  	99.687849 
3869.275998  	100.217972 
3869.633305  	100.361389 
3869.990611  	99.955818 
3870.347918  	99.729908 
3870.705225  	99.391175 
3871.062532  	99.430651 
3871.419839  	99.805669 
3871.777146  	100.086240 
3872.134453  	100.001824 
3872.491759  	100.033506 
3872.849066  	100.207296 
3873.206373  	99.805411 
3873.563680  	99.404335 
3873.920987  	99.333156 
3874.278294  	99.146286 
3874.635601  	99.411322 
3874.992907  	99.901070 
3875.350214  	99.986037 
3875.707521  	99.911704 
3876.064828  	99.524961 
3876.422135  	98.998502 
3876.779442  	99.211051 
3877.136749  	99.618775 
3877.494055  	99.573036 
3877.851362  	99.806185 
3878.208669  	100.002532 
3878.565976  	99.989626 
3878.923283  	100.096042 
3879.280590  	99.808223 
3879.637897  	99.567341 
3879.995204  	99.717563 
3880.352510  	99.890381 
3880.709817  	99.950622 
3881.067124  	99.556285 
3881.424431  	99.427937 
3881.781738  	99.419185 
3882.139045  	99.327935 
3882.496352  	99.516728 
3882.853658  	99.605196 
3883.210965  	99.528993 
3883.568272  	99.488972 
3883.925579  	99.675440 
3884.282886  	99.875578 
3884.640193  	99.571146 
3884.997500  	99.455895 
3885.354806  	99.553607 
3885.712113  	99.284214 
3886.069420  	99.544187 
3886.426727  	99.905612 
3886.784034  	99.590179 
3887.141341  	99.258993 
3887.498648  	99.110250 
3887.855954  	99.421764 
3888.213261  	99.867457 
3888.570568  	99.832305 
3888.927875  	99.688052 
3889.285182  	99.656959 
3889.642489  	99.542334 
3889.999796  	99.554608 
3890.357102  	99.652275 
3890.714409  	99.842325 
3891.071716  	100.257717 
3891.429023  	100.238340 
3891.786330  	99.792338 
3892.143637  	99.626583 
3892.500944  	99.580819 
3892.858251  	99.565318 
3893.215557  	99.354739 
3893.572864  	99.033723 
3893.930171  	99.191209 
3894.287478  	99.487594 
3894.644785  	99.430518 
3895.002092  	99.481508 
3895.359399  	99.556408 
3895.716705  	99.444813 
3896.074012  	99.563727 
3896.431319  	99.652650 
3896.788626  	99.556500 
3897.145933  	99.501829 
3897.503240  	99.505594 
3897.860547  	99.853500 
3898.217853  	99.770069 
3898.575160  	99.018686 
3898.932467  	99.070178 
3899.289774  	99.398633 
3899.647081  	99.065114 
3900.004388  	98.859679 
3900.361695  	99.014061 
3900.719001  	99.193172 
3901.076308  	99.214950 
3901.433615  	99.454476 
3901.790922  	100.012647 
3902.148229  	100.065481 
3902.505536  	99.489462 
3902.862843  	99.322221 
3903.220149  	99.579827 
3903.577456  	99.487849 
3903.934763  	99.293207 
3904.292070  	99.493823 
3904.649377  	99.747013 
3905.006684  	99.941467 
3905.363991  	99.751608 
3905.721298  	99.501793 
3906.078604  	99.549203 
3906.435911  	99.598886 
3906.793218  	99.574283 
3907.150525  	99.292772 
3907.507832  	99.314515 
3907.865139  	99.852111 
3908.222446  	99.934265 
3908.579752  	99.642518 
3908.937059  	99.509544 
3909.294366  	99.676469 
3909.651673  	100.096485 
3910.008980  	100.149403 
3910.366287  	99.799252 
3910.723594  	99.614286 
3911.080900  	99.743044 
3911.438207  	99.828599 
3911.795514  	99.786343 
3912.152821  	99.793997 
3912.510128  	99.624600 
3912.867435  	99.444530 
3913.224742  	99.560833 
3913.582048  	99.799971 
3913.939355  	99.929512 
3914.296662  	99.844006 
3914.653969  	99.644109 
3915.011276  	99.396791 
3915.368583  	99.458759 
3915.725890  	99.788903 
3916.083196  	99.821908 
3916.440503  	99.770809 
3916.797810  	99.706506 
3917.155117  	99.696129 
3917.512424  	99.783712 
3917.869731  	99.539243 
3918.227038  	99.695625 
3918.584344  	100.183565 
3918.941651  	100.072509 
3919.298958  	99.545047 
3919.656265  	99.402198 
3920.013572  	99.802867 
3920.370879  	99.795905 
3920.728186  	99.365786 
3921.085493  	99.533255 
3921.442799  	99.850745 
3921.800106  	99.789071 
3922.157413  	99.836625 
3922.514720  	100.051334 
3922.872027  	99.791587 
3923.229334  	99.487735 
3923.586641  	99.660666 
3923.943947  	99.716339 
3924.301254  	99.648282 
3924.658561  	99.441240 
3925.015868  	99.268368 
3925.373175  	99.611013 
3925.730482  	99.603435 
3926.087789  	99.321876 
3926.445095  	99.377199 
3926.802402  	99.399223 
3927.159709  	99.498576 
3927.517016  	99.677225 
3927.874323  	99.685314 
3928.231630  	99.613577 
3928.588937  	99.572976 
3928.946243  	99.563379 
3929.303550  	99.598183 
3929.660857  	99.842701 
3930.018164  	100.122187 
3930.375471  	100.183413 
3930.732778  	100.043694 
3931.090085  	99.841579 
3931.447391  	99.833159 
3931.804698  	99.886411 
3932.162005  	99.893806 
3932.519312  	99.724929 
3932.876619  	99.483357 
3933.233926  	99.671567 
3933.591233  	99.747319 
3933.948540  	99.597053 
3934.305846  	99.569605 
3934.663153  	99.556885 
3935.020460  	99.723286 
3935.377767  	99.690779 
3935.735074  	99.437092 
3936.092381  	99.637902 
3936.449688  	99.840220 
3936.806994  	99.726861 
3937.164301  	99.723692 
3937.521608  	99.798200 
3937.878915  	99.712855 
3938.236222  	99.505703 
3938.593529  	99.443588 
3938.950836  	99.465389 
3939.308142  	99.424155 
3939.665449  	99.575804 
3940.022756  	99.858835 
3940.380063  	99.968229 
3940.737370  	99.963044 
3941.094677  	99.920658 
3941.451984  	99.852906 
3941.809290  	99.910716 
3942.166597  	100.159896 
3942.523904  	100.345405 
3942.881211  	100.042775 
3943.238518  	99.471684 
3943.595825  	99.354204 
3943.953132  	99.732182 
3944.310438  	100.053598 
3944.667745  	99.848530 
3945.025052  	99.597169 
3945.382359  	99.758821 
3945.739666  	99.749961 
3946.096973  	99.776348 
3946.454280  	100.044643 
3946.811587  	99.998053 
3947.168893  	99.832147 
3947.526200  	99.802258 
3947.883507  	99.821713 
3948.240814  	99.657230 
3948.598121  	99.584490 
3948.955428  	99.964736 
3949.312735  	99.924384 
3949.670041  	99.600258 
3950.027348  	99.599448 
3950.384655  	99.554209 
3950.741962  	99.660980 
3951.099269  	99.667370 
3951.456576  	99.612776 
3951.813883  	99.870212 
3952.171189  	99.923045 
3952.528496  	99.907027 
3952.885803  	100.017164 
3953.243110  	100.119996 
3953.600417  	100.068288 
3953.957724  	99.706706 
3954.315031  	99.775802 
3954.672337  	100.124374 
3955.029644  	100.028437 
3955.386951  	99.796489 
3955.744258  	99.745382 
3956.101565  	99.969161 
3956.458872  	100.000705 
3956.816179  	99.646224 
3957.173485  	99.553136 
3957.530792  	99.675107 
3957.888099  	99.684712 
3958.245406  	99.633393 
3958.602713  	99.681406 
3958.960020  	99.792031 
3959.317327  	99.728157 
3959.674634  	99.580925 
3960.031940  	99.494743 
3960.389247  	99.661071 
3960.746554  	99.884418 
3961.103861  	99.737296 
3961.461168  	99.602655 
3961.818475  	99.479705 
3962.175782  	99.202714 
3962.533088  	99.337427 
3962.890395  	99.533800 
3963.247702  	99.266007 
3963.605009  	99.132476 
3963.962316  	99.370890 
3964.319623  	99.398743 
3964.676930  	99.164047 
3965.034236  	99.279036 
3965.391543  	99.678140 
3965.748850  	99.831782 
3966.106157  	99.777198 
3966.463464  	99.752826 
3966.820771  	99.801386 
3967.178078  	99.806312 
3967.535384  	99.717891 
3967.892691  	99.771878 
3968.249998  	99.814705 
3968.607305  	99.627353 
3968.964612  	99.632907 
3969.321919  	99.763449 
3969.679226  	99.661266 
3970.036532  	99.616105 
3970.393839  	99.665127 
3970.751146  	99.651956 
3971.108453  	99.679768 
3971.465760  	99.765971 
3971.823067  	99.771269 
3972.180374  	99.534366 
3972.537681  	99.352892 
3972.894987  	99.447850 
3973.252294  	99.491001 
3973.609601  	99.544074 
3973.966908  	99.771025 
3974.324215  	99.879105 
3974.681522  	99.696993 
3975.038829  	99.543677 
3975.396135  	99.777025 
3975.753442  	99.996836 
3976.110749  	99.788338 
3976.468056  	99.540119 
3976.825363  	99.474224 
3977.182670  	99.492198 
3977.539977  	99.561195 
3977.897283  	99.647490 
3978.254590  	99.770493 
3978.611897  	99.764972 
3978.969204  	99.619388 
3979.326511  	99.575794 
3979.683818  	99.586267 
3980.041125  	99.625148 
3980.398431  	99.655842 
3980.755738  	99.668045 
3981.113045  	99.752532 
3981.470352  	99.569341 
3981.827659  	99.340401 
3982.184966  	99.615349 
3982.542273  	99.839259 
3982.899579  	99.660211 
3983.256886  	99.495392 
3983.614193  	99.505683 
3983.971500  	99.533067 
3984.328807  	99.488141 
3984.686114  	99.693554 
3985.043421  	100.011290 
3985.400728  	99.887040 
3985.758034  	99.668994 
3986.115341  	99.852952 
3986.472648  	100.133022 
3986.829955  	99.993337 
3987.187262  	99.578070 
3987.544569  	99.455548 
3987.901876  	99.657174 
3988.259182  	99.862328 
3988.616489  	99.909364 
3988.973796  	99.918346 
3989.331103  	99.989700 
3989.688410  	99.986730 
3990.045717  	100.035404 
3990.403024  	100.057979 
3990.760330  	99.930705 
3991.117637  	99.984349 
3991.474944  	99.901531 
3991.832251  	99.454190 
3992.189558  	99.289453 
3992.546865  	99.583440 
3992.904172  	99.799835 
3993.261478  	99.630980 
3993.618785  	99.527616 
3993.976092  	99.489244 
3994.333399  	99.187372 
3994.690706  	99.269055 
3995.048013  	99.671004 
3995.405320  	99.820442 
3995.762626  	99.909160 
3996.119933  	99.860248 
3996.477240  	99.984471 
3996.834547  	100.237335 
3997.191854  	99.990454 
3997.549161  	99.811263 
3997.906468  	99.872055 
3998.263775  	99.772201 
3998.621081  	99.521930 
3998.978388  	99.287987 
3999.335695  	99.600354 
3999.693002  	99.887627 
4000.050309  	99.668449 