##TITLE=N41_1,2-dihydroxybenzene_5
##DATA TYPE=INFRARED SPECTRUM
##XUNITS=1/CM
##YUNITS=%T
399.826377  	41.363884 
400.183684  	35.328845 
400.540991  	35.416604 
400.898298  	38.363687 
401.255605  	37.673140 
401.612912  	38.049735 
401.970219  	37.825147 
402.327525  	37.422043 
402.684832  	35.996095 
403.042139  	34.843212 
403.399446  	37.383183 
403.756753  	37.592681 
404.114060  	36.971957 
404.471367  	37.297887 
404.828674  	36.145938 
405.185980  	37.476451 
405.543287  	37.970910 
405.900594  	38.084368 
406.257901  	39.562655 
406.615208  	39.288931 
406.972515  	40.815505 
407.329822  	40.899256 
407.687128  	38.063449 
408.044435  	38.099891 
408.401742  	38.665269 
408.759049  	37.559317 
409.116356  	38.346512 
409.473663  	38.356860 
409.830970  	37.216640 
410.188276  	38.240432 
410.545583  	36.298599 
410.902890  	32.432698 
411.260197  	35.343236 
411.617504  	38.138776 
411.974811  	36.957894 
412.332118  	37.897082 
412.689424  	39.153940 
413.046731  	38.709342 
413.404038  	36.788484 
413.761345  	35.385513 
414.118652  	35.794892 
414.475959  	33.906158 
414.833266  	32.178251 
415.190572  	33.603696 
415.547879  	34.761186 
415.905186  	34.800159 
416.262493  	35.977955 
416.619800  	37.704225 
416.977107  	36.433769 
417.334414  	33.396349 
417.691720  	33.821904 
418.049027  	35.700241 
418.406334  	33.865192 
418.763641  	31.683421 
419.120948  	31.794442 
419.478255  	32.526929 
419.835562  	32.457301 
420.192869  	30.998368 
420.550175  	32.713015 
420.907482  	35.332678 
421.264789  	36.708041 
421.622096  	35.929183 
421.979403  	34.750972 
422.336710  	34.273721 
422.694017  	33.446644 
423.051323  	33.043924 
423.408630  	34.158916 
423.765937  	33.910186 
424.123244  	32.883146 
424.480551  	31.796378 
424.837858  	30.991384 
425.195165  	32.317270 
425.552471  	34.857099 
425.909778  	34.701973 
426.267085  	34.208180 
426.624392  	33.785076 
426.981699  	32.857868 
427.339006  	33.174241 
427.696313  	33.534775 
428.053619  	32.589220 
428.410926  	32.161113 
428.768233  	32.153781 
429.125540  	31.079843 
429.482847  	29.680161 
429.840154  	30.311397 
430.197461  	30.509403 
430.554767  	28.708642 
430.912074  	29.033899 
431.269381  	29.566904 
431.626688  	29.001689 
431.983995  	29.693740 
432.341302  	30.038021 
432.698609  	29.985855 
433.055916  	29.688910 
433.413222  	29.745274 
433.770529  	30.624657 
434.127836  	30.384969 
434.485143  	31.238265 
434.842450  	32.351548 
435.199757  	30.805172 
435.557064  	29.409864 
435.914370  	28.186748 
436.271677  	27.388199 
436.628984  	27.869226 
436.986291  	26.980932 
437.343598  	26.362385 
437.700905  	27.311427 
438.058212  	28.482104 
438.415518  	28.805384 
438.772825  	28.163109 
439.130132  	26.588682 
439.487439  	26.193696 
439.844746  	26.709220 
440.202053  	26.732091 
440.559360  	27.211314 
440.916666  	26.806262 
441.273973  	25.349965 
441.631280  	24.798474 
441.988587  	25.474804 
442.345894  	25.585948 
442.703201  	23.583153 
443.060508  	22.810537 
443.417814  	23.585158 
443.775121  	22.568353 
444.132428  	22.276233 
444.489735  	23.252131 
444.847042  	23.876730 
445.204349  	23.005328 
445.561656  	21.738360 
445.918963  	21.338642 
446.276269  	20.183105 
446.633576  	19.325120 
446.990883  	19.405046 
447.348190  	20.258641 
447.705497  	22.039759 
448.062804  	21.962809 
448.420111  	20.482780 
448.777417  	18.946588 
449.134724  	19.390475 
449.492031  	22.693686 
449.849338  	23.713847 
450.206645  	23.180484 
450.563952  	24.815793 
450.921259  	27.041921 
451.278565  	28.265134 
451.635872  	28.096379 
451.993179  	27.298029 
452.350486  	26.995359 
452.707793  	27.425195 
453.065100  	26.816896 
453.422407  	25.665435 
453.779713  	25.434267 
454.137020  	25.088905 
454.494327  	25.848545 
454.851634  	27.398414 
455.208941  	27.583432 
455.566248  	26.768727 
455.923555  	25.941537 
456.280861  	26.706917 
456.638168  	28.431868 
456.995475  	29.022509 
457.352782  	28.404193 
457.710089  	26.082102 
458.067396  	26.732585 
458.424703  	30.618609 
458.782010  	34.200669 
459.139316  	36.622066 
459.496623  	37.057515 
459.853930  	36.767477 
460.211237  	35.952795 
460.568544  	35.878806 
460.925851  	36.698059 
461.283158  	37.549812 
461.640464  	38.337012 
461.997771  	37.494201 
462.355078  	35.617496 
462.712385  	34.598869 
463.069692  	34.489731 
463.426999  	34.487723 
463.784306  	33.629896 
464.141612  	31.953175 
464.498919  	32.241814 
464.856226  	33.781521 
465.213533  	33.013537 
465.570840  	32.645170 
465.928147  	33.286624 
466.285454  	31.878924 
466.642760  	30.741447 
467.000067  	30.620516 
467.357374  	31.273635 
467.714681  	32.376586 
468.071988  	30.766280 
468.429295  	28.952593 
468.786602  	29.060182 
469.143908  	29.242727 
469.501215  	29.419686 
469.858522  	29.989279 
470.215829  	29.977300 
470.573136  	29.577219 
470.930443  	29.636619 
471.287750  	28.460760 
471.645057  	27.772167 
472.002363  	29.160115 
472.359670  	28.117719 
472.716977  	26.451029 
473.074284  	26.859441 
473.431591  	26.679791 
473.788898  	26.083341 
474.146205  	25.260254 
474.503511  	25.500622 
474.860818  	25.558745 
475.218125  	25.173562 
475.575432  	25.770822 
475.932739  	25.902143 
476.290046  	26.475030 
476.647353  	26.881259 
477.004659  	25.830498 
477.361966  	25.009718 
477.719273  	24.673494 
478.076580  	24.561030 
478.433887  	23.584713 
478.791194  	23.375663 
479.148501  	24.180533 
479.505807  	24.593927 
479.863114  	25.257360 
480.220421  	24.488265 
480.577728  	24.293330 
480.935035  	25.454948 
481.292342  	24.553182 
481.649649  	22.909337 
482.006955  	22.891709 
482.364262  	24.085253 
482.721569  	23.970531 
483.078876  	23.065849 
483.436183  	23.385203 
483.793490  	22.121883 
484.150797  	21.003627 
484.508104  	23.098154 
484.865410  	25.079999 
485.222717  	25.494751 
485.580024  	23.621655 
485.937331  	21.283157 
486.294638  	21.770903 
486.651945  	23.669834 
487.009252  	23.292371 
487.366558  	21.698728 
487.723865  	22.146460 
488.081172  	22.923150 
488.438479  	23.239843 
488.795786  	24.168336 
489.153093  	24.542506 
489.510400  	23.956303 
489.867706  	22.837392 
490.225013  	22.698345 
490.582320  	23.643231 
490.939627  	24.052888 
491.296934  	24.163189 
491.654241  	23.268653 
492.011548  	22.870202 
492.368854  	23.759042 
492.726161  	23.746417 
493.083468  	23.927264 
493.440775  	24.292671 
493.798082  	24.626480 
494.155389  	25.180496 
494.512696  	25.093458 
494.870002  	25.227894 
495.227309  	25.063735 
495.584616  	24.607220 
495.941923  	25.666997 
496.299230  	26.524210 
496.656537  	26.176627 
497.013844  	26.137056 
497.371151  	26.325676 
497.728457  	26.414750 
498.085764  	26.678034 
498.443071  	26.681513 
498.800378  	26.171093 
499.157685  	26.107396 
499.514992  	26.703646 
499.872299  	27.021595 
500.229605  	27.388789 
500.586912  	27.213821 
500.944219  	26.193764 
501.301526  	26.809728 
501.658833  	28.193733 
502.016140  	28.544721 
502.373447  	28.927188 
502.730753  	28.051082 
503.088060  	27.258364 
503.445367  	27.994494 
503.802674  	29.060726 
504.159981  	29.880362 
504.517288  	30.223983 
504.874595  	29.955266 
505.231901  	30.254804 
505.589208  	30.853808 
505.946515  	30.834977 
506.303822  	30.766962 
506.661129  	31.393345 
507.018436  	32.209434 
507.375743  	32.753700 
507.733049  	33.693038 
508.090356  	34.693528 
508.447663  	34.496046 
508.804970  	33.749726 
509.162277  	34.327283 
509.519584  	35.370842 
509.876891  	35.279176 
510.234197  	35.181586 
510.591504  	35.640997 
510.948811  	36.147029 
511.306118  	37.114765 
511.663425  	37.988391 
512.020732  	37.686029 
512.378039  	37.384810 
512.735346  	37.512043 
513.092652  	37.082238 
513.449959  	37.116215 
513.807266  	37.784296 
514.164573  	38.107681 
514.521880  	38.704963 
514.879187  	38.918288 
515.236494  	38.966202 
515.593800  	39.832720 
515.951107  	40.196404 
516.308414  	40.457428 
516.665721  	41.848026 
517.023028  	42.258160 
517.380335  	41.140055 
517.737642  	40.929884 
518.094948  	41.791100 
518.452255  	42.310794 
518.809562  	42.821749 
519.166869  	43.568076 
519.524176  	44.234268 
519.881483  	44.037528 
520.238790  	43.474451 
520.596096  	43.428579 
520.953403  	43.390858 
521.310710  	43.944605 
521.668017  	45.027103 
522.025324  	45.020205 
522.382631  	44.882476 
522.739938  	45.089309 
523.097244  	45.441853 
523.454551  	46.307659 
523.811858  	46.313649 
524.169165  	45.836645 
524.526472  	46.041716 
524.883779  	46.439388 
525.241086  	46.841952 
525.598393  	46.786480 
525.955699  	46.800169 
526.313006  	47.756910 
526.670313  	48.046260 
527.027620  	48.171132 
527.384927  	48.467284 
527.742234  	47.909249 
528.099541  	47.187128 
528.456847  	47.323243 
528.814154  	48.182401 
529.171461  	49.297379 
529.528768  	49.395848 
529.886075  	48.642480 
530.243382  	48.432422 
530.600689  	48.341117 
530.957995  	48.382170 
531.315302  	49.005795 
531.672609  	49.238416 
532.029916  	48.956234 
532.387223  	48.541604 
532.744530  	48.302642 
533.101837  	48.864599 
533.459143  	49.716970 
533.816450  	49.822853 
534.173757  	49.176916 
534.531064  	48.748227 
534.888371  	49.007264 
535.245678  	49.139982 
535.602985  	48.835679 
535.960291  	48.776437 
536.317598  	49.146343 
536.674905  	49.262842 
537.032212  	48.795437 
537.389519  	48.196949 
537.746826  	47.843835 
538.104133  	48.087019 
538.461440  	48.942223 
538.818746  	49.629813 
539.176053  	49.420141 
539.533360  	48.317092 
539.890667  	47.666107 
540.247974  	47.936746 
540.605281  	47.881354 
540.962588  	48.068977 
541.319894  	48.338588 
541.677201  	47.438021 
542.034508  	47.000924 
542.391815  	46.936849 
542.749122  	46.423110 
543.106429  	46.759335 
543.463736  	46.918802 
543.821042  	46.600962 
544.178349  	46.541294 
544.535656  	45.773429 
544.892963  	45.093597 
545.250270  	45.028048 
545.607577  	45.021446 
545.964884  	45.158442 
546.322190  	44.298236 
546.679497  	42.822121 
547.036804  	42.445842 
547.394111  	42.114472 
547.751418  	41.103369 
548.108725  	40.465776 
548.466032  	40.054971 
548.823338  	39.344697 
549.180645  	38.591009 
549.537952  	37.703934 
549.895259  	36.768885 
550.252566  	35.750209 
550.609873  	34.853415 
550.967180  	34.709152 
551.324487  	34.277157 
551.681793  	33.214538 
552.039100  	32.542581 
552.396407  	32.296444 
552.753714  	32.648599 
553.111021  	32.916346 
553.468328  	32.725431 
553.825635  	32.980773 
554.182941  	33.576420 
554.540248  	34.493470 
554.897555  	35.731423 
555.254862  	37.246416 
555.612169  	38.984430 
555.969476  	40.184520 
556.326783  	41.310297 
556.684089  	42.829930 
557.041396  	44.258311 
557.398703  	45.310198 
557.756010  	45.487769 
558.113317  	45.604334 
558.470624  	46.292300 
558.827931  	46.355930 
559.185237  	45.870092 
559.542544  	45.336148 
559.899851  	44.584883 
560.257158  	43.814796 
560.614465  	42.625078 
560.971772  	41.071006 
561.329079  	40.050542 
561.686385  	39.906301 
562.043692  	40.057985 
562.400999  	39.130017 
562.758306  	37.520787 
563.115613  	37.004220 
563.472920  	37.037865 
563.830227  	37.119775 
564.187534  	38.259758 
564.544840  	39.911564 
564.902147  	40.499500 
565.259454  	40.574155 
565.616761  	41.910249 
565.974068  	43.603095 
566.331375  	44.218700 
566.688682  	45.018649 
567.045988  	46.234047 
567.403295  	46.606379 
567.760602  	46.830127 
568.117909  	47.595258 
568.475216  	47.835627 
568.832523  	47.617197 
569.189830  	47.629985 
569.547136  	47.309750 
569.904443  	47.147508 
570.261750  	47.685797 
570.619057  	48.062229 
570.976364  	48.121484 
571.333671  	48.301952 
571.690978  	48.279645 
572.048284  	48.106148 
572.405591  	48.363106 
572.762898  	48.733624 
573.120205  	48.673079 
573.477512  	48.597239 
573.834819  	48.741102 
574.192126  	48.886466 
574.549432  	48.871774 
574.906739  	48.799882 
575.264046  	48.919453 
575.621353  	48.910588 
575.978660  	48.500726 
576.335967  	47.935402 
576.693274  	47.709426 
577.050581  	47.955110 
577.407887  	48.246293 
577.765194  	48.066538 
578.122501  	47.477199 
578.479808  	47.016276 
578.837115  	46.880465 
579.194422  	46.686389 
579.551729  	46.379612 
579.909035  	46.117027 
580.266342  	46.159293 
580.623649  	46.244029 
580.980956  	46.080426 
581.338263  	46.350436 
581.695570  	46.277937 
582.052877  	45.613664 
582.410183  	45.807560 
582.767490  	45.932001 
583.124797  	45.538469 
583.482104  	45.887636 
583.839411  	46.035689 
584.196718  	45.752485 
584.554025  	45.863615 
584.911331  	45.791812 
585.268638  	45.654510 
585.625945  	45.618285 
585.983252  	45.262653 
586.340559  	44.955751 
586.697866  	44.933220 
587.055173  	45.089148 
587.412479  	45.205504 
587.769786  	45.005326 
588.127093  	44.764176 
588.484400  	45.151595 
588.841707  	45.892073 
589.199014  	45.599804 
589.556321  	44.575245 
589.913627  	44.078539 
590.270934  	43.862397 
590.628241  	43.933317 
590.985548  	44.455826 
591.342855  	44.551719 
591.700162  	43.894179 
592.057469  	43.655394 
592.414776  	44.121724 
592.772082  	44.060214 
593.129389  	43.703559 
593.486696  	43.630664 
593.844003  	43.491977 
594.201310  	43.332227 
594.558617  	43.014177 
594.915924  	42.706585 
595.273230  	42.863619 
595.630537  	43.130385 
595.987844  	42.983153 
596.345151  	42.596544 
596.702458  	42.829806 
597.059765  	42.952424 
597.417072  	42.268336 
597.774378  	42.142874 
598.131685  	42.417204 
598.488992  	42.085747 
598.846299  	41.787279 
599.203606  	42.259598 
599.560913  	42.566678 
599.918220  	41.956245 
600.275526  	41.591805 
600.632833  	41.612669 
600.990140  	41.659727 
601.347447  	41.796792 
601.704754  	41.370749 
602.062061  	41.132957 
602.419368  	41.420940 
602.776674  	41.674185 
603.133981  	41.747742 
603.491288  	41.160551 
603.848595  	40.921062 
604.205902  	41.716745 
604.563209  	42.227530 
604.920516  	41.834705 
605.277823  	41.399072 
605.635129  	41.283293 
605.992436  	40.900255 
606.349743  	40.797751 
606.707050  	41.060475 
607.064357  	41.089270 
607.421664  	41.273067 
607.778971  	41.006515 
608.136277  	40.717255 
608.493584  	41.203032 
608.850891  	41.375485 
609.208198  	41.126084 
609.565505  	40.677115 
609.922812  	40.440912 
610.280119  	40.751076 
610.637425  	40.783428 
610.994732  	40.609220 
611.352039  	40.523072 
611.709346  	40.534584 
612.066653  	40.525923 
612.423960  	40.150884 
612.781267  	39.770161 
613.138573  	39.520659 
613.495880  	39.531886 
613.853187  	39.899800 
614.210494  	40.334351 
614.567801  	40.711627 
614.925108  	40.589335 
615.282415  	40.281306 
615.639721  	40.159255 
615.997028  	39.945256 
616.354335  	39.795759 
616.711642  	39.332168 
617.068949  	38.972186 
617.426256  	39.352222 
617.783563  	39.533123 
618.140870  	39.533348 
618.498176  	39.678229 
618.855483  	39.703071 
619.212790  	39.742278 
619.570097  	39.625239 
619.927404  	39.628214 
620.284711  	39.803826 
620.642018  	40.042443 
620.999324  	40.401240 
621.356631  	39.890959 
621.713938  	39.301675 
622.071245  	39.589526 
622.428552  	39.584782 
622.785859  	39.713816 
623.143166  	39.966709 
623.500472  	39.445717 
623.857779  	39.117865 
624.215086  	39.133139 
624.572393  	39.074683 
624.929700  	39.210205 
625.287007  	39.455752 
625.644314  	39.424613 
626.001620  	39.129475 
626.358927  	39.135344 
626.716234  	39.326778 
627.073541  	39.449760 
627.430848  	39.605974 
627.788155  	39.558515 
628.145462  	39.512180 
628.502768  	39.749659 
628.860075  	40.074613 
629.217382  	39.943605 
629.574689  	39.603790 
629.931996  	39.903870 
630.289303  	40.246011 
630.646610  	40.381903 
631.003917  	40.605976 
631.361223  	40.554342 
631.718530  	40.606053 
632.075837  	40.936619 
632.433144  	41.170859 
632.790451  	41.071185 
633.147758  	40.795456 
633.505065  	40.887244 
633.862371  	41.048508 
634.219678  	40.992195 
634.576985  	41.070957 
634.934292  	41.402953 
635.291599  	41.698034 
635.648906  	41.822870 
636.006213  	41.894495 
636.363519  	41.802176 
636.720826  	42.007432 
637.078133  	42.350135 
637.435440  	42.348393 
637.792747  	42.741755 
638.150054  	43.136868 
638.507361  	43.095664 
638.864667  	43.174894 
639.221974  	43.361146 
639.579281  	43.665064 
639.936588  	43.733964 
640.293895  	43.761847 
640.651202  	43.951205 
641.008509  	43.734758 
641.365815  	43.784457 
641.723122  	44.367537 
642.080429  	44.638791 
642.437736  	44.595306 
642.795043  	44.529934 
643.152350  	44.529787 
643.509657  	44.734308 
643.866964  	45.093364 
644.224270  	45.110321 
644.581577  	45.040367 
644.938884  	45.441094 
645.296191  	45.830378 
645.653498  	45.893164 
646.010805  	45.869442 
646.368112  	46.206732 
646.725418  	46.404271 
647.082725  	46.329524 
647.440032  	46.868365 
647.797339  	47.227710 
648.154646  	47.286546 
648.511953  	47.814761 
648.869260  	47.891005 
649.226566  	47.699549 
649.583873  	47.945368 
649.941180  	47.929412 
650.298487  	47.777839 
650.655794  	47.898677 
651.013101  	48.045922 
651.370408  	48.410110 
651.727714  	48.887824 
652.085021  	48.766746 
652.442328  	48.579990 
652.799635  	48.773854 
653.156942  	48.846842 
653.514249  	48.986680 
653.871556  	49.389501 
654.228862  	49.795246 
654.586169  	50.029955 
654.943476  	49.986352 
655.300783  	50.023529 
655.658090  	50.313245 
656.015397  	50.519339 
656.372704  	50.391161 
656.730011  	50.406489 
657.087317  	50.806216 
657.444624  	50.991573 
657.801931  	50.942171 
658.159238  	50.803915 
658.516545  	51.010740 
658.873852  	51.522578 
659.231159  	51.794113 
659.588465  	52.234610 
659.945772  	52.459376 
660.303079  	52.165865 
660.660386  	52.186382 
661.017693  	52.209561 
661.375000  	52.205118 
661.732307  	52.532628 
662.089613  	52.602370 
662.446920  	52.438326 
662.804227  	52.452896 
663.161534  	52.682984 
663.518841  	53.068225 
663.876148  	53.439793 
664.233455  	53.589714 
664.590761  	53.502012 
664.948068  	53.294774 
665.305375  	53.070243 
665.662682  	53.095231 
666.019989  	53.472638 
666.377296  	53.844097 
666.734603  	54.119870 
667.091909  	54.664874 
667.449216  	55.453876 
667.806523  	53.094119 
668.163830  	51.823774 
668.521137  	53.968010 
668.878444  	55.071931 
669.235751  	55.295873 
669.593057  	55.260669 
669.950364  	55.411183 
670.307671  	55.555128 
670.664978  	55.470063 
671.022285  	55.425739 
671.379592  	55.894217 
671.736899  	56.443766 
672.094206  	56.373866 
672.451512  	56.352248 
672.808819  	56.419826 
673.166126  	56.511728 
673.523433  	57.383616 
673.880740  	57.851947 
674.238047  	57.517409 
674.595354  	57.552194 
674.952660  	57.536544 
675.309967  	57.480565 
675.667274  	57.735614 
676.024581  	57.774274 
676.381888  	57.635244 
676.739195  	57.593266 
677.096502  	57.624526 
677.453808  	57.728286 
677.811115  	57.976663 
678.168422  	58.116850 
678.525729  	58.031086 
678.883036  	57.986510 
679.240343  	57.927344 
679.597650  	58.151181 
679.954956  	58.603259 
680.312263  	58.715779 
680.669570  	58.722759 
681.026877  	58.754046 
681.384184  	58.778491 
681.741491  	58.891771 
682.098798  	58.884757 
682.456104  	58.946814 
682.813411  	58.910219 
683.170718  	58.701402 
683.528025  	58.835488 
683.885332  	59.005414 
684.242639  	58.863506 
684.599946  	58.866561 
684.957253  	59.086542 
685.314559  	59.050922 
685.671866  	58.815578 
686.029173  	59.426280 
686.386480  	60.343237 
686.743787  	60.720288 
687.101094  	60.701026 
687.458401  	60.187967 
687.815707  	59.851916 
688.173014  	59.909496 
688.530321  	59.729375 
688.887628  	59.623620 
689.244935  	59.836302 
689.602242  	60.491958 
689.959549  	61.073245 
690.316855  	60.520163 
690.674162  	59.995110 
691.031469  	59.875185 
691.388776  	59.592242 
691.746083  	59.896356 
692.103390  	60.356912 
692.460697  	60.584960 
692.818003  	60.838894 
693.175310  	60.760668 
693.532617  	60.662587 
693.889924  	60.528996 
694.247231  	60.330741 
694.604538  	60.557509 
694.961845  	60.850009 
695.319151  	61.057033 
695.676458  	61.149472 
696.033765  	60.829578 
696.391072  	60.695315 
696.748379  	60.942739 
697.105686  	60.760765 
697.462993  	60.246511 
697.820300  	60.017803 
698.177606  	60.028622 
698.534913  	59.971330 
698.892220  	59.977720 
699.249527  	60.275993 
699.606834  	60.424782 
699.964141  	60.217943 
700.321448  	59.890156 
700.678754  	59.713193 
701.036061  	60.001347 
701.393368  	60.251716 
701.750675  	60.092546 
702.107982  	59.763122 
702.465289  	59.356810 
702.822596  	59.202356 
703.179902  	59.163357 
703.537209  	59.191069 
703.894516  	59.345151 
704.251823  	59.159859 
704.609130  	58.912647 
704.966437  	58.772858 
705.323744  	58.738760 
705.681050  	58.675957 
706.038357  	58.140837 
706.395664  	57.905273 
706.752971  	58.104342 
707.110278  	57.973344 
707.467585  	57.750578 
707.824892  	57.573005 
708.182198  	57.343493 
708.539505  	57.235011 
708.896812  	57.277135 
709.254119  	57.173815 
709.611426  	56.980258 
709.968733  	56.968455 
710.326040  	56.885445 
710.683347  	56.804409 
711.040653  	56.621643 
711.397960  	56.222744 
711.755267  	56.037030 
712.112574  	55.889706 
712.469881  	55.694756 
712.827188  	55.476295 
713.184495  	55.217812 
713.541801  	55.129614 
713.899108  	54.846780 
714.256415  	54.353458 
714.613722  	54.137205 
714.971029  	53.970345 
715.328336  	53.361235 
715.685643  	52.789301 
716.042949  	52.443322 
716.400256  	51.685770 
716.757563  	50.994751 
717.114870  	50.264552 
717.472177  	49.232152 
717.829484  	48.813120 
718.186791  	48.496654 
718.544097  	48.131032 
718.901404  	48.175510 
719.258711  	48.175387 
719.616018  	48.043731 
719.973325  	47.269828 
720.330632  	46.274582 
720.687939  	45.885270 
721.045245  	45.488721 
721.402552  	45.238757 
721.759859  	45.371172 
722.117166  	46.078679 
722.474473  	47.410786 
722.831780  	48.231194 
723.189087  	48.545223 
723.546394  	48.875881 
723.903700  	48.852334 
724.261007  	48.500693 
724.618314  	47.877364 
724.975621  	47.243030 
725.332928  	46.909349 
725.690235  	46.402250 
726.047542  	45.564589 
726.404848  	44.772778 
726.762155  	44.331321 
727.119462  	44.192738 
727.476769  	43.501899 
727.834076  	42.214439 
728.191383  	41.163661 
728.548690  	40.333465 
728.905996  	39.774030 
729.263303  	39.333579 
729.620610  	38.629260 
729.977917  	37.697862 
730.335224  	36.370112 
730.692531  	35.244031 
731.049838  	34.499294 
731.407144  	33.858086 
731.764451  	33.733705 
732.121758  	33.178809 
732.479065  	31.996017 
732.836372  	31.106074 
733.193679  	30.322711 
733.550986  	30.047730 
733.908292  	29.779302 
734.265599  	28.630497 
734.622906  	27.664536 
734.980213  	27.163467 
735.337520  	26.658118 
735.694827  	26.118005 
736.052134  	25.204873 
736.409441  	24.096233 
736.766747  	23.328515 
737.124054  	22.758425 
737.481361  	22.117410 
737.838668  	21.669782 
738.195975  	21.467320 
738.553282  	21.297063 
738.910589  	21.073991 
739.267895  	20.762144 
739.625202  	20.979350 
739.982509  	21.681548 
740.339816  	21.928327 
740.697123  	22.166750 
741.054430  	23.032578 
741.411737  	24.282249 
741.769043  	25.688702 
742.126350  	26.852415 
742.483657  	28.005194 
742.840964  	29.770728 
743.198271  	31.811547 
743.555578  	33.509908 
743.912885  	34.916299 
744.270191  	36.171815 
744.627498  	37.270819 
744.984805  	38.347526 
745.342112  	39.508514 
745.699419  	40.818611 
746.056726  	41.816883 
746.414033  	42.243518 
746.771339  	42.721863 
747.128646  	43.221758 
747.485953  	43.523448 
747.843260  	43.520353 
748.200567  	43.016565 
748.557874  	42.670905 
748.915181  	42.673058 
749.272488  	42.710329 
749.629794  	42.625576 
749.987101  	42.038045 
750.344408  	41.378569 
750.701715  	41.119046 
751.059022  	41.085590 
751.416329  	41.244462 
751.773636  	41.498985 
752.130942  	41.704688 
752.488249  	41.831838 
752.845556  	42.255939 
753.202863  	43.069004 
753.560170  	44.002682 
753.917477  	44.911461 
754.274784  	45.254717 
754.632090  	45.646515 
754.989397  	46.752328 
755.346704  	47.650541 
755.704011  	48.229201 
756.061318  	48.807351 
756.418625  	49.569233 
756.775932  	50.821979 
757.133238  	52.273916 
757.490545  	53.733483 
757.847852  	54.947934 
758.205159  	56.208971 
758.562466  	57.967160 
758.919773  	59.399736 
759.277080  	60.374598 
759.634386  	61.441823 
759.991693  	62.369836 
760.349000  	63.173996 
760.706307  	63.921531 
761.063614  	64.088040 
761.420921  	63.765125 
761.778228  	63.605053 
762.135534  	63.413571 
762.492841  	62.651437 
762.850148  	61.650502 
763.207455  	60.904121 
763.564762  	59.856419 
763.922069  	58.118853 
764.279376  	56.366243 
764.636683  	54.686688 
764.993989  	52.892883 
765.351296  	51.233586 
765.708603  	49.568040 
766.065910  	47.763592 
766.423217  	45.717823 
766.780524  	43.398600 
767.137831  	41.173082 
767.495137  	39.401183 
767.852444  	38.350867 
768.209751  	38.008094 
768.567058  	38.218258 
768.924365  	38.694056 
769.281672  	39.361706 
769.638979  	40.579229 
769.996285  	42.044208 
770.353592  	43.540042 
770.710899  	45.165557 
771.068206  	46.590085 
771.425513  	47.987609 
771.782820  	49.606652 
772.140127  	51.533138 
772.497433  	53.644769 
772.854740  	55.416923 
773.212047  	57.133769 
773.569354  	59.118623 
773.926661  	61.084507 
774.283968  	62.972883 
774.641275  	64.845715 
774.998581  	66.809080 
775.355888  	68.800126 
775.713195  	70.445492 
776.070502  	71.546897 
776.427809  	72.724083 
776.785116  	74.160899 
777.142423  	74.927971 
777.499730  	75.458035 
777.857036  	76.516356 
778.214343  	77.438864 
778.571650  	78.125529 
778.928957  	78.787470 
779.286264  	79.162579 
779.643571  	79.443569 
780.000878  	79.880003 
780.358184  	80.197967 
780.715491  	80.370118 
781.072798  	80.739472 
781.430105  	81.056245 
781.787412  	81.038491 
782.144719  	80.991061 
782.502026  	81.200396 
782.859332  	81.377439 
783.216639  	81.226866 
783.573946  	81.421657 
783.931253  	81.806518 
784.288560  	81.675893 
784.645867  	81.766903 
785.003174  	82.018918 
785.360480  	81.905060 
785.717787  	82.017576 
786.075094  	82.253572 
786.432401  	82.126252 
786.789708  	81.944911 
787.147015  	82.059316 
787.504322  	82.184290 
787.861628  	82.045749 
788.218935  	81.849555 
788.576242  	81.670809 
788.933549  	81.832350 
789.290856  	82.429707 
789.648163  	82.591405 
790.005470  	82.183740 
790.362777  	81.864202 
790.720083  	81.699284 
791.077390  	81.843737 
791.434697  	82.210986 
791.792004  	82.091661 
792.149311  	81.901072 
792.506618  	82.064113 
792.863925  	82.003653 
793.221231  	81.986591 
793.578538  	82.097187 
793.935845  	81.946121 
794.293152  	81.794411 
794.650459  	81.567109 
795.007766  	81.350751 
795.365073  	81.327299 
795.722379  	81.201379 
796.079686  	81.213608 
796.436993  	81.435208 
796.794300  	81.531892 
797.151607  	81.663249 
797.508914  	81.727670 
797.866221  	81.461442 
798.223527  	81.326687 
798.580834  	81.424586 
798.938141  	81.406863 
799.295448  	81.368428 
799.652755  	81.257057 
800.010062  	81.299396 
800.367369  	81.463839 
800.724675  	81.088859 
801.081982  	80.752112 
801.439289  	80.734569 
801.796596  	80.476726 
802.153903  	80.327753 
802.511210  	80.319215 
802.868517  	80.183954 
803.225824  	80.133626 
803.583130  	80.230836 
803.940437  	80.197361 
804.297744  	79.975342 
804.655051  	80.036982 
805.012358  	80.211376 
805.369665  	80.115940 
805.726972  	79.794281 
806.084278  	79.331792 
806.441585  	79.370211 
806.798892  	79.639520 
807.156199  	79.477920 
807.513506  	79.422874 
807.870813  	79.372744 
808.228120  	79.308565 
808.585426  	79.510408 
808.942733  	79.443651 
809.300040  	79.379303 
809.657347  	79.385860 
810.014654  	78.903150 
810.371961  	78.565246 
810.729268  	78.598829 
811.086574  	78.526863 
811.443881  	78.655144 
811.801188  	78.984568 
812.158495  	78.918185 
812.515802  	78.641944 
812.873109  	78.743824 
813.230416  	78.870387 
813.587722  	78.829525 
813.945029  	79.101207 
814.302336  	79.197473 
814.659643  	78.971015 
815.016950  	79.048090 
815.374257  	79.145104 
815.731564  	79.084658 
816.088871  	78.735566 
816.446177  	78.266240 
816.803484  	78.286753 
817.160791  	78.327011 
817.518098  	78.487250 
817.875405  	78.849100 
818.232712  	78.597264 
818.590019  	78.237069 
818.947325  	78.213363 
819.304632  	78.346946 
819.661939  	78.149440 
820.019246  	77.507462 
820.376553  	77.607816 
820.733860  	77.866607 
821.091167  	77.685072 
821.448473  	77.872731 
821.805780  	77.695989 
822.163087  	77.211335 
822.520394  	76.936718 
822.877701  	76.640285 
823.235008  	76.772926 
823.592315  	77.058289 
823.949621  	77.139041 
824.306928  	76.849938 
824.664235  	76.405558 
825.021542  	76.484434 
825.378849  	76.335539 
825.736156  	76.083589 
826.093463  	76.244690 
826.450769  	76.208483 
826.808076  	76.147894 
827.165383  	75.763350 
827.522690  	75.315207 
827.879997  	75.390321 
828.237304  	75.033070 
828.594611  	74.486415 
828.951918  	74.464739 
829.309224  	74.699298 
829.666531  	74.823756 
830.023838  	74.541145 
830.381145  	74.105988 
830.738452  	73.496020 
831.095759  	72.978944 
831.453066  	73.033922 
831.810372  	72.865767 
832.167679  	72.185891 
832.524986  	71.887369 
832.882293  	71.992636 
833.239600  	71.569178 
833.596907  	70.963294 
833.954214  	70.872235 
834.311520  	70.627193 
834.668827  	70.173171 
835.026134  	69.624433 
835.383441  	68.814808 
835.740748  	68.017446 
836.098055  	67.156668 
836.455362  	66.613681 
836.812668  	66.221665 
837.169975  	65.258772 
837.527282  	64.236973 
837.884589  	63.447779 
838.241896  	62.663409 
838.599203  	61.856049 
838.956510  	61.604020 
839.313816  	62.026865 
839.671123  	61.778777 
840.028430  	60.847770 
840.385737  	60.380502 
840.743044  	60.493594 
841.100351  	60.586426 
841.457658  	60.028525 
841.814964  	59.212392 
842.172271  	58.707177 
842.529578  	58.148163 
842.886885  	57.179540 
843.244192  	56.247851 
843.601499  	55.496829 
843.958806  	54.404651 
844.316113  	53.260564 
844.673419  	52.158551 
845.030726  	51.031985 
845.388033  	49.931886 
845.745340  	48.134850 
846.102647  	46.624572 
846.459954  	46.094950 
846.817261  	45.377729 
847.174567  	44.887883 
847.531874  	44.914456 
847.889181  	45.022339 
848.246488  	45.586846 
848.603795  	46.362425 
848.961102  	46.812511 
849.318409  	47.219281 
849.675715  	48.170530 
850.033022  	49.442539 
850.390329  	50.846055 
850.747636  	52.590907 
851.104943  	54.200589 
851.462250  	55.707246 
851.819557  	57.326637 
852.176863  	58.793404 
852.534170  	60.137136 
852.891477  	61.172103 
853.248784  	61.991516 
853.606091  	63.046732 
853.963398  	64.179563 
854.320705  	64.751519 
854.678011  	64.832978 
855.035318  	65.134342 
855.392625  	65.554568 
855.749932  	65.828322 
856.107239  	65.750384 
856.464546  	65.448121 
856.821853  	65.254675 
857.179160  	64.730317 
857.536466  	64.348635 
857.893773  	64.444924 
858.251080  	64.335794 
858.608387  	64.334494 
858.965694  	64.484306 
859.323001  	64.526112 
859.680308  	64.773243 
860.037614  	65.293277 
860.394921  	65.795908 
860.752228  	66.047750 
861.109535  	66.432681 
861.466842  	66.974489 
861.824149  	67.744684 
862.181456  	68.817506 
862.538762  	69.251014 
862.896069  	69.473919 
863.253376  	70.214787 
863.610683  	70.829498 
863.967990  	71.305637 
864.325297  	71.885931 
864.682604  	72.295884 
865.039910  	72.072492 
865.397217  	71.851632 
865.754524  	72.493485 
866.111831  	72.793720 
866.469138  	72.307233 
866.826445  	72.160508 
867.183752  	72.291755 
867.541058  	72.191786 
867.898365  	72.265131 
868.255672  	72.897178 
868.612979  	73.187137 
868.970286  	72.772044 
869.327593  	72.567383 
869.684900  	72.784543 
870.042207  	73.490183 
870.399513  	74.372967 
870.756820  	74.642979 
871.114127  	74.682983 
871.471434  	75.072135 
871.828741  	75.937640 
872.186048  	76.878638 
872.543355  	77.420418 
872.900661  	78.177613 
873.257968  	78.971019 
873.615275  	79.273087 
873.972582  	79.680468 
874.329889  	80.007160 
874.687196  	80.280018 
875.044503  	80.990136 
875.401809  	81.466790 
875.759116  	81.649320 
876.116423  	82.001722 
876.473730  	82.456380 
876.831037  	82.876949 
877.188344  	82.939660 
877.545651  	83.025580 
877.902957  	83.281963 
878.260264  	83.072787 
878.617571  	82.934602 
878.974878  	83.349292 
879.332185  	83.727272 
879.689492  	83.794681 
880.046799  	83.736978 
880.404105  	83.818652 
880.761412  	83.952483 
881.118719  	83.867720 
881.476026  	83.661824 
881.833333  	83.535036 
882.190640  	83.649320 
882.547947  	84.017552 
882.905254  	84.127992 
883.262560  	83.723761 
883.619867  	83.410557 
883.977174  	83.308174 
884.334481  	83.348299 
884.691788  	83.792880 
885.049095  	83.855850 
885.406402  	83.416561 
885.763708  	83.366895 
886.121015  	83.266831 
886.478322  	82.947290 
886.835629  	82.939483 
887.192936  	83.087981 
887.550243  	83.192773 
887.907550  	83.058117 
888.264856  	82.890456 
888.622163  	82.979224 
888.979470  	82.758015 
889.336777  	82.397557 
889.694084  	82.694181 
890.051391  	83.027619 
890.408698  	82.647513 
890.766004  	82.270804 
891.123311  	82.265126 
891.480618  	82.030097 
891.837925  	81.710119 
892.195232  	81.792157 
892.552539  	82.046766 
892.909846  	82.064263 
893.267152  	81.959275 
893.624459  	81.941499 
893.981766  	81.658995 
894.339073  	81.305664 
894.696380  	81.523787 
895.053687  	81.804561 
895.410994  	81.448543 
895.768301  	80.871752 
896.125607  	80.714669 
896.482914  	80.687897 
896.840221  	80.632037 
897.197528  	81.053686 
897.554835  	81.254048 
897.912142  	80.652807 
898.269449  	80.180435 
898.626755  	80.347439 
898.984062  	80.692419 
899.341369  	80.518903 
899.698676  	80.255258 
900.055983  	80.305117 
900.413290  	79.971802 
900.770597  	79.858414 
901.127903  	80.002906 
901.485210  	79.517540 
901.842517  	79.363416 
902.199824  	79.594880 
902.557131  	79.382273 
902.914438  	79.136919 
903.271745  	79.154233 
903.629051  	79.256241 
903.986358  	79.067969 
904.343665  	78.740413 
904.700972  	78.587433 
905.058279  	78.386561 
905.415586  	78.254827 
905.772893  	78.047265 
906.130199  	77.789706 
906.487506  	77.838287 
906.844813  	77.916924 
907.202120  	77.974694 
907.559427  	77.783023 
907.916734  	77.419906 
908.274041  	77.500446 
908.631348  	77.555145 
908.988654  	77.334462 
909.345961  	77.030116 
909.703268  	76.700617 
910.060575  	76.673328 
910.417882  	76.329240 
910.775189  	75.524322 
911.132496  	75.177319 
911.489802  	75.250955 
911.847109  	75.381944 
912.204416  	75.283677 
912.561723  	74.987987 
912.919030  	74.845902 
913.276337  	74.574550 
913.633644  	74.117813 
913.990950  	73.594576 
914.348257  	72.909275 
914.705564  	71.988139 
915.062871  	70.699933 
915.420178  	69.713618 
915.777485  	69.416142 
916.134792  	69.325070 
916.492098  	69.337041 
916.849405  	69.368067 
917.206712  	69.784353 
917.564019  	70.930021 
917.921326  	72.094047 
918.278633  	72.964277 
918.635940  	73.833384 
918.993246  	74.665458 
919.350553  	75.148905 
919.707860  	75.435095 
920.065167  	76.002517 
920.422474  	76.462799 
920.779781  	76.518473 
921.137088  	76.648710 
921.494394  	77.038641 
921.851701  	77.468305 
922.209008  	77.657676 
922.566315  	77.631240 
922.923622  	77.456398 
923.280929  	77.171388 
923.638236  	77.127228 
923.995543  	77.362292 
924.352849  	77.538191 
924.710156  	77.462744 
925.067463  	77.380464 
925.424770  	77.511072 
925.782077  	77.583067 
926.139384  	77.550036 
926.496691  	77.531027 
926.853997  	77.460833 
927.211304  	77.243724 
927.568611  	76.993843 
927.925918  	76.966151 
928.283225  	76.715114 
928.640532  	76.265691 
928.997839  	76.319140 
929.355145  	76.262912 
929.712452  	75.813515 
930.069759  	75.739221 
930.427066  	75.709148 
930.784373  	75.391243 
931.141680  	75.184591 
931.498987  	74.866312 
931.856293  	74.275764 
932.213600  	73.722113 
932.570907  	73.089460 
932.928214  	72.391036 
933.285521  	71.871286 
933.642828  	71.149995 
934.000135  	69.963482 
934.357441  	68.570980 
934.714748  	67.021711 
935.072055  	65.249038 
935.429362  	63.172178 
935.786669  	61.034846 
936.143976  	59.576583 
936.501283  	58.810019 
936.858590  	58.590809 
937.215896  	59.548827 
937.573203  	61.695241 
937.930510  	64.439789 
938.287817  	67.236765 
938.645124  	69.528220 
939.002431  	71.374493 
939.359738  	73.092374 
939.717044  	74.558249 
940.074351  	75.633179 
940.431658  	76.299563 
940.788965  	76.800651 
941.146272  	77.268971 
941.503579  	77.559239 
941.860886  	77.768117 
942.218192  	77.835130 
942.575499  	77.931869 
942.932806  	78.338437 
943.290113  	78.436561 
943.647420  	78.163385 
944.004727  	78.401390 
944.362034  	78.886340 
944.719340  	78.786946 
945.076647  	78.656436 
945.433954  	78.926413 
945.791261  	78.937705 
946.148568  	78.774126 
946.505875  	78.695284 
946.863182  	78.692765 
947.220488  	78.963588 
947.577795  	78.987851 
947.935102  	78.892128 
948.292409  	79.051057 
948.649716  	78.778457 
949.007023  	78.548118 
949.364330  	78.682983 
949.721637  	78.469704 
950.078943  	78.359448 
950.436250  	78.413619 
950.793557  	78.220227 
951.150864  	78.313909 
951.508171  	78.705500 
951.865478  	78.763949 
952.222785  	78.458726 
952.580091  	78.467762 
952.937398  	78.786378 
953.294705  	78.669700 
953.652012  	78.406239 
954.009319  	78.573395 
954.366626  	78.964168 
954.723933  	79.160262 
955.081239  	78.963979 
955.438546  	78.675765 
955.795853  	78.510521 
956.153160  	78.497593 
956.510467  	78.524119 
956.867774  	78.360885 
957.225081  	78.403585 
957.582387  	78.695466 
957.939694  	78.801776 
958.297001  	78.824345 
958.654308  	78.783013 
959.011615  	78.702213 
959.368922  	78.630708 
959.726229  	78.438445 
960.083535  	78.330481 
960.440842  	78.335106 
960.798149  	78.195105 
961.155456  	77.928229 
961.512763  	77.777080 
961.870070  	78.083915 
962.227377  	78.691400 
962.584684  	78.919170 
962.941990  	78.801130 
963.299297  	78.601945 
963.656604  	78.189326 
964.013911  	78.164984 
964.371218  	78.653010 
964.728525  	78.785199 
965.085832  	78.614532 
965.443138  	78.486290 
965.800445  	78.476606 
966.157752  	78.454236 
966.515059  	78.207536 
966.872366  	78.176918 
967.229673  	78.241505 
967.586980  	78.256780 
967.944286  	78.500853 
968.301593  	78.341440 
968.658900  	77.909698 
969.016207  	77.959060 
969.373514  	78.117971 
969.730821  	77.928168 
970.088128  	77.649842 
970.445434  	77.555612 
970.802741  	77.361377 
971.160048  	77.086522 
971.517355  	76.850368 
971.874662  	76.567061 
972.231969  	76.742541 
972.589276  	77.192196 
972.946582  	77.452858 
973.303889  	77.777417 
973.661196  	77.944221 
974.018503  	77.884877 
974.375810  	77.826476 
974.733117  	77.849357 
975.090424  	78.124281 
975.447731  	78.236978 
975.805037  	77.995285 
976.162344  	77.880896 
976.519651  	77.967369 
976.876958  	78.170655 
977.234265  	78.288403 
977.591572  	78.007587 
977.948879  	77.697925 
978.306185  	77.600126 
978.663492  	77.511893 
979.020799  	77.578296 
979.378106  	77.654790 
979.735413  	77.596385 
980.092720  	77.542787 
980.450027  	77.398298 
980.807333  	77.502062 
981.164640  	77.628499 
981.521947  	77.257816 
981.879254  	77.200040 
982.236561  	77.551682 
982.593868  	77.604143 
982.951175  	77.445989 
983.308481  	77.253252 
983.665788  	77.114099 
984.023095  	76.982987 
984.380402  	76.865353 
984.737709  	76.848043 
985.095016  	76.772003 
985.452323  	76.819035 
985.809629  	76.952163 
986.166936  	76.959900 
986.524243  	77.082384 
986.881550  	77.024260 
987.238857  	76.668598 
987.596164  	76.488936 
987.953471  	76.325718 
988.310778  	76.251090 
988.668084  	76.424525 
989.025391  	76.208070 
989.382698  	75.795003 
989.740005  	75.835721 
990.097312  	76.051880 
990.454619  	76.219599 
990.811926  	76.297164 
991.169232  	76.152640 
991.526539  	75.979405 
991.883846  	76.043054 
992.241153  	76.265746 
992.598460  	76.253566 
992.955767  	75.972417 
993.313074  	75.741413 
993.670380  	75.641923 
994.027687  	75.542148 
994.384994  	75.307196 
994.742301  	75.081240 
995.099608  	74.969085 
995.456915  	75.011634 
995.814222  	75.234928 
996.171528  	75.091463 
996.528835  	74.490779 
996.886142  	74.192794 
997.243449  	74.476941 
997.600756  	74.887946 
997.958063  	74.894582 
998.315370  	74.572835 
998.672676  	74.245902 
999.029983  	74.111659 
999.387290  	74.252229 
999.744597  	74.276395 
1000.101904  	74.059541 
1000.459211  	73.809413 
1000.816518  	73.536223 
1001.173824  	73.476158 
1001.531131  	73.582349 
1001.888438  	73.562695 
1002.245745  	73.463401 
1002.603052  	73.266687 
1002.960359  	72.954769 
1003.317666  	72.702955 
1003.674973  	72.684295 
1004.032279  	72.779505 
1004.389586  	72.791927 
1004.746893  	72.846789 
1005.104200  	72.785250 
1005.461507  	72.490100 
1005.818814  	72.346451 
1006.176121  	72.310978 
1006.533427  	72.159632 
1006.890734  	71.910067 
1007.248041  	71.641409 
1007.605348  	71.595150 
1007.962655  	71.600465 
1008.319962  	71.464377 
1008.677269  	71.325964 
1009.034575  	71.018696 
1009.391882  	70.806913 
1009.749189  	70.751959 
1010.106496  	70.401613 
1010.463803  	70.301258 
1010.821110  	70.440212 
1011.178417  	70.154651 
1011.535723  	69.873024 
1011.893030  	69.775284 
1012.250337  	69.714854 
1012.607644  	69.618119 
1012.964951  	69.325188 
1013.322258  	69.278269 
1013.679565  	69.373039 
1014.036871  	69.222366 
1014.394178  	69.185181 
1014.751485  	69.279261 
1015.108792  	69.306390 
1015.466099  	69.189038 
1015.823406  	69.052510 
1016.180713  	69.142566 
1016.538020  	69.208320 
1016.895326  	69.182824 
1017.252633  	69.042628 
1017.609940  	68.606205 
1017.967247  	68.359373 
1018.324554  	68.528562 
1018.681861  	68.641945 
1019.039168  	68.601036 
1019.396474  	68.421990 
1019.753781  	67.895449 
1020.111088  	67.563817 
1020.468395  	67.726352 
1020.825702  	67.550875 
1021.183009  	67.284278 
1021.540316  	67.327192 
1021.897622  	67.028317 
1022.254929  	66.840668 
1022.612236  	66.927138 
1022.969543  	66.648371 
1023.326850  	66.292853 
1023.684157  	66.006073 
1024.041464  	65.726537 
1024.398770  	65.393036 
1024.756077  	64.974331 
1025.113384  	64.783810 
1025.470691  	64.506587 
1025.827998  	64.000604 
1026.185305  	63.572886 
1026.542612  	63.174331 
1026.899918  	62.844501 
1027.257225  	62.367936 
1027.614532  	61.891577 
1027.971839  	61.837698 
1028.329146  	61.679112 
1028.686453  	61.258877 
1029.043760  	60.835053 
1029.401067  	60.380845 
1029.758373  	60.146094 
1030.115680  	59.721601 
1030.472987  	58.882785 
1030.830294  	58.332204 
1031.187601  	57.718811 
1031.544908  	56.814047 
1031.902215  	56.209582 
1032.259521  	55.557040 
1032.616828  	54.768319 
1032.974135  	53.996561 
1033.331442  	52.864168 
1033.688749  	51.760127 
1034.046056  	50.876779 
1034.403363  	49.940969 
1034.760669  	49.173539 
1035.117976  	48.431347 
1035.475283  	47.405228 
1035.832590  	46.236306 
1036.189897  	45.154737 
1036.547204  	44.167665 
1036.904511  	43.105233 
1037.261817  	41.961385 
1037.619124  	40.743870 
1037.976431  	39.419982 
1038.333738  	38.009003 
1038.691045  	36.708251 
1039.048352  	35.806031 
1039.405659  	35.157749 
1039.762965  	34.756543 
1040.120272  	34.818604 
1040.477579  	35.278559 
1040.834886  	36.069733 
1041.192193  	37.183029 
1041.549500  	38.825977 
1041.906807  	41.096828 
1042.264114  	43.704031 
1042.621420  	46.394464 
1042.978727  	48.901481 
1043.336034  	51.528811 
1043.693341  	54.453115 
1044.050648  	56.941371 
1044.407955  	59.112735 
1044.765262  	61.250560 
1045.122568  	63.014971 
1045.479875  	64.606918 
1045.837182  	66.071125 
1046.194489  	67.322558 
1046.551796  	68.325211 
1046.909103  	68.941914 
1047.266410  	69.526179 
1047.623716  	70.101699 
1047.981023  	70.650895 
1048.338330  	71.227230 
1048.695637  	71.430071 
1049.052944  	71.729337 
1049.410251  	72.211659 
1049.767558  	71.993046 
1050.124864  	71.584340 
1050.482171  	71.768426 
1050.839478  	72.156839 
1051.196785  	72.081054 
1051.554092  	71.584322 
1051.911399  	71.398177 
1052.268706  	71.389043 
1052.626012  	71.262209 
1052.983319  	71.470744 
1053.340626  	71.734457 
1053.697933  	71.578224 
1054.055240  	71.192254 
1054.412547  	70.914668 
1054.769854  	70.945272 
1055.127161  	71.029060 
1055.484467  	70.884921 
1055.841774  	70.690730 
1056.199081  	70.691062 
1056.556388  	70.526106 
1056.913695  	69.941329 
1057.271002  	69.618772 
1057.628309  	69.644692 
1057.985615  	69.562752 
1058.342922  	69.394551 
1058.700229  	69.068685 
1059.057536  	68.905343 
1059.414843  	69.023226 
1059.772150  	68.847689 
1060.129457  	68.461000 
1060.486763  	68.035952 
1060.844070  	67.547756 
1061.201377  	67.287354 
1061.558684  	67.161499 
1061.915991  	67.118362 
1062.273298  	67.360447 
1062.630605  	67.433147 
1062.987911  	67.217394 
1063.345218  	67.213343 
1063.702525  	66.910669 
1064.059832  	66.314531 
1064.417139  	66.283658 
1064.774446  	66.081592 
1065.131753  	65.577738 
1065.489059  	65.590598 
1065.846366  	65.323905 
1066.203673  	64.797960 
1066.560980  	64.881525 
1066.918287  	64.923634 
1067.275594  	64.464563 
1067.632901  	63.881053 
1067.990208  	63.451321 
1068.347514  	63.377507 
1068.704821  	63.484292 
1069.062128  	63.316903 
1069.419435  	62.895207 
1069.776742  	62.526016 
1070.134049  	62.214523 
1070.491356  	61.953611 
1070.848662  	61.767563 
1071.205969  	61.577991 
1071.563276  	61.331929 
1071.920583  	61.076777 
1072.277890  	60.954513 
1072.635197  	60.687843 
1072.992504  	60.282324 
1073.349810  	60.098612 
1073.707117  	59.713964 
1074.064424  	59.145918 
1074.421731  	58.768831 
1074.779038  	58.443882 
1075.136345  	58.267282 
1075.493652  	58.047777 
1075.850958  	57.610482 
1076.208265  	57.012184 
1076.565572  	56.283185 
1076.922879  	56.078420 
1077.280186  	56.285821 
1077.637493  	56.116930 
1077.994800  	55.777383 
1078.352106  	55.393757 
1078.709413  	54.759164 
1079.066720  	54.258642 
1079.424027  	53.936545 
1079.781334  	53.351254 
1080.138641  	52.762001 
1080.495948  	52.235889 
1080.853255  	51.510818 
1081.210561  	50.958586 
1081.567868  	50.527739 
1081.925175  	50.196123 
1082.282482  	49.721955 
1082.639789  	48.513816 
1082.997096  	47.777376 
1083.354403  	47.729958 
1083.711709  	47.046269 
1084.069016  	46.184083 
1084.426323  	45.406333 
1084.783630  	44.404983 
1085.140937  	43.557385 
1085.498244  	42.846705 
1085.855551  	42.125728 
1086.212857  	41.171334 
1086.570164  	40.019975 
1086.927471  	39.076493 
1087.284778  	38.137127 
1087.642085  	37.024698 
1087.999392  	35.912703 
1088.356699  	34.932329 
1088.714005  	34.135415 
1089.071312  	33.071198 
1089.428619  	31.476369 
1089.785926  	30.177646 
1090.143233  	29.450506 
1090.500540  	28.608411 
1090.857847  	27.885457 
1091.215153  	27.452267 
1091.572460  	26.866812 
1091.929767  	26.351526 
1092.287074  	25.773559 
1092.644381  	24.908702 
1093.001688  	24.200652 
1093.358995  	23.767899 
1093.716301  	23.737903 
1094.073608  	24.032243 
1094.430915  	24.340174 
1094.788222  	25.033837 
1095.145529  	26.171681 
1095.502836  	27.598018 
1095.860143  	29.516019 
1096.217450  	31.671701 
1096.574756  	34.066486 
1096.932063  	36.943343 
1097.289370  	40.079704 
1097.646677  	43.548296 
1098.003984  	47.485294 
1098.361291  	51.313014 
1098.718598  	54.538311 
1099.075904  	57.490161 
1099.433211  	60.503704 
1099.790518  	63.771859 
1100.147825  	66.850153 
1100.505132  	68.708510 
1100.862439  	69.938255 
1101.219746  	71.429775 
1101.577052  	72.774393 
1101.934359  	73.861648 
1102.291666  	74.826103 
1102.648973  	75.729515 
1103.006280  	76.599934 
1103.363587  	77.234796 
1103.720894  	77.566534 
1104.078200  	77.911800 
1104.435507  	78.580954 
1104.792814  	78.924689 
1105.150121  	78.673874 
1105.507428  	78.718738 
1105.864735  	79.097092 
1106.222042  	79.317618 
1106.579348  	79.298598 
1106.936655  	79.107535 
1107.293962  	79.065342 
1107.651269  	79.282657 
1108.008576  	79.378379 
1108.365883  	79.173119 
1108.723190  	79.174513 
1109.080497  	79.384103 
1109.437803  	79.126723 
1109.795110  	78.743916 
1110.152417  	78.670918 
1110.509724  	78.459808 
1110.867031  	78.039433 
1111.224338  	77.806660 
1111.581645  	77.617396 
1111.938951  	77.188165 
1112.296258  	76.957856 
1112.653565  	76.896615 
1113.010872  	76.678883 
1113.368179  	76.631863 
1113.725486  	76.382912 
1114.082793  	75.837642 
1114.440099  	75.611908 
1114.797406  	75.501552 
1115.154713  	75.263291 
1115.512020  	74.786208 
1115.869327  	74.493373 
1116.226634  	74.766052 
1116.583941  	74.588358 
1116.941247  	74.098073 
1117.298554  	73.959385 
1117.655861  	73.523448 
1118.013168  	73.213526 
1118.370475  	73.340726 
1118.727782  	73.119593 
1119.085089  	72.759865 
1119.442395  	72.499774 
1119.799702  	72.145573 
1120.157009  	71.869882 
1120.514316  	71.642354 
1120.871623  	71.452695 
1121.228930  	71.257234 
1121.586237  	70.815134 
1121.943544  	70.515595 
1122.300850  	70.537329 
1122.658157  	70.137126 
1123.015464  	69.551395 
1123.372771  	69.711695 
1123.730078  	69.964414 
1124.087385  	69.656357 
1124.444692  	69.474719 
1124.801998  	69.366555 
1125.159305  	69.031105 
1125.516612  	68.801845 
1125.873919  	68.570983 
1126.231226  	68.303349 
1126.588533  	68.011686 
1126.945840  	67.586100 
1127.303146  	67.352348 
1127.660453  	67.234462 
1128.017760  	67.069985 
1128.375067  	66.928849 
1128.732374  	66.660133 
1129.089681  	66.551119 
1129.446988  	66.586214 
1129.804294  	66.330462 
1130.161601  	66.006032 
1130.518908  	65.811329 
1130.876215  	65.630298 
1131.233522  	65.264222 
1131.590829  	64.891365 
1131.948136  	64.921302 
1132.305442  	64.854246 
1132.662749  	64.468628 
1133.020056  	64.273193 
1133.377363  	64.280065 
1133.734670  	64.292401 
1134.091977  	63.949598 
1134.449284  	63.373739 
1134.806591  	63.124447 
1135.163897  	63.062649 
1135.521204  	62.932057 
1135.878511  	62.515919 
1136.235818  	62.207676 
1136.593125  	62.388539 
1136.950432  	61.993723 
1137.307739  	61.082478 
1137.665045  	60.726030 
1138.022352  	60.693224 
1138.379659  	60.520357 
1138.736966  	60.035829 
1139.094273  	59.658894 
1139.451580  	59.612756 
1139.808887  	59.427282 
1140.166193  	59.229629 
1140.523500  	58.898099 
1140.880807  	58.471483 
1141.238114  	58.260339 
1141.595421  	57.896824 
1141.952728  	57.623834 
1142.310035  	57.337488 
1142.667341  	56.851184 
1143.024648  	56.666862 
1143.381955  	56.233450 
1143.739262  	55.780582 
1144.096569  	55.929283 
1144.453876  	55.684220 
1144.811183  	54.917857 
1145.168489  	54.264700 
1145.525796  	53.798497 
1145.883103  	53.547376 
1146.240410  	53.112982 
1146.597717  	52.329981 
1146.955024  	51.535235 
1147.312331  	50.749938 
1147.669638  	49.950089 
1148.026944  	48.924156 
1148.384251  	47.396217 
1148.741558  	45.923373 
1149.098865  	44.986132 
1149.456172  	44.512599 
1149.813479  	44.955351 
1150.170786  	46.255397 
1150.528092  	47.557938 
1150.885399  	48.568325 
1151.242706  	49.114385 
1151.600013  	49.203517 
1151.957320  	48.968003 
1152.314627  	48.348538 
1152.671934  	47.931667 
1153.029240  	47.866656 
1153.386547  	47.436726 
1153.743854  	46.657878 
1154.101161  	45.964734 
1154.458468  	45.503125 
1154.815775  	45.039303 
1155.173082  	44.287762 
1155.530388  	43.466489 
1155.887695  	42.792236 
1156.245002  	42.278695 
1156.602309  	41.738320 
1156.959616  	41.028606 
1157.316923  	40.385447 
1157.674230  	39.714771 
1158.031536  	38.956933 
1158.388843  	38.454912 
1158.746150  	38.105060 
1159.103457  	37.535243 
1159.460764  	36.777219 
1159.818071  	36.181061 
1160.175378  	35.713393 
1160.532685  	35.188540 
1160.889991  	34.705931 
1161.247298  	34.088680 
1161.604605  	33.420053 
1161.961912  	33.004741 
1162.319219  	32.688821 
1162.676526  	32.379281 
1163.033833  	32.066605 
1163.391139  	31.774427 
1163.748446  	31.602249 
1164.105753  	31.714733 
1164.463060  	32.063613 
1164.820367  	32.282055 
1165.177674  	32.678525 
1165.534981  	33.442295 
1165.892287  	34.019061 
1166.249594  	34.352446 
1166.606901  	34.801535 
1166.964208  	35.356579 
1167.321515  	35.634678 
1167.678822  	35.781542 
1168.036129  	36.152743 
1168.393435  	36.481497 
1168.750742  	36.714003 
1169.108049  	37.036044 
1169.465356  	37.509803 
1169.822663  	37.850840 
1170.179970  	37.898673 
1170.537277  	38.180862 
1170.894583  	38.491905 
1171.251890  	38.353825 
1171.609197  	38.115468 
1171.966504  	38.045584 
1172.323811  	37.938967 
1172.681118  	37.448651 
1173.038425  	36.827599 
1173.395731  	36.324632 
1173.753038  	35.770965 
1174.110345  	35.288114 
1174.467652  	34.773894 
1174.824959  	34.200965 
1175.182266  	33.815028 
1175.539573  	33.416788 
1175.896880  	32.752736 
1176.254186  	31.950620 
1176.611493  	31.295981 
1176.968800  	30.838992 
1177.326107  	30.493958 
1177.683414  	30.035492 
1178.040721  	29.335882 
1178.398028  	28.562048 
1178.755334  	27.898642 
1179.112641  	27.600293 
1179.469948  	27.337989 
1179.827255  	26.895767 
1180.184562  	26.450052 
1180.541869  	25.782667 
1180.899176  	25.294444 
1181.256482  	24.882780 
1181.613789  	24.193702 
1181.971096  	23.872808 
1182.328403  	23.827292 
1182.685710  	23.815894 
1183.043017  	23.667109 
1183.400324  	23.331920 
1183.757630  	23.308461 
1184.114937  	23.338127 
1184.472244  	23.375353 
1184.829551  	23.527005 
1185.186858  	23.692252 
1185.544165  	24.079984 
1185.901472  	24.586008 
1186.258778  	25.340941 
1186.616085  	26.071572 
1186.973392  	26.617410 
1187.330699  	27.462602 
1187.688006  	28.265081 
1188.045313  	29.138546 
1188.402620  	30.278662 
1188.759927  	31.193427 
1189.117233  	31.988707 
1189.474540  	32.829817 
1189.831847  	33.611739 
1190.189154  	34.267510 
1190.546461  	34.821240 
1190.903768  	35.210511 
1191.261075  	35.634847 
1191.618381  	36.426220 
1191.975688  	37.022311 
1192.332995  	37.247634 
1192.690302  	37.617423 
1193.047609  	38.168408 
1193.404916  	38.656309 
1193.762223  	38.923354 
1194.119529  	39.386738 
1194.476836  	40.213309 
1194.834143  	41.026285 
1195.191450  	41.771230 
1195.548757  	42.468947 
1195.906064  	43.265998 
1196.263371  	44.107754 
1196.620677  	44.765917 
1196.977984  	45.441550 
1197.335291  	46.279100 
1197.692598  	47.157250 
1198.049905  	47.912200 
1198.407212  	48.567383 
1198.764519  	49.125899 
1199.121825  	49.652767 
1199.479132  	50.376895 
1199.836439  	51.040699 
1200.193746  	51.592228 
1200.551053  	52.278915 
1200.908360  	52.785490 
1201.265667  	53.052835 
1201.622974  	53.438948 
1201.980280  	53.886245 
1202.337587  	54.245398 
1202.694894  	54.655430 
1203.052201  	55.005226 
1203.409508  	55.080827 
1203.766815  	55.100525 
1204.124122  	55.322028 
1204.481428  	55.638185 
1204.838735  	55.767933 
1205.196042  	55.786282 
1205.553349  	55.782534 
1205.910656  	55.695247 
1206.267963  	55.689544 
1206.625270  	55.617568 
1206.982576  	55.508061 
1207.339883  	55.489301 
1207.697190  	55.271513 
1208.054497  	54.938324 
1208.411804  	54.485681 
1208.769111  	54.171376 
1209.126418  	54.236876 
1209.483724  	54.026811 
1209.841031  	53.642651 
1210.198338  	53.374540 
1210.555645  	53.031727 
1210.912952  	52.731087 
1211.270259  	52.449258 
1211.627566  	52.337816 
1211.984872  	52.113510 
1212.342179  	51.477102 
1212.699486  	51.041450 
1213.056793  	50.715574 
1213.414100  	50.277268 
1213.771407  	49.966069 
1214.128714  	49.645734 
1214.486021  	49.306025 
1214.843327  	48.926521 
1215.200634  	48.511095 
1215.557941  	48.109985 
1215.915248  	47.547671 
1216.272555  	47.035899 
1216.629862  	46.712936 
1216.987169  	46.309509 
1217.344475  	45.866258 
1217.701782  	45.510334 
1218.059089  	45.151199 
1218.416396  	44.796390 
1218.773703  	44.481780 
1219.131010  	44.029186 
1219.488317  	43.374953 
1219.845623  	42.730049 
1220.202930  	42.292626 
1220.560237  	42.078689 
1220.917544  	41.734612 
1221.274851  	41.250283 
1221.632158  	41.053053 
1221.989465  	40.806628 
1222.346771  	40.288905 
1222.704078  	39.803257 
1223.061385  	39.278523 
1223.418692  	38.978843 
1223.775999  	38.912382 
1224.133306  	38.627434 
1224.490613  	38.292378 
1224.847919  	37.953971 
1225.205226  	37.642470 
1225.562533  	37.475449 
1225.919840  	37.177530 
1226.277147  	36.786192 
1226.634454  	36.423389 
1226.991761  	36.136127 
1227.349068  	35.988709 
1227.706374  	35.813101 
1228.063681  	35.571725 
1228.420988  	35.263308 
1228.778295  	34.971560 
1229.135602  	34.774333 
1229.492909  	34.544722 
1229.850216  	34.446002 
1230.207522  	34.419487 
1230.564829  	34.134432 
1230.922136  	33.832489 
1231.279443  	33.721299 
1231.636750  	33.597709 
1231.994057  	33.392857 
1232.351364  	33.190993 
1232.708670  	33.073198 
1233.065977  	33.021413 
1233.423284  	32.918116 
1233.780591  	32.705340 
1234.137898  	32.462758 
1234.495205  	32.369772 
1234.852512  	32.314958 
1235.209818  	32.142879 
1235.567125  	32.084625 
1235.924432  	32.081032 
1236.281739  	31.982284 
1236.639046  	31.979147 
1236.996353  	32.072192 
1237.353660  	32.094462 
1237.710966  	32.033473 
1238.068273  	32.172143 
1238.425580  	32.408504 
1238.782887  	32.428904 
1239.140194  	32.534379 
1239.497501  	32.624293 
1239.854808  	32.569659 
1240.212115  	32.716674 
1240.569421  	32.952923 
1240.926728  	33.307600 
1241.284035  	33.748821 
1241.641342  	34.017435 
1241.998649  	34.295586 
1242.355956  	34.706525 
1242.713263  	35.188440 
1243.070569  	35.658759 
1243.427876  	36.192313 
1243.785183  	36.781846 
1244.142490  	37.228846 
1244.499797  	37.648840 
1244.857104  	38.000581 
1245.214411  	38.304848 
1245.571717  	38.762810 
1245.929024  	39.121036 
1246.286331  	39.289777 
1246.643638  	39.485816 
1247.000945  	39.732497 
1247.358252  	39.831907 
1247.715559  	39.787669 
1248.072865  	39.812786 
1248.430172  	39.796012 
1248.787479  	39.678588 
1249.144786  	39.440486 
1249.502093  	39.041627 
1249.859400  	38.687235 
1250.216707  	38.305930 
1250.574013  	37.759140 
1250.931320  	37.166165 
1251.288627  	36.736711 
1251.645934  	36.463878 
1252.003241  	35.992707 
1252.360548  	35.429395 
1252.717855  	35.098279 
1253.075161  	34.801267 
1253.432468  	34.347643 
1253.789775  	33.974294 
1254.147082  	33.920899 
1254.504389  	34.024238 
1254.861696  	34.201619 
1255.219003  	34.520468 
1255.576310  	34.901667 
1255.933616  	35.434406 
1256.290923  	36.133742 
1256.648230  	36.890143 
1257.005537  	37.769349 
1257.362844  	38.767600 
1257.720151  	39.830785 
1258.077458  	40.893055 
1258.434764  	41.910859 
1258.792071  	43.039951 
1259.149378  	44.296446 
1259.506685  	45.312403 
1259.863992  	46.094823 
1260.221299  	46.998575 
1260.578606  	47.845031 
1260.935912  	48.595748 
1261.293219  	49.411936 
1261.650526  	50.152092 
1262.007833  	50.912181 
1262.365140  	51.558629 
1262.722447  	52.103389 
1263.079754  	52.703104 
1263.437060  	52.971359 
1263.794367  	53.294776 
1264.151674  	53.946908 
1264.508981  	54.359448 
1264.866288  	54.643817 
1265.223595  	54.878633 
1265.580902  	54.987558 
1265.938208  	55.261820 
1266.295515  	55.590298 
1266.652822  	55.662833 
1267.010129  	55.591738 
1267.367436  	55.720157 
1267.724743  	55.926584 
1268.082050  	55.807562 
1268.439357  	55.452654 
1268.796663  	55.244324 
1269.153970  	55.217331 
1269.511277  	55.021090 
1269.868584  	54.563196 
1270.225891  	54.028205 
1270.583198  	53.530421 
1270.940505  	53.096554 
1271.297811  	52.473836 
1271.655118  	51.645355 
1272.012425  	50.980321 
1272.369732  	50.456335 
1272.727039  	49.842483 
1273.084346  	49.087308 
1273.441653  	48.258663 
1273.798959  	47.434517 
1274.156266  	46.606310 
1274.513573  	45.781524 
1274.870880  	44.952992 
1275.228187  	44.240989 
1275.585494  	43.742633 
1275.942801  	43.142453 
1276.300107  	42.396243 
1276.657414  	41.927169 
1277.014721  	41.655590 
1277.372028  	41.343153 
1277.729335  	41.207829 
1278.086642  	41.249950 
1278.443949  	41.396319 
1278.801255  	41.792647 
1279.158562  	42.240560 
1279.515869  	42.719297 
1279.873176  	43.474382 
1280.230483  	44.296816 
1280.587790  	45.016434 
1280.945097  	45.799616 
1281.302404  	46.796299 
1281.659710  	47.846612 
1282.017017  	48.815122 
1282.374324  	49.929047 
1282.731631  	51.088277 
1283.088938  	52.171866 
1283.446245  	53.333731 
1283.803552  	54.669332 
1284.160858  	56.305844 
1284.518165  	58.066354 
1284.875472  	59.792794 
1285.232779  	61.516643 
1285.590086  	63.344202 
1285.947393  	65.388843 
1286.304700  	67.356666 
1286.662006  	69.313554 
1287.019313  	71.447063 
1287.376620  	73.462927 
1287.733927  	75.211225 
1288.091234  	76.681558 
1288.448541  	78.189615 
1288.805848  	79.801464 
1289.163154  	80.978424 
1289.520461  	81.919802 
1289.877768  	83.009646 
1290.235075  	83.974157 
1290.592382  	84.674387 
1290.949689  	85.147223 
1291.306996  	85.506607 
1291.664302  	85.932971 
1292.021609  	86.269954 
1292.378916  	86.468696 
1292.736223  	86.691526 
1293.093530  	86.828009 
1293.450837  	86.930511 
1293.808144  	87.110125 
1294.165451  	87.245785 
1294.522757  	87.443930 
1294.880064  	87.623171 
1295.237371  	87.530486 
1295.594678  	87.446330 
1295.951985  	87.595939 
1296.309292  	87.738157 
1296.666599  	87.641919 
1297.023905  	87.480126 
1297.381212  	87.587618 
1297.738519  	87.674299 
1298.095826  	87.502319 
1298.453133  	87.484879 
1298.810440  	87.524309 
1299.167747  	87.370507 
1299.525053  	87.200830 
1299.882360  	87.018824 
1300.239667  	86.994219 
1300.596974  	86.998834 
1300.954281  	86.751976 
1301.311588  	86.682449 
1301.668895  	86.715709 
1302.026201  	86.531984 
1302.383508  	86.443364 
1302.740815  	86.447749 
1303.098122  	86.266941 
1303.455429  	85.943020 
1303.812736  	85.759322 
1304.170043  	85.694108 
1304.527349  	85.595449 
1304.884656  	85.543425 
1305.241963  	85.403988 
1305.599270  	85.282846 
1305.956577  	85.211079 
1306.313884  	85.004067 
1306.671191  	84.968897 
1307.028498  	84.906773 
1307.385804  	84.682185 
1307.743111  	84.693595 
1308.100418  	84.673349 
1308.457725  	84.417770 
1308.815032  	84.224453 
1309.172339  	84.274885 
1309.529646  	84.288977 
1309.886952  	84.112271 
1310.244259  	84.108346 
1310.601566  	84.069057 
1310.958873  	84.000388 
1311.316180  	84.068254 
1311.673487  	83.909591 
1312.030794  	83.862788 
1312.388100  	83.852415 
1312.745407  	83.563351 
1313.102714  	83.551478 
1313.460021  	83.565353 
1313.817328  	83.443888 
1314.174635  	83.569695 
1314.531942  	83.676506 
1314.889248  	83.463355 
1315.246555  	83.138357 
1315.603862  	83.008381 
1315.961169  	83.019078 
1316.318476  	83.168273 
1316.675783  	83.300097 
1317.033090  	83.024352 
1317.390396  	82.772914 
1317.747703  	82.729012 
1318.105010  	82.565448 
1318.462317  	82.603621 
1318.819624  	82.678537 
1319.176931  	82.391299 
1319.534238  	82.258492 
1319.891545  	82.257929 
1320.248851  	82.072777 
1320.606158  	81.970800 
1320.963465  	81.972255 
1321.320772  	81.903290 
1321.678079  	81.885656 
1322.035386  	81.802559 
1322.392693  	81.529351 
1322.749999  	81.410028 
1323.107306  	81.450758 
1323.464613  	81.304080 
1323.821920  	81.163497 
1324.179227  	81.025412 
1324.536534  	80.667917 
1324.893841  	80.586672 
1325.251147  	80.723622 
1325.608454  	80.505694 
1325.965761  	80.188592 
1326.323068  	80.085730 
1326.680375  	80.115564 
1327.037682  	80.078407 
1327.394989  	79.910402 
1327.752295  	79.748285 
1328.109602  	79.580605 
1328.466909  	79.380909 
1328.824216  	79.157839 
1329.181523  	79.107780 
1329.538830  	79.188015 
1329.896137  	78.961942 
1330.253443  	78.537186 
1330.610750  	78.234166 
1330.968057  	78.192501 
1331.325364  	78.173517 
1331.682671  	77.856893 
1332.039978  	77.564180 
1332.397285  	77.336011 
1332.754592  	77.104812 
1333.111898  	76.946064 
1333.469205  	76.712558 
1333.826512  	76.498131 
1334.183819  	76.237240 
1334.541126  	75.953600 
1334.898433  	75.700231 
1335.255740  	75.300460 
1335.613046  	74.862609 
1335.970353  	74.603531 
1336.327660  	74.500503 
1336.684967  	73.815559 
1337.042274  	72.959455 
1337.399581  	72.956077 
1337.756888  	72.901634 
1338.114194  	72.697013 
1338.471501  	72.396525 
1338.828808  	71.606318 
1339.186115  	71.034508 
1339.543422  	70.709265 
1339.900729  	70.648912 
1340.258036  	70.255047 
1340.615342  	68.969973 
1340.972649  	68.456805 
1341.329956  	68.318323 
1341.687263  	67.947795 
1342.044570  	67.510534 
1342.401877  	66.830958 
1342.759184  	66.279191 
1343.116490  	65.862764 
1343.473797  	65.285120 
1343.831104  	64.573806 
1344.188411  	63.795231 
1344.545718  	63.125687 
1344.903025  	62.469694 
1345.260332  	61.778016 
1345.617638  	61.082933 
1345.974945  	60.340038 
1346.332252  	59.557610 
1346.689559  	58.822460 
1347.046866  	58.081384 
1347.404173  	57.033485 
1347.761480  	56.019593 
1348.118787  	55.298523 
1348.476093  	54.455097 
1348.833400  	53.473990 
1349.190707  	52.506262 
1349.548014  	51.509094 
1349.905321  	50.534028 
1350.262628  	49.706618 
1350.619935  	48.782614 
1350.977241  	47.649425 
1351.334548  	46.644495 
1351.691855  	45.650246 
1352.049162  	44.530017 
1352.406469  	43.452913 
1352.763776  	42.556251 
1353.121083  	41.614716 
1353.478389  	40.452276 
1353.835696  	39.444460 
1354.193003  	38.465107 
1354.550310  	37.558794 
1354.907617  	36.750917 
1355.264924  	35.683926 
1355.622231  	34.791927 
1355.979537  	33.911115 
1356.336844  	33.104319 
1356.694151  	32.556207 
1357.051458  	31.771313 
1357.408765  	31.113259 
1357.766072  	30.565678 
1358.123379  	29.888403 
1358.480685  	29.308041 
1358.837992  	28.871427 
1359.195299  	28.700425 
1359.552606  	28.561267 
1359.909913  	28.392218 
1360.267220  	28.182873 
1360.624527  	28.146009 
1360.981834  	28.559629 
1361.339140  	28.807442 
1361.696447  	29.037427 
1362.053754  	29.445789 
1362.411061  	29.885781 
1362.768368  	30.546731 
1363.125675  	31.384945 
1363.482982  	32.475624 
1363.840288  	33.506802 
1364.197595  	34.644627 
1364.554902  	35.898823 
1364.912209  	37.103090 
1365.269516  	38.481968 
1365.626823  	39.958126 
1365.984130  	41.452264 
1366.341436  	42.722664 
1366.698743  	43.929176 
1367.056050  	45.335864 
1367.413357  	46.681330 
1367.770664  	48.143761 
1368.127971  	49.399522 
1368.485278  	50.537759 
1368.842584  	52.022036 
1369.199891  	53.130581 
1369.557198  	54.101174 
1369.914505  	55.123834 
1370.271812  	56.045633 
1370.629119  	57.055308 
1370.986426  	57.980487 
1371.343732  	58.769416 
1371.701039  	59.293416 
1372.058346  	59.778298 
1372.415653  	60.493396 
1372.772960  	61.127290 
1373.130267  	61.862410 
1373.487574  	62.436191 
1373.844881  	62.215128 
1374.202187  	62.447831 
1374.559494  	63.466613 
1374.916801  	63.988093 
1375.274108  	63.512018 
1375.631415  	63.431293 
1375.988722  	63.933375 
1376.346029  	64.197514 
1376.703335  	64.153896 
1377.060642  	64.124681 
1377.417949  	64.283981 
1377.775256  	64.329796 
1378.132563  	64.164907 
1378.489870  	64.199474 
1378.847177  	64.418254 
1379.204483  	64.584669 
1379.561790  	64.595824 
1379.919097  	64.566840 
1380.276404  	64.633003 
1380.633711  	64.841478 
1380.991018  	65.083293 
1381.348325  	65.157052 
1381.705631  	65.196764 
1382.062938  	65.254780 
1382.420245  	65.379389 
1382.777552  	65.639260 
1383.134859  	65.838723 
1383.492166  	65.957989 
1383.849473  	66.148164 
1384.206779  	66.499845 
1384.564086  	66.875338 
1384.921393  	67.272733 
1385.278700  	67.620037 
1385.636007  	67.868483 
1385.993314  	68.510244 
1386.350621  	69.154645 
1386.707928  	69.477983 
1387.065234  	70.059624 
1387.422541  	70.214331 
1387.779848  	70.115165 
1388.137155  	71.200235 
1388.494462  	72.164091 
1388.851769  	72.714660 
1389.209076  	73.295125 
1389.566382  	73.948047 
1389.923689  	74.439369 
1390.280996  	75.027313 
1390.638303  	75.679975 
1390.995610  	76.141302 
1391.352917  	76.667062 
1391.710224  	77.175422 
1392.067530  	77.676592 
1392.424837  	78.285647 
1392.782144  	78.797045 
1393.139451  	79.260512 
1393.496758  	79.821860 
1393.854065  	80.768632 
1394.211372  	81.505136 
1394.568678  	80.375893 
1394.925985  	80.220585 
1395.283292  	81.619300 
1395.640599  	82.321540 
1395.997906  	81.981744 
1396.355213  	81.848332 
1396.712520  	82.286056 
1397.069826  	82.898598 
1397.427133  	83.388504 
1397.784440  	83.272199 
1398.141747  	83.137723 
1398.499054  	84.145264 
1398.856361  	85.012143 
1399.213668  	83.794455 
1399.570975  	82.822203 
1399.928281  	83.617301 
1400.285588  	84.066451 
1400.642895  	84.280110 
1401.000202  	84.582203 
1401.357509  	84.731990 
1401.714816  	84.761062 
1402.072123  	84.786617 
1402.429429  	84.931289 
1402.786736  	85.195288 
1403.144043  	85.288882 
1403.501350  	85.178539 
1403.858657  	84.977254 
1404.215964  	85.149776 
1404.573271  	85.756754 
1404.930577  	85.274434 
1405.287884  	83.971963 
1405.645191  	84.414144 
1406.002498  	85.020779 
1406.359805  	85.090640 
1406.717112  	85.128439 
1407.074419  	85.098738 
1407.431725  	85.038341 
1407.789032  	85.098262 
1408.146339  	85.109267 
1408.503646  	85.048665 
1408.860953  	85.001830 
1409.218260  	85.043253 
1409.575567  	85.088911 
1409.932873  	84.947955 
1410.290180  	84.727364 
1410.647487  	84.677066 
1411.004794  	84.740632 
1411.362101  	84.673935 
1411.719408  	84.429203 
1412.076715  	84.125125 
1412.434022  	83.949427 
1412.791328  	84.040537 
1413.148635  	84.037467 
1413.505942  	83.814088 
1413.863249  	83.733274 
1414.220556  	83.636936 
1414.577863  	83.360751 
1414.935170  	83.136963 
1415.292476  	83.165290 
1415.649783  	83.362995 
1416.007090  	83.118813 
1416.364397  	82.647806 
1416.721704  	83.061921 
1417.079011  	83.712418 
1417.436318  	83.218942 
1417.793624  	82.494309 
1418.150931  	83.152911 
1418.508238  	84.201315 
1418.865545  	85.214273 
1419.222852  	84.989675 
1419.580159  	80.733836 
1419.937466  	81.377252 
1420.294772  	83.121344 
1420.652079  	83.897106 
1421.009386  	84.132541 
1421.366693  	84.161160 
1421.724000  	84.286564 
1422.081307  	84.576559 
1422.438614  	84.602139 
1422.795920  	84.665454 
1423.153227  	85.068008 
1423.510534  	85.382631 
1423.867841  	85.126025 
1424.225148  	84.492250 
1424.582455  	84.601284 
1424.939762  	85.028830 
1425.297068  	85.112628 
1425.654375  	85.028191 
1426.011682  	85.119692 
1426.368989  	85.304710 
1426.726296  	85.329658 
1427.083603  	85.301742 
1427.440910  	85.546281 
1427.798217  	85.794013 
1428.155523  	85.781585 
1428.512830  	85.817232 
1428.870137  	85.918512 
1429.227444  	86.112835 
1429.584751  	86.401901 
1429.942058  	85.676185 
1430.299365  	84.481877 
1430.656671  	84.809353 
1431.013978  	85.277296 
1431.371285  	85.462384 
1431.728592  	85.594285 
1432.085899  	85.360327 
1432.443206  	85.345024 
1432.800513  	85.701153 
1433.157819  	85.383891 
1433.515126  	84.798798 
1433.872433  	84.940342 
1434.229740  	85.166066 
1434.587047  	85.020406 
1434.944354  	84.937131 
1435.301661  	85.030739 
1435.658967  	85.163279 
1436.016274  	85.912113 
1436.373581  	87.195833 
1436.730888  	84.920888 
1437.088195  	80.300424 
1437.445502  	82.419993 
1437.802809  	83.716450 
1438.160115  	83.837986 
1438.517422  	83.507712 
1438.874729  	83.382649 
1439.232036  	83.397476 
1439.589343  	83.226186 
1439.946650  	83.136622 
1440.303957  	83.214244 
1440.661264  	83.092172 
1441.018570  	82.958429 
1441.375877  	82.919024 
1441.733184  	82.750041 
1442.090491  	82.650558 
1442.447798  	82.680114 
1442.805105  	82.601939 
1443.162412  	82.420390 
1443.519718  	82.337487 
1443.877025  	82.409621 
1444.234332  	82.499831 
1444.591639  	82.568258 
1444.948946  	82.431744 
1445.306253  	82.080622 
1445.663560  	81.865602 
1446.020866  	81.685750 
1446.378173  	81.572492 
1446.735480  	81.543181 
1447.092787  	81.598790 
1447.450094  	82.231989 
1447.807401  	82.147299 
1448.164708  	79.705351 
1448.522014  	79.286306 
1448.879321  	79.983292 
1449.236628  	79.936112 
1449.593935  	79.635143 
1449.951242  	79.376140 
1450.308549  	79.073968 
1450.665856  	78.717931 
1451.023162  	78.286126 
1451.380469  	78.169904 
1451.737776  	78.078807 
1452.095083  	77.112231 
1452.452390  	76.049113 
1452.809697  	75.947089 
1453.167004  	75.859033 
1453.524311  	75.378831 
1453.881617  	75.015801 
1454.238924  	74.632529 
1454.596231  	74.209440 
1454.953538  	74.090154 
1455.310845  	73.279759 
1455.668152  	72.132216 
1456.025459  	72.788703 
1456.382765  	74.372351 
1456.740072  	73.725742 
1457.097379  	66.515849 
1457.454686  	66.910166 
1457.811993  	68.512450 
1458.169300  	68.565998 
1458.526607  	65.578107 
1458.883913  	64.788514 
1459.241220  	63.996460 
1459.598527  	62.044301 
1459.955834  	61.176311 
1460.313141  	60.107796 
1460.670448  	58.878015 
1461.027755  	57.743033 
1461.385061  	56.207401 
1461.742368  	54.649095 
1462.099675  	53.056130 
1462.456982  	51.620791 
1462.814289  	50.232138 
1463.171596  	48.903957 
1463.528903  	47.857045 
1463.886209  	46.708539 
1464.243516  	45.989941 
1464.600823  	45.812668 
1464.958130  	44.537635 
1465.315437  	42.379979 
1465.672744  	41.980550 
1466.030051  	41.774366 
1466.387358  	41.089537 
1466.744664  	40.596558 
1467.101971  	40.165855 
1467.459278  	39.849100 
1467.816585  	40.002151 
1468.173892  	40.098286 
1468.531199  	40.505907 
1468.888506  	41.353678 
1469.245812  	42.519032 
1469.603119  	44.006663 
1469.960426  	45.488007 
1470.317733  	47.030988 
1470.675040  	48.365374 
1471.032347  	49.572865 
1471.389654  	50.880901 
1471.746960  	52.186171 
1472.104267  	53.214715 
1472.461574  	53.866324 
1472.818881  	55.762821 
1473.176188  	57.869360 
1473.533495  	59.733476 
1473.890802  	62.699570 
1474.248108  	65.559681 
1474.605415  	68.246391 
1474.962722  	70.569459 
1475.320029  	72.626205 
1475.677336  	74.800607 
1476.034643  	76.233299 
1476.391950  	76.214636 
1476.749256  	76.843154 
1477.106563  	78.237881 
1477.463870  	79.229671 
1477.821177  	79.781555 
1478.178484  	80.456858 
1478.535791  	80.883799 
1478.893098  	81.216935 
1479.250405  	81.713924 
1479.607711  	81.972909 
1479.965018  	82.288837 
1480.322325  	82.681851 
1480.679632  	83.252921 
1481.036939  	83.657970 
1481.394246  	83.298542 
1481.751553  	83.203240 
1482.108859  	83.352475 
1482.466166  	83.420265 
1482.823473  	83.564064 
1483.180780  	83.696730 
1483.538087  	83.936823 
1483.895394  	83.980088 
1484.252701  	83.763085 
1484.610007  	83.573130 
1484.967314  	83.534610 
1485.324621  	83.561777 
1485.681928  	83.540303 
1486.039235  	83.384279 
1486.396542  	83.072115 
1486.753849  	83.565186 
1487.111155  	83.958711 
1487.468462  	82.188443 
1487.825769  	81.468462 
1488.183076  	82.140861 
1488.540383  	82.615881 
1488.897690  	82.811805 
1489.254997  	82.756712 
1489.612303  	82.451094 
1489.969610  	81.189967 
1490.326917  	81.286569 
1490.684224  	81.415897 
1491.041531  	79.284189 
1491.398838  	79.165423 
1491.756145  	79.822210 
1492.113452  	79.793333 
1492.470758  	79.712614 
1492.828065  	79.341659 
1493.185372  	78.939342 
1493.542679  	78.601830 
1493.899986  	78.299048 
1494.257293  	78.013254 
1494.614600  	77.451374 
1494.971906  	76.990524 
1495.329213  	76.944295 
1495.686520  	77.653450 
1496.043827  	78.015161 
1496.401134  	73.722779 
1496.758441  	71.594106 
1497.115748  	72.452549 
1497.473054  	72.841161 
1497.830361  	72.495038 
1498.187668  	72.395891 
1498.544975  	72.640675 
1498.902282  	70.052005 
1499.259589  	67.459811 
1499.616896  	67.821376 
1499.974202  	67.704320 
1500.331509  	66.900803 
1500.688816  	65.941673 
1501.046123  	65.043989 
1501.403430  	64.384835 
1501.760737  	63.252600 
1502.118044  	61.651275 
1502.475350  	60.598749 
1502.832657  	59.822674 
1503.189964  	58.841102 
1503.547271  	57.794397 
1503.904578  	56.859502 
1504.261885  	55.864459 
1504.619192  	54.941474 
1504.976498  	54.472358 
1505.333805  	54.163271 
1505.691112  	51.291242 
1506.048419  	48.571377 
1506.405726  	49.926534 
1506.763033  	51.215441 
1507.120340  	47.813086 
1507.477647  	44.545652 
1507.834953  	44.327198 
1508.192260  	44.512250 
1508.549567  	43.692069 
1508.906874  	42.157416 
1509.264181  	42.064721 
1509.621488  	41.560212 
1509.978795  	40.087668 
1510.336101  	39.460075 
1510.693408  	39.020499 
1511.050715  	38.485729 
1511.408022  	37.914955 
1511.765329  	37.433831 
1512.122636  	37.016405 
1512.479943  	36.423767 
1512.837249  	36.433713 
1513.194556  	36.857583 
1513.551863  	37.372058 
1513.909170  	37.955569 
1514.266477  	38.867528 
1514.623784  	39.952525 
1514.981091  	41.241093 
1515.338397  	42.626877 
1515.695704  	43.848248 
1516.053011  	45.456885 
1516.410318  	47.031094 
1516.767625  	48.592645 
1517.124932  	50.141086 
1517.482239  	51.094622 
1517.839545  	52.722706 
1518.196852  	54.286533 
1518.554159  	55.734544 
1518.911466  	57.151056 
1519.268773  	58.328970 
1519.626080  	59.462586 
1519.983387  	60.186079 
1520.340694  	60.163730 
1520.698000  	60.764406 
1521.055307  	61.843787 
1521.412614  	60.467589 
1521.769921  	59.988937 
1522.127228  	61.549111 
1522.484535  	62.325282 
1522.841842  	61.373981 
1523.199148  	60.852937 
1523.556455  	61.293447 
1523.913762  	61.492218 
1524.271069  	61.514390 
1524.628376  	61.892383 
1524.985683  	62.198218 
1525.342990  	62.003468 
1525.700296  	60.831190 
1526.057603  	60.598547 
1526.414910  	61.334699 
1526.772217  	61.777943 
1527.129524  	61.944930 
1527.486831  	61.895275 
1527.844138  	62.290416 
1528.201444  	63.302314 
1528.558751  	63.733292 
1528.916058  	64.064478 
1529.273365  	65.083996 
1529.630672  	66.176752 
1529.987979  	67.436482 
1530.345286  	68.751282 
1530.702592  	70.183191 
1531.059899  	71.554079 
1531.417206  	72.749750 
1531.774513  	73.917882 
1532.131820  	75.182490 
1532.489127  	77.138302 
1532.846434  	79.147513 
1533.203741  	80.624797 
1533.561047  	81.550112 
1533.918354  	81.049181 
1534.275661  	81.388534 
1534.632968  	83.120457 
1534.990275  	84.689938 
1535.347582  	85.425564 
1535.704889  	85.560325 
1536.062195  	86.279614 
1536.419502  	86.990872 
1536.776809  	87.297606 
1537.134116  	87.466957 
1537.491423  	87.734967 
1537.848730  	88.574270 
1538.206037  	89.580440 
1538.563343  	90.523172 
1538.920650  	89.756359 
1539.277957  	85.131516 
1539.635264  	87.375843 
1539.992571  	89.770859 
1540.349878  	87.452294 
1540.707185  	85.520682 
1541.064491  	87.630440 
1541.421798  	89.583186 
1541.779105  	90.136743 
1542.136412  	86.168830 
1542.493719  	84.492158 
1542.851026  	87.762624 
1543.208333  	89.332558 
1543.565639  	88.605598 
1543.922946  	88.317487 
1544.280253  	89.320263 
1544.637560  	90.377845 
1544.994867  	90.191563 
1545.352174  	87.347994 
1545.709481  	87.034378 
1546.066788  	88.313970 
1546.424094  	88.997279 
1546.781401  	89.148494 
1547.138708  	89.118061 
1547.496015  	89.244804 
1547.853322  	89.341144 
1548.210629  	89.195988 
1548.567936  	89.076976 
1548.925242  	89.377547 
1549.282549  	89.941002 
1549.639856  	90.070477 
1549.997163  	89.188424 
1550.354470  	87.822900 
1550.711777  	87.836526 
1551.069084  	88.673521 
1551.426390  	89.008400 
1551.783697  	88.945445 
1552.141004  	89.039167 
1552.498311  	89.078209 
1552.855618  	88.959405 
1553.212925  	89.038670 
1553.570232  	89.705884 
1553.927538  	90.659748 
1554.284845  	89.591374 
1554.642152  	86.064065 
1554.999459  	87.053624 
1555.356766  	88.223505 
1555.714073  	88.365940 
1556.071380  	88.347619 
1556.428686  	88.498397 
1556.785993  	89.166949 
1557.143300  	90.326917 
1557.500607  	89.986296 
1557.857914  	88.378767 
1558.215221  	90.184220 
1558.572528  	87.888941 
1558.929835  	85.532881 
1559.287141  	88.514508 
1559.644448  	91.233666 
1560.001755  	89.931664 
1560.359062  	82.762059 
1560.716369  	83.969539 
1561.073676  	86.075855 
1561.430983  	87.125555 
1561.788289  	87.273758 
1562.145596  	87.182044 
1562.502903  	87.390363 
1562.860210  	87.579390 
1563.217517  	87.475785 
1563.574824  	87.468120 
1563.932131  	87.545043 
1564.289437  	87.778773 
1564.646744  	87.671688 
1565.004051  	85.940140 
1565.361358  	85.347681 
1565.718665  	86.295154 
1566.075972  	86.516692 
1566.433279  	86.346591 
1566.790585  	86.251386 
1567.147892  	86.195074 
1567.505199  	86.472240 
1567.862506  	86.540575 
1568.219813  	86.637941 
1568.577120  	87.124327 
1568.934427  	87.129780 
1569.291733  	87.215028 
1569.649040  	87.277454 
1570.006347  	84.678244 
1570.363654  	84.084812 
1570.720961  	85.053434 
1571.078268  	85.453240 
1571.435575  	85.406556 
1571.792882  	85.156692 
1572.150188  	84.959626 
1572.507495  	85.028104 
1572.864802  	85.007756 
1573.222109  	84.924375 
1573.579416  	84.894018 
1573.936723  	84.730522 
1574.294030  	84.515220 
1574.651336  	84.494714 
1575.008643  	84.682578 
1575.365950  	85.195278 
1575.723257  	86.169894 
1576.080564  	85.265116 
1576.437871  	79.452398 
1576.795178  	80.716596 
1577.152484  	82.479422 
1577.509791  	82.849273 
1577.867098  	82.491869 
1578.224405  	82.440911 
1578.581712  	82.508677 
1578.939019  	82.163677 
1579.296326  	81.809515 
1579.653632  	81.671542 
1580.010939  	81.617561 
1580.368246  	81.569560 
1580.725553  	81.314698 
1581.082860  	80.897749 
1581.440167  	80.569443 
1581.797474  	80.372520 
1582.154780  	80.051884 
1582.512087  	79.631150 
1582.869394  	79.312614 
1583.226701  	78.978217 
1583.584008  	78.652460 
1583.941315  	78.336889 
1584.298622  	78.005681 
1584.655928  	77.607962 
1585.013235  	77.060585 
1585.370542  	76.652901 
1585.727849  	76.272930 
1586.085156  	75.653446 
1586.442463  	75.083149 
1586.799770  	74.761071 
1587.157077  	74.428931 
1587.514383  	73.780296 
1587.871690  	73.164308 
1588.228997  	72.772491 
1588.586304  	72.215462 
1588.943611  	71.579566 
1589.300918  	71.098401 
1589.658225  	70.607016 
1590.015531  	69.965481 
1590.372838  	69.382832 
1590.730145  	68.917767 
1591.087452  	68.479678 
1591.444759  	68.190940 
1591.802066  	67.912643 
1592.159373  	67.604463 
1592.516679  	67.377792 
1592.873986  	67.098838 
1593.231293  	66.819101 
1593.588600  	66.707265 
1593.945907  	66.763531 
1594.303214  	66.539591 
1594.660521  	66.128807 
1595.017827  	66.265794 
1595.375134  	66.444637 
1595.732441  	66.458101 
1596.089748  	66.572289 
1596.447055  	66.566669 
1596.804362  	66.639137 
1597.161669  	66.766804 
1597.518975  	66.849957 
1597.876282  	67.114907 
1598.233589  	67.397794 
1598.590896  	67.602143 
1598.948203  	67.751902 
1599.305510  	67.979891 
1599.662817  	68.233593 
1600.020124  	68.214068 
1600.377430  	68.173371 
1600.734737  	68.246395 
1601.092044  	68.245064 
1601.449351  	68.118276 
1601.806658  	68.051752 
1602.163965  	68.204104 
1602.521272  	68.289578 
1602.878578  	68.421324 
1603.235885  	68.676529 
1603.593192  	68.809836 
1603.950499  	69.243745 
1604.307806  	70.017121 
1604.665113  	70.881687 
1605.022420  	71.716361 
1605.379726  	72.461135 
1605.737033  	73.288159 
1606.094340  	74.024521 
1606.451647  	74.730941 
1606.808954  	75.474303 
1607.166261  	75.922766 
1607.523568  	76.231740 
1607.880874  	76.425275 
1608.238181  	76.614532 
1608.595488  	77.015801 
1608.952795  	77.284451 
1609.310102  	77.076283 
1609.667409  	76.401360 
1610.024716  	76.069899 
1610.382022  	76.041339 
1610.739329  	75.671771 
1611.096636  	75.081824 
1611.453943  	74.346648 
1611.811250  	73.557689 
1612.168557  	72.753422 
1612.525864  	71.745298 
1612.883171  	70.675045 
1613.240477  	69.531305 
1613.597784  	68.330689 
1613.955091  	67.010431 
1614.312398  	65.553060 
1614.669705  	64.125333 
1615.027012  	62.571241 
1615.384319  	61.155638 
1615.741625  	60.239652 
1616.098932  	59.894949 
1616.456239  	59.811530 
1616.813546  	56.557701 
1617.170853  	53.494128 
1617.528160  	54.067234 
1617.885467  	54.496628 
1618.242773  	54.569659 
1618.600080  	54.805000 
1618.957387  	55.308518 
1619.314694  	55.944567 
1619.672001  	56.714013 
1620.029308  	57.546552 
1620.386615  	58.468834 
1620.743921  	59.281228 
1621.101228  	59.957013 
1621.458535  	60.822453 
1621.815842  	61.879639 
1622.173149  	62.904404 
1622.530456  	63.730946 
1622.887763  	64.872385 
1623.245069  	66.136194 
1623.602376  	66.198530 
1623.959683  	66.877946 
1624.316990  	68.768579 
1624.674297  	70.187222 
1625.031604  	71.281576 
1625.388911  	72.480722 
1625.746218  	73.696010 
1626.103524  	74.791810 
1626.460831  	76.121695 
1626.818138  	77.607152 
1627.175445  	79.257985 
1627.532752  	80.839037 
1627.890059  	81.099542 
1628.247366  	81.630075 
1628.604672  	83.315704 
1628.961979  	84.357127 
1629.319286  	85.030805 
1629.676593  	85.793494 
1630.033900  	86.340426 
1630.391207  	86.804053 
1630.748514  	87.290730 
1631.105820  	87.759935 
1631.463127  	88.165382 
1631.820434  	88.462652 
1632.177741  	88.685147 
1632.535048  	88.725324 
1632.892355  	88.785120 
1633.249662  	89.051051 
1633.606968  	89.255768 
1633.964275  	89.516545 
1634.321582  	90.191220 
1634.678889  	91.019932 
1635.036196  	91.363946 
1635.393503  	89.498295 
1635.750810  	86.088237 
1636.108116  	87.134751 
1636.465423  	88.793617 
1636.822730  	89.791773 
1637.180037  	90.455240 
1637.537344  	89.677535 
1637.894651  	88.739084 
1638.251958  	89.770044 
1638.609265  	90.540873 
1638.966571  	90.812764 
1639.323878  	90.996993 
1639.681185  	91.054396 
1640.038492  	91.292592 
1640.395799  	91.329564 
1640.753106  	91.350190 
1641.110413  	91.583898 
1641.467719  	91.538344 
1641.825026  	91.493893 
1642.182333  	91.574582 
1642.539640  	91.560364 
1642.896947  	91.478123 
1643.254254  	91.628817 
1643.611561  	91.978986 
1643.968867  	92.121710 
1644.326174  	92.212338 
1644.683481  	92.270647 
1645.040788  	92.680752 
1645.398095  	93.868990 
1645.755402  	94.369528 
1646.112709  	90.881914 
1646.470015  	90.146054 
1646.827322  	92.594649 
1647.184629  	93.499695 
1647.541936  	92.199395 
1647.899243  	92.192645 
1648.256550  	92.042007 
1648.613857  	90.917300 
1648.971163  	91.460777 
1649.328470  	92.113749 
1649.685777  	92.085103 
1650.043084  	92.022078 
1650.400391  	92.179070 
1650.757698  	92.194805 
1651.115005  	92.310244 
1651.472312  	93.264740 
1651.829618  	94.561997 
1652.186925  	95.275721 
1652.544232  	94.242202 
1652.901539  	93.137360 
1653.258846  	90.548452 
1653.616153  	88.414126 
1653.973460  	91.965634 
1654.330766  	93.467154 
1654.688073  	90.625340 
1655.045380  	90.171027 
1655.402687  	91.327089 
1655.759994  	91.970520 
1656.117301  	92.313673 
1656.474608  	92.317494 
1656.831914  	92.287933 
1657.189221  	92.427787 
1657.546528  	92.461064 
1657.903835  	92.188204 
1658.261142  	91.911305 
1658.618449  	91.764812 
1658.975756  	91.698935 
1659.333062  	91.949429 
1659.690369  	92.024923 
1660.047676  	91.756378 
1660.404983  	91.890491 
1660.762290  	92.321743 
1661.119597  	92.382581 
1661.476904  	92.021180 
1661.834210  	92.112475 
1662.191517  	93.029525 
1662.548824  	93.358933 
1662.906131  	90.988291 
1663.263438  	89.764772 
1663.620745  	90.993204 
1663.978052  	91.751038 
1664.335359  	91.818870 
1664.692665  	91.597092 
1665.049972  	91.462205 
1665.407279  	91.559110 
1665.764586  	91.529168 
1666.121893  	91.344461 
1666.479200  	91.194063 
1666.836507  	91.242245 
1667.193813  	91.419751 
1667.551120  	91.656351 
1667.908427  	91.998993 
1668.265734  	91.836774 
1668.623041  	91.918694 
1668.980348  	92.748775 
1669.337655  	90.881539 
1669.694961  	88.309096 
1670.052268  	89.952508 
1670.409575  	91.039278 
1670.766882  	91.680430 
1671.124189  	91.946195 
1671.481496  	90.791387 
1671.838803  	89.852685 
1672.196109  	90.695451 
1672.553416  	91.173951 
1672.910723  	91.116736 
1673.268030  	91.137432 
1673.625337  	91.249865 
1673.982644  	91.442777 
1674.339951  	91.839488 
1674.697257  	92.838989 
1675.054564  	93.640129 
1675.411871  	89.484130 
1675.769178  	87.467363 
1676.126485  	89.481370 
1676.483792  	90.488258 
1676.841099  	90.756270 
1677.198405  	90.910951 
1677.555712  	91.112936 
1677.913019  	90.999903 
1678.270326  	90.859838 
1678.627633  	90.927616 
1678.984940  	91.062987 
1679.342247  	91.395271 
1679.699554  	91.473178 
1680.056860  	91.072328 
1680.414167  	90.298770 
1680.771474  	89.512752 
1681.128781  	89.741738 
1681.486088  	90.237914 
1681.843395  	90.168339 
1682.200702  	90.287119 
1682.558008  	91.366486 
1682.915315  	92.277856 
1683.272622  	91.519087 
1683.629929  	90.876158 
1683.987236  	91.704550 
1684.344543  	92.586870 
1684.701850  	90.683845 
1685.059156  	85.253356 
1685.416463  	87.047861 
1685.773770  	89.206830 
1686.131077  	89.834630 
1686.488384  	90.055677 
1686.845691  	90.275237 
1687.202998  	90.519124 
1687.560304  	90.859363 
1687.917611  	91.218385 
1688.274918  	90.924484 
1688.632225  	89.936943 
1688.989532  	89.817316 
1689.346839  	90.463907 
1689.704146  	91.041375 
1690.061452  	90.557613 
1690.418759  	89.480762 
1690.776066  	89.706282 
1691.133373  	90.226898 
1691.490680  	90.372377 
1691.847987  	90.309718 
1692.205294  	90.060500 
1692.562601  	90.056078 
1692.919907  	90.215546 
1693.277214  	90.284998 
1693.634521  	90.399478 
1693.991828  	90.504014 
1694.349135  	90.594006 
1694.706442  	91.142756 
1695.063749  	92.423358 
1695.421055  	93.245491 
1695.778362  	89.040547 
1696.135669  	84.036351 
1696.492976  	87.386856 
1696.850283  	89.822125 
1697.207590  	90.791815 
1697.564897  	90.402351 
1697.922203  	90.024088 
1698.279510  	90.438903 
1698.636817  	91.104047 
1698.994124  	91.947854 
1699.351431  	93.021901 
1699.708738  	93.666812 
1700.066045  	92.816227 
1700.423351  	90.056666 
1700.780658  	85.955735 
1701.137965  	86.586911 
1701.495272  	88.649574 
1701.852579  	89.843449 
1702.209886  	90.516649 
1702.567193  	90.646115 
1702.924499  	90.618746 
1703.281806  	90.947082 
1703.639113  	91.534660 
1703.996420  	92.216623 
1704.353727  	91.772910 
1704.711034  	89.865200 
1705.068341  	89.919899 
1705.425648  	91.103594 
1705.782954  	92.192925 
1706.140261  	91.948926 
1706.497568  	89.755828 
1706.854875  	89.547422 
1707.212182  	90.204295 
1707.569489  	90.261096 
1707.926796  	90.632531 
1708.284102  	91.004176 
1708.641409  	91.099174 
1708.998716  	91.243339 
1709.356023  	91.527413 
1709.713330  	91.756732 
1710.070637  	91.383416 
1710.427944  	90.771385 
1710.785250  	90.691338 
1711.142557  	90.797473 
1711.499864  	91.038028 
1711.857171  	91.334616 
1712.214478  	91.487880 
1712.571785  	91.492096 
1712.929092  	91.225562 
1713.286398  	91.213982 
1713.643705  	91.747367 
1714.001012  	91.657805 
1714.358319  	91.382553 
1714.715626  	92.405348 
1715.072933  	92.202691 
1715.430240  	89.850792 
1715.787546  	90.118200 
1716.144853  	91.273406 
1716.502160  	92.267979 
1716.859467  	93.363847 
1717.216774  	93.250877 
1717.574081  	89.518643 
1717.931388  	89.891664 
1718.288695  	92.596567 
1718.646001  	91.881216 
1719.003308  	89.032723 
1719.360615  	90.278179 
1719.717922  	91.327763 
1720.075229  	91.349037 
1720.432536  	91.407916 
1720.789843  	91.761427 
1721.147149  	92.053568 
1721.504456  	91.858967 
1721.861763  	91.827476 
1722.219070  	92.112060 
1722.576377  	92.144964 
1722.933684  	92.237982 
1723.290991  	92.153744 
1723.648297  	91.509006 
1724.005604  	91.292136 
1724.362911  	91.741215 
1724.720218  	91.889667 
1725.077525  	91.693007 
1725.434832  	91.840898 
1725.792139  	91.982345 
1726.149445  	91.931945 
1726.506752  	91.873358 
1726.864059  	91.623975 
1727.221366  	91.540145 
1727.578673  	91.798547 
1727.935980  	92.108822 
1728.293287  	92.235777 
1728.650593  	92.138530 
1729.007900  	92.159360 
1729.365207  	92.581141 
1729.722514  	92.713215 
1730.079821  	91.111430 
1730.437128  	90.127866 
1730.794435  	91.201805 
1731.151742  	91.788841 
1731.509048  	91.948718 
1731.866355  	92.053888 
1732.223662  	91.790381 
1732.580969  	92.248746 
1732.938276  	93.473993 
1733.295583  	92.986825 
1733.652890  	90.597456 
1734.010196  	92.887532 
1734.367503  	94.680736 
1734.724810  	89.037476 
1735.082117  	87.793332 
1735.439424  	90.207331 
1735.796731  	91.293718 
1736.154038  	91.553670 
1736.511344  	91.739565 
1736.868651  	92.077098 
1737.225958  	92.114893 
1737.583265  	91.950569 
1737.940572  	91.885746 
1738.297879  	91.847836 
1738.655186  	91.971052 
1739.012492  	92.459226 
1739.369799  	93.282840 
1739.727106  	92.352698 
1740.084413  	88.951862 
1740.441720  	89.716998 
1740.799027  	91.223550 
1741.156334  	91.612686 
1741.513640  	91.626104 
1741.870947  	91.714813 
1742.228254  	92.164443 
1742.585561  	92.804145 
1742.942868  	92.894770 
1743.300175  	91.912147 
1743.657482  	90.840520 
1744.014789  	91.005602 
1744.372095  	91.612131 
1744.729402  	91.709305 
1745.086709  	91.677043 
1745.444016  	92.004981 
1745.801323  	91.938420 
1746.158630  	91.554778 
1746.515937  	91.854628 
1746.873243  	92.053651 
1747.230550  	91.524557 
1747.587857  	91.410823 
1747.945164  	92.194045 
1748.302471  	92.836828 
1748.659778  	91.913567 
1749.017085  	90.425521 
1749.374391  	90.469244 
1749.731698  	90.779735 
1750.089005  	91.344212 
1750.446312  	92.513864 
1750.803619  	93.668424 
1751.160926  	92.722291 
1751.518233  	88.738467 
1751.875539  	89.169800 
1752.232846  	90.802286 
1752.590153  	91.258786 
1752.947460  	91.122617 
1753.304767  	91.127187 
1753.662074  	91.245097 
1754.019381  	91.051923 
1754.376687  	90.840482 
1754.733994  	90.855425 
1755.091301  	90.680651 
1755.448608  	90.709687 
1755.805915  	91.167666 
1756.163222  	91.871397 
1756.520529  	92.134460 
1756.877835  	89.998486 
1757.235142  	88.286244 
1757.592449  	89.213172 
1757.949756  	89.806806 
1758.307063  	89.843283 
1758.664370  	89.574710 
1759.021677  	89.195065 
1759.378984  	89.185814 
1759.736290  	89.128637 
1760.093597  	88.948240 
1760.450904  	88.878894 
1760.808211  	89.042452 
1761.165518  	89.804903 
1761.522825  	90.341548 
1761.880132  	88.240309 
1762.237438  	85.852496 
1762.594745  	86.691568 
1762.952052  	87.635049 
1763.309359  	87.934263 
1763.666666  	88.056280 
1764.023973  	88.316324 
1764.381280  	88.700419 
1764.738586  	88.989397 
1765.095893  	89.283043 
1765.453200  	89.505130 
1765.810507  	89.638988 
1766.167814  	90.025506 
1766.525121  	90.485013 
1766.882428  	90.852805 
1767.239734  	91.164787 
1767.597041  	91.735960 
1767.954348  	91.948758 
1768.311655  	89.605829 
1768.668962  	88.822826 
1769.026269  	90.267653 
1769.383576  	90.617677 
1769.740882  	90.529409 
1770.098189  	90.878193 
1770.455496  	91.425400 
1770.812803  	92.007831 
1771.170110  	91.427312 
1771.527417  	89.664424 
1771.884724  	90.467372 
1772.242031  	92.406151 
1772.599337  	91.742790 
1772.956644  	87.507415 
1773.313951  	88.288586 
1773.671258  	89.947462 
1774.028565  	90.567958 
1774.385872  	90.827039 
1774.743179  	91.037261 
1775.100485  	91.124993 
1775.457792  	90.741316 
1775.815099  	89.986353 
1776.172406  	89.983150 
1776.529713  	90.795652 
1776.887020  	91.342203 
1777.244327  	91.171840 
1777.601633  	91.068685 
1777.958940  	91.219903 
1778.316247  	91.260143 
1778.673554  	91.419727 
1779.030861  	91.740246 
1779.388168  	91.871340 
1779.745475  	92.130499 
1780.102781  	92.833303 
1780.460088  	92.645194 
1780.817395  	90.891060 
1781.174702  	90.702108 
1781.532009  	91.756895 
1781.889316  	91.885858 
1782.246623  	91.596601 
1782.603929  	91.703011 
1782.961236  	91.854591 
1783.318543  	91.983125 
1783.675850  	91.947234 
1784.033157  	91.999732 
1784.390464  	92.745483 
1784.747771  	92.889271 
1785.105078  	91.800497 
1785.462384  	91.655951 
1785.819691  	91.975991 
1786.176998  	92.052386 
1786.534305  	92.069667 
1786.891612  	91.887879 
1787.248919  	91.821779 
1787.606226  	91.846592 
1787.963532  	91.841922 
1788.320839  	91.953920 
1788.678146  	91.848212 
1789.035453  	91.510733 
1789.392760  	91.544169 
1789.750067  	91.882372 
1790.107374  	92.191888 
1790.464680  	92.705059 
1790.821987  	92.491897 
1791.179294  	90.905071 
1791.536601  	91.086154 
1791.893908  	92.962450 
1792.251215  	94.548762 
1792.608522  	92.971737 
1792.965828  	88.545191 
1793.323135  	89.651146 
1793.680442  	91.460444 
1794.037749  	91.758690 
1794.395056  	91.682842 
1794.752363  	91.825390 
1795.109670  	91.990373 
1795.466976  	92.257478 
1795.824283  	92.261081 
1796.181590  	91.576289 
1796.538897  	91.335059 
1796.896204  	91.778583 
1797.253511  	91.834680 
1797.610818  	91.715194 
1797.968125  	91.711287 
1798.325431  	91.568015 
1798.682738  	91.668441 
1799.040045  	92.264161 
1799.397352  	92.425220 
1799.754659  	91.213980 
1800.111966  	90.622356 
1800.469273  	91.303912 
1800.826579  	91.830519 
1801.183886  	91.656047 
1801.541193  	91.004340 
1801.898500  	91.252881 
1802.255807  	91.625011 
1802.613114  	90.806920 
1802.970421  	90.332571 
1803.327727  	90.676537 
1803.685034  	91.043987 
1804.042341  	91.147150 
1804.399648  	90.840428 
1804.756955  	90.844860 
1805.114262  	91.094438 
1805.471569  	91.036093 
1805.828875  	90.990100 
1806.186182  	90.975606 
1806.543489  	90.863180 
1806.900796  	90.965617 
1807.258103  	91.248071 
1807.615410  	91.163311 
1807.972717  	90.648088 
1808.330023  	90.221536 
1808.687330  	90.105044 
1809.044637  	90.349129 
1809.401944  	90.760585 
1809.759251  	91.070406 
1810.116558  	91.320549 
1810.473865  	91.124953 
1810.831172  	89.934860 
1811.188478  	89.533042 
1811.545785  	90.530870 
1811.903092  	91.256057 
1812.260399  	91.188681 
1812.617706  	90.805472 
1812.975013  	90.605490 
1813.332320  	90.923114 
1813.689626  	91.164536 
1814.046933  	90.888713 
1814.404240  	90.571738 
1814.761547  	90.765971 
1815.118854  	91.204488 
1815.476161  	91.266432 
1815.833468  	91.218616 
1816.190774  	91.064837 
1816.548081  	91.097680 
1816.905388  	91.501882 
1817.262695  	91.081990 
1817.620002  	90.311885 
1817.977309  	90.365011 
1818.334616  	90.872505 
1818.691922  	91.479914 
1819.049229  	91.629576 
1819.406536  	91.567535 
1819.763843  	91.509322 
1820.121150  	91.320552 
1820.478457  	91.479147 
1820.835764  	91.485169 
1821.193070  	91.342077 
1821.550377  	91.531233 
1821.907684  	91.404222 
1822.264991  	91.230514 
1822.622298  	91.327726 
1822.979605  	91.013048 
1823.336912  	90.854008 
1823.694219  	91.353515 
1824.051525  	91.752709 
1824.408832  	92.177317 
1824.766139  	92.580886 
1825.123446  	91.664700 
1825.480753  	89.791663 
1825.838060  	89.955856 
1826.195367  	91.167277 
1826.552673  	91.630895 
1826.909980  	90.950576 
1827.267287  	90.801063 
1827.624594  	91.450646 
1827.981901  	91.708346 
1828.339208  	92.046513 
1828.696515  	92.694846 
1829.053821  	92.223561 
1829.411128  	91.292416 
1829.768435  	92.158848 
1830.125742  	91.934931 
1830.483049  	89.576820 
1830.840356  	89.912820 
1831.197663  	90.862054 
1831.554969  	90.913682 
1831.912276  	90.722762 
1832.269583  	90.794676 
1832.626890  	91.216751 
1832.984197  	91.381899 
1833.341504  	91.140392 
1833.698811  	90.783307 
1834.056117  	90.801582 
1834.413424  	91.263873 
1834.770731  	91.282389 
1835.128038  	91.101324 
1835.485345  	91.229978 
1835.842652  	91.566738 
1836.199959  	91.881925 
1836.557265  	91.786232 
1836.914572  	91.698300 
1837.271879  	91.274182 
1837.629186  	90.511265 
1837.986493  	90.662583 
1838.343800  	91.055917 
1838.701107  	91.057821 
1839.058414  	90.990644 
1839.415720  	90.915366 
1839.773027  	90.947497 
1840.130334  	91.170446 
1840.487641  	91.245597 
1840.844948  	90.930710 
1841.202255  	90.867424 
1841.559562  	91.206860 
1841.916868  	91.149441 
1842.274175  	90.474071 
1842.631482  	89.991660 
1842.988789  	90.287207 
1843.346096  	90.733415 
1843.703403  	91.466138 
1844.060710  	92.222197 
1844.418016  	89.855745 
1844.775323  	88.936478 
1845.132630  	90.451543 
1845.489937  	90.979663 
1845.847244  	90.820609 
1846.204551  	90.592720 
1846.561858  	90.418237 
1846.919164  	90.663079 
1847.276471  	91.254728 
1847.633778  	91.505760 
1847.991085  	91.032431 
1848.348392  	91.001255 
1848.705699  	91.570307 
1849.063006  	91.719155 
1849.420312  	91.510213 
1849.777619  	91.216633 
1850.134926  	90.739394 
1850.492233  	90.757956 
1850.849540  	91.319598 
1851.206847  	91.317465 
1851.564154  	91.044899 
1851.921461  	91.106098 
1852.278767  	91.159167 
1852.636074  	91.430329 
1852.993381  	91.617237 
1853.350688  	91.244025 
1853.707995  	91.060100 
1854.065302  	91.524403 
1854.422609  	91.826904 
1854.779915  	91.494778 
1855.137222  	91.591892 
1855.494529  	91.941444 
1855.851836  	91.907333 
1856.209143  	92.321098 
1856.566450  	92.341418 
1856.923757  	91.423315 
1857.281063  	90.869487 
1857.638370  	91.082562 
1857.995677  	91.599640 
1858.352984  	91.400602 
1858.710291  	90.926002 
1859.067598  	90.963103 
1859.424905  	90.704412 
1859.782211  	90.759358 
1860.139518  	91.217505 
1860.496825  	91.093421 
1860.854132  	91.032200 
1861.211439  	91.186019 
1861.568746  	91.013100 
1861.926053  	90.643180 
1862.283359  	90.639995 
1862.640666  	91.150710 
1862.997973  	91.523908 
1863.355280  	91.877415 
1863.712587  	92.130420 
1864.069894  	91.682888 
1864.427201  	91.295535 
1864.784508  	91.236842 
1865.141814  	91.303010 
1865.499121  	91.727852 
1865.856428  	91.868634 
1866.213735  	91.710257 
1866.571042  	91.742364 
1866.928349  	91.790136 
1867.285656  	92.034358 
1867.642962  	91.876051 
1868.000269  	90.777835 
1868.357576  	90.467138 
1868.714883  	91.653350 
1869.072190  	92.653267 
1869.429497  	90.786403 
1869.786804  	88.894229 
1870.144110  	90.165230 
1870.501417  	90.907577 
1870.858724  	90.552157 
1871.216031  	90.477012 
1871.573338  	90.759196 
1871.930645  	91.016259 
1872.287952  	91.023234 
1872.645258  	91.445870 
1873.002565  	91.758154 
1873.359872  	91.060397 
1873.717179  	90.708189 
1874.074486  	90.943464 
1874.431793  	91.110884 
1874.789100  	90.809194 
1875.146406  	90.062987 
1875.503713  	90.154165 
1875.861020  	90.541901 
1876.218327  	90.439682 
1876.575634  	90.480402 
1876.932941  	90.296043 
1877.290248  	89.989939 
1877.647555  	89.931099 
1878.004861  	89.968098 
1878.362168  	89.812298 
1878.719475  	89.125649 
1879.076782  	88.705867 
1879.434089  	88.579185 
1879.791396  	88.035641 
1880.148703  	87.829145 
1880.506009  	88.109339 
1880.863316  	88.014124 
1881.220623  	87.695882 
1881.577930  	87.819044 
1881.935237  	88.062619 
1882.292544  	88.120011 
1882.649851  	88.366803 
1883.007157  	88.569002 
1883.364464  	88.263157 
1883.721771  	87.528129 
1884.079078  	87.205721 
1884.436385  	87.705046 
1884.793692  	88.064007 
1885.150999  	87.963382 
1885.508305  	87.807284 
1885.865612  	88.402638 
1886.222919  	89.844827 
1886.580226  	90.021985 
1886.937533  	89.130974 
1887.294840  	89.140318 
1887.652147  	89.669614 
1888.009453  	90.103388 
1888.366760  	90.029796 
1888.724067  	90.032708 
1889.081374  	91.220429 
1889.438681  	91.101654 
1889.795988  	88.966560 
1890.153295  	89.732465 
1890.510602  	91.085076 
1890.867908  	90.720119 
1891.225215  	90.760663 
1891.582522  	91.339803 
1891.939829  	91.355875 
1892.297136  	91.163142 
1892.654443  	91.132362 
1893.011750  	91.787491 
1893.369056  	92.095017 
1893.726363  	91.399291 
1894.083670  	91.238558 
1894.440977  	91.484533 
1894.798284  	91.596063 
1895.155591  	91.665612 
1895.512898  	91.435542 
1895.870204  	91.385978 
1896.227511  	91.264063 
1896.584818  	91.153428 
1896.942125  	91.635614 
1897.299432  	91.908145 
1897.656739  	91.458089 
1898.014046  	91.220672 
1898.371352  	91.750437 
1898.728659  	91.984999 
1899.085966  	91.630053 
1899.443273  	91.692742 
1899.800580  	92.056602 
1900.157887  	91.970747 
1900.515194  	91.079108 
1900.872500  	90.749948 
1901.229807  	91.708970 
1901.587114  	91.995405 
1901.944421  	91.613742 
1902.301728  	91.657761 
1902.659035  	91.663008 
1903.016342  	91.616552 
1903.373649  	91.693697 
1903.730955  	91.869936 
1904.088262  	91.362368 
1904.445569  	90.615072 
1904.802876  	91.271997 
1905.160183  	92.007031 
1905.517490  	91.727256 
1905.874797  	91.743523 
1906.232103  	92.186852 
1906.589410  	91.888708 
1906.946717  	91.182330 
1907.304024  	91.630225 
1907.661331  	92.270371 
1908.018638  	91.857185 
1908.375945  	91.588573 
1908.733251  	92.071597 
1909.090558  	92.472271 
1909.447865  	91.761464 
1909.805172  	91.036367 
1910.162479  	91.011184 
1910.519786  	90.542357 
1910.877093  	91.239835 
1911.234399  	92.180213 
1911.591706  	91.571729 
1911.949013  	91.810474 
1912.306320  	92.135051 
1912.663627  	90.990461 
1913.020934  	90.696824 
1913.378241  	91.520388 
1913.735547  	92.037064 
1914.092854  	92.005635 
1914.450161  	91.411748 
1914.807468  	90.656504 
1915.164775  	90.578688 
1915.522082  	90.860996 
1915.879389  	90.453928 
1916.236696  	90.094012 
1916.594002  	90.665288 
1916.951309  	91.336964 
1917.308616  	92.060215 
1917.665923  	92.813698 
1918.023230  	91.205643 
1918.380537  	88.708383 
1918.737844  	89.731370 
1919.095150  	90.651460 
1919.452457  	90.134761 
1919.809764  	89.591479 
1920.167071  	89.028061 
1920.524378  	88.923092 
1920.881685  	89.147373 
1921.238992  	89.234721 
1921.596298  	89.639370 
1921.953605  	89.457108 
1922.310912  	88.918420 
1922.668219  	88.792134 
1923.025526  	88.102940 
1923.382833  	87.254859 
1923.740140  	87.787446 
1924.097446  	88.877201 
1924.454753  	88.826556 
1924.812060  	88.235895 
1925.169367  	87.679890 
1925.526674  	87.096975 
1925.883981  	88.236455 
1926.241288  	89.499111 
1926.598594  	88.999756 
1926.955901  	88.762234 
1927.313208  	88.961549 
1927.670515  	89.277532 
1928.027822  	88.893924 
1928.385129  	87.854761 
1928.742436  	88.373523 
1929.099742  	89.147452 
1929.457049  	89.483062 
1929.814356  	89.960642 
1930.171663  	89.344517 
1930.528970  	89.074327 
1930.886277  	89.631923 
1931.243584  	89.931501 
1931.600891  	90.239166 
1931.958197  	89.607344 
1932.315504  	88.989746 
1932.672811  	90.169208 
1933.030118  	91.201055 
1933.387425  	90.801020 
1933.744732  	90.454735 
1934.102039  	90.614610 
1934.459345  	90.906235 
1934.816652  	91.123322 
1935.173959  	91.113834 
1935.531266  	91.467834 
1935.888573  	91.601851 
1936.245880  	90.978258 
1936.603187  	91.346925 
1936.960493  	92.032187 
1937.317800  	91.788026 
1937.675107  	91.892243 
1938.032414  	91.767782 
1938.389721  	91.130710 
1938.747028  	91.109311 
1939.104335  	90.434467 
1939.461641  	89.552143 
1939.818948  	90.486226 
1940.176255  	91.474025 
1940.533562  	91.052255 
1940.890869  	90.945526 
1941.248176  	91.341649 
1941.605483  	91.601411 
1941.962789  	92.070093 
1942.320096  	92.385225 
1942.677403  	92.316750 
1943.034710  	91.611365 
1943.392017  	90.541647 
1943.749324  	90.853481 
1944.106631  	91.476365 
1944.463938  	90.147992 
1944.821244  	89.937969 
1945.178551  	91.993449 
1945.535858  	92.673531 
1945.893165  	92.282963 
1946.250472  	91.361256 
1946.607779  	90.008621 
1946.965086  	90.303709 
1947.322392  	90.623214 
1947.679699  	90.294762 
1948.037006  	90.930503 
1948.394313  	91.436779 
1948.751620  	91.347314 
1949.108927  	90.560795 
1949.466234  	89.007460 
1949.823540  	88.256757 
1950.180847  	89.203451 
1950.538154  	91.578121 
1950.895461  	92.980057 
1951.252768  	91.834945 
1951.610075  	90.933909 
1951.967382  	91.141468 
1952.324688  	90.972482 
1952.681995  	90.488938 
1953.039302  	89.762807 
1953.396609  	90.038316 
1953.753916  	92.345874 
1954.111223  	92.717360 
1954.468530  	89.820484 
1954.825836  	88.358492 
1955.183143  	90.142693 
1955.540450  	92.381840 
1955.897757  	92.784869 
1956.255064  	92.758666 
1956.612371  	93.329724 
1956.969678  	92.401635 
1957.326985  	90.780125 
1957.684291  	91.207906 
1958.041598  	92.419546 
1958.398905  	92.347707 
1958.756212  	91.478448 
1959.113519  	90.776104 
1959.470826  	90.313268 
1959.828133  	90.176707 
1960.185439  	90.896600 
1960.542746  	92.685284 
1960.900053  	94.000347 
1961.257360  	92.744389 
1961.614667  	90.575287 
1961.971974  	90.599699 
1962.329281  	92.298781 
1962.686587  	93.166327 
1963.043894  	93.601906 
1963.401201  	94.199979 
1963.758508  	93.129826 
1964.115815  	92.277055 
1964.473122  	92.699286 
1964.830429  	91.853092 
1965.187735  	90.517573 
1965.545042  	89.786297 
1965.902349  	90.356767 
1966.259656  	92.561207 
1966.616963  	93.777417 
1966.974270  	95.178742 
1967.331577  	97.453699 
1967.688883  	95.473795 
1968.046190  	91.372633 
1968.403497  	91.405947 
1968.760804  	92.808251 
1969.118111  	92.217740 
1969.475418  	93.384754 
1969.832725  	94.185272 
1970.190032  	90.960581 
1970.547338  	90.690787 
1970.904645  	92.750486 
1971.261952  	91.417367 
1971.619259  	90.507375 
1971.976566  	91.948963 
1972.333873  	92.831340 
1972.691180  	91.986877 
1973.048486  	90.143583 
1973.405793  	89.623217 
1973.763100  	90.262656 
1974.120407  	91.242405 
1974.477714  	92.969764 
1974.835021  	92.543602 
1975.192328  	90.201751 
1975.549634  	90.154362 
1975.906941  	90.572636 
1976.264248  	89.381896 
1976.621555  	88.062556 
1976.978862  	87.741197 
1977.336169  	88.837560 
1977.693476  	88.643754 
1978.050782  	87.546841 
1978.408089  	88.115171 
1978.765396  	88.678906 
1979.122703  	90.375237 
1979.480010  	92.111961 
1979.837317  	91.360019 
1980.194624  	92.336648 
1980.551930  	94.755738 
1980.909237  	93.885627 
1981.266544  	90.565006 
1981.623851  	89.472274 
1981.981158  	91.605501 
1982.338465  	92.520025 
1982.695772  	91.573579 
1983.053079  	91.201215 
1983.410385  	91.197584 
1983.767692  	92.075686 
1984.124999  	92.959346 
1984.482306  	92.687227 
1984.839613  	92.453630 
1985.196920  	91.478657 
1985.554227  	90.369793 
1985.911533  	91.388781 
1986.268840  	93.071320 
1986.626147  	92.720498 
1986.983454  	90.714855 
1987.340761  	89.344039 
1987.698068  	90.250338 
1988.055375  	92.028683 
1988.412681  	92.498562 
1988.769988  	90.974648 
1989.127295  	88.895358 
1989.484602  	89.226397 
1989.841909  	90.456139 
1990.199216  	89.122831 
1990.556523  	88.623306 
1990.913829  	90.379486 
1991.271136  	90.081061 
1991.628443  	88.889078 
1991.985750  	90.648515 
1992.343057  	92.146042 
1992.700364  	90.348944 
1993.057671  	89.131750 
1993.414977  	90.337239 
1993.772284  	91.214874 
1994.129591  	90.127070 
1994.486898  	89.670662 
1994.844205  	90.338337 
1995.201512  	89.668822 
1995.558819  	88.574945 
1995.916126  	88.927143 
1996.273432  	90.996984 
1996.630739  	93.247593 
1996.988046  	92.689881 
1997.345353  	91.272333 
1997.702660  	91.259367 
1998.059967  	90.761390 
1998.417274  	90.462470 
1998.774580  	91.763297 
1999.131887  	92.464644 
1999.489194  	90.740003 
1999.846501  	88.915933 
2000.203808  	88.824747 
2000.561115  	90.823916 
2000.918422  	94.706854 
2001.275728  	95.131107 
2001.633035  	92.935782 
2001.990342  	94.283628 
2002.347649  	94.115534 
2002.704956  	91.075486 
2003.062263  	91.133733 
2003.419570  	91.975981 
2003.776876  	91.479921 
2004.134183  	91.177114 
2004.491490  	91.133014 
2004.848797  	92.509959 
2005.206104  	93.198043 
2005.563411  	91.295772 
2005.920718  	90.208065 
2006.278024  	88.669636 
2006.635331  	86.462444 
2006.992638  	88.735153 
2007.349945  	91.930500 
2007.707252  	91.053785 
2008.064559  	89.372530 
2008.421866  	88.680589 
2008.779172  	89.364740 
2009.136479  	90.922749 
2009.493786  	92.248728 
2009.851093  	92.326453 
2010.208400  	91.023632 
2010.565707  	90.936825 
2010.923014  	91.394290 
2011.280321  	91.790656 
2011.637627  	92.545408 
2011.994934  	90.879346 
2012.352241  	87.550761 
2012.709548  	86.017022 
2013.066855  	88.276438 
2013.424162  	90.727636 
2013.781469  	89.365355 
2014.138775  	89.899729 
2014.496082  	92.749176 
2014.853389  	93.446400 
2015.210696  	92.925984 
2015.568003  	91.506137 
2015.925310  	89.177810 
2016.282617  	87.067334 
2016.639923  	87.558137 
2016.997230  	90.916198 
2017.354537  	92.103887 
2017.711844  	89.655257 
2018.069151  	88.690944 
2018.426458  	91.027176 
2018.783765  	90.479378 
2019.141071  	87.149248 
2019.498378  	86.928294 
2019.855685  	89.055559 
2020.212992  	92.229344 
2020.570299  	92.366355 
2020.927606  	90.350512 
2021.284913  	90.952325 
2021.642219  	89.094412 
2021.999526  	86.427004 
2022.356833  	87.392776 
2022.714140  	89.563175 
2023.071447  	92.145865 
2023.428754  	92.632966 
2023.786061  	91.589975 
2024.143368  	90.899304 
2024.500674  	89.084577 
2024.857981  	87.101840 
2025.215288  	85.594460 
2025.572595  	87.443106 
2025.929902  	89.242709 
2026.287209  	88.126108 
2026.644516  	88.416417 
2027.001822  	87.794238 
2027.359129  	87.792523 
2027.716436  	89.819758 
2028.073743  	88.838384 
2028.431050  	88.417521 
2028.788357  	89.839142 
2029.145664  	90.746172 
2029.502970  	91.300927 
2029.860277  	89.720844 
2030.217584  	87.560755 
2030.574891  	88.297330 
2030.932198  	92.240332 
2031.289505  	93.703401 
2031.646812  	90.589923 
2032.004118  	88.845954 
2032.361425  	87.637459 
2032.718732  	85.943965 
2033.076039  	86.765688 
2033.433346  	88.903192 
2033.790653  	90.401781 
2034.147960  	90.676938 
2034.505266  	91.208341 
2034.862573  	92.695702 
2035.219880  	93.066673 
2035.577187  	90.041992 
2035.934494  	86.641608 
2036.291801  	88.487134 
2036.649108  	90.583195 
2037.006415  	89.606895 
2037.363721  	91.304933 
2037.721028  	91.798027 
2038.078335  	89.800715 
2038.435642  	89.768195 
2038.792949  	90.572090 
2039.150256  	92.713516 
2039.507563  	93.936086 
2039.864869  	91.947358 
2040.222176  	90.857642 
2040.579483  	90.736176 
2040.936790  	90.899664 
2041.294097  	92.064387 
2041.651404  	91.806980 
2042.008711  	89.859043 
2042.366017  	88.178931 
2042.723324  	87.944155 
2043.080631  	88.743881 
2043.437938  	88.701105 
2043.795245  	88.070455 
2044.152552  	87.509605 
2044.509859  	86.991139 
2044.867165  	86.297591 
2045.224472  	85.891102 
2045.581779  	88.028427 
2045.939086  	90.055086 
2046.296393  	89.382960 
2046.653700  	90.444289 
2047.011007  	91.599438 
2047.368313  	90.174008 
2047.725620  	89.169861 
2048.082927  	88.029019 
2048.440234  	87.103213 
2048.797541  	86.617079 
2049.154848  	86.493292 
2049.512155  	88.081388 
2049.869462  	88.264650 
2050.226768  	86.861065 
2050.584075  	87.161917 
2050.941382  	88.433668 
2051.298689  	89.052976 
2051.655996  	89.144534 
2052.013303  	90.175110 
2052.370610  	90.962463 
2052.727916  	90.211148 
2053.085223  	89.967146 
2053.442530  	90.075958 
2053.799837  	89.675220 
2054.157144  	89.190305 
2054.514451  	89.745933 
2054.871758  	91.171264 
2055.229064  	90.197885 
2055.586371  	87.373196 
2055.943678  	86.865068 
2056.300985  	88.875530 
2056.658292  	90.238752 
2057.015599  	90.357153 
2057.372906  	90.200775 
2057.730212  	88.901786 
2058.087519  	88.531984 
2058.444826  	90.194474 
2058.802133  	90.805564 
2059.159440  	90.543558 
2059.516747  	90.782186 
2059.874054  	91.450102 
2060.231360  	90.775585 
2060.588667  	88.028495 
2060.945974  	87.641975 
2061.303281  	89.942032 
2061.660588  	91.063848 
2062.017895  	90.612905 
2062.375202  	89.488364 
2062.732509  	89.584050 
2063.089815  	90.423010 
2063.447122  	90.121658 
2063.804429  	90.056720 
2064.161736  	89.670062 
2064.519043  	88.561350 
2064.876350  	88.640544 
2065.233657  	89.164066 
2065.590963  	90.167942 
2065.948270  	91.270910 
2066.305577  	90.599599 
2066.662884  	90.198006 
2067.020191  	90.462122 
2067.377498  	90.048575 
2067.734805  	90.592778 
2068.092111  	91.048603 
2068.449418  	90.598232 
2068.806725  	90.905610 
2069.164032  	90.883397 
2069.521339  	90.638110 
2069.878646  	90.822643 
2070.235953  	89.788183 
2070.593259  	89.053483 
2070.950566  	90.272106 
2071.307873  	91.199080 
2071.665180  	90.874039 
2072.022487  	90.020822 
2072.379794  	89.752544 
2072.737101  	90.955170 
2073.094407  	91.650908 
2073.451714  	91.427637 
2073.809021  	91.502280 
2074.166328  	90.861497 
2074.523635  	89.541565 
2074.880942  	88.578811 
2075.238249  	89.469731 
2075.595556  	91.111319 
2075.952862  	90.169612 
2076.310169  	88.942723 
2076.667476  	89.369871 
2077.024783  	90.898875 
2077.382090  	92.776457 
2077.739397  	92.082178 
2078.096704  	90.756782 
2078.454010  	90.419077 
2078.811317  	89.615291 
2079.168624  	89.585547 
2079.525931  	89.346629 
2079.883238  	89.095514 
2080.240545  	89.853847 
2080.597852  	89.418894 
2080.955158  	88.616821 
2081.312465  	89.018816 
2081.669772  	89.538303 
2082.027079  	89.570844 
2082.384386  	89.958457 
2082.741693  	90.437783 
2083.099000  	90.597379 
2083.456306  	91.333173 
2083.813613  	90.951873 
2084.170920  	89.879028 
2084.528227  	90.007523 
2084.885534  	89.575414 
2085.242841  	89.316704 
2085.600148  	89.671880 
2085.957454  	89.326905 
2086.314761  	89.527953 
2086.672068  	89.540864 
2087.029375  	88.701986 
2087.386682  	88.796422 
2087.743989  	89.713186 
2088.101296  	89.855287 
2088.458602  	89.628687 
2088.815909  	90.103018 
2089.173216  	90.413640 
2089.530523  	90.357362 
2089.887830  	89.857186 
2090.245137  	89.049079 
2090.602444  	89.024393 
2090.959751  	89.018957 
2091.317057  	89.447401 
2091.674364  	90.435117 
2092.031671  	90.302266 
2092.388978  	89.958410 
2092.746285  	90.260517 
2093.103592  	90.852935 
2093.460899  	90.905474 
2093.818205  	90.187607 
2094.175512  	89.718792 
2094.532819  	89.167980 
2094.890126  	89.151781 
2095.247433  	89.614912 
2095.604740  	89.324491 
2095.962047  	89.219906 
2096.319353  	89.100097 
2096.676660  	89.016486 
2097.033967  	89.545401 
2097.391274  	89.575510 
2097.748581  	89.867734 
2098.105888  	90.696972 
2098.463195  	90.576399 
2098.820501  	90.222380 
2099.177808  	90.708767 
2099.535115  	90.673790 
2099.892422  	89.839191 
2100.249729  	90.039126 
2100.607036  	90.649273 
2100.964343  	90.904051 
2101.321649  	90.972689 
2101.678956  	89.745979 
2102.036263  	89.141909 
2102.393570  	90.169178 
2102.750877  	90.016680 
2103.108184  	88.939646 
2103.465491  	88.683957 
2103.822798  	89.473366 
2104.180104  	90.571447 
2104.537411  	90.926499 
2104.894718  	90.916300 
2105.252025  	90.460510 
2105.609332  	89.610370 
2105.966639  	89.218850 
2106.323946  	88.960528 
2106.681252  	89.451682 
2107.038559  	90.923447 
2107.395866  	91.247368 
2107.753173  	90.170400 
2108.110480  	89.820091 
2108.467787  	90.177238 
2108.825094  	90.218284 
2109.182400  	90.223695 
2109.539707  	89.891499 
2109.897014  	89.496311 
2110.254321  	89.867330 
2110.611628  	90.073737 
2110.968935  	90.105111 
2111.326242  	90.570464 
2111.683548  	90.486388 
2112.040855  	89.788274 
2112.398162  	89.965619 
2112.755469  	90.626292 
2113.112776  	90.220219 
2113.470083  	89.554857 
2113.827390  	89.338528 
2114.184696  	89.507653 
2114.542003  	90.353932 
2114.899310  	90.592402 
2115.256617  	90.273097 
2115.613924  	90.090135 
2115.971231  	89.809733 
2116.328538  	90.858173 
2116.685845  	92.128870 
2117.043151  	91.259668 
2117.400458  	90.019387 
2117.757765  	89.696815 
2118.115072  	89.323917 
2118.472379  	89.313005 
2118.829686  	89.667675 
2119.186993  	89.055549 
2119.544299  	89.442032 
2119.901606  	90.814655 
2120.258913  	90.351181 
2120.616220  	90.402603 
2120.973527  	90.637628 
2121.330834  	89.315496 
2121.688141  	89.186270 
2122.045447  	89.766902 
2122.402754  	90.161840 
2122.760061  	90.261854 
2123.117368  	89.457626 
2123.474675  	89.165837 
2123.831982  	89.028564 
2124.189289  	88.857144 
2124.546595  	88.979086 
2124.903902  	89.094058 
2125.261209  	89.280930 
2125.618516  	88.923435 
2125.975823  	88.974889 
2126.333130  	89.680646 
2126.690437  	90.500429 
2127.047743  	91.132660 
2127.405050  	90.581121 
2127.762357  	90.386765 
2128.119664  	90.891472 
2128.476971  	91.633269 
2128.834278  	92.273672 
2129.191585  	90.644820 
2129.548892  	89.306488 
2129.906198  	90.563746 
2130.263505  	91.805738 
2130.620812  	91.805417 
2130.978119  	91.181347 
2131.335426  	90.625945 
2131.692733  	90.573530 
2132.050040  	90.903601 
2132.407346  	90.483157 
2132.764653  	89.357291 
2133.121960  	89.223455 
2133.479267  	90.024925 
2133.836574  	91.052765 
2134.193881  	90.227115 
2134.551188  	88.227644 
2134.908494  	88.377222 
2135.265801  	88.836557 
2135.623108  	89.728806 
2135.980415  	91.924343 
2136.337722  	91.710007 
2136.695029  	90.510211 
2137.052336  	90.800372 
2137.409642  	90.513486 
2137.766949  	89.386113 
2138.124256  	89.277895 
2138.481563  	90.525437 
2138.838870  	91.445322 
2139.196177  	91.694152 
2139.553484  	91.053559 
2139.910790  	89.100680 
2140.268097  	88.351931 
2140.625404  	89.447481 
2140.982711  	90.798106 
2141.340018  	92.349797 
2141.697325  	92.497563 
2142.054632  	91.155413 
2142.411939  	90.879434 
2142.769245  	90.956846 
2143.126552  	90.451903 
2143.483859  	89.780535 
2143.841166  	88.989249 
2144.198473  	89.443497 
2144.555780  	90.491996 
2144.913087  	90.325935 
2145.270393  	89.746517 
2145.627700  	89.830174 
2145.985007  	90.093726 
2146.342314  	89.924355 
2146.699621  	89.980618 
2147.056928  	89.699622 
2147.414235  	88.884138 
2147.771541  	89.128702 
2148.128848  	90.032408 
2148.486155  	90.089182 
2148.843462  	88.364462 
2149.200769  	86.635842 
2149.558076  	87.355852 
2149.915383  	88.997488 
2150.272689  	89.128529 
2150.629996  	89.414959 
2150.987303  	91.132861 
2151.344610  	89.973604 
2151.701917  	88.369831 
2152.059224  	90.297908 
2152.416531  	88.707894 
2152.773837  	86.773905 
2153.131144  	89.183742 
2153.488451  	90.624282 
2153.845758  	91.658803 
2154.203065  	91.959798 
2154.560372  	91.406293 
2154.917679  	90.440180 
2155.274986  	88.863705 
2155.632292  	91.288684 
2155.989599  	91.741861 
2156.346906  	88.713445 
2156.704213  	90.570598 
2157.061520  	94.557335 
2157.418827  	95.755946 
2157.776134  	93.017625 
2158.133440  	90.618929 
2158.490747  	90.544674 
2158.848054  	89.618191 
2159.205361  	90.042766 
2159.562668  	89.646937 
2159.919975  	89.021402 
2160.277282  	90.291532 
2160.634588  	89.877542 
2160.991895  	88.873976 
2161.349202  	87.298288 
2161.706509  	86.997395 
2162.063816  	89.262625 
2162.421123  	90.707704 
2162.778430  	91.616429 
2163.135736  	90.886026 
2163.493043  	88.038198 
2163.850350  	85.842125 
2164.207657  	85.519786 
2164.564964  	87.924886 
2164.922271  	90.815806 
2165.279578  	91.372413 
2165.636884  	91.183885 
2165.994191  	90.979400 
2166.351498  	90.205472 
2166.708805  	89.464674 
2167.066112  	87.974730 
2167.423419  	87.618397 
2167.780726  	89.320654 
2168.138032  	89.788882 
2168.495339  	89.575360 
2168.852646  	89.488761 
2169.209953  	89.521154 
2169.567260  	90.830386 
2169.924567  	90.762611 
2170.281874  	88.879275 
2170.639181  	87.283785 
2170.996487  	87.732183 
2171.353794  	90.898981 
2171.711101  	92.309612 
2172.068408  	90.764471 
2172.425715  	89.454969 
2172.783022  	89.733287 
2173.140329  	90.115944 
2173.497635  	88.184769 
2173.854942  	87.590669 
2174.212249  	89.358604 
2174.569556  	88.991695 
2174.926863  	87.617977 
2175.284170  	88.090375 
2175.641477  	90.386187 
2175.998783  	91.267091 
2176.356090  	90.241748 
2176.713397  	91.584254 
2177.070704  	93.111678 
2177.428011  	90.588599 
2177.785318  	87.301170 
2178.142625  	87.573134 
2178.499931  	89.798741 
2178.857238  	90.755368 
2179.214545  	91.252365 
2179.571852  	91.397623 
2179.929159  	89.746896 
2180.286466  	88.328911 
2180.643773  	88.939136 
2181.001079  	89.141982 
2181.358386  	88.832744 
2181.715693  	90.369002 
2182.073000  	90.899673 
2182.430307  	89.167815 
2182.787614  	88.855861 
2183.144921  	89.575721 
2183.502228  	89.515817 
2183.859534  	90.106074 
2184.216841  	91.042004 
2184.574148  	89.778930 
2184.931455  	88.322471 
2185.288762  	89.069631 
2185.646069  	89.791216 
2186.003376  	89.668879 
2186.360682  	90.079939 
2186.717989  	90.889146 
2187.075296  	90.622421 
2187.432603  	89.806133 
2187.789910  	89.504676 
2188.147217  	88.830644 
2188.504524  	88.626217 
2188.861830  	89.000266 
2189.219137  	90.204261 
2189.576444  	91.932281 
2189.933751  	90.995302 
2190.291058  	89.773450 
2190.648365  	89.963878 
2191.005672  	89.518041 
2191.362978  	89.125780 
2191.720285  	89.107800 
2192.077592  	90.167286 
2192.434899  	91.056645 
2192.792206  	89.953410 
2193.149513  	88.453814 
2193.506820  	87.708148 
2193.864126  	89.437111 
2194.221433  	90.548692 
2194.578740  	88.828242 
2194.936047  	88.655257 
2195.293354  	89.726347 
2195.650661  	90.155202 
2196.007968  	89.462540 
2196.365275  	88.021746 
2196.722581  	88.545900 
2197.079888  	89.025011 
2197.437195  	87.345126 
2197.794502  	87.473425 
2198.151809  	89.200768 
2198.509116  	88.936549 
2198.866423  	88.714342 
2199.223729  	89.422472 
2199.581036  	89.005950 
2199.938343  	88.113727 
2200.295650  	87.891131 
2200.652957  	89.289143 
2201.010264  	89.945048 
2201.367571  	88.830552 
2201.724877  	89.914852 
2202.082184  	91.692233 
2202.439491  	92.004181 
2202.796798  	91.291849 
2203.154105  	89.787675 
2203.511412  	89.011317 
2203.868719  	88.422336 
2204.226025  	88.948662 
2204.583332  	90.139174 
2204.940639  	89.593885 
2205.297946  	89.736825 
2205.655253  	90.148952 
2206.012560  	89.161095 
2206.369867  	88.447689 
2206.727173  	88.990674 
2207.084480  	90.069877 
2207.441787  	90.139031 
2207.799094  	90.596834 
2208.156401  	91.100269 
2208.513708  	89.214746 
2208.871015  	87.760461 
2209.228322  	88.777146 
2209.585628  	89.491317 
2209.942935  	88.472717 
2210.300242  	88.659863 
2210.657549  	90.199542 
2211.014856  	90.194675 
2211.372163  	89.748887 
2211.729470  	89.539880 
2212.086776  	88.835738 
2212.444083  	88.868735 
2212.801390  	89.926242 
2213.158697  	89.829780 
2213.516004  	88.588605 
2213.873311  	89.618898 
2214.230618  	90.749610 
2214.587924  	90.196074 
2214.945231  	91.002333 
2215.302538  	91.081564 
2215.659845  	89.679903 
2216.017152  	89.172131 
2216.374459  	89.432045 
2216.731766  	90.574619 
2217.089072  	90.828972 
2217.446379  	89.083789 
2217.803686  	88.554959 
2218.160993  	90.733773 
2218.518300  	91.796632 
2218.875607  	89.425258 
2219.232914  	87.701323 
2219.590220  	88.158162 
2219.947527  	88.690003 
2220.304834  	89.274957 
2220.662141  	89.787342 
2221.019448  	89.537343 
2221.376755  	89.608450 
2221.734062  	90.736362 
2222.091369  	90.976141 
2222.448675  	89.814021 
2222.805982  	89.182055 
2223.163289  	89.529216 
2223.520596  	89.687667 
2223.877903  	88.951111 
2224.235210  	88.775129 
2224.592517  	89.812802 
2224.949823  	90.661919 
2225.307130  	90.511160 
2225.664437  	89.125710 
2226.021744  	88.624550 
2226.379051  	90.147696 
2226.736358  	90.874608 
2227.093665  	90.294638 
2227.450971  	89.780381 
2227.808278  	89.282250 
2228.165585  	88.994470 
2228.522892  	89.236254 
2228.880199  	89.746582 
2229.237506  	90.259281 
2229.594813  	90.264839 
2229.952119  	89.593057 
2230.309426  	89.173176 
2230.666733  	88.688607 
2231.024040  	88.101598 
2231.381347  	88.770836 
2231.738654  	89.714063 
2232.095961  	89.831049 
2232.453267  	88.833014 
2232.810574  	87.607786 
2233.167881  	88.733305 
2233.525188  	90.502916 
2233.882495  	89.921725 
2234.239802  	88.732066 
2234.597109  	88.927178 
2234.954416  	89.629554 
2235.311722  	89.466312 
2235.669029  	89.204431 
2236.026336  	88.972240 
2236.383643  	88.462407 
2236.740950  	89.094780 
2237.098257  	89.446256 
2237.455564  	88.684874 
2237.812870  	88.964209 
2238.170177  	89.276807 
2238.527484  	89.133843 
2238.884791  	89.501772 
2239.242098  	88.928300 
2239.599405  	87.940914 
2239.956712  	87.782351 
2240.314018  	87.979662 
2240.671325  	88.294576 
2241.028632  	88.336701 
2241.385939  	88.856828 
2241.743246  	89.488280 
2242.100553  	88.881373 
2242.457860  	88.771358 
2242.815166  	89.467020 
2243.172473  	89.238383 
2243.529780  	88.562787 
2243.887087  	88.572264 
2244.244394  	88.829018 
2244.601701  	88.985990 
2244.959008  	90.203147 
2245.316314  	90.847672 
2245.673621  	89.405742 
2246.030928  	88.420629 
2246.388235  	88.017351 
2246.745542  	87.588826 
2247.102849  	88.007165 
2247.460156  	88.836921 
2247.817463  	89.797839 
2248.174769  	90.036200 
2248.532076  	89.558869 
2248.889383  	89.571990 
2249.246690  	89.929187 
2249.603997  	89.942541 
2249.961304  	89.488130 
2250.318611  	89.420117 
2250.675917  	89.394775 
2251.033224  	89.091983 
2251.390531  	89.318432 
2251.747838  	89.397748 
2252.105145  	89.308413 
2252.462452  	89.302025 
2252.819759  	89.491368 
2253.177065  	90.299447 
2253.534372  	89.717040 
2253.891679  	88.207202 
2254.248986  	88.794240 
2254.606293  	90.144111 
2254.963600  	89.808607 
2255.320907  	88.662739 
2255.678213  	88.251627 
2256.035520  	88.730829 
2256.392827  	89.585000 
2256.750134  	89.995667 
2257.107441  	89.743709 
2257.464748  	89.568067 
2257.822055  	89.532960 
2258.179361  	89.316496 
2258.536668  	89.270495 
2258.893975  	89.588032 
2259.251282  	89.138240 
2259.608589  	87.721446 
2259.965896  	87.555889 
2260.323203  	88.864732 
2260.680509  	89.504412 
2261.037816  	89.294640 
2261.395123  	89.247533 
2261.752430  	89.149968 
2262.109737  	88.906321 
2262.467044  	88.937156 
2262.824351  	88.779741 
2263.181658  	88.615235 
2263.538964  	88.828545 
2263.896271  	88.749348 
2264.253578  	88.517366 
2264.610885  	88.136671 
2264.968192  	87.923883 
2265.325499  	88.630195 
2265.682806  	89.028486 
2266.040112  	88.643804 
2266.397419  	88.451732 
2266.754726  	88.384877 
2267.112033  	88.367776 
2267.469340  	88.701457 
2267.826647  	89.181111 
2268.183954  	89.105258 
2268.541260  	88.387084 
2268.898567  	87.944714 
2269.255874  	88.238487 
2269.613181  	89.079578 
2269.970488  	89.495477 
2270.327795  	88.668242 
2270.685102  	88.554748 
2271.042408  	89.827565 
2271.399715  	89.776278 
2271.757022  	88.770846 
2272.114329  	88.365112 
2272.471636  	88.017718 
2272.828943  	88.073143 
2273.186250  	88.131503 
2273.543556  	88.415828 
2273.900863  	89.384984 
2274.258170  	89.084751 
2274.615477  	88.306262 
2274.972784  	88.394286 
2275.330091  	88.306982 
2275.687398  	88.256986 
2276.044705  	88.307063 
2276.402011  	88.000268 
2276.759318  	87.817839 
2277.116625  	88.272591 
2277.473932  	88.703954 
2277.831239  	88.457409 
2278.188546  	88.482583 
2278.545853  	88.748662 
2278.903159  	88.611618 
2279.260466  	88.268441 
2279.617773  	87.880929 
2279.975080  	88.027284 
2280.332387  	88.364195 
2280.689694  	88.146354 
2281.047001  	88.005610 
2281.404307  	88.331577 
2281.761614  	88.428601 
2282.118921  	88.111419 
2282.476228  	88.201511 
2282.833535  	88.262579 
2283.190842  	87.851962 
2283.548149  	87.882018 
2283.905455  	88.075847 
2284.262762  	87.888328 
2284.620069  	87.484297 
2284.977376  	87.209957 
2285.334683  	87.424166 
2285.691990  	87.729932 
2286.049297  	87.997920 
2286.406603  	88.085889 
2286.763910  	87.799461 
2287.121217  	87.861007 
2287.478524  	88.245923 
2287.835831  	88.357209 
2288.193138  	88.179060 
2288.550445  	87.966775 
2288.907752  	88.210886 
2289.265058  	88.529618 
2289.622365  	88.271146 
2289.979672  	88.317046 
2290.336979  	88.643058 
2290.694286  	88.184676 
2291.051593  	87.757303 
2291.408900  	87.824168 
2291.766206  	87.836966 
2292.123513  	88.043325 
2292.480820  	88.210453 
2292.838127  	88.276672 
2293.195434  	88.332583 
2293.552741  	88.214544 
2293.910048  	88.313440 
2294.267354  	88.176575 
2294.624661  	88.033240 
2294.981968  	88.555065 
2295.339275  	88.623708 
2295.696582  	88.387536 
2296.053889  	88.500859 
2296.411196  	88.209938 
2296.768502  	88.073130 
2297.125809  	88.448818 
2297.483116  	88.522838 
2297.840423  	88.544686 
2298.197730  	88.694213 
2298.555037  	88.596825 
2298.912344  	88.428606 
2299.269650  	88.251720 
2299.626957  	88.090742 
2299.984264  	88.155888 
2300.341571  	88.248341 
2300.698878  	88.131830 
2301.056185  	88.250358 
2301.413492  	88.802259 
2301.770799  	88.971334 
2302.128105  	88.587365 
2302.485412  	88.234099 
2302.842719  	87.942721 
2303.200026  	88.144337 
2303.557333  	88.901612 
2303.914640  	89.342598 
2304.271947  	89.312227 
2304.629253  	88.984865 
2304.986560  	88.309667 
2305.343867  	87.964125 
2305.701174  	88.264446 
2306.058481  	88.342962 
2306.415788  	88.205396 
2306.773095  	88.091293 
2307.130401  	87.374295 
2307.487708  	87.113439 
2307.845015  	87.747240 
2308.202322  	88.275447 
2308.559629  	88.733688 
2308.916936  	88.463334 
2309.274243  	87.749097 
2309.631549  	88.089624 
2309.988856  	88.522960 
2310.346163  	88.749016 
2310.703470  	88.996800 
2311.060777  	88.463170 
2311.418084  	87.165488 
2311.775391  	86.782065 
2312.132697  	87.913543 
2312.490004  	89.152875 
2312.847311  	89.315971 
2313.204618  	88.298568 
2313.561925  	87.272318 
2313.919232  	87.953439 
2314.276539  	88.729434 
2314.633846  	88.759509 
2314.991152  	89.209816 
2315.348459  	88.489269 
2315.705766  	87.039826 
2316.063073  	87.946309 
2316.420380  	88.593700 
2316.777687  	88.501085 
2317.134994  	88.482483 
2317.492300  	86.648929 
2317.849607  	86.245735 
2318.206914  	88.162393 
2318.564221  	89.304626 
2318.921528  	89.462789 
2319.278835  	87.957825 
2319.636142  	85.718055 
2319.993448  	86.749853 
2320.350755  	88.917481 
2320.708062  	89.861538 
2321.065369  	88.595867 
2321.422676  	86.136288 
2321.779983  	86.197776 
2322.137290  	87.992837 
2322.494596  	89.325814 
2322.851903  	89.106771 
2323.209210  	86.995593 
2323.566517  	85.710772 
2323.923824  	87.017039 
2324.281131  	88.428570 
2324.638438  	88.978213 
2324.995744  	87.955697 
2325.353051  	85.612488 
2325.710358  	86.473631 
2326.067665  	88.536577 
2326.424972  	89.067605 
2326.782279  	88.491352 
2327.139586  	86.838426 
2327.496893  	86.552986 
2327.854199  	88.282943 
2328.211506  	89.592733 
2328.568813  	89.418832 
2328.926120  	86.533509 
2329.283427  	85.557842 
2329.640734  	88.200228 
2329.998041  	89.804800 
2330.355347  	89.146627 
2330.712654  	86.277841 
2331.069961  	85.396651 
2331.427268  	87.769698 
2331.784575  	89.499594 
2332.141882  	89.554605 
2332.499189  	87.075254 
2332.856495  	85.374095 
2333.213802  	86.924699 
2333.571109  	88.710690 
2333.928416  	89.319777 
2334.285723  	86.777037 
2334.643030  	84.898795 
2335.000337  	87.120606 
2335.357643  	89.305106 
2335.714950  	89.195076 
2336.072257  	85.644332 
2336.429564  	84.054791 
2336.786871  	86.511820 
2337.144178  	88.994089 
2337.501485  	89.740357 
2337.858791  	86.761436 
2338.216098  	85.373066 
2338.573405  	87.927624 
2338.930712  	89.992922 
2339.288019  	89.002241 
2339.645326  	84.999321 
2340.002633  	85.169604 
2340.359939  	88.107404 
2340.717246  	89.744869 
2341.074553  	88.366865 
2341.431860  	85.094223 
2341.789167  	85.782761 
2342.146474  	88.307132 
2342.503781  	88.865414 
2342.861088  	86.619078 
2343.218394  	85.349864 
2343.575701  	86.942178 
2343.933008  	88.751903 
2344.290315  	88.224168 
2344.647622  	85.824056 
2345.004929  	86.324706 
2345.362236  	88.192775 
2345.719542  	89.005453 
2346.076849  	87.581272 
2346.434156  	86.011002 
2346.791463  	87.029194 
2347.148770  	87.973198 
2347.506077  	87.554066 
2347.863384  	86.608207 
2348.220690  	86.584059 
2348.577997  	87.235029 
2348.935304  	87.638294 
2349.292611  	88.228929 
2349.649918  	88.444367 
2350.007225  	87.500625 
2350.364532  	87.241418 
2350.721838  	87.774121 
2351.079145  	88.133363 
2351.436452  	87.900143 
2351.793759  	86.719687 
2352.151066  	87.288518 
2352.508373  	88.749060 
2352.865680  	88.154412 
2353.222986  	86.051695 
2353.580293  	86.182695 
2353.937600  	87.482417 
2354.294907  	87.184276 
2354.652214  	85.414664 
2355.009521  	85.723050 
2355.366828  	87.429657 
2355.724135  	87.797218 
2356.081441  	85.725390 
2356.438748  	85.726532 
2356.796055  	88.167964 
2357.153362  	88.548526 
2357.510669  	86.057886 
2357.867976  	85.399127 
2358.225283  	87.535336 
2358.582589  	88.240290 
2358.939896  	85.742800 
2359.297203  	85.458167 
2359.654510  	87.770062 
2360.011817  	87.942491 
2360.369124  	86.062732 
2360.726431  	86.865964 
2361.083737  	88.305216 
2361.441044  	87.184394 
2361.798351  	85.217547 
2362.155658  	86.567612 
2362.512965  	87.970711 
2362.870272  	86.787677 
2363.227579  	85.445329 
2363.584885  	87.306540 
2363.942192  	88.505170 
2364.299499  	87.036576 
2364.656806  	86.434030 
2365.014113  	87.916540 
2365.371420  	87.671891 
2365.728727  	85.738587 
2366.086033  	87.000701 
2366.443340  	88.753676 
2366.800647  	87.309225 
2367.157954  	86.337821 
2367.515261  	88.419570 
2367.872568  	88.591461 
2368.229875  	86.534330 
2368.587182  	87.159062 
2368.944488  	88.138802 
2369.301795  	86.632793 
2369.659102  	86.312584 
2370.016409  	87.763677 
2370.373716  	87.100895 
2370.731023  	86.400320 
2371.088330  	87.937867 
2371.445636  	87.879752 
2371.802943  	86.635486 
2372.160250  	87.349519 
2372.517557  	87.711817 
2372.874864  	86.590189 
2373.232171  	86.662063 
2373.589478  	87.478317 
2373.946784  	87.121122 
2374.304091  	87.358475 
2374.661398  	88.191420 
2375.018705  	87.524344 
2375.376012  	87.498229 
2375.733319  	88.344662 
2376.090626  	87.724000 
2376.447932  	87.348305 
2376.805239  	87.783215 
2377.162546  	87.553455 
2377.519853  	87.387021 
2377.877160  	87.220054 
2378.234467  	86.938105 
2378.591774  	87.656420 
2378.949080  	88.081473 
2379.306387  	87.434969 
2379.663694  	87.190706 
2380.021001  	86.909523 
2380.378308  	86.762275 
2380.735615  	87.449156 
2381.092922  	87.468125 
2381.450229  	87.150736 
2381.807535  	87.019077 
2382.164842  	86.836015 
2382.522149  	87.365842 
2382.879456  	87.635014 
2383.236763  	87.460907 
2383.594070  	87.531519 
2383.951377  	87.345409 
2384.308683  	87.294957 
2384.665990  	87.343575 
2385.023297  	87.343188 
2385.380604  	87.482106 
2385.737911  	87.512288 
2386.095218  	87.754034 
2386.452525  	87.842217 
2386.809831  	87.326060 
2387.167138  	86.980640 
2387.524445  	87.241573 
2387.881752  	87.492449 
2388.239059  	87.559755 
2388.596366  	87.863287 
2388.953673  	87.744582 
2389.310979  	87.405679 
2389.668286  	87.638762 
2390.025593  	87.789405 
2390.382900  	87.649026 
2390.740207  	87.254653 
2391.097514  	87.041665 
2391.454821  	87.413022 
2391.812127  	87.459248 
2392.169434  	87.193406 
2392.526741  	87.078162 
2392.884048  	87.068151 
2393.241355  	87.190109 
2393.598662  	87.305180 
2393.955969  	87.395016 
2394.313276  	87.367994 
2394.670582  	87.511742 
2395.027889  	87.648144 
2395.385196  	87.185139 
2395.742503  	86.947760 
2396.099810  	87.241647 
2396.457117  	87.382868 
2396.814424  	87.420682 
2397.171730  	87.481905 
2397.529037  	87.375962 
2397.886344  	87.080055 
2398.243651  	86.844098 
2398.600958  	86.926510 
2398.958265  	87.271688 
2399.315572  	87.434845 
2399.672878  	87.336930 
2400.030185  	87.185379 
2400.387492  	86.964336 
2400.744799  	87.156869 
2401.102106  	87.576715 
2401.459413  	87.432552 
2401.816720  	87.150239 
2402.174026  	87.070452 
2402.531333  	87.104032 
2402.888640  	87.309577 
2403.245947  	87.339119 
2403.603254  	87.040594 
2403.960561  	86.775324 
2404.317868  	86.722510 
2404.675174  	86.691990 
2405.032481  	86.720108 
2405.389788  	86.960507 
2405.747095  	87.206903 
2406.104402  	87.082134 
2406.461709  	86.625872 
2406.819016  	86.541092 
2407.176323  	86.700377 
2407.533629  	86.510830 
2407.890936  	86.446334 
2408.248243  	86.670681 
2408.605550  	86.916763 
2408.962857  	87.097275 
2409.320164  	86.976236 
2409.677471  	86.815209 
2410.034777  	86.720308 
2410.392084  	86.340511 
2410.749391  	86.170080 
2411.106698  	86.585208 
2411.464005  	86.825319 
2411.821312  	86.731981 
2412.178619  	86.858303 
2412.535925  	87.120962 
2412.893232  	87.308202 
2413.250539  	87.210170 
2413.607846  	86.938748 
2413.965153  	87.022222 
2414.322460  	87.150609 
2414.679767  	86.923957 
2415.037073  	86.703343 
2415.394380  	86.742499 
2415.751687  	86.824112 
2416.108994  	86.652738 
2416.466301  	86.418614 
2416.823608  	86.356985 
2417.180915  	86.388166 
2417.538221  	86.461480 
2417.895528  	86.420575 
2418.252835  	86.410275 
2418.610142  	86.740340 
2418.967449  	86.943303 
2419.324756  	86.773207 
2419.682063  	86.563454 
2420.039369  	86.273625 
2420.396676  	86.347479 
2420.753983  	86.742089 
2421.111290  	86.591962 
2421.468597  	86.457707 
2421.825904  	86.490966 
2422.183211  	86.274760 
2422.540518  	86.462199 
2422.897824  	86.684607 
2423.255131  	86.632905 
2423.612438  	86.862685 
2423.969745  	86.981551 
2424.327052  	86.715870 
2424.684359  	86.301615 
2425.041666  	86.041697 
2425.398972  	86.182236 
2425.756279  	86.426034 
2426.113586  	86.407454 
2426.470893  	86.358005 
2426.828200  	86.629659 
2427.185507  	86.689777 
2427.542814  	86.343965 
2427.900120  	86.281823 
2428.257427  	86.387048 
2428.614734  	86.324307 
2428.972041  	86.361331 
2429.329348  	86.543038 
2429.686655  	86.408076 
2430.043962  	85.964717 
2430.401268  	86.096700 
2430.758575  	86.752094 
2431.115882  	87.062809 
2431.473189  	87.114953 
2431.830496  	87.046839 
2432.187803  	86.715541 
2432.545110  	86.528577 
2432.902416  	86.492068 
2433.259723  	86.281278 
2433.617030  	86.130294 
2433.974337  	86.298799 
2434.331644  	86.761842 
2434.688951  	86.827024 
2435.046258  	86.248086 
2435.403565  	86.049803 
2435.760871  	86.419600 
2436.118178  	86.787574 
2436.475485  	86.837995 
2436.832792  	86.621849 
2437.190099  	86.370215 
2437.547406  	85.937706 
2437.904713  	85.892276 
2438.262019  	86.228913 
2438.619326  	86.358686 
2438.976633  	86.673877 
2439.333940  	86.485424 
2439.691247  	85.964644 
2440.048554  	86.318485 
2440.405861  	86.835921 
2440.763167  	86.917747 
2441.120474  	86.604015 
2441.477781  	86.301025 
2441.835088  	86.226274 
2442.192395  	86.076456 
2442.549702  	86.352203 
2442.907009  	86.551744 
2443.264315  	86.177979 
2443.621622  	85.843322 
2443.978929  	85.622454 
2444.336236  	85.740170 
2444.693543  	85.841014 
2445.050850  	85.714325 
2445.408157  	85.901684 
2445.765463  	86.019359 
2446.122770  	86.121290 
2446.480077  	86.498679 
2446.837384  	86.474544 
2447.194691  	86.196365 
2447.551998  	86.333586 
2447.909305  	86.178367 
2448.266612  	85.621125 
2448.623918  	85.672304 
2448.981225  	85.859480 
2449.338532  	85.888033 
2449.695839  	85.981201 
2450.053146  	85.743493 
2450.410453  	85.573066 
2450.767760  	85.589443 
2451.125066  	85.842796 
2451.482373  	86.239289 
2451.839680  	85.979168 
2452.196987  	85.746303 
2452.554294  	85.968849 
2452.911601  	86.173491 
2453.268908  	86.454392 
2453.626214  	86.349026 
2453.983521  	85.798820 
2454.340828  	85.566605 
2454.698135  	85.744922 
2455.055442  	85.870656 
2455.412749  	85.976226 
2455.770056  	86.360299 
2456.127362  	86.407895 
2456.484669  	85.844368 
2456.841976  	85.626983 
2457.199283  	86.104381 
2457.556590  	86.411781 
2457.913897  	86.271967 
2458.271204  	86.184676 
2458.628510  	86.022104 
2458.985817  	86.072970 
2459.343124  	86.684442 
2459.700431  	86.962499 
2460.057738  	86.491890 
2460.415045  	85.902022 
2460.772352  	85.695881 
2461.129659  	85.847696 
2461.486965  	86.245692 
2461.844272  	86.386029 
2462.201579  	85.885266 
2462.558886  	85.837113 
2462.916193  	86.332156 
2463.273500  	86.497304 
2463.630807  	86.565398 
2463.988113  	86.232777 
2464.345420  	85.806464 
2464.702727  	86.057363 
2465.060034  	86.294555 
2465.417341  	86.173343 
2465.774648  	85.885465 
2466.131955  	85.606345 
2466.489261  	85.684105 
2466.846568  	86.108290 
2467.203875  	86.413151 
2467.561182  	86.215548 
2467.918489  	86.074423 
2468.275796  	86.223021 
2468.633103  	86.075608 
2468.990409  	85.779104 
2469.347716  	85.779984 
2469.705023  	85.968315 
2470.062330  	86.051790 
2470.419637  	86.099387 
2470.776944  	86.120772 
2471.134251  	85.863659 
2471.491557  	85.633500 
2471.848864  	85.789006 
2472.206171  	86.039487 
2472.563478  	85.999110 
2472.920785  	86.003363 
2473.278092  	86.158135 
2473.635399  	85.947712 
2473.992706  	86.018941 
2474.350012  	86.618992 
2474.707319  	86.797555 
2475.064626  	86.739634 
2475.421933  	86.742431 
2475.779240  	86.369058 
2476.136547  	85.764898 
2476.493854  	85.781385 
2476.851160  	86.432067 
2477.208467  	86.701891 
2477.565774  	86.702618 
2477.923081  	86.738257 
2478.280388  	86.455261 
2478.637695  	86.301021 
2478.995002  	86.453386 
2479.352308  	86.420006 
2479.709615  	86.122186 
2480.066922  	86.084917 
2480.424229  	86.491849 
2480.781536  	86.716184 
2481.138843  	86.680449 
2481.496150  	86.712355 
2481.853456  	86.823157 
2482.210763  	86.942017 
2482.568070  	86.968633 
2482.925377  	86.766438 
2483.282684  	86.311764 
2483.639991  	86.190166 
2483.997298  	86.278188 
2484.354604  	86.201716 
2484.711911  	86.729319 
2485.069218  	87.171817 
2485.426525  	86.705910 
2485.783832  	86.422277 
2486.141139  	86.571374 
2486.498446  	86.740980 
2486.855753  	86.705412 
2487.213059  	86.469574 
2487.570366  	86.393066 
2487.927673  	86.437253 
2488.284980  	86.552893 
2488.642287  	86.604824 
2488.999594  	86.625576 
2489.356901  	86.875844 
2489.714207  	86.931705 
2490.071514  	86.753956 
2490.428821  	86.782755 
2490.786128  	86.895824 
2491.143435  	86.962930 
2491.500742  	86.963262 
2491.858049  	86.852673 
2492.215355  	86.971487 
2492.572662  	87.022483 
2492.929969  	86.529093 
2493.287276  	86.432532 
2493.644583  	86.637972 
2494.001890  	86.559503 
2494.359197  	86.924001 
2494.716503  	86.996507 
2495.073810  	86.779962 
2495.431117  	87.356821 
2495.788424  	87.505408 
2496.145731  	86.983862 
2496.503038  	86.815853 
2496.860345  	86.761064 
2497.217651  	86.427368 
2497.574958  	86.090897 
2497.932265  	86.347986 
2498.289572  	86.651893 
2498.646879  	86.582254 
2499.004186  	86.818033 
2499.361493  	87.016697 
2499.718800  	86.888967 
2500.076106  	86.825998 
2500.433413  	86.686282 
2500.790720  	86.499588 
2501.148027  	86.385077 
2501.505334  	86.101816 
2501.862641  	86.042348 
2502.219948  	86.669025 
2502.577254  	86.978744 
2502.934561  	86.446886 
2503.291868  	86.198801 
2503.649175  	86.503613 
2504.006482  	86.661450 
2504.363789  	86.494478 
2504.721096  	86.096781 
2505.078402  	85.900711 
2505.435709  	86.415684 
2505.793016  	86.706943 
2506.150323  	86.166757 
2506.507630  	86.048920 
2506.864937  	86.287745 
2507.222244  	86.036070 
2507.579550  	85.669495 
2507.936857  	85.503090 
2508.294164  	85.658315 
2508.651471  	85.882901 
2509.008778  	86.027195 
2509.366085  	86.197906 
2509.723392  	86.338928 
2510.080698  	86.398367 
2510.438005  	86.072671 
2510.795312  	86.088347 
2511.152619  	86.277870 
2511.509926  	85.734790 
2511.867233  	85.707883 
2512.224540  	86.082873 
2512.581846  	86.283639 
2512.939153  	86.585028 
2513.296460  	86.245691 
2513.653767  	85.884246 
2514.011074  	85.797978 
2514.368381  	85.792492 
2514.725688  	86.122293 
2515.082995  	85.927455 
2515.440301  	85.886614 
2515.797608  	86.511217 
2516.154915  	86.479590 
2516.512222  	86.001540 
2516.869529  	86.096893 
2517.226836  	86.389848 
2517.584143  	86.178486 
2517.941449  	86.098252 
2518.298756  	86.014694 
2518.656063  	85.819509 
2519.013370  	86.501645 
2519.370677  	86.740081 
2519.727984  	86.219320 
2520.085291  	86.244204 
2520.442597  	86.190905 
2520.799904  	86.123930 
2521.157211  	86.297012 
2521.514518  	86.458770 
2521.871825  	86.699253 
2522.229132  	86.592782 
2522.586439  	86.400316 
2522.943745  	86.452618 
2523.301052  	86.356365 
2523.658359  	86.101324 
2524.015666  	86.158009 
2524.372973  	86.319518 
2524.730280  	86.059221 
2525.087587  	86.085576 
2525.444893  	86.192121 
2525.802200  	85.886421 
2526.159507  	86.140725 
2526.516814  	86.373953 
2526.874121  	85.942935 
2527.231428  	85.695765 
2527.588735  	85.797666 
2527.946042  	86.100681 
2528.303348  	86.278551 
2528.660655  	86.095383 
2529.017962  	85.966383 
2529.375269  	86.057289 
2529.732576  	86.033997 
2530.089883  	85.806353 
2530.447190  	85.830257 
2530.804496  	86.051174 
2531.161803  	86.044748 
2531.519110  	86.062708 
2531.876417  	86.217075 
2532.233724  	86.130603 
2532.591031  	85.820344 
2532.948338  	85.695777 
2533.305644  	85.668671 
2533.662951  	85.698837 
2534.020258  	86.140656 
2534.377565  	86.276976 
2534.734872  	85.631912 
2535.092179  	85.371904 
2535.449486  	85.769715 
2535.806792  	85.943403 
2536.164099  	85.750758 
2536.521406  	85.637959 
2536.878713  	85.943123 
2537.236020  	86.230128 
2537.593327  	85.921163 
2537.950634  	85.569672 
2538.307940  	85.669012 
2538.665247  	85.810409 
2539.022554  	85.732047 
2539.379861  	85.602873 
2539.737168  	85.485347 
2540.094475  	85.303938 
2540.451782  	85.320800 
2540.809089  	85.660314 
2541.166395  	85.847380 
2541.523702  	85.681628 
2541.881009  	85.619679 
2542.238316  	85.874855 
2542.595623  	85.972811 
2542.952930  	85.872738 
2543.310237  	85.931543 
2543.667543  	86.044487 
2544.024850  	86.169205 
2544.382157  	86.097002 
2544.739464  	85.762951 
2545.096771  	85.634841 
2545.454078  	85.684185 
2545.811385  	85.684112 
2546.168691  	85.710872 
2546.525998  	85.890877 
2546.883305  	85.761739 
2547.240612  	85.168928 
2547.597919  	85.200102 
2547.955226  	85.582794 
2548.312533  	85.481108 
2548.669839  	85.437126 
2549.027146  	85.435889 
2549.384453  	85.502823 
2549.741760  	85.852639 
2550.099067  	85.925720 
2550.456374  	85.530118 
2550.813681  	85.007406 
2551.170987  	85.104344 
2551.528294  	85.850842 
2551.885601  	86.063877 
2552.242908  	85.408913 
2552.600215  	84.993997 
2552.957522  	85.561933 
2553.314829  	85.954036 
2553.672136  	85.459732 
2554.029442  	85.233616 
2554.386749  	85.579348 
2554.744056  	85.817706 
2555.101363  	85.656173 
2555.458670  	85.484682 
2555.815977  	85.708537 
2556.173284  	85.676171 
2556.530590  	85.395690 
2556.887897  	85.786926 
2557.245204  	86.281872 
2557.602511  	86.128189 
2557.959818  	85.972065 
2558.317125  	86.014499 
2558.674432  	85.899244 
2559.031738  	85.764134 
2559.389045  	85.642675 
2559.746352  	85.433940 
2560.103659  	85.252468 
2560.460966  	85.414388 
2560.818273  	85.901445 
2561.175580  	86.073429 
2561.532886  	85.928317 
2561.890193  	85.957223 
2562.247500  	86.261393 
2562.604807  	86.388040 
2562.962114  	85.890399 
2563.319421  	85.786837 
2563.676728  	86.237693 
2564.034034  	86.033600 
2564.391341  	85.838681 
2564.748648  	86.096690 
2565.105955  	85.994836 
2565.463262  	85.547396 
2565.820569  	85.276237 
2566.177876  	85.635299 
2566.535183  	85.932168 
2566.892489  	85.701025 
2567.249796  	85.894164 
2567.607103  	86.235541 
2567.964410  	86.120023 
2568.321717  	85.855220 
2568.679024  	85.460084 
2569.036331  	85.238868 
2569.393637  	85.306881 
2569.750944  	85.422921 
2570.108251  	85.691322 
2570.465558  	85.910700 
2570.822865  	85.923456 
2571.180172  	85.641785 
2571.537479  	85.265825 
2571.894785  	85.527902 
2572.252092  	85.853644 
2572.609399  	85.664886 
2572.966706  	85.733076 
2573.324013  	85.834806 
2573.681320  	85.646385 
2574.038627  	85.671723 
2574.395933  	85.688800 
2574.753240  	85.562958 
2575.110547  	85.568987 
2575.467854  	85.553383 
2575.825161  	85.543838 
2576.182468  	85.807607 
2576.539775  	86.006706 
2576.897081  	85.921160 
2577.254388  	85.973735 
2577.611695  	86.052967 
2577.969002  	86.114955 
2578.326309  	86.383101 
2578.683616  	86.399120 
2579.040923  	86.218768 
2579.398230  	86.125219 
2579.755536  	85.929114 
2580.112843  	85.817126 
2580.470150  	85.948245 
2580.827457  	86.071778 
2581.184764  	85.954314 
2581.542071  	85.897510 
2581.899378  	86.051780 
2582.256684  	86.174479 
2582.613991  	86.366829 
2582.971298  	86.284477 
2583.328605  	85.897824 
2583.685912  	85.824914 
2584.043219  	85.889059 
2584.400526  	85.814183 
2584.757832  	85.833817 
2585.115139  	86.303608 
2585.472446  	86.500812 
2585.829753  	85.916125 
2586.187060  	85.923242 
2586.544367  	86.299414 
2586.901674  	86.072769 
2587.258980  	86.010994 
2587.616287  	86.132289 
2587.973594  	86.142415 
2588.330901  	86.233233 
2588.688208  	86.343540 
2589.045515  	86.300486 
2589.402822  	86.070861 
2589.760128  	86.112501 
2590.117435  	86.128954 
2590.474742  	85.930773 
2590.832049  	86.067452 
2591.189356  	86.015538 
2591.546663  	85.824093 
2591.903970  	86.091000 
2592.261276  	86.122082 
2592.618583  	85.699342 
2592.975890  	85.613810 
2593.333197  	85.964911 
2593.690504  	86.025120 
2594.047811  	85.613556 
2594.405118  	85.318576 
2594.762425  	85.480307 
2595.119731  	85.729249 
2595.477038  	85.554433 
2595.834345  	85.373475 
2596.191652  	85.523618 
2596.548959  	85.578490 
2596.906266  	85.606716 
2597.263573  	85.748113 
2597.620879  	85.801589 
2597.978186  	85.683888 
2598.335493  	85.478851 
2598.692800  	85.477330 
2599.050107  	85.607450 
2599.407414  	85.654063 
2599.764721  	85.699202 
2600.122027  	85.633511 
2600.479334  	85.440802 
2600.836641  	85.328286 
2601.193948  	85.372359 
2601.551255  	85.467375 
2601.908562  	85.393379 
2602.265869  	85.271608 
2602.623175  	85.246335 
2602.980482  	85.161329 
2603.337789  	85.260299 
2603.695096  	85.504338 
2604.052403  	85.409548 
2604.409710  	85.305214 
2604.767017  	85.412872 
2605.124323  	85.442796 
2605.481630  	85.522471 
2605.838937  	85.563150 
2606.196244  	85.405765 
2606.553551  	85.344250 
2606.910858  	85.329529 
2607.268165  	85.104759 
2607.625472  	84.947639 
2607.982778  	85.107373 
2608.340085  	85.388785 
2608.697392  	85.601360 
2609.054699  	85.460997 
2609.412006  	85.169736 
2609.769313  	85.213998 
2610.126620  	85.181929 
2610.483926  	85.085996 
2610.841233  	85.267194 
2611.198540  	85.272331 
2611.555847  	85.059374 
2611.913154  	84.899960 
2612.270461  	84.983734 
2612.627768  	85.262848 
2612.985074  	85.355473 
2613.342381  	85.270147 
2613.699688  	85.042393 
2614.056995  	84.929607 
2614.414302  	85.074640 
2614.771609  	85.050679 
2615.128916  	85.060415 
2615.486222  	85.232105 
2615.843529  	85.261840 
2616.200836  	85.198678 
2616.558143  	85.040064 
2616.915450  	84.773637 
2617.272757  	84.619264 
2617.630064  	84.816480 
2617.987370  	84.906832 
2618.344677  	84.648922 
2618.701984  	84.735925 
2619.059291  	84.902707 
2619.416598  	84.696055 
2619.773905  	84.514328 
2620.131212  	84.406322 
2620.488519  	84.341767 
2620.845825  	84.391217 
2621.203132  	84.655245 
2621.560439  	84.967344 
2621.917746  	84.903303 
2622.275053  	84.660854 
2622.632360  	84.640515 
2622.989667  	84.973036 
2623.346973  	85.122845 
2623.704280  	84.726086 
2624.061587  	84.518202 
2624.418894  	84.613180 
2624.776201  	84.756698 
2625.133508  	84.966241 
2625.490815  	84.966951 
2625.848121  	84.924782 
2626.205428  	84.929495 
2626.562735  	84.907219 
2626.920042  	84.943131 
2627.277349  	84.776298 
2627.634656  	84.595895 
2627.991963  	84.736727 
2628.349269  	84.990472 
2628.706576  	85.155533 
2629.063883  	85.212528 
2629.421190  	85.113384 
2629.778497  	84.901713 
2630.135804  	84.969518 
2630.493111  	85.188652 
2630.850417  	85.146709 
2631.207724  	85.022561 
2631.565031  	84.830044 
2631.922338  	84.775241 
2632.279645  	84.967681 
2632.636952  	84.983643 
2632.994259  	85.034828 
2633.351566  	85.148173 
2633.708872  	85.034487 
2634.066179  	85.062498 
2634.423486  	85.315256 
2634.780793  	85.384508 
2635.138100  	85.192472 
2635.495407  	85.154699 
2635.852714  	85.501011 
2636.210020  	85.728664 
2636.567327  	85.461742 
2636.924634  	85.208051 
2637.281941  	85.258094 
2637.639248  	85.200315 
2637.996555  	85.205322 
2638.353862  	85.329400 
2638.711168  	85.157264 
2639.068475  	85.205273 
2639.425782  	85.489729 
2639.783089  	85.339034 
2640.140396  	85.183629 
2640.497703  	85.357345 
2640.855010  	85.488066 
2641.212316  	85.437586 
2641.569623  	85.279825 
2641.926930  	85.206570 
2642.284237  	85.285366 
2642.641544  	85.251448 
2642.998851  	85.162163 
2643.356158  	85.319453 
2643.713464  	85.545053 
2644.070771  	85.691091 
2644.428078  	85.740628 
2644.785385  	85.716871 
2645.142692  	85.859548 
2645.499999  	85.903201 
2645.857306  	85.822884 
2646.214613  	86.008392 
2646.571919  	86.148175 
2646.929226  	86.029436 
2647.286533  	85.817156 
2647.643840  	85.670213 
2648.001147  	85.722180 
2648.358454  	85.833102 
2648.715761  	85.887868 
2649.073067  	85.976728 
2649.430374  	86.141593 
2649.787681  	86.052114 
2650.144988  	85.789189 
2650.502295  	85.862486 
2650.859602  	86.003479 
2651.216909  	85.989230 
2651.574215  	86.018162 
2651.931522  	86.152829 
2652.288829  	86.187873 
2652.646136  	85.866353 
2653.003443  	85.650485 
2653.360750  	85.716718 
2653.718057  	85.800374 
2654.075363  	85.950163 
2654.432670  	86.099252 
2654.789977  	86.242922 
2655.147284  	86.117543 
2655.504591  	85.914911 
2655.861898  	86.067100 
2656.219205  	86.042153 
2656.576511  	85.925175 
2656.933818  	86.007494 
2657.291125  	86.010189 
2657.648432  	85.891245 
2658.005739  	85.706458 
2658.363046  	85.756067 
2658.720353  	85.909425 
2659.077660  	85.927830 
2659.434966  	85.978262 
2659.792273  	86.007753 
2660.149580  	85.996162 
2660.506887  	85.818995 
2660.864194  	85.867617 
2661.221501  	86.291464 
2661.578808  	86.268838 
2661.936114  	86.068179 
2662.293421  	86.177914 
2662.650728  	86.266843 
2663.008035  	86.237144 
2663.365342  	86.173838 
2663.722649  	86.103843 
2664.079956  	86.041658 
2664.437262  	86.190438 
2664.794569  	86.322213 
2665.151876  	86.158986 
2665.509183  	86.019837 
2665.866490  	85.865711 
2666.223797  	85.766585 
2666.581104  	85.897783 
2666.938410  	86.064602 
2667.295717  	86.157224 
2667.653024  	86.189784 
2668.010331  	86.286150 
2668.367638  	86.207868 
2668.724945  	86.088641 
2669.082252  	86.265093 
2669.439558  	86.314137 
2669.796865  	86.271219 
2670.154172  	86.228022 
2670.511479  	86.138017 
2670.868786  	86.177395 
2671.226093  	86.101813 
2671.583400  	86.088155 
2671.940706  	86.231377 
2672.298013  	86.247660 
2672.655320  	86.306996 
2673.012627  	86.345502 
2673.369934  	86.204667 
2673.727241  	86.081440 
2674.084548  	86.125298 
2674.441855  	86.191107 
2674.799161  	86.259292 
2675.156468  	86.397751 
2675.513775  	86.354737 
2675.871082  	86.257823 
2676.228389  	86.223869 
2676.585696  	86.118864 
2676.943003  	86.114820 
2677.300309  	86.139852 
2677.657616  	86.117359 
2678.014923  	86.107121 
2678.372230  	86.141219 
2678.729537  	86.235289 
2679.086844  	86.193601 
2679.444151  	86.132524 
2679.801457  	86.157397 
2680.158764  	86.105054 
2680.516071  	86.005511 
2680.873378  	86.037136 
2681.230685  	86.227655 
2681.587992  	86.220434 
2681.945299  	86.119952 
2682.302605  	86.118089 
2682.659912  	85.919764 
2683.017219  	85.824115 
2683.374526  	85.929633 
2683.731833  	85.978939 
2684.089140  	86.058211 
2684.446447  	85.930790 
2684.803753  	85.763506 
2685.161060  	85.907346 
2685.518367  	85.987615 
2685.875674  	85.909269 
2686.232981  	85.880678 
2686.590288  	85.919906 
2686.947595  	86.008278 
2687.304902  	86.033365 
2687.662208  	86.040433 
2688.019515  	86.055183 
2688.376822  	85.886228 
2688.734129  	85.660442 
2689.091436  	85.579546 
2689.448743  	85.588419 
2689.806050  	85.669665 
2690.163356  	85.733848 
2690.520663  	85.721941 
2690.877970  	85.674584 
2691.235277  	85.534156 
2691.592584  	85.410062 
2691.949891  	85.431055 
2692.307198  	85.476577 
2692.664504  	85.511201 
2693.021811  	85.564740 
2693.379118  	85.590359 
2693.736425  	85.609274 
2694.093732  	85.514236 
2694.451039  	85.317444 
2694.808346  	85.295032 
2695.165652  	85.261361 
2695.522959  	85.153608 
2695.880266  	85.315073 
2696.237573  	85.460375 
2696.594880  	85.369259 
2696.952187  	85.278372 
2697.309494  	85.171193 
2697.666800  	85.095980 
2698.024107  	85.189241 
2698.381414  	85.228324 
2698.738721  	84.946470 
2699.096028  	84.724815 
2699.453335  	84.861518 
2699.810642  	84.955226 
2700.167949  	84.990081 
2700.525255  	85.061538 
2700.882562  	84.974116 
2701.239869  	84.896435 
2701.597176  	84.910755 
2701.954483  	84.858923 
2702.311790  	84.716131 
2702.669097  	84.623141 
2703.026403  	84.689244 
2703.383710  	84.763649 
2703.741017  	84.731993 
2704.098324  	84.649673 
2704.455631  	84.584796 
2704.812938  	84.565337 
2705.170245  	84.599342 
2705.527551  	84.616448 
2705.884858  	84.563389 
2706.242165  	84.568828 
2706.599472  	84.613429 
2706.956779  	84.598513 
2707.314086  	84.489923 
2707.671393  	84.313581 
2708.028699  	84.245712 
2708.386006  	84.264570 
2708.743313  	84.353405 
2709.100620  	84.392935 
2709.457927  	84.210619 
2709.815234  	84.153228 
2710.172541  	84.265249 
2710.529847  	84.228118 
2710.887154  	84.064256 
2711.244461  	84.068191 
2711.601768  	84.298607 
2711.959075  	84.369015 
2712.316382  	84.373784 
2712.673689  	84.399318 
2713.030996  	84.258201 
2713.388302  	84.226795 
2713.745609  	84.198019 
2714.102916  	84.142323 
2714.460223  	84.278613 
2714.817530  	84.316736 
2715.174837  	84.247024 
2715.532144  	84.222547 
2715.889450  	84.203537 
2716.246757  	84.108704 
2716.604064  	84.025476 
2716.961371  	84.151619 
2717.318678  	84.206932 
2717.675985  	84.136684 
2718.033292  	84.184474 
2718.390598  	84.266253 
2718.747905  	84.274614 
2719.105212  	84.199034 
2719.462519  	84.195636 
2719.819826  	84.154894 
2720.177133  	83.955572 
2720.534440  	83.892459 
2720.891746  	83.938831 
2721.249053  	84.031504 
2721.606360  	84.094184 
2721.963667  	83.929838 
2722.320974  	83.868499 
2722.678281  	84.017619 
2723.035588  	84.025937 
2723.392894  	83.954695 
2723.750201  	83.974163 
2724.107508  	83.915566 
2724.464815  	83.742248 
2724.822122  	83.679160 
2725.179429  	83.787814 
2725.536736  	83.935124 
2725.894043  	83.997198 
2726.251349  	83.953935 
2726.608656  	83.813906 
2726.965963  	83.714384 
2727.323270  	83.831365 
2727.680577  	83.989257 
2728.037884  	84.031853 
2728.395191  	83.943524 
2728.752497  	83.881102 
2729.109804  	84.120574 
2729.467111  	84.193325 
2729.824418  	83.885686 
2730.181725  	83.863182 
2730.539032  	84.137978 
2730.896339  	84.265488 
2731.253645  	84.168658 
2731.610952  	84.063241 
2731.968259  	84.058238 
2732.325566  	83.958818 
2732.682873  	83.955387 
2733.040180  	84.183293 
2733.397487  	84.252639 
2733.754793  	84.107966 
2734.112100  	84.041654 
2734.469407  	84.231766 
2734.826714  	84.349974 
2735.184021  	84.049709 
2735.541328  	83.852232 
2735.898635  	84.017874 
2736.255941  	84.109571 
2736.613248  	84.115111 
2736.970555  	84.228575 
2737.327862  	84.258277 
2737.685169  	84.028765 
2738.042476  	83.903558 
2738.399783  	84.062328 
2738.757090  	84.116606 
2739.114396  	84.109376 
2739.471703  	84.129911 
2739.829010  	84.039018 
2740.186317  	83.982502 
2740.543624  	83.928962 
2740.900931  	83.984320 
2741.258238  	84.157432 
2741.615544  	84.082591 
2741.972851  	83.969535 
2742.330158  	84.000943 
2742.687465  	83.996826 
2743.044772  	83.932965 
2743.402079  	83.900449 
2743.759386  	83.989320 
2744.116692  	83.938099 
2744.473999  	83.822777 
2744.831306  	83.983286 
2745.188613  	84.107175 
2745.545920  	84.040867 
2745.903227  	83.987614 
2746.260534  	84.072413 
2746.617840  	84.208626 
2746.975147  	84.205384 
2747.332454  	84.273752 
2747.689761  	84.353991 
2748.047068  	84.256057 
2748.404375  	84.302413 
2748.761682  	84.429106 
2749.118988  	84.418998 
2749.476295  	84.339608 
2749.833602  	84.151118 
2750.190909  	84.067900 
2750.548216  	84.253226 
2750.905523  	84.394235 
2751.262830  	84.414105 
2751.620136  	84.438116 
2751.977443  	84.428830 
2752.334750  	84.498450 
2752.692057  	84.624134 
2753.049364  	84.634464 
2753.406671  	84.599632 
2753.763978  	84.578717 
2754.121285  	84.714779 
2754.478591  	84.967078 
2754.835898  	84.920949 
2755.193205  	84.627210 
2755.550512  	84.463355 
2755.907819  	84.595181 
2756.265126  	84.939085 
2756.622433  	85.119066 
2756.979739  	85.007957 
2757.337046  	84.867526 
2757.694353  	84.768491 
2758.051660  	84.717653 
2758.408967  	84.812634 
2758.766274  	84.859948 
2759.123581  	84.786460 
2759.480887  	84.851915 
2759.838194  	84.982112 
2760.195501  	84.962420 
2760.552808  	84.771620 
2760.910115  	84.668231 
2761.267422  	84.953687 
2761.624729  	85.252641 
2761.982035  	85.245781 
2762.339342  	85.189462 
2762.696649  	85.178824 
2763.053956  	85.165957 
2763.411263  	85.135090 
2763.768570  	85.135707 
2764.125877  	85.157757 
2764.483183  	85.188427 
2764.840490  	85.339501 
2765.197797  	85.455113 
2765.555104  	85.418710 
2765.912411  	85.347251 
2766.269718  	85.289686 
2766.627025  	85.222084 
2766.984332  	85.203477 
2767.341638  	85.421779 
2767.698945  	85.561806 
2768.056252  	85.413832 
2768.413559  	85.442932 
2768.770866  	85.652131 
2769.128173  	85.719845 
2769.485480  	85.517873 
2769.842786  	85.282655 
2770.200093  	85.348498 
2770.557400  	85.545270 
2770.914707  	85.685133 
2771.272014  	85.530883 
2771.629321  	85.386625 
2771.986628  	85.699720 
2772.343934  	85.748200 
2772.701241  	85.530993 
2773.058548  	85.510115 
2773.415855  	85.397908 
2773.773162  	85.380947 
2774.130469  	85.568357 
2774.487776  	85.871823 
2774.845082  	86.068177 
2775.202389  	85.881709 
2775.559696  	85.732319 
2775.917003  	85.661434 
2776.274310  	85.596442 
2776.631617  	85.642445 
2776.988924  	85.604314 
2777.346230  	85.651263 
2777.703537  	85.689787 
2778.060844  	85.595921 
2778.418151  	85.609604 
2778.775458  	85.578316 
2779.132765  	85.562573 
2779.490072  	85.653673 
2779.847379  	85.637326 
2780.204685  	85.698348 
2780.561992  	85.854284 
2780.919299  	85.708011 
2781.276606  	85.623967 
2781.633913  	85.885993 
2781.991220  	85.807627 
2782.348527  	85.577048 
2782.705833  	85.589459 
2783.063140  	85.552884 
2783.420447  	85.695901 
2783.777754  	85.766918 
2784.135061  	85.566932 
2784.492368  	85.543821 
2784.849675  	85.599837 
2785.206981  	85.732452 
2785.564288  	85.789339 
2785.921595  	85.714406 
2786.278902  	85.739120 
2786.636209  	85.599765 
2786.993516  	85.509160 
2787.350823  	85.486738 
2787.708129  	85.320319 
2788.065436  	85.421120 
2788.422743  	85.592548 
2788.780050  	85.609815 
2789.137357  	85.592427 
2789.494664  	85.466083 
2789.851971  	85.459355 
2790.209277  	85.641717 
2790.566584  	85.722481 
2790.923891  	85.597562 
2791.281198  	85.536711 
2791.638505  	85.604757 
2791.995812  	85.546297 
2792.353119  	85.532191 
2792.710426  	85.630081 
2793.067732  	85.648720 
2793.425039  	85.621490 
2793.782346  	85.593061 
2794.139653  	85.651243 
2794.496960  	85.680407 
2794.854267  	85.609694 
2795.211574  	85.668847 
2795.568880  	85.740085 
2795.926187  	85.662605 
2796.283494  	85.614996 
2796.640801  	85.680393 
2796.998108  	85.654506 
2797.355415  	85.498270 
2797.712722  	85.516807 
2798.070028  	85.658541 
2798.427335  	85.713494 
2798.784642  	85.721497 
2799.141949  	85.634769 
2799.499256  	85.706802 
2799.856563  	85.964109 
2800.213870  	85.943900 
2800.571176  	85.851810 
2800.928483  	85.769846 
2801.285790  	85.562157 
2801.643097  	85.715310 
2802.000404  	85.932322 
2802.357711  	85.720950 
2802.715018  	85.660397 
2803.072324  	85.929312 
2803.429631  	86.068151 
2803.786938  	85.942234 
2804.144245  	85.785990 
2804.501552  	85.815024 
2804.858859  	85.933370 
2805.216166  	85.991125 
2805.573473  	85.974764 
2805.930779  	85.901263 
2806.288086  	85.823170 
2806.645393  	85.848192 
2807.002700  	85.874826 
2807.360007  	85.720450 
2807.717314  	85.646982 
2808.074621  	85.822985 
2808.431927  	85.926352 
2808.789234  	85.811475 
2809.146541  	85.743634 
2809.503848  	85.832687 
2809.861155  	85.909328 
2810.218462  	86.005524 
2810.575769  	85.995309 
2810.933075  	85.832975 
2811.290382  	85.852448 
2811.647689  	85.841962 
2812.004996  	85.775536 
2812.362303  	85.918756 
2812.719610  	85.919153 
2813.076917  	85.776391 
2813.434223  	85.811984 
2813.791530  	85.909771 
2814.148837  	85.890721 
2814.506144  	85.828082 
2814.863451  	85.761225 
2815.220758  	85.750571 
2815.578065  	86.013535 
2815.935371  	86.089379 
2816.292678  	85.784290 
2816.649985  	85.667441 
2817.007292  	85.558307 
2817.364599  	85.514043 
2817.721906  	85.778484 
2818.079213  	85.836456 
2818.436520  	85.721664 
2818.793826  	85.638819 
2819.151133  	85.535545 
2819.508440  	85.647921 
2819.865747  	85.831335 
2820.223054  	85.747134 
2820.580361  	85.622294 
2820.937668  	85.719870 
2821.294974  	85.871723 
2821.652281  	85.810776 
2822.009588  	85.520240 
2822.366895  	85.458412 
2822.724202  	85.615191 
2823.081509  	85.474813 
2823.438816  	85.424261 
2823.796122  	85.565130 
2824.153429  	85.464235 
2824.510736  	85.452369 
2824.868043  	85.650800 
2825.225350  	85.766561 
2825.582657  	85.623812 
2825.939964  	85.436043 
2826.297270  	85.452591 
2826.654577  	85.381851 
2827.011884  	85.341243 
2827.369191  	85.388495 
2827.726498  	85.305857 
2828.083805  	85.330199 
2828.441112  	85.347797 
2828.798418  	85.274617 
2829.155725  	85.267747 
2829.513032  	85.300210 
2829.870339  	85.350116 
2830.227646  	85.293442 
2830.584953  	85.322412 
2830.942260  	85.378858 
2831.299567  	85.084547 
2831.656873  	84.855694 
2832.014180  	84.906140 
2832.371487  	84.892638 
2832.728794  	84.874818 
2833.086101  	84.797238 
2833.443408  	84.574290 
2833.800715  	84.626005 
2834.158021  	84.799279 
2834.515328  	84.696972 
2834.872635  	84.685834 
2835.229942  	84.768349 
2835.587249  	84.728240 
2835.944556  	84.700866 
2836.301863  	84.630480 
2836.659169  	84.588552 
2837.016476  	84.541582 
2837.373783  	84.428912 
2837.731090  	84.410756 
2838.088397  	84.379196 
2838.445704  	84.358759 
2838.803011  	84.420726 
2839.160317  	84.489780 
2839.517624  	84.594650 
2839.874931  	84.672812 
2840.232238  	84.617429 
2840.589545  	84.457569 
2840.946852  	84.380314 
2841.304159  	84.298112 
2841.661465  	84.229764 
2842.018772  	84.465435 
2842.376079  	84.570543 
2842.733386  	84.391636 
2843.090693  	84.371160 
2843.448000  	84.364150 
2843.805307  	84.322546 
2844.162613  	84.418441 
2844.519920  	84.598138 
2844.877227  	84.720792 
2845.234534  	84.674375 
2845.591841  	84.655349 
2845.949148  	84.690687 
2846.306455  	84.694215 
2846.663762  	84.786785 
2847.021068  	84.813985 
2847.378375  	84.718169 
2847.735682  	84.604498 
2848.092989  	84.474948 
2848.450296  	84.423660 
2848.807603  	84.385359 
2849.164910  	84.467050 
2849.522216  	84.637140 
2849.879523  	84.441275 
2850.236830  	84.333745 
2850.594137  	84.657952 
2850.951444  	84.734369 
2851.308751  	84.554445 
2851.666058  	84.400053 
2852.023364  	84.249545 
2852.380671  	84.317938 
2852.737978  	84.496047 
2853.095285  	84.535825 
2853.452592  	84.568430 
2853.809899  	84.675679 
2854.167206  	84.649512 
2854.524512  	84.528109 
2854.881819  	84.586788 
2855.239126  	84.694732 
2855.596433  	84.723838 
2855.953740  	84.721835 
2856.311047  	84.753642 
2856.668354  	84.856359 
2857.025660  	84.848241 
2857.382967  	84.827531 
2857.740274  	84.735115 
2858.097581  	84.522281 
2858.454888  	84.676277 
2858.812195  	84.897491 
2859.169502  	84.800055 
2859.526809  	84.751381 
2859.884115  	84.904453 
2860.241422  	85.132657 
2860.598729  	85.089765 
2860.956036  	84.936801 
2861.313343  	85.046776 
2861.670650  	85.069548 
2862.027957  	84.963732 
2862.385263  	84.882602 
2862.742570  	84.838291 
2863.099877  	85.013941 
2863.457184  	85.150730 
2863.814491  	85.050215 
2864.171798  	84.985911 
2864.529105  	84.948025 
2864.886411  	84.741712 
2865.243718  	84.661421 
2865.601025  	84.931132 
2865.958332  	85.064038 
2866.315639  	84.991263 
2866.672946  	84.994354 
2867.030253  	84.936320 
2867.387559  	85.030989 
2867.744866  	85.214194 
2868.102173  	85.110242 
2868.459480  	85.084192 
2868.816787  	85.229626 
2869.174094  	85.367789 
2869.531401  	85.360922 
2869.888707  	84.981837 
2870.246014  	84.830333 
2870.603321  	85.016994 
2870.960628  	84.951526 
2871.317935  	84.921836 
2871.675242  	84.982586 
2872.032549  	85.039860 
2872.389856  	85.194353 
2872.747162  	85.058172 
2873.104469  	84.850886 
2873.461776  	84.837176 
2873.819083  	84.720375 
2874.176390  	84.618152 
2874.533697  	84.652150 
2874.891004  	84.740692 
2875.248310  	84.827698 
2875.605617  	84.882925 
2875.962924  	84.906880 
2876.320231  	84.828811 
2876.677538  	84.703820 
2877.034845  	84.615781 
2877.392152  	84.608801 
2877.749458  	84.640845 
2878.106765  	84.631700 
2878.464072  	84.660080 
2878.821379  	84.708121 
2879.178686  	84.776520 
2879.535993  	84.758112 
2879.893300  	84.541982 
2880.250606  	84.537480 
2880.607913  	84.863328 
2880.965220  	85.004511 
2881.322527  	84.719872 
2881.679834  	84.435045 
2882.037141  	84.452436 
2882.394448  	84.547665 
2882.751754  	84.727631 
2883.109061  	84.856528 
2883.466368  	84.674223 
2883.823675  	84.591654 
2884.180982  	84.726725 
2884.538289  	84.735904 
2884.895596  	84.704931 
2885.252903  	84.762244 
2885.610209  	84.640867 
2885.967516  	84.480108 
2886.324823  	84.735097 
2886.682130  	84.859273 
2887.039437  	84.574379 
2887.396744  	84.551271 
2887.754051  	84.645625 
2888.111357  	84.656907 
2888.468664  	84.731384 
2888.825971  	84.741058 
2889.183278  	84.884010 
2889.540585  	84.959143 
2889.897892  	84.775422 
2890.255199  	84.688102 
2890.612505  	84.432922 
2890.969812  	84.122432 
2891.327119  	84.290260 
2891.684426  	84.592202 
2892.041733  	84.699697 
2892.399040  	84.559370 
2892.756347  	84.324172 
2893.113653  	84.492532 
2893.470960  	84.793746 
2893.828267  	84.764274 
2894.185574  	84.731010 
2894.542881  	84.785991 
2894.900188  	84.793451 
2895.257495  	84.847801 
2895.614801  	84.923969 
2895.972108  	85.009665 
2896.329415  	85.011072 
2896.686722  	84.877924 
2897.044029  	84.758387 
2897.401336  	84.685913 
2897.758643  	84.796133 
2898.115950  	84.954389 
2898.473256  	84.885027 
2898.830563  	84.782104 
2899.187870  	84.699275 
2899.545177  	84.756084 
2899.902484  	84.862390 
2900.259791  	84.639387 
2900.617098  	84.570399 
2900.974404  	84.778766 
2901.331711  	84.888610 
2901.689018  	85.013882 
2902.046325  	85.016315 
2902.403632  	84.907986 
2902.760939  	84.803619 
2903.118246  	84.719047 
2903.475552  	84.864406 
2903.832859  	85.017083 
2904.190166  	84.903002 
2904.547473  	84.568018 
2904.904780  	84.404826 
2905.262087  	84.571230 
2905.619394  	84.615689 
2905.976700  	84.720045 
2906.334007  	84.841979 
2906.691314  	84.592205 
2907.048621  	84.477651 
2907.405928  	84.608976 
2907.763235  	84.715412 
2908.120542  	84.837548 
2908.477848  	84.912584 
2908.835155  	84.817827 
2909.192462  	84.615769 
2909.549769  	84.656656 
2909.907076  	84.684658 
2910.264383  	84.495276 
2910.621690  	84.599072 
2910.978997  	84.762954 
2911.336303  	84.732456 
2911.693610  	84.696479 
2912.050917  	84.655621 
2912.408224  	84.720900 
2912.765531  	84.698705 
2913.122838  	84.619395 
2913.480145  	84.717955 
2913.837451  	84.763345 
2914.194758  	84.833419 
2914.552065  	84.939792 
2914.909372  	84.870498 
2915.266679  	84.746352 
2915.623986  	84.741753 
2915.981293  	84.971236 
2916.338599  	85.120558 
2916.695906  	84.974289 
2917.053213  	84.899076 
2917.410520  	84.890117 
2917.767827  	84.867998 
2918.125134  	84.885298 
2918.482441  	84.791735 
2918.839747  	84.759934 
2919.197054  	84.876459 
2919.554361  	84.948584 
2919.911668  	84.854650 
2920.268975  	84.634001 
2920.626282  	84.714628 
2920.983589  	84.882425 
2921.340895  	84.634906 
2921.698202  	84.529403 
2922.055509  	84.733115 
2922.412816  	84.832498 
2922.770123  	84.984957 
2923.127430  	85.072853 
2923.484737  	84.719093 
2923.842043  	84.379413 
2924.199350  	84.544269 
2924.556657  	84.682572 
2924.913964  	84.593715 
2925.271271  	84.692253 
2925.628578  	84.668771 
2925.985885  	84.463738 
2926.343192  	84.463445 
2926.700498  	84.554298 
2927.057805  	84.582604 
2927.415112  	84.461446 
2927.772419  	84.364728 
2928.129726  	84.499154 
2928.487033  	84.571285 
2928.844340  	84.426091 
2929.201646  	84.291576 
2929.558953  	84.340499 
2929.916260  	84.364861 
2930.273567  	84.246546 
2930.630874  	84.239760 
2930.988181  	84.351058 
2931.345488  	84.443299 
2931.702794  	84.498531 
2932.060101  	84.524211 
2932.417408  	84.516573 
2932.774715  	84.544596 
2933.132022  	84.649880 
2933.489329  	84.571601 
2933.846636  	84.389780 
2934.203942  	84.288481 
2934.561249  	84.131791 
2934.918556  	84.182017 
2935.275863  	84.359748 
2935.633170  	84.189580 
2935.990477  	84.015845 
2936.347784  	84.248660 
2936.705090  	84.422283 
2937.062397  	84.152305 
2937.419704  	83.876054 
2937.777011  	83.863938 
2938.134318  	84.007133 
2938.491625  	84.167038 
2938.848932  	84.047842 
2939.206239  	83.861845 
2939.563545  	83.861201 
2939.920852  	83.835477 
2940.278159  	83.929257 
2940.635466  	84.215533 
2940.992773  	84.336324 
2941.350080  	84.179910 
2941.707387  	84.028065 
2942.064693  	84.041446 
2942.422000  	84.101819 
2942.779307  	84.024826 
2943.136614  	83.871574 
2943.493921  	84.027654 
2943.851228  	84.118403 
2944.208535  	83.852651 
2944.565841  	83.966827 
2944.923148  	84.123173 
2945.280455  	83.985821 
2945.637762  	84.104109 
2945.995069  	84.054228 
2946.352376  	83.838524 
2946.709683  	83.909474 
2947.066989  	83.959238 
2947.424296  	84.036196 
2947.781603  	84.153441 
2948.138910  	84.011235 
2948.496217  	83.805515 
2948.853524  	83.832795 
2949.210831  	83.866440 
2949.568137  	83.765055 
2949.925444  	83.774695 
2950.282751  	83.674446 
2950.640058  	83.421149 
2950.997365  	83.392138 
2951.354672  	83.547326 
2951.711979  	83.695750 
2952.069286  	83.614780 
2952.426592  	83.493178 
2952.783899  	83.518198 
2953.141206  	83.455607 
2953.498513  	83.526279 
2953.855820  	83.635262 
2954.213127  	83.559081 
2954.570434  	83.493852 
2954.927740  	83.370659 
2955.285047  	83.321573 
2955.642354  	83.315907 
2955.999661  	83.323608 
2956.356968  	83.447135 
2956.714275  	83.264269 
2957.071582  	82.973738 
2957.428888  	82.889178 
2957.786195  	82.842577 
2958.143502  	82.897934 
2958.500809  	82.982649 
2958.858116  	83.179531 
2959.215423  	83.343534 
2959.572730  	83.263800 
2959.930036  	83.301924 
2960.287343  	83.265642 
2960.644650  	83.032901 
2961.001957  	82.991936 
2961.359264  	82.977139 
2961.716571  	82.753392 
2962.073878  	82.584252 
2962.431184  	82.648253 
2962.788491  	82.631964 
2963.145798  	82.545183 
2963.503105  	82.558413 
2963.860412  	82.427809 
2964.217719  	82.404973 
2964.575026  	82.630198 
2964.932333  	82.695533 
2965.289639  	82.619526 
2965.646946  	82.471761 
2966.004253  	82.205474 
2966.361560  	82.083917 
2966.718867  	82.217654 
2967.076174  	82.283566 
2967.433481  	82.150638 
2967.790787  	81.959315 
2968.148094  	81.923599 
2968.505401  	82.151519 
2968.862708  	82.107320 
2969.220015  	81.869170 
2969.577322  	82.050993 
2969.934629  	82.249738 
2970.291935  	82.326411 
2970.649242  	82.344570 
2971.006549  	82.149460 
2971.363856  	82.108851 
2971.721163  	82.164265 
2972.078470  	82.178489 
2972.435777  	82.051992 
2972.793083  	81.693372 
2973.150390  	81.688716 
2973.507697  	81.887463 
2973.865004  	81.862158 
2974.222311  	81.887080 
2974.579618  	81.932302 
2974.936925  	81.933383 
2975.294231  	81.911495 
2975.651538  	81.915342 
2976.008845  	82.030536 
2976.366152  	81.932038 
2976.723459  	81.582989 
2977.080766  	81.397447 
2977.438073  	81.377730 
2977.795380  	81.385063 
2978.152686  	81.537617 
2978.509993  	81.623482 
2978.867300  	81.567911 
2979.224607  	81.692959 
2979.581914  	81.697054 
2979.939221  	81.508697 
2980.296528  	81.490269 
2980.653834  	81.444342 
2981.011141  	81.410293 
2981.368448  	81.427493 
2981.725755  	81.361016 
2982.083062  	81.435799 
2982.440369  	81.544589 
2982.797676  	81.571033 
2983.154982  	81.532020 
2983.512289  	81.410493 
2983.869596  	81.489759 
2984.226903  	81.574253 
2984.584210  	81.453529 
2984.941517  	81.456624 
2985.298824  	81.364543 
2985.656130  	81.125413 
2986.013437  	81.231102 
2986.370744  	81.411476 
2986.728051  	81.390380 
2987.085358  	81.497837 
2987.442665  	81.588584 
2987.799972  	81.542025 
2988.157278  	81.641661 
2988.514585  	81.759294 
2988.871892  	81.750930 
2989.229199  	81.716606 
2989.586506  	81.666482 
2989.943813  	81.656708 
2990.301120  	81.680834 
2990.658427  	81.716477 
2991.015733  	81.772731 
2991.373040  	81.788686 
2991.730347  	81.773882 
2992.087654  	81.711006 
2992.444961  	81.659925 
2992.802268  	81.654938 
2993.159575  	81.537905 
2993.516881  	81.450723 
2993.874188  	81.583702 
2994.231495  	81.731211 
2994.588802  	81.751142 
2994.946109  	81.827900 
2995.303416  	81.946047 
2995.660723  	81.785760 
2996.018029  	81.594272 
2996.375336  	81.700951 
2996.732643  	81.830770 
2997.089950  	81.880688 
2997.447257  	81.817640 
2997.804564  	81.711210 
2998.161871  	81.753094 
2998.519177  	81.820875 
2998.876484  	81.933509 
2999.233791  	81.906454 
2999.591098  	81.738948 
2999.948405  	81.762121 
3000.305712  	81.745379 
3000.663019  	81.833197 
3001.020325  	82.015878 
3001.377632  	81.997444 
3001.734939  	82.117956 
3002.092246  	82.100240 
3002.449553  	81.879706 
3002.806860  	81.811942 
3003.164167  	81.722031 
3003.521473  	81.841149 
3003.878780  	82.031240 
3004.236087  	82.010260 
3004.593394  	82.019089 
3004.950701  	82.060295 
3005.308008  	82.140580 
3005.665315  	82.067791 
3006.022622  	81.986927 
3006.379928  	82.015741 
3006.737235  	81.753499 
3007.094542  	81.602910 
3007.451849  	81.684177 
3007.809156  	81.717497 
3008.166463  	81.774936 
3008.523770  	81.693049 
3008.881076  	81.753876 
3009.238383  	81.948648 
3009.595690  	82.022664 
3009.952997  	82.214879 
3010.310304  	82.204780 
3010.667611  	81.921661 
3011.024918  	81.850356 
3011.382224  	82.111367 
3011.739531  	82.346059 
3012.096838  	82.176479 
3012.454145  	81.964977 
3012.811452  	81.839516 
3013.168759  	81.673250 
3013.526066  	81.714363 
3013.883372  	81.763756 
3014.240679  	81.687653 
3014.597986  	81.726146 
3014.955293  	81.928983 
3015.312600  	82.018172 
3015.669907  	81.970615 
3016.027214  	82.103221 
3016.384520  	82.022302 
3016.741827  	81.726948 
3017.099134  	81.648911 
3017.456441  	81.455202 
3017.813748  	81.319016 
3018.171055  	81.441248 
3018.528362  	81.499594 
3018.885669  	81.442610 
3019.242975  	81.277789 
3019.600282  	81.276171 
3019.957589  	81.370808 
3020.314896  	81.284191 
3020.672203  	81.211460 
3021.029510  	81.135317 
3021.386817  	81.117691 
3021.744123  	81.231891 
3022.101430  	81.355438 
3022.458737  	81.446146 
3022.816044  	81.474851 
3023.173351  	81.604858 
3023.530658  	81.534101 
3023.887965  	81.187551 
3024.245271  	81.269284 
3024.602578  	81.580706 
3024.959885  	81.667069 
3025.317192  	81.670125 
3025.674499  	81.589066 
3026.031806  	81.538289 
3026.389113  	81.593319 
3026.746419  	81.668907 
3027.103726  	81.688764 
3027.461033  	81.469709 
3027.818340  	81.278223 
3028.175647  	81.375796 
3028.532954  	81.362357 
3028.890261  	81.198783 
3029.247567  	81.165788 
3029.604874  	81.166967 
3029.962181  	81.247538 
3030.319488  	81.346440 
3030.676795  	81.181790 
3031.034102  	80.872101 
3031.391409  	80.697770 
3031.748716  	80.732947 
3032.106022  	80.783348 
3032.463329  	80.881037 
3032.820636  	80.961467 
3033.177943  	80.681256 
3033.535250  	80.624751 
3033.892557  	80.869265 
3034.249864  	80.661291 
3034.607170  	80.479267 
3034.964477  	80.595418 
3035.321784  	80.673998 
3035.679091  	80.798658 
3036.036398  	80.703709 
3036.393705  	80.401877 
3036.751012  	80.225296 
3037.108318  	80.107296 
3037.465625  	80.010733 
3037.822932  	79.950328 
3038.180239  	79.889852 
3038.537546  	79.740989 
3038.894853  	79.557053 
3039.252160  	79.420096 
3039.609466  	79.218975 
3039.966773  	79.103555 
3040.324080  	79.070421 
3040.681387  	78.845858 
3041.038694  	78.587384 
3041.396001  	78.458419 
3041.753308  	78.337342 
3042.110614  	78.144732 
3042.467921  	78.006199 
3042.825228  	78.047822 
3043.182535  	78.010975 
3043.539842  	77.891433 
3043.897149  	77.899073 
3044.254456  	77.833801 
3044.611763  	77.868438 
3044.969069  	78.092956 
3045.326376  	78.141281 
3045.683683  	78.160527 
3046.040990  	78.284908 
3046.398297  	78.527641 
3046.755604  	78.815516 
3047.112911  	78.855355 
3047.470217  	78.871699 
3047.827524  	78.860916 
3048.184831  	78.714985 
3048.542138  	78.626941 
3048.899445  	78.376915 
3049.256752  	78.074967 
3049.614059  	77.887960 
3049.971365  	77.698849 
3050.328672  	77.413001 
3050.685979  	76.863665 
3051.043286  	76.453903 
3051.400593  	76.111960 
3051.757900  	75.445607 
3052.115207  	74.877062 
3052.472513  	74.519300 
3052.829820  	74.325058 
3053.187127  	74.229722 
3053.544434  	74.353424 
3053.901741  	74.988833 
3054.259048  	75.513833 
3054.616355  	75.807159 
3054.973661  	76.229226 
3055.330968  	76.591584 
3055.688275  	77.123974 
3056.045582  	77.801046 
3056.402889  	78.243635 
3056.760196  	78.487176 
3057.117503  	78.694271 
3057.474810  	79.021725 
3057.832116  	79.399467 
3058.189423  	79.737778 
3058.546730  	80.019773 
3058.904037  	80.238771 
3059.261344  	80.332882 
3059.618651  	80.185461 
3059.975958  	80.045179 
3060.333264  	79.903639 
3060.690571  	79.693327 
3061.047878  	79.768252 
3061.405185  	80.111348 
3061.762492  	80.524590 
3062.119799  	80.716651 
3062.477106  	80.593716 
3062.834412  	80.587700 
3063.191719  	80.627411 
3063.549026  	80.539671 
3063.906333  	80.629425 
3064.263640  	80.894083 
3064.620947  	80.970650 
3064.978254  	80.691189 
3065.335560  	80.484796 
3065.692867  	80.711318 
3066.050174  	80.975940 
3066.407481  	80.991398 
3066.764788  	80.958851 
3067.122095  	80.932660 
3067.479402  	80.876526 
3067.836708  	80.826821 
3068.194015  	80.785098 
3068.551322  	80.650276 
3068.908629  	80.356225 
3069.265936  	80.282398 
3069.623243  	80.445058 
3069.980550  	80.388223 
3070.337857  	80.530898 
3070.695163  	80.885520 
3071.052470  	80.721086 
3071.409777  	80.476733 
3071.767084  	80.545395 
3072.124391  	80.559878 
3072.481698  	80.506649 
3072.839005  	80.492027 
3073.196311  	80.547532 
3073.553618  	80.488622 
3073.910925  	80.278063 
3074.268232  	80.243311 
3074.625539  	80.303389 
3074.982846  	80.320729 
3075.340153  	80.260737 
3075.697459  	80.121693 
3076.054766  	80.156656 
3076.412073  	80.214912 
3076.769380  	80.121241 
3077.126687  	80.028709 
3077.483994  	80.018512 
3077.841301  	80.210712 
3078.198607  	80.391127 
3078.555914  	80.480196 
3078.913221  	80.579722 
3079.270528  	80.399066 
3079.627835  	80.179560 
3079.985142  	80.090940 
3080.342449  	79.894820 
3080.699755  	79.782321 
3081.057062  	79.775082 
3081.414369  	79.897162 
3081.771676  	79.989529 
3082.128983  	79.923332 
3082.486290  	80.136571 
3082.843597  	80.215332 
3083.200904  	79.953529 
3083.558210  	80.007081 
3083.915517  	80.145818 
3084.272824  	80.130278 
3084.630131  	80.160921 
3084.987438  	80.146813 
3085.344745  	80.021617 
3085.702052  	79.831436 
3086.059358  	79.667427 
3086.416665  	79.657506 
3086.773972  	79.923997 
3087.131279  	80.148858 
3087.488586  	79.968785 
3087.845893  	79.727185 
3088.203200  	79.758754 
3088.560506  	79.950796 
3088.917813  	79.910885 
3089.275120  	79.699526 
3089.632427  	79.726300 
3089.989734  	79.783054 
3090.347041  	79.902479 
3090.704348  	80.095204 
3091.061654  	79.938906 
3091.418961  	79.740237 
3091.776268  	79.694612 
3092.133575  	79.593842 
3092.490882  	79.578257 
3092.848189  	79.677462 
3093.205496  	79.800559 
3093.562802  	79.869223 
3093.920109  	79.832124 
3094.277416  	79.801591 
3094.634723  	79.741856 
3094.992030  	79.514515 
3095.349337  	79.332873 
3095.706644  	79.369762 
3096.063950  	79.394374 
3096.421257  	79.337648 
3096.778564  	79.362504 
3097.135871  	79.574635 
3097.493178  	79.755776 
3097.850485  	79.588513 
3098.207792  	79.322585 
3098.565099  	79.271667 
3098.922405  	79.395562 
3099.279712  	79.397906 
3099.637019  	79.151321 
3099.994326  	79.012077 
3100.351633  	79.020480 
3100.708940  	79.039712 
3101.066247  	79.005873 
3101.423553  	79.017176 
3101.780860  	79.244271 
3102.138167  	79.223442 
3102.495474  	79.121550 
3102.852781  	79.235949 
3103.210088  	79.129534 
3103.567395  	79.092617 
3103.924701  	79.089952 
3104.282008  	78.861451 
3104.639315  	78.850609 
3104.996622  	79.124027 
3105.353929  	79.374481 
3105.711236  	79.188504 
3106.068543  	78.914843 
3106.425849  	79.056690 
3106.783156  	79.215882 
3107.140463  	79.293449 
3107.497770  	79.325769 
3107.855077  	79.435863 
3108.212384  	79.595596 
3108.569691  	79.438983 
3108.926997  	79.365948 
3109.284304  	79.374529 
3109.641611  	79.175785 
3109.998918  	79.154838 
3110.356225  	79.353765 
3110.713532  	79.589339 
3111.070839  	79.626779 
3111.428146  	79.402818 
3111.785452  	79.248999 
3112.142759  	79.199182 
3112.500066  	79.074495 
3112.857373  	79.025342 
3113.214680  	79.177497 
3113.571987  	79.127684 
3113.929294  	78.833907 
3114.286600  	78.743593 
3114.643907  	78.917459 
3115.001214  	78.995617 
3115.358521  	78.742098 
3115.715828  	78.703186 
3116.073135  	78.753063 
3116.430442  	78.421429 
3116.787748  	78.573411 
3117.145055  	79.006992 
3117.502362  	78.900579 
3117.859669  	78.633980 
3118.216976  	78.483600 
3118.574283  	78.502194 
3118.931590  	78.469454 
3119.288896  	78.401155 
3119.646203  	78.476471 
3120.003510  	78.321240 
3120.360817  	78.228243 
3120.718124  	78.402398 
3121.075431  	78.445305 
3121.432738  	78.356959 
3121.790044  	78.182991 
3122.147351  	78.049398 
3122.504658  	78.001984 
3122.861965  	77.917198 
3123.219272  	77.902987 
3123.576579  	77.980944 
3123.933886  	78.041346 
3124.291193  	77.989177 
3124.648499  	77.824335 
3125.005806  	77.696213 
3125.363113  	77.678081 
3125.720420  	77.687844 
3126.077727  	77.800806 
3126.435034  	77.996286 
3126.792341  	78.019664 
3127.149647  	77.962748 
3127.506954  	77.866081 
3127.864261  	77.734574 
3128.221568  	77.664129 
3128.578875  	77.656122 
3128.936182  	77.781183 
3129.293489  	77.505901 
3129.650795  	77.135060 
3130.008102  	77.438342 
3130.365409  	77.469452 
3130.722716  	77.291665 
3131.080023  	77.529286 
3131.437330  	77.551007 
3131.794637  	77.495391 
3132.151943  	77.428152 
3132.509250  	77.261937 
3132.866557  	77.176795 
3133.223864  	76.877676 
3133.581171  	76.836671 
3133.938478  	77.143226 
3134.295785  	77.086708 
3134.653091  	77.016434 
3135.010398  	77.189425 
3135.367705  	77.097598 
3135.725012  	76.946195 
3136.082319  	77.235945 
3136.439626  	77.450254 
3136.796933  	77.131541 
3137.154240  	76.769134 
3137.511546  	76.720175 
3137.868853  	76.812947 
3138.226160  	76.934305 
3138.583467  	77.154855 
3138.940774  	77.048012 
3139.298081  	76.583262 
3139.655388  	76.580164 
3140.012694  	76.908498 
3140.370001  	77.062842 
3140.727308  	76.975604 
3141.084615  	76.625271 
3141.441922  	76.508533 
3141.799229  	76.749831 
3142.156536  	76.872513 
3142.513842  	76.806987 
3142.871149  	76.723506 
3143.228456  	76.644672 
3143.585763  	76.600525 
3143.943070  	76.739902 
3144.300377  	76.805474 
3144.657684  	76.649575 
3145.014990  	76.625842 
3145.372297  	76.698000 
3145.729604  	76.797083 
3146.086911  	76.897275 
3146.444218  	76.795305 
3146.801525  	76.709834 
3147.158832  	76.899464 
3147.516138  	77.010705 
3147.873445  	76.659123 
3148.230752  	76.391258 
3148.588059  	76.459429 
3148.945366  	76.272284 
3149.302673  	76.069206 
3149.659980  	76.153316 
3150.017287  	76.213602 
3150.374593  	76.279688 
3150.731900  	76.342914 
3151.089207  	76.191291 
3151.446514  	75.924863 
3151.803821  	75.868285 
3152.161128  	75.886453 
3152.518435  	75.879174 
3152.875741  	76.055501 
3153.233048  	75.992769 
3153.590355  	75.820272 
3153.947662  	75.992585 
3154.304969  	76.011229 
3154.662276  	75.964800 
3155.019583  	76.049359 
3155.376889  	75.866163 
3155.734196  	75.679061 
3156.091503  	75.743579 
3156.448810  	75.760186 
3156.806117  	75.499939 
3157.163424  	75.182449 
3157.520731  	75.272018 
3157.878037  	75.609346 
3158.235344  	75.657291 
3158.592651  	75.525386 
3158.949958  	75.451770 
3159.307265  	75.246383 
3159.664572  	75.256800 
3160.021879  	75.724893 
3160.379185  	75.823666 
3160.736492  	75.402698 
3161.093799  	75.088266 
3161.451106  	74.945688 
3161.808413  	74.909575 
3162.165720  	75.007484 
3162.523027  	75.238561 
3162.880334  	75.425716 
3163.237640  	75.265726 
3163.594947  	75.019436 
3163.952254  	75.078426 
3164.309561  	75.118527 
3164.666868  	74.925162 
3165.024175  	74.833160 
3165.381482  	74.732392 
3165.738788  	74.592802 
3166.096095  	74.605157 
3166.453402  	74.516838 
3166.810709  	74.641171 
3167.168016  	74.870948 
3167.525323  	74.644283 
3167.882630  	74.621528 
3168.239936  	74.682322 
3168.597243  	74.416528 
3168.954550  	74.549950 
3169.311857  	74.832855 
3169.669164  	74.727946 
3170.026471  	74.495955 
3170.383778  	74.300965 
3170.741084  	74.141869 
3171.098391  	74.068835 
3171.455698  	74.306061 
3171.813005  	74.698353 
3172.170312  	74.835547 
3172.527619  	74.668926 
3172.884926  	74.361169 
3173.242232  	74.202146 
3173.599539  	74.244675 
3173.956846  	74.276764 
3174.314153  	74.120631 
3174.671460  	74.038229 
3175.028767  	74.190412 
3175.386074  	74.055920 
3175.743380  	73.957134 
3176.100687  	74.159238 
3176.457994  	74.026218 
3176.815301  	73.831660 
3177.172608  	73.757958 
3177.529915  	73.626742 
3177.887222  	73.651037 
3178.244529  	73.638717 
3178.601835  	73.636936 
3178.959142  	73.814840 
3179.316449  	73.937503 
3179.673756  	73.901093 
3180.031063  	73.790076 
3180.388370  	73.764826 
3180.745677  	73.749836 
3181.102983  	73.733296 
3181.460290  	73.752516 
3181.817597  	73.686005 
3182.174904  	73.662435 
3182.532211  	73.583280 
3182.889518  	73.364126 
3183.246825  	73.381497 
3183.604131  	73.500181 
3183.961438  	73.308551 
3184.318745  	73.170993 
3184.676052  	73.248567 
3185.033359  	73.132388 
3185.390666  	73.212768 
3185.747973  	73.509989 
3186.105279  	73.438023 
3186.462586  	73.281075 
3186.819893  	73.054693 
3187.177200  	72.890468 
3187.534507  	72.926594 
3187.891814  	72.741585 
3188.249121  	72.869495 
3188.606427  	73.143854 
3188.963734  	72.982104 
3189.321041  	72.835530 
3189.678348  	72.528522 
3190.035655  	72.398230 
3190.392962  	72.776371 
3190.750269  	72.911916 
3191.107576  	72.833632 
3191.464882  	72.758759 
3191.822189  	72.687121 
3192.179496  	72.574823 
3192.536803  	72.445740 
3192.894110  	72.653621 
3193.251417  	72.714209 
3193.608724  	72.378832 
3193.966030  	72.186410 
3194.323337  	72.211500 
3194.680644  	72.285332 
3195.037951  	72.156864 
3195.395258  	72.062488 
3195.752565  	72.225526 
3196.109872  	72.234722 
3196.467178  	72.058200 
3196.824485  	71.930805 
3197.181792  	72.066262 
3197.539099  	72.245209 
3197.896406  	72.052923 
3198.253713  	71.875178 
3198.611020  	71.942970 
3198.968326  	71.989721 
3199.325633  	71.924197 
3199.682940  	71.833544 
3200.040247  	71.738227 
3200.397554  	71.620656 
3200.754861  	71.701497 
3201.112168  	71.886040 
3201.469474  	72.012685 
3201.826781  	71.991160 
3202.184088  	71.700314 
3202.541395  	71.606807 
3202.898702  	71.617979 
3203.256009  	71.472290 
3203.613316  	71.464258 
3203.970623  	71.466389 
3204.327929  	71.556311 
3204.685236  	71.527959 
3205.042543  	71.363664 
3205.399850  	71.608314 
3205.757157  	71.665852 
3206.114464  	71.502913 
3206.471771  	71.527903 
3206.829077  	71.294514 
3207.186384  	71.128671 
3207.543691  	71.253824 
3207.900998  	71.306004 
3208.258305  	71.262274 
3208.615612  	71.178488 
3208.972919  	71.082075 
3209.330225  	70.967198 
3209.687532  	70.960867 
3210.044839  	70.917382 
3210.402146  	70.715439 
3210.759453  	70.687325 
3211.116760  	70.754903 
3211.474067  	70.711563 
3211.831373  	70.500904 
3212.188680  	70.423400 
3212.545987  	70.783101 
3212.903294  	70.871293 
3213.260601  	70.568338 
3213.617908  	70.677349 
3213.975215  	70.800312 
3214.332521  	70.346562 
3214.689828  	70.015034 
3215.047135  	70.032463 
3215.404442  	69.959246 
3215.761749  	70.011581 
3216.119056  	70.071159 
3216.476363  	69.911652 
3216.833670  	69.884994 
3217.190976  	69.879291 
3217.548283  	69.781746 
3217.905590  	69.735316 
3218.262897  	69.754926 
3218.620204  	69.734900 
3218.977511  	69.601408 
3219.334818  	69.693860 
3219.692124  	69.793396 
3220.049431  	69.640609 
3220.406738  	69.628903 
3220.764045  	69.527250 
3221.121352  	69.279025 
3221.478659  	69.224017 
3221.835966  	69.346557 
3222.193272  	69.512486 
3222.550579  	69.435031 
3222.907886  	69.348171 
3223.265193  	69.471919 
3223.622500  	69.445394 
3223.979807  	69.216826 
3224.337114  	68.895370 
3224.694420  	68.737654 
3225.051727  	68.819098 
3225.409034  	68.812720 
3225.766341  	68.850516 
3226.123648  	69.104031 
3226.480955  	69.235136 
3226.838262  	68.957013 
3227.195568  	68.716858 
3227.552875  	68.965598 
3227.910182  	69.037432 
3228.267489  	68.743304 
3228.624796  	68.673829 
3228.982103  	68.568420 
3229.339410  	68.330915 
3229.696717  	68.280998 
3230.054023  	68.339680 
3230.411330  	68.403279 
3230.768637  	68.228749 
3231.125944  	67.999584 
3231.483251  	68.075906 
3231.840558  	68.118531 
3232.197865  	68.158534 
3232.555171  	68.252736 
3232.912478  	68.073916 
3233.269785  	67.952550 
3233.627092  	68.154180 
3233.984399  	68.273182 
3234.341706  	68.036473 
3234.699013  	67.829251 
3235.056319  	67.977653 
3235.413626  	68.011150 
3235.770933  	67.633132 
3236.128240  	67.398478 
3236.485547  	67.667236 
3236.842854  	67.779312 
3237.200161  	67.464116 
3237.557467  	67.429670 
3237.914774  	67.605584 
3238.272081  	67.538028 
3238.629388  	67.390390 
3238.986695  	67.391248 
3239.344002  	67.395715 
3239.701309  	67.074319 
3240.058615  	66.867132 
3240.415922  	67.017177 
3240.773229  	66.951252 
3241.130536  	66.883988 
3241.487843  	67.015219 
3241.845150  	66.867556 
3242.202457  	66.565445 
3242.559764  	66.556800 
3242.917070  	66.765602 
3243.274377  	66.920372 
3243.631684  	66.863810 
3243.988991  	66.520079 
3244.346298  	66.224690 
3244.703605  	66.167731 
3245.060912  	66.197494 
3245.418218  	66.267543 
3245.775525  	66.274262 
3246.132832  	66.396375 
3246.490139  	66.454960 
3246.847446  	66.287653 
3247.204753  	66.280276 
3247.562060  	66.091771 
3247.919366  	65.839614 
3248.276673  	65.851755 
3248.633980  	65.853121 
3248.991287  	66.087837 
3249.348594  	66.104975 
3249.705901  	65.737500 
3250.063208  	65.691016 
3250.420514  	65.736134 
3250.777821  	65.748625 
3251.135128  	65.728835 
3251.492435  	65.554112 
3251.849742  	65.441481 
3252.207049  	65.464097 
3252.564356  	65.676501 
3252.921662  	65.636488 
3253.278969  	65.194086 
3253.636276  	65.153846 
3253.993583  	65.412899 
3254.350890  	65.208082 
3254.708197  	64.909145 
3255.065504  	65.071770 
3255.422810  	65.216406 
3255.780117  	65.127498 
3256.137424  	65.116237 
3256.494731  	65.189156 
3256.852038  	65.239239 
3257.209345  	65.079643 
3257.566652  	64.909694 
3257.923959  	64.837335 
3258.281265  	64.537349 
3258.638572  	64.348206 
3258.995879  	64.354986 
3259.353186  	64.273744 
3259.710493  	64.311111 
3260.067800  	64.342513 
3260.425107  	64.348787 
3260.782413  	64.484159 
3261.139720  	64.312638 
3261.497027  	63.937531 
3261.854334  	63.827123 
3262.211641  	63.718523 
3262.568948  	63.660894 
3262.926255  	63.820767 
3263.283561  	63.706663 
3263.640868  	63.460604 
3263.998175  	63.494175 
3264.355482  	63.580444 
3264.712789  	63.548265 
3265.070096  	63.401119 
3265.427403  	63.220282 
3265.784709  	63.177497 
3266.142016  	63.332723 
3266.499323  	63.358609 
3266.856630  	63.165637 
3267.213937  	63.144232 
3267.571244  	63.077958 
3267.928551  	62.905672 
3268.285857  	62.933190 
3268.643164  	62.963478 
3269.000471  	62.828674 
3269.357778  	62.529289 
3269.715085  	62.444542 
3270.072392  	62.579624 
3270.429699  	62.495244 
3270.787006  	62.436630 
3271.144312  	62.243057 
3271.501619  	61.945871 
3271.858926  	62.000230 
3272.216233  	61.974410 
3272.573540  	61.913952 
3272.930847  	62.173283 
3273.288154  	62.366552 
3273.645460  	62.239269 
3274.002767  	62.068969 
3274.360074  	62.017497 
3274.717381  	61.835260 
3275.074688  	61.747335 
3275.431995  	61.816405 
3275.789302  	61.604323 
3276.146608  	61.462840 
3276.503915  	61.511839 
3276.861222  	61.415346 
3277.218529  	61.607883 
3277.575836  	61.979665 
3277.933143  	61.829508 
3278.290450  	61.425401 
3278.647756  	61.106849 
3279.005063  	61.006203 
3279.362370  	61.346021 
3279.719677  	61.436354 
3280.076984  	61.098401 
3280.434291  	61.096663 
3280.791598  	61.149428 
3281.148904  	60.897851 
3281.506211  	60.736105 
3281.863518  	60.796535 
3282.220825  	60.863421 
3282.578132  	60.862999 
3282.935439  	60.736931 
3283.292746  	60.443095 
3283.650053  	60.386477 
3284.007359  	60.409089 
3284.364666  	60.219560 
3284.721973  	60.130763 
3285.079280  	60.016443 
3285.436587  	60.086576 
3285.793894  	60.170254 
3286.151201  	59.863697 
3286.508507  	59.896990 
3286.865814  	60.055973 
3287.223121  	60.018888 
3287.580428  	60.137240 
3287.937735  	60.111574 
3288.295042  	60.000226 
3288.652349  	59.787859 
3289.009655  	59.529922 
3289.366962  	59.617591 
3289.724269  	59.741797 
3290.081576  	59.762272 
3290.438883  	59.787321 
3290.796190  	59.781076 
3291.153497  	59.714429 
3291.510803  	59.539661 
3291.868110  	59.304798 
3292.225417  	59.044562 
3292.582724  	59.005863 
3292.940031  	59.162584 
3293.297338  	59.239941 
3293.654645  	59.288896 
3294.011951  	59.151926 
3294.369258  	58.745205 
3294.726565  	58.466176 
3295.083872  	58.612102 
3295.441179  	58.822585 
3295.798486  	58.735969 
3296.155793  	58.719228 
3296.513100  	58.896650 
3296.870406  	58.952689 
3297.227713  	58.862748 
3297.585020  	58.727328 
3297.942327  	58.573078 
3298.299634  	58.536934 
3298.656941  	58.513212 
3299.014248  	58.254975 
3299.371554  	58.211396 
3299.728861  	58.319985 
3300.086168  	58.160500 
3300.443475  	58.215457 
3300.800782  	58.252946 
3301.158089  	58.076894 
3301.515396  	58.035614 
3301.872702  	57.952954 
3302.230009  	58.098569 
3302.587316  	58.164611 
3302.944623  	57.811601 
3303.301930  	57.718606 
3303.659237  	57.728400 
3304.016544  	57.637222 
3304.373850  	57.606988 
3304.731157  	57.495174 
3305.088464  	57.422388 
3305.445771  	57.309247 
3305.803078  	57.146980 
3306.160385  	57.236491 
3306.517692  	57.440729 
3306.874998  	57.450893 
3307.232305  	57.350113 
3307.589612  	57.208599 
3307.946919  	56.957809 
3308.304226  	56.911442 
3308.661533  	57.077078 
3309.018840  	57.019121 
3309.376147  	56.752622 
3309.733453  	56.704725 
3310.090760  	57.048921 
3310.448067  	57.171052 
3310.805374  	56.997067 
3311.162681  	57.208354 
3311.519988  	57.454972 
3311.877295  	57.286502 
3312.234601  	57.066922 
3312.591908  	57.076424 
3312.949215  	57.228475 
3313.306522  	57.212904 
3313.663829  	56.991253 
3314.021136  	56.815379 
3314.378443  	56.828545 
3314.735749  	56.982076 
3315.093056  	57.197825 
3315.450363  	57.381714 
3315.807670  	57.284593 
3316.164977  	56.987661 
3316.522284  	56.777451 
3316.879591  	56.725829 
3317.236897  	56.864172 
3317.594204  	57.044263 
3317.951511  	57.096997 
3318.308818  	57.049930 
3318.666125  	57.023906 
3319.023432  	57.141149 
3319.380739  	57.277837 
3319.738045  	57.263421 
3320.095352  	57.207408 
3320.452659  	57.373393 
3320.809966  	57.560284 
3321.167273  	57.400521 
3321.524580  	57.373445 
3321.881887  	57.670610 
3322.239194  	57.661490 
3322.596500  	57.481242 
3322.953807  	57.652655 
3323.311114  	57.883575 
3323.668421  	57.800200 
3324.025728  	57.701962 
3324.383035  	57.951841 
3324.740342  	58.257743 
3325.097648  	58.204225 
3325.454955  	58.052659 
3325.812262  	58.133283 
3326.169569  	58.394472 
3326.526876  	58.639512 
3326.884183  	58.619203 
3327.241490  	58.539428 
3327.598796  	58.611164 
3327.956103  	58.718916 
3328.313410  	58.883947 
3328.670717  	58.742961 
3329.028024  	58.449924 
3329.385331  	58.706377 
3329.742638  	59.005321 
3330.099944  	59.021408 
3330.457251  	59.242789 
3330.814558  	59.472063 
3331.171865  	59.473039 
3331.529172  	59.501593 
3331.886479  	59.564003 
3332.243786  	59.566243 
3332.601092  	59.680676 
3332.958399  	59.666743 
3333.315706  	59.473857 
3333.673013  	59.724449 
3334.030320  	60.122635 
3334.387627  	60.295923 
3334.744934  	60.555005 
3335.102240  	60.713297 
3335.459547  	60.770035 
3335.816854  	60.721204 
3336.174161  	60.465812 
3336.531468  	60.514906 
3336.888775  	60.878204 
3337.246082  	61.025245 
3337.603389  	60.917785 
3337.960695  	61.005641 
3338.318002  	61.261645 
3338.675309  	61.307913 
3339.032616  	61.430324 
3339.389923  	61.584006 
3339.747230  	61.515620 
3340.104537  	61.716469 
3340.461843  	62.140285 
3340.819150  	62.259391 
3341.176457  	62.171584 
3341.533764  	62.224850 
3341.891071  	62.357106 
3342.248378  	62.459417 
3342.605685  	62.679965 
3342.962991  	62.924503 
3343.320298  	63.188219 
3343.677605  	63.425014 
3344.034912  	63.428274 
3344.392219  	63.370724 
3344.749526  	63.322279 
3345.106833  	63.551836 
3345.464139  	64.012008 
3345.821446  	64.042714 
3346.178753  	64.058037 
3346.536060  	64.342612 
3346.893367  	64.426109 
3347.250674  	64.390131 
3347.607981  	64.223789 
3347.965287  	64.190858 
3348.322594  	64.615857 
3348.679901  	64.946605 
3349.037208  	64.971471 
3349.394515  	64.994097 
3349.751822  	65.080231 
3350.109129  	65.211773 
3350.466436  	65.381951 
3350.823742  	65.472926 
3351.181049  	65.428704 
3351.538356  	65.558439 
3351.895663  	65.926714 
3352.252970  	66.120370 
3352.610277  	66.094608 
3352.967584  	66.101697 
3353.324890  	66.206630 
3353.682197  	66.396397 
3354.039504  	66.467059 
3354.396811  	66.322400 
3354.754118  	66.433743 
3355.111425  	66.775980 
3355.468732  	66.868066 
3355.826038  	66.898907 
3356.183345  	66.838448 
3356.540652  	66.596549 
3356.897959  	66.576484 
3357.255266  	66.747968 
3357.612573  	67.045618 
3357.969880  	67.293842 
3358.327186  	67.299914 
3358.684493  	67.337107 
3359.041800  	67.286504 
3359.399107  	67.307058 
3359.756414  	67.611345 
3360.113721  	67.656081 
3360.471028  	67.538980 
3360.828334  	67.600717 
3361.185641  	67.770075 
3361.542948  	67.913045 
3361.900255  	67.776538 
3362.257562  	67.758919 
3362.614869  	68.028704 
3362.972176  	68.045165 
3363.329483  	68.064436 
3363.686789  	68.166173 
3364.044096  	67.917147 
3364.401403  	67.687067 
3364.758710  	67.653092 
3365.116017  	67.687392 
3365.473324  	67.981840 
3365.830631  	68.147137 
3366.187937  	67.986221 
3366.545244  	67.971554 
3366.902551  	68.169486 
3367.259858  	68.330075 
3367.617165  	68.249541 
3367.974472  	68.191668 
3368.331779  	68.263837 
3368.689085  	68.157895 
3369.046392  	68.207722 
3369.403699  	68.296988 
3369.761006  	68.135777 
3370.118313  	68.149950 
3370.475620  	68.149420 
3370.832927  	68.037763 
3371.190233  	68.043620 
3371.547540  	68.143320 
3371.904847  	68.381291 
3372.262154  	68.289557 
3372.619461  	68.071701 
3372.976768  	68.456987 
3373.334075  	68.672589 
3373.691381  	68.297500 
3374.048688  	68.329713 
3374.405995  	68.658307 
3374.763302  	68.551278 
3375.120609  	68.609215 
3375.477916  	68.828804 
3375.835223  	68.487932 
3376.192530  	68.267807 
3376.549836  	68.406761 
3376.907143  	68.319163 
3377.264450  	68.234544 
3377.621757  	68.267097 
3377.979064  	68.209500 
3378.336371  	68.142747 
3378.693678  	68.213413 
3379.050984  	68.174768 
3379.408291  	67.823872 
3379.765598  	67.699769 
3380.122905  	68.041981 
3380.480212  	68.306117 
3380.837519  	68.116035 
3381.194826  	67.893135 
3381.552132  	67.973400 
3381.909439  	67.976338 
3382.266746  	67.984683 
3382.624053  	68.072758 
3382.981360  	68.129894 
3383.338667  	68.366280 
3383.695974  	68.184908 
3384.053280  	67.694285 
3384.410587  	67.849851 
3384.767894  	68.075199 
3385.125201  	67.847474 
3385.482508  	67.746680 
3385.839815  	67.799725 
3386.197122  	67.769510 
3386.554428  	67.923788 
3386.911735  	68.049361 
3387.269042  	67.857469 
3387.626349  	67.883342 
3387.983656  	67.952534 
3388.340963  	67.730466 
3388.698270  	67.638686 
3389.055577  	67.780253 
3389.412883  	68.213221 
3389.770190  	68.407675 
3390.127497  	68.139250 
3390.484804  	68.215678 
3390.842111  	68.208469 
3391.199418  	67.872982 
3391.556725  	67.762655 
3391.914031  	67.673216 
3392.271338  	67.760485 
3392.628645  	67.892583 
3392.985952  	67.708394 
3393.343259  	67.700019 
3393.700566  	67.786247 
3394.057873  	67.825563 
3394.415179  	68.080633 
3394.772486  	68.257285 
3395.129793  	68.164823 
3395.487100  	68.023555 
3395.844407  	68.145451 
3396.201714  	68.539407 
3396.559021  	68.598571 
3396.916327  	68.227614 
3397.273634  	68.038788 
3397.630941  	68.133614 
3397.988248  	68.223868 
3398.345555  	68.275932 
3398.702862  	68.431683 
3399.060169  	68.539578 
3399.417475  	68.434049 
3399.774782  	68.445298 
3400.132089  	68.490962 
3400.489396  	68.332733 
3400.846703  	68.234390 
3401.204010  	68.236561 
3401.561317  	68.335507 
3401.918624  	68.320508 
3402.275930  	68.202074 
3402.633237  	68.472478 
3402.990544  	68.694085 
3403.347851  	68.567282 
3403.705158  	68.362325 
3404.062465  	68.065532 
3404.419772  	68.108932 
3404.777078  	68.420815 
3405.134385  	68.408510 
3405.491692  	68.190054 
3405.848999  	68.117356 
3406.206306  	68.212843 
3406.563613  	68.154751 
3406.920920  	67.977464 
3407.278226  	67.669977 
3407.635533  	67.247479 
3407.992840  	67.294000 
3408.350147  	67.457428 
3408.707454  	67.349751 
3409.064761  	67.395090 
3409.422068  	67.392801 
3409.779374  	67.168631 
3410.136681  	67.062355 
3410.493988  	67.144973 
3410.851295  	66.914454 
3411.208602  	66.390250 
3411.565909  	66.326438 
3411.923216  	66.525161 
3412.280522  	66.485961 
3412.637829  	66.188152 
3412.995136  	65.801612 
3413.352443  	65.547472 
3413.709750  	65.267434 
3414.067057  	65.215550 
3414.424364  	65.315518 
3414.781671  	65.169265 
3415.138977  	65.223810 
3415.496284  	65.225017 
3415.853591  	64.918484 
3416.210898  	64.838882 
3416.568205  	64.924510 
3416.925512  	64.808801 
3417.282819  	64.417250 
3417.640125  	64.149941 
3417.997432  	63.938809 
3418.354739  	63.451568 
3418.712046  	63.091184 
3419.069353  	62.939408 
3419.426660  	62.856064 
3419.783967  	62.636075 
3420.141273  	62.220385 
3420.498580  	62.068885 
3420.855887  	62.044861 
3421.213194  	61.943774 
3421.570501  	61.798282 
3421.927808  	61.593728 
3422.285115  	61.334317 
3422.642421  	60.846726 
3422.999728  	60.479284 
3423.357035  	60.290062 
3423.714342  	60.064219 
3424.071649  	59.843616 
3424.428956  	59.299472 
3424.786263  	58.839471 
3425.143569  	58.759266 
3425.500876  	58.672178 
3425.858183  	58.592772 
3426.215490  	58.266652 
3426.572797  	57.888403 
3426.930104  	57.740683 
3427.287411  	57.519464 
3427.644717  	57.423648 
3428.002024  	57.159812 
3428.359331  	56.384840 
3428.716638  	55.704944 
3429.073945  	55.496699 
3429.431252  	55.537255 
3429.788559  	55.324580 
3430.145866  	54.857731 
3430.503172  	54.480202 
3430.860479  	54.177687 
3431.217786  	54.039289 
3431.575093  	53.967982 
3431.932400  	53.607795 
3432.289707  	53.067752 
3432.647014  	52.719326 
3433.004320  	52.540448 
3433.361627  	52.191131 
3433.718934  	51.908337 
3434.076241  	51.954896 
3434.433548  	51.754666 
3434.790855  	51.188201 
3435.148162  	50.723404 
3435.505468  	50.279117 
3435.862775  	49.934874 
3436.220082  	49.805083 
3436.577389  	49.544525 
3436.934696  	49.368795 
3437.292003  	49.303058 
3437.649310  	49.060290 
3438.006616  	49.004388 
3438.363923  	48.886857 
3438.721230  	48.435589 
3439.078537  	48.262133 
3439.435844  	48.327754 
3439.793151  	48.206937 
3440.150458  	47.968431 
3440.507764  	47.922213 
3440.865071  	47.933002 
3441.222378  	47.708785 
3441.579685  	47.715873 
3441.936992  	47.820486 
3442.294299  	47.651312 
3442.651606  	47.773272 
3443.008913  	47.908639 
3443.366219  	47.776104 
3443.723526  	47.773852 
3444.080833  	47.804507 
3444.438140  	48.041727 
3444.795447  	48.249541 
3445.152754  	48.203203 
3445.510061  	48.555192 
3445.867367  	49.129564 
3446.224674  	49.433010 
3446.581981  	49.459226 
3446.939288  	49.517234 
3447.296595  	49.999154 
3447.653902  	50.514659 
3448.011209  	50.832006 
3448.368515  	51.033582 
3448.725822  	51.340829 
3449.083129  	51.904130 
3449.440436  	52.175067 
3449.797743  	52.514432 
3450.155050  	53.095307 
3450.512357  	53.430141 
3450.869663  	54.024714 
3451.226970  	54.719611 
3451.584277  	55.288504 
3451.941584  	55.980010 
3452.298891  	56.561666 
3452.656198  	57.206954 
3453.013505  	57.845904 
3453.370811  	58.345857 
3453.728118  	58.700260 
3454.085425  	59.096011 
3454.442732  	59.922300 
3454.800039  	60.446454 
3455.157346  	60.777483 
3455.514653  	61.562664 
3455.871960  	62.404224 
3456.229266  	63.257419 
3456.586573  	63.794122 
3456.943880  	64.301976 
3457.301187  	65.143056 
3457.658494  	65.615073 
3458.015801  	66.176180 
3458.373108  	66.913477 
3458.730414  	67.493722 
3459.087721  	68.179604 
3459.445028  	68.500023 
3459.802335  	68.927469 
3460.159642  	69.939825 
3460.516949  	70.664651 
3460.874256  	70.982062 
3461.231562  	71.458390 
3461.588869  	72.346572 
3461.946176  	73.137164 
3462.303483  	73.335229 
3462.660790  	73.457822 
3463.018097  	73.891426 
3463.375404  	74.463531 
3463.732710  	75.020334 
3464.090017  	75.576993 
3464.447324  	76.097006 
3464.804631  	76.502951 
3465.161938  	76.993577 
3465.519245  	77.602806 
3465.876552  	78.105523 
3466.233858  	78.438634 
3466.591165  	78.794765 
3466.948472  	79.310856 
3467.305779  	79.817767 
3467.663086  	80.299031 
3468.020393  	80.597411 
3468.377700  	80.623896 
3468.735007  	80.826335 
3469.092313  	81.017879 
3469.449620  	81.091239 
3469.806927  	81.519383 
3470.164234  	81.918637 
3470.521541  	82.147414 
3470.878848  	82.563376 
3471.236155  	82.942328 
3471.593461  	83.224541 
3471.950768  	83.399611 
3472.308075  	83.539302 
3472.665382  	83.918811 
3473.022689  	84.223280 
3473.379996  	84.353029 
3473.737303  	84.726491 
3474.094609  	85.049037 
3474.451916  	84.888444 
3474.809223  	84.798486 
3475.166530  	84.992895 
3475.523837  	85.002156 
3475.881144  	85.077571 
3476.238451  	85.439607 
3476.595757  	85.795035 
3476.953064  	85.816438 
3477.310371  	85.643751 
3477.667678  	86.020452 
3478.024985  	86.545280 
3478.382292  	86.555174 
3478.739599  	86.368118 
3479.096905  	86.105820 
3479.454212  	86.244767 
3479.811519  	86.862766 
3480.168826  	87.271565 
3480.526133  	87.278672 
3480.883440  	86.951515 
3481.240747  	86.887952 
3481.598054  	87.171340 
3481.955360  	87.277717 
3482.312667  	87.360741 
3482.669974  	87.376798 
3483.027281  	87.433699 
3483.384588  	87.645648 
3483.741895  	87.663434 
3484.099202  	87.656277 
3484.456508  	87.798532 
3484.813815  	87.908162 
3485.171122  	88.043473 
3485.528429  	88.351643 
3485.885736  	88.375594 
3486.243043  	88.067180 
3486.600350  	88.108246 
3486.957656  	88.254820 
3487.314963  	88.298957 
3487.672270  	88.342938 
3488.029577  	88.197544 
3488.386884  	88.195310 
3488.744191  	88.356119 
3489.101498  	88.551696 
3489.458804  	88.711672 
3489.816111  	88.678230 
3490.173418  	88.850191 
3490.530725  	89.115336 
3490.888032  	89.142634 
3491.245339  	89.014623 
3491.602646  	88.832956 
3491.959952  	88.952432 
3492.317259  	89.209209 
3492.674566  	89.298123 
3493.031873  	89.401382 
3493.389180  	89.486333 
3493.746487  	89.412551 
3494.103794  	89.303322 
3494.461101  	89.356086 
3494.818407  	89.419294 
3495.175714  	89.485933 
3495.533021  	89.701001 
3495.890328  	89.757266 
3496.247635  	89.694229 
3496.604942  	89.752347 
3496.962249  	89.774768 
3497.319555  	89.680904 
3497.676862  	89.544710 
3498.034169  	89.594992 
3498.391476  	89.951223 
3498.748783  	90.114405 
3499.106090  	89.811870 
3499.463397  	89.727199 
3499.820703  	89.912549 
3500.178010  	89.860946 
3500.535317  	89.944375 
3500.892624  	90.208539 
3501.249931  	90.357444 
3501.607238  	90.375276 
3501.964545  	90.179517 
3502.321851  	90.232775 
3502.679158  	90.377947 
3503.036465  	90.069333 
3503.393772  	89.988796 
3503.751079  	90.130079 
3504.108386  	89.966013 
3504.465693  	89.948306 
3504.822999  	90.018069 
3505.180306  	90.114329 
3505.537613  	90.551407 
3505.894920  	90.665507 
3506.252227  	90.371581 
3506.609534  	90.537956 
3506.966841  	90.862328 
3507.324147  	90.636895 
3507.681454  	90.306919 
3508.038761  	90.604567 
3508.396068  	91.020973 
3508.753375  	91.030739 
3509.110682  	91.203594 
3509.467989  	91.278574 
3509.825296  	91.140940 
3510.182602  	91.101346 
3510.539909  	90.688486 
3510.897216  	90.615581 
3511.254523  	90.992873 
3511.611830  	90.956530 
3511.969137  	90.861882 
3512.326444  	90.993483 
3512.683750  	91.344754 
3513.041057  	91.653807 
3513.398364  	91.567210 
3513.755671  	91.415803 
3514.112978  	91.343956 
3514.470285  	91.526591 
3514.827592  	91.764605 
3515.184898  	91.688464 
3515.542205  	91.768382 
3515.899512  	92.003242 
3516.256819  	92.060514 
3516.614126  	92.049006 
3516.971433  	92.086656 
3517.328740  	92.187791 
3517.686046  	92.176642 
3518.043353  	91.896429 
3518.400660  	91.718718 
3518.757967  	92.023470 
3519.115274  	92.237546 
3519.472581  	92.269203 
3519.829888  	92.509224 
3520.187194  	92.370880 
3520.544501  	92.210794 
3520.901808  	92.553284 
3521.259115  	92.700097 
3521.616422  	92.605116 
3521.973729  	92.558339 
3522.331036  	92.588839 
3522.688343  	92.664000 
3523.045649  	92.523498 
3523.402956  	92.216730 
3523.760263  	92.138971 
3524.117570  	92.332256 
3524.474877  	92.401969 
3524.832184  	92.572544 
3525.189491  	92.910557 
3525.546797  	92.812403 
3525.904104  	92.706533 
3526.261411  	93.081248 
3526.618718  	93.461265 
3526.976025  	93.473932 
3527.333332  	93.261875 
3527.690639  	93.192897 
3528.047945  	93.179925 
3528.405252  	93.246302 
3528.762559  	93.519450 
3529.119866  	93.515621 
3529.477173  	93.232975 
3529.834480  	93.234324 
3530.191787  	93.464327 
3530.549093  	93.522916 
3530.906400  	93.608608 
3531.263707  	93.748781 
3531.621014  	93.469108 
3531.978321  	93.158520 
3532.335628  	93.258975 
3532.692935  	93.368553 
3533.050241  	93.196249 
3533.407548  	93.057329 
3533.764855  	93.190911 
3534.122162  	93.286948 
3534.479469  	93.519202 
3534.836776  	93.902932 
3535.194083  	93.898176 
3535.551390  	93.868796 
3535.908696  	94.023374 
3536.266003  	93.836792 
3536.623310  	93.337963 
3536.980617  	93.181371 
3537.337924  	93.452239 
3537.695231  	93.644902 
3538.052538  	93.883638 
3538.409844  	93.931871 
3538.767151  	93.692859 
3539.124458  	93.764162 
3539.481765  	93.804368 
3539.839072  	93.801341 
3540.196379  	93.783070 
3540.553686  	93.611095 
3540.910992  	93.986840 
3541.268299  	94.198036 
3541.625606  	93.891903 
3541.982913  	93.903399 
3542.340220  	93.882411 
3542.697527  	94.025047 
3543.054834  	94.274566 
3543.412140  	93.964088 
3543.769447  	93.729902 
3544.126754  	93.861795 
3544.484061  	94.327402 
3544.841368  	94.758193 
3545.198675  	94.340269 
3545.555982  	93.802607 
3545.913288  	93.876945 
3546.270595  	94.141116 
3546.627902  	94.318654 
3546.985209  	94.420622 
3547.342516  	94.353939 
3547.699823  	93.899286 
3548.057130  	93.760943 
3548.414437  	94.164473 
3548.771743  	94.268680 
3549.129050  	94.180933 
3549.486357  	94.141746 
3549.843664  	93.972013 
3550.200971  	94.030940 
3550.558278  	94.222661 
3550.915585  	94.450619 
3551.272891  	94.766668 
3551.630198  	94.628679 
3551.987505  	94.276600 
3552.344812  	94.016494 
3552.702119  	93.672449 
3553.059426  	93.900804 
3553.416733  	94.491809 
3553.774039  	94.639545 
3554.131346  	94.441131 
3554.488653  	94.212883 
3554.845960  	94.193145 
3555.203267  	94.266029 
3555.560574  	94.231231 
3555.917881  	94.278802 
3556.275187  	94.538852 
3556.632494  	94.983103 
3556.989801  	95.058509 
3557.347108  	94.489791 
3557.704415  	94.269877 
3558.061722  	94.627491 
3558.419029  	94.837932 
3558.776335  	95.025965 
3559.133642  	95.165237 
3559.490949  	94.970025 
3559.848256  	94.979317 
3560.205563  	95.066544 
3560.562870  	94.610528 
3560.920177  	94.384681 
3561.277484  	94.794482 
3561.634790  	95.027028 
3561.992097  	94.880818 
3562.349404  	94.832205 
3562.706711  	95.027845 
3563.064018  	95.019649 
3563.421325  	94.846612 
3563.778632  	94.749580 
3564.135938  	94.625478 
3564.493245  	94.999316 
3564.850552  	95.657590 
3565.207859  	95.867199 
3565.565166  	95.915946 
3565.922473  	95.684889 
3566.279780  	94.997642 
3566.637086  	94.484324 
3566.994393  	94.521803 
3567.351700  	95.239297 
3567.709007  	95.972517 
3568.066314  	95.836692 
3568.423621  	94.463899 
3568.780928  	92.984691 
3569.138234  	93.543053 
3569.495541  	94.916881 
3569.852848  	95.379415 
3570.210155  	95.211993 
3570.567462  	95.230924 
3570.924769  	95.224227 
3571.282076  	95.160124 
3571.639382  	95.455604 
3571.996689  	95.705837 
3572.353996  	95.705632 
3572.711303  	95.525067 
3573.068610  	95.316805 
3573.425917  	95.375549 
3573.783224  	95.249702 
3574.140531  	95.171715 
3574.497837  	95.261109 
3574.855144  	95.042445 
3575.212451  	95.163034 
3575.569758  	95.270561 
3575.927065  	95.140692 
3576.284372  	95.326044 
3576.641679  	95.183979 
3576.998985  	95.067348 
3577.356292  	95.400708 
3577.713599  	95.577308 
3578.070906  	95.714732 
3578.428213  	95.919865 
3578.785520  	95.983491 
3579.142827  	95.670710 
3579.500133  	95.295761 
3579.857440  	95.114508 
3580.214747  	94.943416 
3580.572054  	95.169537 
3580.929361  	95.509390 
3581.286668  	95.618644 
3581.643975  	95.753245 
3582.001281  	95.817813 
3582.358588  	95.818304 
3582.715895  	95.578052 
3583.073202  	95.335102 
3583.430509  	95.444748 
3583.787816  	95.361818 
3584.145123  	95.019190 
3584.502429  	94.950066 
3584.859736  	95.422529 
3585.217043  	95.983948 
3585.574350  	96.152872 
3585.931657  	96.172064 
3586.288964  	96.250590 
3586.646271  	96.187326 
3587.003577  	95.399716 
3587.360884  	94.749229 
3587.718191  	95.287375 
3588.075498  	95.916328 
3588.432805  	96.299445 
3588.790112  	95.813684 
3589.147419  	94.221460 
3589.504726  	93.813877 
3589.862032  	94.788868 
3590.219339  	95.400235 
3590.576646  	95.263486 
3590.933953  	95.111653 
3591.291260  	95.339037 
3591.648567  	95.771524 
3592.005874  	96.183288 
3592.363180  	96.108281 
3592.720487  	95.957890 
3593.077794  	95.879243 
3593.435101  	95.391640 
3593.792408  	95.375939 
3594.149715  	95.789453 
3594.507022  	95.917616 
3594.864328  	96.012029 
3595.221635  	95.863795 
3595.578942  	95.222196 
3595.936249  	94.531930 
3596.293556  	94.689802 
3596.650863  	95.333285 
3597.008170  	95.605334 
3597.365476  	95.688953 
3597.722783  	95.812625 
3598.080090  	95.740995 
3598.437397  	95.229906 
3598.794704  	94.972112 
3599.152011  	95.448780 
3599.509318  	95.500680 
3599.866624  	95.228255 
3600.223931  	95.500901 
3600.581238  	95.775011 
3600.938545  	95.480736 
3601.295852  	94.884373 
3601.653159  	94.734831 
3602.010466  	95.101653 
3602.367773  	95.428101 
3602.725079  	95.595822 
3603.082386  	95.358130 
3603.439693  	95.150255 
3603.797000  	95.447571 
3604.154307  	95.604569 
3604.511614  	95.495449 
3604.868921  	95.458031 
3605.226227  	95.472543 
3605.583534  	95.586989 
3605.940841  	96.053833 
3606.298148  	96.690408 
3606.655455  	96.549015 
3607.012762  	95.362905 
3607.370069  	94.220086 
3607.727375  	94.350965 
3608.084682  	95.559865 
3608.441989  	96.235663 
3608.799296  	95.996654 
3609.156603  	95.181895 
3609.513910  	93.599473 
3609.871217  	92.557918 
3610.228523  	93.338680 
3610.585830  	94.393995 
3610.943137  	95.095258 
3611.300444  	95.620186 
3611.657751  	96.136444 
3612.015058  	96.521231 
3612.372365  	96.214912 
3612.729671  	95.111278 
3613.086978  	93.922005 
3613.444285  	94.130323 
3613.801592  	95.074588 
3614.158899  	95.138311 
3614.516206  	94.870444 
3614.873513  	94.747545 
3615.230820  	94.205351 
3615.588126  	93.935040 
3615.945433  	94.421190 
3616.302740  	95.293305 
3616.660047  	96.064213 
3617.017354  	96.153347 
3617.374661  	95.532017 
3617.731968  	94.904515 
3618.089274  	95.006491 
3618.446581  	95.630627 
3618.803888  	96.066253 
3619.161195  	96.039018 
3619.518502  	95.344190 
3619.875809  	94.254182 
3620.233116  	93.619613 
3620.590422  	94.183192 
3620.947729  	95.168044 
3621.305036  	95.201158 
3621.662343  	94.410699 
3622.019650  	94.433735 
3622.376957  	95.269040 
3622.734264  	95.743928 
3623.091570  	95.820971 
3623.448877  	95.558391 
3623.806184  	95.167735 
3624.163491  	95.309201 
3624.520798  	95.496850 
3624.878105  	95.421291 
3625.235412  	95.506075 
3625.592718  	95.406641 
3625.950025  	95.156380 
3626.307332  	95.119774 
3626.664639  	95.231305 
3627.021946  	95.744026 
3627.379253  	96.470763 
3627.736560  	96.889991 
3628.093867  	97.173163 
3628.451173  	97.301748 
3628.808480  	96.168740 
3629.165787  	94.575417 
3629.523094  	94.071701 
3629.880401  	92.787255 
3630.237708  	92.004860 
3630.595015  	93.094192 
3630.952321  	94.245167 
3631.309628  	94.897723 
3631.666935  	94.999024 
3632.024242  	95.144840 
3632.381549  	95.565565 
3632.738856  	95.746638 
3633.096163  	95.947077 
3633.453469  	95.964634 
3633.810776  	95.307130 
3634.168083  	94.319534 
3634.525390  	93.828036 
3634.882697  	94.582747 
3635.240004  	95.308802 
3635.597311  	95.029343 
3635.954617  	94.672553 
3636.311924  	94.854391 
3636.669231  	95.169739 
3637.026538  	95.461101 
3637.383845  	95.766778 
3637.741152  	95.741199 
3638.098459  	95.301851 
3638.455765  	94.990837 
3638.813072  	94.903849 
3639.170379  	94.800846 
3639.527686  	94.756192 
3639.884993  	94.834538 
3640.242300  	94.909353 
3640.599607  	94.921203 
3640.956914  	95.114914 
3641.314220  	95.510128 
3641.671527  	95.542894 
3642.028834  	95.152685 
3642.386141  	95.058975 
3642.743448  	95.152733 
3643.100755  	95.039306 
3643.458062  	95.056904 
3643.815368  	95.052880 
3644.172675  	94.918658 
3644.529982  	95.072644 
3644.887289  	95.450252 
3645.244596  	95.608884 
3645.601903  	95.594202 
3645.959210  	96.154519 
3646.316516  	97.031405 
3646.673823  	97.167741 
3647.031130  	96.456860 
3647.388437  	94.709763 
3647.745744  	93.245646 
3648.103051  	93.910024 
3648.460358  	95.154372 
3648.817664  	95.631693 
3649.174971  	95.394331 
3649.532278  	94.139691 
3649.889585  	92.730840 
3650.246892  	93.800295 
3650.604199  	95.727455 
3650.961506  	95.500632 
3651.318812  	93.697161 
3651.676119  	92.805022 
3652.033426  	93.024029 
3652.390733  	93.857330 
3652.748040  	94.562860 
3653.105347  	94.964465 
3653.462654  	95.041078 
3653.819961  	94.830344 
3654.177267  	94.807722 
3654.534574  	94.928160 
3654.891881  	95.426376 
3655.249188  	96.426435 
3655.606495  	96.905489 
3655.963802  	96.238671 
3656.321109  	94.924751 
3656.678415  	93.543731 
3657.035722  	92.748473 
3657.393029  	93.213295 
3657.750336  	94.083397 
3658.107643  	94.685025 
3658.464950  	95.055154 
3658.822257  	95.091358 
3659.179563  	94.924768 
3659.536870  	94.816322 
3659.894177  	94.766241 
3660.251484  	94.822403 
3660.608791  	94.762458 
3660.966098  	94.789598 
3661.323405  	95.118422 
3661.680711  	95.261801 
3662.038018  	95.065007 
3662.395325  	94.872587 
3662.752632  	94.927508 
3663.109939  	94.969064 
3663.467246  	94.941062 
3663.824553  	94.993226 
3664.181859  	95.028675 
3664.539166  	95.364240 
3664.896473  	95.786953 
3665.253780  	95.696903 
3665.611087  	95.280997 
3665.968394  	94.971103 
3666.325701  	94.920712 
3666.683008  	94.842543 
3667.040314  	95.053636 
3667.397621  	95.841761 
3667.754928  	96.247353 
3668.112235  	96.039234 
3668.469542  	96.019696 
3668.826849  	95.901240 
3669.184156  	94.923035 
3669.541462  	94.717163 
3669.898769  	96.079976 
3670.256076  	96.836257 
3670.613383  	96.350949 
3670.970690  	94.388115 
3671.327997  	92.122124 
3671.685304  	92.496673 
3672.042610  	93.780371 
3672.399917  	94.615266 
3672.757224  	95.065015 
3673.114531  	95.264784 
3673.471838  	95.987411 
3673.829145  	96.943846 
3674.186452  	97.242280 
3674.543758  	97.162846 
3674.901065  	96.789333 
3675.258372  	95.329914 
3675.615679  	93.518636 
3675.972986  	92.752833 
3676.330293  	91.792258 
3676.687600  	91.515383 
3677.044906  	92.774593 
3677.402213  	93.858361 
3677.759520  	94.374213 
3678.116827  	94.775372 
3678.474134  	95.309753 
3678.831441  	95.621566 
3679.188748  	95.727073 
3679.546054  	95.708292 
3679.903361  	94.881014 
3680.260668  	94.241927 
3680.617975  	94.520003 
3680.975282  	94.790238 
3681.332589  	94.908898 
3681.689896  	94.843999 
3682.047203  	94.776240 
3682.404509  	94.703939 
3682.761816  	94.673555 
3683.119123  	95.201756 
3683.476430  	95.474767 
3683.833737  	95.085271 
3684.191044  	94.846059 
3684.548351  	94.717430 
3684.905657  	94.637492 
3685.262964  	94.688448 
3685.620271  	94.710695 
3685.977578  	94.941157 
3686.334885  	95.233716 
3686.692192  	95.229727 
3687.049499  	95.597231 
3687.406805  	96.407114 
3687.764112  	96.519363 
3688.121419  	96.104523 
3688.478726  	94.822638 
3688.836033  	91.737298 
3689.193340  	91.085615 
3689.550647  	93.519325 
3689.907953  	95.428553 
3690.265260  	96.211151 
3690.622567  	96.011090 
3690.979874  	94.972121 
3691.337181  	93.843409 
3691.694488  	93.332445 
3692.051795  	93.323351 
3692.409101  	93.785736 
3692.766408  	94.300579 
3693.123715  	94.630702 
3693.481022  	95.103754 
3693.838329  	95.238493 
3694.195636  	94.719412 
3694.552943  	94.354916 
3694.910250  	94.410161 
3695.267556  	94.526186 
3695.624863  	94.706339 
3695.982170  	95.111732 
3696.339477  	95.136661 
3696.696784  	94.492298 
3697.054091  	94.082493 
3697.411398  	94.244409 
3697.768704  	94.420718 
3698.126011  	94.218057 
3698.483318  	94.084847 
3698.840625  	94.313372 
3699.197932  	94.472452 
3699.555239  	94.734177 
3699.912546  	94.833167 
3700.269852  	94.782081 
3700.627159  	95.482113 
3700.984466  	96.122105 
3701.341773  	95.985277 
3701.699080  	95.428209 
3702.056387  	93.999030 
3702.413694  	92.699710 
3702.771000  	93.095350 
3703.128307  	94.079330 
3703.485614  	94.615000 
3703.842921  	94.565013 
3704.200228  	94.448094 
3704.557535  	94.819379 
3704.914842  	95.175132 
3705.272148  	94.903454 
3705.629455  	94.638480 
3705.986762  	94.694465 
3706.344069  	94.645183 
3706.701376  	94.640846 
3707.058683  	94.608116 
3707.415990  	94.432750 
3707.773297  	94.534014 
3708.130603  	94.860899 
3708.487910  	94.980833 
3708.845217  	94.803888 
3709.202524  	94.594922 
3709.559831  	94.043424 
3709.917138  	92.887709 
3710.274445  	93.121627 
3710.631751  	95.099315 
3710.989058  	96.484670 
3711.346365  	96.389379 
3711.703672  	95.782545 
3712.060979  	95.065313 
3712.418286  	93.261827 
3712.775593  	91.460976 
3713.132899  	92.053974 
3713.490206  	93.519280 
3713.847513  	94.349467 
3714.204820  	94.717854 
3714.562127  	94.830835 
3714.919434  	94.340459 
3715.276741  	93.588904 
3715.634047  	93.751855 
3715.991354  	94.542234 
3716.348661  	94.669310 
3716.705968  	94.433453 
3717.063275  	94.648872 
3717.420582  	94.963698 
3717.777889  	94.916051 
3718.135195  	94.655446 
3718.492502  	94.640986 
3718.849809  	94.734925 
3719.207116  	94.367626 
3719.564423  	93.748718 
3719.921730  	93.436838 
3720.279037  	93.854543 
3720.636344  	94.790225 
3720.993650  	95.657346 
3721.350957  	96.211257 
3721.708264  	96.128292 
3722.065571  	95.360272 
3722.422878  	94.124902 
3722.780185  	92.987786 
3723.137492  	92.943342 
3723.494798  	93.596818 
3723.852105  	94.661862 
3724.209412  	95.215725 
3724.566719  	94.759521 
3724.924026  	94.862651 
3725.281333  	95.208699 
3725.638640  	95.050656 
3725.995946  	95.140928 
3726.353253  	95.041817 
3726.710560  	94.610458 
3727.067867  	93.668762 
3727.425174  	93.164866 
3727.782481  	93.962157 
3728.139788  	94.164443 
3728.497094  	93.912215 
3728.854401  	94.185241 
3729.211708  	94.322360 
3729.569015  	94.356425 
3729.926322  	94.713575 
3730.283629  	95.195060 
3730.640936  	95.665829 
3730.998242  	96.260243 
3731.355549  	96.322883 
3731.712856  	95.321206 
3732.070163  	94.352688 
3732.427470  	93.099318 
3732.784777  	91.863431 
3733.142084  	92.884728 
3733.499391  	94.299843 
3733.856697  	95.207385 
3734.214004  	96.077441 
3734.571311  	96.522109 
3734.928618  	95.449741 
3735.285925  	93.166518 
3735.643232  	93.326581 
3736.000539  	94.541464 
3736.357845  	94.259581 
3736.715152  	94.092404 
3737.072459  	93.749521 
3737.429766  	93.182036 
3737.787073  	93.869244 
3738.144380  	94.775578 
3738.501687  	94.804821 
3738.858993  	93.940919 
3739.216300  	93.630768 
3739.573607  	94.254780 
3739.930914  	94.681330 
3740.288221  	94.924309 
3740.645528  	94.902943 
3741.002835  	94.387030 
3741.360141  	93.586255 
3741.717448  	92.926888 
3742.074755  	93.122161 
3742.432062  	93.794588 
3742.789369  	94.762195 
3743.146676  	96.180882 
3743.503983  	97.631042 
3743.861289  	98.888823 
3744.218596  	98.424104 
3744.575903  	94.334072 
3744.933210  	88.842274 
3745.290517  	87.289533 
3745.647824  	89.502826 
3746.005131  	92.091844 
3746.362438  	93.580417 
3746.719744  	94.456110 
3747.077051  	94.790286 
3747.434358  	94.806604 
3747.791665  	94.780827 
3748.148972  	95.475048 
3748.506279  	96.651500 
3748.863586  	96.522397 
3749.220892  	95.367206 
3749.578199  	92.949077 
3749.935506  	90.007580 
3750.292813  	91.257856 
3750.650120  	93.896746 
3751.007427  	95.304774 
3751.364734  	95.686769 
3751.722040  	95.295960 
3752.079347  	94.513812 
3752.436654  	93.057081 
3752.793961  	91.288090 
3753.151268  	91.521806 
3753.508575  	93.396341 
3753.865882  	94.517805 
3754.223188  	94.253438 
3754.580495  	94.114694 
3754.937802  	94.336585 
3755.295109  	94.288925 
3755.652416  	94.498002 
3756.009723  	94.816491 
3756.367030  	94.626548 
3756.724336  	93.962502 
3757.081643  	93.082031 
3757.438950  	92.899710 
3757.796257  	93.879011 
3758.153564  	94.723112 
3758.510871  	94.870928 
3758.868178  	94.989597 
3759.225484  	94.754676 
3759.582791  	94.035832 
3759.940098  	93.563271 
3760.297405  	92.909080 
3760.654712  	92.785798 
3761.012019  	93.711950 
3761.369326  	94.461357 
3761.726633  	94.476955 
3762.083939  	94.225388 
3762.441246  	94.246351 
3762.798553  	94.020711 
3763.155860  	93.549256 
3763.513167  	93.513031 
3763.870474  	93.791066 
3764.227781  	94.382254 
3764.585087  	94.955842 
3764.942394  	94.852303 
3765.299701  	94.308214 
3765.657008  	93.734237 
3766.014315  	92.972769 
3766.371622  	92.055491 
3766.728929  	92.270471 
3767.086235  	93.306296 
3767.443542  	93.734231 
3767.800849  	93.864026 
3768.158156  	94.411664 
3768.515463  	94.994800 
3768.872770  	95.305203 
3769.230077  	95.477380 
3769.587383  	95.231869 
3769.944690  	94.234936 
3770.301997  	92.734486 
3770.659304  	91.828556 
3771.016611  	92.687389 
3771.373918  	93.589147 
3771.731225  	93.341520 
3772.088531  	93.110519 
3772.445838  	93.144739 
3772.803145  	93.251751 
3773.160452  	93.701857 
3773.517759  	93.729601 
3773.875066  	93.702477 
3774.232373  	94.078266 
3774.589680  	94.114313 
3774.946986  	93.881245 
3775.304293  	93.667662 
3775.661600  	93.668151 
3776.018907  	93.774280 
3776.376214  	93.707095 
3776.733521  	93.618938 
3777.090828  	93.494069 
3777.448134  	93.757976 
3777.805441  	94.392698 
3778.162748  	94.746180 
3778.520055  	95.003960 
3778.877362  	95.008797 
3779.234669  	94.578926 
3779.591976  	93.896572 
3779.949282  	92.672106 
3780.306589  	92.141618 
3780.663896  	92.995878 
3781.021203  	93.666923 
3781.378510  	93.815197 
3781.735817  	93.883469 
3782.093124  	93.767131 
3782.450430  	93.641204 
3782.807737  	93.685748 
3783.165044  	93.697217 
3783.522351  	94.000206 
3783.879658  	94.448663 
3784.236965  	94.323278 
3784.594272  	93.857800 
3784.951578  	93.472219 
3785.308885  	93.216581 
3785.666192  	93.271092 
3786.023499  	93.401319 
3786.380806  	93.372713 
3786.738113  	93.474271 
3787.095420  	93.641874 
3787.452727  	93.552867 
3787.810033  	93.509260 
3788.167340  	93.637927 
3788.524647  	93.772901 
3788.881954  	93.863709 
3789.239261  	93.666748 
3789.596568  	93.439068 
3789.953875  	93.441670 
3790.311181  	93.481172 
3790.668488  	93.718833 
3791.025795  	93.829982 
3791.383102  	93.539259 
3791.740409  	93.397811 
3792.097716  	93.234842 
3792.455023  	92.898102 
3792.812329  	93.129999 
3793.169636  	93.728317 
3793.526943  	93.732161 
3793.884250  	93.342716 
3794.241557  	93.378983 
3794.598864  	93.881766 
3794.956171  	94.456372 
3795.313477  	94.884600 
3795.670784  	95.051150 
3796.028091  	94.940612 
3796.385398  	94.318734 
3796.742705  	92.959126 
3797.100012  	92.024111 
3797.457319  	92.377659 
3797.814625  	92.706275 
3798.171932  	92.606359 
3798.529239  	92.570593 
3798.886546  	92.863403 
3799.243853  	93.620157 
3799.601160  	94.471628 
3799.958467  	95.037933 
3800.315774  	95.369555 
3800.673080  	95.497117 
3801.030387  	95.582211 
3801.387694  	94.974026 
3801.745001  	92.603002 
3802.102308  	90.627531 
3802.459615  	91.323072 
3802.816922  	92.584355 
3803.174228  	92.768223 
3803.531535  	92.318989 
3803.888842  	92.372412 
3804.246149  	93.007624 
3804.603456  	93.494812 
3804.960763  	93.588615 
3805.318070  	93.885789 
3805.675376  	94.687220 
3806.032683  	95.517575 
3806.389990  	95.842592 
3806.747297  	95.211827 
3807.104604  	93.355841 
3807.461911  	90.762000 
3807.819218  	89.960166 
3808.176524  	91.408726 
3808.533831  	92.477532 
3808.891138  	92.778398 
3809.248445  	93.249526 
3809.605752  	93.797693 
3809.963059  	93.923363 
3810.320366  	93.809646 
3810.677672  	93.650102 
3811.034979  	93.469979 
3811.392286  	93.573745 
3811.749593  	93.799242 
3812.106900  	93.658898 
3812.464207  	93.443152 
3812.821514  	93.277390 
3813.178821  	93.142092 
3813.536127  	93.303493 
3813.893434  	93.438949 
3814.250741  	93.673143 
3814.608048  	94.419919 
3814.965355  	95.328433 
3815.322662  	95.995072 
3815.679969  	95.508412 
3816.037275  	93.492470 
3816.394582  	90.945728 
3816.751889  	88.934772 
3817.109196  	89.685755 
3817.466503  	91.775779 
3817.823810  	92.806100 
3818.181117  	93.102695 
3818.538423  	93.492125 
3818.895730  	93.813903 
3819.253037  	94.091389 
3819.610344  	94.558165 
3819.967651  	95.271445 
3820.324958  	95.668909 
3820.682265  	95.486887 
3821.039571  	94.811914 
3821.396878  	92.973162 
3821.754185  	91.828924 
3822.111492  	91.408344 
3822.468799  	90.722753 
3822.826106  	91.539364 
3823.183413  	92.512324 
3823.540719  	92.732585 
3823.898026  	93.157115 
3824.255333  	93.405489 
3824.612640  	93.606437 
3824.969947  	94.040121 
3825.327254  	93.957833 
3825.684561  	93.915076 
3826.041868  	94.136583 
3826.399174  	94.077786 
3826.756481  	93.779268 
3827.113788  	92.888870 
3827.471095  	92.168501 
3827.828402  	92.697937 
3828.185709  	93.216163 
3828.543016  	93.004546 
3828.900322  	92.897393 
3829.257629  	93.444779 
3829.614936  	93.934973 
3829.972243  	93.874246 
3830.329550  	93.913973 
3830.686857  	94.317062 
3831.044164  	94.633812 
3831.401470  	94.428089 
3831.758777  	93.248285 
3832.116084  	91.658205 
3832.473391  	91.351645 
3832.830698  	92.324931 
3833.188005  	93.226387 
3833.545312  	93.785797 
3833.902618  	94.258036 
3834.259925  	94.436112 
3834.617232  	94.222574 
3834.974539  	93.718135 
3835.331846  	92.408297 
3835.689153  	91.275264 
3836.046460  	92.081821 
3836.403766  	93.699139 
3836.761073  	94.823484 
3837.118380  	95.244007 
3837.475687  	95.120752 
3837.832994  	93.910418 
3838.190301  	91.190357 
3838.547608  	89.773215 
3838.904914  	91.347792 
3839.262221  	92.999193 
3839.619528  	93.444447 
3839.976835  	93.551214 
3840.334142  	93.797679 
3840.691449  	93.493230 
3841.048756  	92.692498 
3841.406063  	91.713972 
3841.763369  	91.307874 
3842.120676  	92.392710 
3842.477983  	93.858374 
3842.835290  	94.741205 
3843.192597  	94.817946 
3843.549904  	94.391511 
3843.907211  	93.557847 
3844.264517  	92.101809 
3844.621824  	91.989972 
3844.979131  	93.125011 
3845.336438  	93.399263 
3845.693745  	93.316514 
3846.051052  	93.608973 
3846.408359  	93.723863 
3846.765665  	93.510463 
3847.122972  	93.245904 
3847.480279  	93.274711 
3847.837586  	93.673418 
3848.194893  	94.246100 
3848.552200  	94.487524 
3848.909507  	94.128710 
3849.266813  	93.824851 
3849.624120  	93.642065 
3849.981427  	93.230429 
3850.338734  	93.093623 
3850.696041  	93.683241 
3851.053348  	94.631788 
3851.410655  	94.966736 
3851.767961  	94.553030 
3852.125268  	93.947773 
3852.482575  	92.903692 
3852.839882  	92.931344 
3853.197189  	94.731173 
3853.554496  	95.990759 
3853.911803  	95.307133 
3854.269110  	91.238892 
3854.626416  	86.777732 
3854.983723  	87.115382 
3855.341030  	89.594330 
3855.698337  	91.806619 
3856.055644  	93.062325 
3856.412951  	93.795582 
3856.770258  	94.153124 
3857.127564  	93.814633 
3857.484871  	93.225719 
3857.842178  	92.676560 
3858.199485  	92.418560 
3858.556792  	92.847569 
3858.914099  	93.289148 
3859.271406  	93.203630 
3859.628712  	93.216554 
3859.986019  	93.503368 
3860.343326  	93.630590 
3860.700633  	93.804589 
3861.057940  	93.723156 
3861.415247  	93.235859 
3861.772554  	92.867201 
3862.129860  	92.108093 
3862.487167  	91.602787 
3862.844474  	92.279222 
3863.201781  	93.126396 
3863.559088  	93.806856 
3863.916395  	94.177242 
3864.273702  	94.381836 
3864.631008  	94.333607 
3864.988315  	93.314245 
3865.345622  	92.002245 
3865.702929  	90.756744 
3866.060236  	90.536890 
3866.417543  	91.589153 
3866.774850  	92.243699 
3867.132157  	92.596010 
3867.489463  	93.107772 
3867.846770  	93.487306 
3868.204077  	93.918564 
3868.561384  	94.433075 
3868.918691  	95.149953 
3869.275998  	95.503296 
3869.633305  	94.209543 
3869.990611  	92.144176 
3870.347918  	91.070607 
3870.705225  	90.630308 
3871.062532  	91.100735 
3871.419839  	92.299789 
3871.777146  	92.695994 
3872.134453  	92.235930 
3872.491759  	92.568727 
3872.849066  	93.604569 
3873.206373  	94.230532 
3873.563680  	94.411429 
3873.920987  	94.068277 
3874.278294  	93.326918 
3874.635601  	92.390186 
3874.992907  	91.531241 
3875.350214  	91.743022 
3875.707521  	92.486119 
3876.064828  	92.724649 
3876.422135  	92.698342 
3876.779442  	92.932556 
3877.136749  	93.034204 
3877.494055  	92.965741 
3877.851362  	93.266446 
3878.208669  	93.549039 
3878.565976  	93.732282 
3878.923283  	94.167264 
3879.280590  	94.502707 
3879.637897  	94.780999 
3879.995204  	94.751619 
3880.352510  	93.526514 
3880.709817  	91.583963 
3881.067124  	90.758077 
3881.424431  	91.274903 
3881.781738  	91.729308 
3882.139045  	92.173328 
3882.496352  	92.952772 
3882.853658  	93.267139 
3883.210965  	92.823133 
3883.568272  	92.249151 
3883.925579  	92.059380 
3884.282886  	92.682631 
3884.640193  	93.843558 
3884.997500  	94.676118 
3885.354806  	94.588189 
3885.712113  	93.772189 
3886.069420  	92.012895 
3886.426727  	89.888402 
3886.784034  	89.914977 
3887.141341  	91.132585 
3887.498648  	92.106377 
3887.855954  	92.664103 
3888.213261  	92.725814 
3888.570568  	92.686528 
3888.927875  	92.609562 
3889.285182  	92.552947 
3889.642489  	92.958428 
3889.999796  	93.540953 
3890.357102  	93.971714 
3890.714409  	93.965273 
3891.071716  	93.488554 
3891.429023  	92.664701 
3891.786330  	90.980691 
3892.143637  	90.111242 
3892.500944  	90.903335 
3892.858251  	91.697756 
3893.215557  	92.221472 
3893.572864  	92.417790 
3893.930171  	92.502970 
3894.287478  	92.794799 
3894.644785  	92.798786 
3895.002092  	92.561628 
3895.359399  	92.578134 
3895.716705  	92.864115 
3896.074012  	93.077846 
3896.431319  	93.025109 
3896.788626  	92.783930 
3897.145933  	92.491212 
3897.503240  	92.684542 
3897.860547  	93.195329 
3898.217853  	93.373616 
3898.575160  	93.371671 
3898.932467  	93.161655 
3899.289774  	92.689826 
3899.647081  	91.659111 
3900.004388  	90.545869 
3900.361695  	91.299311 
3900.719001  	92.678480 
3901.076308  	93.376915 
3901.433615  	93.488270 
3901.790922  	92.668394 
3902.148229  	91.305923 
3902.505536  	90.777307 
3902.862843  	91.806757 
3903.220149  	93.166431 
3903.577456  	93.634439 
3903.934763  	93.497851 
3904.292070  	92.932013 
3904.649377  	91.578473 
3905.006684  	91.055506 
3905.363991  	91.918386 
3905.721298  	92.391432 
3906.078604  	92.182318 
3906.435911  	91.812497 
3906.793218  	91.568984 
3907.150525  	91.794836 
3907.507832  	92.152224 
3907.865139  	92.192774 
3908.222446  	92.228096 
3908.579752  	92.268486 
3908.937059  	92.405645 
3909.294366  	92.767665 
3909.651673  	92.863618 
3910.008980  	92.843491 
3910.366287  	92.858310 
3910.723594  	92.831727 
3911.080900  	92.843354 
3911.438207  	92.576622 
3911.795514  	92.423010 
3912.152821  	92.466512 
3912.510128  	92.267705 
3912.867435  	92.360080 
3913.224742  	92.577885 
3913.582048  	92.501958 
3913.939355  	92.570300 
3914.296662  	92.804805 
3914.653969  	92.931422 
3915.011276  	92.758052 
3915.368583  	92.553622 
3915.725890  	92.894625 
3916.083196  	93.471278 
3916.440503  	93.235747 
3916.797810  	92.266686 
3917.155117  	91.915508 
3917.512424  	91.806581 
3917.869731  	91.174103 
3918.227038  	91.465286 
3918.584344  	92.693522 
3918.941651  	93.443874 
3919.298958  	93.473579 
3919.656265  	93.272217 
3920.013572  	92.964198 
3920.370879  	92.169088 
3920.728186  	91.434162 
3921.085493  	91.672013 
3921.442799  	92.287248 
3921.800106  	92.537621 
3922.157413  	92.587174 
3922.514720  	92.680194 
3922.872027  	92.814293 
3923.229334  	92.981350 
3923.586641  	92.986166 
3923.943947  	92.823453 
3924.301254  	92.689429 
3924.658561  	92.733821 
3925.015868  	92.884336 
3925.373175  	92.358125 
3925.730482  	91.519575 
3926.087789  	91.753126 
3926.445095  	92.651589 
3926.802402  	93.057315 
3927.159709  	92.817456 
3927.517016  	92.667812 
3927.874323  	92.824191 
3928.231630  	92.804102 
3928.588937  	92.707706 
3928.946243  	92.709260 
3929.303550  	92.903631 
3929.660857  	92.943286 
3930.018164  	92.443870 
3930.375471  	92.271342 
3930.732778  	92.637421 
3931.090085  	92.988691 
3931.447391  	93.258369 
3931.804698  	93.413254 
3932.162005  	93.290696 
3932.519312  	92.446868 
3932.876619  	91.535717 
3933.233926  	91.743183 
3933.591233  	92.421482 
3933.948540  	92.767358 
3934.305846  	92.915154 
3934.663153  	92.942643 
3935.020460  	92.707645 
3935.377767  	92.584917 
3935.735074  	92.655042 
3936.092381  	92.685262 
3936.449688  	92.914057 
3936.806994  	92.995001 
3937.164301  	92.889490 
3937.521608  	92.839083 
3937.878915  	92.677052 
3938.236222  	92.788532 
3938.593529  	92.760420 
3938.950836  	92.564175 
3939.308142  	92.709572 
3939.665449  	92.493883 
3940.022756  	92.274949 
3940.380063  	92.358883 
3940.737370  	92.367343 
3941.094677  	92.678156 
3941.451984  	93.109612 
3941.809290  	93.342481 
3942.166597  	93.209671 
3942.523904  	92.887892 
3942.881211  	92.661419 
3943.238518  	92.017997 
3943.595825  	91.733247 
3943.953132  	92.312489 
3944.310438  	92.649594 
3944.667745  	92.374290 
3945.025052  	92.044236 
3945.382359  	92.216084 
3945.739666  	92.498672 
3946.096973  	92.644494 
3946.454280  	92.819483 
3946.811587  	92.927186 
3947.168893  	93.033663 
3947.526200  	92.875125 
3947.883507  	92.577618 
3948.240814  	92.539788 
3948.598121  	92.494819 
3948.955428  	92.591739 
3949.312735  	92.794995 
3949.670041  	92.828385 
3950.027348  	92.709929 
3950.384655  	92.456288 
3950.741962  	92.386789 
3951.099269  	92.458019 
3951.456576  	92.482247 
3951.813883  	92.596249 
3952.171189  	92.734225 
3952.528496  	92.819969 
3952.885803  	92.886560 
3953.243110  	92.920140 
3953.600417  	92.711002 
3953.957724  	92.397569 
3954.315031  	92.485084 
3954.672337  	92.638872 
3955.029644  	92.393099 
3955.386951  	92.178009 
3955.744258  	92.484834 
3956.101565  	93.013387 
3956.458872  	93.136059 
3956.816179  	92.926054 
3957.173485  	92.653480 
3957.530792  	92.286657 
3957.888099  	92.171190 
3958.245406  	92.368013 
3958.602713  	92.441931 
3958.960020  	92.518163 
3959.317327  	92.658004 
3959.674634  	92.581439 
3960.031940  	92.521567 
3960.389247  	92.587960 
3960.746554  	92.575901 
3961.103861  	92.628293 
3961.461168  	92.686502 
3961.818475  	92.542642 
3962.175782  	92.401721 
3962.533088  	92.183493 
3962.890395  	91.874857 
3963.247702  	92.024921 
3963.605009  	92.313553 
3963.962316  	92.375181 
3964.319623  	92.623523 
3964.676930  	92.553086 
3965.034236  	92.143629 
3965.391543  	92.393262 
3965.748850  	92.793369 
3966.106157  	92.704506 
3966.463464  	92.408797 
3966.820771  	92.161850 
3967.178078  	92.297437 
3967.535384  	92.437012 
3967.892691  	92.276260 
3968.249998  	92.478369 
3968.607305  	92.881571 
3968.964612  	92.756754 
3969.321919  	92.357444 
3969.679226  	92.095832 
3970.036532  	92.054561 
3970.393839  	92.363085 
3970.751146  	92.636947 
3971.108453  	92.434518 
3971.465760  	92.234007 
3971.823067  	92.541571 
3972.180374  	92.874110 
3972.537681  	92.682627 
3972.894987  	92.351320 
3973.252294  	92.201725 
3973.609601  	92.212893 
3973.966908  	92.483328 
3974.324215  	92.629975 
3974.681522  	92.534779 
3975.038829  	92.525550 
3975.396135  	92.456744 
3975.753442  	92.218526 
3976.110749  	91.981126 
3976.468056  	91.981894 
3976.825363  	92.090584 
3977.182670  	92.222662 
3977.539977  	92.545843 
3977.897283  	92.629269 
3978.254590  	92.619873 
3978.611897  	92.918324 
3978.969204  	93.043305 
3979.326511  	92.842120 
3979.683818  	92.528049 
3980.041125  	92.522552 
3980.398431  	92.708692 
3980.755738  	92.470817 
3981.113045  	92.451842 
3981.470352  	92.919759 
3981.827659  	93.080987 
3982.184966  	92.837983 
3982.542273  	92.496466 
3982.899579  	92.329079 
3983.256886  	92.490327 
3983.614193  	92.806344 
3983.971500  	92.954029 
3984.328807  	92.904587 
3984.686114  	92.933988 
3985.043421  	92.846966 
3985.400728  	92.486241 
3985.758034  	92.357091 
3986.115341  	92.593007 
3986.472648  	92.685740 
3986.829955  	92.547611 
3987.187262  	92.488887 
3987.544569  	92.453714 
3987.901876  	92.356966 
3988.259182  	92.385901 
3988.616489  	92.596789 
3988.973796  	92.688602 
3989.331103  	92.575710 
3989.688410  	92.640130 
3990.045717  	92.784226 
3990.403024  	92.849119 
3990.760330  	92.928099 
3991.117637  	92.751552 
3991.474944  	92.593472 
3991.832251  	92.721626 
3992.189558  	92.739209 
3992.546865  	92.650359 
3992.904172  	92.521175 
3993.261478  	92.328620 
3993.618785  	92.277162 
3993.976092  	92.253484 
3994.333399  	92.134547 
3994.690706  	92.243309 
3995.048013  	92.585120 
3995.405320  	92.796901 
3995.762626  	92.833092 
3996.119933  	92.712365 
3996.477240  	92.636751 
3996.834547  	92.675603 
3997.191854  	92.524381 
3997.549161  	92.403042 
3997.906468  	92.410231 
3998.263775  	92.434768 
3998.621081  	92.620422 
3998.978388  	92.816525 
3999.335695  	93.083620 
3999.693002  	93.168778 
4000.050309  	92.740434 