##TITLE=N41_1,2-dihydroxybenzene_2
##DATA TYPE=INFRARED SPECTRUM
##XUNITS=1/CM
##YUNITS=%T
399.826377  	32.438356 
400.183684  	27.864278 
400.540991  	31.036005 
400.898298  	34.436456 
401.255605  	32.919830 
401.612912  	34.215695 
401.970219  	34.878514 
402.327525  	34.489702 
402.684832  	35.633923 
403.042139  	34.130835 
403.399446  	30.994208 
403.756753  	29.305578 
404.114060  	31.750634 
404.471367  	33.975895 
404.828674  	32.653955 
405.185980  	31.625326 
405.543287  	30.819850 
405.900594  	31.480911 
406.257901  	32.995027 
406.615208  	30.585206 
406.972515  	28.147142 
407.329822  	29.395748 
407.687128  	30.023666 
408.044435  	29.314603 
408.401742  	29.534384 
408.759049  	30.484299 
409.116356  	31.088521 
409.473663  	31.338874 
409.830970  	30.485363 
410.188276  	29.554490 
410.545583  	29.035285 
410.902890  	28.588808 
411.260197  	28.750108 
411.617504  	28.464997 
411.974811  	30.443468 
412.332118  	33.209865 
412.689424  	31.739828 
413.046731  	28.452214 
413.404038  	28.189023 
413.761345  	30.223978 
414.118652  	29.471909 
414.475959  	26.940906 
414.833266  	27.320579 
415.190572  	28.245904 
415.547879  	27.370227 
415.905186  	26.008209 
416.262493  	24.678042 
416.619800  	24.554889 
416.977107  	26.629838 
417.334414  	29.014577 
417.691720  	28.431728 
418.049027  	26.079601 
418.406334  	24.539106 
418.763641  	21.557429 
419.120948  	25.645897 
419.478255  	30.577574 
419.835562  	31.056575 
420.192869  	28.345922 
420.550175  	27.569738 
420.907482  	27.958257 
421.264789  	26.563459 
421.622096  	25.357160 
421.979403  	25.861856 
422.336710  	24.439137 
422.694017  	22.881993 
423.051323  	27.479084 
423.408630  	28.249353 
423.765937  	24.572488 
424.123244  	22.338681 
424.480551  	23.160359 
424.837858  	25.756029 
425.195165  	28.585433 
425.552471  	29.014747 
425.909778  	28.058223 
426.267085  	26.141057 
426.624392  	24.410404 
426.981699  	24.322863 
427.339006  	23.992995 
427.696313  	24.077708 
428.053619  	24.977280 
428.410926  	25.284751 
428.768233  	25.202799 
429.125540  	24.224124 
429.482847  	22.911035 
429.840154  	22.660237 
430.197461  	22.518240 
430.554767  	22.384818 
430.912074  	23.032322 
431.269381  	23.397094 
431.626688  	23.058304 
431.983995  	22.700093 
432.341302  	21.157700 
432.698609  	19.802780 
433.055916  	21.631790 
433.413222  	23.434683 
433.770529  	22.374324 
434.127836  	20.641371 
434.485143  	19.747328 
434.842450  	20.409342 
435.199757  	21.449107 
435.557064  	21.851075 
435.914370  	21.528312 
436.271677  	20.091196 
436.628984  	18.959708 
436.986291  	18.221357 
437.343598  	18.512104 
437.700905  	19.487565 
438.058212  	18.671530 
438.415518  	17.353186 
438.772825  	16.367994 
439.130132  	15.781439 
439.487439  	16.661637 
439.844746  	17.457582 
440.202053  	17.761966 
440.559360  	17.012051 
440.916666  	15.386637 
441.273973  	16.162384 
441.631280  	17.091085 
441.988587  	17.156181 
442.345894  	17.820208 
442.703201  	16.886586 
443.060508  	16.283515 
443.417814  	16.508895 
443.775121  	15.829440 
444.132428  	14.363635 
444.489735  	13.362061 
444.847042  	13.095239 
445.204349  	12.621425 
445.561656  	12.734321 
445.918963  	13.702930 
446.276269  	13.354365 
446.633576  	11.887149 
446.990883  	10.199852 
447.348190  	9.950748 
447.705497  	10.562437 
448.062804  	10.502494 
448.420111  	11.401937 
448.777417  	11.909901 
449.134724  	11.833418 
449.492031  	11.429442 
449.849338  	12.180832 
450.206645  	14.964598 
450.563952  	16.651569 
450.921259  	17.821222 
451.278565  	19.236734 
451.635872  	19.268113 
451.993179  	17.678536 
452.350486  	16.461808 
452.707793  	16.955372 
453.065100  	17.980522 
453.422407  	17.703232 
453.779713  	17.594785 
454.137020  	17.595164 
454.494327  	16.630159 
454.851634  	16.215697 
455.208941  	17.650961 
455.566248  	19.066421 
455.923555  	19.971384 
456.280861  	18.591059 
456.638168  	16.750841 
456.995475  	19.431148 
457.352782  	21.646845 
457.710089  	22.538166 
458.067396  	25.481406 
458.424703  	25.078660 
458.782010  	25.256606 
459.139316  	25.617582 
459.496623  	27.439531 
459.853930  	29.143146 
460.211237  	28.386785 
460.568544  	28.837023 
460.925851  	28.238311 
461.283158  	26.687227 
461.640464  	26.655324 
461.997771  	25.832710 
462.355078  	25.033846 
462.712385  	24.107375 
463.069692  	24.976092 
463.426999  	27.213642 
463.784306  	27.168530 
464.141612  	27.292209 
464.498919  	26.764596 
464.856226  	25.088439 
465.213533  	24.371689 
465.570840  	23.930004 
465.928147  	22.945647 
466.285454  	21.866561 
466.642760  	22.310204 
467.000067  	22.340227 
467.357374  	21.780058 
467.714681  	21.639033 
468.071988  	20.499258 
468.429295  	20.760321 
468.786602  	19.784508 
469.143908  	17.427881 
469.501215  	17.974764 
469.858522  	19.102363 
470.215829  	19.825287 
470.573136  	19.312223 
470.930443  	17.625656 
471.287750  	17.072291 
471.645057  	16.427887 
472.002363  	16.623141 
472.359670  	18.646644 
472.716977  	18.363527 
473.074284  	17.807689 
473.431591  	17.925669 
473.788898  	17.313206 
474.146205  	17.003006 
474.503511  	17.198338 
474.860818  	16.850658 
475.218125  	16.687641 
475.575432  	16.686680 
475.932739  	16.068037 
476.290046  	15.844082 
476.647353  	15.281518 
477.004659  	15.196415 
477.361966  	16.579668 
477.719273  	16.411198 
478.076580  	15.489992 
478.433887  	15.886677 
478.791194  	16.278402 
479.148501  	16.151743 
479.505807  	15.198148 
479.863114  	14.163052 
480.220421  	14.214434 
480.577728  	14.458888 
480.935035  	14.711618 
481.292342  	15.215020 
481.649649  	14.594812 
482.006955  	14.168760 
482.364262  	15.516833 
482.721569  	15.988447 
483.078876  	15.320810 
483.436183  	14.310981 
483.793490  	13.154338 
484.150797  	13.433374 
484.508104  	13.570294 
484.865410  	13.612799 
485.222717  	13.997918 
485.580024  	13.225223 
485.937331  	13.406654 
486.294638  	14.901703 
486.651945  	15.224420 
487.009252  	14.379485 
487.366558  	13.568486 
487.723865  	13.998893 
488.081172  	14.189018 
488.438479  	13.695610 
488.795786  	14.412333 
489.153093  	15.421584 
489.510400  	15.362440 
489.867706  	15.072042 
490.225013  	15.306212 
490.582320  	15.679150 
490.939627  	15.856181 
491.296934  	16.008147 
491.654241  	16.654861 
492.011548  	16.615576 
492.368854  	15.204288 
492.726161  	15.020749 
493.083468  	15.790963 
493.440775  	16.844406 
493.798082  	18.232128 
494.155389  	18.067807 
494.512696  	17.339156 
494.870002  	17.104477 
495.227309  	17.013058 
495.584616  	17.821551 
495.941923  	18.075401 
496.299230  	17.420537 
496.656537  	17.602862 
497.013844  	18.323219 
497.371151  	19.313485 
497.728457  	19.886976 
498.085764  	19.729202 
498.443071  	19.887145 
498.800378  	20.105168 
499.157685  	19.780679 
499.514992  	19.519552 
499.872299  	19.919631 
500.229605  	20.384229 
500.586912  	20.224416 
500.944219  	20.638382 
501.301526  	21.782067 
501.658833  	21.461477 
502.016140  	20.507886 
502.373447  	21.072377 
502.730753  	21.637885 
503.088060  	22.247897 
503.445367  	23.431479 
503.802674  	24.081340 
504.159981  	24.300669 
504.517288  	24.277729 
504.874595  	24.731671 
505.231901  	25.703434 
505.589208  	25.717879 
505.946515  	25.784359 
506.303822  	26.676932 
506.661129  	27.116823 
507.018436  	27.197524 
507.375743  	27.121660 
507.733049  	27.006848 
508.090356  	27.460798 
508.447663  	28.186020 
508.804970  	29.122120 
509.162277  	29.886976 
509.519584  	29.406187 
509.876891  	29.806589 
510.234197  	31.970660 
510.591504  	32.413175 
510.948811  	30.829402 
511.306118  	30.243619 
511.663425  	30.840587 
512.020732  	31.639682 
512.378039  	32.428840 
512.735346  	32.497554 
513.092652  	32.553878 
513.449959  	33.542935 
513.807266  	33.763778 
514.164573  	33.579341 
514.521880  	34.147221 
514.879187  	34.581888 
515.236494  	35.370050 
515.593800  	35.774128 
515.951107  	35.673359 
516.308414  	36.392750 
516.665721  	36.612691 
517.023028  	36.425068 
517.380335  	37.277503 
517.737642  	38.625408 
518.094948  	39.455899 
518.452255  	39.555236 
518.809562  	40.029355 
519.166869  	40.183499 
519.524176  	39.470797 
519.881483  	39.366367 
520.238790  	39.717037 
520.596096  	40.201691 
520.953403  	41.016203 
521.310710  	41.538897 
521.668017  	41.845637 
522.025324  	42.536619 
522.382631  	43.004943 
522.739938  	42.816702 
523.097244  	42.907771 
523.454551  	43.217219 
523.811858  	43.387937 
524.169165  	43.509589 
524.526472  	43.520809 
524.883779  	43.666226 
525.241086  	43.947684 
525.598393  	44.262709 
525.955699  	43.989853 
526.313006  	43.814699 
526.670313  	44.434752 
527.027620  	44.691652 
527.384927  	45.293670 
527.742234  	46.041574 
528.099541  	46.223654 
528.456847  	46.589708 
528.814154  	46.354155 
529.171461  	45.938681 
529.528768  	46.259785 
529.886075  	46.419251 
530.243382  	46.551866 
530.600689  	47.017507 
530.957995  	47.672004 
531.315302  	47.282009 
531.672609  	46.499752 
532.029916  	47.145661 
532.387223  	47.776702 
532.744530  	48.217049 
533.101837  	48.746620 
533.459143  	48.460195 
533.816450  	47.825959 
534.173757  	47.012008 
534.531064  	46.999080 
534.888371  	47.693021 
535.245678  	47.923529 
535.602985  	48.207826 
535.960291  	48.103932 
536.317598  	47.959641 
536.674905  	48.324068 
537.032212  	48.487175 
537.389519  	48.611685 
537.746826  	48.501212 
538.104133  	48.498364 
538.461440  	48.713759 
538.818746  	48.604816 
539.176053  	48.530181 
539.533360  	48.096111 
539.890667  	47.842225 
540.247974  	48.109826 
540.605281  	47.841476 
540.962588  	47.753684 
541.319894  	47.867220 
541.677201  	47.169124 
542.034508  	46.602429 
542.391815  	46.868308 
542.749122  	47.260594 
543.106429  	46.889987 
543.463736  	45.998043 
543.821042  	45.787319 
544.178349  	45.700079 
544.535656  	45.054976 
544.892963  	45.097491 
545.250270  	45.148754 
545.607577  	44.365645 
545.964884  	43.922164 
546.322190  	43.362697 
546.679497  	42.866612 
547.036804  	42.769169 
547.394111  	42.128684 
547.751418  	41.452036 
548.108725  	40.456988 
548.466032  	39.151833 
548.823338  	38.524098 
549.180645  	37.845824 
549.537952  	37.138991 
549.895259  	36.558047 
550.252566  	35.328024 
550.609873  	34.030027 
550.967180  	33.165805 
551.324487  	32.262809 
551.681793  	31.019018 
552.039100  	29.825663 
552.396407  	29.364526 
552.753714  	29.615736 
553.111021  	29.070959 
553.468328  	27.762637 
553.825635  	27.998803 
554.182941  	29.294500 
554.540248  	30.346061 
554.897555  	31.814924 
555.254862  	33.001470 
555.612169  	33.917545 
555.969476  	35.835910 
556.326783  	38.100445 
556.684089  	39.429915 
557.041396  	40.093101 
557.398703  	41.046885 
557.756010  	42.238839 
558.113317  	42.947885 
558.470624  	42.911267 
558.827931  	42.630261 
559.185237  	42.242138 
559.542544  	41.366341 
559.899851  	40.148124 
560.257158  	38.962236 
560.614465  	38.235186 
560.971772  	37.393888 
561.329079  	35.692093 
561.686385  	34.172169 
562.043692  	33.225978 
562.400999  	32.417334 
562.758306  	31.417610 
563.115613  	30.424516 
563.472920  	30.821749 
563.830227  	32.005676 
564.187534  	32.812069 
564.544840  	33.711128 
564.902147  	34.598429 
565.259454  	35.810320 
565.616761  	37.156496 
565.974068  	37.837786 
566.331375  	38.571247 
566.688682  	39.863954 
567.045988  	40.970516 
567.403295  	41.027074 
567.760602  	41.304739 
568.117909  	42.323900 
568.475216  	42.693608 
568.832523  	43.065821 
569.189830  	43.904299 
569.547136  	44.218254 
569.904443  	43.998672 
570.261750  	43.733672 
570.619057  	43.874287 
570.976364  	44.292278 
571.333671  	45.003433 
571.690978  	45.326983 
572.048284  	44.902568 
572.405591  	45.062117 
572.762898  	45.351658 
573.120205  	45.294260 
573.477512  	45.377620 
573.834819  	45.329934 
574.192126  	45.256627 
574.549432  	44.985206 
574.906739  	44.674086 
575.264046  	44.523728 
575.621353  	44.296962 
575.978660  	44.229870 
576.335967  	44.120672 
576.693274  	44.062905 
577.050581  	43.764996 
577.407887  	43.127349 
577.765194  	43.010303 
578.122501  	42.709662 
578.479808  	41.925165 
578.837115  	41.622329 
579.194422  	41.715763 
579.551729  	41.767891 
579.909035  	41.475189 
580.266342  	41.169057 
580.623649  	41.625892 
580.980956  	42.330102 
581.338263  	42.302699 
581.695570  	41.813801 
582.052877  	41.542577 
582.410183  	42.018143 
582.767490  	42.815964 
583.124797  	42.795909 
583.482104  	42.354607 
583.839411  	42.068775 
584.196718  	41.852440 
584.554025  	41.950380 
584.911331  	41.942738 
585.268638  	41.608631 
585.625945  	41.149000 
585.983252  	40.887831 
586.340559  	40.881408 
586.697866  	40.645847 
587.055173  	40.828740 
587.412479  	40.986916 
587.769786  	40.572314 
588.127093  	40.721370 
588.484400  	40.946404 
588.841707  	40.734471 
589.199014  	40.515723 
589.556321  	40.502580 
589.913627  	40.751753 
590.270934  	40.692509 
590.628241  	40.417562 
590.985548  	40.151409 
591.342855  	40.085738 
591.700162  	40.230560 
592.057469  	40.006351 
592.414776  	39.795784 
592.772082  	39.710470 
593.129389  	39.884743 
593.486696  	39.832963 
593.844003  	39.316034 
594.201310  	39.792953 
594.558617  	40.307908 
594.915924  	39.806424 
595.273230  	39.295830 
595.630537  	39.020940 
595.987844  	39.021824 
596.345151  	38.953094 
596.702458  	38.913390 
597.059765  	38.840787 
597.417072  	38.475982 
597.774378  	38.669322 
598.131685  	38.737266 
598.488992  	38.250798 
598.846299  	37.921615 
599.203606  	37.751899 
599.560913  	37.960797 
599.918220  	38.130038 
600.275526  	37.638024 
600.632833  	36.988647 
600.990140  	37.019839 
601.347447  	37.477355 
601.704754  	37.403382 
602.062061  	37.327761 
602.419368  	37.475797 
602.776674  	37.487468 
603.133981  	37.416257 
603.491288  	37.063310 
603.848595  	36.876545 
604.205902  	36.848879 
604.563209  	36.582728 
604.920516  	36.222423 
605.277823  	35.907950 
605.635129  	35.930449 
605.992436  	35.984258 
606.349743  	35.892834 
606.707050  	36.080907 
607.064357  	36.137277 
607.421664  	35.499263 
607.778971  	34.812586 
608.136277  	34.735661 
608.493584  	34.838640 
608.850891  	35.063448 
609.208198  	35.105116 
609.565505  	34.730736 
609.922812  	34.960761 
610.280119  	35.301390 
610.637425  	35.161989 
610.994732  	35.292814 
611.352039  	35.371418 
611.709346  	35.113620 
612.066653  	34.850285 
612.423960  	34.536475 
612.781267  	34.072992 
613.138573  	34.027084 
613.495880  	34.568095 
613.853187  	34.621408 
614.210494  	34.272077 
614.567801  	34.096686 
614.925108  	33.708476 
615.282415  	33.360884 
615.639721  	33.361789 
615.997028  	33.357988 
616.354335  	33.262331 
616.711642  	33.288425 
617.068949  	33.357347 
617.426256  	33.514555 
617.783563  	33.740154 
618.140870  	33.606298 
618.498176  	33.553840 
618.855483  	33.746444 
619.212790  	33.751648 
619.570097  	33.736771 
619.927404  	33.653047 
620.284711  	33.411796 
620.642018  	33.046773 
620.999324  	32.793099 
621.356631  	32.967668 
621.713938  	33.173926 
622.071245  	33.225041 
622.428552  	33.092869 
622.785859  	32.886684 
623.143166  	32.840714 
623.500472  	32.798128 
623.857779  	33.070026 
624.215086  	33.293857 
624.572393  	33.051682 
624.929700  	33.179745 
625.287007  	33.385863 
625.644314  	33.041037 
626.001620  	32.901545 
626.358927  	33.181753 
626.716234  	33.308771 
627.073541  	33.245104 
627.430848  	33.292338 
627.788155  	33.259376 
628.145462  	33.149438 
628.502768  	33.215828 
628.860075  	33.149301 
629.217382  	33.056242 
629.574689  	33.529827 
629.931996  	34.040825 
630.289303  	33.897058 
630.646610  	33.736378 
631.003917  	33.974791 
631.361223  	34.255215 
631.718530  	34.476386 
632.075837  	34.632715 
632.433144  	34.763319 
632.790451  	34.727299 
633.147758  	34.373893 
633.505065  	34.347655 
633.862371  	34.894470 
634.219678  	35.112225 
634.576985  	34.903657 
634.934292  	35.019991 
635.291599  	35.008225 
635.648906  	34.813911 
636.006213  	35.141062 
636.363519  	35.515897 
636.720826  	35.850906 
637.078133  	36.254504 
637.435440  	36.489504 
637.792747  	36.543651 
638.150054  	36.480266 
638.507361  	36.778289 
638.864667  	37.030648 
639.221974  	36.862096 
639.579281  	37.033534 
639.936588  	37.342358 
640.293895  	37.503391 
640.651202  	37.765036 
641.008509  	38.081641 
641.365815  	38.411282 
641.723122  	38.308051 
642.080429  	38.086269 
642.437736  	38.346670 
642.795043  	38.807657 
643.152350  	39.325902 
643.509657  	39.685433 
643.866964  	39.725210 
644.224270  	39.755642 
644.581577  	39.712851 
644.938884  	39.625619 
645.296191  	39.805839 
645.653498  	40.098422 
646.010805  	40.370634 
646.368112  	40.611838 
646.725418  	40.825697 
647.082725  	41.296293 
647.440032  	41.570926 
647.797339  	41.244788 
648.154646  	41.173771 
648.511953  	41.465144 
648.869260  	41.803890 
649.226566  	42.145355 
649.583873  	42.292803 
649.941180  	42.439407 
650.298487  	42.787707 
650.655794  	43.113814 
651.013101  	43.301390 
651.370408  	43.446330 
651.727714  	43.681059 
652.085021  	44.083832 
652.442328  	44.302825 
652.799635  	44.277599 
653.156942  	44.397452 
653.514249  	44.418812 
653.871556  	44.201913 
654.228862  	44.509738 
654.586169  	45.224880 
654.943476  	45.472406 
655.300783  	45.319863 
655.658090  	45.447739 
656.015397  	45.486375 
656.372704  	45.545596 
656.730011  	46.238746 
657.087317  	46.713499 
657.444624  	46.715855 
657.801931  	46.613873 
658.159238  	46.505582 
658.516545  	46.903055 
658.873852  	47.421823 
659.231159  	47.547329 
659.588465  	47.276709 
659.945772  	47.277674 
660.303079  	48.021001 
660.660386  	48.464439 
661.017693  	48.393239 
661.375000  	48.632610 
661.732307  	49.087612 
662.089613  	49.535308 
662.446920  	49.948501 
662.804227  	50.179058 
663.161534  	49.932331 
663.518841  	49.694083 
663.876148  	49.948889 
664.233455  	50.096144 
664.590761  	50.205451 
664.948068  	50.441818 
665.305375  	50.496060 
665.662682  	50.539871 
666.019989  	50.873245 
666.377296  	51.596651 
666.734603  	51.787882 
667.091909  	51.530823 
667.449216  	52.494532 
667.806523  	55.207538 
668.163830  	52.162223 
668.521137  	51.402879 
668.878444  	51.527955 
669.235751  	51.867951 
669.593057  	51.817465 
669.950364  	51.820947 
670.307671  	52.325323 
670.664978  	52.684010 
671.022285  	52.830483 
671.379592  	52.995876 
671.736899  	53.111815 
672.094206  	53.164386 
672.451512  	53.154508 
672.808819  	53.309377 
673.166126  	53.701819 
673.523433  	53.857859 
673.880740  	53.859152 
674.238047  	54.075464 
674.595354  	54.172683 
674.952660  	54.262324 
675.309967  	54.758691 
675.667274  	54.794473 
676.024581  	54.135981 
676.381888  	54.220414 
676.739195  	54.690181 
677.096502  	54.823353 
677.453808  	55.437310 
677.811115  	55.910699 
678.168422  	55.649401 
678.525729  	55.608024 
678.883036  	55.708642 
679.240343  	56.304700 
679.597650  	56.692220 
679.954956  	56.142182 
680.312263  	56.197310 
680.669570  	56.343598 
681.026877  	55.845855 
681.384184  	56.018977 
681.741491  	56.397046 
682.098798  	56.733122 
682.456104  	56.801407 
682.813411  	56.534885 
683.170718  	56.855322 
683.528025  	57.241021 
683.885332  	57.540673 
684.242639  	57.896669 
684.599946  	57.978105 
684.957253  	58.224930 
685.314559  	58.380107 
685.671866  	58.219224 
686.029173  	57.877530 
686.386480  	57.479751 
686.743787  	57.769537 
687.101094  	58.358926 
687.458401  	58.488002 
687.815707  	58.531402 
688.173014  	58.383401 
688.530321  	58.264891 
688.887628  	58.514181 
689.244935  	58.827152 
689.602242  	58.918478 
689.959549  	58.611641 
690.316855  	58.243141 
690.674162  	58.291573 
691.031469  	58.593340 
691.388776  	58.915744 
691.746083  	59.012343 
692.103390  	58.761513 
692.460697  	58.433018 
692.818003  	58.480341 
693.175310  	58.742604 
693.532617  	58.717015 
693.889924  	58.764708 
694.247231  	59.152733 
694.604538  	59.435619 
694.961845  	59.430156 
695.319151  	59.169694 
695.676458  	58.773424 
696.033765  	58.673152 
696.391072  	59.270090 
696.748379  	59.716417 
697.105686  	59.339200 
697.462993  	58.865787 
697.820300  	58.578551 
698.177606  	58.710296 
698.534913  	58.833781 
698.892220  	58.449668 
699.249527  	58.476846 
699.606834  	58.671203 
699.964141  	58.699817 
700.321448  	59.027009 
700.678754  	59.018939 
701.036061  	58.657061 
701.393368  	58.483295 
701.750675  	58.409614 
702.107982  	58.433442 
702.465289  	58.304625 
702.822596  	57.826995 
703.179902  	57.648474 
703.537209  	57.964879 
703.894516  	57.911091 
704.251823  	57.414723 
704.609130  	57.009850 
704.966437  	56.860927 
705.323744  	56.824634 
705.681050  	56.478766 
706.038357  	56.291570 
706.395664  	56.295956 
706.752971  	55.853706 
707.110278  	55.812543 
707.467585  	56.112587 
707.824892  	55.890652 
708.182198  	55.921995 
708.539505  	56.102699 
708.896812  	55.508751 
709.254119  	54.779919 
709.611426  	54.507890 
709.968733  	54.397055 
710.326040  	54.358530 
710.683347  	54.197676 
711.040653  	53.859976 
711.397960  	53.440089 
711.755267  	52.974798 
712.112574  	52.778540 
712.469881  	52.459970 
712.827188  	52.249713 
713.184495  	52.464207 
713.541801  	52.041264 
713.899108  	51.549816 
714.256415  	51.181460 
714.613722  	50.300755 
714.971029  	50.012524 
715.328336  	49.861432 
715.685643  	49.018516 
716.042949  	48.256069 
716.400256  	47.709908 
716.757563  	47.017685 
717.114870  	46.150915 
717.472177  	45.498322 
717.829484  	44.814224 
718.186791  	44.088419 
718.544097  	43.628351 
718.901404  	43.051787 
719.258711  	42.791615 
719.616018  	42.580023 
719.973325  	41.765297 
720.330632  	40.693384 
720.687939  	39.519872 
721.045245  	38.903879 
721.402552  	38.739721 
721.759859  	38.911944 
722.117166  	39.930909 
722.474473  	41.258990 
722.831780  	42.537798 
723.189087  	43.326276 
723.546394  	43.505733 
723.903700  	43.661858 
724.261007  	43.488333 
724.618314  	42.851265 
724.975621  	42.217559 
725.332928  	41.786301 
725.690235  	41.060962 
726.047542  	40.053818 
726.404848  	39.410742 
726.762155  	38.750564 
727.119462  	37.982527 
727.476769  	37.205364 
727.834076  	36.241435 
728.191383  	35.256581 
728.548690  	34.048753 
728.905996  	32.845778 
729.263303  	31.729692 
729.620610  	30.567529 
729.977917  	29.614348 
730.335224  	28.667594 
730.692531  	27.666778 
731.049838  	26.432770 
731.407144  	25.128964 
731.764451  	24.240409 
732.121758  	23.297155 
732.479065  	22.038609 
732.836372  	20.691828 
733.193679  	19.578380 
733.550986  	18.635121 
733.908292  	17.641595 
734.265599  	16.977953 
734.622906  	16.371795 
734.980213  	15.506485 
735.337520  	14.608897 
735.694827  	13.506564 
736.052134  	12.443370 
736.409441  	11.807079 
736.766747  	11.170430 
737.124054  	10.397016 
737.481361  	9.891647 
737.838668  	9.503604 
738.195975  	9.156426 
738.553282  	8.803408 
738.910589  	8.333208 
739.267895  	8.449297 
739.625202  	8.876561 
739.982509  	9.200796 
740.339816  	9.973860 
740.697123  	10.722535 
741.054430  	11.723974 
741.411737  	13.504239 
741.769043  	15.277063 
742.126350  	17.241668 
742.483657  	19.713928 
742.840964  	21.949439 
743.198271  	23.765431 
743.555578  	25.523569 
743.912885  	27.041106 
744.270191  	28.432697 
744.627498  	30.108704 
744.984805  	31.477203 
745.342112  	32.502958 
745.699419  	33.499217 
746.056726  	34.138550 
746.414033  	34.712713 
746.771339  	35.191673 
747.128646  	35.206990 
747.485953  	34.808970 
747.843260  	34.211724 
748.200567  	33.969281 
748.557874  	34.033794 
748.915181  	33.959000 
749.272488  	33.584222 
749.629794  	33.065826 
749.987101  	32.672895 
750.344408  	32.101391 
750.701715  	31.306040 
751.059022  	31.059128 
751.416329  	31.530367 
751.773636  	31.895802 
752.130942  	32.363114 
752.488249  	33.319503 
752.845556  	33.978451 
753.202863  	34.709179 
753.560170  	35.750908 
753.917477  	36.501363 
754.274784  	37.413936 
754.632090  	38.417452 
754.989397  	39.361590 
755.346704  	40.459367 
755.704011  	41.663984 
756.061318  	43.046440 
756.418625  	44.386924 
756.775932  	45.963091 
757.133238  	47.614131 
757.490545  	48.923841 
757.847852  	50.449910 
758.205159  	52.156673 
758.562466  	54.023370 
758.919773  	55.713097 
759.277080  	57.003753 
759.634386  	58.583450 
759.991693  	59.839177 
760.349000  	60.834868 
760.706307  	61.753868 
761.063614  	61.682075 
761.420921  	61.450287 
761.778228  	61.228487 
762.135534  	60.548722 
762.492841  	59.930813 
762.850148  	58.814221 
763.207455  	57.256220 
763.564762  	55.805564 
763.922069  	53.978818 
764.279376  	52.147823 
764.636683  	50.537363 
764.993989  	48.360717 
765.351296  	45.829816 
765.708603  	43.514863 
766.065910  	41.274879 
766.423217  	38.779238 
766.780524  	36.000270 
767.137831  	33.404138 
767.495137  	31.355300 
767.852444  	30.291740 
768.209751  	30.197047 
768.567058  	30.371329 
768.924365  	31.183672 
769.281672  	32.820560 
769.638979  	34.540381 
769.996285  	36.249911 
770.353592  	38.013186 
770.710899  	39.618295 
771.068206  	40.993556 
771.425513  	42.357119 
771.782820  	43.878572 
772.140127  	45.322000 
772.497433  	46.832984 
772.854740  	48.962298 
773.212047  	51.496876 
773.569354  	53.670698 
773.926661  	55.803654 
774.283968  	58.299663 
774.641275  	60.532995 
774.998581  	62.710445 
775.355888  	64.871571 
775.713195  	66.365465 
776.070502  	67.764619 
776.427809  	69.357792 
776.785116  	70.796069 
777.142423  	72.064788 
777.499730  	73.143725 
777.857036  	74.175013 
778.214343  	75.032527 
778.571650  	75.651526 
778.928957  	76.086697 
779.286264  	76.419553 
779.643571  	77.117933 
780.000878  	78.024643 
780.358184  	78.569395 
780.715491  	78.615544 
781.072798  	78.683315 
781.430105  	79.017836 
781.787412  	79.281741 
782.144719  	79.746073 
782.502026  	80.207114 
782.859332  	80.445110 
783.216639  	80.690422 
783.573946  	80.730187 
783.931253  	81.011349 
784.288560  	81.321228 
784.645867  	81.327696 
785.003174  	81.493646 
785.360480  	81.345487 
785.717787  	81.349634 
786.075094  	81.848940 
786.432401  	81.764917 
786.789708  	81.413121 
787.147015  	81.474428 
787.504322  	81.639271 
787.861628  	81.646927 
788.218935  	81.687272 
788.576242  	82.087684 
788.933549  	82.609439 
789.290856  	82.610713 
789.648163  	82.362971 
790.005470  	82.603306 
790.362777  	82.845751 
790.720083  	83.044170 
791.077390  	83.225071 
791.434697  	82.635643 
791.792004  	82.422666 
792.149311  	82.792295 
792.506618  	82.621968 
792.863925  	82.554987 
793.221231  	82.516709 
793.578538  	82.234994 
793.935845  	82.271019 
794.293152  	82.635267 
794.650459  	82.877988 
795.007766  	82.524300 
795.365073  	82.295491 
795.722379  	82.333338 
796.079686  	81.991970 
796.436993  	81.966119 
796.794300  	82.296577 
797.151607  	82.315640 
797.508914  	82.045884 
797.866221  	81.889748 
798.223527  	82.037783 
798.580834  	82.151946 
798.938141  	82.402721 
799.295448  	82.747839 
799.652755  	82.626716 
800.010062  	82.187236 
800.367369  	81.754661 
800.724675  	81.610865 
801.081982  	81.801808 
801.439289  	81.977092 
801.796596  	81.756410 
802.153903  	81.066209 
802.511210  	80.706055 
802.868517  	81.057075 
803.225824  	81.262754 
803.583130  	80.849465 
803.940437  	80.387701 
804.297744  	80.437223 
804.655051  	80.710462 
805.012358  	80.824199 
805.369665  	80.901477 
805.726972  	80.702296 
806.084278  	80.178134 
806.441585  	80.071310 
806.798892  	80.024220 
807.156199  	79.524917 
807.513506  	79.469361 
807.870813  	79.704861 
808.228120  	79.609488 
808.585426  	79.545637 
808.942733  	79.473090 
809.300040  	79.445349 
809.657347  	79.520055 
810.014654  	79.526227 
810.371961  	79.698515 
810.729268  	79.954517 
811.086574  	80.145133 
811.443881  	80.277922 
811.801188  	80.319229 
812.158495  	80.391180 
812.515802  	80.419102 
812.873109  	80.419883 
813.230416  	80.664889 
813.587722  	80.906330 
813.945029  	80.607365 
814.302336  	80.176949 
814.659643  	80.022999 
815.016950  	79.837000 
815.374257  	79.850577 
815.731564  	80.024980 
816.088871  	80.000121 
816.446177  	79.988405 
816.803484  	79.912439 
817.160791  	79.684933 
817.518098  	79.593490 
817.875405  	79.795868 
818.232712  	79.865894 
818.590019  	79.544995 
818.947325  	79.433513 
819.304632  	79.567883 
819.661939  	79.677093 
820.019246  	79.640528 
820.376553  	79.296925 
820.733860  	78.962902 
821.091167  	78.674364 
821.448473  	78.544926 
821.805780  	78.626218 
822.163087  	78.623060 
822.520394  	78.779657 
822.877701  	78.812089 
823.235008  	78.542675 
823.592315  	78.360683 
823.949621  	78.165558 
824.306928  	78.057729 
824.664235  	77.972073 
825.021542  	77.737588 
825.378849  	77.557064 
825.736156  	77.481845 
826.093463  	77.509556 
826.450769  	77.318873 
826.808076  	76.891148 
827.165383  	76.770900 
827.522690  	76.944829 
827.879997  	77.011206 
828.237304  	76.766986 
828.594611  	76.215216 
828.951918  	75.469355 
829.309224  	75.027371 
829.666531  	75.247190 
830.023838  	75.488480 
830.381145  	75.243526 
830.738452  	74.838134 
831.095759  	74.616996 
831.453066  	74.527504 
831.810372  	74.209040 
832.167679  	73.842644 
832.524986  	73.804611 
832.882293  	73.567069 
833.239600  	72.964799 
833.596907  	72.556843 
833.954214  	72.171451 
834.311520  	71.536015 
834.668827  	70.940702 
835.026134  	70.542694 
835.383441  	69.943664 
835.740748  	68.958314 
836.098055  	68.361808 
836.455362  	67.879603 
836.812668  	66.706705 
837.169975  	65.617701 
837.527282  	64.644933 
837.884589  	63.415604 
838.241896  	62.740351 
838.599203  	62.735577 
838.956510  	62.661656 
839.313816  	62.198146 
839.671123  	61.877191 
840.028430  	61.795688 
840.385737  	61.331271 
840.743044  	60.695956 
841.100351  	60.061163 
841.457658  	59.173786 
841.814964  	58.396576 
842.172271  	57.912900 
842.529578  	56.915147 
842.886885  	55.311814 
843.244192  	54.195869 
843.601499  	53.149127 
843.958806  	51.603177 
844.316113  	50.104376 
844.673419  	48.173473 
845.030726  	46.170610 
845.388033  	44.727148 
845.745340  	43.007581 
846.102647  	41.286708 
846.459954  	39.879105 
846.817261  	38.439346 
847.174567  	37.617666 
847.531874  	37.366506 
847.889181  	37.202203 
848.246488  	37.484641 
848.603795  	38.027024 
848.961102  	38.562684 
849.318409  	39.371123 
849.675715  	40.384340 
850.033022  	41.581488 
850.390329  	42.955147 
850.747636  	44.620946 
851.104943  	46.654557 
851.462250  	48.513881 
851.819557  	50.421440 
852.176863  	52.432212 
852.534170  	53.981453 
852.891477  	55.467730 
853.248784  	56.732586 
853.606091  	57.786231 
853.963398  	59.057647 
854.320705  	59.923110 
854.678011  	60.657000 
855.035318  	61.326136 
855.392625  	61.424107 
855.749932  	61.535986 
856.107239  	61.690502 
856.464546  	61.740769 
856.821853  	61.792262 
857.179160  	61.665202 
857.536466  	61.459016 
857.893773  	61.151800 
858.251080  	60.863924 
858.608387  	60.781291 
858.965694  	60.888480 
859.323001  	61.244601 
859.680308  	61.548811 
860.037614  	61.710690 
860.394921  	62.156703 
860.752228  	62.900346 
861.109535  	63.650674 
861.466842  	64.511711 
861.824149  	65.322946 
862.181456  	65.726692 
862.538762  	66.122140 
862.896069  	66.645183 
863.253376  	66.914451 
863.610683  	67.237912 
863.967990  	68.023030 
864.325297  	68.550056 
864.682604  	68.372976 
865.039910  	68.593245 
865.397217  	69.192260 
865.754524  	68.976545 
866.111831  	68.471654 
866.469138  	68.649180 
866.826445  	69.261857 
867.183752  	69.580248 
867.541058  	69.543266 
867.898365  	69.608701 
868.255672  	69.857419 
868.612979  	70.162765 
868.970286  	70.412201 
869.327593  	70.837649 
869.684900  	71.353761 
870.042207  	71.487306 
870.399513  	71.627469 
870.756820  	72.058819 
871.114127  	72.671546 
871.471434  	73.559780 
871.828741  	74.610020 
872.186048  	75.314197 
872.543355  	75.631908 
872.900661  	76.614760 
873.257968  	77.859129 
873.615275  	78.515704 
873.972582  	79.427706 
874.329889  	80.275159 
874.687196  	80.720609 
875.044503  	81.110829 
875.401809  	81.331131 
875.759116  	81.810363 
876.116423  	81.986262 
876.473730  	81.839543 
876.831037  	82.403546 
877.188344  	83.038084 
877.545651  	83.199609 
877.902957  	83.276245 
878.260264  	83.583869 
878.617571  	83.890587 
878.974878  	83.926352 
879.332185  	83.941345 
879.689492  	83.752604 
880.046799  	83.788872 
880.404105  	84.177960 
880.761412  	84.296017 
881.118719  	84.428057 
881.476026  	84.220021 
881.833333  	83.821950 
882.190640  	83.905251 
882.547947  	83.988605 
882.905254  	83.963445 
883.262560  	83.642688 
883.619867  	83.593819 
883.977174  	84.145810 
884.334481  	84.049849 
884.691788  	83.975786 
885.049095  	84.147419 
885.406402  	83.720450 
885.763708  	83.801005 
886.121015  	84.020662 
886.478322  	83.477263 
886.835629  	83.256859 
887.192936  	83.322769 
887.550243  	83.066464 
887.907550  	83.099997 
888.264856  	83.406482 
888.622163  	83.250602 
888.979470  	83.095952 
889.336777  	83.314591 
889.694084  	83.169468 
890.051391  	82.838550 
890.408698  	82.830739 
890.766004  	82.966405 
891.123311  	83.180581 
891.480618  	83.066547 
891.837925  	82.541873 
892.195232  	82.338226 
892.552539  	82.511880 
892.909846  	82.652368 
893.267152  	82.632622 
893.624459  	82.498125 
893.981766  	82.507045 
894.339073  	82.514308 
894.696380  	82.391155 
895.053687  	82.448187 
895.410994  	82.281229 
895.768301  	81.848004 
896.125607  	81.799705 
896.482914  	81.873732 
896.840221  	81.792247 
897.197528  	81.574997 
897.554835  	81.401852 
897.912142  	81.505756 
898.269449  	81.412905 
898.626755  	81.081803 
898.984062  	80.750516 
899.341369  	80.697632 
899.698676  	81.115685 
900.055983  	81.016278 
900.413290  	80.501692 
900.770597  	80.260545 
901.127903  	80.030577 
901.485210  	80.132156 
901.842517  	80.261673 
902.199824  	80.218564 
902.557131  	80.194828 
902.914438  	79.755859 
903.271745  	79.668577 
903.629051  	79.791207 
903.986358  	79.377140 
904.343665  	79.291372 
904.700972  	79.230659 
905.058279  	78.921609 
905.415586  	79.016777 
905.772893  	79.079398 
906.130199  	78.851973 
906.487506  	78.630287 
906.844813  	78.579058 
907.202120  	78.392566 
907.559427  	77.924463 
907.916734  	77.906004 
908.274041  	78.035415 
908.631348  	77.654369 
908.988654  	77.418027 
909.345961  	77.415608 
909.703268  	77.085187 
910.060575  	76.713024 
910.417882  	76.779214 
910.775189  	76.903471 
911.132496  	76.600555 
911.489802  	76.220688 
911.847109  	76.031139 
912.204416  	75.877110 
912.561723  	75.565257 
912.919030  	74.896427 
913.276337  	74.119464 
913.633644  	73.375838 
913.990950  	72.381028 
914.348257  	71.233335 
914.705564  	70.143452 
915.062871  	69.099668 
915.420178  	68.153309 
915.777485  	67.562507 
916.134792  	67.615239 
916.492098  	68.134666 
916.849405  	68.718513 
917.206712  	69.486513 
917.564019  	70.756554 
917.921326  	72.233560 
918.278633  	73.485206 
918.635940  	74.391511 
918.993246  	75.019669 
919.350553  	75.853388 
919.707860  	76.876630 
920.065167  	77.644935 
920.422474  	78.074044 
920.779781  	77.870618 
921.137088  	77.585722 
921.494394  	77.886759 
921.851701  	78.037859 
922.209008  	77.960164 
922.566315  	78.210306 
922.923622  	78.498429 
923.280929  	78.439346 
923.638236  	78.330586 
923.995543  	78.388365 
924.352849  	78.068938 
924.710156  	77.648145 
925.067463  	77.820027 
925.424770  	78.133611 
925.782077  	78.147844 
926.139384  	78.045263 
926.496691  	78.095033 
926.853997  	78.078682 
927.211304  	77.982364 
927.568611  	77.994809 
927.925918  	77.682303 
928.283225  	77.519898 
928.640532  	77.590216 
928.997839  	77.141650 
929.355145  	76.901894 
929.712452  	76.857286 
930.069759  	76.510982 
930.427066  	76.450120 
930.784373  	76.318267 
931.141680  	75.888872 
931.498987  	75.607137 
931.856293  	75.250738 
932.213600  	74.758310 
932.570907  	74.161967 
932.928214  	73.259925 
933.285521  	72.202222 
933.642828  	71.071553 
934.000135  	69.853282 
934.357441  	68.534622 
934.714748  	66.671541 
935.072055  	64.429890 
935.429362  	62.259492 
935.786669  	59.958821 
936.143976  	58.031550 
936.501283  	57.075439 
936.858590  	57.235654 
937.215896  	58.763121 
937.573203  	61.200454 
937.930510  	64.179291 
938.287817  	67.436315 
938.645124  	70.299821 
939.002431  	72.575221 
939.359738  	74.222430 
939.717044  	75.541820 
940.074351  	76.759451 
940.431658  	77.436452 
940.788965  	77.778095 
941.146272  	78.263835 
941.503579  	78.555714 
941.860886  	78.520954 
942.218192  	78.815620 
942.575499  	79.414011 
942.932806  	79.560322 
943.290113  	79.270016 
943.647420  	79.179074 
944.004727  	79.602894 
944.362034  	79.827284 
944.719340  	79.548255 
945.076647  	79.581554 
945.433954  	79.764665 
945.791261  	79.894525 
946.148568  	80.143774 
946.505875  	79.883281 
946.863182  	79.289607 
947.220488  	78.997777 
947.577795  	79.019299 
947.935102  	79.376156 
948.292409  	79.630141 
948.649716  	79.418344 
949.007023  	79.307451 
949.364330  	79.411266 
949.721637  	79.372436 
950.078943  	79.422928 
950.436250  	79.458065 
950.793557  	79.270166 
951.150864  	79.222417 
951.508171  	79.372896 
951.865478  	79.496399 
952.222785  	79.306306 
952.580091  	79.103141 
952.937398  	79.216967 
953.294705  	79.161489 
953.652012  	79.144163 
954.009319  	79.246985 
954.366626  	79.096622 
954.723933  	79.017027 
955.081239  	79.062640 
955.438546  	79.190384 
955.795853  	79.055790 
956.153160  	78.793709 
956.510467  	79.166035 
956.867774  	79.240163 
957.225081  	78.992820 
957.582387  	79.421183 
957.939694  	79.460455 
958.297001  	78.913752 
958.654308  	78.879468 
959.011615  	79.324180 
959.368922  	79.617202 
959.726229  	79.319985 
960.083535  	78.840218 
960.440842  	78.724021 
960.798149  	78.809679 
961.155456  	78.798087 
961.512763  	78.640916 
961.870070  	78.651060 
962.227377  	78.765540 
962.584684  	78.679267 
962.941990  	78.677973 
963.299297  	78.787369 
963.656604  	78.759256 
964.013911  	78.758814 
964.371218  	78.941186 
964.728525  	79.110033 
965.085832  	78.981499 
965.443138  	78.761709 
965.800445  	78.637986 
966.157752  	78.503447 
966.515059  	78.597633 
966.872366  	78.750210 
967.229673  	78.653567 
967.586980  	78.567425 
967.944286  	78.416604 
968.301593  	78.247528 
968.658900  	78.296922 
969.016207  	78.289674 
969.373514  	78.300981 
969.730821  	78.532385 
970.088128  	78.446999 
970.445434  	77.841870 
970.802741  	77.355048 
971.160048  	77.167422 
971.517355  	77.046826 
971.874662  	77.152382 
972.231969  	77.431254 
972.589276  	77.699617 
972.946582  	78.052323 
973.303889  	78.357988 
973.661196  	78.345919 
974.018503  	78.118556 
974.375810  	78.050117 
974.733117  	78.168200 
975.090424  	78.189531 
975.447731  	78.129753 
975.805037  	78.188860 
976.162344  	78.211611 
976.519651  	78.080518 
976.876958  	78.070432 
977.234265  	78.053611 
977.591572  	77.980561 
977.948879  	78.168233 
978.306185  	78.306063 
978.663492  	78.159706 
979.020799  	77.810750 
979.378106  	77.501671 
979.735413  	77.592332 
980.092720  	77.784422 
980.450027  	77.915881 
980.807333  	78.019323 
981.164640  	77.999757 
981.521947  	77.934287 
981.879254  	77.748205 
982.236561  	77.678228 
982.593868  	77.677533 
982.951175  	77.557881 
983.308481  	77.567869 
983.665788  	77.589525 
984.023095  	77.680378 
984.380402  	77.450686 
984.737709  	76.793750 
985.095016  	76.807843 
985.452323  	77.103756 
985.809629  	76.904618 
986.166936  	76.654346 
986.524243  	76.547869 
986.881550  	76.755232 
987.238857  	77.150838 
987.596164  	77.172100 
987.953471  	76.954040 
988.310778  	76.979464 
988.668084  	76.989510 
989.025391  	76.781660 
989.382698  	76.785372 
989.740005  	76.747010 
990.097312  	76.463820 
990.454619  	76.310699 
990.811926  	76.294489 
991.169232  	76.432902 
991.526539  	76.512274 
991.883846  	76.371244 
992.241153  	76.186164 
992.598460  	76.025371 
992.955767  	76.017382 
993.313074  	75.867405 
993.670380  	75.667755 
994.027687  	75.837403 
994.384994  	75.805215 
994.742301  	75.531781 
995.099608  	75.467746 
995.456915  	75.335934 
995.814222  	75.205579 
996.171528  	75.271640 
996.528835  	75.171295 
996.886142  	74.973106 
997.243449  	74.978066 
997.600756  	74.802799 
997.958063  	74.512943 
998.315370  	74.826941 
998.672676  	75.278744 
999.029983  	74.973304 
999.387290  	74.430320 
999.744597  	74.364359 
1000.101904  	74.451503 
1000.459211  	74.369145 
1000.816518  	74.250277 
1001.173824  	74.036297 
1001.531131  	73.686970 
1001.888438  	73.627108 
1002.245745  	73.864460 
1002.603052  	73.801933 
1002.960359  	73.674893 
1003.317666  	73.743941 
1003.674973  	73.506250 
1004.032279  	73.225846 
1004.389586  	73.036615 
1004.746893  	72.668612 
1005.104200  	72.581552 
1005.461507  	72.547865 
1005.818814  	72.192841 
1006.176121  	72.117368 
1006.533427  	72.410451 
1006.890734  	72.384191 
1007.248041  	71.871464 
1007.605348  	71.588104 
1007.962655  	71.648863 
1008.319962  	71.470905 
1008.677269  	71.096714 
1009.034575  	70.778496 
1009.391882  	70.633152 
1009.749189  	70.563786 
1010.106496  	70.399379 
1010.463803  	70.235958 
1010.821110  	69.988286 
1011.178417  	69.787586 
1011.535723  	69.759129 
1011.893030  	69.674987 
1012.250337  	69.633777 
1012.607644  	69.564885 
1012.964951  	69.237649 
1013.322258  	68.893439 
1013.679565  	68.987337 
1014.036871  	69.272021 
1014.394178  	69.009226 
1014.751485  	68.815993 
1015.108792  	69.076608 
1015.466099  	68.849698 
1015.823406  	68.459101 
1016.180713  	68.434030 
1016.538020  	68.465781 
1016.895326  	68.511804 
1017.252633  	68.297927 
1017.609940  	68.041884 
1017.967247  	68.109439 
1018.324554  	68.002142 
1018.681861  	67.790502 
1019.039168  	67.845969 
1019.396474  	67.847991 
1019.753781  	67.636830 
1020.111088  	67.457397 
1020.468395  	67.288301 
1020.825702  	66.976979 
1021.183009  	66.466632 
1021.540316  	65.769329 
1021.897622  	65.505087 
1022.254929  	65.849300 
1022.612236  	66.011493 
1022.969543  	65.830300 
1023.326850  	65.477686 
1023.684157  	65.059342 
1024.041464  	64.770388 
1024.398770  	64.447864 
1024.756077  	64.182906 
1025.113384  	64.023074 
1025.470691  	63.798098 
1025.827998  	63.418290 
1026.185305  	62.686700 
1026.542612  	62.029358 
1026.899918  	61.707486 
1027.257225  	61.399228 
1027.614532  	61.097209 
1027.971839  	60.554280 
1028.329146  	59.907181 
1028.686453  	59.592512 
1029.043760  	59.093981 
1029.401067  	58.347020 
1029.758373  	57.832603 
1030.115680  	57.189461 
1030.472987  	56.346423 
1030.830294  	55.665297 
1031.187601  	54.948730 
1031.544908  	54.189531 
1031.902215  	53.313573 
1032.259521  	52.088242 
1032.616828  	50.942481 
1032.974135  	49.976226 
1033.331442  	48.978316 
1033.688749  	47.930013 
1034.046056  	46.820912 
1034.403363  	45.890772 
1034.760669  	44.924711 
1035.117976  	43.816658 
1035.475283  	42.826585 
1035.832590  	41.633039 
1036.189897  	40.251181 
1036.547204  	38.722339 
1036.904511  	36.833309 
1037.261817  	35.068760 
1037.619124  	33.715760 
1037.976431  	32.348506 
1038.333738  	30.752504 
1038.691045  	29.217276 
1039.048352  	27.868685 
1039.405659  	26.764212 
1039.762965  	26.162135 
1040.120272  	26.068921 
1040.477579  	26.518505 
1040.834886  	27.537801 
1041.192193  	29.185825 
1041.549500  	31.694151 
1041.906807  	34.732673 
1042.264114  	37.965159 
1042.621420  	41.406099 
1042.978727  	44.684299 
1043.336034  	47.727964 
1043.693341  	50.845059 
1044.050648  	53.917826 
1044.407955  	56.870211 
1044.765262  	59.678855 
1045.122568  	62.168676 
1045.479875  	63.997814 
1045.837182  	65.257965 
1046.194489  	66.691892 
1046.551796  	67.966821 
1046.909103  	68.706889 
1047.266410  	69.540424 
1047.623716  	70.338431 
1047.981023  	70.850437 
1048.338330  	71.233426 
1048.695637  	71.508597 
1049.052944  	71.822560 
1049.410251  	72.116239 
1049.767558  	72.297197 
1050.124864  	72.370266 
1050.482171  	72.388449 
1050.839478  	72.425187 
1051.196785  	72.332959 
1051.554092  	72.234143 
1051.911399  	72.221846 
1052.268706  	72.119075 
1052.626012  	72.118987 
1052.983319  	72.187048 
1053.340626  	71.956061 
1053.697933  	71.714794 
1054.055240  	71.665183 
1054.412547  	71.249106 
1054.769854  	70.714108 
1055.127161  	70.592180 
1055.484467  	70.454066 
1055.841774  	70.264303 
1056.199081  	70.202531 
1056.556388  	70.171427 
1056.913695  	70.162956 
1057.271002  	69.951133 
1057.628309  	69.704133 
1057.985615  	69.588130 
1058.342922  	69.457662 
1058.700229  	69.242545 
1059.057536  	68.774958 
1059.414843  	68.479563 
1059.772150  	68.601357 
1060.129457  	68.657703 
1060.486763  	68.474151 
1060.844070  	68.055707 
1061.201377  	67.620977 
1061.558684  	67.454344 
1061.915991  	67.330408 
1062.273298  	67.032127 
1062.630605  	66.832813 
1062.987911  	66.689149 
1063.345218  	66.407334 
1063.702525  	66.460726 
1064.059832  	66.511227 
1064.417139  	66.003518 
1064.774446  	65.458933 
1065.131753  	65.150549 
1065.489059  	65.123217 
1065.846366  	65.002171 
1066.203673  	64.546435 
1066.560980  	64.122131 
1066.918287  	63.673680 
1067.275594  	63.481383 
1067.632901  	63.417851 
1067.990208  	63.197323 
1068.347514  	63.073169 
1068.704821  	62.652103 
1069.062128  	62.342694 
1069.419435  	62.263509 
1069.776742  	61.717731 
1070.134049  	61.335458 
1070.491356  	60.995825 
1070.848662  	60.256652 
1071.205969  	59.952409 
1071.563276  	60.089015 
1071.920583  	60.006691 
1072.277890  	59.813604 
1072.635197  	59.676981 
1072.992504  	59.233767 
1073.349810  	58.591105 
1073.707117  	58.224990 
1074.064424  	58.182488 
1074.421731  	58.151049 
1074.779038  	57.725421 
1075.136345  	57.185091 
1075.493652  	56.731413 
1075.850958  	56.046273 
1076.208265  	55.392437 
1076.565572  	55.058049 
1076.922879  	54.778695 
1077.280186  	54.280017 
1077.637493  	53.913415 
1077.994800  	53.751855 
1078.352106  	53.342354 
1078.709413  	52.951250 
1079.066720  	52.364555 
1079.424027  	51.436709 
1079.781334  	50.902640 
1080.138641  	50.402258 
1080.495948  	49.708435 
1080.853255  	49.144846 
1081.210561  	48.473397 
1081.567868  	47.844448 
1081.925175  	47.222695 
1082.282482  	46.420647 
1082.639789  	45.637983 
1082.997096  	44.800259 
1083.354403  	44.018402 
1083.711709  	43.242504 
1084.069016  	42.224644 
1084.426323  	41.371902 
1084.783630  	40.704266 
1085.140937  	39.731676 
1085.498244  	38.440984 
1085.855551  	37.102241 
1086.212857  	35.973241 
1086.570164  	34.813407 
1086.927471  	33.401661 
1087.284778  	32.081222 
1087.642085  	30.831944 
1087.999392  	29.540523 
1088.356699  	28.213238 
1088.714005  	26.766561 
1089.071312  	25.326725 
1089.428619  	23.961873 
1089.785926  	22.636629 
1090.143233  	21.304880 
1090.500540  	20.380462 
1090.857847  	19.902993 
1091.215153  	19.034261 
1091.572460  	17.937345 
1091.929767  	17.039773 
1092.287074  	16.229681 
1092.644381  	15.574450 
1093.001688  	15.155563 
1093.358995  	15.131887 
1093.716301  	15.005532 
1094.073608  	14.835476 
1094.430915  	15.495801 
1094.788222  	16.393113 
1095.145529  	17.335559 
1095.502836  	19.027703 
1095.860143  	21.165991 
1096.217450  	23.578788 
1096.574756  	26.229698 
1096.932063  	28.878409 
1097.289370  	31.999391 
1097.646677  	35.477570 
1098.003984  	39.148349 
1098.361291  	43.467352 
1098.718598  	47.839198 
1099.075904  	51.973970 
1099.433211  	55.775171 
1099.790518  	58.807166 
1100.147825  	61.636097 
1100.505132  	64.171626 
1100.862439  	66.351840 
1101.219746  	68.538733 
1101.577052  	70.418831 
1101.934359  	72.104493 
1102.291666  	73.164323 
1102.648973  	73.786296 
1103.006280  	74.957880 
1103.363587  	76.044343 
1103.720894  	76.665230 
1104.078200  	77.008181 
1104.435507  	77.232035 
1104.792814  	77.559128 
1105.150121  	77.746665 
1105.507428  	78.158609 
1105.864735  	78.574241 
1106.222042  	78.607775 
1106.579348  	78.768116 
1106.936655  	78.781582 
1107.293962  	78.646911 
1107.651269  	78.608614 
1108.008576  	78.521656 
1108.365883  	78.514082 
1108.723190  	78.552087 
1109.080497  	78.628691 
1109.437803  	78.403996 
1109.795110  	77.965811 
1110.152417  	77.954163 
1110.509724  	77.949085 
1110.867031  	77.509499 
1111.224338  	77.008799 
1111.581645  	76.856305 
1111.938951  	76.730571 
1112.296258  	76.357378 
1112.653565  	76.051694 
1113.010872  	75.713600 
1113.368179  	75.574265 
1113.725486  	75.527797 
1114.082793  	75.048542 
1114.440099  	74.761814 
1114.797406  	74.706299 
1115.154713  	74.394279 
1115.512020  	74.053480 
1115.869327  	73.648851 
1116.226634  	73.118228 
1116.583941  	72.866758 
1116.941247  	72.793491 
1117.298554  	72.256482 
1117.655861  	71.661603 
1118.013168  	71.387735 
1118.370475  	70.958261 
1118.727782  	70.744037 
1119.085089  	70.828922 
1119.442395  	70.578520 
1119.799702  	70.032084 
1120.157009  	69.561250 
1120.514316  	69.292048 
1120.871623  	69.075800 
1121.228930  	68.996857 
1121.586237  	69.010851 
1121.943544  	68.951330 
1122.300850  	69.005848 
1122.658157  	68.906870 
1123.015464  	68.464665 
1123.372771  	68.158649 
1123.730078  	68.275487 
1124.087385  	68.428306 
1124.444692  	68.102086 
1124.801998  	67.577236 
1125.159305  	67.438718 
1125.516612  	67.450272 
1125.873919  	67.026369 
1126.231226  	66.706904 
1126.588533  	66.846650 
1126.945840  	66.695092 
1127.303146  	66.393133 
1127.660453  	66.120809 
1128.017760  	65.885355 
1128.375067  	66.000234 
1128.732374  	65.736687 
1129.089681  	65.185240 
1129.446988  	65.081925 
1129.804294  	65.006169 
1130.161601  	64.811244 
1130.518908  	64.641259 
1130.876215  	64.286906 
1131.233522  	63.802138 
1131.590829  	63.613688 
1131.948136  	63.516251 
1132.305442  	63.179844 
1132.662749  	63.000776 
1133.020056  	62.722854 
1133.377363  	62.315528 
1133.734670  	62.159577 
1134.091977  	61.900376 
1134.449284  	61.700065 
1134.806591  	61.477343 
1135.163897  	60.915376 
1135.521204  	60.549177 
1135.878511  	60.395116 
1136.235818  	60.036183 
1136.593125  	59.561776 
1136.950432  	59.280640 
1137.307739  	59.142969 
1137.665045  	58.818936 
1138.022352  	58.353746 
1138.379659  	58.075350 
1138.736966  	57.931032 
1139.094273  	57.588539 
1139.451580  	57.222120 
1139.808887  	56.919026 
1140.166193  	56.525623 
1140.523500  	56.170322 
1140.880807  	55.658434 
1141.238114  	55.190965 
1141.595421  	55.034239 
1141.952728  	54.675519 
1142.310035  	54.148624 
1142.667341  	53.798984 
1143.024648  	53.514632 
1143.381955  	53.129537 
1143.739262  	52.658270 
1144.096569  	52.148746 
1144.453876  	51.590720 
1144.811183  	51.081148 
1145.168489  	50.580807 
1145.525796  	50.093734 
1145.883103  	49.541932 
1146.240410  	48.806722 
1146.597717  	48.044233 
1146.955024  	47.056333 
1147.312331  	45.955145 
1147.669638  	44.861794 
1148.026944  	43.266313 
1148.384251  	41.281424 
1148.741558  	39.396969 
1149.098865  	38.214624 
1149.456172  	38.133171 
1149.813479  	39.143749 
1150.170786  	41.142157 
1150.528092  	43.056959 
1150.885399  	44.086909 
1151.242706  	44.727791 
1151.600013  	44.994856 
1151.957320  	44.652739 
1152.314627  	44.004198 
1152.671934  	43.339366 
1153.029240  	42.831535 
1153.386547  	42.455718 
1153.743854  	41.943512 
1154.101161  	41.270257 
1154.458468  	40.710370 
1154.815775  	40.255664 
1155.173082  	39.540315 
1155.530388  	38.515119 
1155.887695  	37.797440 
1156.245002  	37.429706 
1156.602309  	36.827224 
1156.959616  	36.114475 
1157.316923  	35.283850 
1157.674230  	34.268217 
1158.031536  	33.541319 
1158.388843  	33.004460 
1158.746150  	32.244634 
1159.103457  	31.247269 
1159.460764  	30.483981 
1159.818071  	30.017934 
1160.175378  	29.321641 
1160.532685  	28.603705 
1160.889991  	27.946892 
1161.247298  	27.206410 
1161.604605  	26.662144 
1161.961912  	26.105024 
1162.319219  	25.461912 
1162.676526  	24.933357 
1163.033833  	24.617497 
1163.391139  	24.570951 
1163.748446  	24.512667 
1164.105753  	24.614137 
1164.463060  	25.019256 
1164.820367  	25.361538 
1165.177674  	25.772236 
1165.534981  	26.357964 
1165.892287  	26.938991 
1166.249594  	27.419815 
1166.606901  	27.946196 
1166.964208  	28.644381 
1167.321515  	29.076557 
1167.678822  	29.201813 
1168.036129  	29.321584 
1168.393435  	29.503438 
1168.750742  	29.828142 
1169.108049  	30.042638 
1169.465356  	30.256525 
1169.822663  	30.678185 
1170.179970  	30.885897 
1170.537277  	30.892690 
1170.894583  	30.852687 
1171.251890  	30.650306 
1171.609197  	30.327639 
1171.966504  	29.937621 
1172.323811  	29.658691 
1172.681118  	29.402716 
1173.038425  	28.801409 
1173.395731  	28.174761 
1173.753038  	27.850634 
1174.110345  	27.389867 
1174.467652  	26.730884 
1174.824959  	26.211719 
1175.182266  	25.680869 
1175.539573  	24.935217 
1175.896880  	24.183444 
1176.254186  	23.825062 
1176.611493  	23.563385 
1176.968800  	22.882193 
1177.326107  	22.239293 
1177.683414  	21.686978 
1178.040721  	20.896930 
1178.398028  	20.196479 
1178.755334  	19.632226 
1179.112641  	19.189943 
1179.469948  	18.733413 
1179.827255  	18.113874 
1180.184562  	17.683623 
1180.541869  	17.130674 
1180.899176  	16.352345 
1181.256482  	15.875294 
1181.613789  	15.550083 
1181.971096  	15.249671 
1182.328403  	15.007585 
1182.685710  	14.763554 
1183.043017  	14.610128 
1183.400324  	14.432297 
1183.757630  	14.261705 
1184.114937  	14.305047 
1184.472244  	14.458091 
1184.829551  	14.743827 
1185.186858  	15.213037 
1185.544165  	15.528965 
1185.901472  	15.842604 
1186.258778  	16.480934 
1186.616085  	17.132913 
1186.973392  	17.870015 
1187.330699  	18.605820 
1187.688006  	19.160600 
1188.045313  	20.190405 
1188.402620  	21.329314 
1188.759927  	21.884733 
1189.117233  	22.436491 
1189.474540  	23.223925 
1189.831847  	24.101180 
1190.189154  	24.942635 
1190.546461  	25.399446 
1190.903768  	25.665342 
1191.261075  	26.065714 
1191.618381  	26.587653 
1191.975688  	27.208854 
1192.332995  	27.637028 
1192.690302  	28.001366 
1193.047609  	28.715335 
1193.404916  	29.384968 
1193.762223  	30.073993 
1194.119529  	31.062644 
1194.476836  	31.756580 
1194.834143  	32.420789 
1195.191450  	33.581089 
1195.548757  	34.648364 
1195.906064  	35.445437 
1196.263371  	36.413896 
1196.620677  	37.563615 
1196.977984  	38.587138 
1197.335291  	39.445837 
1197.692598  	40.351604 
1198.049905  	41.311186 
1198.407212  	42.238080 
1198.764519  	43.127293 
1199.121825  	43.908792 
1199.479132  	44.595597 
1199.836439  	45.410954 
1200.193746  	46.259578 
1200.551053  	46.753350 
1200.908360  	47.042638 
1201.265667  	47.583959 
1201.622974  	48.272194 
1201.980280  	48.775233 
1202.337587  	49.331373 
1202.694894  	49.956413 
1203.052201  	50.185108 
1203.409508  	50.314399 
1203.766815  	50.580726 
1204.124122  	50.693166 
1204.481428  	50.828703 
1204.838735  	50.965451 
1205.196042  	50.923913 
1205.553349  	50.955115 
1205.910656  	51.134301 
1206.267963  	51.194014 
1206.625270  	51.023054 
1206.982576  	50.907222 
1207.339883  	50.744342 
1207.697190  	50.284078 
1208.054497  	49.962862 
1208.411804  	49.784597 
1208.769111  	49.519322 
1209.126418  	49.370918 
1209.483724  	49.043674 
1209.841031  	48.562530 
1210.198338  	48.336182 
1210.555645  	48.061921 
1210.912952  	47.717886 
1211.270259  	47.358323 
1211.627566  	46.763841 
1211.984872  	46.241875 
1212.342179  	45.736306 
1212.699486  	45.106697 
1213.056793  	44.663843 
1213.414100  	44.269358 
1213.771407  	43.810413 
1214.128714  	43.312359 
1214.486021  	42.765611 
1214.843327  	42.214160 
1215.200634  	41.529786 
1215.557941  	40.953361 
1215.915248  	40.579921 
1216.272555  	40.077960 
1216.629862  	39.489388 
1216.987169  	38.905549 
1217.344475  	38.316164 
1217.701782  	37.691445 
1218.059089  	37.039426 
1218.416396  	36.480773 
1218.773703  	35.965847 
1219.131010  	35.404904 
1219.488317  	34.779819 
1219.845623  	34.150944 
1220.202930  	33.510433 
1220.560237  	32.908821 
1220.917544  	32.497178 
1221.274851  	32.009890 
1221.632158  	31.285800 
1221.989465  	30.565624 
1222.346771  	30.085329 
1222.704078  	29.741945 
1223.061385  	29.171002 
1223.418692  	28.672424 
1223.775999  	28.400246 
1224.133306  	27.863232 
1224.490613  	27.247180 
1224.847919  	26.905697 
1225.205226  	26.613813 
1225.562533  	26.119872 
1225.919840  	25.603295 
1226.277147  	25.324502 
1226.634454  	25.205785 
1226.991761  	25.039217 
1227.349068  	24.658925 
1227.706374  	24.283155 
1228.063681  	24.029433 
1228.420988  	23.699332 
1228.778295  	23.544160 
1229.135602  	23.456615 
1229.492909  	23.120354 
1229.850216  	22.878335 
1230.207522  	22.799002 
1230.564829  	22.648699 
1230.922136  	22.486350 
1231.279443  	22.272381 
1231.636750  	21.968524 
1231.994057  	21.811679 
1232.351364  	21.705800 
1232.708670  	21.530912 
1233.065977  	21.490812 
1233.423284  	21.390461 
1233.780591  	21.126951 
1234.137898  	20.903591 
1234.495205  	20.815340 
1234.852512  	20.903411 
1235.209818  	20.944851 
1235.567125  	20.911263 
1235.924432  	20.865537 
1236.281739  	20.876115 
1236.639046  	20.926983 
1236.996353  	20.692971 
1237.353660  	20.595421 
1237.710966  	20.788220 
1238.068273  	20.789193 
1238.425580  	20.915769 
1238.782887  	21.180832 
1239.140194  	21.259299 
1239.497501  	21.350190 
1239.854808  	21.576175 
1240.212115  	21.828350 
1240.569421  	22.041861 
1240.926728  	22.366776 
1241.284035  	22.778251 
1241.641342  	23.127567 
1241.998649  	23.402063 
1242.355956  	23.819131 
1242.713263  	24.582076 
1243.070569  	25.185104 
1243.427876  	25.542986 
1243.785183  	26.087798 
1244.142490  	26.620558 
1244.499797  	27.154720 
1244.857104  	27.721856 
1245.214411  	28.148383 
1245.571717  	28.610850 
1245.929024  	28.998615 
1246.286331  	29.236809 
1246.643638  	29.591083 
1247.000945  	29.946745 
1247.358252  	30.065960 
1247.715559  	30.034399 
1248.072865  	29.966520 
1248.430172  	29.862711 
1248.787479  	29.657149 
1249.144786  	29.289042 
1249.502093  	28.866128 
1249.859400  	28.524209 
1250.216707  	28.258376 
1250.574013  	27.830881 
1250.931320  	27.222712 
1251.288627  	26.707985 
1251.645934  	26.109360 
1252.003241  	25.433257 
1252.360548  	24.901844 
1252.717855  	24.387472 
1253.075161  	24.029269 
1253.432468  	23.776949 
1253.789775  	23.477717 
1254.147082  	23.302786 
1254.504389  	23.279149 
1254.861696  	23.611340 
1255.219003  	24.217121 
1255.576310  	24.743534 
1255.933616  	25.509515 
1256.290923  	26.648191 
1256.648230  	27.754151 
1257.005537  	28.898530 
1257.362844  	30.288302 
1257.720151  	31.632927 
1258.077458  	32.859252 
1258.434764  	34.177189 
1258.792071  	35.542163 
1259.149378  	36.816333 
1259.506685  	37.989089 
1259.863992  	39.296768 
1260.221299  	40.630411 
1260.578606  	41.624159 
1260.935912  	42.497395 
1261.293219  	43.251663 
1261.650526  	43.884890 
1262.007833  	44.690528 
1262.365140  	45.414630 
1262.722447  	46.048625 
1263.079754  	46.731337 
1263.437060  	47.237089 
1263.794367  	47.708145 
1264.151674  	48.304554 
1264.508981  	48.822908 
1264.866288  	49.232128 
1265.223595  	49.822815 
1265.580902  	50.416117 
1265.938208  	50.625418 
1266.295515  	50.767449 
1266.652822  	50.981409 
1267.010129  	51.065041 
1267.367436  	51.088620 
1267.724743  	51.180896 
1268.082050  	51.362099 
1268.439357  	51.306475 
1268.796663  	51.034606 
1269.153970  	50.889903 
1269.511277  	50.489544 
1269.868584  	49.756144 
1270.225891  	49.256310 
1270.583198  	48.781337 
1270.940505  	48.013493 
1271.297811  	47.342013 
1271.655118  	46.623856 
1272.012425  	45.545790 
1272.369732  	44.590993 
1272.727039  	43.704378 
1273.084346  	42.559942 
1273.441653  	41.425437 
1273.798959  	40.366186 
1274.156266  	39.296630 
1274.513573  	38.215658 
1274.870880  	37.025569 
1275.228187  	35.861939 
1275.585494  	34.930760 
1275.942801  	34.116797 
1276.300107  	33.383111 
1276.657414  	32.779223 
1277.014721  	32.140337 
1277.372028  	31.560168 
1277.729335  	31.282939 
1278.086642  	31.306550 
1278.443949  	31.603420 
1278.801255  	32.123088 
1279.158562  	32.709719 
1279.515869  	33.303573 
1279.873176  	34.104851 
1280.230483  	35.173790 
1280.587790  	36.378976 
1280.945097  	37.586282 
1281.302404  	38.645151 
1281.659710  	39.722379 
1282.017017  	40.945339 
1282.374324  	42.193479 
1282.731631  	43.424953 
1283.088938  	44.731492 
1283.446245  	46.331611 
1283.803552  	48.000530 
1284.160858  	49.602534 
1284.518165  	51.525751 
1284.875472  	53.638762 
1285.232779  	55.806635 
1285.590086  	58.215799 
1285.947393  	60.667425 
1286.304700  	63.157109 
1286.662006  	65.793777 
1287.019313  	68.279806 
1287.376620  	70.436682 
1287.733927  	72.371670 
1288.091234  	74.174241 
1288.448541  	75.801349 
1288.805848  	77.368351 
1289.163154  	78.852839 
1289.520461  	79.931935 
1289.877768  	80.875238 
1290.235075  	81.896575 
1290.592382  	82.585814 
1290.949689  	83.054631 
1291.306996  	83.556738 
1291.664302  	83.887056 
1292.021609  	84.216924 
1292.378916  	84.800415 
1292.736223  	85.173901 
1293.093530  	85.167413 
1293.450837  	85.377822 
1293.808144  	85.714989 
1294.165451  	85.731064 
1294.522757  	85.790716 
1294.880064  	85.994981 
1295.237371  	85.968084 
1295.594678  	85.917480 
1295.951985  	85.995874 
1296.309292  	86.033162 
1296.666599  	86.133387 
1297.023905  	86.155722 
1297.381212  	86.049033 
1297.738519  	86.107140 
1298.095826  	86.176869 
1298.453133  	86.199176 
1298.810440  	86.182317 
1299.167747  	85.888095 
1299.525053  	85.612057 
1299.882360  	85.597515 
1300.239667  	85.594886 
1300.596974  	85.487750 
1300.954281  	85.404456 
1301.311588  	85.441323 
1301.668895  	85.342785 
1302.026201  	85.080527 
1302.383508  	85.020293 
1302.740815  	85.063919 
1303.098122  	84.873116 
1303.455429  	84.590841 
1303.812736  	84.580959 
1304.170043  	84.542872 
1304.527349  	84.166859 
1304.884656  	83.981589 
1305.241963  	83.974860 
1305.599270  	83.827766 
1305.956577  	83.743516 
1306.313884  	83.553685 
1306.671191  	83.322444 
1307.028498  	83.271700 
1307.385804  	83.130624 
1307.743111  	82.974267 
1308.100418  	82.814186 
1308.457725  	82.496299 
1308.815032  	82.282405 
1309.172339  	82.247362 
1309.529646  	82.171961 
1309.886952  	82.010890 
1310.244259  	82.058788 
1310.601566  	82.289152 
1310.958873  	82.216222 
1311.316180  	81.858352 
1311.673487  	81.733173 
1312.030794  	81.942857 
1312.388100  	81.970672 
1312.745407  	81.783412 
1313.102714  	81.757875 
1313.460021  	81.652355 
1313.817328  	81.537049 
1314.174635  	81.511253 
1314.531942  	81.308950 
1314.889248  	81.244422 
1315.246555  	81.444603 
1315.603862  	81.416213 
1315.961169  	81.153995 
1316.318476  	81.222619 
1316.675783  	81.443732 
1317.033090  	81.124341 
1317.390396  	80.767940 
1317.747703  	80.748973 
1318.105010  	80.795505 
1318.462317  	80.998877 
1318.819624  	80.974674 
1319.176931  	80.679934 
1319.534238  	80.671013 
1319.891545  	80.636009 
1320.248851  	80.345815 
1320.606158  	80.166270 
1320.963465  	80.173409 
1321.320772  	79.933924 
1321.678079  	79.584824 
1322.035386  	79.557294 
1322.392693  	79.548127 
1322.749999  	79.438644 
1323.107306  	79.278158 
1323.464613  	78.991926 
1323.821920  	78.893446 
1324.179227  	78.935834 
1324.536534  	78.871661 
1324.893841  	78.660828 
1325.251147  	78.302055 
1325.608454  	78.004549 
1325.965761  	77.830845 
1326.323068  	77.749542 
1326.680375  	77.604885 
1327.037682  	77.265620 
1327.394989  	77.064536 
1327.752295  	76.979711 
1328.109602  	76.809477 
1328.466909  	76.630201 
1328.824216  	76.443037 
1329.181523  	76.393942 
1329.538830  	76.234857 
1329.896137  	75.763533 
1330.253443  	75.488081 
1330.610750  	75.338940 
1330.968057  	75.078102 
1331.325364  	74.899460 
1331.682671  	74.722877 
1332.039978  	74.485353 
1332.397285  	74.209943 
1332.754592  	73.940679 
1333.111898  	73.695779 
1333.469205  	73.330077 
1333.826512  	72.978561 
1334.183819  	72.761834 
1334.541126  	72.421584 
1334.898433  	72.052006 
1335.255740  	71.933961 
1335.613046  	71.642619 
1335.970353  	71.203296 
1336.327660  	71.055562 
1336.684967  	70.536340 
1337.042274  	69.859375 
1337.399581  	69.754976 
1337.756888  	69.590984 
1338.114194  	69.381137 
1338.471501  	68.971855 
1338.828808  	68.208992 
1339.186115  	67.687327 
1339.543422  	67.145034 
1339.900729  	66.968051 
1340.258036  	66.839197 
1340.615342  	65.767565 
1340.972649  	65.124548 
1341.329956  	64.828760 
1341.687263  	64.203541 
1342.044570  	63.715712 
1342.401877  	63.148171 
1342.759184  	62.371062 
1343.116490  	61.756962 
1343.473797  	61.149937 
1343.831104  	60.473458 
1344.188411  	59.803300 
1344.545718  	59.073132 
1344.903025  	58.371204 
1345.260332  	57.559216 
1345.617638  	56.639091 
1345.974945  	55.873563 
1346.332252  	54.906530 
1346.689559  	53.848441 
1347.046866  	53.102611 
1347.404173  	52.277134 
1347.761480  	51.301948 
1348.118787  	50.356319 
1348.476093  	49.423045 
1348.833400  	48.389385 
1349.190707  	47.238780 
1349.548014  	46.159438 
1349.905321  	45.070919 
1350.262628  	43.990859 
1350.619935  	42.783071 
1350.977241  	41.573634 
1351.334548  	40.663594 
1351.691855  	39.540293 
1352.049162  	38.296598 
1352.406469  	37.149437 
1352.763776  	35.951480 
1353.121083  	34.831613 
1353.478389  	33.596116 
1353.835696  	32.286551 
1354.193003  	30.930152 
1354.550310  	29.739104 
1354.907617  	28.830695 
1355.264924  	27.679776 
1355.622231  	26.603324 
1355.979537  	25.657366 
1356.336844  	24.618906 
1356.694151  	23.656487 
1357.051458  	22.821854 
1357.408765  	22.152583 
1357.766072  	21.437642 
1358.123379  	20.894370 
1358.480685  	20.498025 
1358.837992  	19.987097 
1359.195299  	19.565760 
1359.552606  	19.139447 
1359.909913  	18.916192 
1360.267220  	18.790945 
1360.624527  	18.638799 
1360.981834  	18.876142 
1361.339140  	19.292468 
1361.696447  	19.577493 
1362.053754  	19.928296 
1362.411061  	20.592005 
1362.768368  	21.283559 
1363.125675  	22.198556 
1363.482982  	23.949561 
1363.840288  	25.062018 
1364.197595  	26.124968 
1364.554902  	27.501926 
1364.912209  	28.846093 
1365.269516  	30.338629 
1365.626823  	31.781944 
1365.984130  	33.433634 
1366.341436  	35.176087 
1366.698743  	36.692379 
1367.056050  	38.312037 
1367.413357  	39.859923 
1367.770664  	41.483625 
1368.127971  	43.109445 
1368.485278  	44.527952 
1368.842584  	46.068245 
1369.199891  	47.586173 
1369.557198  	48.947876 
1369.914505  	50.092135 
1370.271812  	51.246500 
1370.629119  	52.422339 
1370.986426  	53.288992 
1371.343732  	54.188591 
1371.701039  	55.162967 
1372.058346  	56.047423 
1372.415653  	56.910916 
1372.772960  	57.695230 
1373.130267  	58.455538 
1373.487574  	59.160398 
1373.844881  	59.422168 
1374.202187  	59.485239 
1374.559494  	60.240149 
1374.916801  	60.919989 
1375.274108  	60.848655 
1375.631415  	60.954175 
1375.988722  	61.116361 
1376.346029  	61.279618 
1376.703335  	61.545977 
1377.060642  	61.485304 
1377.417949  	61.615556 
1377.775256  	61.918778 
1378.132563  	61.884238 
1378.489870  	61.666456 
1378.847177  	61.604893 
1379.204483  	61.832460 
1379.561790  	61.930620 
1379.919097  	61.972655 
1380.276404  	62.097354 
1380.633711  	62.105755 
1380.991018  	62.194262 
1381.348325  	62.191339 
1381.705631  	62.284795 
1382.062938  	62.649997 
1382.420245  	62.882467 
1382.777552  	63.058984 
1383.134859  	63.223169 
1383.492166  	63.404611 
1383.849473  	63.724681 
1384.206779  	63.988401 
1384.564086  	64.165049 
1384.921393  	64.473203 
1385.278700  	64.848054 
1385.636007  	65.205593 
1385.993314  	65.772622 
1386.350621  	66.326132 
1386.707928  	66.834563 
1387.065234  	67.593306 
1387.422541  	67.956539 
1387.779848  	67.841311 
1388.137155  	68.692266 
1388.494462  	69.740430 
1388.851769  	70.268830 
1389.209076  	70.648955 
1389.566382  	71.487219 
1389.923689  	72.374958 
1390.280996  	73.057598 
1390.638303  	73.652870 
1390.995610  	74.190731 
1391.352917  	74.779944 
1391.710224  	75.385313 
1392.067530  	76.016208 
1392.424837  	76.470188 
1392.782144  	76.842018 
1393.139451  	77.387596 
1393.496758  	77.991612 
1393.854065  	78.946470 
1394.211372  	79.680534 
1394.568678  	78.834918 
1394.925985  	78.988090 
1395.283292  	80.156841 
1395.640599  	80.436332 
1395.997906  	80.179212 
1396.355213  	80.579693 
1396.712520  	80.996239 
1397.069826  	81.331804 
1397.427133  	81.881719 
1397.784440  	82.031737 
1398.141747  	81.962660 
1398.499054  	82.567425 
1398.856361  	83.235759 
1399.213668  	82.614561 
1399.570975  	81.809106 
1399.928281  	82.614309 
1400.285588  	83.170042 
1400.642895  	83.128507 
1401.000202  	83.179660 
1401.357509  	83.288791 
1401.714816  	83.416890 
1402.072123  	83.492777 
1402.429429  	83.556085 
1402.786736  	83.727967 
1403.144043  	83.696211 
1403.501350  	83.702440 
1403.858657  	83.858666 
1404.215964  	84.149340 
1404.573271  	84.554869 
1404.930577  	84.037416 
1405.287884  	83.128439 
1405.645191  	83.590699 
1406.002498  	84.097082 
1406.359805  	84.167889 
1406.717112  	84.119139 
1407.074419  	84.055671 
1407.431725  	84.051299 
1407.789032  	84.143812 
1408.146339  	84.154620 
1408.503646  	84.067552 
1408.860953  	84.023585 
1409.218260  	84.087206 
1409.575567  	84.075384 
1409.932873  	83.845604 
1410.290180  	83.697620 
1410.647487  	83.634047 
1411.004794  	83.648091 
1411.362101  	83.698696 
1411.719408  	83.292329 
1412.076715  	82.903959 
1412.434022  	82.956425 
1412.791328  	83.038100 
1413.148635  	83.070112 
1413.505942  	83.043194 
1413.863249  	83.021997 
1414.220556  	82.702749 
1414.577863  	82.216150 
1414.935170  	82.268777 
1415.292476  	82.458686 
1415.649783  	82.508214 
1416.007090  	82.322183 
1416.364397  	81.840550 
1416.721704  	82.172637 
1417.079011  	82.839973 
1417.436318  	82.339907 
1417.793624  	81.510902 
1418.150931  	81.971147 
1418.508238  	82.963219 
1418.865545  	83.881820 
1419.222852  	83.519463 
1419.580159  	80.529246 
1419.937466  	80.867483 
1420.294772  	81.945675 
1420.652079  	82.584020 
1421.009386  	82.840643 
1421.366693  	83.019027 
1421.724000  	83.288086 
1422.081307  	83.390928 
1422.438614  	83.378581 
1422.795920  	83.566351 
1423.153227  	84.013962 
1423.510534  	84.362760 
1423.867841  	83.914781 
1424.225148  	83.211527 
1424.582455  	83.412431 
1424.939762  	83.858489 
1425.297068  	84.112853 
1425.654375  	84.245092 
1426.011682  	84.388507 
1426.368989  	84.374636 
1426.726296  	84.357171 
1427.083603  	84.401998 
1427.440910  	84.306055 
1427.798217  	84.337097 
1428.155523  	84.347835 
1428.512830  	84.297060 
1428.870137  	84.428908 
1429.227444  	84.839721 
1429.584751  	85.438836 
1429.942058  	84.596667 
1430.299365  	83.186879 
1430.656671  	83.711371 
1431.013978  	84.118567 
1431.371285  	84.200197 
1431.728592  	84.187501 
1432.085899  	83.729463 
1432.443206  	83.663436 
1432.800513  	84.005978 
1433.157819  	83.993607 
1433.515126  	83.592932 
1433.872433  	83.358922 
1434.229740  	83.354261 
1434.587047  	83.183217 
1434.944354  	83.117290 
1435.301661  	83.268434 
1435.658967  	83.373186 
1436.016274  	83.920720 
1436.373581  	84.979370 
1436.730888  	82.849784 
1437.088195  	78.050186 
1437.445502  	79.831139 
1437.802809  	80.966940 
1438.160115  	81.145474 
1438.517422  	81.092152 
1438.874729  	80.968685 
1439.232036  	80.833041 
1439.589343  	80.570557 
1439.946650  	80.250201 
1440.303957  	80.209459 
1440.661264  	80.182985 
1441.018570  	80.104949 
1441.375877  	80.039288 
1441.733184  	79.874567 
1442.090491  	79.821791 
1442.447798  	79.921017 
1442.805105  	79.952398 
1443.162412  	79.834364 
1443.519718  	79.743623 
1443.877025  	79.749681 
1444.234332  	79.725245 
1444.591639  	79.712375 
1444.948946  	79.642010 
1445.306253  	79.512918 
1445.663560  	79.548851 
1446.020866  	79.532200 
1446.378173  	79.316680 
1446.735480  	79.296823 
1447.092787  	79.586564 
1447.450094  	80.026944 
1447.807401  	79.944673 
1448.164708  	78.110381 
1448.522014  	77.426725 
1448.879321  	77.917421 
1449.236628  	77.923022 
1449.593935  	77.632692 
1449.951242  	77.398811 
1450.308549  	77.179918 
1450.665856  	76.953451 
1451.023162  	76.387772 
1451.380469  	76.166155 
1451.737776  	76.380010 
1452.095083  	75.727097 
1452.452390  	74.694695 
1452.809697  	74.398923 
1453.167004  	74.217123 
1453.524311  	73.895554 
1453.881617  	73.607004 
1454.238924  	73.221866 
1454.596231  	72.813539 
1454.953538  	72.753637 
1455.310845  	72.021785 
1455.668152  	70.539295 
1456.025459  	70.910516 
1456.382765  	72.689861 
1456.740072  	72.099186 
1457.097379  	64.048640 
1457.454686  	64.414849 
1457.811993  	65.835652 
1458.169300  	65.810968 
1458.526607  	62.670564 
1458.883913  	61.743921 
1459.241220  	61.093973 
1459.598527  	58.763569 
1459.955834  	57.564597 
1460.313141  	56.477107 
1460.670448  	54.780947 
1461.027755  	53.162240 
1461.385061  	51.470050 
1461.742368  	49.571223 
1462.099675  	47.498392 
1462.456982  	45.682544 
1462.814289  	43.968384 
1463.171596  	42.150776 
1463.528903  	40.559194 
1463.886209  	39.085057 
1464.243516  	37.960462 
1464.600823  	37.203105 
1464.958130  	35.944819 
1465.315437  	33.765851 
1465.672744  	32.608176 
1466.030051  	31.805996 
1466.387358  	30.621535 
1466.744664  	29.603761 
1467.101971  	28.916224 
1467.459278  	28.498993 
1467.816585  	28.445518 
1468.173892  	28.454765 
1468.531199  	28.949420 
1468.888506  	29.808086 
1469.245812  	30.814701 
1469.603119  	32.106940 
1469.960426  	33.523446 
1470.317733  	35.020957 
1470.675040  	36.346042 
1471.032347  	37.786559 
1471.389654  	39.316146 
1471.746960  	40.869048 
1472.104267  	43.318811 
1472.461574  	44.908791 
1472.818881  	46.596944 
1473.176188  	48.968284 
1473.533495  	52.609098 
1473.890802  	56.896609 
1474.248108  	59.518920 
1474.605415  	62.214164 
1474.962722  	64.948256 
1475.320029  	67.347879 
1475.677336  	69.466694 
1476.034643  	70.958166 
1476.391950  	72.009970 
1476.749256  	73.029525 
1477.106563  	74.196489 
1477.463870  	75.344831 
1477.821177  	76.184464 
1478.178484  	77.001075 
1478.535791  	77.517783 
1478.893098  	77.873262 
1479.250405  	78.372830 
1479.607711  	78.697460 
1479.965018  	79.123656 
1480.322325  	79.562611 
1480.679632  	80.056628 
1481.036939  	80.359626 
1481.394246  	79.915996 
1481.751553  	80.008750 
1482.108859  	80.645107 
1482.466166  	80.862110 
1482.823473  	80.711733 
1483.180780  	80.740227 
1483.538087  	80.884025 
1483.895394  	80.766407 
1484.252701  	80.810100 
1484.610007  	80.864805 
1484.967314  	80.839788 
1485.324621  	80.865415 
1485.681928  	80.718028 
1486.039235  	80.639417 
1486.396542  	80.417191 
1486.753849  	80.727575 
1487.111155  	81.197548 
1487.468462  	79.509722 
1487.825769  	78.595094 
1488.183076  	79.263232 
1488.540383  	79.877016 
1488.897690  	80.227094 
1489.254997  	79.976922 
1489.612303  	79.407235 
1489.969610  	78.190060 
1490.326917  	78.251223 
1490.684224  	78.494284 
1491.041531  	76.572766 
1491.398838  	76.361433 
1491.756145  	76.769689 
1492.113452  	76.330100 
1492.470758  	75.992590 
1492.828065  	75.780505 
1493.185372  	75.530090 
1493.542679  	75.041262 
1493.899986  	74.520853 
1494.257293  	74.042873 
1494.614600  	73.443375 
1494.971906  	72.952389 
1495.329213  	72.443166 
1495.686520  	72.774508 
1496.043827  	73.392760 
1496.401134  	69.617156 
1496.758441  	67.518868 
1497.115748  	68.030796 
1497.473054  	67.867955 
1497.830361  	67.193958 
1498.187668  	67.029719 
1498.544975  	67.426553 
1498.902282  	65.438738 
1499.259589  	62.524890 
1499.616896  	62.124406 
1499.974202  	61.587694 
1500.331509  	60.607271 
1500.688816  	59.567713 
1501.046123  	58.379568 
1501.403430  	57.342356 
1501.760737  	56.151701 
1502.118044  	54.479150 
1502.475350  	53.117564 
1502.832657  	52.015782 
1503.189964  	50.814364 
1503.547271  	49.562540 
1503.904578  	48.156565 
1504.261885  	46.705030 
1504.619192  	45.386666 
1504.976498  	44.365647 
1505.333805  	43.943380 
1505.691112  	42.423874 
1506.048419  	39.216716 
1506.405726  	38.826208 
1506.763033  	39.209612 
1507.120340  	37.473140 
1507.477647  	34.340644 
1507.834953  	33.140018 
1508.192260  	32.674608 
1508.549567  	32.017064 
1508.906874  	30.395718 
1509.264181  	29.465494 
1509.621488  	29.076153 
1509.978795  	28.176025 
1510.336101  	27.220232 
1510.693408  	26.495182 
1511.050715  	25.579729 
1511.408022  	24.720671 
1511.765329  	24.088486 
1512.122636  	23.985852 
1512.479943  	24.625450 
1512.837249  	24.574105 
1513.194556  	24.897639 
1513.551863  	25.772425 
1513.909170  	26.674755 
1514.266477  	27.950801 
1514.623784  	29.223802 
1514.981091  	31.088327 
1515.338397  	33.154906 
1515.695704  	34.313398 
1516.053011  	36.026789 
1516.410318  	37.767689 
1516.767625  	39.462211 
1517.124932  	41.344818 
1517.482239  	42.901439 
1517.839545  	45.164017 
1518.196852  	46.753888 
1518.554159  	48.243341 
1518.911466  	49.603225 
1519.268773  	50.783993 
1519.626080  	52.054900 
1519.983387  	52.816871 
1520.340694  	53.414806 
1520.698000  	54.255321 
1521.055307  	55.256438 
1521.412614  	54.674255 
1521.769921  	53.929657 
1522.127228  	55.223211 
1522.484535  	55.903803 
1522.841842  	55.369497 
1523.199148  	55.011894 
1523.556455  	55.052696 
1523.913762  	55.270413 
1524.271069  	55.308595 
1524.628376  	55.325505 
1524.985683  	55.481734 
1525.342990  	55.380725 
1525.700296  	54.506466 
1526.057603  	54.405058 
1526.414910  	54.916146 
1526.772217  	55.251904 
1527.129524  	55.733117 
1527.486831  	55.955420 
1527.844138  	56.233636 
1528.201444  	57.368715 
1528.558751  	58.229772 
1528.916058  	58.920479 
1529.273365  	60.071194 
1529.630672  	61.314814 
1529.987979  	62.717515 
1530.345286  	64.151365 
1530.702592  	65.774727 
1531.059899  	67.332062 
1531.417206  	68.901619 
1531.774513  	70.572572 
1532.131820  	72.009758 
1532.489127  	74.074023 
1532.846434  	76.148606 
1533.203741  	77.743490 
1533.561047  	79.086658 
1533.918354  	79.227137 
1534.275661  	80.123364 
1534.632968  	81.557423 
1534.990275  	82.846943 
1535.347582  	83.846593 
1535.704889  	84.286258 
1536.062195  	84.866686 
1536.419502  	85.337596 
1536.776809  	85.866439 
1537.134116  	86.414415 
1537.491423  	86.806929 
1537.848730  	87.611281 
1538.206037  	88.248321 
1538.563343  	89.045855 
1538.920650  	89.278903 
1539.277957  	85.896843 
1539.635264  	87.386119 
1539.992571  	88.648594 
1540.349878  	86.336526 
1540.707185  	85.485494 
1541.064491  	87.413503 
1541.421798  	89.330397 
1541.779105  	90.324551 
1542.136412  	87.289715 
1542.493719  	85.053414 
1542.851026  	87.222064 
1543.208333  	88.283447 
1543.565639  	87.810723 
1543.922946  	87.785184 
1544.280253  	88.544065 
1544.637560  	89.414276 
1544.994867  	89.353903 
1545.352174  	87.067958 
1545.709481  	86.990082 
1546.066788  	88.225159 
1546.424094  	88.957427 
1546.781401  	89.084329 
1547.138708  	89.001415 
1547.496015  	89.080754 
1547.853322  	89.143978 
1548.210629  	89.159677 
1548.567936  	89.182777 
1548.925242  	89.544276 
1549.282549  	90.053244 
1549.639856  	89.957678 
1549.997163  	89.227680 
1550.354470  	88.258172 
1550.711777  	88.293036 
1551.069084  	89.025189 
1551.426390  	89.337992 
1551.783697  	89.287103 
1552.141004  	89.338603 
1552.498311  	89.451037 
1552.855618  	89.348516 
1553.212925  	89.346382 
1553.570232  	90.122825 
1553.927538  	91.213893 
1554.284845  	90.053069 
1554.642152  	86.197152 
1554.999459  	87.208871 
1555.356766  	88.618792 
1555.714073  	89.010932 
1556.071380  	89.175506 
1556.428686  	89.223395 
1556.785993  	89.587351 
1557.143300  	90.597368 
1557.500607  	90.581143 
1557.857914  	89.058982 
1558.215221  	89.100482 
1558.572528  	86.321364 
1558.929835  	86.014342 
1559.287141  	88.925066 
1559.644448  	90.650351 
1560.001755  	88.502415 
1560.359062  	83.757269 
1560.716369  	85.397575 
1561.073676  	86.946239 
1561.430983  	87.707670 
1561.788289  	87.723216 
1562.145596  	87.440800 
1562.502903  	87.380099 
1562.860210  	87.312144 
1563.217517  	87.290674 
1563.574824  	87.496394 
1563.932131  	87.501949 
1564.289437  	87.713536 
1564.646744  	87.986964 
1565.004051  	86.845694 
1565.361358  	86.298036 
1565.718665  	86.959325 
1566.075972  	87.040344 
1566.433279  	86.816833 
1566.790585  	86.702275 
1567.147892  	86.591758 
1567.505199  	86.602231 
1567.862506  	86.603435 
1568.219813  	86.821007 
1568.577120  	87.099192 
1568.934427  	86.900659 
1569.291733  	86.965679 
1569.649040  	86.841776 
1570.006347  	84.426783 
1570.363654  	84.185498 
1570.720961  	85.203958 
1571.078268  	85.432991 
1571.435575  	85.390077 
1571.792882  	85.412134 
1572.150188  	85.150623 
1572.507495  	85.021092 
1572.864802  	85.044231 
1573.222109  	84.928921 
1573.579416  	84.738790 
1573.936723  	84.518935 
1574.294030  	84.276721 
1574.651336  	84.089770 
1575.008643  	84.273173 
1575.365950  	84.895372 
1575.723257  	85.674693 
1576.080564  	84.927945 
1576.437871  	79.837364 
1576.795178  	80.501936 
1577.152484  	81.895819 
1577.509791  	82.134033 
1577.867098  	81.851672 
1578.224405  	81.637718 
1578.581712  	81.370141 
1578.939019  	81.115267 
1579.296326  	80.857198 
1579.653632  	80.450815 
1580.010939  	80.060467 
1580.368246  	79.723826 
1580.725553  	79.346404 
1581.082860  	78.876471 
1581.440167  	78.375031 
1581.797474  	78.036441 
1582.154780  	77.695163 
1582.512087  	77.231874 
1582.869394  	76.715298 
1583.226701  	76.176599 
1583.584008  	75.747580 
1583.941315  	75.210927 
1584.298622  	74.516109 
1584.655928  	73.896977 
1585.013235  	73.353436 
1585.370542  	72.812917 
1585.727849  	72.074298 
1586.085156  	71.312786 
1586.442463  	70.715726 
1586.799770  	70.118861 
1587.157077  	69.473717 
1587.514383  	68.666938 
1587.871690  	67.888845 
1588.228997  	67.157578 
1588.586304  	66.352622 
1588.943611  	65.775173 
1589.300918  	65.201212 
1589.658225  	64.489158 
1590.015531  	63.824903 
1590.372838  	63.125782 
1590.730145  	62.622437 
1591.087452  	62.340423 
1591.444759  	61.968749 
1591.802066  	61.489128 
1592.159373  	60.995947 
1592.516679  	60.594427 
1592.873986  	60.348988 
1593.231293  	60.092208 
1593.588600  	59.743692 
1593.945907  	59.573555 
1594.303214  	59.520685 
1594.660521  	59.228799 
1595.017827  	58.929678 
1595.375134  	58.929821 
1595.732441  	59.091556 
1596.089748  	59.147633 
1596.447055  	59.024818 
1596.804362  	58.958408 
1597.161669  	59.051631 
1597.518975  	59.243944 
1597.876282  	59.466134 
1598.233589  	59.672090 
1598.590896  	59.766122 
1598.948203  	59.696913 
1599.305510  	59.771210 
1599.662817  	59.929586 
1600.020124  	59.890586 
1600.377430  	59.974295 
1600.734737  	60.088522 
1601.092044  	59.921761 
1601.449351  	59.782836 
1601.806658  	59.789557 
1602.163965  	59.881129 
1602.521272  	60.009899 
1602.878578  	60.061931 
1603.235885  	60.185993 
1603.593192  	60.509566 
1603.950499  	61.044403 
1604.307806  	61.758366 
1604.665113  	62.586513 
1605.022420  	63.568015 
1605.379726  	64.677703 
1605.737033  	65.745583 
1606.094340  	66.574249 
1606.451647  	67.261071 
1606.808954  	67.936387 
1607.166261  	68.452212 
1607.523568  	68.900018 
1607.880874  	69.235335 
1608.238181  	69.309598 
1608.595488  	69.393491 
1608.952795  	69.537586 
1609.310102  	69.352979 
1609.667409  	68.847621 
1610.024716  	68.608120 
1610.382022  	68.359087 
1610.739329  	67.794068 
1611.096636  	67.197946 
1611.453943  	66.491681 
1611.811250  	65.778410 
1612.168557  	65.237713 
1612.525864  	64.491001 
1612.883171  	63.357369 
1613.240477  	62.062797 
1613.597784  	60.877785 
1613.955091  	59.603853 
1614.312398  	58.150693 
1614.669705  	56.608621 
1615.027012  	54.907244 
1615.384319  	53.440530 
1615.741625  	52.248452 
1616.098932  	51.341145 
1616.456239  	50.702864 
1616.813546  	47.820829 
1617.170853  	46.032945 
1617.528160  	46.601074 
1617.885467  	46.971301 
1618.242773  	47.279913 
1618.600080  	47.708120 
1618.957387  	48.329362 
1619.314694  	49.078526 
1619.672001  	49.886893 
1620.029308  	50.732000 
1620.386615  	51.551845 
1620.743921  	52.328469 
1621.101228  	53.202789 
1621.458535  	54.326851 
1621.815842  	55.480893 
1622.173149  	56.424723 
1622.530456  	57.398356 
1622.887763  	58.711961 
1623.245069  	60.083975 
1623.602376  	61.006893 
1623.959683  	61.984973 
1624.316990  	63.507616 
1624.674297  	64.897696 
1625.031604  	66.108179 
1625.388911  	67.610129 
1625.746218  	69.281572 
1626.103524  	70.820760 
1626.460831  	72.369420 
1626.818138  	73.942672 
1627.175445  	75.647814 
1627.532752  	77.206675 
1627.890059  	77.966807 
1628.247366  	78.814122 
1628.604672  	80.447626 
1628.961979  	81.895508 
1629.319286  	82.864542 
1629.676593  	83.783703 
1630.033900  	84.485970 
1630.391207  	84.957191 
1630.748514  	85.665371 
1631.105820  	86.240092 
1631.463127  	86.415331 
1631.820434  	86.430180 
1632.177741  	86.545515 
1632.535048  	86.818209 
1632.892355  	87.005700 
1633.249662  	87.011843 
1633.606968  	87.045010 
1633.964275  	87.383730 
1634.321582  	87.887831 
1634.678889  	88.355842 
1635.036196  	88.442083 
1635.393503  	85.989182 
1635.750810  	82.307353 
1636.108116  	83.492200 
1636.465423  	85.733369 
1636.822730  	87.282093 
1637.180037  	87.801832 
1637.537344  	86.931195 
1637.894651  	86.084641 
1638.251958  	86.824189 
1638.609265  	87.480645 
1638.966571  	87.750869 
1639.323878  	88.323859 
1639.681185  	88.866457 
1640.038492  	89.131867 
1640.395799  	89.140185 
1640.753106  	89.133458 
1641.110413  	89.534994 
1641.467719  	89.952400 
1641.825026  	90.165709 
1642.182333  	90.168465 
1642.539640  	90.194233 
1642.896947  	90.423759 
1643.254254  	90.536116 
1643.611561  	90.728595 
1643.968867  	90.913848 
1644.326174  	91.089858 
1644.683481  	91.487895 
1645.040788  	91.997200 
1645.398095  	92.945567 
1645.755402  	93.294839 
1646.112709  	90.278827 
1646.470015  	90.275497 
1646.827322  	92.188769 
1647.184629  	92.853847 
1647.541936  	92.154568 
1647.899243  	91.850394 
1648.256550  	91.683290 
1648.613857  	91.083819 
1648.971163  	91.536111 
1649.328470  	92.049818 
1649.685777  	92.086914 
1650.043084  	92.228630 
1650.400391  	92.374261 
1650.757698  	92.304652 
1651.115005  	92.447352 
1651.472312  	93.211871 
1651.829618  	94.268774 
1652.186925  	94.627484 
1652.544232  	92.476895 
1652.901539  	91.244246 
1653.258846  	89.390058 
1653.616153  	87.596281 
1653.973460  	91.007369 
1654.330766  	92.331414 
1654.688073  	90.196156 
1655.045380  	90.628008 
1655.402687  	91.877416 
1655.759994  	92.284872 
1656.117301  	92.516807 
1656.474608  	92.618594 
1656.831914  	92.702298 
1657.189221  	92.708338 
1657.546528  	92.529728 
1657.903835  	92.331114 
1658.261142  	92.169661 
1658.618449  	92.172976 
1658.975756  	92.123165 
1659.333062  	92.080668 
1659.690369  	92.261628 
1660.047676  	92.413279 
1660.404983  	92.515789 
1660.762290  	92.606881 
1661.119597  	92.672521 
1661.476904  	92.598142 
1661.834210  	92.683867 
1662.191517  	93.570269 
1662.548824  	94.030789 
1662.906131  	91.694735 
1663.263438  	90.572777 
1663.620745  	91.593229 
1663.978052  	92.122898 
1664.335359  	92.464736 
1664.692665  	92.529078 
1665.049972  	92.325736 
1665.407279  	92.429222 
1665.764586  	92.466048 
1666.121893  	92.368763 
1666.479200  	92.362511 
1666.836507  	92.256542 
1667.193813  	92.327962 
1667.551120  	92.694603 
1667.908427  	92.985870 
1668.265734  	92.794202 
1668.623041  	92.836889 
1668.980348  	93.791341 
1669.337655  	92.388807 
1669.694961  	89.137078 
1670.052268  	90.771671 
1670.409575  	92.284045 
1670.766882  	93.012899 
1671.124189  	93.416166 
1671.481496  	92.345484 
1671.838803  	91.064469 
1672.196109  	91.751548 
1672.553416  	92.169867 
1672.910723  	92.122717 
1673.268030  	92.214617 
1673.625337  	92.191794 
1673.982644  	92.204771 
1674.339951  	92.728352 
1674.697257  	93.722990 
1675.054564  	94.206399 
1675.411871  	90.446233 
1675.769178  	88.704266 
1676.126485  	90.702543 
1676.483792  	91.754378 
1676.841099  	91.828804 
1677.198405  	91.801385 
1677.555712  	91.944287 
1677.913019  	91.975687 
1678.270326  	91.956904 
1678.627633  	91.900401 
1678.984940  	91.973793 
1679.342247  	92.208800 
1679.699554  	92.268832 
1680.056860  	91.942306 
1680.414167  	91.088078 
1680.771474  	90.546523 
1681.128781  	90.934175 
1681.486088  	91.530011 
1681.843395  	91.777150 
1682.200702  	91.750250 
1682.558008  	92.301613 
1682.915315  	92.934973 
1683.272622  	92.027696 
1683.629929  	91.279152 
1683.987236  	91.735748 
1684.344543  	91.817053 
1684.701850  	91.447815 
1685.059156  	88.601229 
1685.416463  	88.623717 
1685.773770  	89.947477 
1686.131077  	90.547304 
1686.488384  	90.668481 
1686.845691  	90.965667 
1687.202998  	91.107137 
1687.560304  	91.019401 
1687.917611  	91.414366 
1688.274918  	91.345499 
1688.632225  	90.209051 
1688.989532  	90.078257 
1689.346839  	90.808500 
1689.704146  	91.285139 
1690.061452  	90.748106 
1690.418759  	89.754640 
1690.776066  	89.935196 
1691.133373  	90.437540 
1691.490680  	90.442207 
1691.847987  	90.219169 
1692.205294  	90.147652 
1692.562601  	90.177859 
1692.919907  	90.199115 
1693.277214  	90.327223 
1693.634521  	90.485282 
1693.991828  	90.730180 
1694.349135  	91.011763 
1694.706442  	91.546926 
1695.063749  	93.045578 
1695.421055  	94.830420 
1695.778362  	92.189245 
1696.135669  	85.695795 
1696.492976  	88.132801 
1696.850283  	90.143654 
1697.207590  	90.724761 
1697.564897  	90.294717 
1697.922203  	89.963458 
1698.279510  	90.234351 
1698.636817  	90.742203 
1698.994124  	91.536666 
1699.351431  	93.062916 
1699.708738  	94.159508 
1700.066045  	90.573451 
1700.423351  	83.723356 
1700.780658  	82.614707 
1701.137965  	85.507548 
1701.495272  	88.884903 
1701.852579  	90.285054 
1702.209886  	90.622817 
1702.567193  	90.656117 
1702.924499  	90.682786 
1703.281806  	90.897467 
1703.639113  	91.179328 
1703.996420  	91.511809 
1704.353727  	90.813775 
1704.711034  	89.308901 
1705.068341  	90.038281 
1705.425648  	90.967157 
1705.782954  	91.576074 
1706.140261  	91.722479 
1706.497568  	89.990277 
1706.854875  	89.564349 
1707.212182  	90.400063 
1707.569489  	90.582103 
1707.926796  	90.730116 
1708.284102  	90.788089 
1708.641409  	90.724400 
1708.998716  	90.939156 
1709.356023  	91.274916 
1709.713330  	91.732441 
1710.070637  	91.747715 
1710.427944  	91.102423 
1710.785250  	90.962024 
1711.142557  	91.149188 
1711.499864  	91.256984 
1711.857171  	91.388445 
1712.214478  	91.403228 
1712.571785  	91.470205 
1712.929092  	91.633018 
1713.286398  	91.888038 
1713.643705  	92.234379 
1714.001012  	91.725695 
1714.358319  	91.119665 
1714.715626  	91.945779 
1715.072933  	91.556236 
1715.430240  	89.493867 
1715.787546  	90.245753 
1716.144853  	91.579133 
1716.502160  	92.418942 
1716.859467  	93.236964 
1717.216774  	93.247108 
1717.574081  	89.928280 
1717.931388  	89.960235 
1718.288695  	92.462666 
1718.646001  	91.841978 
1719.003308  	89.022105 
1719.360615  	90.178094 
1719.717922  	91.449820 
1720.075229  	91.771054 
1720.432536  	91.840576 
1720.789843  	91.802522 
1721.147149  	91.735027 
1721.504456  	91.604389 
1721.861763  	91.498184 
1722.219070  	91.551257 
1722.576377  	91.831010 
1722.933684  	92.486183 
1723.290991  	92.605315 
1723.648297  	91.686581 
1724.005604  	91.359008 
1724.362911  	91.618104 
1724.720218  	91.647889 
1725.077525  	91.956656 
1725.434832  	92.368025 
1725.792139  	92.318074 
1726.149445  	92.214896 
1726.506752  	92.252590 
1726.864059  	92.323389 
1727.221366  	92.455350 
1727.578673  	92.494619 
1727.935980  	92.365935 
1728.293287  	92.211651 
1728.650593  	92.230271 
1729.007900  	92.573894 
1729.365207  	93.259372 
1729.722514  	93.510779 
1730.079821  	91.921819 
1730.437128  	90.395470 
1730.794435  	90.970469 
1731.151742  	91.865676 
1731.509048  	92.320292 
1731.866355  	92.454738 
1732.223662  	92.564874 
1732.580969  	93.209084 
1732.938276  	94.448796 
1733.295583  	94.381293 
1733.652890  	91.627878 
1734.010196  	92.344336 
1734.367503  	93.106160 
1734.724810  	88.464900 
1735.082117  	88.600151 
1735.439424  	91.119545 
1735.796731  	92.070561 
1736.154038  	92.243046 
1736.511344  	92.472751 
1736.868651  	92.637328 
1737.225958  	92.586580 
1737.583265  	92.404329 
1737.940572  	92.167419 
1738.297879  	92.379399 
1738.655186  	92.895891 
1739.012492  	93.487464 
1739.369799  	94.209785 
1739.727106  	92.969953 
1740.084413  	89.655637 
1740.441720  	90.650705 
1740.799027  	91.905401 
1741.156334  	92.057594 
1741.513640  	92.348146 
1741.870947  	92.689327 
1742.228254  	93.016237 
1742.585561  	93.635547 
1742.942868  	93.687586 
1743.300175  	92.664979 
1743.657482  	91.802129 
1744.014789  	91.968780 
1744.372095  	92.418182 
1744.729402  	92.381546 
1745.086709  	92.460127 
1745.444016  	92.902547 
1745.801323  	92.707362 
1746.158630  	92.368246 
1746.515937  	92.720998 
1746.873243  	92.774420 
1747.230550  	92.151068 
1747.587857  	91.871723 
1747.945164  	92.441010 
1748.302471  	93.101583 
1748.659778  	92.529029 
1749.017085  	91.330507 
1749.374391  	91.365794 
1749.731698  	91.744895 
1750.089005  	92.317140 
1750.446312  	93.185794 
1750.803619  	94.032356 
1751.160926  	93.515824 
1751.518233  	89.963983 
1751.875539  	90.015166 
1752.232846  	91.735495 
1752.590153  	92.208855 
1752.947460  	91.924949 
1753.304767  	91.885995 
1753.662074  	91.924910 
1754.019381  	91.781928 
1754.376687  	91.502096 
1754.733994  	91.416427 
1755.091301  	91.546788 
1755.448608  	91.492151 
1755.805915  	91.541432 
1756.163222  	92.253616 
1756.520529  	92.672810 
1756.877835  	91.201626 
1757.235142  	89.965329 
1757.592449  	90.398366 
1757.949756  	90.729277 
1758.307063  	90.707440 
1758.664370  	90.361502 
1759.021677  	89.957327 
1759.378984  	89.801061 
1759.736290  	89.587772 
1760.093597  	89.246350 
1760.450904  	89.105173 
1760.808211  	89.267858 
1761.165518  	89.815199 
1761.522825  	90.268853 
1761.880132  	88.514120 
1762.237438  	86.477925 
1762.594745  	87.261350 
1762.952052  	88.061389 
1763.309359  	88.530130 
1763.666666  	88.809147 
1764.023973  	88.826663 
1764.381280  	88.946845 
1764.738586  	89.202835 
1765.095893  	89.666899 
1765.453200  	90.014706 
1765.810507  	90.134413 
1766.167814  	90.553658 
1766.525121  	90.927735 
1766.882428  	90.957508 
1767.239734  	91.060889 
1767.597041  	91.800013 
1767.954348  	92.351776 
1768.311655  	90.438466 
1768.668962  	89.756774 
1769.026269  	90.854853 
1769.383576  	90.965974 
1769.740882  	91.038583 
1770.098189  	91.616457 
1770.455496  	92.133818 
1770.812803  	92.771303 
1771.170110  	92.309394 
1771.527417  	90.249667 
1771.884724  	90.949629 
1772.242031  	92.941802 
1772.599337  	92.350555 
1772.956644  	88.172258 
1773.313951  	88.596860 
1773.671258  	90.463144 
1774.028565  	91.401541 
1774.385872  	91.454884 
1774.743179  	91.424333 
1775.100485  	91.752195 
1775.457792  	91.751709 
1775.815099  	90.862341 
1776.172406  	90.441222 
1776.529713  	90.916559 
1776.887020  	91.337154 
1777.244327  	91.507295 
1777.601633  	91.596839 
1777.958940  	91.805278 
1778.316247  	92.059891 
1778.673554  	92.117910 
1779.030861  	92.171421 
1779.388168  	92.069691 
1779.745475  	92.108747 
1780.102781  	92.692988 
1780.460088  	92.880860 
1780.817395  	92.106886 
1781.174702  	91.742341 
1781.532009  	92.296561 
1781.889316  	92.652937 
1782.246623  	92.401770 
1782.603929  	92.266187 
1782.961236  	92.259429 
1783.318543  	92.487929 
1783.675850  	92.934300 
1784.033157  	93.008889 
1784.390464  	93.321711 
1784.747771  	93.502755 
1785.105078  	92.513983 
1785.462384  	92.054937 
1785.819691  	92.481512 
1786.176998  	92.859098 
1786.534305  	92.935343 
1786.891612  	92.844706 
1787.248919  	92.805502 
1787.606226  	92.785043 
1787.963532  	92.988026 
1788.320839  	93.033209 
1788.678146  	92.682965 
1789.035453  	92.713832 
1789.392760  	93.025553 
1789.750067  	92.961345 
1790.107374  	93.004032 
1790.464680  	93.639601 
1790.821987  	93.395955 
1791.179294  	91.450952 
1791.536601  	91.352748 
1791.893908  	93.021608 
1792.251215  	94.496143 
1792.608522  	93.797475 
1792.965828  	90.184539 
1793.323135  	90.552633 
1793.680442  	92.139298 
1794.037749  	92.389774 
1794.395056  	92.304485 
1794.752363  	92.652729 
1795.109670  	92.828719 
1795.466976  	92.989694 
1795.824283  	92.652068 
1796.181590  	91.691403 
1796.538897  	91.762721 
1796.896204  	92.352896 
1797.253511  	92.409185 
1797.610818  	92.119538 
1797.968125  	91.892293 
1798.325431  	92.132082 
1798.682738  	92.472912 
1799.040045  	92.819002 
1799.397352  	92.784239 
1799.754659  	91.329992 
1800.111966  	91.019258 
1800.469273  	92.109140 
1800.826579  	92.567829 
1801.183886  	92.246471 
1801.541193  	91.541112 
1801.898500  	91.884255 
1802.255807  	92.385927 
1802.613114  	91.486413 
1802.970421  	91.144143 
1803.327727  	91.540700 
1803.685034  	91.733440 
1804.042341  	91.925334 
1804.399648  	91.658168 
1804.756955  	91.424166 
1805.114262  	91.393833 
1805.471569  	91.324873 
1805.828875  	91.529467 
1806.186182  	91.338990 
1806.543489  	91.058544 
1806.900796  	91.402099 
1807.258103  	91.598512 
1807.615410  	91.171095 
1807.972717  	90.709714 
1808.330023  	91.029064 
1808.687330  	91.491242 
1809.044637  	91.212086 
1809.401944  	90.868619 
1809.759251  	91.314903 
1810.116558  	92.000718 
1810.473865  	91.766442 
1810.831172  	90.843829 
1811.188478  	90.850651 
1811.545785  	91.590483 
1811.903092  	91.944893 
1812.260399  	91.459925 
1812.617706  	91.312619 
1812.975013  	91.811147 
1813.332320  	91.788519 
1813.689626  	91.517007 
1814.046933  	91.528466 
1814.404240  	91.694430 
1814.761547  	91.917483 
1815.118854  	92.145910 
1815.476161  	92.265815 
1815.833468  	91.999793 
1816.190774  	91.830122 
1816.548081  	92.094992 
1816.905388  	92.344145 
1817.262695  	92.368064 
1817.620002  	92.002780 
1817.977309  	91.848975 
1818.334616  	91.931338 
1818.691922  	91.651083 
1819.049229  	91.737876 
1819.406536  	92.202470 
1819.763843  	92.311085 
1820.121150  	92.170434 
1820.478457  	92.097175 
1820.835764  	92.403772 
1821.193070  	92.655097 
1821.550377  	92.383006 
1821.907684  	92.258160 
1822.264991  	92.522840 
1822.622298  	92.459817 
1822.979605  	92.076189 
1823.336912  	92.086620 
1823.694219  	92.230322 
1824.051525  	92.405177 
1824.408832  	93.245387 
1824.766139  	94.371130 
1825.123446  	94.021739 
1825.480753  	91.254173 
1825.838060  	90.619725 
1826.195367  	91.731381 
1826.552673  	92.113806 
1826.909980  	92.048357 
1827.267287  	92.266730 
1827.624594  	92.490944 
1827.981901  	92.624322 
1828.339208  	92.932022 
1828.696515  	93.217133 
1829.053821  	92.686078 
1829.411128  	92.303421 
1829.768435  	92.998031 
1830.125742  	92.112175 
1830.483049  	90.315461 
1830.840356  	90.958417 
1831.197663  	91.752861 
1831.554969  	92.260219 
1831.912276  	92.834942 
1832.269583  	92.620344 
1832.626890  	92.181159 
1832.984197  	92.329357 
1833.341504  	92.165602 
1833.698811  	91.748017 
1834.056117  	91.742180 
1834.413424  	92.006894 
1834.770731  	92.174792 
1835.128038  	91.759490 
1835.485345  	91.547537 
1835.842652  	91.904666 
1836.199959  	91.975368 
1836.557265  	92.250484 
1836.914572  	92.259194 
1837.271879  	91.119794 
1837.629186  	90.898151 
1837.986493  	91.755766 
1838.343800  	92.149893 
1838.701107  	92.444945 
1839.058414  	92.431740 
1839.415720  	91.930056 
1839.773027  	91.837416 
1840.130334  	91.962032 
1840.487641  	91.926943 
1840.844948  	91.838005 
1841.202255  	91.691098 
1841.559562  	91.779321 
1841.916868  	91.750575 
1842.274175  	91.359337 
1842.631482  	91.197816 
1842.988789  	91.254303 
1843.346096  	92.011940 
1843.703403  	93.564376 
1844.060710  	93.642440 
1844.418016  	90.408300 
1844.775323  	89.635072 
1845.132630  	90.827040 
1845.489937  	91.341479 
1845.847244  	91.493419 
1846.204551  	91.868118 
1846.561858  	91.844000 
1846.919164  	91.689936 
1847.276471  	92.122905 
1847.633778  	92.245640 
1847.991085  	91.856714 
1848.348392  	91.696617 
1848.705699  	91.627384 
1849.063006  	91.811782 
1849.420312  	92.164349 
1849.777619  	92.242092 
1850.134926  	92.124876 
1850.492233  	92.186327 
1850.849540  	92.322701 
1851.206847  	92.053798 
1851.564154  	91.960879 
1851.921461  	92.204285 
1852.278767  	92.125893 
1852.636074  	92.226480 
1852.993381  	92.487245 
1853.350688  	92.414295 
1853.707995  	92.210972 
1854.065302  	91.886231 
1854.422609  	91.790531 
1854.779915  	91.989087 
1855.137222  	92.245240 
1855.494529  	92.454697 
1855.851836  	92.099971 
1856.209143  	91.767306 
1856.566450  	92.033066 
1856.923757  	92.231945 
1857.281063  	92.159180 
1857.638370  	91.978601 
1857.995677  	92.229011 
1858.352984  	92.845599 
1858.710291  	92.620281 
1859.067598  	91.873578 
1859.424905  	91.622289 
1859.782211  	91.915179 
1860.139518  	92.615840 
1860.496825  	92.742293 
1860.854132  	92.176583 
1861.211439  	92.158745 
1861.568746  	92.245557 
1861.926053  	91.977112 
1862.283359  	92.294076 
1862.640666  	92.648885 
1862.997973  	92.198400 
1863.355280  	91.764958 
1863.712587  	91.834832 
1864.069894  	91.880336 
1864.427201  	92.080985 
1864.784508  	92.424893 
1865.141814  	92.287491 
1865.499121  	92.393367 
1865.856428  	92.643335 
1866.213735  	92.094844 
1866.571042  	91.856264 
1866.928349  	92.322661 
1867.285656  	92.878068 
1867.642962  	93.304908 
1868.000269  	92.728963 
1868.357576  	92.186927 
1868.714883  	92.609243 
1869.072190  	92.515519 
1869.429497  	90.982938 
1869.786804  	90.448258 
1870.144110  	91.693227 
1870.501417  	92.268914 
1870.858724  	91.776499 
1871.216031  	91.300340 
1871.573338  	91.453907 
1871.930645  	91.880633 
1872.287952  	92.001762 
1872.645258  	92.089302 
1873.002565  	92.022373 
1873.359872  	91.938984 
1873.717179  	92.037994 
1874.074486  	91.500210 
1874.431793  	91.204380 
1874.789100  	91.290185 
1875.146406  	90.995333 
1875.503713  	91.030539 
1875.861020  	90.984629 
1876.218327  	91.080836 
1876.575634  	91.463295 
1876.932941  	91.092040 
1877.290248  	90.642466 
1877.647555  	90.584866 
1878.004861  	90.746652 
1878.362168  	90.679682 
1878.719475  	90.234698 
1879.076782  	90.022736 
1879.434089  	89.453479 
1879.791396  	88.845499 
1880.148703  	88.884472 
1880.506009  	88.755802 
1880.863316  	88.451196 
1881.220623  	88.338081 
1881.577930  	88.252032 
1881.935237  	88.097007 
1882.292544  	88.201521 
1882.649851  	88.609054 
1883.007157  	88.636846 
1883.364464  	88.240667 
1883.721771  	88.168859 
1884.079078  	88.643994 
1884.436385  	88.725789 
1884.793692  	88.620427 
1885.150999  	89.000340 
1885.508305  	88.852053 
1885.865612  	88.874716 
1886.222919  	89.399064 
1886.580226  	89.353730 
1886.937533  	89.696840 
1887.294840  	90.187261 
1887.652147  	90.157731 
1888.009453  	90.483802 
1888.366760  	91.071620 
1888.724067  	91.832578 
1889.081374  	92.244623 
1889.438681  	91.375213 
1889.795988  	90.482513 
1890.153295  	90.987507 
1890.510602  	91.312805 
1890.867908  	91.258695 
1891.225215  	91.866204 
1891.582522  	92.258167 
1891.939829  	91.803078 
1892.297136  	91.892465 
1892.654443  	92.510614 
1893.011750  	92.852539 
1893.369056  	92.683154 
1893.726363  	92.376221 
1894.083670  	92.730386 
1894.440977  	93.042150 
1894.798284  	92.916386 
1895.155591  	92.975907 
1895.512898  	92.743240 
1895.870204  	92.099722 
1896.227511  	91.557504 
1896.584818  	91.445825 
1896.942125  	91.814740 
1897.299432  	92.206748 
1897.656739  	92.728025 
1898.014046  	93.003042 
1898.371352  	92.634782 
1898.728659  	92.746461 
1899.085966  	93.028777 
1899.443273  	92.254084 
1899.800580  	91.570130 
1900.157887  	91.896743 
1900.515194  	92.283490 
1900.872500  	92.365469 
1901.229807  	91.994444 
1901.587114  	91.503016 
1901.944421  	92.096227 
1902.301728  	92.628838 
1902.659035  	92.281258 
1903.016342  	92.576553 
1903.373649  	92.797042 
1903.730955  	92.741365 
1904.088262  	93.131089 
1904.445569  	92.608558 
1904.802876  	92.224623 
1905.160183  	92.908451 
1905.517490  	93.049588 
1905.874797  	93.010301 
1906.232103  	92.896659 
1906.589410  	92.242565 
1906.946717  	92.071648 
1907.304024  	92.387066 
1907.661331  	92.290984 
1908.018638  	91.937468 
1908.375945  	91.620534 
1908.733251  	91.241793 
1909.090558  	91.306418 
1909.447865  	91.647380 
1909.805172  	91.797794 
1910.162479  	91.968674 
1910.519786  	91.895357 
1910.877093  	92.477613 
1911.234399  	93.254502 
1911.591706  	92.513088 
1911.949013  	92.055659 
1912.306320  	92.123670 
1912.663627  	91.409944 
1913.020934  	91.432171 
1913.378241  	91.873641 
1913.735547  	91.468591 
1914.092854  	91.123799 
1914.450161  	91.364661 
1914.807468  	91.667195 
1915.164775  	91.738207 
1915.522082  	91.885787 
1915.879389  	91.861152 
1916.236696  	91.652643 
1916.594002  	91.618009 
1916.951309  	91.155113 
1917.308616  	91.172703 
1917.665923  	92.015801 
1918.023230  	90.459633 
1918.380537  	87.964227 
1918.737844  	88.802245 
1919.095150  	89.551748 
1919.452457  	89.680073 
1919.809764  	90.278334 
1920.167071  	90.733460 
1920.524378  	90.650051 
1920.881685  	90.096770 
1921.238992  	89.628838 
1921.596298  	89.104670 
1921.953605  	88.773394 
1922.310912  	89.731414 
1922.668219  	90.170174 
1923.025526  	88.757595 
1923.382833  	87.371901 
1923.740140  	87.703902 
1924.097446  	88.928660 
1924.454753  	89.068356 
1924.812060  	88.704541 
1925.169367  	88.529207 
1925.526674  	88.700727 
1925.883981  	89.798799 
1926.241288  	90.146034 
1926.598594  	89.947885 
1926.955901  	89.729528 
1927.313208  	88.893855 
1927.670515  	88.831516 
1928.027822  	88.604068 
1928.385129  	88.092816 
1928.742436  	88.825847 
1929.099742  	89.761590 
1929.457049  	90.533433 
1929.814356  	90.798456 
1930.171663  	90.417969 
1930.528970  	89.906462 
1930.886277  	89.823922 
1931.243584  	90.627677 
1931.600891  	90.789432 
1931.958197  	90.654654 
1932.315504  	90.504079 
1932.672811  	89.924783 
1933.030118  	90.494368 
1933.387425  	91.074925 
1933.744732  	91.603146 
1934.102039  	92.184324 
1934.459345  	91.299690 
1934.816652  	91.297979 
1935.173959  	91.588676 
1935.531266  	90.899165 
1935.888573  	91.492620 
1936.245880  	92.033550 
1936.603187  	91.741678 
1936.960493  	92.171086 
1937.317800  	92.770237 
1937.675107  	92.149832 
1938.032414  	91.321330 
1938.389721  	92.667903 
1938.747028  	93.775758 
1939.104335  	92.327011 
1939.461641  	91.248449 
1939.818948  	91.218625 
1940.176255  	91.421737 
1940.533562  	91.517776 
1940.890869  	90.812198 
1941.248176  	90.711894 
1941.605483  	91.601400 
1941.962789  	92.692518 
1942.320096  	93.838445 
1942.677403  	92.337394 
1943.034710  	89.684932 
1943.392017  	90.453333 
1943.749324  	91.711385 
1944.106631  	91.485952 
1944.463938  	90.963386 
1944.821244  	90.770054 
1945.178551  	91.047617 
1945.535858  	92.025877 
1945.893165  	92.547604 
1946.250472  	91.768638 
1946.607779  	91.344285 
1946.965086  	91.748655 
1947.322392  	91.930756 
1947.679699  	92.171329 
1948.037006  	91.599090 
1948.394313  	90.577113 
1948.751620  	90.664172 
1949.108927  	90.990481 
1949.466234  	92.234099 
1949.823540  	93.608741 
1950.180847  	92.348590 
1950.538154  	91.046159 
1950.895461  	91.234761 
1951.252768  	91.815234 
1951.610075  	92.323889 
1951.967382  	91.927776 
1952.324688  	92.020824 
1952.681995  	91.681097 
1953.039302  	90.531046 
1953.396609  	91.443369 
1953.753916  	91.875326 
1954.111223  	91.672457 
1954.468530  	93.580888 
1954.825836  	94.846476 
1955.183143  	94.723677 
1955.540450  	93.320107 
1955.897757  	92.156250 
1956.255064  	93.054386 
1956.612371  	91.922352 
1956.969678  	89.971302 
1957.326985  	90.622149 
1957.684291  	91.370834 
1958.041598  	91.645013 
1958.398905  	92.691975 
1958.756212  	94.062208 
1959.113519  	93.582710 
1959.470826  	92.975087 
1959.828133  	94.873992 
1960.185439  	94.297821 
1960.542746  	91.595126 
1960.900053  	91.940215 
1961.257360  	93.058641 
1961.614667  	93.244993 
1961.971974  	94.289188 
1962.329281  	94.999586 
1962.686587  	94.085569 
1963.043894  	93.087475 
1963.401201  	92.085704 
1963.758508  	90.797303 
1964.115815  	90.979643 
1964.473122  	91.659428 
1964.830429  	91.094295 
1965.187735  	90.132159 
1965.545042  	90.168092 
1965.902349  	90.881052 
1966.259656  	90.975238 
1966.616963  	92.189683 
1966.974270  	94.539950 
1967.331577  	93.571792 
1967.688883  	89.404812 
1968.046190  	88.412636 
1968.403497  	91.097686 
1968.760804  	93.329536 
1969.118111  	93.966978 
1969.475418  	92.647131 
1969.832725  	90.352095 
1970.190032  	89.123348 
1970.547338  	88.392183 
1970.904645  	90.255822 
1971.261952  	93.099167 
1971.619259  	93.614830 
1971.976566  	94.226556 
1972.333873  	93.655689 
1972.691180  	92.329014 
1973.048486  	91.120246 
1973.405793  	89.386635 
1973.763100  	90.700238 
1974.120407  	92.158162 
1974.477714  	91.845792 
1974.835021  	92.879631 
1975.192328  	93.085877 
1975.549634  	92.374594 
1975.906941  	93.176721 
1976.264248  	93.780999 
1976.621555  	92.328638 
1976.978862  	91.356678 
1977.336169  	91.622184 
1977.693476  	91.830953 
1978.050782  	91.237296 
1978.408089  	88.301359 
1978.765396  	87.619207 
1979.122703  	91.505994 
1979.480010  	95.017431 
1979.837317  	95.391757 
1980.194624  	91.856859 
1980.551930  	90.837779 
1980.909237  	92.663634 
1981.266544  	91.588128 
1981.623851  	91.972261 
1981.981158  	92.315543 
1982.338465  	90.660091 
1982.695772  	90.990226 
1983.053079  	91.815261 
1983.410385  	93.060253 
1983.767692  	93.683486 
1984.124999  	92.947209 
1984.482306  	90.939190 
1984.839613  	89.079560 
1985.196920  	91.116376 
1985.554227  	92.488626 
1985.911533  	92.668964 
1986.268840  	94.309607 
1986.626147  	93.819951 
1986.983454  	93.125154 
1987.340761  	91.264264 
1987.698068  	89.353880 
1988.055375  	91.879624 
1988.412681  	92.536636 
1988.769988  	89.880931 
1989.127295  	89.137556 
1989.484602  	89.931575 
1989.841909  	90.760844 
1990.199216  	90.899292 
1990.556523  	90.297049 
1990.913829  	90.052442 
1991.271136  	92.199181 
1991.628443  	93.034573 
1991.985750  	90.572539 
1992.343057  	90.954618 
1992.700364  	91.768787 
1993.057671  	90.862682 
1993.414977  	90.633058 
1993.772284  	91.359740 
1994.129591  	93.652341 
1994.486898  	94.881264 
1994.844205  	93.534561 
1995.201512  	90.880820 
1995.558819  	88.104424 
1995.916126  	88.986957 
1996.273432  	91.882210 
1996.630739  	92.263946 
1996.988046  	90.877767 
1997.345353  	90.364214 
1997.702660  	90.965139 
1998.059967  	90.736287 
1998.417274  	90.382018 
1998.774580  	90.191963 
1999.131887  	90.283242 
1999.489194  	91.846790 
1999.846501  	92.889903 
2000.203808  	92.646017 
2000.561115  	91.400153 
2000.918422  	91.083073 
2001.275728  	92.298176 
2001.633035  	90.458630 
2001.990342  	89.136767 
2002.347649  	91.411429 
2002.704956  	92.356297 
2003.062263  	92.088205 
2003.419570  	90.645712 
2003.776876  	88.438602 
2004.134183  	88.990686 
2004.491490  	91.220303 
2004.848797  	92.832987 
2005.206104  	92.598695 
2005.563411  	91.616704 
2005.920718  	90.365043 
2006.278024  	88.964440 
2006.635331  	90.731496 
2006.992638  	93.684273 
2007.349945  	94.365661 
2007.707252  	93.465968 
2008.064559  	91.096335 
2008.421866  	90.247017 
2008.779172  	91.475191 
2009.136479  	92.224028 
2009.493786  	92.936460 
2009.851093  	92.578106 
2010.208400  	90.961807 
2010.565707  	90.523186 
2010.923014  	90.237149 
2011.280321  	89.305546 
2011.637627  	90.549751 
2011.994934  	93.283373 
2012.352241  	94.176319 
2012.709548  	93.729772 
2013.066855  	92.166063 
2013.424162  	89.761136 
2013.781469  	89.716223 
2014.138775  	92.810426 
2014.496082  	93.870909 
2014.853389  	90.834677 
2015.210696  	89.690352 
2015.568003  	90.342764 
2015.925310  	88.990849 
2016.282617  	90.467870 
2016.639923  	94.468105 
2016.997230  	94.065239 
2017.354537  	92.186424 
2017.711844  	92.613624 
2018.069151  	92.224966 
2018.426458  	90.055138 
2018.783765  	88.966393 
2019.141071  	88.949357 
2019.498378  	89.282201 
2019.855685  	90.196128 
2020.212992  	89.171380 
2020.570299  	87.752844 
2020.927606  	88.237675 
2021.284913  	87.845360 
2021.642219  	87.130920 
2021.999526  	88.130820 
2022.356833  	89.011914 
2022.714140  	87.894728 
2023.071447  	88.505548 
2023.428754  	92.939650 
2023.786061  	94.436039 
2024.143368  	93.043103 
2024.500674  	91.998591 
2024.857981  	90.367375 
2025.215288  	90.709566 
2025.572595  	90.866334 
2025.929902  	88.288342 
2026.287209  	87.431232 
2026.644516  	88.486306 
2027.001822  	89.256781 
2027.359129  	90.091997 
2027.716436  	91.083493 
2028.073743  	90.452674 
2028.431050  	89.133427 
2028.788357  	90.325861 
2029.145664  	91.939842 
2029.502970  	91.552898 
2029.860277  	90.252219 
2030.217584  	89.750751 
2030.574891  	91.076429 
2030.932198  	90.471329 
2031.289505  	88.429951 
2031.646812  	89.020455 
2032.004118  	90.454600 
2032.361425  	90.760724 
2032.718732  	90.076565 
2033.076039  	89.971567 
2033.433346  	89.481428 
2033.790653  	87.203242 
2034.147960  	88.175629 
2034.505266  	91.216869 
2034.862573  	89.994726 
2035.219880  	87.699143 
2035.577187  	89.188081 
2035.934494  	91.435221 
2036.291801  	90.103881 
2036.649108  	88.710462 
2037.006415  	89.195661 
2037.363721  	89.282700 
2037.721028  	90.275773 
2038.078335  	91.048841 
2038.435642  	90.623810 
2038.792949  	90.930346 
2039.150256  	91.271859 
2039.507563  	92.362218 
2039.864869  	92.100817 
2040.222176  	90.165194 
2040.579483  	91.324662 
2040.936790  	92.061115 
2041.294097  	89.065288 
2041.651404  	86.788632 
2042.008711  	88.313345 
2042.366017  	91.520427 
2042.723324  	90.986005 
2043.080631  	88.060726 
2043.437938  	86.384517 
2043.795245  	85.079897 
2044.152552  	85.844133 
2044.509859  	88.047483 
2044.867165  	89.149539 
2045.224472  	90.479953 
2045.581779  	90.262365 
2045.939086  	88.773719 
2046.296393  	88.228156 
2046.653700  	86.218324 
2047.011007  	85.647464 
2047.368313  	88.711112 
2047.725620  	89.831187 
2048.082927  	89.160512 
2048.440234  	90.088885 
2048.797541  	90.223223 
2049.154848  	89.142447 
2049.512155  	89.104159 
2049.869462  	89.543021 
2050.226768  	89.363191 
2050.584075  	89.541964 
2050.941382  	90.076179 
2051.298689  	89.556038 
2051.655996  	88.618907 
2052.013303  	87.751740 
2052.370610  	87.809796 
2052.727916  	89.301307 
2053.085223  	89.065313 
2053.442530  	88.108062 
2053.799837  	89.090182 
2054.157144  	89.292321 
2054.514451  	88.537167 
2054.871758  	88.349430 
2055.229064  	88.349993 
2055.586371  	88.735498 
2055.943678  	89.034524 
2056.300985  	90.248963 
2056.658292  	92.151664 
2057.015599  	91.770990 
2057.372906  	90.246537 
2057.730212  	89.525795 
2058.087519  	89.387566 
2058.444826  	90.304011 
2058.802133  	91.284737 
2059.159440  	91.132578 
2059.516747  	91.236448 
2059.874054  	91.847501 
2060.231360  	91.686485 
2060.588667  	91.374665 
2060.945974  	91.900825 
2061.303281  	92.183093 
2061.660588  	91.701002 
2062.017895  	91.159635 
2062.375202  	90.256632 
2062.732509  	89.652665 
2063.089815  	90.631925 
2063.447122  	91.208977 
2063.804429  	90.074895 
2064.161736  	90.032930 
2064.519043  	91.730118 
2064.876350  	91.795317 
2065.233657  	90.328481 
2065.590963  	90.822381 
2065.948270  	91.259964 
2066.305577  	90.319457 
2066.662884  	90.963801 
2067.020191  	90.912978 
2067.377498  	89.355801 
2067.734805  	89.894566 
2068.092111  	90.723701 
2068.449418  	90.672012 
2068.806725  	90.845881 
2069.164032  	90.463605 
2069.521339  	90.723863 
2069.878646  	90.793725 
2070.235953  	89.312149 
2070.593259  	89.236602 
2070.950566  	91.004204 
2071.307873  	91.939546 
2071.665180  	91.395680 
2072.022487  	90.676514 
2072.379794  	90.310560 
2072.737101  	89.877054 
2073.094407  	89.897500 
2073.451714  	90.453786 
2073.809021  	90.768387 
2074.166328  	91.207856 
2074.523635  	91.364850 
2074.880942  	90.307940 
2075.238249  	89.724519 
2075.595556  	90.186016 
2075.952862  	90.031281 
2076.310169  	90.189031 
2076.667476  	91.187012 
2077.024783  	90.572633 
2077.382090  	88.884704 
2077.739397  	88.769372 
2078.096704  	89.409647 
2078.454010  	89.932929 
2078.811317  	91.098922 
2079.168624  	91.553301 
2079.525931  	90.393805 
2079.883238  	89.715691 
2080.240545  	90.340872 
2080.597852  	90.689999 
2080.955158  	90.326321 
2081.312465  	90.745879 
2081.669772  	91.676624 
2082.027079  	91.399308 
2082.384386  	90.902078 
2082.741693  	91.075026 
2083.099000  	90.657131 
2083.456306  	89.968844 
2083.813613  	90.305688 
2084.170920  	90.857116 
2084.528227  	90.869107 
2084.885534  	91.107124 
2085.242841  	90.759191 
2085.600148  	89.902726 
2085.957454  	90.113518 
2086.314761  	90.191710 
2086.672068  	89.765547 
2087.029375  	89.782377 
2087.386682  	89.747790 
2087.743989  	90.065733 
2088.101296  	90.204899 
2088.458602  	89.485196 
2088.815909  	89.439494 
2089.173216  	89.878070 
2089.530523  	89.535816 
2089.887830  	89.473242 
2090.245137  	90.120466 
2090.602444  	90.046400 
2090.959751  	90.433155 
2091.317057  	91.917967 
2091.674364  	91.751797 
2092.031671  	90.593971 
2092.388978  	90.223528 
2092.746285  	90.163753 
2093.103592  	90.772396 
2093.460899  	91.435058 
2093.818205  	91.037284 
2094.175512  	90.262305 
2094.532819  	90.393921 
2094.890126  	91.028446 
2095.247433  	90.627905 
2095.604740  	90.039881 
2095.962047  	90.242436 
2096.319353  	91.065065 
2096.676660  	91.882407 
2097.033967  	91.518321 
2097.391274  	91.387937 
2097.748581  	91.808700 
2098.105888  	91.464672 
2098.463195  	91.254561 
2098.820501  	90.980317 
2099.177808  	90.613154 
2099.535115  	90.786544 
2099.892422  	90.412099 
2100.249729  	89.760619 
2100.607036  	89.953627 
2100.964343  	90.228415 
2101.321649  	89.877409 
2101.678956  	89.599102 
2102.036263  	89.834739 
2102.393570  	90.535209 
2102.750877  	90.816523 
2103.108184  	90.116016 
2103.465491  	90.196672 
2103.822798  	90.706145 
2104.180104  	90.153842 
2104.537411  	89.812855 
2104.894718  	89.884897 
2105.252025  	90.229693 
2105.609332  	90.663453 
2105.966639  	90.376428 
2106.323946  	90.554374 
2106.681252  	90.730067 
2107.038559  	89.991656 
2107.395866  	90.036523 
2107.753173  	90.836332 
2108.110480  	91.245958 
2108.467787  	91.094847 
2108.825094  	90.737320 
2109.182400  	90.388128 
2109.539707  	89.966182 
2109.897014  	89.680631 
2110.254321  	89.393136 
2110.611628  	89.510984 
2110.968935  	89.686635 
2111.326242  	89.073117 
2111.683548  	89.908271 
2112.040855  	91.811856 
2112.398162  	91.836145 
2112.755469  	91.406666 
2113.112776  	91.381048 
2113.470083  	91.141692 
2113.827390  	91.191176 
2114.184696  	91.095822 
2114.542003  	91.013247 
2114.899310  	90.558824 
2115.256617  	90.237487 
2115.613924  	91.165550 
2115.971231  	91.031350 
2116.328538  	90.429694 
2116.685845  	90.957475 
2117.043151  	90.619357 
2117.400458  	90.386939 
2117.757765  	90.347582 
2118.115072  	89.450966 
2118.472379  	90.052162 
2118.829686  	90.739971 
2119.186993  	89.607904 
2119.544299  	89.537419 
2119.901606  	90.274079 
2120.258913  	89.735899 
2120.616220  	89.011626 
2120.973527  	88.882656 
2121.330834  	89.361534 
2121.688141  	90.072836 
2122.045447  	89.709472 
2122.402754  	89.584380 
2122.760061  	90.964627 
2123.117368  	91.812941 
2123.474675  	91.633579 
2123.831982  	91.290184 
2124.189289  	90.992267 
2124.546595  	90.977666 
2124.903902  	90.545797 
2125.261209  	90.226650 
2125.618516  	90.879805 
2125.975823  	91.593164 
2126.333130  	91.813377 
2126.690437  	91.519256 
2127.047743  	91.308710 
2127.405050  	91.327130 
2127.762357  	90.922956 
2128.119664  	90.581140 
2128.476971  	90.553363 
2128.834278  	90.436783 
2129.191585  	90.256169 
2129.548892  	90.545621 
2129.906198  	91.159288 
2130.263505  	90.912497 
2130.620812  	90.671846 
2130.978119  	91.242039 
2131.335426  	90.817244 
2131.692733  	89.633292 
2132.050040  	89.612627 
2132.407346  	90.408554 
2132.764653  	90.444380 
2133.121960  	89.881796 
2133.479267  	89.743888 
2133.836574  	89.667336 
2134.193881  	90.348931 
2134.551188  	91.435451 
2134.908494  	90.944598 
2135.265801  	90.622004 
2135.623108  	91.396009 
2135.980415  	91.676896 
2136.337722  	91.258044 
2136.695029  	90.520879 
2137.052336  	91.110684 
2137.409642  	92.770787 
2137.766949  	92.894965 
2138.124256  	91.850569 
2138.481563  	91.271814 
2138.838870  	91.527752 
2139.196177  	91.192180 
2139.553484  	90.173324 
2139.910790  	90.497390 
2140.268097  	91.300351 
2140.625404  	91.545659 
2140.982711  	91.236450 
2141.340018  	90.901287 
2141.697325  	91.565946 
2142.054632  	91.959621 
2142.411939  	91.536617 
2142.769245  	90.028864 
2143.126552  	88.240126 
2143.483859  	88.734000 
2143.841166  	90.253516 
2144.198473  	90.945912 
2144.555780  	90.722522 
2144.913087  	90.476579 
2145.270393  	90.333869 
2145.627700  	90.147934 
2145.985007  	92.542673 
2146.342314  	94.003894 
2146.699621  	91.800569 
2147.056928  	91.846405 
2147.414235  	93.185263 
2147.771541  	92.733708 
2148.128848  	90.789421 
2148.486155  	89.179337 
2148.843462  	90.299480 
2149.200769  	90.760702 
2149.558076  	89.907447 
2149.915383  	90.549874 
2150.272689  	92.176689 
2150.629996  	93.692203 
2150.987303  	92.239794 
2151.344610  	89.269348 
2151.701917  	89.106331 
2152.059224  	91.094340 
2152.416531  	92.135561 
2152.773837  	90.535551 
2153.131144  	89.758559 
2153.488451  	91.206012 
2153.845758  	93.069053 
2154.203065  	94.599567 
2154.560372  	91.370862 
2154.917679  	87.045067 
2155.274986  	89.364709 
2155.632292  	92.994201 
2155.989599  	92.232156 
2156.346906  	89.559204 
2156.704213  	86.897779 
2157.061520  	86.763634 
2157.418827  	87.881003 
2157.776134  	88.413415 
2158.133440  	89.486788 
2158.490747  	88.518762 
2158.848054  	86.320232 
2159.205361  	87.639017 
2159.562668  	88.466968 
2159.919975  	85.984926 
2160.277282  	86.458988 
2160.634588  	87.796538 
2160.991895  	84.902154 
2161.349202  	85.540898 
2161.706509  	89.934366 
2162.063816  	90.912448 
2162.421123  	90.085664 
2162.778430  	87.373367 
2163.135736  	86.541548 
2163.493043  	89.158804 
2163.850350  	88.148607 
2164.207657  	88.814953 
2164.564964  	92.355604 
2164.922271  	91.517934 
2165.279578  	88.660326 
2165.636884  	85.802281 
2165.994191  	87.017279 
2166.351498  	89.953990 
2166.708805  	88.743969 
2167.066112  	88.736904 
2167.423419  	90.348942 
2167.780726  	90.119802 
2168.138032  	88.717832 
2168.495339  	88.702304 
2168.852646  	91.476487 
2169.209953  	91.559297 
2169.567260  	88.633544 
2169.924567  	87.722155 
2170.281874  	89.166330 
2170.639181  	90.465110 
2170.996487  	88.724290 
2171.353794  	87.803367 
2171.711101  	89.775679 
2172.068408  	90.097167 
2172.425715  	88.895406 
2172.783022  	88.413580 
2173.140329  	89.367142 
2173.497635  	89.595786 
2173.854942  	88.208776 
2174.212249  	89.421052 
2174.569556  	91.402121 
2174.926863  	88.962756 
2175.284170  	87.014079 
2175.641477  	89.204171 
2175.998783  	90.087215 
2176.356090  	88.524829 
2176.713397  	87.479263 
2177.070704  	88.081199 
2177.428011  	90.191506 
2177.785318  	89.480548 
2178.142625  	87.068894 
2178.499931  	87.216798 
2178.857238  	89.297780 
2179.214545  	92.388135 
2179.571852  	91.933736 
2179.929159  	88.465245 
2180.286466  	88.624517 
2180.643773  	91.023747 
2181.001079  	91.902376 
2181.358386  	90.062621 
2181.715693  	87.786442 
2182.073000  	87.616979 
2182.430307  	88.595157 
2182.787614  	88.742779 
2183.144921  	87.444040 
2183.502228  	88.354366 
2183.859534  	90.111104 
2184.216841  	88.142170 
2184.574148  	86.102191 
2184.931455  	86.913811 
2185.288762  	89.283643 
2185.646069  	89.042482 
2186.003376  	87.123820 
2186.360682  	87.921835 
2186.717989  	87.412032 
2187.075296  	85.757624 
2187.432603  	86.692233 
2187.789910  	88.392954 
2188.147217  	90.191109 
2188.504524  	90.090123 
2188.861830  	88.679159 
2189.219137  	89.545812 
2189.576444  	90.076066 
2189.933751  	88.369354 
2190.291058  	88.483780 
2190.648365  	90.324700 
2191.005672  	90.042671 
2191.362978  	90.634429 
2191.720285  	93.083316 
2192.077592  	91.529860 
2192.434899  	88.042098 
2192.792206  	87.631422 
2193.149513  	88.332534 
2193.506820  	88.285143 
2193.864126  	89.020761 
2194.221433  	89.756282 
2194.578740  	89.496681 
2194.936047  	90.653877 
2195.293354  	90.999467 
2195.650661  	88.862752 
2196.007968  	89.052578 
2196.365275  	90.299742 
2196.722581  	88.482575 
2197.079888  	86.938271 
2197.437195  	87.863891 
2197.794502  	88.370843 
2198.151809  	88.530551 
2198.509116  	89.849483 
2198.866423  	90.388921 
2199.223729  	90.647709 
2199.581036  	91.846234 
2199.938343  	91.904441 
2200.295650  	90.825968 
2200.652957  	89.872742 
2201.010264  	88.563473 
2201.367571  	87.143881 
2201.724877  	87.444659 
2202.082184  	89.213969 
2202.439491  	89.564374 
2202.796798  	89.003342 
2203.154105  	89.702052 
2203.511412  	91.312185 
2203.868719  	91.047227 
2204.226025  	88.798756 
2204.583332  	88.976531 
2204.940639  	89.549020 
2205.297946  	87.811452 
2205.655253  	88.449975 
2206.012560  	90.480046 
2206.369867  	90.828005 
2206.727173  	91.353001 
2207.084480  	90.303521 
2207.441787  	88.512978 
2207.799094  	89.268428 
2208.156401  	90.544649 
2208.513708  	91.141328 
2208.871015  	91.808351 
2209.228322  	92.041497 
2209.585628  	90.993639 
2209.942935  	89.418266 
2210.300242  	90.128613 
2210.657549  	91.112150 
2211.014856  	89.674781 
2211.372163  	89.502472 
2211.729470  	90.380848 
2212.086776  	89.983041 
2212.444083  	89.889437 
2212.801390  	89.934039 
2213.158697  	89.351077 
2213.516004  	88.586870 
2213.873311  	88.285825 
2214.230618  	89.203699 
2214.587924  	90.487001 
2214.945231  	90.660043 
2215.302538  	90.927647 
2215.659845  	92.210562 
2216.017152  	91.384706 
2216.374459  	89.245448 
2216.731766  	89.754468 
2217.089072  	90.609228 
2217.446379  	89.747935 
2217.803686  	89.781675 
2218.160993  	91.255390 
2218.518300  	91.802803 
2218.875607  	90.996119 
2219.232914  	90.777576 
2219.590220  	90.440223 
2219.947527  	89.265890 
2220.304834  	89.012649 
2220.662141  	90.243278 
2221.019448  	91.245952 
2221.376755  	90.482050 
2221.734062  	89.935696 
2222.091369  	90.032590 
2222.448675  	89.162386 
2222.805982  	88.675018 
2223.163289  	89.007106 
2223.520596  	89.363594 
2223.877903  	89.430229 
2224.235210  	90.312087 
2224.592517  	91.799478 
2224.949823  	90.897771 
2225.307130  	90.565993 
2225.664437  	92.252962 
2226.021744  	91.753380 
2226.379051  	90.594334 
2226.736358  	90.540178 
2227.093665  	90.203179 
2227.450971  	89.997770 
2227.808278  	89.918892 
2228.165585  	89.487285 
2228.522892  	89.840689 
2228.880199  	90.519992 
2229.237506  	89.369616 
2229.594813  	88.978993 
2229.952119  	90.095023 
2230.309426  	89.721418 
2230.666733  	89.620514 
2231.024040  	89.862432 
2231.381347  	89.496322 
2231.738654  	89.724826 
2232.095961  	89.749979 
2232.453267  	89.815023 
2232.810574  	89.728435 
2233.167881  	90.285360 
2233.525188  	91.336386 
2233.882495  	90.022254 
2234.239802  	89.781279 
2234.597109  	91.042501 
2234.954416  	90.091368 
2235.311722  	89.712336 
2235.669029  	90.589263 
2236.026336  	90.786860 
2236.383643  	90.789488 
2236.740950  	90.450573 
2237.098257  	90.047079 
2237.455564  	89.918384 
2237.812870  	90.035401 
2238.170177  	90.480950 
2238.527484  	90.302882 
2238.884791  	89.425617 
2239.242098  	89.718417 
2239.599405  	91.121923 
2239.956712  	91.130346 
2240.314018  	89.950528 
2240.671325  	89.836851 
2241.028632  	90.088259 
2241.385939  	89.439572 
2241.743246  	89.997163 
2242.100553  	91.952240 
2242.457860  	91.662867 
2242.815166  	89.782911 
2243.172473  	88.923717 
2243.529780  	89.399207 
2243.887087  	90.664140 
2244.244394  	90.308400 
2244.601701  	89.202576 
2244.959008  	89.996362 
2245.316314  	90.900580 
2245.673621  	90.908566 
2246.030928  	90.284287 
2246.388235  	89.157766 
2246.745542  	89.300204 
2247.102849  	90.159936 
2247.460156  	89.841316 
2247.817463  	89.316172 
2248.174769  	89.831481 
2248.532076  	90.464096 
2248.889383  	90.534143 
2249.246690  	90.184321 
2249.603997  	89.397129 
2249.961304  	89.504878 
2250.318611  	90.256565 
2250.675917  	89.971209 
2251.033224  	89.802008 
2251.390531  	89.705147 
2251.747838  	88.953385 
2252.105145  	88.685312 
2252.462452  	88.698364 
2252.819759  	88.766211 
2253.177065  	88.812807 
2253.534372  	88.985416 
2253.891679  	89.948577 
2254.248986  	90.522879 
2254.606293  	90.544793 
2254.963600  	90.565828 
2255.320907  	90.374514 
2255.678213  	90.479138 
2256.035520  	90.287320 
2256.392827  	89.769496 
2256.750134  	89.719514 
2257.107441  	90.071580 
2257.464748  	90.132672 
2257.822055  	89.051030 
2258.179361  	88.415037 
2258.536668  	88.621027 
2258.893975  	88.324100 
2259.251282  	88.707562 
2259.608589  	89.445504 
2259.965896  	89.248376 
2260.323203  	88.673338 
2260.680509  	88.477192 
2261.037816  	89.054383 
2261.395123  	89.417061 
2261.752430  	89.599786 
2262.109737  	89.757060 
2262.467044  	89.066786 
2262.824351  	88.846733 
2263.181658  	89.410627 
2263.538964  	89.916713 
2263.896271  	90.185822 
2264.253578  	89.658299 
2264.610885  	89.058028 
2264.968192  	88.860172 
2265.325499  	88.424855 
2265.682806  	88.498349 
2266.040112  	89.821766 
2266.397419  	90.883112 
2266.754726  	90.586204 
2267.112033  	90.157336 
2267.469340  	89.649603 
2267.826647  	88.932951 
2268.183954  	88.659086 
2268.541260  	88.549203 
2268.898567  	88.803124 
2269.255874  	89.256170 
2269.613181  	89.480731 
2269.970488  	89.526091 
2270.327795  	89.437129 
2270.685102  	89.839198 
2271.042408  	89.854003 
2271.399715  	89.348500 
2271.757022  	89.786794 
2272.114329  	90.012161 
2272.471636  	89.267064 
2272.828943  	89.147783 
2273.186250  	89.591565 
2273.543556  	89.312258 
2273.900863  	88.902881 
2274.258170  	89.185194 
2274.615477  	89.534523 
2274.972784  	89.756279 
2275.330091  	89.276390 
2275.687398  	88.436921 
2276.044705  	88.565557 
2276.402011  	88.954844 
2276.759318  	89.302525 
2277.116625  	89.265824 
2277.473932  	88.480637 
2277.831239  	88.461679 
2278.188546  	89.159334 
2278.545853  	89.706204 
2278.903159  	89.691217 
2279.260466  	89.070680 
2279.617773  	88.899052 
2279.975080  	89.171999 
2280.332387  	89.433549 
2280.689694  	89.343643 
2281.047001  	88.627546 
2281.404307  	87.714929 
2281.761614  	87.144364 
2282.118921  	87.950945 
2282.476228  	89.071914 
2282.833535  	88.802963 
2283.190842  	88.322920 
2283.548149  	88.033439 
2283.905455  	88.129640 
2284.262762  	88.897971 
2284.620069  	88.930063 
2284.977376  	88.345341 
2285.334683  	88.107253 
2285.691990  	88.119420 
2286.049297  	88.255803 
2286.406603  	88.436187 
2286.763910  	88.583980 
2287.121217  	88.454318 
2287.478524  	88.486673 
2287.835831  	88.855069 
2288.193138  	88.665810 
2288.550445  	88.085012 
2288.907752  	87.739574 
2289.265058  	87.942415 
2289.622365  	88.588770 
2289.979672  	88.798707 
2290.336979  	88.779583 
2290.694286  	89.098419 
2291.051593  	89.315334 
2291.408900  	89.144646 
2291.766206  	88.572620 
2292.123513  	88.199523 
2292.480820  	88.439194 
2292.838127  	88.698727 
2293.195434  	88.803152 
2293.552741  	88.691115 
2293.910048  	88.357559 
2294.267354  	88.466663 
2294.624661  	88.727913 
2294.981968  	88.460804 
2295.339275  	88.414458 
2295.696582  	88.872651 
2296.053889  	88.802901 
2296.411196  	88.547809 
2296.768502  	89.012227 
2297.125809  	89.379612 
2297.483116  	89.319051 
2297.840423  	89.368985 
2298.197730  	89.417266 
2298.555037  	89.242577 
2298.912344  	88.933251 
2299.269650  	88.860819 
2299.626957  	88.941799 
2299.984264  	88.871536 
2300.341571  	88.890661 
2300.698878  	88.627757 
2301.056185  	88.125484 
2301.413492  	88.495889 
2301.770799  	89.203817 
2302.128105  	89.314223 
2302.485412  	88.995136 
2302.842719  	88.342871 
2303.200026  	88.181248 
2303.557333  	88.780995 
2303.914640  	88.778879 
2304.271947  	88.628708 
2304.629253  	89.071404 
2304.986560  	88.778323 
2305.343867  	88.636580 
2305.701174  	89.576064 
2306.058481  	89.930030 
2306.415788  	89.610761 
2306.773095  	89.052593 
2307.130401  	88.499284 
2307.487708  	88.998867 
2307.845015  	89.593425 
2308.202322  	89.758039 
2308.559629  	90.175767 
2308.916936  	90.195776 
2309.274243  	89.307512 
2309.631549  	88.627819 
2309.988856  	88.802169 
2310.346163  	89.277475 
2310.703470  	89.349222 
2311.060777  	88.925564 
2311.418084  	88.329252 
2311.775391  	88.308783 
2312.132697  	88.950054 
2312.490004  	89.335862 
2312.847311  	89.512575 
2313.204618  	89.302481 
2313.561925  	88.041323 
2313.919232  	88.028339 
2314.276539  	88.996729 
2314.633846  	89.403028 
2314.991152  	89.643496 
2315.348459  	88.454176 
2315.705766  	87.111550 
2316.063073  	88.262291 
2316.420380  	89.270526 
2316.777687  	89.959001 
2317.134994  	89.707531 
2317.492300  	87.107227 
2317.849607  	86.992599 
2318.206914  	88.432075 
2318.564221  	89.281451 
2318.921528  	90.397848 
2319.278835  	89.290114 
2319.636142  	86.845017 
2319.993448  	87.524536 
2320.350755  	89.149732 
2320.708062  	90.296654 
2321.065369  	89.380175 
2321.422676  	86.772957 
2321.779983  	87.176953 
2322.137290  	89.175787 
2322.494596  	90.416357 
2322.851903  	90.126581 
2323.209210  	87.780449 
2323.566517  	86.288981 
2323.923824  	87.529414 
2324.281131  	89.156790 
2324.638438  	90.158444 
2324.995744  	88.978089 
2325.353051  	86.369092 
2325.710358  	87.084470 
2326.067665  	89.025471 
2326.424972  	90.187192 
2326.782279  	89.782413 
2327.139586  	86.982983 
2327.496893  	86.683758 
2327.854199  	88.756810 
2328.211506  	90.170726 
2328.568813  	90.403972 
2328.926120  	87.991995 
2329.283427  	86.513106 
2329.640734  	88.258199 
2329.998041  	90.187560 
2330.355347  	90.903634 
2330.712654  	87.978287 
2331.069961  	85.945788 
2331.427268  	88.001081 
2331.784575  	89.983184 
2332.141882  	90.953159 
2332.499189  	88.485848 
2332.856495  	85.840556 
2333.213802  	87.719865 
2333.571109  	89.918936 
2333.928416  	90.671152 
2334.285723  	88.211555 
2334.643030  	86.441994 
2335.000337  	88.462322 
2335.357643  	89.840893 
2335.714950  	89.465815 
2336.072257  	87.092305 
2336.429564  	85.841902 
2336.786871  	87.809270 
2337.144178  	89.736551 
2337.501485  	89.724368 
2337.858791  	87.214175 
2338.216098  	86.809871 
2338.573405  	88.619349 
2338.930712  	89.601462 
2339.288019  	88.762517 
2339.645326  	85.836384 
2340.002633  	86.241447 
2340.359939  	88.916974 
2340.717246  	89.777666 
2341.074553  	87.826132 
2341.431860  	85.660309 
2341.789167  	86.964480 
2342.146474  	89.085625 
2342.503781  	89.562437 
2342.861088  	87.608605 
2343.218394  	86.363472 
2343.575701  	88.211842 
2343.933008  	89.924326 
2344.290315  	89.114069 
2344.647622  	86.963530 
2345.004929  	87.146615 
2345.362236  	88.783552 
2345.719542  	89.431770 
2346.076849  	87.397473 
2346.434156  	85.830194 
2346.791463  	87.419562 
2347.148770  	89.172730 
2347.506077  	88.966944 
2347.863384  	87.279220 
2348.220690  	87.095948 
2348.577997  	87.838630 
2348.935304  	88.058796 
2349.292611  	88.314965 
2349.649918  	88.710322 
2350.007225  	88.589074 
2350.364532  	88.193251 
2350.721838  	88.445244 
2351.079145  	89.001756 
2351.436452  	88.551910 
2351.793759  	87.532896 
2352.151066  	88.054801 
2352.508373  	89.182698 
2352.865680  	88.996078 
2353.222986  	87.290830 
2353.580293  	87.497704 
2353.937600  	89.469708 
2354.294907  	89.929936 
2354.652214  	87.211396 
2355.009521  	86.106441 
2355.366828  	88.380668 
2355.724135  	89.298169 
2356.081441  	86.948835 
2356.438748  	86.765610 
2356.796055  	89.149798 
2357.153362  	89.867864 
2357.510669  	87.763282 
2357.867976  	86.684251 
2358.225283  	89.052641 
2358.582589  	90.345913 
2358.939896  	87.345503 
2359.297203  	86.496283 
2359.654510  	89.308915 
2360.011817  	89.685930 
2360.369124  	86.664299 
2360.726431  	86.189712 
2361.083737  	88.189206 
2361.441044  	88.634314 
2361.798351  	86.546068 
2362.155658  	86.955358 
2362.512965  	88.890532 
2362.870272  	87.776585 
2363.227579  	85.358444 
2363.584885  	87.124661 
2363.942192  	88.557936 
2364.299499  	86.746886 
2364.656806  	86.330591 
2365.014113  	88.704762 
2365.371420  	88.674009 
2365.728727  	86.228404 
2366.086033  	87.362940 
2366.443340  	89.027617 
2366.800647  	87.415714 
2367.157954  	86.081192 
2367.515261  	88.092056 
2367.872568  	88.860415 
2368.229875  	86.750799 
2368.587182  	87.212379 
2368.944488  	89.138257 
2369.301795  	88.312813 
2369.659102  	87.520345 
2370.016409  	88.400048 
2370.373716  	87.588047 
2370.731023  	86.959671 
2371.088330  	88.393292 
2371.445636  	88.153370 
2371.802943  	86.824129 
2372.160250  	87.658565 
2372.517557  	87.601400 
2372.874864  	86.061856 
2373.232171  	86.857346 
2373.589478  	88.068611 
2373.946784  	87.602386 
2374.304091  	87.552876 
2374.661398  	87.888484 
2375.018705  	87.126555 
2375.376012  	86.928966 
2375.733319  	87.573281 
2376.090626  	87.348021 
2376.447932  	87.371792 
2376.805239  	87.502084 
2377.162546  	86.815545 
2377.519853  	87.165190 
2377.877160  	87.728349 
2378.234467  	87.308749 
2378.591774  	87.277724 
2378.949080  	87.626126 
2379.306387  	87.847567 
2379.663694  	87.873941 
2380.021001  	87.858820 
2380.378308  	87.956603 
2380.735615  	87.775714 
2381.092922  	87.467357 
2381.450229  	87.455316 
2381.807535  	87.789293 
2382.164842  	88.030550 
2382.522149  	87.955391 
2382.879456  	88.011830 
2383.236763  	88.003992 
2383.594070  	87.953766 
2383.951377  	87.995043 
2384.308683  	87.736731 
2384.665990  	87.611977 
2385.023297  	87.736921 
2385.380604  	87.628369 
2385.737911  	87.575083 
2386.095218  	87.797729 
2386.452525  	87.958960 
2386.809831  	87.940637 
2387.167138  	87.869393 
2387.524445  	87.704341 
2387.881752  	87.581523 
2388.239059  	87.627523 
2388.596366  	87.739447 
2388.953673  	87.997716 
2389.310979  	88.158953 
2389.668286  	87.939619 
2390.025593  	87.753830 
2390.382900  	87.984635 
2390.740207  	88.266654 
2391.097514  	88.071037 
2391.454821  	87.659389 
2391.812127  	87.500700 
2392.169434  	87.582962 
2392.526741  	87.696522 
2392.884048  	87.684785 
2393.241355  	87.723387 
2393.598662  	87.897849 
2393.955969  	87.817156 
2394.313276  	87.546688 
2394.670582  	87.684344 
2395.027889  	87.752719 
2395.385196  	87.224840 
2395.742503  	87.158394 
2396.099810  	87.637180 
2396.457117  	87.746967 
2396.814424  	87.628543 
2397.171730  	87.471326 
2397.529037  	87.428187 
2397.886344  	87.400100 
2398.243651  	87.264203 
2398.600958  	87.528034 
2398.958265  	87.882591 
2399.315572  	87.879523 
2399.672878  	87.781495 
2400.030185  	87.767029 
2400.387492  	87.675958 
2400.744799  	87.201572 
2401.102106  	87.031429 
2401.459413  	87.594028 
2401.816720  	87.998262 
2402.174026  	87.937899 
2402.531333  	87.797739 
2402.888640  	87.817823 
2403.245947  	87.679026 
2403.603254  	87.127041 
2403.960561  	86.925612 
2404.317868  	87.388707 
2404.675174  	87.866427 
2405.032481  	87.818163 
2405.389788  	87.462150 
2405.747095  	87.414587 
2406.104402  	87.299771 
2406.461709  	86.928257 
2406.819016  	87.155650 
2407.176323  	87.438123 
2407.533629  	86.984038 
2407.890936  	86.876877 
2408.248243  	87.197134 
2408.605550  	87.109211 
2408.962857  	87.111206 
2409.320164  	87.172830 
2409.677471  	86.981683 
2410.034777  	87.073215 
2410.392084  	87.263774 
2410.749391  	87.220364 
2411.106698  	87.073780 
2411.464005  	86.800313 
2411.821312  	86.662613 
2412.178619  	86.842698 
2412.535925  	86.881936 
2412.893232  	86.665435 
2413.250539  	86.721205 
2413.607846  	86.842119 
2413.965153  	86.610617 
2414.322460  	86.416125 
2414.679767  	86.428214 
2415.037073  	86.563959 
2415.394380  	86.622300 
2415.751687  	86.521064 
2416.108994  	86.644894 
2416.466301  	86.753461 
2416.823608  	86.750435 
2417.180915  	87.169599 
2417.538221  	87.581707 
2417.895528  	87.392101 
2418.252835  	87.234575 
2418.610142  	87.353339 
2418.967449  	86.938972 
2419.324756  	86.603480 
2419.682063  	87.005028 
2420.039369  	86.988573 
2420.396676  	86.855703 
2420.753983  	87.279423 
2421.111290  	87.107963 
2421.468597  	86.263816 
2421.825904  	85.921739 
2422.183211  	86.426442 
2422.540518  	87.044280 
2422.897824  	87.413971 
2423.255131  	87.562744 
2423.612438  	87.164940 
2423.969745  	86.853868 
2424.327052  	86.810155 
2424.684359  	86.645785 
2425.041666  	86.852102 
2425.398972  	86.964627 
2425.756279  	86.830046 
2426.113586  	86.911386 
2426.470893  	86.781799 
2426.828200  	86.773165 
2427.185507  	87.073526 
2427.542814  	87.121029 
2427.900120  	86.843169 
2428.257427  	86.601146 
2428.614734  	86.727962 
2428.972041  	86.746410 
2429.329348  	86.720461 
2429.686655  	87.033656 
2430.043962  	86.916841 
2430.401268  	86.637709 
2430.758575  	87.115626 
2431.115882  	87.647140 
2431.473189  	87.426011 
2431.830496  	87.012471 
2432.187803  	86.798430 
2432.545110  	86.585715 
2432.902416  	86.567817 
2433.259723  	86.671087 
2433.617030  	86.731715 
2433.974337  	86.710734 
2434.331644  	86.544090 
2434.688951  	86.791019 
2435.046258  	87.306282 
2435.403565  	87.454727 
2435.760871  	87.219321 
2436.118178  	86.768573 
2436.475485  	86.497504 
2436.832792  	86.399138 
2437.190099  	86.699567 
2437.547406  	86.946687 
2437.904713  	86.242002 
2438.262019  	86.080192 
2438.619326  	86.566659 
2438.976633  	86.382845 
2439.333940  	86.329340 
2439.691247  	86.416755 
2440.048554  	86.395902 
2440.405861  	86.593674 
2440.763167  	86.630804 
2441.120474  	86.522246 
2441.477781  	86.209405 
2441.835088  	85.975055 
2442.192395  	86.056758 
2442.549702  	86.022708 
2442.907009  	86.025043 
2443.264315  	85.855710 
2443.621622  	85.576503 
2443.978929  	85.914998 
2444.336236  	86.426700 
2444.693543  	86.489534 
2445.050850  	86.233722 
2445.408157  	86.099546 
2445.765463  	86.458916 
2446.122770  	86.709674 
2446.480077  	86.171613 
2446.837384  	85.639919 
2447.194691  	85.840611 
2447.551998  	86.250238 
2447.909305  	86.616782 
2448.266612  	86.774346 
2448.623918  	86.384587 
2448.981225  	86.118865 
2449.338532  	86.232513 
2449.695839  	86.186569 
2450.053146  	86.072131 
2450.410453  	85.912050 
2450.767760  	85.797618 
2451.125066  	86.215594 
2451.482373  	86.561796 
2451.839680  	86.187336 
2452.196987  	85.938852 
2452.554294  	86.175427 
2452.911601  	86.291787 
2453.268908  	86.353532 
2453.626214  	86.502201 
2453.983521  	86.459520 
2454.340828  	86.293484 
2454.698135  	86.142045 
2455.055442  	86.008623 
2455.412749  	86.063782 
2455.770056  	86.277438 
2456.127362  	86.444306 
2456.484669  	86.429226 
2456.841976  	86.166924 
2457.199283  	86.228985 
2457.556590  	86.560214 
2457.913897  	86.272861 
2458.271204  	86.041020 
2458.628510  	86.418028 
2458.985817  	86.687612 
2459.343124  	86.864378 
2459.700431  	86.941405 
2460.057738  	86.703011 
2460.415045  	86.296904 
2460.772352  	86.131001 
2461.129659  	86.558749 
2461.486965  	86.593041 
2461.844272  	85.999740 
2462.201579  	85.931873 
2462.558886  	86.127812 
2462.916193  	86.201631 
2463.273500  	86.276744 
2463.630807  	86.084588 
2463.988113  	85.897570 
2464.345420  	85.704149 
2464.702727  	85.343654 
2465.060034  	85.303316 
2465.417341  	85.661485 
2465.774648  	86.120554 
2466.131955  	86.350349 
2466.489261  	86.403906 
2466.846568  	86.560452 
2467.203875  	86.518663 
2467.561182  	86.394251 
2467.918489  	86.466471 
2468.275796  	86.379258 
2468.633103  	85.954113 
2468.990409  	85.559817 
2469.347716  	85.848795 
2469.705023  	86.398229 
2470.062330  	86.466739 
2470.419637  	86.469409 
2470.776944  	86.329992 
2471.134251  	86.029407 
2471.491557  	86.023185 
2471.848864  	86.182190 
2472.206171  	86.413999 
2472.563478  	86.499171 
2472.920785  	86.615187 
2473.278092  	86.904208 
2473.635399  	86.722214 
2473.992706  	86.333779 
2474.350012  	86.220235 
2474.707319  	86.201686 
2475.064626  	86.289558 
2475.421933  	86.423915 
2475.779240  	86.415098 
2476.136547  	86.696307 
2476.493854  	87.204994 
2476.851160  	86.684724 
2477.208467  	85.989208 
2477.565774  	86.443703 
2477.923081  	86.761719 
2478.280388  	86.580700 
2478.637695  	86.325171 
2478.995002  	86.226709 
2479.352308  	86.668349 
2479.709615  	86.948546 
2480.066922  	87.164187 
2480.424229  	87.299927 
2480.781536  	87.082511 
2481.138843  	87.077688 
2481.496150  	86.886257 
2481.853456  	86.762573 
2482.210763  	86.819223 
2482.568070  	86.618103 
2482.925377  	86.653708 
2483.282684  	86.560148 
2483.639991  	86.444506 
2483.997298  	86.489432 
2484.354604  	86.355707 
2484.711911  	86.687223 
2485.069218  	87.161324 
2485.426525  	87.417588 
2485.783832  	87.528662 
2486.141139  	87.047593 
2486.498446  	86.550608 
2486.855753  	86.500308 
2487.213059  	86.547699 
2487.570366  	86.800064 
2487.927673  	87.226942 
2488.284980  	87.072207 
2488.642287  	86.924690 
2488.999594  	87.409374 
2489.356901  	87.035370 
2489.714207  	86.400894 
2490.071514  	86.665766 
2490.428821  	86.753175 
2490.786128  	86.808773 
2491.143435  	87.008066 
2491.500742  	87.093673 
2491.858049  	87.014488 
2492.215355  	86.578795 
2492.572662  	86.520458 
2492.929969  	86.488968 
2493.287276  	86.422977 
2493.644583  	87.035432 
2494.001890  	87.320006 
2494.359197  	87.202530 
2494.716503  	87.018179 
2495.073810  	86.496953 
2495.431117  	86.449226 
2495.788424  	86.942668 
2496.145731  	87.219976 
2496.503038  	87.020253 
2496.860345  	86.648388 
2497.217651  	86.662361 
2497.574958  	86.874336 
2497.932265  	86.785170 
2498.289572  	86.655946 
2498.646879  	86.808881 
2499.004186  	86.739694 
2499.361493  	86.420837 
2499.718800  	86.382964 
2500.076106  	86.386390 
2500.433413  	86.460871 
2500.790720  	86.639413 
2501.148027  	86.633860 
2501.505334  	86.732397 
2501.862641  	86.642085 
2502.219948  	86.306111 
2502.577254  	86.379807 
2502.934561  	86.576349 
2503.291868  	86.638599 
2503.649175  	86.607078 
2504.006482  	86.538324 
2504.363789  	86.664785 
2504.721096  	86.639110 
2505.078402  	86.564445 
2505.435709  	86.658401 
2505.793016  	86.644242 
2506.150323  	86.786296 
2506.507630  	86.738411 
2506.864937  	86.457704 
2507.222244  	86.603426 
2507.579550  	86.476909 
2507.936857  	86.105379 
2508.294164  	86.298130 
2508.651471  	86.477261 
2509.008778  	86.217935 
2509.366085  	85.940604 
2509.723392  	86.016589 
2510.080698  	86.188600 
2510.438005  	86.124548 
2510.795312  	86.228988 
2511.152619  	86.503656 
2511.509926  	86.532870 
2511.867233  	86.455996 
2512.224540  	86.436843 
2512.581846  	86.313643 
2512.939153  	86.089031 
2513.296460  	86.057905 
2513.653767  	86.376972 
2514.011074  	86.760272 
2514.368381  	86.867977 
2514.725688  	86.911189 
2515.082995  	86.901027 
2515.440301  	86.814899 
2515.797608  	86.971764 
2516.154915  	86.907597 
2516.512222  	86.619497 
2516.869529  	86.469324 
2517.226836  	86.205330 
2517.584143  	86.398716 
2517.941449  	86.861053 
2518.298756  	86.812477 
2518.656063  	86.615143 
2519.013370  	86.368024 
2519.370677  	86.145513 
2519.727984  	86.138856 
2520.085291  	86.372758 
2520.442597  	86.658907 
2520.799904  	86.693055 
2521.157211  	86.778694 
2521.514518  	86.702516 
2521.871825  	86.610386 
2522.229132  	86.875238 
2522.586439  	86.742007 
2522.943745  	86.498869 
2523.301052  	86.435952 
2523.658359  	86.423531 
2524.015666  	86.873330 
2524.372973  	86.991891 
2524.730280  	86.756989 
2525.087587  	87.011583 
2525.444893  	87.093338 
2525.802200  	86.687938 
2526.159507  	86.393892 
2526.516814  	86.445498 
2526.874121  	86.627733 
2527.231428  	86.410130 
2527.588735  	85.852002 
2527.946042  	85.911562 
2528.303348  	86.485877 
2528.660655  	86.343203 
2529.017962  	85.786909 
2529.375269  	85.799890 
2529.732576  	86.062720 
2530.089883  	86.211408 
2530.447190  	86.251716 
2530.804496  	86.181380 
2531.161803  	86.245076 
2531.519110  	86.210967 
2531.876417  	86.033641 
2532.233724  	86.411041 
2532.591031  	86.648572 
2532.948338  	86.263036 
2533.305644  	86.403518 
2533.662951  	86.627309 
2534.020258  	86.266758 
2534.377565  	86.041292 
2534.734872  	86.211545 
2535.092179  	86.544621 
2535.449486  	86.429012 
2535.806792  	86.181640 
2536.164099  	86.309310 
2536.521406  	86.292265 
2536.878713  	86.313235 
2537.236020  	86.252938 
2537.593327  	86.132049 
2537.950634  	86.285944 
2538.307940  	86.042055 
2538.665247  	85.595659 
2539.022554  	85.538139 
2539.379861  	86.127018 
2539.737168  	86.866191 
2540.094475  	86.676748 
2540.451782  	86.317934 
2540.809089  	86.245124 
2541.166395  	86.036059 
2541.523702  	86.034646 
2541.881009  	86.245096 
2542.238316  	86.554633 
2542.595623  	86.567664 
2542.952930  	86.274045 
2543.310237  	86.294187 
2543.667543  	86.478102 
2544.024850  	86.421850 
2544.382157  	85.949067 
2544.739464  	85.697874 
2545.096771  	85.959263 
2545.454078  	85.952754 
2545.811385  	85.729724 
2546.168691  	85.617748 
2546.525998  	85.751996 
2546.883305  	85.988957 
2547.240612  	86.026631 
2547.597919  	86.064056 
2547.955226  	85.823297 
2548.312533  	85.508499 
2548.669839  	85.633205 
2549.027146  	85.788098 
2549.384453  	85.963171 
2549.741760  	86.255512 
2550.099067  	86.458082 
2550.456374  	86.305504 
2550.813681  	85.878633 
2551.170987  	85.785145 
2551.528294  	85.794758 
2551.885601  	85.534005 
2552.242908  	85.326555 
2552.600215  	85.441936 
2552.957522  	85.742344 
2553.314829  	85.734316 
2553.672136  	85.536787 
2554.029442  	85.321780 
2554.386749  	85.216889 
2554.744056  	85.727796 
2555.101363  	86.092129 
2555.458670  	85.889276 
2555.815977  	85.941510 
2556.173284  	85.905024 
2556.530590  	85.710644 
2556.887897  	85.749113 
2557.245204  	85.477116 
2557.602511  	85.358659 
2557.959818  	85.800859 
2558.317125  	85.887537 
2558.674432  	85.761417 
2559.031738  	85.705297 
2559.389045  	85.485884 
2559.746352  	85.587336 
2560.103659  	85.745629 
2560.460966  	85.694183 
2560.818273  	85.820214 
2561.175580  	85.682414 
2561.532886  	85.565388 
2561.890193  	85.927028 
2562.247500  	85.997671 
2562.604807  	85.875403 
2562.962114  	86.062258 
2563.319421  	86.228628 
2563.676728  	86.273875 
2564.034034  	86.390942 
2564.391341  	86.449016 
2564.748648  	86.140165 
2565.105955  	85.712296 
2565.463262  	85.690802 
2565.820569  	85.956448 
2566.177876  	86.070859 
2566.535183  	85.998821 
2566.892489  	86.041590 
2567.249796  	86.153264 
2567.607103  	86.015672 
2567.964410  	85.740949 
2568.321717  	85.782262 
2568.679024  	86.118639 
2569.036331  	85.970543 
2569.393637  	85.341919 
2569.750944  	85.297616 
2570.108251  	85.901796 
2570.465558  	86.240103 
2570.822865  	86.048844 
2571.180172  	86.027533 
2571.537479  	86.162132 
2571.894785  	85.725030 
2572.252092  	85.443639 
2572.609399  	85.859961 
2572.966706  	86.110586 
2573.324013  	86.006313 
2573.681320  	85.872335 
2574.038627  	86.009137 
2574.395933  	86.291114 
2574.753240  	86.221336 
2575.110547  	86.277589 
2575.467854  	86.485257 
2575.825161  	86.281008 
2576.182468  	86.215708 
2576.539775  	86.524017 
2576.897081  	86.588872 
2577.254388  	86.394880 
2577.611695  	86.360638 
2577.969002  	86.316094 
2578.326309  	86.161095 
2578.683616  	86.363814 
2579.040923  	86.565509 
2579.398230  	86.357441 
2579.755536  	86.272429 
2580.112843  	86.353087 
2580.470150  	86.312023 
2580.827457  	86.282988 
2581.184764  	86.439711 
2581.542071  	86.626842 
2581.899378  	86.537258 
2582.256684  	86.279436 
2582.613991  	86.183153 
2582.971298  	86.449801 
2583.328605  	86.705218 
2583.685912  	86.495245 
2584.043219  	86.414916 
2584.400526  	86.592263 
2584.757832  	86.379750 
2585.115139  	85.999529 
2585.472446  	85.926847 
2585.829753  	86.093438 
2586.187060  	86.133398 
2586.544367  	86.044099 
2586.901674  	86.165952 
2587.258980  	86.187315 
2587.616287  	85.848570 
2587.973594  	85.662629 
2588.330901  	85.879187 
2588.688208  	86.084024 
2589.045515  	86.075279 
2589.402822  	85.997660 
2589.760128  	85.861295 
2590.117435  	85.991454 
2590.474742  	86.145338 
2590.832049  	85.660786 
2591.189356  	85.437114 
2591.546663  	85.689418 
2591.903970  	85.560274 
2592.261276  	85.766913 
2592.618583  	86.270040 
2592.975890  	86.044234 
2593.333197  	85.787156 
2593.690504  	85.857713 
2594.047811  	85.712664 
2594.405118  	85.847716 
2594.762425  	86.193842 
2595.119731  	86.006728 
2595.477038  	85.891596 
2595.834345  	86.079604 
2596.191652  	86.035556 
2596.548959  	86.101665 
2596.906266  	86.229987 
2597.263573  	86.098448 
2597.620879  	85.880193 
2597.978186  	85.581367 
2598.335493  	85.467597 
2598.692800  	85.584409 
2599.050107  	85.620074 
2599.407414  	85.595032 
2599.764721  	85.590952 
2600.122027  	85.790604 
2600.479334  	85.879984 
2600.836641  	85.539719 
2601.193948  	85.522471 
2601.551255  	85.911111 
2601.908562  	86.038332 
2602.265869  	86.087346 
2602.623175  	86.159536 
2602.980482  	86.013845 
2603.337789  	85.788285 
2603.695096  	85.484865 
2604.052403  	85.265503 
2604.409710  	85.408579 
2604.767017  	85.601401 
2605.124323  	85.509477 
2605.481630  	85.175800 
2605.838937  	85.156687 
2606.196244  	85.547604 
2606.553551  	85.538695 
2606.910858  	85.281304 
2607.268165  	85.148892 
2607.625472  	84.995345 
2607.982778  	85.140286 
2608.340085  	85.375031 
2608.697392  	85.369561 
2609.054699  	85.323742 
2609.412006  	85.158430 
2609.769313  	84.847120 
2610.126620  	84.762358 
2610.483926  	85.136771 
2610.841233  	85.254570 
2611.198540  	84.934224 
2611.555847  	85.042297 
2611.913154  	85.189522 
2612.270461  	84.890540 
2612.627768  	84.598998 
2612.985074  	84.462652 
2613.342381  	84.576338 
2613.699688  	84.775389 
2614.056995  	84.797756 
2614.414302  	84.831935 
2614.771609  	84.946345 
2615.128916  	84.896127 
2615.486222  	84.718525 
2615.843529  	84.808402 
2616.200836  	84.906249 
2616.558143  	84.803880 
2616.915450  	84.864370 
2617.272757  	84.782349 
2617.630064  	84.529021 
2617.987370  	84.525738 
2618.344677  	84.495512 
2618.701984  	84.495876 
2619.059291  	84.784088 
2619.416598  	84.860522 
2619.773905  	84.720717 
2620.131212  	84.900092 
2620.488519  	84.991562 
2620.845825  	84.699925 
2621.203132  	84.584741 
2621.560439  	84.693068 
2621.917746  	84.754696 
2622.275053  	84.742372 
2622.632360  	84.604953 
2622.989667  	84.405678 
2623.346973  	84.324605 
2623.704280  	84.456077 
2624.061587  	84.732604 
2624.418894  	84.883506 
2624.776201  	84.711838 
2625.133508  	84.670520 
2625.490815  	84.924616 
2625.848121  	84.872246 
2626.205428  	84.758651 
2626.562735  	84.765148 
2626.920042  	84.535741 
2627.277349  	84.575370 
2627.634656  	84.835852 
2627.991963  	84.689500 
2628.349269  	84.373773 
2628.706576  	84.376918 
2629.063883  	84.738869 
2629.421190  	84.930548 
2629.778497  	84.907784 
2630.135804  	84.995439 
2630.493111  	84.892564 
2630.850417  	84.858526 
2631.207724  	85.223151 
2631.565031  	85.300087 
2631.922338  	85.031768 
2632.279645  	84.999508 
2632.636952  	85.050786 
2632.994259  	85.026174 
2633.351566  	85.078128 
2633.708872  	85.110283 
2634.066179  	85.071720 
2634.423486  	84.929299 
2634.780793  	84.861821 
2635.138100  	85.050076 
2635.495407  	85.162518 
2635.852714  	85.160419 
2636.210020  	85.069473 
2636.567327  	84.936684 
2636.924634  	85.084881 
2637.281941  	85.149324 
2637.639248  	85.053726 
2637.996555  	85.127749 
2638.353862  	85.193642 
2638.711168  	85.394837 
2639.068475  	85.568057 
2639.425782  	85.395602 
2639.783089  	85.292796 
2640.140396  	85.296513 
2640.497703  	85.281277 
2640.855010  	85.330642 
2641.212316  	85.359135 
2641.569623  	85.497820 
2641.926930  	85.626543 
2642.284237  	85.470760 
2642.641544  	85.322546 
2642.998851  	85.384458 
2643.356158  	85.505034 
2643.713464  	85.506212 
2644.070771  	85.441407 
2644.428078  	85.549549 
2644.785385  	85.612839 
2645.142692  	85.548549 
2645.499999  	85.586230 
2645.857306  	85.527505 
2646.214613  	85.390764 
2646.571919  	85.329421 
2646.929226  	85.460554 
2647.286533  	85.782089 
2647.643840  	85.688360 
2648.001147  	85.453297 
2648.358454  	85.657871 
2648.715761  	85.823552 
2649.073067  	85.827093 
2649.430374  	85.783217 
2649.787681  	85.764821 
2650.144988  	85.935059 
2650.502295  	86.006862 
2650.859602  	85.951806 
2651.216909  	85.999339 
2651.574215  	86.147102 
2651.931522  	86.192031 
2652.288829  	86.048452 
2652.646136  	85.901426 
2653.003443  	85.796033 
2653.360750  	85.912778 
2653.718057  	86.022932 
2654.075363  	85.841914 
2654.432670  	85.893582 
2654.789977  	86.057147 
2655.147284  	86.088603 
2655.504591  	86.076624 
2655.861898  	85.889088 
2656.219205  	85.976388 
2656.576511  	86.256198 
2656.933818  	86.203993 
2657.291125  	85.941037 
2657.648432  	85.705094 
2658.005739  	85.849879 
2658.363046  	86.095567 
2658.720353  	86.067042 
2659.077660  	86.030942 
2659.434966  	85.965188 
2659.792273  	85.974934 
2660.149580  	86.016674 
2660.506887  	85.955716 
2660.864194  	86.106926 
2661.221501  	86.268320 
2661.578808  	86.154010 
2661.936114  	85.900295 
2662.293421  	85.743377 
2662.650728  	85.815098 
2663.008035  	85.961333 
2663.365342  	86.174173 
2663.722649  	86.277789 
2664.079956  	86.094943 
2664.437262  	85.950465 
2664.794569  	86.002580 
2665.151876  	86.161139 
2665.509183  	86.258452 
2665.866490  	86.249289 
2666.223797  	86.186304 
2666.581104  	86.124587 
2666.938410  	86.276646 
2667.295717  	86.395226 
2667.653024  	86.264734 
2668.010331  	86.173355 
2668.367638  	86.158877 
2668.724945  	86.146438 
2669.082252  	86.092215 
2669.439558  	86.126584 
2669.796865  	86.291786 
2670.154172  	86.345907 
2670.511479  	86.384680 
2670.868786  	86.315779 
2671.226093  	86.138096 
2671.583400  	86.192194 
2671.940706  	86.261692 
2672.298013  	86.292056 
2672.655320  	86.352901 
2673.012627  	86.305540 
2673.369934  	86.378012 
2673.727241  	86.398757 
2674.084548  	86.169513 
2674.441855  	86.128568 
2674.799161  	86.216931 
2675.156468  	86.176009 
2675.513775  	86.256759 
2675.871082  	86.380478 
2676.228389  	86.322498 
2676.585696  	86.314398 
2676.943003  	86.370955 
2677.300309  	86.375189 
2677.657616  	86.399845 
2678.014923  	86.295536 
2678.372230  	86.093300 
2678.729537  	86.080529 
2679.086844  	86.208217 
2679.444151  	86.252134 
2679.801457  	86.179009 
2680.158764  	86.091629 
2680.516071  	85.972870 
2680.873378  	85.902979 
2681.230685  	86.037843 
2681.587992  	86.118564 
2681.945299  	86.052321 
2682.302605  	86.003929 
2682.659912  	85.763746 
2683.017219  	85.567205 
2683.374526  	85.804802 
2683.731833  	85.984670 
2684.089140  	85.970117 
2684.446447  	86.007702 
2684.803753  	85.867463 
2685.161060  	85.771018 
2685.518367  	85.894887 
2685.875674  	85.897711 
2686.232981  	85.823329 
2686.590288  	85.798694 
2686.947595  	85.878998 
2687.304902  	85.969342 
2687.662208  	85.829447 
2688.019515  	85.677205 
2688.376822  	85.631173 
2688.734129  	85.585532 
2689.091436  	85.619503 
2689.448743  	85.632387 
2689.806050  	85.526376 
2690.163356  	85.385659 
2690.520663  	85.310425 
2690.877970  	85.370998 
2691.235277  	85.449216 
2691.592584  	85.410652 
2691.949891  	85.366939 
2692.307198  	85.402152 
2692.664504  	85.371107 
2693.021811  	85.329826 
2693.379118  	85.415969 
2693.736425  	85.398745 
2694.093732  	85.251656 
2694.451039  	85.243857 
2694.808346  	85.221003 
2695.165652  	85.013817 
2695.522959  	84.978648 
2695.880266  	85.186311 
2696.237573  	85.217679 
2696.594880  	85.075672 
2696.952187  	84.936135 
2697.309494  	84.722327 
2697.666800  	84.640149 
2698.024107  	84.815690 
2698.381414  	84.852502 
2698.738721  	84.734831 
2699.096028  	84.783143 
2699.453335  	84.790041 
2699.810642  	84.679893 
2700.167949  	84.759941 
2700.525255  	84.932429 
2700.882562  	84.821500 
2701.239869  	84.426122 
2701.597176  	84.309989 
2701.954483  	84.488311 
2702.311790  	84.392641 
2702.669097  	84.261550 
2703.026403  	84.304977 
2703.383710  	84.281306 
2703.741017  	84.162296 
2704.098324  	83.961516 
2704.455631  	83.964931 
2704.812938  	84.104407 
2705.170245  	84.100828 
2705.527551  	84.217389 
2705.884858  	84.328585 
2706.242165  	84.271946 
2706.599472  	84.233295 
2706.956779  	84.185420 
2707.314086  	84.247821 
2707.671393  	84.438955 
2708.028699  	84.426027 
2708.386006  	84.139285 
2708.743313  	83.906209 
2709.100620  	83.854044 
2709.457927  	83.854200 
2709.815234  	83.913895 
2710.172541  	83.981568 
2710.529847  	84.039970 
2710.887154  	84.158873 
2711.244461  	84.217026 
2711.601768  	84.013288 
2711.959075  	83.725194 
2712.316382  	83.890669 
2712.673689  	84.127854 
2713.030996  	83.877387 
2713.388302  	83.804856 
2713.745609  	84.001950 
2714.102916  	83.913492 
2714.460223  	83.742081 
2714.817530  	83.697176 
2715.174837  	83.784511 
2715.532144  	84.013674 
2715.889450  	84.082319 
2716.246757  	83.823461 
2716.604064  	83.619823 
2716.961371  	83.671035 
2717.318678  	83.764258 
2717.675985  	83.864947 
2718.033292  	83.867906 
2718.390598  	83.746781 
2718.747905  	83.729226 
2719.105212  	83.759169 
2719.462519  	83.743539 
2719.819826  	83.648985 
2720.177133  	83.525803 
2720.534440  	83.535146 
2720.891746  	83.563268 
2721.249053  	83.551567 
2721.606360  	83.608518 
2721.963667  	83.663741 
2722.320974  	83.522059 
2722.678281  	83.309064 
2723.035588  	83.433453 
2723.392894  	83.702957 
2723.750201  	83.670248 
2724.107508  	83.433264 
2724.464815  	83.327538 
2724.822122  	83.520430 
2725.179429  	83.724345 
2725.536736  	83.764340 
2725.894043  	83.814723 
2726.251349  	83.749961 
2726.608656  	83.592141 
2726.965963  	83.560064 
2727.323270  	83.593384 
2727.680577  	83.669046 
2728.037884  	83.743483 
2728.395191  	83.715857 
2728.752497  	83.722214 
2729.109804  	83.914457 
2729.467111  	84.075262 
2729.824418  	83.943143 
2730.181725  	83.794158 
2730.539032  	83.816990 
2730.896339  	83.813207 
2731.253645  	83.862997 
2731.610952  	83.977068 
2731.968259  	83.988022 
2732.325566  	83.903982 
2732.682873  	83.791505 
2733.040180  	83.841176 
2733.397487  	83.937025 
2733.754793  	83.873904 
2734.112100  	83.835508 
2734.469407  	83.815115 
2734.826714  	83.834031 
2735.184021  	83.849682 
2735.541328  	83.742780 
2735.898635  	83.837869 
2736.255941  	83.990056 
2736.613248  	83.924909 
2736.970555  	83.862192 
2737.327862  	83.781821 
2737.685169  	83.713193 
2738.042476  	83.669613 
2738.399783  	83.596270 
2738.757090  	83.625639 
2739.114396  	83.668174 
2739.471703  	83.686115 
2739.829010  	83.683954 
2740.186317  	83.611111 
2740.543624  	83.589251 
2740.900931  	83.657838 
2741.258238  	83.759430 
2741.615544  	83.773700 
2741.972851  	83.707762 
2742.330158  	83.601995 
2742.687465  	83.481147 
2743.044772  	83.604313 
2743.402079  	83.788894 
2743.759386  	83.697395 
2744.116692  	83.562380 
2744.473999  	83.580101 
2744.831306  	83.634437 
2745.188613  	83.551179 
2745.545920  	83.472776 
2745.903227  	83.511872 
2746.260534  	83.472258 
2746.617840  	83.474065 
2746.975147  	83.612011 
2747.332454  	83.739182 
2747.689761  	83.808083 
2748.047068  	83.818811 
2748.404375  	83.814053 
2748.761682  	83.752511 
2749.118988  	83.746886 
2749.476295  	83.870440 
2749.833602  	83.911892 
2750.190909  	83.889377 
2750.548216  	83.910317 
2750.905523  	84.061375 
2751.262830  	84.202785 
2751.620136  	84.090168 
2751.977443  	84.057412 
2752.334750  	84.167639 
2752.692057  	84.175854 
2753.049364  	84.255454 
2753.406671  	84.337971 
2753.763978  	84.306618 
2754.121285  	84.346577 
2754.478591  	84.429058 
2754.835898  	84.362182 
2755.193205  	84.206941 
2755.550512  	84.267101 
2755.907819  	84.466813 
2756.265126  	84.480410 
2756.622433  	84.428324 
2756.979739  	84.450331 
2757.337046  	84.405157 
2757.694353  	84.328186 
2758.051660  	84.327860 
2758.408967  	84.409716 
2758.766274  	84.584116 
2759.123581  	84.620216 
2759.480887  	84.489952 
2759.838194  	84.612994 
2760.195501  	84.758845 
2760.552808  	84.576801 
2760.910115  	84.483740 
2761.267422  	84.580182 
2761.624729  	84.688729 
2761.982035  	84.842738 
2762.339342  	84.918312 
2762.696649  	84.952799 
2763.053956  	85.009621 
2763.411263  	84.963077 
2763.768570  	84.968627 
2764.125877  	85.078125 
2764.483183  	85.017159 
2764.840490  	84.832984 
2765.197797  	84.778500 
2765.555104  	84.847469 
2765.912411  	84.968769 
2766.269718  	85.130953 
2766.627025  	85.261973 
2766.984332  	85.250980 
2767.341638  	85.096677 
2767.698945  	85.144530 
2768.056252  	85.507604 
2768.413559  	85.547081 
2768.770866  	85.215574 
2769.128173  	85.156095 
2769.485480  	85.228080 
2769.842786  	85.252583 
2770.200093  	85.393750 
2770.557400  	85.393549 
2770.914707  	85.265138 
2771.272014  	85.210979 
2771.629321  	85.159546 
2771.986628  	85.181459 
2772.343934  	85.347577 
2772.701241  	85.546805 
2773.058548  	85.493814 
2773.415855  	85.222059 
2773.773162  	85.144233 
2774.130469  	85.224822 
2774.487776  	85.239138 
2774.845082  	85.156622 
2775.202389  	85.069742 
2775.559696  	85.069128 
2775.917003  	85.104876 
2776.274310  	85.276686 
2776.631617  	85.427761 
2776.988924  	85.303677 
2777.346230  	85.230246 
2777.703537  	85.316829 
2778.060844  	85.261890 
2778.418151  	85.149173 
2778.775458  	85.232739 
2779.132765  	85.318466 
2779.490072  	85.340973 
2779.847379  	85.508288 
2780.204685  	85.581942 
2780.561992  	85.518257 
2780.919299  	85.443023 
2781.276606  	85.379314 
2781.633913  	85.556962 
2781.991220  	85.665322 
2782.348527  	85.551172 
2782.705833  	85.539247 
2783.063140  	85.563615 
2783.420447  	85.540267 
2783.777754  	85.422440 
2784.135061  	85.404730 
2784.492368  	85.436924 
2784.849675  	85.225291 
2785.206981  	85.192337 
2785.564288  	85.294848 
2785.921595  	85.285578 
2786.278902  	85.381110 
2786.636209  	85.414096 
2786.993516  	85.411578 
2787.350823  	85.443097 
2787.708129  	85.388896 
2788.065436  	85.346037 
2788.422743  	85.379871 
2788.780050  	85.464432 
2789.137357  	85.395899 
2789.494664  	85.218536 
2789.851971  	85.101654 
2790.209277  	85.088978 
2790.566584  	85.251203 
2790.923891  	85.292281 
2791.281198  	85.286004 
2791.638505  	85.425614 
2791.995812  	85.372125 
2792.353119  	85.274630 
2792.710426  	85.320051 
2793.067732  	85.376255 
2793.425039  	85.467120 
2793.782346  	85.536777 
2794.139653  	85.572226 
2794.496960  	85.545734 
2794.854267  	85.489723 
2795.211574  	85.575607 
2795.568880  	85.679927 
2795.926187  	85.673190 
2796.283494  	85.623276 
2796.640801  	85.463643 
2796.998108  	85.317892 
2797.355415  	85.387077 
2797.712722  	85.443245 
2798.070028  	85.504535 
2798.427335  	85.685821 
2798.784642  	85.710628 
2799.141949  	85.677249 
2799.499256  	85.664191 
2799.856563  	85.516071 
2800.213870  	85.398264 
2800.571176  	85.459204 
2800.928483  	85.673934 
2801.285790  	85.788920 
2801.643097  	85.724126 
2802.000404  	85.734394 
2802.357711  	85.821939 
2802.715018  	85.873467 
2803.072324  	85.818656 
2803.429631  	85.715860 
2803.786938  	85.671084 
2804.144245  	85.706889 
2804.501552  	85.720167 
2804.858859  	85.472731 
2805.216166  	85.312768 
2805.573473  	85.457090 
2805.930779  	85.578128 
2806.288086  	85.800281 
2806.645393  	85.934878 
2807.002700  	85.850313 
2807.360007  	85.948223 
2807.717314  	85.951060 
2808.074621  	85.756147 
2808.431927  	85.708572 
2808.789234  	85.668673 
2809.146541  	85.617131 
2809.503848  	85.676880 
2809.861155  	85.697599 
2810.218462  	85.693706 
2810.575769  	85.735272 
2810.933075  	85.692329 
2811.290382  	85.559596 
2811.647689  	85.432813 
2812.004996  	85.462197 
2812.362303  	85.568331 
2812.719610  	85.518428 
2813.076917  	85.642907 
2813.434223  	85.853434 
2813.791530  	85.698584 
2814.148837  	85.585118 
2814.506144  	85.639411 
2814.863451  	85.665332 
2815.220758  	85.746898 
2815.578065  	85.747773 
2815.935371  	85.703140 
2816.292678  	85.703974 
2816.649985  	85.740945 
2817.007292  	85.814854 
2817.364599  	85.808031 
2817.721906  	85.791641 
2818.079213  	85.679993 
2818.436520  	85.472955 
2818.793826  	85.568866 
2819.151133  	85.715003 
2819.508440  	85.478134 
2819.865747  	85.321384 
2820.223054  	85.625114 
2820.580361  	85.878191 
2820.937668  	85.652449 
2821.294974  	85.302594 
2821.652281  	85.243413 
2822.009588  	85.410127 
2822.366895  	85.591939 
2822.724202  	85.627278 
2823.081509  	85.441420 
2823.438816  	85.263490 
2823.796122  	85.371426 
2824.153429  	85.606412 
2824.510736  	85.638949 
2824.868043  	85.547739 
2825.225350  	85.578527 
2825.582657  	85.583479 
2825.939964  	85.486644 
2826.297270  	85.466241 
2826.654577  	85.431892 
2827.011884  	85.294282 
2827.369191  	85.102361 
2827.726498  	84.989107 
2828.083805  	85.031861 
2828.441112  	85.009986 
2828.798418  	85.002506 
2829.155725  	85.089861 
2829.513032  	85.013108 
2829.870339  	84.829179 
2830.227646  	84.658341 
2830.584953  	84.654453 
2830.942260  	84.843398 
2831.299567  	84.802035 
2831.656873  	84.540320 
2832.014180  	84.474521 
2832.371487  	84.627511 
2832.728794  	84.669098 
2833.086101  	84.534500 
2833.443408  	84.583592 
2833.800715  	84.748901 
2834.158021  	84.649816 
2834.515328  	84.426932 
2834.872635  	84.390141 
2835.229942  	84.489976 
2835.587249  	84.466563 
2835.944556  	84.302171 
2836.301863  	84.177491 
2836.659169  	84.057004 
2837.016476  	83.923603 
2837.373783  	83.996815 
2837.731090  	84.276575 
2838.088397  	84.379187 
2838.445704  	84.209306 
2838.803011  	84.173539 
2839.160317  	84.266197 
2839.517624  	84.126675 
2839.874931  	83.914011 
2840.232238  	83.908746 
2840.589545  	84.086314 
2840.946852  	84.188890 
2841.304159  	84.035706 
2841.661465  	83.981714 
2842.018772  	84.036743 
2842.376079  	83.991597 
2842.733386  	84.151561 
2843.090693  	84.278798 
2843.448000  	84.131275 
2843.805307  	83.989289 
2844.162613  	83.955355 
2844.519920  	84.192229 
2844.877227  	84.313373 
2845.234534  	84.191268 
2845.591841  	84.351716 
2845.949148  	84.328866 
2846.306455  	84.090134 
2846.663762  	84.217057 
2847.021068  	84.351780 
2847.378375  	84.262926 
2847.735682  	84.093455 
2848.092989  	84.051961 
2848.450296  	84.166836 
2848.807603  	84.231649 
2849.164910  	84.415721 
2849.522216  	84.461981 
2849.879523  	84.219927 
2850.236830  	84.235549 
2850.594137  	84.366371 
2850.951444  	84.323180 
2851.308751  	84.222891 
2851.666058  	84.111331 
2852.023364  	84.151128 
2852.380671  	84.288650 
2852.737978  	84.343308 
2853.095285  	84.353562 
2853.452592  	84.299947 
2853.809899  	84.201867 
2854.167206  	84.206762 
2854.524512  	84.275499 
2854.881819  	84.263894 
2855.239126  	84.336997 
2855.596433  	84.549389 
2855.953740  	84.555986 
2856.311047  	84.352300 
2856.668354  	84.235080 
2857.025660  	84.325798 
2857.382967  	84.554793 
2857.740274  	84.664309 
2858.097581  	84.559298 
2858.454888  	84.507555 
2858.812195  	84.697344 
2859.169502  	84.849652 
2859.526809  	84.777051 
2859.884115  	84.698963 
2860.241422  	84.577533 
2860.598729  	84.506568 
2860.956036  	84.643003 
2861.313343  	84.700854 
2861.670650  	84.759592 
2862.027957  	84.810442 
2862.385263  	84.769504 
2862.742570  	84.925601 
2863.099877  	84.890002 
2863.457184  	84.659274 
2863.814491  	84.688127 
2864.171798  	84.610867 
2864.529105  	84.538637 
2864.886411  	84.729169 
2865.243718  	84.879600 
2865.601025  	84.893708 
2865.958332  	84.670714 
2866.315639  	84.455527 
2866.672946  	84.567599 
2867.030253  	84.703923 
2867.387559  	84.678656 
2867.744866  	84.649220 
2868.102173  	84.632335 
2868.459480  	84.505679 
2868.816787  	84.534028 
2869.174094  	84.747735 
2869.531401  	84.627289 
2869.888707  	84.444945 
2870.246014  	84.520229 
2870.603321  	84.517770 
2870.960628  	84.517233 
2871.317935  	84.608277 
2871.675242  	84.664597 
2872.032549  	84.663702 
2872.389856  	84.516126 
2872.747162  	84.289400 
2873.104469  	84.211637 
2873.461776  	84.359643 
2873.819083  	84.510618 
2874.176390  	84.429191 
2874.533697  	84.155390 
2874.891004  	84.042171 
2875.248310  	84.304014 
2875.605617  	84.440301 
2875.962924  	84.281201 
2876.320231  	84.200577 
2876.677538  	84.137235 
2877.034845  	84.121300 
2877.392152  	84.148834 
2877.749458  	84.066931 
2878.106765  	84.038940 
2878.464072  	84.078560 
2878.821379  	84.269272 
2879.178686  	84.463818 
2879.535993  	84.259738 
2879.893300  	84.118133 
2880.250606  	84.351495 
2880.607913  	84.504832 
2880.965220  	84.390181 
2881.322527  	84.178881 
2881.679834  	84.163460 
2882.037141  	84.313801 
2882.394448  	84.356718 
2882.751754  	84.322859 
2883.109061  	84.244587 
2883.466368  	84.131409 
2883.823675  	84.075459 
2884.180982  	84.131146 
2884.538289  	84.272785 
2884.895596  	84.277174 
2885.252903  	84.219987 
2885.610209  	84.304856 
2885.967516  	84.341390 
2886.324823  	84.363755 
2886.682130  	84.444924 
2887.039437  	84.427811 
2887.396744  	84.475501 
2887.754051  	84.534689 
2888.111357  	84.376218 
2888.468664  	84.338591 
2888.825971  	84.409533 
2889.183278  	84.257914 
2889.540585  	84.273142 
2889.897892  	84.373688 
2890.255199  	84.142762 
2890.612505  	84.071812 
2890.969812  	84.147374 
2891.327119  	84.110813 
2891.684426  	84.214766 
2892.041733  	84.205382 
2892.399040  	84.171212 
2892.756347  	84.183250 
2893.113653  	83.978749 
2893.470960  	84.103148 
2893.828267  	84.415552 
2894.185574  	84.370471 
2894.542881  	84.255004 
2894.900188  	84.132629 
2895.257495  	84.049626 
2895.614801  	84.054897 
2895.972108  	84.089336 
2896.329415  	84.238343 
2896.686722  	84.304557 
2897.044029  	84.144955 
2897.401336  	83.894683 
2897.758643  	83.862561 
2898.115950  	83.977911 
2898.473256  	84.090561 
2898.830563  	84.486363 
2899.187870  	84.601254 
2899.545177  	84.228313 
2899.902484  	84.118792 
2900.259791  	84.146207 
2900.617098  	84.289475 
2900.974404  	84.547120 
2901.331711  	84.468765 
2901.689018  	84.256241 
2902.046325  	84.103957 
2902.403632  	84.008925 
2902.760939  	84.021042 
2903.118246  	84.157231 
2903.475552  	84.313862 
2903.832859  	84.171566 
2904.190166  	84.003005 
2904.547473  	84.051153 
2904.904780  	84.073007 
2905.262087  	84.099334 
2905.619394  	84.018428 
2905.976700  	83.884779 
2906.334007  	84.023214 
2906.691314  	84.268293 
2907.048621  	84.352649 
2907.405928  	84.140567 
2907.763235  	83.951248 
2908.120542  	84.342744 
2908.477848  	84.779770 
2908.835155  	84.601494 
2909.192462  	84.433148 
2909.549769  	84.581487 
2909.907076  	84.541966 
2910.264383  	84.434768 
2910.621690  	84.396142 
2910.978997  	84.174038 
2911.336303  	84.144667 
2911.693610  	84.442304 
2912.050917  	84.582367 
2912.408224  	84.600774 
2912.765531  	84.535057 
2913.122838  	84.429924 
2913.480145  	84.565729 
2913.837451  	84.558466 
2914.194758  	84.370635 
2914.552065  	84.376607 
2914.909372  	84.328689 
2915.266679  	84.386426 
2915.623986  	84.606089 
2915.981293  	84.483892 
2916.338599  	84.305905 
2916.695906  	84.369013 
2917.053213  	84.287865 
2917.410520  	84.090495 
2917.767827  	84.212834 
2918.125134  	84.437704 
2918.482441  	84.283837 
2918.839747  	84.154884 
2919.197054  	84.312832 
2919.554361  	84.214632 
2919.911668  	83.964465 
2920.268975  	84.015828 
2920.626282  	84.018388 
2920.983589  	83.903971 
2921.340895  	84.041543 
2921.698202  	84.105450 
2922.055509  	84.007440 
2922.412816  	83.974490 
2922.770123  	83.944943 
2923.127430  	84.141684 
2923.484737  	84.290089 
2923.842043  	84.152080 
2924.199350  	84.099943 
2924.556657  	83.957248 
2924.913964  	83.816568 
2925.271271  	83.859460 
2925.628578  	83.832732 
2925.985885  	83.753476 
2926.343192  	83.670108 
2926.700498  	83.888909 
2927.057805  	84.160678 
2927.415112  	83.912259 
2927.772419  	83.770175 
2928.129726  	83.972623 
2928.487033  	84.054245 
2928.844340  	84.039764 
2929.201646  	83.884104 
2929.558953  	83.650249 
2929.916260  	83.712586 
2930.273567  	83.873018 
2930.630874  	83.776050 
2930.988181  	83.688685 
2931.345488  	83.672706 
2931.702794  	83.658543 
2932.060101  	83.728729 
2932.417408  	83.739968 
2932.774715  	83.859084 
2933.132022  	83.911872 
2933.489329  	83.724077 
2933.846636  	83.728789 
2934.203942  	83.625483 
2934.561249  	83.422545 
2934.918556  	83.510445 
2935.275863  	83.623602 
2935.633170  	83.705252 
2935.990477  	83.558710 
2936.347784  	83.357345 
2936.705090  	83.512841 
2937.062397  	83.491306 
2937.419704  	83.229732 
2937.777011  	83.162688 
2938.134318  	83.217382 
2938.491625  	83.297616 
2938.848932  	83.311068 
2939.206239  	83.211009 
2939.563545  	83.117837 
2939.920852  	83.120913 
2940.278159  	83.251514 
2940.635466  	83.270078 
2940.992773  	83.056168 
2941.350080  	83.113031 
2941.707387  	83.278694 
2942.064693  	83.046230 
2942.422000  	83.067036 
2942.779307  	83.367607 
2943.136614  	83.311742 
2943.493921  	83.133008 
2943.851228  	82.982369 
2944.208535  	82.991001 
2944.565841  	83.258221 
2944.923148  	83.468724 
2945.280455  	83.344287 
2945.637762  	82.905794 
2945.995069  	82.797255 
2946.352376  	82.990006 
2946.709683  	82.880730 
2947.066989  	82.821295 
2947.424296  	82.927613 
2947.781603  	82.877485 
2948.138910  	82.857393 
2948.496217  	82.886328 
2948.853524  	82.693979 
2949.210831  	82.583633 
2949.568137  	82.836051 
2949.925444  	82.834934 
2950.282751  	82.570917 
2950.640058  	82.614695 
2950.997365  	82.761301 
2951.354672  	82.797539 
2951.711979  	82.737855 
2952.069286  	82.633878 
2952.426592  	82.527521 
2952.783899  	82.343072 
2953.141206  	82.232016 
2953.498513  	82.242492 
2953.855820  	82.250453 
2954.213127  	82.181999 
2954.570434  	82.145141 
2954.927740  	82.187662 
2955.285047  	82.011924 
2955.642354  	81.810748 
2955.999661  	81.823180 
2956.356968  	81.813888 
2956.714275  	81.896968 
2957.071582  	82.105025 
2957.428888  	82.081888 
2957.786195  	81.860160 
2958.143502  	81.876878 
2958.500809  	81.956216 
2958.858116  	81.663303 
2959.215423  	81.476665 
2959.572730  	81.593334 
2959.930036  	81.574326 
2960.287343  	81.505640 
2960.644650  	81.471883 
2961.001957  	81.356860 
2961.359264  	81.313795 
2961.716571  	81.303872 
2962.073878  	81.174400 
2962.431184  	81.203787 
2962.788491  	81.373671 
2963.145798  	81.339424 
2963.503105  	81.343281 
2963.860412  	81.350895 
2964.217719  	81.182225 
2964.575026  	81.310774 
2964.932333  	81.526074 
2965.289639  	81.262962 
2965.646946  	80.900827 
2966.004253  	80.848896 
2966.361560  	80.949195 
2966.718867  	80.989445 
2967.076174  	80.873428 
2967.433481  	80.651454 
2967.790787  	80.545546 
2968.148094  	80.630386 
2968.505401  	80.697753 
2968.862708  	80.575191 
2969.220015  	80.469270 
2969.577322  	80.563951 
2969.934629  	80.633390 
2970.291935  	80.637620 
2970.649242  	80.611002 
2971.006549  	80.530217 
2971.363856  	80.609705 
2971.721163  	80.761893 
2972.078470  	80.773795 
2972.435777  	80.542593 
2972.793083  	80.269501 
2973.150390  	80.360349 
2973.507697  	80.495201 
2973.865004  	80.521820 
2974.222311  	80.546848 
2974.579618  	80.344689 
2974.936925  	80.222464 
2975.294231  	80.205185 
2975.651538  	80.170241 
2976.008845  	80.370749 
2976.366152  	80.353671 
2976.723459  	80.004972 
2977.080766  	79.893891 
2977.438073  	79.921139 
2977.795380  	79.822329 
2978.152686  	79.820988 
2978.509993  	80.006287 
2978.867300  	80.144455 
2979.224607  	80.153000 
2979.581914  	79.942682 
2979.939221  	79.697929 
2980.296528  	79.735028 
2980.653834  	79.640777 
2981.011141  	79.420411 
2981.368448  	79.485031 
2981.725755  	79.487086 
2982.083062  	79.453530 
2982.440369  	79.703003 
2982.797676  	79.833188 
2983.154982  	79.604900 
2983.512289  	79.380832 
2983.869596  	79.469509 
2984.226903  	79.793055 
2984.584210  	79.911980 
2984.941517  	79.699320 
2985.298824  	79.709772 
2985.656130  	79.965388 
2986.013437  	79.985250 
2986.370744  	79.916526 
2986.728051  	79.912374 
2987.085358  	79.961444 
2987.442665  	80.143225 
2987.799972  	80.241225 
2988.157278  	80.196695 
2988.514585  	80.245503 
2988.871892  	80.379966 
2989.229199  	80.248606 
2989.586506  	79.907721 
2989.943813  	79.891594 
2990.301120  	80.108626 
2990.658427  	80.300843 
2991.015733  	80.447673 
2991.373040  	80.373007 
2991.730347  	80.211406 
2992.087654  	80.151078 
2992.444961  	80.222811 
2992.802268  	80.279617 
2993.159575  	80.188888 
2993.516881  	80.260867 
2993.874188  	80.342240 
2994.231495  	80.224991 
2994.588802  	80.173327 
2994.946109  	80.154968 
2995.303416  	80.241948 
2995.660723  	80.346335 
2996.018029  	80.332156 
2996.375336  	80.461414 
2996.732643  	80.584286 
2997.089950  	80.495093 
2997.447257  	80.243319 
2997.804564  	80.086835 
2998.161871  	80.193282 
2998.519177  	80.234703 
2998.876484  	80.171433 
2999.233791  	80.123302 
2999.591098  	80.239576 
2999.948405  	80.383781 
3000.305712  	80.183461 
3000.663019  	80.260627 
3001.020325  	80.559917 
3001.377632  	80.434873 
3001.734939  	80.329837 
3002.092246  	80.300035 
3002.449553  	80.366479 
3002.806860  	80.528964 
3003.164167  	80.431974 
3003.521473  	80.386796 
3003.878780  	80.331929 
3004.236087  	80.406263 
3004.593394  	80.769409 
3004.950701  	80.567060 
3005.308008  	80.091122 
3005.665315  	80.024017 
3006.022622  	80.089780 
3006.379928  	80.252901 
3006.737235  	80.364449 
3007.094542  	80.250985 
3007.451849  	80.245085 
3007.809156  	80.439269 
3008.166463  	80.474146 
3008.523770  	80.232413 
3008.881076  	80.063824 
3009.238383  	80.138150 
3009.595690  	80.244500 
3009.952997  	80.283721 
3010.310304  	80.414690 
3010.667611  	80.566064 
3011.024918  	80.551461 
3011.382224  	80.458094 
3011.739531  	80.324687 
3012.096838  	80.268703 
3012.454145  	80.242480 
3012.811452  	80.053789 
3013.168759  	80.058725 
3013.526066  	80.256875 
3013.883372  	80.282710 
3014.240679  	80.225691 
3014.597986  	80.166739 
3014.955293  	80.261438 
3015.312600  	80.485606 
3015.669907  	80.425705 
3016.027214  	80.172699 
3016.384520  	80.138369 
3016.741827  	80.283471 
3017.099134  	80.229381 
3017.456441  	80.009916 
3017.813748  	79.992585 
3018.171055  	79.938396 
3018.528362  	79.777437 
3018.885669  	79.941971 
3019.242975  	80.067417 
3019.600282  	79.927318 
3019.957589  	79.914626 
3020.314896  	79.843472 
3020.672203  	79.704162 
3021.029510  	79.729394 
3021.386817  	79.836028 
3021.744123  	80.019364 
3022.101430  	80.008912 
3022.458737  	79.788541 
3022.816044  	79.673606 
3023.173351  	79.648563 
3023.530658  	79.753081 
3023.887965  	79.784440 
3024.245271  	79.640241 
3024.602578  	79.720559 
3024.959885  	79.978821 
3025.317192  	79.967518 
3025.674499  	79.710573 
3026.031806  	79.684939 
3026.389113  	79.699420 
3026.746419  	79.482459 
3027.103726  	79.522548 
3027.461033  	79.568151 
3027.818340  	79.289226 
3028.175647  	79.290060 
3028.532954  	79.643390 
3028.890261  	79.826952 
3029.247567  	79.702009 
3029.604874  	79.619272 
3029.962181  	79.672014 
3030.319488  	79.605880 
3030.676795  	79.472796 
3031.034102  	79.358266 
3031.391409  	79.305783 
3031.748716  	79.273080 
3032.106022  	79.027858 
3032.463329  	78.762116 
3032.820636  	78.812779 
3033.177943  	78.830764 
3033.535250  	78.571081 
3033.892557  	78.661823 
3034.249864  	78.979666 
3034.607170  	78.722106 
3034.964477  	78.373520 
3035.321784  	78.480246 
3035.679091  	78.706999 
3036.036398  	78.745418 
3036.393705  	78.425875 
3036.751012  	77.937081 
3037.108318  	77.641878 
3037.465625  	77.656067 
3037.822932  	77.811936 
3038.180239  	77.784347 
3038.537546  	77.464412 
3038.894853  	77.064613 
3039.252160  	76.909171 
3039.609466  	76.972039 
3039.966773  	76.989411 
3040.324080  	76.880966 
3040.681387  	76.683721 
3041.038694  	76.446052 
3041.396001  	76.143773 
3041.753308  	75.970241 
3042.110614  	75.909539 
3042.467921  	75.638270 
3042.825228  	75.445290 
3043.182535  	75.478731 
3043.539842  	75.528299 
3043.897149  	75.679393 
3044.254456  	75.829625 
3044.611763  	75.848505 
3044.969069  	75.824470 
3045.326376  	75.950286 
3045.683683  	76.185163 
3046.040990  	76.260748 
3046.398297  	76.320775 
3046.755604  	76.289406 
3047.112911  	76.022262 
3047.470217  	75.984822 
3047.827524  	76.167321 
3048.184831  	76.125962 
3048.542138  	75.859321 
3048.899445  	75.509632 
3049.256752  	75.213127 
3049.614059  	75.067005 
3049.971365  	74.785449 
3050.328672  	74.120040 
3050.685979  	73.455452 
3051.043286  	73.121482 
3051.400593  	72.761875 
3051.757900  	72.180548 
3052.115207  	71.691449 
3052.472513  	71.220941 
3052.829820  	70.813474 
3053.187127  	71.010682 
3053.544434  	71.432048 
3053.901741  	71.616250 
3054.259048  	72.029501 
3054.616355  	72.696641 
3054.973661  	73.403265 
3055.330968  	74.069117 
3055.688275  	74.626702 
3056.045582  	75.308948 
3056.402889  	75.920022 
3056.760196  	76.279341 
3057.117503  	76.650109 
3057.474810  	76.847287 
3057.832116  	76.771353 
3058.189423  	76.857486 
3058.546730  	77.165405 
3058.904037  	77.271026 
3059.261344  	77.206052 
3059.618651  	77.305848 
3059.975958  	77.534391 
3060.333264  	77.797225 
3060.690571  	77.918703 
3061.047878  	77.850942 
3061.405185  	78.011159 
3061.762492  	78.324715 
3062.119799  	78.346234 
3062.477106  	78.258048 
3062.834412  	78.338832 
3063.191719  	78.521740 
3063.549026  	78.634346 
3063.906333  	78.609916 
3064.263640  	78.714068 
3064.620947  	78.864702 
3064.978254  	78.766411 
3065.335560  	78.697104 
3065.692867  	78.688898 
3066.050174  	78.636876 
3066.407481  	78.650299 
3066.764788  	78.596589 
3067.122095  	78.528564 
3067.479402  	78.525824 
3067.836708  	78.607695 
3068.194015  	78.755912 
3068.551322  	78.745925 
3068.908629  	78.537288 
3069.265936  	78.258576 
3069.623243  	78.450580 
3069.980550  	78.835616 
3070.337857  	78.420122 
3070.695163  	78.079481 
3071.052470  	78.351143 
3071.409777  	78.353772 
3071.767084  	78.307528 
3072.124391  	78.408906 
3072.481698  	78.295440 
3072.839005  	78.177888 
3073.196311  	78.281523 
3073.553618  	78.424311 
3073.910925  	78.398401 
3074.268232  	78.265329 
3074.625539  	78.130852 
3074.982846  	78.161184 
3075.340153  	78.202776 
3075.697459  	77.868413 
3076.054766  	77.502113 
3076.412073  	77.425511 
3076.769380  	77.477326 
3077.126687  	77.621049 
3077.483994  	77.832585 
3077.841301  	77.821800 
3078.198607  	77.422343 
3078.555914  	77.199929 
3078.913221  	77.356961 
3079.270528  	77.497561 
3079.627835  	77.527522 
3079.985142  	77.328623 
3080.342449  	77.323869 
3080.699755  	77.643264 
3081.057062  	77.523934 
3081.414369  	77.335188 
3081.771676  	77.473300 
3082.128983  	77.374351 
3082.486290  	77.172694 
3082.843597  	77.171541 
3083.200904  	77.268869 
3083.558210  	77.420392 
3083.915517  	77.473301 
3084.272824  	77.409993 
3084.630131  	77.377436 
3084.987438  	77.282200 
3085.344745  	77.080242 
3085.702052  	77.011090 
3086.059358  	77.125160 
3086.416665  	77.179004 
3086.773972  	77.160717 
3087.131279  	77.204858 
3087.488586  	77.244863 
3087.845893  	77.227527 
3088.203200  	77.151466 
3088.560506  	77.135386 
3088.917813  	77.238401 
3089.275120  	77.238936 
3089.632427  	77.238192 
3089.989734  	77.223883 
3090.347041  	77.123163 
3090.704348  	77.278250 
3091.061654  	77.278217 
3091.418961  	77.011193 
3091.776268  	77.014508 
3092.133575  	76.990353 
3092.490882  	76.989744 
3092.848189  	77.091391 
3093.205496  	76.956371 
3093.562802  	76.864724 
3093.920109  	76.851264 
3094.277416  	76.836465 
3094.634723  	76.872718 
3094.992030  	76.858502 
3095.349337  	76.784010 
3095.706644  	76.650166 
3096.063950  	76.804382 
3096.421257  	77.014138 
3096.778564  	76.857122 
3097.135871  	76.894341 
3097.493178  	76.979193 
3097.850485  	76.732108 
3098.207792  	76.517694 
3098.565099  	76.344701 
3098.922405  	76.165973 
3099.279712  	76.216102 
3099.637019  	76.480050 
3099.994326  	76.530629 
3100.351633  	76.231717 
3100.708940  	75.888810 
3101.066247  	75.750231 
3101.423553  	76.056011 
3101.780860  	76.363713 
3102.138167  	76.218205 
3102.495474  	76.085754 
3102.852781  	76.037298 
3103.210088  	76.027436 
3103.567395  	76.218563 
3103.924701  	76.305165 
3104.282008  	76.322576 
3104.639315  	76.513084 
3104.996622  	76.617786 
3105.353929  	76.457489 
3105.711236  	76.201989 
3106.068543  	75.911743 
3106.425849  	75.679285 
3106.783156  	75.884672 
3107.140463  	76.213079 
3107.497770  	76.121545 
3107.855077  	76.240219 
3108.212384  	76.565277 
3108.569691  	76.225817 
3108.926997  	75.975534 
3109.284304  	76.389194 
3109.641611  	76.443743 
3109.998918  	76.261007 
3110.356225  	76.454524 
3110.713532  	76.363567 
3111.070839  	75.973853 
3111.428146  	75.922753 
3111.785452  	76.037583 
3112.142759  	76.041461 
3112.500066  	75.961063 
3112.857373  	75.910945 
3113.214680  	76.028489 
3113.571987  	76.115317 
3113.929294  	76.033459 
3114.286600  	75.950776 
3114.643907  	75.759856 
3115.001214  	75.508277 
3115.358521  	75.579502 
3115.715828  	75.792712 
3116.073135  	75.773220 
3116.430442  	75.610571 
3116.787748  	75.473664 
3117.145055  	75.399336 
3117.502362  	75.422419 
3117.859669  	75.572846 
3118.216976  	75.583548 
3118.574283  	75.429369 
3118.931590  	75.465505 
3119.288896  	75.361652 
3119.646203  	75.055133 
3120.003510  	74.972989 
3120.360817  	74.915149 
3120.718124  	75.050835 
3121.075431  	75.311801 
3121.432738  	75.188478 
3121.790044  	75.166557 
3122.147351  	75.270279 
3122.504658  	75.079557 
3122.861965  	74.838171 
3123.219272  	74.624423 
3123.576579  	74.644202 
3123.933886  	74.907883 
3124.291193  	74.890469 
3124.648499  	74.563828 
3125.005806  	74.374989 
3125.363113  	74.413041 
3125.720420  	74.373732 
3126.077727  	74.388075 
3126.435034  	74.479074 
3126.792341  	74.356081 
3127.149647  	74.148391 
3127.506954  	73.934134 
3127.864261  	74.121200 
3128.221568  	74.518587 
3128.578875  	74.271607 
3128.936182  	73.999453 
3129.293489  	73.965990 
3129.650795  	73.850706 
3130.008102  	74.024283 
3130.365409  	74.125264 
3130.722716  	73.995353 
3131.080023  	73.861691 
3131.437330  	73.752759 
3131.794637  	73.790850 
3132.151943  	73.706571 
3132.509250  	73.812358 
3132.866557  	74.162915 
3133.223864  	74.090954 
3133.581171  	73.832111 
3133.938478  	73.689966 
3134.295785  	73.793350 
3134.653091  	73.928556 
3135.010398  	73.589938 
3135.367705  	73.291849 
3135.725012  	73.449540 
3136.082319  	73.619704 
3136.439626  	73.508529 
3136.796933  	73.441448 
3137.154240  	73.508897 
3137.511546  	73.255973 
3137.868853  	73.185067 
3138.226160  	73.588042 
3138.583467  	73.610177 
3138.940774  	73.317559 
3139.298081  	73.324290 
3139.655388  	73.524533 
3140.012694  	73.593260 
3140.370001  	73.448954 
3140.727308  	73.146745 
3141.084615  	73.041233 
3141.441922  	73.385807 
3141.799229  	73.364295 
3142.156536  	72.940948 
3142.513842  	73.065498 
3142.871149  	73.194684 
3143.228456  	72.965480 
3143.585763  	73.018247 
3143.943070  	73.171181 
3144.300377  	73.092333 
3144.657684  	72.948334 
3145.014990  	72.924049 
3145.372297  	72.815845 
3145.729604  	72.565406 
3146.086911  	72.680715 
3146.444218  	72.976246 
3146.801525  	73.013677 
3147.158832  	73.056563 
3147.516138  	73.050864 
3147.873445  	72.819118 
3148.230752  	72.615971 
3148.588059  	72.524260 
3148.945366  	72.504847 
3149.302673  	72.526035 
3149.659980  	72.546506 
3150.017287  	72.700400 
3150.374593  	72.810957 
3150.731900  	72.739975 
3151.089207  	72.689045 
3151.446514  	72.390510 
3151.803821  	72.076627 
3152.161128  	72.210355 
3152.518435  	72.135116 
3152.875741  	71.935506 
3153.233048  	72.205272 
3153.590355  	72.337123 
3153.947662  	72.156930 
3154.304969  	72.124036 
3154.662276  	72.140227 
3155.019583  	72.138953 
3155.376889  	72.289935 
3155.734196  	72.452292 
3156.091503  	72.363723 
3156.448810  	72.158531 
3156.806117  	72.138570 
3157.163424  	72.228354 
3157.520731  	72.081997 
3157.878037  	71.713663 
3158.235344  	71.463364 
3158.592651  	71.448096 
3158.949958  	71.555017 
3159.307265  	71.534635 
3159.664572  	71.497670 
3160.021879  	71.672662 
3160.379185  	71.662707 
3160.736492  	71.512807 
3161.093799  	71.493758 
3161.451106  	71.437263 
3161.808413  	71.525093 
3162.165720  	71.568710 
3162.523027  	71.271123 
3162.880334  	70.988536 
3163.237640  	70.940337 
3163.594947  	71.126607 
3163.952254  	71.269825 
3164.309561  	71.282535 
3164.666868  	71.330395 
3165.024175  	71.288505 
3165.381482  	71.316549 
3165.738788  	71.350394 
3166.096095  	71.178231 
3166.453402  	71.012087 
3166.810709  	70.891526 
3167.168016  	70.943213 
3167.525323  	70.981517 
3167.882630  	70.732641 
3168.239936  	70.609011 
3168.597243  	70.651608 
3168.954550  	70.680023 
3169.311857  	70.782530 
3169.669164  	70.964351 
3170.026471  	71.032687 
3170.383778  	70.742141 
3170.741084  	70.472848 
3171.098391  	70.436275 
3171.455698  	70.374516 
3171.813005  	70.406685 
3172.170312  	70.379401 
3172.527619  	70.235412 
3172.884926  	70.340854 
3173.242232  	70.553512 
3173.599539  	70.488174 
3173.956846  	70.105060 
3174.314153  	69.820316 
3174.671460  	69.761646 
3175.028767  	69.682214 
3175.386074  	69.857064 
3175.743380  	70.228472 
3176.100687  	70.202839 
3176.457994  	69.897015 
3176.815301  	69.779120 
3177.172608  	69.849054 
3177.529915  	69.941939 
3177.887222  	69.934413 
3178.244529  	69.702135 
3178.601835  	69.630167 
3178.959142  	69.843240 
3179.316449  	69.878136 
3179.673756  	69.949057 
3180.031063  	69.978238 
3180.388370  	69.689334 
3180.745677  	69.582461 
3181.102983  	69.569299 
3181.460290  	69.550467 
3181.817597  	69.679877 
3182.174904  	69.640925 
3182.532211  	69.544319 
3182.889518  	69.479385 
3183.246825  	69.370967 
3183.604131  	69.374130 
3183.961438  	69.476721 
3184.318745  	69.536854 
3184.676052  	69.324849 
3185.033359  	69.067453 
3185.390666  	69.026636 
3185.747973  	69.031411 
3186.105279  	69.054645 
3186.462586  	68.994746 
3186.819893  	68.913676 
3187.177200  	68.816470 
3187.534507  	68.693249 
3187.891814  	68.820513 
3188.249121  	68.822781 
3188.606427  	68.664476 
3188.963734  	68.878714 
3189.321041  	69.178025 
3189.678348  	69.070109 
3190.035655  	68.664517 
3190.392962  	68.572986 
3190.750269  	68.743374 
3191.107576  	68.601019 
3191.464882  	68.359218 
3191.822189  	68.296009 
3192.179496  	68.361805 
3192.536803  	68.427443 
3192.894110  	68.389901 
3193.251417  	68.300441 
3193.608724  	68.148974 
3193.966030  	68.066230 
3194.323337  	68.076080 
3194.680644  	68.159594 
3195.037951  	68.306483 
3195.395258  	68.238168 
3195.752565  	68.001195 
3196.109872  	67.764933 
3196.467178  	67.691260 
3196.824485  	67.765397 
3197.181792  	67.761496 
3197.539099  	67.967677 
3197.896406  	68.174264 
3198.253713  	67.915758 
3198.611020  	67.708442 
3198.968326  	67.839246 
3199.325633  	67.897469 
3199.682940  	67.828096 
3200.040247  	67.993578 
3200.397554  	67.963601 
3200.754861  	67.411312 
3201.112168  	67.259548 
3201.469474  	67.557820 
3201.826781  	67.671860 
3202.184088  	67.657356 
3202.541395  	67.424761 
3202.898702  	67.134679 
3203.256009  	67.133129 
3203.613316  	67.185739 
3203.970623  	67.168087 
3204.327929  	67.246125 
3204.685236  	67.288546 
3205.042543  	67.100130 
3205.399850  	66.942371 
3205.757157  	67.007343 
3206.114464  	67.098329 
3206.471771  	67.155970 
3206.829077  	67.182780 
3207.186384  	67.043876 
3207.543691  	66.808154 
3207.900998  	66.765308 
3208.258305  	66.915010 
3208.615612  	66.923169 
3208.972919  	66.704755 
3209.330225  	66.642018 
3209.687532  	66.840790 
3210.044839  	66.809734 
3210.402146  	66.521795 
3210.759453  	66.428535 
3211.116760  	66.573928 
3211.474067  	66.676788 
3211.831373  	66.588149 
3212.188680  	66.526306 
3212.545987  	66.514930 
3212.903294  	66.450255 
3213.260601  	66.573304 
3213.617908  	66.664421 
3213.975215  	66.352953 
3214.332521  	65.957066 
3214.689828  	65.835853 
3215.047135  	65.855872 
3215.404442  	65.833511 
3215.761749  	65.871582 
3216.119056  	65.970100 
3216.476363  	66.035937 
3216.833670  	65.890315 
3217.190976  	65.516910 
3217.548283  	65.472485 
3217.905590  	65.724534 
3218.262897  	65.641907 
3218.620204  	65.294829 
3218.977511  	65.161370 
3219.334818  	65.295193 
3219.692124  	65.339519 
3220.049431  	65.319625 
3220.406738  	65.330639 
3220.764045  	65.167150 
3221.121352  	64.959136 
3221.478659  	64.792775 
3221.835966  	64.727127 
3222.193272  	64.817317 
3222.550579  	64.769782 
3222.907886  	64.726782 
3223.265193  	64.938644 
3223.622500  	65.012139 
3223.979807  	64.697945 
3224.337114  	64.423094 
3224.694420  	64.491672 
3225.051727  	64.573032 
3225.409034  	64.529314 
3225.766341  	64.502696 
3226.123648  	64.373392 
3226.480955  	64.231506 
3226.838262  	64.370463 
3227.195568  	64.545206 
3227.552875  	64.435015 
3227.910182  	64.387937 
3228.267489  	64.420494 
3228.624796  	64.130698 
3228.982103  	63.945390 
3229.339410  	64.168347 
3229.696717  	64.208808 
3230.054023  	63.992945 
3230.411330  	64.008939 
3230.768637  	64.069070 
3231.125944  	63.844741 
3231.483251  	63.641128 
3231.840558  	63.665959 
3232.197865  	63.826768 
3232.555171  	63.915320 
3232.912478  	63.752801 
3233.269785  	63.645682 
3233.627092  	63.640260 
3233.984399  	63.487256 
3234.341706  	63.493137 
3234.699013  	63.543597 
3235.056319  	63.368743 
3235.413626  	63.411185 
3235.770933  	63.488023 
3236.128240  	63.338826 
3236.485547  	63.293796 
3236.842854  	63.225511 
3237.200161  	63.293153 
3237.557467  	63.373280 
3237.914774  	62.876345 
3238.272081  	62.408129 
3238.629388  	62.437212 
3238.986695  	62.622214 
3239.344002  	62.660061 
3239.701309  	62.616824 
3240.058615  	62.889440 
3240.415922  	62.998082 
3240.773229  	62.688088 
3241.130536  	62.417660 
3241.487843  	62.251529 
3241.845150  	62.375123 
3242.202457  	62.430598 
3242.559764  	62.370941 
3242.917070  	62.556366 
3243.274377  	62.402023 
3243.631684  	62.140795 
3243.988991  	61.969598 
3244.346298  	61.634578 
3244.703605  	61.694182 
3245.060912  	61.917272 
3245.418218  	61.913656 
3245.775525  	61.829613 
3246.132832  	61.752400 
3246.490139  	61.918865 
3246.847446  	61.835725 
3247.204753  	61.343738 
3247.562060  	61.233974 
3247.919366  	61.443144 
3248.276673  	61.481113 
3248.633980  	61.457932 
3248.991287  	61.349221 
3249.348594  	61.060493 
3249.705901  	61.069925 
3250.063208  	61.303267 
3250.420514  	61.133798 
3250.777821  	60.848498 
3251.135128  	60.760498 
3251.492435  	60.542021 
3251.849742  	60.368385 
3252.207049  	60.644114 
3252.564356  	60.874546 
3252.921662  	60.608885 
3253.278969  	60.356008 
3253.636276  	60.369067 
3253.993583  	60.487152 
3254.350890  	60.495889 
3254.708197  	60.196360 
3255.065504  	60.027034 
3255.422810  	60.009495 
3255.780117  	59.775737 
3256.137424  	59.692255 
3256.494731  	59.695686 
3256.852038  	59.592733 
3257.209345  	59.652638 
3257.566652  	59.475280 
3257.923959  	59.126542 
3258.281265  	59.185700 
3258.638572  	59.249109 
3258.995879  	59.173906 
3259.353186  	59.134878 
3259.710493  	58.996318 
3260.067800  	58.936622 
3260.425107  	58.869646 
3260.782413  	58.769345 
3261.139720  	58.721426 
3261.497027  	58.543433 
3261.854334  	58.536205 
3262.211641  	58.627718 
3262.568948  	58.441576 
3262.926255  	58.252388 
3263.283561  	58.296389 
3263.640868  	58.374848 
3263.998175  	58.256569 
3264.355482  	58.162834 
3264.712789  	58.038673 
3265.070096  	57.856677 
3265.427403  	57.984616 
3265.784709  	57.950479 
3266.142016  	57.759195 
3266.499323  	57.782453 
3266.856630  	57.615518 
3267.213937  	57.409104 
3267.571244  	57.315483 
3267.928551  	57.302881 
3268.285857  	57.396978 
3268.643164  	57.277159 
3269.000471  	56.979598 
3269.357778  	56.648681 
3269.715085  	56.576655 
3270.072392  	56.714848 
3270.429699  	56.485737 
3270.787006  	56.206863 
3271.144312  	56.205477 
3271.501619  	56.267577 
3271.858926  	56.332917 
3272.216233  	56.343994 
3272.573540  	56.399375 
3272.930847  	56.375166 
3273.288154  	56.012014 
3273.645460  	55.747622 
3274.002767  	55.942309 
3274.360074  	55.977250 
3274.717381  	55.738583 
3275.074688  	55.929897 
3275.431995  	56.066374 
3275.789302  	55.634134 
3276.146608  	55.478954 
3276.503915  	55.654465 
3276.861222  	55.396912 
3277.218529  	54.976664 
3277.575836  	54.902191 
3277.933143  	54.914940 
3278.290450  	54.826593 
3278.647756  	54.775143 
3279.005063  	54.818127 
3279.362370  	54.959680 
3279.719677  	55.049237 
3280.076984  	54.904459 
3280.434291  	54.597590 
3280.791598  	54.430949 
3281.148904  	54.440589 
3281.506211  	54.380327 
3281.863518  	54.281216 
3282.220825  	54.220741 
3282.578132  	54.205084 
3282.935439  	54.109905 
3283.292746  	53.895144 
3283.650053  	53.780658 
3284.007359  	53.650335 
3284.364666  	53.653502 
3284.721973  	53.815351 
3285.079280  	53.734494 
3285.436587  	53.620831 
3285.793894  	53.464633 
3286.151201  	53.277211 
3286.508507  	53.189214 
3286.865814  	52.975050 
3287.223121  	52.935779 
3287.580428  	52.985837 
3287.937735  	52.834115 
3288.295042  	52.693995 
3288.652349  	52.621203 
3289.009655  	52.748547 
3289.366962  	52.870866 
3289.724269  	52.709693 
3290.081576  	52.475783 
3290.438883  	52.417922 
3290.796190  	52.497043 
3291.153497  	52.434417 
3291.510803  	52.330762 
3291.868110  	52.107492 
3292.225417  	51.781809 
3292.582724  	51.763341 
3292.940031  	51.728528 
3293.297338  	51.623153 
3293.654645  	51.613545 
3294.011951  	51.502075 
3294.369258  	51.365976 
3294.726565  	51.223652 
3295.083872  	51.184411 
3295.441179  	51.186964 
3295.798486  	51.115975 
3296.155793  	51.009583 
3296.513100  	50.733908 
3296.870406  	50.599985 
3297.227713  	50.652263 
3297.585020  	50.647802 
3297.942327  	50.656837 
3298.299634  	50.582685 
3298.656941  	50.512202 
3299.014248  	50.403490 
3299.371554  	50.292224 
3299.728861  	50.246735 
3300.086168  	50.010794 
3300.443475  	49.951141 
3300.800782  	50.005878 
3301.158089  	49.800399 
3301.515396  	49.706543 
3301.872702  	49.629641 
3302.230009  	49.451796 
3302.587316  	49.361216 
3302.944623  	49.261626 
3303.301930  	49.247733 
3303.659237  	49.212295 
3304.016544  	48.953807 
3304.373850  	48.825996 
3304.731157  	48.847814 
3305.088464  	48.719511 
3305.445771  	48.617626 
3305.803078  	48.529582 
3306.160385  	48.436943 
3306.517692  	48.554563 
3306.874998  	48.419061 
3307.232305  	47.939202 
3307.589612  	47.773280 
3307.946919  	47.900553 
3308.304226  	47.869396 
3308.661533  	47.643612 
3309.018840  	47.534592 
3309.376147  	47.578292 
3309.733453  	47.606173 
3310.090760  	47.577291 
3310.448067  	47.435171 
3310.805374  	47.432235 
3311.162681  	47.498134 
3311.519988  	47.234959 
3311.877295  	46.988659 
3312.234601  	46.954068 
3312.591908  	46.852618 
3312.949215  	46.704195 
3313.306522  	46.586077 
3313.663829  	46.475018 
3314.021136  	46.411910 
3314.378443  	46.492184 
3314.735749  	46.573629 
3315.093056  	46.477623 
3315.450363  	46.337034 
3315.807670  	46.201188 
3316.164977  	46.175910 
3316.522284  	46.256873 
3316.879591  	46.142567 
3317.236897  	46.131265 
3317.594204  	46.328659 
3317.951511  	46.201202 
3318.308818  	46.076494 
3318.666125  	46.227488 
3319.023432  	46.183106 
3319.380739  	46.094291 
3319.738045  	46.236731 
3320.095352  	46.355730 
3320.452659  	46.274338 
3320.809966  	46.146479 
3321.167273  	46.137784 
3321.524580  	46.133313 
3321.881887  	46.201912 
3322.239194  	46.385718 
3322.596500  	46.526705 
3322.953807  	46.604831 
3323.311114  	46.457955 
3323.668421  	46.301163 
3324.025728  	46.245432 
3324.383035  	46.007906 
3324.740342  	46.037929 
3325.097648  	46.267265 
3325.454955  	46.172405 
3325.812262  	46.107338 
3326.169569  	46.286458 
3326.526876  	46.508297 
3326.884183  	46.622727 
3327.241490  	46.856602 
3327.598796  	47.232145 
3327.956103  	47.247081 
3328.313410  	47.203722 
3328.670717  	47.279865 
3329.028024  	47.195244 
3329.385331  	47.379946 
3329.742638  	47.699120 
3330.099944  	47.735921 
3330.457251  	47.878252 
3330.814558  	48.166184 
3331.171865  	48.231399 
3331.529172  	48.116027 
3331.886479  	48.134938 
3332.243786  	48.492105 
3332.601092  	48.922556 
3332.958399  	48.923340 
3333.315706  	48.829192 
3333.673013  	49.172308 
3334.030320  	49.440881 
3334.387627  	49.415374 
3334.744934  	49.467431 
3335.102240  	49.592005 
3335.459547  	49.791149 
3335.816854  	49.922569 
3336.174161  	49.950671 
3336.531468  	50.117913 
3336.888775  	50.285405 
3337.246082  	50.403292 
3337.603389  	50.617625 
3337.960695  	50.904272 
3338.318002  	51.206564 
3338.675309  	51.432700 
3339.032616  	51.588218 
3339.389923  	51.656590 
3339.747230  	51.778533 
3340.104537  	52.223177 
3340.461843  	52.539501 
3340.819150  	52.532564 
3341.176457  	52.779517 
3341.533764  	52.963850 
3341.891071  	52.804422 
3342.248378  	53.041602 
3342.605685  	53.470136 
3342.962991  	53.510442 
3343.320298  	53.583096 
3343.677605  	53.775532 
3344.034912  	53.849589 
3344.392219  	53.889287 
3344.749526  	53.903495 
3345.106833  	54.132018 
3345.464139  	54.639980 
3345.821446  	54.917056 
3346.178753  	54.910707 
3346.536060  	55.028768 
3346.893367  	55.413960 
3347.250674  	55.858649 
3347.607981  	55.933691 
3347.965287  	55.759420 
3348.322594  	55.845942 
3348.679901  	55.991502 
3349.037208  	55.911318 
3349.394515  	55.866465 
3349.751822  	56.004084 
3350.109129  	56.199012 
3350.466436  	56.385979 
3350.823742  	56.588357 
3351.181049  	56.790684 
3351.538356  	57.011344 
3351.895663  	57.093102 
3352.252970  	56.995402 
3352.610277  	57.104435 
3352.967584  	57.386004 
3353.324890  	57.678237 
3353.682197  	57.938154 
3354.039504  	57.919996 
3354.396811  	57.915065 
3354.754118  	58.087650 
3355.111425  	58.139437 
3355.468732  	58.184059 
3355.826038  	58.400277 
3356.183345  	58.683611 
3356.540652  	58.709961 
3356.897959  	58.614671 
3357.255266  	58.810228 
3357.612573  	59.069421 
3357.969880  	59.097450 
3358.327186  	58.876458 
3358.684493  	58.813632 
3359.041800  	59.037498 
3359.399107  	58.985015 
3359.756414  	58.953905 
3360.113721  	59.219985 
3360.471028  	59.417608 
3360.828334  	59.742977 
3361.185641  	60.031111 
3361.542948  	59.897240 
3361.900255  	59.747272 
3362.257562  	59.873519 
3362.614869  	59.907445 
3362.972176  	59.851567 
3363.329483  	60.170937 
3363.686789  	60.404212 
3364.044096  	60.152145 
3364.401403  	60.066782 
3364.758710  	60.180174 
3365.116017  	60.157559 
3365.473324  	60.326520 
3365.830631  	60.625861 
3366.187937  	60.606843 
3366.545244  	60.514235 
3366.902551  	60.563640 
3367.259858  	60.615267 
3367.617165  	60.820265 
3367.974472  	60.957082 
3368.331779  	60.915095 
3368.689085  	61.070646 
3369.046392  	61.157956 
3369.403699  	60.977173 
3369.761006  	60.774868 
3370.118313  	60.708772 
3370.475620  	60.928625 
3370.832927  	61.193107 
3371.190233  	61.145222 
3371.547540  	60.912281 
3371.904847  	60.904683 
3372.262154  	61.077238 
3372.619461  	61.049379 
3372.976768  	61.107245 
3373.334075  	61.343219 
3373.691381  	61.312010 
3374.048688  	61.224053 
3374.405995  	61.304015 
3374.763302  	61.376860 
3375.120609  	61.440469 
3375.477916  	61.500037 
3375.835223  	61.639089 
3376.192530  	61.731435 
3376.549836  	61.435606 
3376.907143  	61.076778 
3377.264450  	61.151932 
3377.621757  	61.597263 
3377.979064  	61.875821 
3378.336371  	61.503105 
3378.693678  	61.128951 
3379.050984  	61.316586 
3379.408291  	61.579299 
3379.765598  	61.712162 
3380.122905  	61.568007 
3380.480212  	61.312622 
3380.837519  	61.385238 
3381.194826  	61.434614 
3381.552132  	61.435300 
3381.909439  	61.440565 
3382.266746  	61.257881 
3382.624053  	61.284525 
3382.981360  	61.462056 
3383.338667  	61.447990 
3383.695974  	61.383860 
3384.053280  	61.334737 
3384.410587  	61.174313 
3384.767894  	61.031890 
3385.125201  	61.076217 
3385.482508  	60.959154 
3385.839815  	60.867969 
3386.197122  	61.185330 
3386.554428  	61.338081 
3386.911735  	61.164398 
3387.269042  	61.006658 
3387.626349  	60.958982 
3387.983656  	61.022713 
3388.340963  	61.114293 
3388.698270  	61.189918 
3389.055577  	61.101251 
3389.412883  	61.035241 
3389.770190  	61.150343 
3390.127497  	61.136381 
3390.484804  	61.120627 
3390.842111  	61.122486 
3391.199418  	60.853133 
3391.556725  	60.514943 
3391.914031  	60.503134 
3392.271338  	60.799302 
3392.628645  	61.024211 
3392.985952  	61.069056 
3393.343259  	60.965405 
3393.700566  	60.863631 
3394.057873  	60.820257 
3394.415179  	60.735103 
3394.772486  	60.895942 
3395.129793  	60.983736 
3395.487100  	60.800635 
3395.844407  	60.885047 
3396.201714  	60.954093 
3396.559021  	60.895177 
3396.916327  	60.860926 
3397.273634  	60.774617 
3397.630941  	60.808771 
3397.988248  	60.742421 
3398.345555  	60.764238 
3398.702862  	61.029488 
3399.060169  	61.045572 
3399.417475  	60.947724 
3399.774782  	60.914542 
3400.132089  	60.914843 
3400.489396  	60.858735 
3400.846703  	60.566980 
3401.204010  	60.278649 
3401.561317  	60.280985 
3401.918624  	60.658230 
3402.275930  	60.851456 
3402.633237  	60.581623 
3402.990544  	60.448822 
3403.347851  	60.386852 
3403.705158  	60.343741 
3404.062465  	60.274211 
3404.419772  	59.972450 
3404.777078  	60.067486 
3405.134385  	60.128676 
3405.491692  	59.615318 
3405.848999  	59.465644 
3406.206306  	59.556952 
3406.563613  	59.433713 
3406.920920  	59.499287 
3407.278226  	59.523747 
3407.635533  	59.248680 
3407.992840  	58.995276 
3408.350147  	58.929623 
3408.707454  	58.908706 
3409.064761  	58.686536 
3409.422068  	58.270731 
3409.779374  	58.154774 
3410.136681  	58.560114 
3410.493988  	58.640430 
3410.851295  	58.102802 
3411.208602  	57.807398 
3411.565909  	57.601780 
3411.923216  	57.224802 
3412.280522  	57.235439 
3412.637829  	57.172983 
3412.995136  	56.764838 
3413.352443  	56.582212 
3413.709750  	56.410696 
3414.067057  	56.255191 
3414.424364  	56.294350 
3414.781671  	56.034060 
3415.138977  	55.440741 
3415.496284  	54.904265 
3415.853591  	54.785299 
3416.210898  	55.007298 
3416.568205  	54.980054 
3416.925512  	54.822578 
3417.282819  	54.725853 
3417.640125  	54.296714 
3417.997432  	53.802531 
3418.354739  	53.719305 
3418.712046  	53.748347 
3419.069353  	53.586863 
3419.426660  	53.360842 
3419.783967  	53.097779 
3420.141273  	52.867066 
3420.498580  	52.622878 
3420.855887  	52.091976 
3421.213194  	51.732069 
3421.570501  	51.712614 
3421.927808  	51.570134 
3422.285115  	51.469821 
3422.642421  	51.244452 
3422.999728  	50.739909 
3423.357035  	50.366910 
3423.714342  	50.079658 
3424.071649  	49.983353 
3424.428956  	49.997806 
3424.786263  	49.730248 
3425.143569  	49.337404 
3425.500876  	48.962290 
3425.858183  	48.746726 
3426.215490  	48.659092 
3426.572797  	48.456085 
3426.930104  	48.201540 
3427.287411  	47.913520 
3427.644717  	47.548462 
3428.002024  	47.013144 
3428.359331  	46.499818 
3428.716638  	46.179102 
3429.073945  	45.750935 
3429.431252  	45.486554 
3429.788559  	45.440776 
3430.145866  	45.264539 
3430.503172  	45.068549 
3430.860479  	44.545295 
3431.217786  	43.812188 
3431.575093  	43.391331 
3431.932400  	43.020565 
3432.289707  	42.700578 
3432.647014  	42.611729 
3433.004320  	42.501498 
3433.361627  	42.114521 
3433.718934  	41.542354 
3434.076241  	41.123624 
3434.433548  	40.727872 
3434.790855  	40.198684 
3435.148162  	39.841077 
3435.505468  	39.719822 
3435.862775  	39.512292 
3436.220082  	39.093607 
3436.577389  	38.857041 
3436.934696  	38.710516 
3437.292003  	38.130584 
3437.649310  	37.636540 
3438.006616  	37.558405 
3438.363923  	37.301585 
3438.721230  	37.043245 
3439.078537  	36.948674 
3439.435844  	36.457048 
3439.793151  	35.939443 
3440.150458  	35.853060 
3440.507764  	35.775535 
3440.865071  	35.757792 
3441.222378  	35.749972 
3441.579685  	35.455474 
3441.936992  	35.343308 
3442.294299  	35.413356 
3442.651606  	35.264457 
3443.008913  	35.048349 
3443.366219  	34.913651 
3443.723526  	35.099345 
3444.080833  	35.405467 
3444.438140  	35.246232 
3444.795447  	34.999315 
3445.152754  	35.223075 
3445.510061  	35.580541 
3445.867367  	35.778896 
3446.224674  	36.037202 
3446.581981  	36.278097 
3446.939288  	36.530725 
3447.296595  	37.048701 
3447.653902  	37.314791 
3448.011209  	37.438896 
3448.368515  	37.939697 
3448.725822  	38.447053 
3449.083129  	39.025008 
3449.440436  	39.674498 
3449.797743  	40.106125 
3450.155050  	40.554026 
3450.512357  	41.027228 
3450.869663  	41.604122 
3451.226970  	42.348915 
3451.584277  	43.003862 
3451.941584  	43.447354 
3452.298891  	43.779585 
3452.656198  	44.526734 
3453.013505  	45.502403 
3453.370811  	46.119703 
3453.728118  	46.851766 
3454.085425  	47.822400 
3454.442732  	48.606685 
3454.800039  	49.336274 
3455.157346  	50.142278 
3455.514653  	50.927534 
3455.871960  	51.816314 
3456.229266  	52.672359 
3456.586573  	53.138746 
3456.943880  	53.802466 
3457.301187  	55.009550 
3457.658494  	55.980987 
3458.015801  	56.451286 
3458.373108  	56.968028 
3458.730414  	57.920467 
3459.087721  	58.805905 
3459.445028  	59.442199 
3459.802335  	60.372812 
3460.159642  	61.220445 
3460.516949  	61.896793 
3460.874256  	62.695939 
3461.231562  	63.371115 
3461.588869  	64.114827 
3461.946176  	64.813135 
3462.303483  	65.402695 
3462.660790  	66.214486 
3463.018097  	66.977436 
3463.375404  	67.555577 
3463.732710  	68.138368 
3464.090017  	68.887771 
3464.447324  	69.582717 
3464.804631  	70.030661 
3465.161938  	70.451500 
3465.519245  	70.842035 
3465.876552  	71.513044 
3466.233858  	72.275701 
3466.591165  	72.721297 
3466.948472  	73.240427 
3467.305779  	73.428766 
3467.663086  	73.494031 
3468.020393  	74.078266 
3468.377700  	74.490574 
3468.735007  	74.969946 
3469.092313  	75.749363 
3469.449620  	76.095816 
3469.806927  	76.286478 
3470.164234  	76.654892 
3470.521541  	77.034965 
3470.878848  	77.564867 
3471.236155  	77.945899 
3471.593461  	77.883942 
3471.950768  	78.152185 
3472.308075  	78.862690 
3472.665382  	79.205186 
3473.022689  	79.357624 
3473.379996  	79.552288 
3473.737303  	79.803084 
3474.094609  	80.124547 
3474.451916  	80.156408 
3474.809223  	80.356310 
3475.166530  	80.712358 
3475.523837  	80.692588 
3475.881144  	80.847178 
3476.238451  	81.190064 
3476.595757  	81.483173 
3476.953064  	81.736756 
3477.310371  	81.775573 
3477.667678  	81.815483 
3478.024985  	82.024807 
3478.382292  	82.523480 
3478.739599  	82.802390 
3479.096905  	82.585777 
3479.454212  	82.801584 
3479.811519  	83.066933 
3480.168826  	82.956569 
3480.526133  	83.086260 
3480.883440  	83.063780 
3481.240747  	83.138676 
3481.598054  	83.683050 
3481.955360  	83.919782 
3482.312667  	83.809522 
3482.669974  	83.482880 
3483.027281  	83.287466 
3483.384588  	83.847754 
3483.741895  	84.434466 
3484.099202  	84.424195 
3484.456508  	84.319347 
3484.813815  	84.407062 
3485.171122  	84.472321 
3485.528429  	84.359778 
3485.885736  	84.211083 
3486.243043  	84.411831 
3486.600350  	84.991007 
3486.957656  	85.337798 
3487.314963  	85.163308 
3487.672270  	85.018889 
3488.029577  	85.150287 
3488.386884  	85.106652 
3488.744191  	84.918974 
3489.101498  	85.060314 
3489.458804  	85.376779 
3489.816111  	85.420160 
3490.173418  	85.207987 
3490.530725  	85.212147 
3490.888032  	85.509154 
3491.245339  	85.576324 
3491.602646  	85.703753 
3491.959952  	86.182414 
3492.317259  	86.129267 
3492.674566  	85.810640 
3493.031873  	85.941760 
3493.389180  	85.993734 
3493.746487  	86.148357 
3494.103794  	86.553680 
3494.461101  	86.601678 
3494.818407  	86.494247 
3495.175714  	86.466508 
3495.533021  	86.526895 
3495.890328  	86.611866 
3496.247635  	86.530850 
3496.604942  	86.481929 
3496.962249  	86.440651 
3497.319555  	86.498302 
3497.676862  	86.713135 
3498.034169  	86.890705 
3498.391476  	87.298901 
3498.748783  	87.511985 
3499.106090  	87.232024 
3499.463397  	87.183077 
3499.820703  	87.411378 
3500.178010  	87.604718 
3500.535317  	87.630029 
3500.892624  	87.458471 
3501.249931  	87.313713 
3501.607238  	87.310511 
3501.964545  	87.583515 
3502.321851  	87.833677 
3502.679158  	87.703878 
3503.036465  	87.498934 
3503.393772  	87.310644 
3503.751079  	87.118216 
3504.108386  	87.126523 
3504.465693  	87.319320 
3504.822999  	87.538912 
3505.180306  	87.744309 
3505.537613  	87.865834 
3505.894920  	87.723426 
3506.252227  	87.560564 
3506.609534  	87.792958 
3506.966841  	88.159655 
3507.324147  	88.154061 
3507.681454  	88.059496 
3508.038761  	88.236686 
3508.396068  	88.249667 
3508.753375  	88.201709 
3509.110682  	88.457527 
3509.467989  	88.531396 
3509.825296  	88.191633 
3510.182602  	87.839797 
3510.539909  	88.082575 
3510.897216  	88.640422 
3511.254523  	88.774271 
3511.611830  	88.783536 
3511.969137  	88.895535 
3512.326444  	89.024537 
3512.683750  	89.255143 
3513.041057  	89.343456 
3513.398364  	89.242677 
3513.755671  	89.184080 
3514.112978  	89.470479 
3514.470285  	89.660984 
3514.827592  	89.362917 
3515.184898  	89.418827 
3515.542205  	89.694202 
3515.899512  	89.706749 
3516.256819  	89.823059 
3516.614126  	89.742213 
3516.971433  	89.514619 
3517.328740  	89.586668 
3517.686046  	89.731456 
3518.043353  	89.873830 
3518.400660  	90.107483 
3518.757967  	90.286983 
3519.115274  	90.277546 
3519.472581  	90.178011 
3519.829888  	90.120334 
3520.187194  	90.096846 
3520.544501  	90.170472 
3520.901808  	90.485135 
3521.259115  	90.790774 
3521.616422  	90.737332 
3521.973729  	90.905217 
3522.331036  	91.347408 
3522.688343  	91.011148 
3523.045649  	90.269660 
3523.402956  	90.302254 
3523.760263  	90.964506 
3524.117570  	91.311254 
3524.474877  	91.114229 
3524.832184  	91.015515 
3525.189491  	91.163857 
3525.546797  	91.156875 
3525.904104  	91.015813 
3526.261411  	91.068667 
3526.618718  	91.331016 
3526.976025  	91.393819 
3527.333332  	91.235445 
3527.690639  	91.216015 
3528.047945  	91.217430 
3528.405252  	90.979223 
3528.762559  	90.861638 
3529.119866  	90.985615 
3529.477173  	91.113922 
3529.834480  	91.521373 
3530.191787  	91.889509 
3530.549093  	91.798090 
3530.906400  	91.468716 
3531.263707  	91.036558 
3531.621014  	91.118666 
3531.978321  	91.518491 
3532.335628  	91.467320 
3532.692935  	91.502431 
3533.050241  	91.805880 
3533.407548  	91.904180 
3533.764855  	91.688198 
3534.122162  	91.658810 
3534.479469  	92.078989 
3534.836776  	92.156044 
3535.194083  	91.968568 
3535.551390  	92.077381 
3535.908696  	92.163493 
3536.266003  	92.066384 
3536.623310  	91.963095 
3536.980617  	91.895535 
3537.337924  	91.556238 
3537.695231  	91.394730 
3538.052538  	91.746361 
3538.409844  	91.992435 
3538.767151  	92.212048 
3539.124458  	92.175864 
3539.481765  	91.909036 
3539.839072  	92.276127 
3540.196379  	92.503286 
3540.553686  	92.261684 
3540.910992  	92.334294 
3541.268299  	92.482055 
3541.625606  	92.654343 
3541.982913  	92.941917 
3542.340220  	92.809770 
3542.697527  	92.430932 
3543.054834  	92.527250 
3543.412140  	92.579893 
3543.769447  	92.375657 
3544.126754  	92.730339 
3544.484061  	93.058139 
3544.841368  	93.146286 
3545.198675  	93.263775 
3545.555982  	92.748522 
3545.913288  	92.539036 
3546.270595  	93.032578 
3546.627902  	93.333622 
3546.985209  	93.498028 
3547.342516  	93.023821 
3547.699823  	92.203524 
3548.057130  	92.121158 
3548.414437  	92.387379 
3548.771743  	92.714590 
3549.129050  	92.897729 
3549.486357  	92.753991 
3549.843664  	92.543929 
3550.200971  	92.617995 
3550.558278  	93.228305 
3550.915585  	93.657106 
3551.272891  	93.425469 
3551.630198  	93.205392 
3551.987505  	92.899881 
3552.344812  	92.372990 
3552.702119  	92.342207 
3553.059426  	92.932872 
3553.416733  	93.598819 
3553.774039  	93.589262 
3554.131346  	92.928512 
3554.488653  	92.641305 
3554.845960  	92.926394 
3555.203267  	93.405032 
3555.560574  	93.771414 
3555.917881  	93.611895 
3556.275187  	93.314605 
3556.632494  	93.278419 
3556.989801  	93.240605 
3557.347108  	93.366779 
3557.704415  	93.666075 
3558.061722  	93.716168 
3558.419029  	93.736797 
3558.776335  	93.788666 
3559.133642  	93.691113 
3559.490949  	93.724090 
3559.848256  	93.806036 
3560.205563  	93.854302 
3560.562870  	93.934651 
3560.920177  	93.960940 
3561.277484  	94.182322 
3561.634790  	94.344706 
3561.992097  	94.405870 
3562.349404  	94.511475 
3562.706711  	94.191798 
3563.064018  	93.913804 
3563.421325  	93.971998 
3563.778632  	93.984273 
3564.135938  	94.018916 
3564.493245  	93.878117 
3564.850552  	94.053882 
3565.207859  	94.542945 
3565.565166  	94.627968 
3565.922473  	94.686309 
3566.279780  	94.292769 
3566.637086  	93.650040 
3566.994393  	93.957484 
3567.351700  	94.506064 
3567.709007  	95.211834 
3568.066314  	95.112598 
3568.423621  	93.472106 
3568.780928  	92.478096 
3569.138234  	92.771090 
3569.495541  	93.487779 
3569.852848  	94.301664 
3570.210155  	94.521074 
3570.567462  	94.415975 
3570.924769  	94.257514 
3571.282076  	94.033173 
3571.639382  	94.246387 
3571.996689  	94.459438 
3572.353996  	94.289848 
3572.711303  	94.158025 
3573.068610  	94.121065 
3573.425917  	94.149168 
3573.783224  	94.223265 
3574.140531  	94.316460 
3574.497837  	94.422747 
3574.855144  	94.281213 
3575.212451  	94.270902 
3575.569758  	94.628831 
3575.927065  	94.596269 
3576.284372  	94.543822 
3576.641679  	95.168778 
3576.998985  	95.578671 
3577.356292  	95.238197 
3577.713599  	94.796867 
3578.070906  	94.721135 
3578.428213  	94.872485 
3578.785520  	94.977657 
3579.142827  	95.183194 
3579.500133  	95.135350 
3579.857440  	94.640378 
3580.214747  	94.627119 
3580.572054  	94.766216 
3580.929361  	94.660381 
3581.286668  	94.977385 
3581.643975  	95.062495 
3582.001281  	94.654579 
3582.358588  	94.659656 
3582.715895  	94.927277 
3583.073202  	94.894644 
3583.430509  	94.791325 
3583.787816  	94.799490 
3584.145123  	94.611308 
3584.502429  	94.668563 
3584.859736  	95.179368 
3585.217043  	95.346411 
3585.574350  	95.501031 
3585.931657  	95.987641 
3586.288964  	95.995315 
3586.646271  	95.270379 
3587.003577  	94.083621 
3587.360884  	93.845377 
3587.718191  	94.942669 
3588.075498  	95.718198 
3588.432805  	95.744302 
3588.790112  	94.672627 
3589.147419  	93.079196 
3589.504726  	93.207269 
3589.862032  	94.354268 
3590.219339  	94.811289 
3590.576646  	94.625706 
3590.933953  	94.326387 
3591.291260  	94.381057 
3591.648567  	94.736911 
3592.005874  	95.202773 
3592.363180  	95.565662 
3592.720487  	95.295487 
3593.077794  	94.828722 
3593.435101  	94.479297 
3593.792408  	94.071260 
3594.149715  	94.731392 
3594.507022  	95.639561 
3594.864328  	95.390955 
3595.221635  	95.001810 
3595.578942  	94.537386 
3595.936249  	93.785458 
3596.293556  	94.264880 
3596.650863  	95.198307 
3597.008170  	95.488913 
3597.365476  	95.739571 
3597.722783  	95.909053 
3598.080090  	95.347496 
3598.437397  	94.735712 
3598.794704  	94.685374 
3599.152011  	94.592387 
3599.509318  	94.524772 
3599.866624  	94.635435 
3600.223931  	94.865719 
3600.581238  	95.325062 
3600.938545  	95.237342 
3601.295852  	94.381013 
3601.653159  	93.839047 
3602.010466  	94.126914 
3602.367773  	94.690669 
3602.725079  	95.023757 
3603.082386  	95.053398 
3603.439693  	94.862308 
3603.797000  	94.790806 
3604.154307  	94.943326 
3604.511614  	94.940924 
3604.868921  	94.790983 
3605.226227  	94.747719 
3605.583534  	94.979750 
3605.940841  	95.368336 
3606.298148  	95.616382 
3606.655455  	95.923460 
3607.012762  	95.969165 
3607.370069  	94.626229 
3607.727375  	93.318433 
3608.084682  	94.348759 
3608.441989  	95.966370 
3608.799296  	96.447822 
3609.156603  	95.879934 
3609.513910  	94.075017 
3609.871217  	92.549030 
3610.228523  	93.208438 
3610.585830  	94.316243 
3610.943137  	94.895780 
3611.300444  	95.184632 
3611.657751  	95.694420 
3612.015058  	96.250742 
3612.372365  	95.941805 
3612.729671  	94.811458 
3613.086978  	93.628930 
3613.444285  	93.938514 
3613.801592  	95.197996 
3614.158899  	95.561435 
3614.516206  	95.407534 
3614.873513  	95.078937 
3615.230820  	94.314909 
3615.588126  	94.093060 
3615.945433  	94.493463 
3616.302740  	94.983229 
3616.660047  	95.452497 
3617.017354  	95.960740 
3617.374661  	96.052914 
3617.731968  	94.990712 
3618.089274  	94.019119 
3618.446581  	94.430241 
3618.803888  	95.301570 
3619.161195  	96.008111 
3619.518502  	95.658196 
3619.875809  	94.089461 
3620.233116  	93.643393 
3620.590422  	94.354790 
3620.947729  	94.346306 
3621.305036  	93.864837 
3621.662343  	93.608590 
3622.019650  	94.020218 
3622.376957  	94.827772 
3622.734264  	95.143705 
3623.091570  	94.822921 
3623.448877  	94.637145 
3623.806184  	94.754952 
3624.163491  	94.763920 
3624.520798  	94.711872 
3624.878105  	94.849905 
3625.235412  	95.291639 
3625.592718  	95.561731 
3625.950025  	95.108596 
3626.307332  	94.396620 
3626.664639  	94.363320 
3627.021946  	95.354325 
3627.379253  	96.229289 
3627.736560  	96.425616 
3628.093867  	96.941554 
3628.451173  	97.024264 
3628.808480  	95.447170 
3629.165787  	94.200528 
3629.523094  	93.632035 
3629.880401  	92.317932 
3630.237708  	91.394679 
3630.595015  	92.328841 
3630.952321  	93.381286 
3631.309628  	93.809800 
3631.666935  	94.307414 
3632.024242  	94.575130 
3632.381549  	94.629727 
3632.738856  	95.082833 
3633.096163  	95.617602 
3633.453469  	95.653329 
3633.810776  	94.683506 
3634.168083  	93.579827 
3634.525390  	93.362908 
3634.882697  	93.702446 
3635.240004  	94.425222 
3635.597311  	94.820977 
3635.954617  	94.678224 
3636.311924  	94.533197 
3636.669231  	94.357208 
3637.026538  	94.488040 
3637.383845  	94.758353 
3637.741152  	94.727578 
3638.098459  	94.543421 
3638.455765  	94.302219 
3638.813072  	94.312839 
3639.170379  	94.330498 
3639.527686  	94.272751 
3639.884993  	94.456522 
3640.242300  	94.533717 
3640.599607  	94.534675 
3640.956914  	94.802406 
3641.314220  	95.280459 
3641.671527  	95.618995 
3642.028834  	95.474384 
3642.386141  	95.162391 
3642.743448  	95.151285 
3643.100755  	95.389069 
3643.458062  	95.458564 
3643.815368  	95.348736 
3644.172675  	95.517481 
3644.529982  	95.668852 
3644.887289  	95.378666 
3645.244596  	95.366637 
3645.601903  	95.975237 
3645.959210  	96.600291 
3646.316516  	97.145212 
3646.673823  	97.134742 
3647.031130  	96.132330 
3647.388437  	95.095452 
3647.745744  	94.133603 
3648.103051  	94.591461 
3648.460358  	96.580849 
3648.817664  	96.961560 
3649.174971  	95.933179 
3649.532278  	95.104724 
3649.889585  	94.084513 
3650.246892  	93.891149 
3650.604199  	94.838715 
3650.961506  	94.597773 
3651.318812  	92.662142 
3651.676119  	91.996992 
3652.033426  	92.621607 
3652.390733  	93.442572 
3652.748040  	94.318546 
3653.105347  	94.660757 
3653.462654  	94.702431 
3653.819961  	94.790250 
3654.177267  	94.728244 
3654.534574  	94.725472 
3654.891881  	95.111065 
3655.249188  	96.080420 
3655.606495  	96.576211 
3655.963802  	95.816812 
3656.321109  	94.719413 
3656.678415  	93.331426 
3657.035722  	92.526240 
3657.393029  	93.026887 
3657.750336  	93.682407 
3658.107643  	94.284820 
3658.464950  	94.765042 
3658.822257  	95.019240 
3659.179563  	94.936663 
3659.536870  	94.692732 
3659.894177  	94.802441 
3660.251484  	95.039948 
3660.608791  	94.952746 
3660.966098  	94.768926 
3661.323405  	94.962071 
3661.680711  	95.069047 
3662.038018  	94.715112 
3662.395325  	94.672855 
3662.752632  	95.022206 
3663.109939  	95.254535 
3663.467246  	95.211089 
3663.824553  	95.144305 
3664.181859  	95.250699 
3664.539166  	95.032909 
3664.896473  	94.969894 
3665.253780  	95.553708 
3665.611087  	95.795869 
3665.968394  	95.693413 
3666.325701  	95.718280 
3666.683008  	95.314046 
3667.040314  	94.992804 
3667.397621  	95.716545 
3667.754928  	96.512280 
3668.112235  	96.831747 
3668.469542  	97.224619 
3668.826849  	96.503487 
3669.184156  	94.972427 
3669.541462  	95.305209 
3669.898769  	97.004145 
3670.256076  	98.082220 
3670.613383  	97.108266 
3670.970690  	94.051010 
3671.327997  	91.656078 
3671.685304  	92.187862 
3672.042610  	94.226002 
3672.399917  	95.402087 
3672.757224  	95.419544 
3673.114531  	95.331824 
3673.471838  	95.514380 
3673.829145  	96.158056 
3674.186452  	96.924170 
3674.543758  	97.267969 
3674.901065  	97.285349 
3675.258372  	96.244179 
3675.615679  	94.225946 
3675.972986  	92.932696 
3676.330293  	92.270252 
3676.687600  	92.151896 
3677.044906  	92.785582 
3677.402213  	93.581764 
3677.759520  	93.983436 
3678.116827  	94.172623 
3678.474134  	94.867353 
3678.831441  	95.554049 
3679.188748  	95.489392 
3679.546054  	94.850610 
3679.903361  	93.935211 
3680.260668  	93.541052 
3680.617975  	93.812619 
3680.975282  	94.207601 
3681.332589  	94.727616 
3681.689896  	94.856994 
3682.047203  	94.678143 
3682.404509  	94.725213 
3682.761816  	94.741189 
3683.119123  	94.887234 
3683.476430  	95.066836 
3683.833737  	95.074659 
3684.191044  	95.212855 
3684.548351  	95.231260 
3684.905657  	94.987215 
3685.262964  	94.571757 
3685.620271  	94.545968 
3685.977578  	94.945819 
3686.334885  	94.986373 
3686.692192  	95.321674 
3687.049499  	96.004151 
3687.406805  	96.471302 
3687.764112  	97.134751 
3688.121419  	96.976792 
3688.478726  	95.604489 
3688.836033  	93.706119 
3689.193340  	92.459631 
3689.550647  	93.605986 
3689.907953  	94.934697 
3690.265260  	95.606936 
3690.622567  	95.844475 
3690.979874  	95.126071 
3691.337181  	94.131387 
3691.694488  	92.857381 
3692.051795  	92.154706 
3692.409101  	93.395654 
3692.766408  	94.599087 
3693.123715  	95.059438 
3693.481022  	95.181660 
3693.838329  	94.919597 
3694.195636  	94.771830 
3694.552943  	94.823163 
3694.910250  	94.694404 
3695.267556  	94.586513 
3695.624863  	94.704706 
3695.982170  	94.827370 
3696.339477  	94.641760 
3696.696784  	94.293217 
3697.054091  	94.105533 
3697.411398  	94.086030 
3697.768704  	94.195498 
3698.126011  	94.429250 
3698.483318  	94.562390 
3698.840625  	94.563513 
3699.197932  	94.768419 
3699.555239  	94.932457 
3699.912546  	94.808104 
3700.269852  	95.086658 
3700.627159  	95.855341 
3700.984466  	96.148304 
3701.341773  	95.575616 
3701.699080  	94.610220 
3702.056387  	93.636481 
3702.413694  	93.132602 
3702.771000  	93.590178 
3703.128307  	94.167918 
3703.485614  	94.543040 
3703.842921  	95.045780 
3704.200228  	95.328716 
3704.557535  	95.320239 
3704.914842  	95.370962 
3705.272148  	95.243782 
3705.629455  	95.096282 
3705.986762  	95.167107 
3706.344069  	95.216941 
3706.701376  	95.274506 
3707.058683  	95.084540 
3707.415990  	94.788357 
3707.773297  	95.076782 
3708.130603  	95.537866 
3708.487910  	95.748398 
3708.845217  	95.972919 
3709.202524  	95.776198 
3709.559831  	94.643535 
3709.917138  	93.416767 
3710.274445  	93.503147 
3710.631751  	94.691352 
3710.989058  	95.881414 
3711.346365  	96.347181 
3711.703672  	96.093626 
3712.060979  	95.399509 
3712.418286  	93.392667 
3712.775593  	91.302090 
3713.132899  	91.934424 
3713.490206  	93.485892 
3713.847513  	94.491717 
3714.204820  	94.829928 
3714.562127  	94.697512 
3714.919434  	94.475689 
3715.276741  	94.350379 
3715.634047  	94.452490 
3715.991354  	94.512840 
3716.348661  	94.339529 
3716.705968  	94.127407 
3717.063275  	94.186378 
3717.420582  	94.705423 
3717.777889  	95.001547 
3718.135195  	94.875957 
3718.492502  	95.120769 
3718.849809  	95.277803 
3719.207116  	94.500518 
3719.564423  	93.749622 
3719.921730  	94.026613 
3720.279037  	94.505217 
3720.636344  	94.838660 
3720.993650  	95.422680 
3721.350957  	95.963676 
3721.708264  	96.319911 
3722.065571  	96.065387 
3722.422878  	94.604864 
3722.780185  	93.215638 
3723.137492  	93.256531 
3723.494798  	94.167451 
3723.852105  	94.879390 
3724.209412  	95.163523 
3724.566719  	95.446005 
3724.924026  	95.284381 
3725.281333  	94.649660 
3725.638640  	94.419463 
3725.995946  	94.818653 
3726.353253  	95.414784 
3726.710560  	95.007491 
3727.067867  	93.796050 
3727.425174  	93.449023 
3727.782481  	93.668038 
3728.139788  	94.093831 
3728.497094  	94.733206 
3728.854401  	94.738095 
3729.211708  	94.459252 
3729.569015  	94.668561 
3729.926322  	94.763804 
3730.283629  	94.841722 
3730.640936  	95.607683 
3730.998242  	96.176184 
3731.355549  	96.134684 
3731.712856  	96.397504 
3732.070163  	96.277205 
3732.427470  	94.397912 
3732.784777  	92.744086 
3733.142084  	93.250488 
3733.499391  	94.205743 
3733.856697  	95.174101 
3734.214004  	96.115692 
3734.571311  	96.149144 
3734.928618  	95.206318 
3735.285925  	93.813000 
3735.643232  	93.046862 
3736.000539  	93.218464 
3736.357845  	93.662696 
3736.715152  	94.288597 
3737.072459  	93.757291 
3737.429766  	92.600838 
3737.787073  	93.461132 
3738.144380  	94.707559 
3738.501687  	94.780434 
3738.858993  	94.264696 
3739.216300  	93.910592 
3739.573607  	93.975019 
3739.930914  	94.360951 
3740.288221  	94.833937 
3740.645528  	95.088912 
3741.002835  	94.936815 
3741.360141  	94.314223 
3741.717448  	93.752887 
3742.074755  	93.980048 
3742.432062  	94.598226 
3742.789369  	95.178392 
3743.146676  	95.910858 
3743.503983  	97.008794 
3743.861289  	98.047660 
3744.218596  	97.399648 
3744.575903  	93.402697 
3744.933210  	88.450145 
3745.290517  	87.915591 
3745.647824  	90.010835 
3746.005131  	92.631900 
3746.362438  	94.548573 
3746.719744  	95.061219 
3747.077051  	94.577161 
3747.434358  	94.286334 
3747.791665  	94.568303 
3748.148972  	95.330351 
3748.506279  	96.203351 
3748.863586  	96.664358 
3749.220892  	96.219249 
3749.578199  	93.938073 
3749.935506  	91.012111 
3750.292813  	90.943047 
3750.650120  	92.834129 
3751.007427  	94.777260 
3751.364734  	96.130993 
3751.722040  	96.713453 
3752.079347  	95.998367 
3752.436654  	92.938146 
3752.793961  	89.919784 
3753.151268  	90.548728 
3753.508575  	92.326858 
3753.865882  	93.294133 
3754.223188  	93.497967 
3754.580495  	93.350452 
3754.937802  	93.519931 
3755.295109  	94.019966 
3755.652416  	94.514667 
3756.009723  	94.779655 
3756.367030  	94.557269 
3756.724336  	93.945434 
3757.081643  	93.006832 
3757.438950  	92.483069 
3757.796257  	93.195544 
3758.153564  	94.214897 
3758.510871  	94.852659 
3758.868178  	94.947213 
3759.225484  	94.457117 
3759.582791  	93.874648 
3759.940098  	93.248251 
3760.297405  	92.518972 
3760.654712  	92.526575 
3761.012019  	93.312936 
3761.369326  	94.005023 
3761.726633  	94.066853 
3762.083939  	93.835231 
3762.441246  	93.877721 
3762.798553  	93.784527 
3763.155860  	93.511665 
3763.513167  	93.847437 
3763.870474  	94.381242 
3764.227781  	94.452869 
3764.585087  	94.674561 
3764.942394  	95.022416 
3765.299701  	94.744983 
3765.657008  	94.247691 
3766.014315  	93.847676 
3766.371622  	92.994512 
3766.728929  	92.560077 
3767.086235  	93.111412 
3767.443542  	93.622014 
3767.800849  	93.798693 
3768.158156  	94.122550 
3768.515463  	94.607423 
3768.872770  	95.058529 
3769.230077  	95.482759 
3769.587383  	95.537594 
3769.944690  	94.264089 
3770.301997  	92.086810 
3770.659304  	91.574970 
3771.016611  	92.770467 
3771.373918  	93.610658 
3771.731225  	93.860364 
3772.088531  	93.922146 
3772.445838  	93.798645 
3772.803145  	93.644706 
3773.160452  	93.755178 
3773.517759  	93.991382 
3773.875066  	94.207705 
3774.232373  	94.243345 
3774.589680  	94.122248 
3774.946986  	94.125462 
3775.304293  	94.025817 
3775.661600  	93.880728 
3776.018907  	94.028023 
3776.376214  	94.244637 
3776.733521  	94.191779 
3777.090828  	93.916425 
3777.448134  	93.900698 
3777.805441  	94.041060 
3778.162748  	94.242205 
3778.520055  	94.770745 
3778.877362  	95.029013 
3779.234669  	95.007744 
3779.591976  	94.605663 
3779.949282  	93.079322 
3780.306589  	92.097695 
3780.663896  	92.619764 
3781.021203  	93.421165 
3781.378510  	93.866048 
3781.735817  	93.912171 
3782.093124  	93.883168 
3782.450430  	93.800582 
3782.807737  	93.836861 
3783.165044  	94.011274 
3783.522351  	94.073766 
3783.879658  	94.304297 
3784.236965  	94.401594 
3784.594272  	94.075498 
3784.951578  	93.812903 
3785.308885  	93.615266 
3785.666192  	93.583017 
3786.023499  	93.838766 
3786.380806  	93.876812 
3786.738113  	93.707742 
3787.095420  	93.914506 
3787.452727  	94.167542 
3787.810033  	93.896772 
3788.167340  	93.750082 
3788.524647  	94.000991 
3788.881954  	93.956920 
3789.239261  	93.841334 
3789.596568  	93.928956 
3789.953875  	93.704929 
3790.311181  	93.660868 
3790.668488  	94.049827 
3791.025795  	94.038686 
3791.383102  	93.870803 
3791.740409  	93.940634 
3792.097716  	94.016257 
3792.455023  	93.984488 
3792.812329  	93.851127 
3793.169636  	93.942337 
3793.526943  	93.867765 
3793.884250  	93.603323 
3794.241557  	93.806005 
3794.598864  	93.944335 
3794.956171  	94.214214 
3795.313477  	94.928065 
3795.670784  	95.119014 
3796.028091  	94.860399 
3796.385398  	94.548742 
3796.742705  	93.865923 
3797.100012  	93.148641 
3797.457319  	93.323129 
3797.814625  	93.874466 
3798.171932  	93.745741 
3798.529239  	93.490827 
3798.886546  	93.817135 
3799.243853  	94.164207 
3799.601160  	94.248218 
3799.958467  	94.515723 
3800.315774  	95.348246 
3800.673080  	96.210934 
3801.030387  	96.455984 
3801.387694  	95.328524 
3801.745001  	92.184157 
3802.102308  	90.146890 
3802.459615  	91.242680 
3802.816922  	92.769140 
3803.174228  	93.130845 
3803.531535  	92.611970 
3803.888842  	92.647638 
3804.246149  	93.276931 
3804.603456  	93.594752 
3804.960763  	93.743691 
3805.318070  	94.197319 
3805.675376  	94.831809 
3806.032683  	95.420746 
3806.389990  	95.778561 
3806.747297  	95.092950 
3807.104604  	93.105178 
3807.461911  	90.672846 
3807.819218  	89.909869 
3808.176524  	91.537371 
3808.533831  	93.011712 
3808.891138  	93.509632 
3809.248445  	93.685018 
3809.605752  	93.588207 
3809.963059  	93.742131 
3810.320366  	94.138114 
3810.677672  	94.010276 
3811.034979  	93.768210 
3811.392286  	93.634412 
3811.749593  	93.474767 
3812.106900  	93.396877 
3812.464207  	93.402723 
3812.821514  	93.612312 
3813.178821  	93.742492 
3813.536127  	93.570185 
3813.893434  	93.489472 
3814.250741  	93.772218 
3814.608048  	94.499010 
3814.965355  	95.633815 
3815.322662  	96.502115 
3815.679969  	96.207055 
3816.037275  	94.772280 
3816.394582  	92.153756 
3816.751889  	89.718481 
3817.109196  	90.348431 
3817.466503  	92.217221 
3817.823810  	93.370505 
3818.181117  	93.775223 
3818.538423  	94.040767 
3818.895730  	94.357353 
3819.253037  	94.352834 
3819.610344  	94.624378 
3819.967651  	95.445703 
3820.324958  	95.741000 
3820.682265  	95.460473 
3821.039571  	94.340690 
3821.396878  	92.352867 
3821.754185  	91.630514 
3822.111492  	90.978353 
3822.468799  	90.334525 
3822.826106  	91.433635 
3823.183413  	92.698886 
3823.540719  	92.977816 
3823.898026  	92.871311 
3824.255333  	93.289928 
3824.612640  	93.833691 
3824.969947  	93.676653 
3825.327254  	93.603778 
3825.684561  	93.999210 
3826.041868  	94.038484 
3826.399174  	93.732892 
3826.756481  	93.431138 
3827.113788  	92.771648 
3827.471095  	92.019699 
3827.828402  	92.201510 
3828.185709  	92.961209 
3828.543016  	93.352426 
3828.900322  	93.257411 
3829.257629  	93.308213 
3829.614936  	93.696629 
3829.972243  	93.795182 
3830.329550  	93.953657 
3830.686857  	94.669519 
3831.044164  	94.900463 
3831.401470  	94.452501 
3831.758777  	93.680236 
3832.116084  	92.137551 
3832.473391  	91.495718 
3832.830698  	92.517341 
3833.188005  	93.498153 
3833.545312  	94.236783 
3833.902618  	94.816218 
3834.259925  	94.867567 
3834.617232  	94.936784 
3834.974539  	94.690603 
3835.331846  	92.905827 
3835.689153  	91.506857 
3836.046460  	92.158956 
3836.403766  	93.541000 
3836.761073  	94.898054 
3837.118380  	95.587066 
3837.475687  	95.613340 
3837.832994  	94.576155 
3838.190301  	91.117822 
3838.547608  	89.144456 
3838.904914  	91.215348 
3839.262221  	93.461452 
3839.619528  	94.424741 
3839.976835  	94.454930 
3840.334142  	93.823945 
3840.691449  	92.964550 
3841.048756  	92.668775 
3841.406063  	92.405636 
3841.763369  	92.042592 
3842.120676  	92.703618 
3842.477983  	93.788760 
3842.835290  	94.307257 
3843.192597  	94.268810 
3843.549904  	93.897905 
3843.907211  	93.066050 
3844.264517  	91.940716 
3844.621824  	91.553154 
3844.979131  	92.119788 
3845.336438  	92.772545 
3845.693745  	93.199236 
3846.051052  	93.485168 
3846.408359  	93.314651 
3846.765665  	93.050788 
3847.122972  	93.332586 
3847.480279  	93.504077 
3847.837586  	93.621683 
3848.194893  	94.000147 
3848.552200  	93.989262 
3848.909507  	93.917645 
3849.266813  	93.944359 
3849.624120  	93.802571 
3849.981427  	93.821838 
3850.338734  	93.824444 
3850.696041  	94.104390 
3851.053348  	95.053081 
3851.410655  	95.971505 
3851.767961  	95.946855 
3852.125268  	94.556995 
3852.482575  	92.473764 
3852.839882  	92.189349 
3853.197189  	94.662257 
3853.554496  	96.698683 
3853.911803  	96.429785 
3854.269110  	93.622000 
3854.626416  	88.950737 
3854.983723  	87.628846 
3855.341030  	89.567054 
3855.698337  	92.005276 
3856.055644  	93.721283 
3856.412951  	94.314216 
3856.770258  	94.397344 
3857.127564  	94.121429 
3857.484871  	92.983577 
3857.842178  	92.142700 
3858.199485  	92.493308 
3858.556792  	93.114858 
3858.914099  	93.148864 
3859.271406  	92.868774 
3859.628712  	92.979664 
3859.986019  	93.161199 
3860.343326  	93.331739 
3860.700633  	93.761653 
3861.057940  	94.015898 
3861.415247  	94.107259 
3861.772554  	93.825244 
3862.129860  	92.610542 
3862.487167  	91.743843 
3862.844474  	92.401874 
3863.201781  	93.382503 
3863.559088  	93.924700 
3863.916395  	94.588325 
3864.273702  	95.384573 
3864.631008  	95.020377 
3864.988315  	93.708754 
3865.345622  	92.662108 
3865.702929  	91.538202 
3866.060236  	91.298356 
3866.417543  	92.143080 
3866.774850  	92.870211 
3867.132157  	93.343630 
3867.489463  	93.410068 
3867.846770  	93.439927 
3868.204077  	94.169915 
3868.561384  	95.035944 
3868.918691  	95.598032 
3869.275998  	95.452445 
3869.633305  	93.909718 
3869.990611  	92.191437 
3870.347918  	91.090077 
3870.705225  	90.115220 
3871.062532  	90.655011 
3871.419839  	92.150579 
3871.777146  	92.765946 
3872.134453  	92.610064 
3872.491759  	92.916053 
3872.849066  	93.588363 
3873.206373  	94.102452 
3873.563680  	94.718228 
3873.920987  	94.731223 
3874.278294  	93.589330 
3874.635601  	92.086029 
3874.992907  	91.055317 
3875.350214  	91.539367 
3875.707521  	92.678283 
3876.064828  	93.099229 
3876.422135  	93.114584 
3876.779442  	92.990527 
3877.136749  	92.809333 
3877.494055  	92.954186 
3877.851362  	93.150458 
3878.208669  	93.184732 
3878.565976  	93.202696 
3878.923283  	93.508815 
3879.280590  	94.226422 
3879.637897  	94.740125 
3879.995204  	94.666204 
3880.352510  	93.790563 
3880.709817  	92.052949 
3881.067124  	90.890121 
3881.424431  	90.986790 
3881.781738  	91.802933 
3882.139045  	92.686500 
3882.496352  	92.929135 
3882.853658  	92.942542 
3883.210965  	93.001264 
3883.568272  	92.667692 
3883.925579  	92.424310 
3884.282886  	92.912052 
3884.640193  	93.759533 
3884.997500  	94.630236 
3885.354806  	94.795366 
3885.712113  	93.493403 
3886.069420  	91.443650 
3886.426727  	89.694451 
3886.784034  	89.754048 
3887.141341  	91.281047 
3887.498648  	92.197683 
3887.855954  	92.237663 
3888.213261  	92.400148 
3888.570568  	92.631248 
3888.927875  	92.559198 
3889.285182  	92.539216 
3889.642489  	92.893544 
3889.999796  	93.458628 
3890.357102  	94.064019 
3890.714409  	94.515711 
3891.071716  	94.270330 
3891.429023  	92.656928 
3891.786330  	90.488977 
3892.143637  	90.466259 
3892.500944  	91.641572 
3892.858251  	91.955250 
3893.215557  	92.063298 
3893.572864  	92.291923 
3893.930171  	92.495520 
3894.287478  	92.384274 
3894.644785  	91.895766 
3895.002092  	92.063235 
3895.359399  	92.663381 
3895.716705  	92.859126 
3896.074012  	92.819798 
3896.431319  	92.659149 
3896.788626  	92.538808 
3897.145933  	92.628681 
3897.503240  	92.920588 
3897.860547  	93.207024 
3898.217853  	93.525951 
3898.575160  	94.025435 
3898.932467  	94.116838 
3899.289774  	93.585122 
3899.647081  	92.094332 
3900.004388  	90.324418 
3900.361695  	90.951293 
3900.719001  	92.758650 
3901.076308  	93.946522 
3901.433615  	94.375997 
3901.790922  	93.743870 
3902.148229  	92.133527 
3902.505536  	90.809892 
3902.862843  	91.345609 
3903.220149  	92.791770 
3903.577456  	93.709969 
3903.934763  	93.885936 
3904.292070  	93.059215 
3904.649377  	90.995632 
3905.006684  	89.703920 
3905.363991  	90.841698 
3905.721298  	92.266053 
3906.078604  	92.362857 
3906.435911  	91.678412 
3906.793218  	91.295372 
3907.150525  	91.464658 
3907.507832  	91.806319 
3907.865139  	91.993628 
3908.222446  	92.014183 
3908.579752  	92.027787 
3908.937059  	92.349927 
3909.294366  	92.645190 
3909.651673  	92.375331 
3910.008980  	92.140695 
3910.366287  	92.289612 
3910.723594  	92.330233 
3911.080900  	92.333744 
3911.438207  	92.449819 
3911.795514  	92.459471 
3912.152821  	92.541002 
3912.510128  	92.574437 
3912.867435  	92.299257 
3913.224742  	92.383314 
3913.582048  	92.848494 
3913.939355  	92.872237 
3914.296662  	92.718460 
3914.653969  	92.864067 
3915.011276  	92.992296 
3915.368583  	93.045553 
3915.725890  	93.136723 
3916.083196  	93.108473 
3916.440503  	93.184545 
3916.797810  	93.449101 
3917.155117  	93.296946 
3917.512424  	92.462203 
3917.869731  	91.482244 
3918.227038  	91.558652 
3918.584344  	92.525432 
3918.941651  	92.929189 
3919.298958  	92.935696 
3919.656265  	93.285346 
3920.013572  	93.334457 
3920.370879  	92.375024 
3920.728186  	91.311439 
3921.085493  	91.482591 
3921.442799  	92.259157 
3921.800106  	92.608137 
3922.157413  	92.685950 
3922.514720  	92.714423 
3922.872027  	92.617677 
3923.229334  	92.696408 
3923.586641  	92.969692 
3923.943947  	92.914503 
3924.301254  	92.785546 
3924.658561  	92.892407 
3925.015868  	92.668075 
3925.373175  	91.989169 
3925.730482  	91.392168 
3926.087789  	91.550741 
3926.445095  	92.241854 
3926.802402  	92.722618 
3927.159709  	92.876755 
3927.517016  	92.719183 
3927.874323  	92.578043 
3928.231630  	92.541169 
3928.588937  	92.529613 
3928.946243  	92.883371 
3929.303550  	93.076461 
3929.660857  	92.972949 
3930.018164  	92.969770 
3930.375471  	92.765336 
3930.732778  	92.744880 
3931.090085  	92.956484 
3931.447391  	93.137042 
3931.804698  	93.432277 
3932.162005  	93.428268 
3932.519312  	92.963612 
3932.876619  	92.128599 
3933.233926  	91.561112 
3933.591233  	91.972832 
3933.948540  	92.526298 
3934.305846  	92.610463 
3934.663153  	92.630905 
3935.020460  	92.867736 
3935.377767  	92.815868 
3935.735074  	92.393772 
3936.092381  	92.368272 
3936.449688  	92.631583 
3936.806994  	92.761811 
3937.164301  	92.877426 
3937.521608  	92.763516 
3937.878915  	92.590574 
3938.236222  	92.637088 
3938.593529  	92.639912 
3938.950836  	92.668174 
3939.308142  	92.636240 
3939.665449  	92.452930 
3940.022756  	92.531975 
3940.380063  	92.698297 
3940.737370  	92.799943 
3941.094677  	93.111773 
3941.451984  	93.354124 
3941.809290  	93.454187 
3942.166597  	93.449126 
3942.523904  	93.057065 
3942.881211  	92.449404 
3943.238518  	91.771523 
3943.595825  	91.577452 
3943.953132  	92.178300 
3944.310438  	92.577668 
3944.667745  	92.638875 
3945.025052  	92.889838 
3945.382359  	92.938139 
3945.739666  	92.626625 
3946.096973  	92.466813 
3946.454280  	92.517596 
3946.811587  	92.659832 
3947.168893  	92.734721 
3947.526200  	92.469940 
3947.883507  	92.073204 
3948.240814  	91.943654 
3948.598121  	92.317517 
3948.955428  	92.795822 
3949.312735  	92.788253 
3949.670041  	92.749799 
3950.027348  	92.761250 
3950.384655  	92.303898 
3950.741962  	91.813121 
3951.099269  	91.797176 
3951.456576  	92.216841 
3951.813883  	92.642959 
3952.171189  	92.751579 
3952.528496  	92.733333 
3952.885803  	92.675867 
3953.243110  	92.539251 
3953.600417  	92.286315 
3953.957724  	92.392412 
3954.315031  	92.823809 
3954.672337  	92.697756 
3955.029644  	92.483610 
3955.386951  	92.572328 
3955.744258  	92.565490 
3956.101565  	92.698599 
3956.458872  	92.878477 
3956.816179  	92.929741 
3957.173485  	92.675332 
3957.530792  	92.194238 
3957.888099  	92.316291 
3958.245406  	92.755964 
3958.602713  	92.663220 
3958.960020  	92.269400 
3959.317327  	92.277539 
3959.674634  	92.625782 
3960.031940  	92.548776 
3960.389247  	92.135511 
3960.746554  	92.142249 
3961.103861  	92.531572 
3961.461168  	92.627736 
3961.818475  	92.417705 
3962.175782  	92.253127 
3962.533088  	91.970995 
3962.890395  	91.931569 
3963.247702  	92.302290 
3963.605009  	92.574048 
3963.962316  	92.613942 
3964.319623  	92.438103 
3964.676930  	92.396326 
3965.034236  	92.507412 
3965.391543  	92.534436 
3965.748850  	92.616966 
3966.106157  	92.400220 
3966.463464  	92.167914 
3966.820771  	92.297390 
3967.178078  	92.285250 
3967.535384  	92.305804 
3967.892691  	92.259700 
3968.249998  	91.995553 
3968.607305  	92.185439 
3968.964612  	92.515176 
3969.321919  	92.390254 
3969.679226  	92.158537 
3970.036532  	92.165472 
3970.393839  	92.334332 
3970.751146  	92.364535 
3971.108453  	92.282107 
3971.465760  	92.384644 
3971.823067  	92.495265 
3972.180374  	92.434299 
3972.537681  	92.404410 
3972.894987  	92.349992 
3973.252294  	92.351339 
3973.609601  	92.619093 
3973.966908  	92.853271 
3974.324215  	92.835658 
3974.681522  	92.722636 
3975.038829  	92.825142 
3975.396135  	92.903276 
3975.753442  	92.488504 
3976.110749  	92.290361 
3976.468056  	92.526734 
3976.825363  	92.380802 
3977.182670  	92.087513 
3977.539977  	92.044090 
3977.897283  	92.057612 
3978.254590  	92.171946 
3978.611897  	92.373026 
3978.969204  	92.414683 
3979.326511  	92.235057 
3979.683818  	92.145773 
3980.041125  	92.298882 
3980.398431  	92.412784 
3980.755738  	92.454099 
3981.113045  	92.655198 
3981.470352  	92.904522 
3981.827659  	93.013258 
3982.184966  	92.995118 
3982.542273  	92.825469 
3982.899579  	92.616643 
3983.256886  	92.436584 
3983.614193  	92.299152 
3983.971500  	92.449618 
3984.328807  	92.615578 
3984.686114  	92.456791 
3985.043421  	92.303513 
3985.400728  	92.220587 
3985.758034  	92.240951 
3986.115341  	92.596958 
3986.472648  	92.807677 
3986.829955  	92.484753 
3987.187262  	92.315666 
3987.544569  	92.629236 
3987.901876  	92.744699 
3988.259182  	92.517373 
3988.616489  	92.489139 
3988.973796  	92.820590 
3989.331103  	93.051014 
3989.688410  	92.798526 
3990.045717  	92.596892 
3990.403024  	92.892243 
3990.760330  	93.125804 
3991.117637  	92.829761 
3991.474944  	92.476473 
3991.832251  	92.541554 
3992.189558  	92.633973 
3992.546865  	92.600291 
3992.904172  	92.605301 
3993.261478  	92.615136 
3993.618785  	92.819032 
3993.976092  	92.875127 
3994.333399  	92.718007 
3994.690706  	92.908782 
3995.048013  	93.032625 
3995.405320  	92.890585 
3995.762626  	92.660809 
3996.119933  	92.359161 
3996.477240  	92.511839 
3996.834547  	92.662664 
3997.191854  	92.329188 
3997.549161  	92.317272 
3997.906468  	92.604164 
3998.263775  	92.679096 
3998.621081  	92.639386 
3998.978388  	92.566070 
3999.335695  	92.574794 
3999.693002  	92.571866 
4000.050309  	92.542786 