##TITLE=N18_2-fluorobenzaldehyde_5
##DATA TYPE=INFRARED SPECTRUM
##XUNITS=1/CM
##YUNITS=%T
399.826377  	93.653730 
400.183684  	88.405066 
400.540991  	89.526846 
400.898298  	91.953932 
401.255605  	90.986818 
401.612912  	90.496749 
401.970219  	89.650695 
402.327525  	90.125938 
402.684832  	90.566232 
403.042139  	88.163328 
403.399446  	86.844931 
403.756753  	90.699937 
404.114060  	94.188102 
404.471367  	90.298398 
404.828674  	86.777733 
405.185980  	87.078481 
405.543287  	87.526749 
405.900594  	90.056489 
406.257901  	90.922228 
406.615208  	86.732008 
406.972515  	85.068041 
407.329822  	88.334240 
407.687128  	90.312773 
408.044435  	89.372570 
408.401742  	89.021564 
408.759049  	87.285484 
409.116356  	84.903127 
409.473663  	85.260999 
409.830970  	84.306081 
410.188276  	82.352461 
410.545583  	83.015028 
410.902890  	82.870905 
411.260197  	82.260043 
411.617504  	83.505309 
411.974811  	84.092370 
412.332118  	84.010864 
412.689424  	81.818050 
413.046731  	77.138540 
413.404038  	77.655165 
413.761345  	81.786401 
414.118652  	81.786203 
414.475959  	80.469606 
414.833266  	81.637531 
415.190572  	81.189005 
415.547879  	76.885685 
415.905186  	75.105874 
416.262493  	77.383875 
416.619800  	78.607792 
416.977107  	80.693056 
417.334414  	85.275390 
417.691720  	86.471082 
418.049027  	82.655830 
418.406334  	81.210179 
418.763641  	81.259376 
419.120948  	81.287760 
419.478255  	83.976094 
419.835562  	88.468992 
420.192869  	89.712169 
420.550175  	88.178821 
420.907482  	87.327387 
421.264789  	86.441795 
421.622096  	84.653300 
421.979403  	84.924137 
422.336710  	87.193677 
422.694017  	90.749744 
423.051323  	93.520838 
423.408630  	87.525195 
423.765937  	86.936178 
424.123244  	89.873608 
424.480551  	89.560076 
424.837858  	88.055101 
425.195165  	88.257719 
425.552471  	92.628955 
425.909778  	93.299302 
426.267085  	89.176428 
426.624392  	88.890176 
426.981699  	88.608759 
427.339006  	88.246014 
427.696313  	91.365642 
428.053619  	91.656730 
428.410926  	90.813970 
428.768233  	90.311979 
429.125540  	89.560124 
429.482847  	89.463919 
429.840154  	87.971617 
430.197461  	87.712074 
430.554767  	88.274322 
430.912074  	86.153898 
431.269381  	83.569139 
431.626688  	83.376694 
431.983995  	83.945855 
432.341302  	83.690862 
432.698609  	83.861485 
433.055916  	84.898902 
433.413222  	84.974949 
433.770529  	82.700561 
434.127836  	80.325402 
434.485143  	81.342071 
434.842450  	80.952857 
435.199757  	78.294052 
435.557064  	78.585970 
435.914370  	77.260214 
436.271677  	72.190628 
436.628984  	69.879101 
436.986291  	71.533740 
437.343598  	71.970761 
437.700905  	71.413900 
438.058212  	70.807893 
438.415518  	67.140148 
438.772825  	62.835042 
439.130132  	62.687446 
439.487439  	63.302586 
439.844746  	62.114386 
440.202053  	61.601368 
440.559360  	61.269195 
440.916666  	59.104210 
441.273973  	58.127744 
441.631280  	59.711529 
441.988587  	61.260857 
442.345894  	63.119665 
442.703201  	66.261186 
443.060508  	68.833198 
443.417814  	69.854537 
443.775121  	69.706263 
444.132428  	70.008616 
444.489735  	71.889940 
444.847042  	74.473135 
445.204349  	75.288159 
445.561656  	76.091860 
445.918963  	78.544621 
446.276269  	80.768381 
446.633576  	82.741770 
446.990883  	83.920988 
447.348190  	84.258816 
447.705497  	85.428636 
448.062804  	86.432834 
448.420111  	86.657204 
448.777417  	86.666592 
449.134724  	85.894304 
449.492031  	85.284413 
449.849338  	86.805748 
450.206645  	88.609459 
450.563952  	88.516947 
450.921259  	88.754886 
451.278565  	89.345373 
451.635872  	88.490415 
451.993179  	87.607301 
452.350486  	88.525468 
452.707793  	92.107249 
453.065100  	94.754323 
453.422407  	92.776272 
453.779713  	91.657356 
454.137020  	91.958693 
454.494327  	93.119672 
454.851634  	94.820448 
455.208941  	93.573248 
455.566248  	92.381418 
455.923555  	93.345566 
456.280861  	92.584552 
456.638168  	91.740587 
456.995475  	91.252177 
457.352782  	91.460720 
457.710089  	95.451466 
458.067396  	93.332546 
458.424703  	91.733185 
458.782010  	93.757976 
459.139316  	95.812463 
459.496623  	96.434434 
459.853930  	93.611817 
460.211237  	91.781777 
460.568544  	93.541427 
460.925851  	94.088941 
461.283158  	92.552011 
461.640464  	90.628772 
461.997771  	92.248890 
462.355078  	93.562512 
462.712385  	91.042991 
463.069692  	92.094528 
463.426999  	94.419266 
463.784306  	92.744914 
464.141612  	92.808274 
464.498919  	93.632632 
464.856226  	92.162510 
465.213533  	91.058697 
465.570840  	91.889815 
465.928147  	92.962158 
466.285454  	93.110117 
466.642760  	93.849441 
467.000067  	93.729726 
467.357374  	92.077193 
467.714681  	92.303196 
468.071988  	94.553049 
468.429295  	95.498180 
468.786602  	95.358329 
469.143908  	94.499851 
469.501215  	92.726228 
469.858522  	92.560746 
470.215829  	94.112770 
470.573136  	92.748742 
470.930443  	90.308300 
471.287750  	92.207925 
471.645057  	94.689628 
472.002363  	94.374049 
472.359670  	95.440392 
472.716977  	96.717249 
473.074284  	95.378676 
473.431591  	94.930443 
473.788898  	93.729437 
474.146205  	92.640245 
474.503511  	91.930829 
474.860818  	90.988389 
475.218125  	92.581513 
475.575432  	93.536408 
475.932739  	93.194103 
476.290046  	95.035810 
476.647353  	95.888290 
477.004659  	94.265253 
477.361966  	92.522159 
477.719273  	92.866320 
478.076580  	94.134664 
478.433887  	93.559454 
478.791194  	93.202399 
479.148501  	93.238154 
479.505807  	92.322313 
479.863114  	92.476838 
480.220421  	93.614625 
480.577728  	93.550938 
480.935035  	93.218370 
481.292342  	93.593355 
481.649649  	93.585160 
482.006955  	94.615072 
482.364262  	95.085306 
482.721569  	92.377689 
483.078876  	90.537496 
483.436183  	90.746640 
483.793490  	91.783015 
484.150797  	93.467603 
484.508104  	92.943898 
484.865410  	92.566151 
485.222717  	93.944102 
485.580024  	93.440759 
485.937331  	91.666291 
486.294638  	92.383157 
486.651945  	92.805193 
487.009252  	92.745190 
487.366558  	93.919148 
487.723865  	92.578726 
488.081172  	91.819864 
488.438479  	93.354532 
488.795786  	92.282956 
489.153093  	90.913266 
489.510400  	90.837658 
489.867706  	91.170423 
490.225013  	91.085629 
490.582320  	89.168150 
490.939627  	88.995161 
491.296934  	90.858605 
491.654241  	92.614489 
492.011548  	92.580649 
492.368854  	89.810850 
492.726161  	89.019314 
493.083468  	90.141866 
493.440775  	90.088484 
493.798082  	88.680081 
494.155389  	87.482320 
494.512696  	88.455095 
494.870002  	89.147938 
495.227309  	88.341314 
495.584616  	87.691775 
495.941923  	86.959552 
496.299230  	87.365703 
496.656537  	88.445917 
497.013844  	87.405115 
497.371151  	85.570795 
497.728457  	84.438180 
498.085764  	83.505644 
498.443071  	83.598924 
498.800378  	82.697480 
499.157685  	80.149638 
499.514992  	80.045522 
499.872299  	79.986189 
500.229605  	77.574917 
500.586912  	76.421563 
500.944219  	75.787382 
501.301526  	74.840649 
501.658833  	73.858583 
502.016140  	71.419496 
502.373447  	67.984847 
502.730753  	64.804808 
503.088060  	61.891415 
503.445367  	59.588458 
503.802674  	56.783205 
504.159981  	52.180339 
504.517288  	48.156183 
504.874595  	45.605444 
505.231901  	42.514667 
505.589208  	39.121815 
505.946515  	36.417748 
506.303822  	35.839901 
506.661129  	37.418100 
507.018436  	40.296783 
507.375743  	43.849352 
507.733049  	47.718568 
508.090356  	52.617880 
508.447663  	57.087968 
508.804970  	60.555028 
509.162277  	64.978059 
509.519584  	70.124672 
509.876891  	73.839338 
510.234197  	76.423807 
510.591504  	79.575206 
510.948811  	81.396405 
511.306118  	82.131782 
511.663425  	83.877608 
512.020732  	85.097299 
512.378039  	86.186973 
512.735346  	87.385997 
513.092652  	87.315149 
513.449959  	87.488500 
513.807266  	87.468775 
514.164573  	87.588094 
514.521880  	88.603984 
514.879187  	88.264156 
515.236494  	88.608157 
515.593800  	90.572976 
515.951107  	91.071283 
516.308414  	89.826624 
516.665721  	87.953619 
517.023028  	87.666728 
517.380335  	88.543448 
517.737642  	88.247850 
518.094948  	87.088084 
518.452255  	86.309454 
518.809562  	86.337490 
519.166869  	85.929094 
519.524176  	84.965764 
519.881483  	84.726403 
520.238790  	83.415309 
520.596096  	82.138863 
520.953403  	82.538819 
521.310710  	82.127978 
521.668017  	80.816469 
522.025324  	79.783116 
522.382631  	78.021863 
522.739938  	77.136670 
523.097244  	78.065243 
523.454551  	79.027279 
523.811858  	79.127706 
524.169165  	78.125147 
524.526472  	77.780399 
524.883779  	79.136096 
525.241086  	80.138842 
525.598393  	80.618412 
525.955699  	81.082578 
526.313006  	82.118747 
526.670313  	84.163604 
527.027620  	85.050514 
527.384927  	84.469863 
527.742234  	84.265418 
528.099541  	84.870778 
528.456847  	85.334567 
528.814154  	84.894771 
529.171461  	84.304156 
529.528768  	83.601029 
529.886075  	83.548628 
530.243382  	84.304010 
530.600689  	84.269997 
530.957995  	83.987825 
531.315302  	83.537901 
531.672609  	82.718963 
532.029916  	81.816583 
532.387223  	80.895883 
532.744530  	81.140807 
533.101837  	81.780853 
533.459143  	81.162999 
533.816450  	79.763602 
534.173757  	79.058502 
534.531064  	79.095704 
534.888371  	78.613910 
535.245678  	77.724717 
535.602985  	76.589785 
535.960291  	76.140121 
536.317598  	76.141633 
536.674905  	75.178126 
537.032212  	74.864153 
537.389519  	74.942874 
537.746826  	74.625051 
538.104133  	74.320325 
538.461440  	72.986833 
538.818746  	71.759901 
539.176053  	71.729146 
539.533360  	72.407340 
539.890667  	72.506102 
540.247974  	71.507334 
540.605281  	71.478572 
540.962588  	71.783219 
541.319894  	71.238574 
541.677201  	71.333324 
542.034508  	72.765136 
542.391815  	74.652695 
542.749122  	75.251473 
543.106429  	75.413054 
543.463736  	76.148110 
543.821042  	76.992700 
544.178349  	78.603558 
544.535656  	79.378411 
544.892963  	79.297304 
545.250270  	80.830970 
545.607577  	82.174069 
545.964884  	82.674255 
546.322190  	83.855173 
546.679497  	84.271877 
547.036804  	84.615526 
547.394111  	85.889334 
547.751418  	86.686212 
548.108725  	87.036342 
548.466032  	86.403360 
548.823338  	85.951747 
549.180645  	87.921194 
549.537952  	89.040986 
549.895259  	88.869922 
550.252566  	90.102364 
550.609873  	90.516182 
550.967180  	90.368723 
551.324487  	90.763835 
551.681793  	90.379458 
552.039100  	90.631702 
552.396407  	91.869254 
552.753714  	91.770715 
553.111021  	91.082588 
553.468328  	91.534905 
553.825635  	92.393149 
554.182941  	93.126749 
554.540248  	93.247063 
554.897555  	92.267082 
555.254862  	91.230533 
555.612169  	90.854277 
555.969476  	91.383579 
556.326783  	91.760805 
556.684089  	91.356755 
557.041396  	91.398014 
557.398703  	91.473444 
557.756010  	91.193770 
558.113317  	90.454991 
558.470624  	89.081476 
558.827931  	88.983168 
559.185237  	89.597078 
559.542544  	89.044779 
559.899851  	88.869491 
560.257158  	89.100073 
560.614465  	88.359952 
560.971772  	88.615320 
561.329079  	89.778499 
561.686385  	89.621841 
562.043692  	89.767245 
562.400999  	90.520757 
562.758306  	90.913263 
563.115613  	91.353688 
563.472920  	91.301073 
563.830227  	92.166758 
564.187534  	93.206724 
564.544840  	92.838357 
564.902147  	93.281737 
565.259454  	93.786082 
565.616761  	93.981874 
565.974068  	94.764755 
566.331375  	95.000274 
566.688682  	95.044219 
567.045988  	94.410694 
567.403295  	93.577554 
567.760602  	94.279485 
568.117909  	95.072710 
568.475216  	95.141588 
568.832523  	95.191851 
569.189830  	95.866085 
569.547136  	96.369035 
569.904443  	95.773317 
570.261750  	95.474542 
570.619057  	95.926501 
570.976364  	96.010451 
571.333671  	95.517732 
571.690978  	95.197278 
572.048284  	95.185142 
572.405591  	95.143132 
572.762898  	95.549726 
573.120205  	96.311643 
573.477512  	96.336702 
573.834819  	96.012830 
574.192126  	96.539824 
574.549432  	96.924764 
574.906739  	96.128827 
575.264046  	95.207786 
575.621353  	95.096966 
575.978660  	95.741869 
576.335967  	95.859890 
576.693274  	95.401817 
577.050581  	95.560388 
577.407887  	96.069916 
577.765194  	96.356788 
578.122501  	96.129544 
578.479808  	96.544163 
578.837115  	97.056173 
579.194422  	95.807287 
579.551729  	95.467463 
579.909035  	96.531670 
580.266342  	96.968572 
580.623649  	96.770773 
580.980956  	95.721471 
581.338263  	95.737663 
581.695570  	96.699906 
582.052877  	96.807841 
582.410183  	96.969020 
582.767490  	97.015962 
583.124797  	96.697676 
583.482104  	96.426009 
583.839411  	96.693952 
584.196718  	97.332150 
584.554025  	96.699070 
584.911331  	95.860017 
585.268638  	95.852776 
585.625945  	95.614190 
585.983252  	95.728047 
586.340559  	96.636334 
586.697866  	96.924791 
587.055173  	96.111273 
587.412479  	96.239005 
587.769786  	97.116526 
588.127093  	96.730695 
588.484400  	95.991137 
588.841707  	95.854844 
589.199014  	96.288066 
589.556321  	96.770268 
589.913627  	96.576073 
590.270934  	96.140415 
590.628241  	95.911622 
590.985548  	96.282657 
591.342855  	96.593711 
591.700162  	96.045568 
592.057469  	95.683480 
592.414776  	96.159022 
592.772082  	96.687233 
593.129389  	96.509870 
593.486696  	96.634953 
593.844003  	97.335563 
594.201310  	96.985081 
594.558617  	96.094070 
594.915924  	95.659679 
595.273230  	95.963042 
595.630537  	96.467329 
595.987844  	96.028142 
596.345151  	95.772808 
596.702458  	96.256464 
597.059765  	96.465760 
597.417072  	96.479484 
597.774378  	96.242935 
598.131685  	95.805981 
598.488992  	95.756917 
598.846299  	95.855140 
599.203606  	95.517500 
599.560913  	95.141786 
599.918220  	95.571041 
600.275526  	96.462851 
600.632833  	96.720243 
600.990140  	96.571663 
601.347447  	96.409052 
601.704754  	96.229491 
602.062061  	96.151652 
602.419368  	95.892434 
602.776674  	95.749932 
603.133981  	95.611755 
603.491288  	94.876599 
603.848595  	95.076138 
604.205902  	95.579982 
604.563209  	94.957824 
604.920516  	95.129767 
605.277823  	95.442580 
605.635129  	95.226198 
605.992436  	95.319287 
606.349743  	94.599747 
606.707050  	94.207920 
607.064357  	94.774843 
607.421664  	94.943059 
607.778971  	94.611028 
608.136277  	93.794650 
608.493584  	93.876554 
608.850891  	94.857059 
609.208198  	94.846885 
609.565505  	94.429564 
609.922812  	94.075365 
610.280119  	93.539174 
610.637425  	93.235465 
610.994732  	93.297128 
611.352039  	93.387146 
611.709346  	92.839984 
612.066653  	92.284355 
612.423960  	92.397565 
612.781267  	92.335199 
613.138573  	92.145160 
613.495880  	92.274689 
613.853187  	92.130428 
614.210494  	91.565276 
614.567801  	90.990188 
614.925108  	90.707013 
615.282415  	90.803046 
615.639721  	90.729782 
615.997028  	90.311471 
616.354335  	90.012236 
616.711642  	89.792191 
617.068949  	89.472374 
617.426256  	88.958214 
617.783563  	88.245618 
618.140870  	87.215574 
618.498176  	86.125081 
618.855483  	85.945872 
619.212790  	85.999169 
619.570097  	85.476270 
619.927404  	85.418249 
620.284711  	85.059303 
620.642018  	83.706648 
620.999324  	82.617236 
621.356631  	81.585782 
621.713938  	80.287602 
622.071245  	79.130507 
622.428552  	77.637320 
622.785859  	75.946699 
623.143166  	74.864975 
623.500472  	73.904071 
623.857779  	72.351539 
624.215086  	70.397471 
624.572393  	68.191984 
624.929700  	66.136426 
625.287007  	64.267038 
625.644314  	62.215561 
626.001620  	60.128375 
626.358927  	57.328065 
626.716234  	54.168919 
627.073541  	51.967322 
627.430848  	49.832360 
627.788155  	47.180858 
628.145462  	44.563950 
628.502768  	42.146467 
628.860075  	40.167675 
629.217382  	38.727095 
629.574689  	37.753984 
629.931996  	37.319424 
630.289303  	37.605324 
630.646610  	38.224773 
631.003917  	39.249020 
631.361223  	40.955513 
631.718530  	42.798361 
632.075837  	45.288854 
632.433144  	48.519407 
632.790451  	51.404115 
633.147758  	53.886062 
633.505065  	56.454756 
633.862371  	59.208996 
634.219678  	61.650713 
634.576985  	63.874440 
634.934292  	66.264097 
635.291599  	68.242118 
635.648906  	70.002404 
636.006213  	71.983301 
636.363519  	73.775481 
636.720826  	75.135308 
637.078133  	76.291231 
637.435440  	77.659217 
637.792747  	78.465274 
638.150054  	78.843555 
638.507361  	80.221592 
638.864667  	81.513084 
639.221974  	82.002736 
639.579281  	82.704979 
639.936588  	83.620067 
640.293895  	84.303967 
640.651202  	84.644714 
641.008509  	85.171384 
641.365815  	85.832844 
641.723122  	86.071025 
642.080429  	86.554658 
642.437736  	87.175029 
642.795043  	87.634100 
643.152350  	88.113559 
643.509657  	88.222453 
643.866964  	88.687700 
644.224270  	89.695646 
644.581577  	89.695225 
644.938884  	89.018740 
645.296191  	89.162925 
645.653498  	89.815257 
646.010805  	89.816468 
646.368112  	89.487924 
646.725418  	89.546047 
647.082725  	89.738821 
647.440032  	90.039193 
647.797339  	90.360145 
648.154646  	90.454570 
648.511953  	90.760075 
648.869260  	91.508006 
649.226566  	91.659706 
649.583873  	91.028168 
649.941180  	90.508378 
650.298487  	90.364979 
650.655794  	90.819518 
651.013101  	91.264090 
651.370408  	90.878983 
651.727714  	90.414347 
652.085021  	90.590264 
652.442328  	90.726612 
652.799635  	90.546030 
653.156942  	90.607329 
653.514249  	91.011578 
653.871556  	90.744483 
654.228862  	89.942328 
654.586169  	89.589101 
654.943476  	89.688308 
655.300783  	89.543681 
655.658090  	89.132105 
656.015397  	89.283477 
656.372704  	89.582301 
656.730011  	88.913444 
657.087317  	88.306944 
657.444624  	87.997010 
657.801931  	87.440066 
658.159238  	87.222158 
658.516545  	87.192381 
658.873852  	87.144821 
659.231159  	87.113647 
659.588465  	87.037304 
659.945772  	87.350620 
660.303079  	87.445204 
660.660386  	87.538730 
661.017693  	88.363557 
661.375000  	89.025888 
661.732307  	89.544714 
662.089613  	90.061034 
662.446920  	90.310744 
662.804227  	91.031697 
663.161534  	91.504588 
663.518841  	91.352723 
663.876148  	91.723393 
664.233455  	92.421866 
664.590761  	92.675178 
664.948068  	92.959764 
665.305375  	93.776513 
665.662682  	94.224809 
666.019989  	94.144074 
666.377296  	94.353886 
666.734603  	94.362119 
667.091909  	94.359684 
667.449216  	94.979351 
667.806523  	94.887036 
668.163830  	94.957990 
668.521137  	95.375826 
668.878444  	95.240996 
669.235751  	95.801924 
669.593057  	96.167442 
669.950364  	95.707960 
670.307671  	95.519453 
670.664978  	95.429249 
671.022285  	95.101042 
671.379592  	95.354546 
671.736899  	95.577094 
672.094206  	95.541872 
672.451512  	95.929435 
672.808819  	95.974600 
673.166126  	95.670358 
673.523433  	95.651723 
673.880740  	95.891463 
674.238047  	96.214625 
674.595354  	96.039378 
674.952660  	95.817431 
675.309967  	95.644280 
675.667274  	95.480105 
676.024581  	95.668893 
676.381888  	95.685472 
676.739195  	96.023054 
677.096502  	96.090384 
677.453808  	95.361288 
677.811115  	95.630222 
678.168422  	96.141431 
678.525729  	96.170449 
678.883036  	96.383850 
679.240343  	96.344029 
679.597650  	96.390246 
679.954956  	96.450471 
680.312263  	96.431088 
680.669570  	96.641743 
681.026877  	96.656655 
681.384184  	96.525562 
681.741491  	95.910369 
682.098798  	95.092324 
682.456104  	95.290418 
682.813411  	95.877579 
683.170718  	96.246534 
683.528025  	96.433470 
683.885332  	96.440173 
684.242639  	96.630018 
684.599946  	96.522790 
684.957253  	96.414219 
685.314559  	96.722630 
685.671866  	96.744932 
686.029173  	96.393455 
686.386480  	95.695556 
686.743787  	94.909707 
687.101094  	94.986884 
687.458401  	95.690842 
687.815707  	96.042134 
688.173014  	95.675214 
688.530321  	95.036540 
688.887628  	94.995637 
689.244935  	95.013243 
689.602242  	94.941293 
689.959549  	95.223423 
690.316855  	95.380857 
690.674162  	95.398724 
691.031469  	95.592811 
691.388776  	95.695208 
691.746083  	95.535948 
692.103390  	95.358009 
692.460697  	95.300969 
692.818003  	95.072468 
693.175310  	95.049503 
693.532617  	95.365748 
693.889924  	95.306982 
694.247231  	95.133223 
694.604538  	95.086197 
694.961845  	94.876131 
695.319151  	94.889648 
695.676458  	95.176794 
696.033765  	95.427226 
696.391072  	95.657491 
696.748379  	95.248303 
697.105686  	94.456349 
697.462993  	94.402017 
697.820300  	94.613643 
698.177606  	94.710449 
698.534913  	94.655934 
698.892220  	94.618017 
699.249527  	94.936118 
699.606834  	94.614689 
699.964141  	94.251275 
700.321448  	94.715498 
700.678754  	94.539549 
701.036061  	94.162636 
701.393368  	94.041142 
701.750675  	93.618162 
702.107982  	93.484580 
702.465289  	93.562918 
702.822596  	93.492418 
703.179902  	92.885193 
703.537209  	92.298665 
703.894516  	92.480288 
704.251823  	92.450463 
704.609130  	92.525687 
704.966437  	92.707429 
705.323744  	92.441688 
705.681050  	92.563007 
706.038357  	92.022457 
706.395664  	91.065123 
706.752971  	91.455090 
707.110278  	91.636221 
707.467585  	90.751075 
707.824892  	90.233587 
708.182198  	90.311742 
708.539505  	90.152650 
708.896812  	89.664206 
709.254119  	89.675194 
709.611426  	90.040063 
709.968733  	90.392621 
710.326040  	91.023955 
710.683347  	91.244679 
711.040653  	91.078824 
711.397960  	91.472048 
711.755267  	92.122497 
712.112574  	92.269006 
712.469881  	91.672220 
712.827188  	91.511494 
713.184495  	92.190799 
713.541801  	91.941360 
713.899108  	91.550710 
714.256415  	92.297344 
714.613722  	92.634718 
714.971029  	92.513443 
715.328336  	92.624953 
715.685643  	92.602299 
716.042949  	92.415962 
716.400256  	92.091340 
716.757563  	92.029362 
717.114870  	92.013087 
717.472177  	91.651160 
717.829484  	91.731360 
718.186791  	91.974413 
718.544097  	91.803789 
718.901404  	91.745251 
719.258711  	91.896200 
719.616018  	91.926713 
719.973325  	91.372292 
720.330632  	90.713814 
720.687939  	91.020449 
721.045245  	91.387998 
721.402552  	90.965301 
721.759859  	90.356757 
722.117166  	90.150943 
722.474473  	90.578367 
722.831780  	90.947584 
723.189087  	90.699516 
723.546394  	89.994012 
723.903700  	89.340622 
724.261007  	89.387006 
724.618314  	89.224972 
724.975621  	88.693154 
725.332928  	88.818550 
725.690235  	89.087696 
726.047542  	89.462738 
726.404848  	89.530102 
726.762155  	88.727346 
727.119462  	88.182659 
727.476769  	87.987115 
727.834076  	88.093752 
728.191383  	88.176766 
728.548690  	87.432560 
728.905996  	86.905713 
729.263303  	86.856952 
729.620610  	86.680909 
729.977917  	86.394567 
730.335224  	86.000188 
730.692531  	85.767606 
731.049838  	85.544611 
731.407144  	85.340995 
731.764451  	84.984548 
732.121758  	84.207649 
732.479065  	83.886957 
732.836372  	83.717309 
733.193679  	83.059787 
733.550986  	82.594553 
733.908292  	82.207451 
734.265599  	81.837827 
734.622906  	81.792798 
734.980213  	81.550906 
735.337520  	81.267381 
735.694827  	81.037528 
736.052134  	80.321668 
736.409441  	79.704795 
736.766747  	79.236178 
737.124054  	78.581003 
737.481361  	78.134217 
737.838668  	77.518521 
738.195975  	76.911372 
738.553282  	76.467973 
738.910589  	75.622039 
739.267895  	74.783982 
739.625202  	74.157122 
739.982509  	73.637894 
740.339816  	72.761531 
740.697123  	71.429357 
741.054430  	70.648182 
741.411737  	69.993406 
741.769043  	69.015873 
742.126350  	68.083846 
742.483657  	67.110331 
742.840964  	66.246696 
743.198271  	65.390316 
743.555578  	64.392086 
743.912885  	62.997189 
744.270191  	61.382924 
744.627498  	60.227719 
744.984805  	59.058833 
745.342112  	57.742029 
745.699419  	56.568002 
746.056726  	55.292102 
746.414033  	53.875305 
746.771339  	52.324615 
747.128646  	50.816795 
747.485953  	49.242848 
747.843260  	47.495674 
748.200567  	45.850042 
748.557874  	44.207090 
748.915181  	42.501541 
749.272488  	40.777657 
749.629794  	38.827579 
749.987101  	36.484757 
750.344408  	34.260026 
750.701715  	32.583861 
751.059022  	30.967183 
751.416329  	29.196729 
751.773636  	27.469950 
752.130942  	25.852162 
752.488249  	24.216980 
752.845556  	22.680435 
753.202863  	21.503329 
753.560170  	20.390072 
753.917477  	19.370560 
754.274784  	18.620307 
754.632090  	18.121910 
754.989397  	17.772578 
755.346704  	17.363865 
755.704011  	16.970564 
756.061318  	16.260193 
756.418625  	15.432695 
756.775932  	15.033021 
757.133238  	14.582044 
757.490545  	13.908347 
757.847852  	13.323757 
758.205159  	13.234868 
758.562466  	13.378923 
758.919773  	13.304502 
759.277080  	13.564201 
759.634386  	14.010476 
759.991693  	14.525297 
760.349000  	15.313460 
760.706307  	15.908088 
761.063614  	16.220623 
761.420921  	16.603082 
761.778228  	17.609797 
762.135534  	18.809641 
762.492841  	19.593938 
762.850148  	20.734093 
763.207455  	22.294583 
763.564762  	23.441997 
763.922069  	24.200766 
764.279376  	25.385418 
764.636683  	26.888751 
764.993989  	28.195583 
765.351296  	29.548472 
765.708603  	30.656563 
766.065910  	31.676616 
766.423217  	32.884161 
766.780524  	34.033460 
767.137831  	35.404333 
767.495137  	36.519748 
767.852444  	37.752781 
768.209751  	39.750119 
768.567058  	41.264909 
768.924365  	42.260936 
769.281672  	43.513094 
769.638979  	44.712803 
769.996285  	45.595521 
770.353592  	46.384844 
770.710899  	47.477087 
771.068206  	48.859305 
771.425513  	50.215344 
771.782820  	51.542303 
772.140127  	53.121412 
772.497433  	54.609880 
772.854740  	55.705238 
773.212047  	56.851311 
773.569354  	58.060462 
773.926661  	59.171800 
774.283968  	60.251545 
774.641275  	61.804172 
774.998581  	63.532499 
775.355888  	64.440851 
775.713195  	65.529445 
776.070502  	66.936360 
776.427809  	67.920157 
776.785116  	69.156124 
777.142423  	70.088105 
777.499730  	70.585159 
777.857036  	71.486625 
778.214343  	72.538661 
778.571650  	73.533619 
778.928957  	74.533589 
779.286264  	75.629458 
779.643571  	76.501085 
780.000878  	77.206884 
780.358184  	77.963220 
780.715491  	78.398883 
781.072798  	78.895296 
781.430105  	79.435840 
781.787412  	79.871519 
782.144719  	80.488517 
782.502026  	81.040332 
782.859332  	81.674151 
783.216639  	82.191238 
783.573946  	82.536762 
783.931253  	83.164210 
784.288560  	83.681563 
784.645867  	83.899699 
785.003174  	83.827105 
785.360480  	83.662355 
785.717787  	84.031446 
786.075094  	84.580046 
786.432401  	84.577403 
786.789708  	84.251895 
787.147015  	84.071428 
787.504322  	84.203873 
787.861628  	84.419575 
788.218935  	84.263535 
788.576242  	84.188288 
788.933549  	84.133060 
789.290856  	83.694662 
789.648163  	83.561854 
790.005470  	83.165438 
790.362777  	82.671721 
790.720083  	82.789053 
791.077390  	82.142343 
791.434697  	81.291441 
791.792004  	81.006995 
792.149311  	80.394429 
792.506618  	79.799365 
792.863925  	79.135910 
793.221231  	77.962773 
793.578538  	76.803088 
793.935845  	75.841792 
794.293152  	74.443566 
794.650459  	72.617198 
795.007766  	70.827707 
795.365073  	68.760171 
795.722379  	66.716612 
796.079686  	64.828336 
796.436993  	62.790583 
796.794300  	60.788090 
797.151607  	58.847953 
797.508914  	57.551180 
797.866221  	56.916428 
798.223527  	56.429187 
798.580834  	56.112372 
798.938141  	56.263530 
799.295448  	57.350827 
799.652755  	58.743089 
800.010062  	60.406288 
800.367369  	62.808855 
800.724675  	65.310085 
801.081982  	67.833699 
801.439289  	70.200273 
801.796596  	72.406274 
802.153903  	74.796312 
802.511210  	76.951954 
802.868517  	78.843221 
803.225824  	80.431804 
803.583130  	81.896410 
803.940437  	83.256005 
804.297744  	84.273452 
804.655051  	85.442766 
805.012358  	86.508210 
805.369665  	87.294066 
805.726972  	87.916607 
806.084278  	88.390033 
806.441585  	89.167658 
806.798892  	90.001541 
807.156199  	90.401620 
807.513506  	90.092473 
807.870813  	89.990473 
808.228120  	90.798910 
808.585426  	91.335483 
808.942733  	91.541977 
809.300040  	91.828322 
809.657347  	92.089719 
810.014654  	92.259902 
810.371961  	92.147777 
810.729268  	92.335651 
811.086574  	92.536407 
811.443881  	92.434188 
811.801188  	92.603888 
812.158495  	92.761289 
812.515802  	92.628673 
812.873109  	92.740205 
813.230416  	93.461320 
813.587722  	93.620612 
813.945029  	93.167234 
814.302336  	93.272368 
814.659643  	93.205315 
815.016950  	93.168720 
815.374257  	93.540929 
815.731564  	93.702080 
816.088871  	93.710610 
816.446177  	93.425370 
816.803484  	93.538134 
817.160791  	93.948600 
817.518098  	93.796078 
817.875405  	93.515401 
818.232712  	93.116437 
818.590019  	92.927847 
818.947325  	93.038150 
819.304632  	93.090584 
819.661939  	93.193739 
820.019246  	92.913292 
820.376553  	92.629599 
820.733860  	92.706571 
821.091167  	92.847549 
821.448473  	93.039114 
821.805780  	92.891523 
822.163087  	92.608972 
822.520394  	92.573587 
822.877701  	92.677657 
823.235008  	92.656962 
823.592315  	92.294687 
823.949621  	92.187787 
824.306928  	92.441387 
824.664235  	92.560597 
825.021542  	92.243240 
825.378849  	91.507788 
825.736156  	91.170368 
826.093463  	91.155012 
826.450769  	91.059028 
826.808076  	91.379843 
827.165383  	91.480067 
827.522690  	90.833871 
827.879997  	90.288401 
828.237304  	90.133753 
828.594611  	90.025106 
828.951918  	89.525327 
829.309224  	88.849497 
829.666531  	88.650431 
830.023838  	88.199188 
830.381145  	86.992740 
830.738452  	86.003205 
831.095759  	85.504661 
831.453066  	84.869087 
831.810372  	83.717408 
832.167679  	82.459352 
832.524986  	81.489549 
832.882293  	80.123899 
833.239600  	78.202823 
833.596907  	76.571826 
833.954214  	75.072187 
834.311520  	73.151749 
834.668827  	71.417687 
835.026134  	69.980035 
835.383441  	68.113654 
835.740748  	66.045006 
836.098055  	63.953016 
836.455362  	61.283177 
836.812668  	57.993106 
837.169975  	54.691472 
837.527282  	51.290647 
837.884589  	47.137940 
838.241896  	43.080493 
838.599203  	39.733852 
838.956510  	36.354073 
839.313816  	33.171694 
839.671123  	30.519965 
840.028430  	28.367564 
840.385737  	27.135881 
840.743044  	26.677346 
841.100351  	26.576962 
841.457658  	27.383932 
841.814964  	29.363911 
842.172271  	31.830045 
842.529578  	35.004259 
842.886885  	38.920612 
843.244192  	42.856543 
843.601499  	47.311468 
843.958806  	52.211614 
844.316113  	56.766601 
844.673419  	60.890585 
845.030726  	64.675968 
845.388033  	68.164796 
845.745340  	70.802507 
846.102647  	73.192280 
846.459954  	76.012353 
846.817261  	78.322871 
847.174567  	80.568835 
847.531874  	82.727957 
847.889181  	83.769979 
848.246488  	84.332971 
848.603795  	84.951656 
848.961102  	85.736672 
849.318409  	86.741357 
849.675715  	87.645574 
850.033022  	88.298124 
850.390329  	88.639602 
850.747636  	88.745733 
851.104943  	88.910998 
851.462250  	89.544539 
851.819557  	90.191278 
852.176863  	90.325774 
852.534170  	90.508712 
852.891477  	90.769444 
853.248784  	90.867208 
853.606091  	91.076673 
853.963398  	91.408647 
854.320705  	91.604344 
854.678011  	91.827262 
855.035318  	92.293642 
855.392625  	92.364822 
855.749932  	92.143032 
856.107239  	92.263100 
856.464546  	92.395354 
856.821853  	92.466781 
857.179160  	92.480446 
857.536466  	92.325289 
857.893773  	92.104446 
858.251080  	91.787442 
858.608387  	91.650378 
858.965694  	91.732480 
859.323001  	91.895008 
859.680308  	92.052971 
860.037614  	91.885744 
860.394921  	91.687815 
860.752228  	91.707810 
861.109535  	91.586917 
861.466842  	91.458606 
861.824149  	91.406210 
862.181456  	91.214204 
862.538762  	91.142838 
862.896069  	91.152451 
863.253376  	91.151219 
863.610683  	91.249641 
863.967990  	90.965197 
864.325297  	90.450920 
864.682604  	90.339446 
865.039910  	90.516372 
865.397217  	90.523952 
865.754524  	90.277447 
866.111831  	90.344308 
866.469138  	90.280291 
866.826445  	89.802505 
867.183752  	90.026877 
867.541058  	90.311219 
867.898365  	90.055332 
868.255672  	90.212038 
868.612979  	90.272503 
868.970286  	89.494319 
869.327593  	88.646501 
869.684900  	88.389511 
870.042207  	88.102355 
870.399513  	87.537669 
870.756820  	87.635706 
871.114127  	87.946982 
871.471434  	87.557506 
871.828741  	87.092511 
872.186048  	86.595381 
872.543355  	85.729070 
872.900661  	84.632474 
873.257968  	82.645378 
873.615275  	80.318078 
873.972582  	78.454375 
874.329889  	75.602998 
874.687196  	72.506377 
875.044503  	70.920540 
875.401809  	69.958224 
875.759116  	69.796777 
876.116423  	71.377333 
876.473730  	74.464946 
876.831037  	77.976841 
877.188344  	80.630000 
877.545651  	82.906138 
877.902957  	85.245467 
878.260264  	87.347454 
878.617571  	89.046083 
878.974878  	90.130843 
879.332185  	91.273353 
879.689492  	92.203885 
880.046799  	92.415799 
880.404105  	92.735955 
880.761412  	93.125632 
881.118719  	93.406302 
881.476026  	93.643874 
881.833333  	93.472095 
882.190640  	93.318623 
882.547947  	94.014680 
882.905254  	94.546937 
883.262560  	94.218629 
883.619867  	94.636349 
883.977174  	94.930941 
884.334481  	94.103470 
884.691788  	94.085087 
885.049095  	94.375763 
885.406402  	94.322215 
885.763708  	94.523653 
886.121015  	94.523709 
886.478322  	94.830088 
886.835629  	95.365313 
887.192936  	95.626044 
887.550243  	96.172079 
887.907550  	96.554539 
888.264856  	96.212471 
888.622163  	95.775682 
888.979470  	95.560901 
889.336777  	95.150912 
889.694084  	95.059402 
890.051391  	95.583666 
890.408698  	95.805805 
890.766004  	96.018580 
891.123311  	96.464108 
891.480618  	96.521236 
891.837925  	96.553365 
892.195232  	96.597528 
892.552539  	96.358090 
892.909846  	96.326936 
893.267152  	96.545058 
893.624459  	96.370567 
893.981766  	96.159768 
894.339073  	96.488077 
894.696380  	96.508034 
895.053687  	96.277447 
895.410994  	96.437311 
895.768301  	96.243370 
896.125607  	96.077627 
896.482914  	96.615537 
896.840221  	96.967746 
897.197528  	96.992647 
897.554835  	96.935024 
897.912142  	96.689466 
898.269449  	96.514089 
898.626755  	96.331308 
898.984062  	96.403952 
899.341369  	96.972253 
899.698676  	97.178731 
900.055983  	96.843523 
900.413290  	96.875283 
900.770597  	97.413787 
901.127903  	97.396020 
901.485210  	96.756646 
901.842517  	96.660467 
902.199824  	97.061352 
902.557131  	97.369615 
902.914438  	97.309770 
903.271745  	96.900646 
903.629051  	96.777207 
903.986358  	96.994844 
904.343665  	97.272982 
904.700972  	97.250945 
905.058279  	96.838146 
905.415586  	96.722286 
905.772893  	96.824790 
906.130199  	96.750258 
906.487506  	96.592211 
906.844813  	96.704974 
907.202120  	97.012701 
907.559427  	96.921631 
907.916734  	96.952483 
908.274041  	97.053076 
908.631348  	96.814059 
908.988654  	97.002546 
909.345961  	97.272157 
909.703268  	97.321418 
910.060575  	97.438912 
910.417882  	97.382968 
910.775189  	97.318208 
911.132496  	97.316244 
911.489802  	97.325017 
911.847109  	97.117305 
912.204416  	96.890814 
912.561723  	97.094197 
912.919030  	97.073993 
913.276337  	97.081837 
913.633644  	97.612090 
913.990950  	97.794707 
914.348257  	97.632308 
914.705564  	97.774775 
915.062871  	98.062233 
915.420178  	98.116784 
915.777485  	97.806631 
916.134792  	97.361142 
916.492098  	97.521289 
916.849405  	98.099086 
917.206712  	98.186213 
917.564019  	98.136406 
917.921326  	98.138011 
918.278633  	98.219293 
918.635940  	98.344409 
918.993246  	97.752360 
919.350553  	97.246802 
919.707860  	97.283204 
920.065167  	97.304465 
920.422474  	97.566077 
920.779781  	97.707083 
921.137088  	97.750377 
921.494394  	97.714181 
921.851701  	97.327542 
922.209008  	97.377843 
922.566315  	97.663747 
922.923622  	97.739974 
923.280929  	97.795433 
923.638236  	97.607820 
923.995543  	97.412292 
924.352849  	97.588431 
924.710156  	97.960616 
925.067463  	98.124774 
925.424770  	98.251982 
925.782077  	98.348284 
926.139384  	97.828157 
926.496691  	97.323828 
926.853997  	97.408485 
927.211304  	97.522966 
927.568611  	97.559848 
927.925918  	97.675510 
928.283225  	97.686137 
928.640532  	97.688979 
928.997839  	98.057497 
929.355145  	98.165872 
929.712452  	97.693232 
930.069759  	97.509938 
930.427066  	97.397639 
930.784373  	97.347707 
931.141680  	97.884457 
931.498987  	98.100928 
931.856293  	97.873198 
932.213600  	97.930345 
932.570907  	97.937244 
932.928214  	97.615431 
933.285521  	97.213181 
933.642828  	97.127341 
934.000135  	97.513599 
934.357441  	97.756666 
934.714748  	97.591772 
935.072055  	97.687258 
935.429362  	97.990858 
935.786669  	97.920974 
936.143976  	97.650095 
936.501283  	97.359987 
936.858590  	97.229108 
937.215896  	97.356664 
937.573203  	97.135890 
937.930510  	96.732651 
938.287817  	96.941380 
938.645124  	97.350363 
939.002431  	97.308442 
939.359738  	97.161755 
939.717044  	97.274013 
940.074351  	97.406025 
940.431658  	97.269011 
940.788965  	96.988479 
941.146272  	96.927995 
941.503579  	96.915018 
941.860886  	96.726211 
942.218192  	96.862218 
942.575499  	97.101150 
942.932806  	96.742296 
943.290113  	96.259575 
943.647420  	96.058350 
944.004727  	95.956513 
944.362034  	95.912134 
944.719340  	95.777313 
945.076647  	95.749688 
945.433954  	95.842678 
945.791261  	95.538403 
946.148568  	95.338941 
946.505875  	95.742153 
946.863182  	95.869773 
947.220488  	95.283601 
947.577795  	94.588698 
947.935102  	94.278437 
948.292409  	94.280837 
948.649716  	94.180573 
949.007023  	93.926109 
949.364330  	93.713741 
949.721637  	93.632742 
950.078943  	93.457612 
950.436250  	92.741915 
950.793557  	92.119695 
951.150864  	92.169409 
951.508171  	92.050517 
951.865478  	91.595731 
952.222785  	91.269677 
952.580091  	91.106936 
952.937398  	91.095637 
953.294705  	91.005595 
953.652012  	90.818641 
954.009319  	90.596783 
954.366626  	90.474240 
954.723933  	90.703394 
955.081239  	90.993451 
955.438546  	91.233348 
955.795853  	91.351388 
956.153160  	91.366622 
956.510467  	91.563041 
956.867774  	91.495954 
957.225081  	91.251450 
957.582387  	91.514664 
957.939694  	92.049443 
958.297001  	92.323281 
958.654308  	92.418266 
959.011615  	92.698645 
959.368922  	92.916406 
959.726229  	93.022101 
960.083535  	93.214072 
960.440842  	93.243697 
960.798149  	93.521827 
961.155456  	93.992137 
961.512763  	94.031147 
961.870070  	94.197520 
962.227377  	94.671201 
962.584684  	94.695198 
962.941990  	94.394789 
963.299297  	94.721645 
963.656604  	95.508250 
964.013911  	95.720978 
964.371218  	95.562331 
964.728525  	95.682331 
965.085832  	95.718310 
965.443138  	95.355436 
965.800445  	95.359358 
966.157752  	95.886756 
966.515059  	96.124354 
966.872366  	96.229647 
967.229673  	96.261885 
967.586980  	96.090875 
967.944286  	96.272049 
968.301593  	96.614856 
968.658900  	96.730667 
969.016207  	96.507502 
969.373514  	96.224106 
969.730821  	96.416207 
970.088128  	96.736533 
970.445434  	96.823083 
970.802741  	96.684074 
971.160048  	96.696759 
971.517355  	97.048658 
971.874662  	97.171414 
972.231969  	97.267011 
972.589276  	97.365999 
972.946582  	97.226520 
973.303889  	97.308208 
973.661196  	97.206230 
974.018503  	96.834715 
974.375810  	96.950213 
974.733117  	97.218115 
975.090424  	97.319947 
975.447731  	97.516011 
975.805037  	97.517377 
976.162344  	97.424865 
976.519651  	97.493022 
976.876958  	97.257674 
977.234265  	97.088541 
977.591572  	97.203908 
977.948879  	97.076122 
978.306185  	97.145477 
978.663492  	97.480665 
979.020799  	97.456438 
979.378106  	96.902173 
979.735413  	96.588757 
980.092720  	97.140569 
980.450027  	97.231958 
980.807333  	96.712927 
981.164640  	96.699027 
981.521947  	96.763814 
981.879254  	96.794787 
982.236561  	96.875643 
982.593868  	97.024709 
982.951175  	97.347977 
983.308481  	97.206800 
983.665788  	96.868398 
984.023095  	96.897090 
984.380402  	96.918303 
984.737709  	96.909514 
985.095016  	97.188471 
985.452323  	97.338635 
985.809629  	96.984061 
986.166936  	96.613321 
986.524243  	96.428912 
986.881550  	96.629419 
987.238857  	97.018096 
987.596164  	97.034716 
987.953471  	97.283883 
988.310778  	97.348913 
988.668084  	96.792128 
989.025391  	96.679315 
989.382698  	96.657847 
989.740005  	96.386672 
990.097312  	96.512377 
990.454619  	96.789299 
990.811926  	96.636748 
991.169232  	96.384809 
991.526539  	96.706546 
991.883846  	97.158942 
992.241153  	97.378666 
992.598460  	97.423327 
992.955767  	97.196289 
993.313074  	97.140988 
993.670380  	97.025925 
994.027687  	96.830166 
994.384994  	97.048288 
994.742301  	97.022264 
995.099608  	96.652920 
995.456915  	96.586107 
995.814222  	96.807650 
996.171528  	96.912941 
996.528835  	96.769536 
996.886142  	96.610331 
997.243449  	96.495523 
997.600756  	96.663375 
997.958063  	96.832822 
998.315370  	96.567075 
998.672676  	96.569054 
999.029983  	96.736446 
999.387290  	96.565555 
999.744597  	96.430089 
1000.101904  	96.254896 
1000.459211  	96.153690 
1000.816518  	96.300205 
1001.173824  	96.270181 
1001.531131  	96.072948 
1001.888438  	95.832233 
1002.245745  	95.577704 
1002.603052  	95.432828 
1002.960359  	95.347486 
1003.317666  	95.273499 
1003.674973  	95.071771 
1004.032279  	94.889603 
1004.389586  	94.935044 
1004.746893  	94.976979 
1005.104200  	95.084091 
1005.461507  	95.172194 
1005.818814  	95.137240 
1006.176121  	95.396407 
1006.533427  	95.649059 
1006.890734  	95.571155 
1007.248041  	95.617447 
1007.605348  	95.783527 
1007.962655  	95.752741 
1008.319962  	95.691107 
1008.677269  	95.824590 
1009.034575  	95.881385 
1009.391882  	95.746484 
1009.749189  	95.766482 
1010.106496  	96.032380 
1010.463803  	96.300045 
1010.821110  	96.363509 
1011.178417  	96.293672 
1011.535723  	96.089579 
1011.893030  	95.879274 
1012.250337  	96.075977 
1012.607644  	96.466665 
1012.964951  	96.699939 
1013.322258  	96.766757 
1013.679565  	96.763708 
1014.036871  	96.825787 
1014.394178  	96.802263 
1014.751485  	96.559452 
1015.108792  	96.170118 
1015.466099  	96.090492 
1015.823406  	96.393295 
1016.180713  	96.488898 
1016.538020  	96.387552 
1016.895326  	96.216356 
1017.252633  	96.353498 
1017.609940  	96.762125 
1017.967247  	96.698018 
1018.324554  	96.677876 
1018.681861  	96.697117 
1019.039168  	96.355522 
1019.396474  	96.061236 
1019.753781  	95.716588 
1020.111088  	95.720335 
1020.468395  	95.880681 
1020.825702  	95.723776 
1021.183009  	95.652221 
1021.540316  	95.286654 
1021.897622  	94.915961 
1022.254929  	94.879767 
1022.612236  	94.837885 
1022.969543  	95.056768 
1023.326850  	94.927336 
1023.684157  	94.356119 
1024.041464  	94.065173 
1024.398770  	93.664814 
1024.756077  	93.067276 
1025.113384  	92.561744 
1025.470691  	92.008059 
1025.827998  	91.311062 
1026.185305  	90.666779 
1026.542612  	90.330074 
1026.899918  	90.312314 
1027.257225  	90.578638 
1027.614532  	90.881033 
1027.971839  	91.185133 
1028.329146  	91.933488 
1028.686453  	92.797601 
1029.043760  	93.019464 
1029.401067  	93.035136 
1029.758373  	93.615361 
1030.115680  	94.412372 
1030.472987  	94.843607 
1030.830294  	94.707104 
1031.187601  	94.248039 
1031.544908  	94.211793 
1031.902215  	94.530000 
1032.259521  	94.634614 
1032.616828  	94.721967 
1032.974135  	94.898428 
1033.331442  	94.872759 
1033.688749  	94.883647 
1034.046056  	95.238364 
1034.403363  	95.603665 
1034.760669  	95.819631 
1035.117976  	95.919867 
1035.475283  	95.941841 
1035.832590  	96.246664 
1036.189897  	96.516174 
1036.547204  	96.455033 
1036.904511  	96.642415 
1037.261817  	96.912406 
1037.619124  	96.742431 
1037.976431  	96.615028 
1038.333738  	96.905654 
1038.691045  	97.042210 
1039.048352  	96.891322 
1039.405659  	96.971229 
1039.762965  	97.339296 
1040.120272  	97.726819 
1040.477579  	97.625465 
1040.834886  	97.296130 
1041.192193  	97.574561 
1041.549500  	97.708512 
1041.906807  	97.280918 
1042.264114  	97.207707 
1042.621420  	97.391017 
1042.978727  	97.422129 
1043.336034  	97.404430 
1043.693341  	97.374487 
1044.050648  	97.280778 
1044.407955  	97.038387 
1044.765262  	96.930846 
1045.122568  	96.914672 
1045.479875  	96.791640 
1045.837182  	97.056457 
1046.194489  	97.465448 
1046.551796  	97.569680 
1046.909103  	97.679664 
1047.266410  	97.731695 
1047.623716  	97.733021 
1047.981023  	97.698116 
1048.338330  	97.566702 
1048.695637  	97.454007 
1049.052944  	97.213937 
1049.410251  	97.050331 
1049.767558  	96.957524 
1050.124864  	97.063063 
1050.482171  	97.408332 
1050.839478  	97.154423 
1051.196785  	97.083421 
1051.554092  	97.477211 
1051.911399  	97.171097 
1052.268706  	97.079705 
1052.626012  	97.526310 
1052.983319  	97.579588 
1053.340626  	97.551918 
1053.697933  	97.770482 
1054.055240  	97.812853 
1054.412547  	97.468080 
1054.769854  	97.300180 
1055.127161  	97.267564 
1055.484467  	97.292104 
1055.841774  	97.691601 
1056.199081  	97.682242 
1056.556388  	97.340332 
1056.913695  	97.391816 
1057.271002  	97.670467 
1057.628309  	97.863783 
1057.985615  	97.567145 
1058.342922  	97.204325 
1058.700229  	97.280803 
1059.057536  	97.506233 
1059.414843  	97.564319 
1059.772150  	97.373919 
1060.129457  	97.421179 
1060.486763  	97.731011 
1060.844070  	97.750085 
1061.201377  	97.405644 
1061.558684  	97.138690 
1061.915991  	97.049772 
1062.273298  	96.793689 
1062.630605  	96.735505 
1062.987911  	96.720372 
1063.345218  	96.329948 
1063.702525  	96.203594 
1064.059832  	96.736983 
1064.417139  	97.484892 
1064.774446  	97.381403 
1065.131753  	96.969493 
1065.489059  	97.003168 
1065.846366  	96.820604 
1066.203673  	97.055569 
1066.560980  	97.337192 
1066.918287  	97.184310 
1067.275594  	97.442911 
1067.632901  	97.230331 
1067.990208  	96.612775 
1068.347514  	96.344501 
1068.704821  	96.439892 
1069.062128  	96.707255 
1069.419435  	96.349032 
1069.776742  	96.073468 
1070.134049  	96.010230 
1070.491356  	95.780884 
1070.848662  	95.989898 
1071.205969  	95.940929 
1071.563276  	95.857298 
1071.920583  	96.139610 
1072.277890  	96.175368 
1072.635197  	96.211895 
1072.992504  	95.914067 
1073.349810  	95.392076 
1073.707117  	95.181421 
1074.064424  	95.026107 
1074.421731  	95.040014 
1074.779038  	94.948682 
1075.136345  	94.652300 
1075.493652  	94.696763 
1075.850958  	94.786276 
1076.208265  	94.535766 
1076.565572  	94.079465 
1076.922879  	93.576594 
1077.280186  	93.351615 
1077.637493  	93.250430 
1077.994800  	93.153695 
1078.352106  	93.499037 
1078.709413  	93.583425 
1079.066720  	93.294819 
1079.424027  	93.407001 
1079.781334  	93.233525 
1080.138641  	93.114234 
1080.495948  	93.498800 
1080.853255  	93.313817 
1081.210561  	92.841506 
1081.567868  	92.713442 
1081.925175  	92.842853 
1082.282482  	93.015142 
1082.639789  	93.042361 
1082.997096  	93.042023 
1083.354403  	92.864538 
1083.711709  	92.815885 
1084.069016  	92.929642 
1084.426323  	92.706868 
1084.783630  	92.527468 
1085.140937  	92.385592 
1085.498244  	92.113684 
1085.855551  	91.793477 
1086.212857  	91.378231 
1086.570164  	91.471105 
1086.927471  	91.473188 
1087.284778  	90.409497 
1087.642085  	89.517955 
1087.999392  	89.195945 
1088.356699  	88.495641 
1088.714005  	87.858151 
1089.071312  	87.692890 
1089.428619  	87.225912 
1089.785926  	86.083085 
1090.143233  	85.126061 
1090.500540  	84.745533 
1090.857847  	83.914255 
1091.215153  	82.569778 
1091.572460  	81.201611 
1091.929767  	79.577753 
1092.287074  	78.109570 
1092.644381  	76.825769 
1093.001688  	75.282466 
1093.358995  	73.370219 
1093.716301  	70.972490 
1094.073608  	68.480789 
1094.430915  	65.978385 
1094.788222  	63.380451 
1095.145529  	60.908128 
1095.502836  	58.701611 
1095.860143  	56.963422 
1096.217450  	55.541745 
1096.574756  	54.927707 
1096.932063  	55.481564 
1097.289370  	56.701622 
1097.646677  	58.837727 
1098.003984  	61.705104 
1098.361291  	64.833834 
1098.718598  	67.950002 
1099.075904  	71.020252 
1099.433211  	74.297409 
1099.790518  	76.992421 
1100.147825  	79.300681 
1100.505132  	81.477280 
1100.862439  	83.064364 
1101.219746  	84.773792 
1101.577052  	86.173754 
1101.934359  	87.244150 
1102.291666  	88.734543 
1102.648973  	89.668834 
1103.006280  	90.142156 
1103.363587  	90.755245 
1103.720894  	91.097616 
1104.078200  	91.463534 
1104.435507  	91.958754 
1104.792814  	92.069887 
1105.150121  	92.076809 
1105.507428  	92.520665 
1105.864735  	93.055080 
1106.222042  	93.177936 
1106.579348  	92.879034 
1106.936655  	92.655188 
1107.293962  	92.685052 
1107.651269  	92.596633 
1108.008576  	92.723151 
1108.365883  	92.877860 
1108.723190  	92.628999 
1109.080497  	92.595255 
1109.437803  	92.423879 
1109.795110  	91.738553 
1110.152417  	91.282486 
1110.509724  	91.122953 
1110.867031  	90.681745 
1111.224338  	89.948306 
1111.581645  	89.338549 
1111.938951  	88.467802 
1112.296258  	87.240883 
1112.653565  	86.187697 
1113.010872  	85.209796 
1113.368179  	84.688394 
1113.725486  	84.612304 
1114.082793  	84.314574 
1114.440099  	84.355646 
1114.797406  	85.020950 
1115.154713  	86.060945 
1115.512020  	87.587425 
1115.869327  	88.887090 
1116.226634  	89.613109 
1116.583941  	90.324031 
1116.941247  	90.871926 
1117.298554  	91.402205 
1117.655861  	92.041971 
1118.013168  	92.330427 
1118.370475  	92.661949 
1118.727782  	92.998283 
1119.085089  	92.967025 
1119.442395  	93.012126 
1119.799702  	93.141786 
1120.157009  	93.223056 
1120.514316  	93.241277 
1120.871623  	93.260780 
1121.228930  	93.360304 
1121.586237  	93.290675 
1121.943544  	93.376102 
1122.300850  	93.487551 
1122.658157  	93.064503 
1123.015464  	92.671177 
1123.372771  	92.756264 
1123.730078  	93.027824 
1124.087385  	93.062620 
1124.444692  	92.669665 
1124.801998  	92.152838 
1125.159305  	92.183792 
1125.516612  	92.885748 
1125.873919  	93.148642 
1126.231226  	92.813739 
1126.588533  	92.891075 
1126.945840  	93.123248 
1127.303146  	93.096102 
1127.660453  	93.329191 
1128.017760  	93.584832 
1128.375067  	93.358955 
1128.732374  	93.323787 
1129.089681  	93.554583 
1129.446988  	93.453099 
1129.804294  	93.356750 
1130.161601  	93.201504 
1130.518908  	92.872323 
1130.876215  	92.804688 
1131.233522  	92.867336 
1131.590829  	93.085998 
1131.948136  	93.438663 
1132.305442  	93.437377 
1132.662749  	93.037763 
1133.020056  	92.676100 
1133.377363  	92.564099 
1133.734670  	92.490141 
1134.091977  	92.447472 
1134.449284  	92.461780 
1134.806591  	92.458540 
1135.163897  	92.376643 
1135.521204  	92.367367 
1135.878511  	92.676782 
1136.235818  	92.503646 
1136.593125  	91.802715 
1136.950432  	91.614646 
1137.307739  	91.718788 
1137.665045  	91.765802 
1138.022352  	91.648865 
1138.379659  	91.294616 
1138.736966  	91.052580 
1139.094273  	90.848018 
1139.451580  	90.739019 
1139.808887  	90.737905 
1140.166193  	90.527326 
1140.523500  	90.107507 
1140.880807  	89.670503 
1141.238114  	89.318290 
1141.595421  	88.626086 
1141.952728  	87.705847 
1142.310035  	87.052090 
1142.667341  	86.506516 
1143.024648  	86.173447 
1143.381955  	85.703982 
1143.739262  	84.807175 
1144.096569  	84.033659 
1144.453876  	83.069768 
1144.811183  	81.897038 
1145.168489  	80.984007 
1145.525796  	79.881950 
1145.883103  	78.656255 
1146.240410  	77.442150 
1146.597717  	75.832536 
1146.955024  	74.251936 
1147.312331  	72.896271 
1147.669638  	71.339458 
1148.026944  	69.660911 
1148.384251  	67.977350 
1148.741558  	66.343032 
1149.098865  	64.957430 
1149.456172  	63.993050 
1149.813479  	63.399733 
1150.170786  	62.950745 
1150.528092  	62.745288 
1150.885399  	62.740146 
1151.242706  	62.901101 
1151.600013  	63.253859 
1151.957320  	63.412369 
1152.314627  	63.743452 
1152.671934  	64.665363 
1153.029240  	65.691275 
1153.386547  	66.691657 
1153.743854  	67.855662 
1154.101161  	69.091612 
1154.458468  	70.416207 
1154.815775  	72.004341 
1155.173082  	73.476232 
1155.530388  	74.492408 
1155.887695  	75.585943 
1156.245002  	77.162514 
1156.602309  	78.978622 
1156.959616  	80.265958 
1157.316923  	80.791688 
1157.674230  	81.407924 
1158.031536  	82.511559 
1158.388843  	83.687104 
1158.746150  	84.574981 
1159.103457  	85.522324 
1159.460764  	86.523632 
1159.818071  	87.143143 
1160.175378  	87.912653 
1160.532685  	88.637808 
1160.889991  	88.812900 
1161.247298  	89.048608 
1161.604605  	89.394680 
1161.961912  	89.740239 
1162.319219  	90.081925 
1162.676526  	90.282309 
1163.033833  	90.592325 
1163.391139  	90.856653 
1163.748446  	90.903854 
1164.105753  	91.068156 
1164.463060  	91.323968 
1164.820367  	91.325799 
1165.177674  	91.326780 
1165.534981  	91.560674 
1165.892287  	91.545300 
1166.249594  	91.368804 
1166.606901  	91.489140 
1166.964208  	91.731637 
1167.321515  	91.698103 
1167.678822  	91.489081 
1168.036129  	91.410504 
1168.393435  	91.235562 
1168.750742  	91.154826 
1169.108049  	91.177771 
1169.465356  	90.831298 
1169.822663  	90.560324 
1170.179970  	90.451331 
1170.537277  	90.316262 
1170.894583  	90.149965 
1171.251890  	89.753031 
1171.609197  	89.511115 
1171.966504  	89.347288 
1172.323811  	89.014205 
1172.681118  	88.670863 
1173.038425  	88.207705 
1173.395731  	87.703843 
1173.753038  	87.289410 
1174.110345  	87.130323 
1174.467652  	86.825976 
1174.824959  	85.989572 
1175.182266  	85.282698 
1175.539573  	84.766067 
1175.896880  	84.170983 
1176.254186  	83.523215 
1176.611493  	82.755009 
1176.968800  	81.910175 
1177.326107  	80.970839 
1177.683414  	80.127380 
1178.040721  	79.356427 
1178.398028  	78.380394 
1178.755334  	77.078580 
1179.112641  	75.568226 
1179.469948  	74.213619 
1179.827255  	72.775001 
1180.184562  	71.143618 
1180.541869  	69.605357 
1180.899176  	68.111921 
1181.256482  	66.432803 
1181.613789  	64.291397 
1181.971096  	62.267099 
1182.328403  	60.608502 
1182.685710  	58.718552 
1183.043017  	56.919923 
1183.400324  	55.580112 
1183.757630  	54.527857 
1184.114937  	53.591735 
1184.472244  	52.776156 
1184.829551  	52.279891 
1185.186858  	52.126786 
1185.544165  	52.365354 
1185.901472  	52.778771 
1186.258778  	53.012566 
1186.616085  	53.283274 
1186.973392  	53.800043 
1187.330699  	54.302278 
1187.688006  	54.691337 
1188.045313  	55.213300 
1188.402620  	55.897783 
1188.759927  	56.675442 
1189.117233  	57.506970 
1189.474540  	58.309896 
1189.831847  	59.040940 
1190.189154  	59.745936 
1190.546461  	60.798003 
1190.903768  	62.117865 
1191.261075  	63.243755 
1191.618381  	64.275087 
1191.975688  	65.341648 
1192.332995  	66.464975 
1192.690302  	67.505551 
1193.047609  	68.333094 
1193.404916  	69.088777 
1193.762223  	69.777239 
1194.119529  	70.541309 
1194.476836  	71.261863 
1194.834143  	71.779448 
1195.191450  	72.333914 
1195.548757  	72.755689 
1195.906064  	72.991772 
1196.263371  	73.240106 
1196.620677  	73.556792 
1196.977984  	73.930781 
1197.335291  	74.156597 
1197.692598  	74.245136 
1198.049905  	74.367683 
1198.407212  	74.561541 
1198.764519  	74.572567 
1199.121825  	74.345704 
1199.479132  	74.194444 
1199.836439  	74.043623 
1200.193746  	74.080277 
1200.551053  	74.411385 
1200.908360  	74.458156 
1201.265667  	74.132402 
1201.622974  	73.858877 
1201.980280  	73.892928 
1202.337587  	73.977555 
1202.694894  	73.947383 
1203.052201  	73.882117 
1203.409508  	73.704882 
1203.766815  	73.706721 
1204.124122  	73.722516 
1204.481428  	73.439327 
1204.838735  	73.285352 
1205.196042  	73.310949 
1205.553349  	73.365507 
1205.910656  	73.536630 
1206.267963  	73.732695 
1206.625270  	73.730824 
1206.982576  	73.738901 
1207.339883  	73.964069 
1207.697190  	74.077512 
1208.054497  	74.249299 
1208.411804  	74.418521 
1208.769111  	74.364326 
1209.126418  	74.565277 
1209.483724  	74.682812 
1209.841031  	74.526943 
1210.198338  	74.530842 
1210.555645  	74.538978 
1210.912952  	74.459765 
1211.270259  	74.278248 
1211.627566  	74.111859 
1211.984872  	73.977664 
1212.342179  	73.750905 
1212.699486  	73.565495 
1213.056793  	73.164142 
1213.414100  	72.621718 
1213.771407  	72.282136 
1214.128714  	71.812856 
1214.486021  	71.014597 
1214.843327  	70.113826 
1215.200634  	69.323562 
1215.557941  	68.628598 
1215.915248  	67.889350 
1216.272555  	66.958761 
1216.629862  	65.757288 
1216.987169  	64.400109 
1217.344475  	63.028540 
1217.701782  	61.720197 
1218.059089  	60.264241 
1218.416396  	58.578161 
1218.773703  	56.923002 
1219.131010  	55.219137 
1219.488317  	53.368883 
1219.845623  	51.466937 
1220.202930  	49.562260 
1220.560237  	47.691183 
1220.917544  	45.794059 
1221.274851  	43.918715 
1221.632158  	42.252482 
1221.989465  	40.860192 
1222.346771  	39.580163 
1222.704078  	38.484864 
1223.061385  	37.840047 
1223.418692  	37.445205 
1223.775999  	37.165480 
1224.133306  	37.145153 
1224.490613  	37.320429 
1224.847919  	37.812331 
1225.205226  	38.714335 
1225.562533  	39.744557 
1225.919840  	40.910433 
1226.277147  	42.368610 
1226.634454  	43.953718 
1226.991761  	45.619241 
1227.349068  	47.544492 
1227.706374  	49.523153 
1228.063681  	51.297786 
1228.420988  	53.250241 
1228.778295  	55.416347 
1229.135602  	57.227758 
1229.492909  	58.872950 
1229.850216  	60.771398 
1230.207522  	62.596204 
1230.564829  	64.181764 
1230.922136  	65.714904 
1231.279443  	67.168941 
1231.636750  	68.483376 
1231.994057  	69.639956 
1232.351364  	70.804556 
1232.708670  	72.091270 
1233.065977  	73.303064 
1233.423284  	74.435831 
1233.780591  	75.456732 
1234.137898  	76.331913 
1234.495205  	77.356621 
1234.852512  	78.456577 
1235.209818  	79.342525 
1235.567125  	80.151771 
1235.924432  	81.008981 
1236.281739  	81.744436 
1236.639046  	82.373890 
1236.996353  	83.053992 
1237.353660  	83.677516 
1237.710966  	84.236258 
1238.068273  	84.890822 
1238.425580  	85.610685 
1238.782887  	86.202284 
1239.140194  	86.516255 
1239.497501  	86.748877 
1239.854808  	87.191766 
1240.212115  	87.658110 
1240.569421  	87.836905 
1240.926728  	87.986562 
1241.284035  	88.295724 
1241.641342  	88.535489 
1241.998649  	88.814441 
1242.355956  	89.181256 
1242.713263  	89.497780 
1243.070569  	89.760769 
1243.427876  	89.837989 
1243.785183  	89.905494 
1244.142490  	90.169344 
1244.499797  	90.399677 
1244.857104  	90.411626 
1245.214411  	90.348796 
1245.571717  	90.440790 
1245.929024  	90.602726 
1246.286331  	90.794680 
1246.643638  	90.935923 
1247.000945  	90.855178 
1247.358252  	90.774263 
1247.715559  	90.835127 
1248.072865  	91.117785 
1248.430172  	91.420652 
1248.787479  	91.375103 
1249.144786  	91.290605 
1249.502093  	91.387941 
1249.859400  	91.551857 
1250.216707  	91.663241 
1250.574013  	91.720264 
1250.931320  	91.833715 
1251.288627  	91.884779 
1251.645934  	91.935872 
1252.003241  	91.952281 
1252.360548  	91.917589 
1252.717855  	92.004273 
1253.075161  	91.986166 
1253.432468  	92.007121 
1253.789775  	92.088332 
1254.147082  	91.880823 
1254.504389  	91.719252 
1254.861696  	91.771440 
1255.219003  	91.719449 
1255.576310  	91.542116 
1255.933616  	91.513762 
1256.290923  	91.511439 
1256.648230  	91.363044 
1257.005537  	91.316458 
1257.362844  	91.084686 
1257.720151  	90.713875 
1258.077458  	90.688428 
1258.434764  	90.628426 
1258.792071  	90.366728 
1259.149378  	90.073323 
1259.506685  	89.817195 
1259.863992  	89.658200 
1260.221299  	89.307521 
1260.578606  	88.907078 
1260.935912  	88.678674 
1261.293219  	88.247952 
1261.650526  	87.600854 
1262.007833  	86.949267 
1262.365140  	86.244904 
1262.722447  	85.485049 
1263.079754  	84.672916 
1263.437060  	83.740400 
1263.794367  	82.658523 
1264.151674  	81.387969 
1264.508981  	79.965254 
1264.866288  	78.403844 
1265.223595  	76.653413 
1265.580902  	74.798064 
1265.938208  	72.838917 
1266.295515  	70.760824 
1266.652822  	68.644981 
1267.010129  	66.497732 
1267.367436  	64.588584 
1267.724743  	63.184939 
1268.082050  	62.051052 
1268.439357  	60.963507 
1268.796663  	59.799319 
1269.153970  	58.522345 
1269.511277  	57.186293 
1269.868584  	55.473224 
1270.225891  	53.377535 
1270.583198  	51.081752 
1270.940505  	48.238766 
1271.297811  	45.133167 
1271.655118  	42.053227 
1272.012425  	38.724751 
1272.369732  	35.626948 
1272.727039  	33.005781 
1273.084346  	30.790026 
1273.441653  	29.230165 
1273.798959  	28.278009 
1274.156266  	27.981704 
1274.513573  	28.613019 
1274.870880  	30.179107 
1275.228187  	32.485921 
1275.585494  	35.380594 
1275.942801  	38.764854 
1276.300107  	42.479079 
1276.657414  	46.311670 
1277.014721  	50.228718 
1277.372028  	54.051349 
1277.729335  	57.663213 
1278.086642  	61.285895 
1278.443949  	64.680874 
1278.801255  	67.636047 
1279.158562  	70.228348 
1279.515869  	72.420676 
1279.873176  	74.271640 
1280.230483  	75.924547 
1280.587790  	77.501905 
1280.945097  	78.783094 
1281.302404  	79.884262 
1281.659710  	81.084847 
1282.017017  	81.969016 
1282.374324  	82.641370 
1282.731631  	83.445941 
1283.088938  	84.082592 
1283.446245  	84.494752 
1283.803552  	84.988358 
1284.160858  	85.594498 
1284.518165  	86.075558 
1284.875472  	86.531171 
1285.232779  	86.968520 
1285.590086  	87.153102 
1285.947393  	87.381557 
1286.304700  	87.731279 
1286.662006  	87.963142 
1287.019313  	88.271944 
1287.376620  	88.749985 
1287.733927  	89.120309 
1288.091234  	89.219308 
1288.448541  	89.277640 
1288.805848  	89.451200 
1289.163154  	89.631757 
1289.520461  	89.832135 
1289.877768  	89.923233 
1290.235075  	89.899217 
1290.592382  	90.083168 
1290.949689  	90.392661 
1291.306996  	90.651644 
1291.664302  	90.824599 
1292.021609  	90.790830 
1292.378916  	90.828849 
1292.736223  	91.029917 
1293.093530  	91.008573 
1293.450837  	90.870568 
1293.808144  	90.905839 
1294.165451  	90.963585 
1294.522757  	90.888975 
1294.880064  	90.815647 
1295.237371  	90.704419 
1295.594678  	90.450953 
1295.951985  	90.310747 
1296.309292  	90.230036 
1296.666599  	89.999495 
1297.023905  	89.755124 
1297.381212  	89.513317 
1297.738519  	89.289350 
1298.095826  	89.071931 
1298.453133  	88.779160 
1298.810440  	88.432524 
1299.167747  	88.098386 
1299.525053  	87.748727 
1299.882360  	87.233221 
1300.239667  	86.926685 
1300.596974  	86.840550 
1300.954281  	86.388898 
1301.311588  	85.931305 
1301.668895  	85.682658 
1302.026201  	85.387667 
1302.383508  	85.057173 
1302.740815  	84.641230 
1303.098122  	84.486482 
1303.455429  	84.528719 
1303.812736  	84.398196 
1304.170043  	84.261026 
1304.527349  	84.109726 
1304.884656  	84.085331 
1305.241963  	84.139657 
1305.599270  	83.966003 
1305.956577  	83.788824 
1306.313884  	83.787356 
1306.671191  	83.850582 
1307.028498  	83.842311 
1307.385804  	83.908172 
1307.743111  	84.004925 
1308.100418  	83.928737 
1308.457725  	83.993627 
1308.815032  	84.151198 
1309.172339  	84.283169 
1309.529646  	84.550914 
1309.886952  	85.000799 
1310.244259  	85.611511 
1310.601566  	85.967070 
1310.958873  	86.362521 
1311.316180  	87.234900 
1311.673487  	88.003071 
1312.030794  	88.576619 
1312.388100  	89.250949 
1312.745407  	89.983287 
1313.102714  	90.647945 
1313.460021  	91.202202 
1313.817328  	91.696796 
1314.174635  	92.177038 
1314.531942  	92.728399 
1314.889248  	93.255069 
1315.246555  	93.657806 
1315.603862  	93.868388 
1315.961169  	94.043419 
1316.318476  	94.495553 
1316.675783  	94.795227 
1317.033090  	94.903732 
1317.390396  	95.187393 
1317.747703  	95.352764 
1318.105010  	95.536868 
1318.462317  	95.846273 
1318.819624  	96.133522 
1319.176931  	96.357065 
1319.534238  	96.415923 
1319.891545  	96.490258 
1320.248851  	96.503657 
1320.606158  	96.466791 
1320.963465  	96.603936 
1321.320772  	96.791261 
1321.678079  	96.967423 
1322.035386  	97.073112 
1322.392693  	97.154484 
1322.749999  	97.296054 
1323.107306  	97.347766 
1323.464613  	97.342027 
1323.821920  	97.307736 
1324.179227  	97.263311 
1324.536534  	97.320405 
1324.893841  	97.430794 
1325.251147  	97.437652 
1325.608454  	97.415015 
1325.965761  	97.551389 
1326.323068  	97.545621 
1326.680375  	97.424469 
1327.037682  	97.544998 
1327.394989  	97.593387 
1327.752295  	97.605496 
1328.109602  	97.792656 
1328.466909  	97.865131 
1328.824216  	97.878585 
1329.181523  	97.896808 
1329.538830  	97.782599 
1329.896137  	97.706295 
1330.253443  	97.833860 
1330.610750  	97.893875 
1330.968057  	97.709535 
1331.325364  	97.650079 
1331.682671  	97.866756 
1332.039978  	98.124095 
1332.397285  	98.181759 
1332.754592  	98.067233 
1333.111898  	98.095651 
1333.469205  	98.032067 
1333.826512  	97.861267 
1334.183819  	98.050874 
1334.541126  	98.141295 
1334.898433  	97.897350 
1335.255740  	97.891527 
1335.613046  	98.055504 
1335.970353  	98.074622 
1336.327660  	98.052453 
1336.684967  	97.938228 
1337.042274  	97.638146 
1337.399581  	97.598555 
1337.756888  	97.811895 
1338.114194  	97.937761 
1338.471501  	98.148803 
1338.828808  	98.270289 
1339.186115  	98.015589 
1339.543422  	97.916361 
1339.900729  	97.924891 
1340.258036  	97.865853 
1340.615342  	97.951647 
1340.972649  	98.044716 
1341.329956  	98.028378 
1341.687263  	97.920154 
1342.044570  	97.869518 
1342.401877  	97.890098 
1342.759184  	97.854878 
1343.116490  	97.877823 
1343.473797  	97.875966 
1343.831104  	97.902854 
1344.188411  	97.982029 
1344.545718  	97.745847 
1344.903025  	97.588067 
1345.260332  	97.849939 
1345.617638  	97.984177 
1345.974945  	97.855950 
1346.332252  	97.710371 
1346.689559  	97.700119 
1347.046866  	97.808215 
1347.404173  	97.770332 
1347.761480  	97.715762 
1348.118787  	97.767531 
1348.476093  	97.698454 
1348.833400  	97.724688 
1349.190707  	97.935217 
1349.548014  	97.838543 
1349.905321  	97.550405 
1350.262628  	97.491002 
1350.619935  	97.436865 
1350.977241  	97.420467 
1351.334548  	97.612021 
1351.691855  	97.654846 
1352.049162  	97.680690 
1352.406469  	97.878918 
1352.763776  	97.983304 
1353.121083  	98.097389 
1353.478389  	98.086757 
1353.835696  	97.920717 
1354.193003  	97.935053 
1354.550310  	97.879453 
1354.907617  	97.779880 
1355.264924  	97.827636 
1355.622231  	97.777778 
1355.979537  	97.746351 
1356.336844  	97.710550 
1356.694151  	97.549320 
1357.051458  	97.534997 
1357.408765  	97.801084 
1357.766072  	98.017455 
1358.123379  	97.867535 
1358.480685  	97.659276 
1358.837992  	97.629408 
1359.195299  	97.673153 
1359.552606  	97.804003 
1359.909913  	97.779573 
1360.267220  	97.638508 
1360.624527  	97.817456 
1360.981834  	98.070053 
1361.339140  	97.780235 
1361.696447  	97.479851 
1362.053754  	97.555953 
1362.411061  	97.696743 
1362.768368  	97.739769 
1363.125675  	97.629737 
1363.482982  	97.419890 
1363.840288  	97.336514 
1364.197595  	97.240856 
1364.554902  	97.258316 
1364.912209  	97.491270 
1365.269516  	97.598479 
1365.626823  	97.496479 
1365.984130  	97.418028 
1366.341436  	97.267057 
1366.698743  	97.041968 
1367.056050  	97.061998 
1367.413357  	97.042781 
1367.770664  	96.844895 
1368.127971  	96.926968 
1368.485278  	97.037434 
1368.842584  	96.882278 
1369.199891  	96.753722 
1369.557198  	96.674461 
1369.914505  	96.666546 
1370.271812  	96.781864 
1370.629119  	96.929283 
1370.986426  	96.816638 
1371.343732  	96.564631 
1371.701039  	96.600875 
1372.058346  	96.701962 
1372.415653  	96.682513 
1372.772960  	96.510056 
1373.130267  	96.311292 
1373.487574  	96.295335 
1373.844881  	96.078335 
1374.202187  	95.971401 
1374.559494  	96.157965 
1374.916801  	96.131886 
1375.274108  	96.024319 
1375.631415  	95.957121 
1375.988722  	95.863513 
1376.346029  	95.743636 
1376.703335  	95.643229 
1377.060642  	95.682180 
1377.417949  	95.705991 
1377.775256  	95.561846 
1378.132563  	95.288986 
1378.489870  	95.152195 
1378.847177  	95.033861 
1379.204483  	94.725885 
1379.561790  	94.623301 
1379.919097  	94.549749 
1380.276404  	94.304820 
1380.633711  	94.314427 
1380.991018  	94.314194 
1381.348325  	94.071577 
1381.705631  	93.892407 
1382.062938  	93.835677 
1382.420245  	93.635663 
1382.777552  	93.236951 
1383.134859  	93.029513 
1383.492166  	92.918818 
1383.849473  	92.522971 
1384.206779  	92.154748 
1384.564086  	92.009282 
1384.921393  	91.812163 
1385.278700  	91.468948 
1385.636007  	91.027111 
1385.993314  	90.699218 
1386.350621  	90.467697 
1386.707928  	90.102947 
1387.065234  	90.030211 
1387.422541  	89.933045 
1387.779848  	88.892221 
1388.137155  	88.385499 
1388.494462  	88.139548 
1388.851769  	87.648298 
1389.209076  	87.152133 
1389.566382  	86.495386 
1389.923689  	86.017051 
1390.280996  	85.749512 
1390.638303  	85.132741 
1390.995610  	84.330193 
1391.352917  	83.692924 
1391.710224  	83.290608 
1392.067530  	82.730793 
1392.424837  	81.923271 
1392.782144  	81.210283 
1393.139451  	80.473197 
1393.496758  	79.778478 
1393.854065  	79.322506 
1394.211372  	79.066407 
1394.568678  	78.199521 
1394.925985  	76.733378 
1395.283292  	76.411406 
1395.640599  	76.130057 
1395.997906  	74.980910 
1396.355213  	74.149781 
1396.712520  	73.596707 
1397.069826  	72.894757 
1397.427133  	72.362001 
1397.784440  	71.854340 
1398.141747  	71.109293 
1398.499054  	70.563843 
1398.856361  	70.387019 
1399.213668  	69.619646 
1399.570975  	68.062195 
1399.928281  	67.577127 
1400.285588  	67.420173 
1400.642895  	67.008776 
1401.000202  	66.579393 
1401.357509  	66.397089 
1401.714816  	66.217939 
1402.072123  	65.979356 
1402.429429  	66.101484 
1402.786736  	66.408857 
1403.144043  	66.662272 
1403.501350  	67.097698 
1403.858657  	67.656664 
1404.215964  	68.435613 
1404.573271  	69.503945 
1404.930577  	70.578679 
1405.287884  	71.533847 
1405.645191  	72.483474 
1406.002498  	73.531954 
1406.359805  	74.738708 
1406.717112  	75.975487 
1407.074419  	77.132765 
1407.431725  	78.233152 
1407.789032  	79.229446 
1408.146339  	80.265755 
1408.503646  	81.413973 
1408.860953  	82.349575 
1409.218260  	83.151432 
1409.575567  	84.090935 
1409.932873  	85.064304 
1410.290180  	85.830580 
1410.647487  	86.322598 
1411.004794  	86.909147 
1411.362101  	87.707964 
1411.719408  	88.305792 
1412.076715  	88.578531 
1412.434022  	88.860117 
1412.791328  	89.276085 
1413.148635  	89.612196 
1413.505942  	89.886435 
1413.863249  	90.259542 
1414.220556  	90.679223 
1414.577863  	91.023991 
1414.935170  	91.210765 
1415.292476  	91.369989 
1415.649783  	91.554338 
1416.007090  	91.655688 
1416.364397  	91.709241 
1416.721704  	91.830576 
1417.079011  	91.953008 
1417.436318  	91.873897 
1417.793624  	91.932310 
1418.150931  	92.182287 
1418.508238  	92.295933 
1418.865545  	92.587749 
1419.222852  	93.327061 
1419.580159  	93.225962 
1419.937466  	92.540313 
1420.294772  	92.639212 
1420.652079  	93.076641 
1421.009386  	93.207307 
1421.366693  	93.100811 
1421.724000  	93.281725 
1422.081307  	93.539678 
1422.438614  	93.576202 
1422.795920  	93.543546 
1423.153227  	93.705410 
1423.510534  	93.786290 
1423.867841  	93.624572 
1424.225148  	93.638625 
1424.582455  	93.678525 
1424.939762  	93.751121 
1425.297068  	93.918044 
1425.654375  	94.052814 
1426.011682  	94.111097 
1426.368989  	94.081074 
1426.726296  	94.155385 
1427.083603  	94.276561 
1427.440910  	94.266040 
1427.798217  	94.095751 
1428.155523  	94.000876 
1428.512830  	94.132084 
1428.870137  	93.926043 
1429.227444  	93.687758 
1429.584751  	93.821620 
1429.942058  	93.659804 
1430.299365  	93.397905 
1430.656671  	93.374527 
1431.013978  	93.365162 
1431.371285  	93.489398 
1431.728592  	93.473512 
1432.085899  	93.373205 
1432.443206  	93.320215 
1432.800513  	93.084324 
1433.157819  	92.816746 
1433.515126  	92.821215 
1433.872433  	92.903388 
1434.229740  	92.907053 
1434.587047  	92.882903 
1434.944354  	92.594599 
1435.301661  	92.205743 
1435.658967  	92.082417 
1436.016274  	92.124593 
1436.373581  	92.275741 
1436.730888  	91.723063 
1437.088195  	90.666875 
1437.445502  	90.966253 
1437.802809  	90.873588 
1438.160115  	90.629745 
1438.517422  	90.482806 
1438.874729  	90.219909 
1439.232036  	89.932545 
1439.589343  	89.704529 
1439.946650  	89.431609 
1440.303957  	89.212399 
1440.661264  	88.950957 
1441.018570  	88.453917 
1441.375877  	88.059474 
1441.733184  	87.874232 
1442.090491  	87.620462 
1442.447798  	87.343267 
1442.805105  	87.104913 
1443.162412  	86.939352 
1443.519718  	86.720781 
1443.877025  	86.457511 
1444.234332  	86.323191 
1444.591639  	86.097951 
1444.948946  	85.879091 
1445.306253  	85.714535 
1445.663560  	85.481789 
1446.020866  	85.295032 
1446.378173  	84.897159 
1446.735480  	84.400869 
1447.092787  	84.106441 
1447.450094  	83.902648 
1447.807401  	83.524736 
1448.164708  	82.583429 
1448.522014  	82.081438 
1448.879321  	81.863105 
1449.236628  	81.417930 
1449.593935  	80.840668 
1449.951242  	80.069037 
1450.308549  	79.198854 
1450.665856  	78.405663 
1451.023162  	77.499460 
1451.380469  	76.495122 
1451.737776  	75.494001 
1452.095083  	74.061958 
1452.452390  	72.387896 
1452.809697  	71.306791 
1453.167004  	70.214800 
1453.524311  	68.928908 
1453.881617  	67.801984 
1454.238924  	66.274343 
1454.596231  	64.540916 
1454.953538  	63.176858 
1455.310845  	61.243667 
1455.668152  	58.603615 
1456.025459  	57.224134 
1456.382765  	56.987328 
1456.740072  	54.451623 
1457.097379  	44.846373 
1457.454686  	42.934211 
1457.811993  	42.468029 
1458.169300  	41.155148 
1458.526607  	37.128499 
1458.883913  	35.331012 
1459.241220  	34.236227 
1459.598527  	32.404153 
1459.955834  	32.039243 
1460.313141  	32.653309 
1460.670448  	34.286467 
1461.027755  	36.906876 
1461.385061  	40.530660 
1461.742368  	44.987570 
1462.099675  	49.743260 
1462.456982  	54.758019 
1462.814289  	59.582749 
1463.171596  	63.999440 
1463.528903  	67.916554 
1463.886209  	71.224391 
1464.243516  	73.806461 
1464.600823  	75.839358 
1464.958130  	78.303314 
1465.315437  	80.740663 
1465.672744  	81.706910 
1466.030051  	82.450883 
1466.387358  	83.436130 
1466.744664  	84.181988 
1467.101971  	84.684829 
1467.459278  	85.020498 
1467.816585  	85.192542 
1468.173892  	85.428476 
1468.531199  	85.507440 
1468.888506  	85.444906 
1469.245812  	85.242928 
1469.603119  	84.957092 
1469.960426  	84.641591 
1470.317733  	84.023620 
1470.675040  	83.439095 
1471.032347  	83.004594 
1471.389654  	82.551265 
1471.746960  	82.201612 
1472.104267  	80.883886 
1472.461574  	79.122570 
1472.818881  	78.802922 
1473.176188  	78.676230 
1473.533495  	77.133265 
1473.890802  	75.095691 
1474.248108  	74.595615 
1474.605415  	73.868025 
1474.962722  	72.701530 
1475.320029  	71.569830 
1475.677336  	70.958484 
1476.034643  	70.502834 
1476.391950  	68.007890 
1476.749256  	65.548734 
1477.106563  	64.601134 
1477.463870  	63.318203 
1477.821177  	61.618083 
1478.178484  	59.573122 
1478.535791  	57.223744 
1478.893098  	54.837017 
1479.250405  	52.251391 
1479.607711  	49.647639 
1479.965018  	47.225150 
1480.322325  	45.015672 
1480.679632  	43.172254 
1481.036939  	41.645547 
1481.394246  	40.590713 
1481.751553  	40.164387 
1482.108859  	40.860312 
1482.466166  	42.419364 
1482.823473  	44.553567 
1483.180780  	47.689387 
1483.538087  	51.183171 
1483.895394  	54.865903 
1484.252701  	58.706987 
1484.610007  	62.426863 
1484.967314  	65.800312 
1485.324621  	68.335129 
1485.681928  	70.492245 
1486.039235  	72.401741 
1486.396542  	73.801108 
1486.753849  	74.877266 
1487.111155  	75.624773 
1487.468462  	75.853847 
1487.825769  	75.728842 
1488.183076  	75.829704 
1488.540383  	76.115184 
1488.897690  	76.667761 
1489.254997  	77.788977 
1489.612303  	78.980387 
1489.969610  	80.385048 
1490.326917  	81.951383 
1490.684224  	83.348816 
1491.041531  	85.260294 
1491.398838  	86.362859 
1491.756145  	87.115342 
1492.113452  	88.071532 
1492.470758  	88.835761 
1492.828065  	89.527559 
1493.185372  	90.230049 
1493.542679  	90.817565 
1493.899986  	91.196700 
1494.257293  	91.564012 
1494.614600  	91.968736 
1494.971906  	92.305381 
1495.329213  	92.655434 
1495.686520  	92.811844 
1496.043827  	93.118367 
1496.401134  	93.728774 
1496.758441  	93.540008 
1497.115748  	93.652240 
1497.473054  	93.907537 
1497.830361  	94.101027 
1498.187668  	94.154869 
1498.544975  	94.323798 
1498.902282  	94.710536 
1499.259589  	94.364316 
1499.616896  	94.353547 
1499.974202  	94.650589 
1500.331509  	94.805398 
1500.688816  	94.809865 
1501.046123  	94.624081 
1501.403430  	94.577697 
1501.760737  	94.736041 
1502.118044  	94.798183 
1502.475350  	94.795131 
1502.832657  	94.827668 
1503.189964  	94.981448 
1503.547271  	95.109474 
1503.904578  	95.165489 
1504.261885  	95.190986 
1504.619192  	95.271246 
1504.976498  	95.572511 
1505.333805  	95.675711 
1505.691112  	95.033042 
1506.048419  	94.626859 
1506.405726  	94.512279 
1506.763033  	94.364159 
1507.120340  	94.240197 
1507.477647  	94.848140 
1507.834953  	95.188491 
1508.192260  	94.938131 
1508.549567  	94.713516 
1508.906874  	95.098554 
1509.264181  	95.269508 
1509.621488  	95.120403 
1509.978795  	95.051380 
1510.336101  	95.076738 
1510.693408  	95.196119 
1511.050715  	95.378329 
1511.408022  	95.394924 
1511.765329  	95.371285 
1512.122636  	95.298692 
1512.479943  	95.259089 
1512.837249  	95.418872 
1513.194556  	95.343018 
1513.551863  	95.284415 
1513.909170  	95.547733 
1514.266477  	95.908516 
1514.623784  	96.155569 
1514.981091  	96.316250 
1515.338397  	96.243848 
1515.695704  	96.174117 
1516.053011  	96.366013 
1516.410318  	96.392619 
1516.767625  	96.140237 
1517.124932  	96.348534 
1517.482239  	96.914635 
1517.839545  	97.315363 
1518.196852  	97.029844 
1518.554159  	96.659823 
1518.911466  	96.580936 
1519.268773  	96.761966 
1519.626080  	97.048303 
1519.983387  	97.050851 
1520.340694  	96.840354 
1520.698000  	96.938108 
1521.055307  	96.854632 
1521.412614  	97.052916 
1521.769921  	97.102305 
1522.127228  	96.937076 
1522.484535  	97.195828 
1522.841842  	97.730382 
1523.199148  	97.794034 
1523.556455  	97.456591 
1523.913762  	97.202063 
1524.271069  	97.383259 
1524.628376  	97.496459 
1524.985683  	97.278111 
1525.342990  	97.081407 
1525.700296  	96.986502 
1526.057603  	97.096839 
1526.414910  	97.494157 
1526.772217  	97.851334 
1527.129524  	97.632356 
1527.486831  	97.274747 
1527.844138  	97.568177 
1528.201444  	97.744291 
1528.558751  	97.533625 
1528.916058  	97.340879 
1529.273365  	97.483884 
1529.630672  	97.680309 
1529.987979  	97.792061 
1530.345286  	97.739479 
1530.702592  	97.584712 
1531.059899  	97.556755 
1531.417206  	97.463332 
1531.774513  	97.242386 
1532.131820  	97.318069 
1532.489127  	97.411316 
1532.846434  	97.326420 
1533.203741  	97.480731 
1533.561047  	98.029799 
1533.918354  	97.817633 
1534.275661  	97.227896 
1534.632968  	97.327226 
1534.990275  	97.686667 
1535.347582  	97.853524 
1535.704889  	97.603685 
1536.062195  	97.525988 
1536.419502  	97.778444 
1536.776809  	97.942696 
1537.134116  	98.069140 
1537.491423  	97.987187 
1537.848730  	97.678314 
1538.206037  	97.740798 
1538.563343  	98.354061 
1538.920650  	99.377613 
1539.277957  	99.584191 
1539.635264  	98.515572 
1539.992571  	98.087881 
1540.349878  	98.029285 
1540.707185  	98.035850 
1541.064491  	97.969081 
1541.421798  	98.001093 
1541.779105  	98.066227 
1542.136412  	98.107881 
1542.493719  	98.285579 
1542.851026  	98.334658 
1543.208333  	98.206137 
1543.565639  	97.737535 
1543.922946  	97.677081 
1544.280253  	98.063752 
1544.637560  	98.070061 
1544.994867  	97.931461 
1545.352174  	97.880321 
1545.709481  	97.765451 
1546.066788  	97.889029 
1546.424094  	97.924446 
1546.781401  	97.909960 
1547.138708  	97.806382 
1547.496015  	97.578920 
1547.853322  	97.602548 
1548.210629  	97.593209 
1548.567936  	97.416355 
1548.925242  	97.375009 
1549.282549  	97.429650 
1549.639856  	97.562146 
1549.997163  	97.529740 
1550.354470  	97.350925 
1550.711777  	97.429303 
1551.069084  	97.499410 
1551.426390  	97.464982 
1551.783697  	97.413032 
1552.141004  	97.329381 
1552.498311  	97.180402 
1552.855618  	97.185452 
1553.212925  	97.265364 
1553.570232  	97.221212 
1553.927538  	97.305447 
1554.284845  	97.203748 
1554.642152  	96.557735 
1554.999459  	96.574125 
1555.356766  	96.548140 
1555.714073  	96.452745 
1556.071380  	96.385840 
1556.428686  	96.267541 
1556.785993  	96.133136 
1557.143300  	96.118636 
1557.500607  	96.401574 
1557.857914  	95.730286 
1558.215221  	94.583068 
1558.572528  	94.943568 
1558.929835  	95.348412 
1559.287141  	95.535347 
1559.644448  	96.013613 
1560.001755  	95.726825 
1560.359062  	94.529682 
1560.716369  	94.143094 
1561.073676  	93.913348 
1561.430983  	93.768169 
1561.788289  	93.427790 
1562.145596  	93.028153 
1562.502903  	92.898922 
1562.860210  	92.797567 
1563.217517  	92.541737 
1563.574824  	92.195689 
1563.932131  	91.873378 
1564.289437  	91.846416 
1564.646744  	91.909635 
1565.004051  	91.574292 
1565.361358  	91.180357 
1565.718665  	90.912406 
1566.075972  	90.580485 
1566.433279  	90.462998 
1566.790585  	90.498007 
1567.147892  	90.306663 
1567.505199  	90.073847 
1567.862506  	89.908593 
1568.219813  	89.853228 
1568.577120  	90.112073 
1568.934427  	90.062621 
1569.291733  	89.525104 
1569.649040  	89.515093 
1570.006347  	88.966428 
1570.363654  	88.298389 
1570.720961  	88.342557 
1571.078268  	88.284378 
1571.435575  	88.016736 
1571.792882  	87.849872 
1572.150188  	87.659579 
1572.507495  	87.231568 
1572.864802  	86.808791 
1573.222109  	86.513484 
1573.579416  	86.106487 
1573.936723  	85.771908 
1574.294030  	85.575924 
1574.651336  	85.182164 
1575.008643  	84.691463 
1575.365950  	84.342326 
1575.723257  	84.241257 
1576.080564  	83.970693 
1576.437871  	80.926146 
1576.795178  	79.849483 
1577.152484  	79.796483 
1577.509791  	79.148754 
1577.867098  	78.097585 
1578.224405  	77.001088 
1578.581712  	75.671226 
1578.939019  	74.468087 
1579.296326  	73.267418 
1579.653632  	71.719993 
1580.010939  	70.151679 
1580.368246  	68.457178 
1580.725553  	66.770453 
1581.082860  	65.235040 
1581.440167  	63.633684 
1581.797474  	62.195710 
1582.154780  	60.882874 
1582.512087  	59.682090 
1582.869394  	58.653141 
1583.226701  	57.723137 
1583.584008  	56.979024 
1583.941315  	56.361078 
1584.298622  	55.966967 
1584.655928  	55.809573 
1585.013235  	55.891425 
1585.370542  	56.203985 
1585.727849  	56.696370 
1586.085156  	57.687746 
1586.442463  	59.057536 
1586.799770  	60.554626 
1587.157077  	62.318213 
1587.514383  	64.248706 
1587.871690  	66.173298 
1588.228997  	68.103481 
1588.586304  	69.959555 
1588.943611  	71.807102 
1589.300918  	73.823716 
1589.658225  	75.676616 
1590.015531  	77.141754 
1590.372838  	78.444626 
1590.730145  	79.651411 
1591.087452  	80.743441 
1591.444759  	81.731113 
1591.802066  	82.557394 
1592.159373  	83.148803 
1592.516679  	83.688771 
1592.873986  	84.231139 
1593.231293  	84.550457 
1593.588600  	84.762596 
1593.945907  	85.068623 
1594.303214  	85.405074 
1594.660521  	85.484815 
1595.017827  	85.225603 
1595.375134  	85.028411 
1595.732441  	85.036405 
1596.089748  	85.020813 
1596.447055  	84.617483 
1596.804362  	83.993143 
1597.161669  	83.599371 
1597.518975  	83.315018 
1597.876282  	82.936032 
1598.233589  	82.349273 
1598.590896  	81.664708 
1598.948203  	80.995754 
1599.305510  	80.091020 
1599.662817  	79.130132 
1600.020124  	78.248166 
1600.377430  	77.303464 
1600.734737  	76.290917 
1601.092044  	74.985271 
1601.449351  	73.617902 
1601.806658  	72.405078 
1602.163965  	71.017747 
1602.521272  	69.599086 
1602.878578  	68.222412 
1603.235885  	66.517284 
1603.593192  	64.483546 
1603.950499  	62.526364 
1604.307806  	60.690396 
1604.665113  	58.788446 
1605.022420  	56.720172 
1605.379726  	54.384502 
1605.737033  	51.874640 
1606.094340  	49.242432 
1606.451647  	46.599914 
1606.808954  	43.996594 
1607.166261  	40.890237 
1607.523568  	37.494049 
1607.880874  	34.576544 
1608.238181  	31.856378 
1608.595488  	29.218921 
1608.952795  	27.100180 
1609.310102  	25.480635 
1609.667409  	24.180327 
1610.024716  	23.301079 
1610.382022  	22.910054 
1610.739329  	23.135565 
1611.096636  	23.881952 
1611.453943  	25.118704 
1611.811250  	26.902966 
1612.168557  	29.074571 
1612.525864  	31.871190 
1612.883171  	35.294369 
1613.240477  	38.994232 
1613.597784  	42.914695 
1613.955091  	47.096409 
1614.312398  	51.240178 
1614.669705  	55.158754 
1615.027012  	59.138525 
1615.384319  	62.823759 
1615.741625  	65.918147 
1616.098932  	68.579319 
1616.456239  	71.051575 
1616.813546  	74.796171 
1617.170853  	77.171176 
1617.528160  	78.257979 
1617.885467  	79.392636 
1618.242773  	80.370059 
1618.600080  	81.353018 
1618.957387  	82.286289 
1619.314694  	83.168949 
1619.672001  	83.792540 
1620.029308  	84.186855 
1620.386615  	84.903984 
1620.743921  	85.666012 
1621.101228  	86.199599 
1621.458535  	86.619892 
1621.815842  	87.051171 
1622.173149  	87.690022 
1622.530456  	88.191955 
1622.887763  	88.598961 
1623.245069  	89.234287 
1623.602376  	89.501808 
1623.959683  	89.367718 
1624.316990  	89.607945 
1624.674297  	89.962299 
1625.031604  	90.412578 
1625.388911  	90.712902 
1625.746218  	90.767007 
1626.103524  	90.999318 
1626.460831  	91.361632 
1626.818138  	91.460490 
1627.175445  	91.421637 
1627.532752  	91.366063 
1627.890059  	91.354701 
1628.247366  	91.611036 
1628.604672  	91.741719 
1628.961979  	91.629311 
1629.319286  	91.556114 
1629.676593  	91.687353 
1630.033900  	91.721876 
1630.391207  	91.677909 
1630.748514  	91.708358 
1631.105820  	91.611277 
1631.463127  	91.566226 
1631.820434  	91.601910 
1632.177741  	91.603598 
1632.535048  	91.609015 
1632.892355  	91.373209 
1633.249662  	91.229898 
1633.606968  	91.299209 
1633.964275  	91.160542 
1634.321582  	91.028272 
1634.678889  	90.908151 
1635.036196  	90.824843 
1635.393503  	90.952297 
1635.750810  	89.619334 
1636.108116  	89.391251 
1636.465423  	89.719076 
1636.822730  	89.556256 
1637.180037  	89.295978 
1637.537344  	89.158623 
1637.894651  	88.823298 
1638.251958  	88.579801 
1638.609265  	88.562088 
1638.966571  	88.476225 
1639.323878  	88.381217 
1639.681185  	88.425017 
1640.038492  	88.333074 
1640.395799  	88.260701 
1640.753106  	88.312440 
1641.110413  	88.261095 
1641.467719  	88.495111 
1641.825026  	88.957773 
1642.182333  	89.109567 
1642.539640  	89.160584 
1642.896947  	89.434333 
1643.254254  	89.683686 
1643.611561  	89.864457 
1643.968867  	90.102898 
1644.326174  	90.261126 
1644.683481  	90.439137 
1645.040788  	90.556697 
1645.398095  	90.583262 
1645.755402  	91.113161 
1646.112709  	91.364022 
1646.470015  	90.731307 
1646.827322  	91.115484 
1647.184629  	91.633486 
1647.541936  	91.629483 
1647.899243  	91.343649 
1648.256550  	91.560173 
1648.613857  	91.960028 
1648.971163  	92.030348 
1649.328470  	92.001987 
1649.685777  	91.855331 
1650.043084  	91.739041 
1650.400391  	91.825205 
1650.757698  	91.763389 
1651.115005  	91.661427 
1651.472312  	91.895468 
1651.829618  	92.015079 
1652.186925  	91.695875 
1652.544232  	92.985078 
1652.901539  	96.711670 
1653.258846  	94.144316 
1653.616153  	91.149562 
1653.973460  	90.744119 
1654.330766  	90.950433 
1654.688073  	90.554533 
1655.045380  	90.035472 
1655.402687  	90.142957 
1655.759994  	90.219659 
1656.117301  	90.099786 
1656.474608  	89.895672 
1656.831914  	89.613534 
1657.189221  	89.527033 
1657.546528  	89.534823 
1657.903835  	89.407352 
1658.261142  	89.370121 
1658.618449  	89.305707 
1658.975756  	89.142754 
1659.333062  	89.164313 
1659.690369  	89.167094 
1660.047676  	88.886602 
1660.404983  	88.556644 
1660.762290  	88.485117 
1661.119597  	88.629709 
1661.476904  	88.600912 
1661.834210  	88.399851 
1662.191517  	88.426732 
1662.548824  	88.621123 
1662.906131  	88.592910 
1663.263438  	88.425331 
1663.620745  	88.523106 
1663.978052  	88.693388 
1664.335359  	88.696271 
1664.692665  	88.583136 
1665.049972  	88.533790 
1665.407279  	88.359295 
1665.764586  	88.041116 
1666.121893  	87.898855 
1666.479200  	87.817922 
1666.836507  	87.630397 
1667.193813  	87.380418 
1667.551120  	87.122426 
1667.908427  	87.057904 
1668.265734  	86.734979 
1668.623041  	86.104573 
1668.980348  	86.203639 
1669.337655  	86.107094 
1669.694961  	84.612791 
1670.052268  	84.051826 
1670.409575  	83.752657 
1670.766882  	83.480953 
1671.124189  	83.160724 
1671.481496  	82.338729 
1671.838803  	81.169035 
1672.196109  	80.579595 
1672.553416  	80.144862 
1672.910723  	79.497968 
1673.268030  	78.756771 
1673.625337  	77.836280 
1673.982644  	76.829520 
1674.339951  	75.945231 
1674.697257  	75.474267 
1675.054564  	75.636643 
1675.411871  	72.646518 
1675.769178  	68.594419 
1676.126485  	68.298168 
1676.483792  	67.718815 
1676.841099  	66.562951 
1677.198405  	64.978294 
1677.555712  	63.261563 
1677.913019  	61.639475 
1678.270326  	60.022674 
1678.627633  	58.457273 
1678.984940  	56.910317 
1679.342247  	55.492852 
1679.699554  	54.102382 
1680.056860  	52.725142 
1680.414167  	51.299779 
1680.771474  	49.755101 
1681.128781  	48.743327 
1681.486088  	48.259309 
1681.843395  	48.162039 
1682.200702  	48.027983 
1682.558008  	47.940367 
1682.915315  	48.423788 
1683.272622  	48.548680 
1683.629929  	48.494866 
1683.987236  	49.297585 
1684.344543  	49.997273 
1684.701850  	50.926300 
1685.059156  	49.392189 
1685.416463  	48.500886 
1685.773770  	48.765594 
1686.131077  	48.450854 
1686.488384  	48.027674 
1686.845691  	47.598189 
1687.202998  	46.907169 
1687.560304  	46.074183 
1687.917611  	45.117191 
1688.274918  	43.830134 
1688.632225  	41.722817 
1688.989532  	40.106002 
1689.346839  	39.032107 
1689.704146  	37.662956 
1690.061452  	36.121293 
1690.418759  	34.005374 
1690.776066  	32.127347 
1691.133373  	30.625099 
1691.490680  	29.043133 
1691.847987  	27.699955 
1692.205294  	26.435876 
1692.562601  	25.581283 
1692.919907  	24.683227 
1693.277214  	23.732136 
1693.634521  	23.325481 
1693.991828  	22.683647 
1694.349135  	22.209107 
1694.706442  	21.989608 
1695.063749  	21.625285 
1695.421055  	21.941939 
1695.778362  	23.332848 
1696.135669  	23.213800 
1696.492976  	22.403115 
1696.850283  	22.555865 
1697.207590  	23.221999 
1697.564897  	23.867038 
1697.922203  	24.440858 
1698.279510  	24.955100 
1698.636817  	25.593731 
1698.994124  	26.306620 
1699.351431  	27.150070 
1699.708738  	28.322165 
1700.066045  	29.680732 
1700.423351  	33.716017 
1700.780658  	35.173681 
1701.137965  	35.959247 
1701.495272  	37.304829 
1701.852579  	38.652556 
1702.209886  	40.515430 
1702.567193  	42.645401 
1702.924499  	44.668863 
1703.281806  	46.464683 
1703.639113  	48.173664 
1703.996420  	50.176561 
1704.353727  	52.129822 
1704.711034  	53.641574 
1705.068341  	54.743800 
1705.425648  	55.861464 
1705.782954  	57.241898 
1706.140261  	58.398417 
1706.497568  	58.952004 
1706.854875  	59.542851 
1707.212182  	60.096077 
1707.569489  	60.507939 
1707.926796  	61.113186 
1708.284102  	61.761777 
1708.641409  	62.336246 
1708.998716  	63.123352 
1709.356023  	63.897365 
1709.713330  	64.695389 
1710.070637  	65.838440 
1710.427944  	66.717414 
1710.785250  	67.233767 
1711.142557  	67.853053 
1711.499864  	68.605475 
1711.857171  	69.610331 
1712.214478  	70.560744 
1712.571785  	71.277820 
1712.929092  	71.991329 
1713.286398  	72.672530 
1713.643705  	73.231285 
1714.001012  	73.888036 
1714.358319  	74.874876 
1714.715626  	75.797774 
1715.072933  	76.566612 
1715.430240  	77.091188 
1715.787546  	77.576193 
1716.144853  	78.298821 
1716.502160  	78.865973 
1716.859467  	79.357079 
1717.216774  	80.235452 
1717.574081  	81.603128 
1717.931388  	82.063782 
1718.288695  	82.394753 
1718.646001  	83.148050 
1719.003308  	83.387294 
1719.360615  	83.565716 
1719.717922  	84.056056 
1720.075229  	84.405286 
1720.432536  	84.940224 
1720.789843  	85.471629 
1721.147149  	85.578245 
1721.504456  	85.754150 
1721.861763  	86.284110 
1722.219070  	86.742327 
1722.576377  	86.671478 
1722.933684  	86.706744 
1723.290991  	87.226488 
1723.648297  	87.609345 
1724.005604  	87.865517 
1724.362911  	87.940871 
1724.720218  	87.886535 
1725.077525  	87.913957 
1725.434832  	87.970035 
1725.792139  	88.307994 
1726.149445  	88.545450 
1726.506752  	88.431843 
1726.864059  	88.375493 
1727.221366  	88.454453 
1727.578673  	88.676086 
1727.935980  	88.803980 
1728.293287  	88.731312 
1728.650593  	88.515364 
1729.007900  	88.444766 
1729.365207  	88.910085 
1729.722514  	89.237935 
1730.079821  	89.071190 
1730.437128  	89.256281 
1730.794435  	89.458658 
1731.151742  	89.385311 
1731.509048  	89.384376 
1731.866355  	89.633126 
1732.223662  	89.796699 
1732.580969  	89.899843 
1732.938276  	90.122443 
1733.295583  	90.018305 
1733.652890  	90.087715 
1734.010196  	90.877604 
1734.367503  	91.366582 
1734.724810  	91.430803 
1735.082117  	91.316994 
1735.439424  	91.556277 
1735.796731  	91.749776 
1736.154038  	91.974073 
1736.511344  	92.347339 
1736.868651  	92.591288 
1737.225958  	92.739783 
1737.583265  	92.941714 
1737.940572  	93.258610 
1738.297879  	93.499345 
1738.655186  	93.556667 
1739.012492  	93.834176 
1739.369799  	94.076669 
1739.727106  	93.845276 
1740.084413  	94.020663 
1740.441720  	94.446803 
1740.799027  	94.523998 
1741.156334  	94.561757 
1741.513640  	94.677757 
1741.870947  	94.964445 
1742.228254  	95.301214 
1742.585561  	95.463752 
1742.942868  	95.491081 
1743.300175  	95.649172 
1743.657482  	95.922193 
1744.014789  	95.762044 
1744.372095  	95.497702 
1744.729402  	95.797985 
1745.086709  	96.204591 
1745.444016  	96.216501 
1745.801323  	96.336384 
1746.158630  	96.543543 
1746.515937  	96.348694 
1746.873243  	96.014847 
1747.230550  	96.156550 
1747.587857  	96.475698 
1747.945164  	96.401053 
1748.302471  	96.517643 
1748.659778  	96.790588 
1749.017085  	96.514134 
1749.374391  	96.415604 
1749.731698  	96.593439 
1750.089005  	96.548136 
1750.446312  	96.527613 
1750.803619  	96.740431 
1751.160926  	96.964396 
1751.518233  	96.722914 
1751.875539  	96.277597 
1752.232846  	96.343564 
1752.590153  	96.803222 
1752.947460  	96.872832 
1753.304767  	96.741301 
1753.662074  	97.085692 
1754.019381  	97.254810 
1754.376687  	97.288962 
1754.733994  	97.394232 
1755.091301  	97.233954 
1755.448608  	97.187763 
1755.805915  	97.337573 
1756.163222  	97.691049 
1756.520529  	98.238907 
1756.877835  	98.212189 
1757.235142  	97.802723 
1757.592449  	97.917659 
1757.949756  	98.035990 
1758.307063  	97.741443 
1758.664370  	97.466023 
1759.021677  	97.634315 
1759.378984  	97.734318 
1759.736290  	97.783082 
1760.093597  	97.945345 
1760.450904  	97.983631 
1760.808211  	98.072368 
1761.165518  	98.272544 
1761.522825  	98.456961 
1761.880132  	98.446950 
1762.237438  	97.939585 
1762.594745  	97.744839 
1762.952052  	97.973469 
1763.309359  	98.099584 
1763.666666  	97.826498 
1764.023973  	97.887522 
1764.381280  	98.370231 
1764.738586  	98.461527 
1765.095893  	98.339055 
1765.453200  	98.344898 
1765.810507  	98.346665 
1766.167814  	98.310463 
1766.525121  	98.171385 
1766.882428  	98.087219 
1767.239734  	98.210485 
1767.597041  	98.235449 
1767.954348  	97.890091 
1768.311655  	97.573019 
1768.668962  	97.787146 
1769.026269  	98.092688 
1769.383576  	98.680541 
1769.740882  	98.993057 
1770.098189  	98.581996 
1770.455496  	98.568884 
1770.812803  	98.996258 
1771.170110  	98.828662 
1771.527417  	98.473851 
1771.884724  	98.529124 
1772.242031  	98.491534 
1772.599337  	98.338299 
1772.956644  	98.010499 
1773.313951  	98.041349 
1773.671258  	98.270284 
1774.028565  	98.624581 
1774.385872  	98.931901 
1774.743179  	98.833355 
1775.100485  	98.634866 
1775.457792  	98.473317 
1775.815099  	98.306427 
1776.172406  	98.427863 
1776.529713  	98.540808 
1776.887020  	98.696729 
1777.244327  	98.790793 
1777.601633  	98.617671 
1777.958940  	98.740335 
1778.316247  	98.902923 
1778.673554  	98.573293 
1779.030861  	98.244533 
1779.388168  	98.226843 
1779.745475  	98.329863 
1780.102781  	98.408186 
1780.460088  	98.470918 
1780.817395  	98.582318 
1781.174702  	98.570440 
1781.532009  	98.466603 
1781.889316  	98.532592 
1782.246623  	98.561082 
1782.603929  	98.402771 
1782.961236  	98.517838 
1783.318543  	98.648676 
1783.675850  	98.551206 
1784.033157  	98.593354 
1784.390464  	98.559603 
1784.747771  	98.487985 
1785.105078  	98.616933 
1785.462384  	98.909824 
1785.819691  	99.046611 
1786.176998  	98.620159 
1786.534305  	98.454251 
1786.891612  	98.970224 
1787.248919  	99.174978 
1787.606226  	98.978830 
1787.963532  	98.897106 
1788.320839  	99.029729 
1788.678146  	98.918186 
1789.035453  	98.621911 
1789.392760  	98.709210 
1789.750067  	98.827017 
1790.107374  	98.879193 
1790.464680  	99.024017 
1790.821987  	98.751282 
1791.179294  	98.182130 
1791.536601  	98.581648 
1791.893908  	99.279659 
1792.251215  	99.236359 
1792.608522  	98.749900 
1792.965828  	98.573609 
1793.323135  	98.660381 
1793.680442  	99.016198 
1794.037749  	99.148638 
1794.395056  	98.976687 
1794.752363  	98.813680 
1795.109670  	98.816619 
1795.466976  	99.079846 
1795.824283  	99.018567 
1796.181590  	98.750754 
1796.538897  	98.815262 
1796.896204  	98.805909 
1797.253511  	98.583911 
1797.610818  	98.554914 
1797.968125  	98.856850 
1798.325431  	98.914345 
1798.682738  	98.964166 
1799.040045  	99.212527 
1799.397352  	98.890474 
1799.754659  	98.278949 
1800.111966  	98.288678 
1800.469273  	98.847012 
1800.826579  	99.158845 
1801.183886  	98.880037 
1801.541193  	98.959505 
1801.898500  	98.981329 
1802.255807  	98.734395 
1802.613114  	98.681605 
1802.970421  	98.388006 
1803.327727  	98.352228 
1803.685034  	98.459655 
1804.042341  	98.619242 
1804.399648  	98.956032 
1804.756955  	98.824571 
1805.114262  	98.430658 
1805.471569  	98.241980 
1805.828875  	98.485541 
1806.186182  	98.895400 
1806.543489  	98.875860 
1806.900796  	98.722802 
1807.258103  	98.561279 
1807.615410  	98.479630 
1807.972717  	98.485067 
1808.330023  	98.210866 
1808.687330  	98.056119 
1809.044637  	98.221794 
1809.401944  	98.280336 
1809.759251  	97.986671 
1810.116558  	97.876860 
1810.473865  	98.229530 
1810.831172  	98.488910 
1811.188478  	98.375716 
1811.545785  	98.027847 
1811.903092  	98.013376 
1812.260399  	98.295030 
1812.617706  	98.161688 
1812.975013  	98.049399 
1813.332320  	97.907891 
1813.689626  	97.771679 
1814.046933  	98.087358 
1814.404240  	98.282055 
1814.761547  	98.221474 
1815.118854  	98.110073 
1815.476161  	97.988182 
1815.833468  	97.870332 
1816.190774  	97.746384 
1816.548081  	97.928222 
1816.905388  	98.131358 
1817.262695  	98.276112 
1817.620002  	98.455668 
1817.977309  	97.962027 
1818.334616  	97.447440 
1818.691922  	97.706311 
1819.049229  	97.995604 
1819.406536  	97.910301 
1819.763843  	97.974584 
1820.121150  	98.101914 
1820.478457  	97.938606 
1820.835764  	97.810865 
1821.193070  	98.063918 
1821.550377  	98.188167 
1821.907684  	97.605302 
1822.264991  	97.289438 
1822.622298  	97.828490 
1822.979605  	98.181034 
1823.336912  	98.259503 
1823.694219  	98.196133 
1824.051525  	97.895605 
1824.408832  	98.083749 
1824.766139  	98.479579 
1825.123446  	98.673262 
1825.480753  	99.128920 
1825.838060  	98.982906 
1826.195367  	98.471580 
1826.552673  	98.428718 
1826.909980  	98.592265 
1827.267287  	98.340332 
1827.624594  	98.278333 
1827.981901  	98.704525 
1828.339208  	98.589163 
1828.696515  	98.047788 
1829.053821  	98.020303 
1829.411128  	98.297812 
1829.768435  	98.518402 
1830.125742  	98.718283 
1830.483049  	98.628636 
1830.840356  	98.633950 
1831.197663  	98.632179 
1831.554969  	98.418162 
1831.912276  	98.547731 
1832.269583  	98.852268 
1832.626890  	98.637023 
1832.984197  	98.242677 
1833.341504  	98.278408 
1833.698811  	98.615759 
1834.056117  	98.700319 
1834.413424  	98.642813 
1834.770731  	98.684219 
1835.128038  	98.650359 
1835.485345  	98.622767 
1835.842652  	98.576254 
1836.199959  	98.621616 
1836.557265  	98.802044 
1836.914572  	98.744313 
1837.271879  	98.630437 
1837.629186  	98.725683 
1837.986493  	99.223451 
1838.343800  	99.752142 
1838.701107  	99.475699 
1839.058414  	98.949075 
1839.415720  	98.686324 
1839.773027  	98.610962 
1840.130334  	98.851315 
1840.487641  	98.949369 
1840.844948  	98.893266 
1841.202255  	98.881553 
1841.559562  	98.798785 
1841.916868  	98.834666 
1842.274175  	98.677195 
1842.631482  	98.478042 
1842.988789  	99.002343 
1843.346096  	99.554222 
1843.703403  	99.207553 
1844.060710  	98.426056 
1844.418016  	98.057413 
1844.775323  	98.441404 
1845.132630  	99.030069 
1845.489937  	99.357931 
1845.847244  	99.396236 
1846.204551  	99.294239 
1846.561858  	98.963983 
1846.919164  	99.205348 
1847.276471  	99.938029 
1847.633778  	99.626604 
1847.991085  	98.812902 
1848.348392  	98.796475 
1848.705699  	98.905127 
1849.063006  	99.064579 
1849.420312  	99.226945 
1849.777619  	99.095237 
1850.134926  	99.131376 
1850.492233  	99.131030 
1850.849540  	98.794015 
1851.206847  	98.822171 
1851.564154  	98.871273 
1851.921461  	98.164920 
1852.278767  	97.782423 
1852.636074  	98.333190 
1852.993381  	98.721678 
1853.350688  	98.763040 
1853.707995  	98.803974 
1854.065302  	98.897979 
1854.422609  	99.297866 
1854.779915  	99.430561 
1855.137222  	99.163603 
1855.494529  	99.062096 
1855.851836  	98.900501 
1856.209143  	98.859499 
1856.566450  	98.867092 
1856.923757  	98.682283 
1857.281063  	98.889219 
1857.638370  	99.316741 
1857.995677  	99.530531 
1858.352984  	99.332451 
1858.710291  	98.948051 
1859.067598  	98.894498 
1859.424905  	98.714155 
1859.782211  	98.817929 
1860.139518  	99.533660 
1860.496825  	99.551298 
1860.854132  	98.968535 
1861.211439  	98.899238 
1861.568746  	99.307198 
1861.926053  	99.310648 
1862.283359  	98.902476 
1862.640666  	99.068350 
1862.997973  	99.482307 
1863.355280  	99.392503 
1863.712587  	99.219231 
1864.069894  	99.199652 
1864.427201  	99.135969 
1864.784508  	99.097396 
1865.141814  	99.248013 
1865.499121  	99.256327 
1865.856428  	99.050290 
1866.213735  	99.130387 
1866.571042  	99.192605 
1866.928349  	98.999314 
1867.285656  	98.935896 
1867.642962  	98.839851 
1868.000269  	98.693493 
1868.357576  	98.737339 
1868.714883  	99.054973 
1869.072190  	99.419583 
1869.429497  	99.108821 
1869.786804  	98.764142 
1870.144110  	99.087531 
1870.501417  	99.307090 
1870.858724  	99.269583 
1871.216031  	98.869936 
1871.573338  	98.346542 
1871.930645  	98.454415 
1872.287952  	99.036001 
1872.645258  	99.229771 
1873.002565  	99.009296 
1873.359872  	98.919194 
1873.717179  	99.205689 
1874.074486  	99.721245 
1874.431793  	99.589865 
1874.789100  	98.943460 
1875.146406  	99.101237 
1875.503713  	99.411834 
1875.861020  	99.295436 
1876.218327  	99.678090 
1876.575634  	100.101115 
1876.932941  	99.936503 
1877.290248  	99.377210 
1877.647555  	98.881278 
1878.004861  	98.969833 
1878.362168  	99.448877 
1878.719475  	99.873556 
1879.076782  	99.523499 
1879.434089  	99.065222 
1879.791396  	99.402115 
1880.148703  	99.438996 
1880.506009  	99.527905 
1880.863316  	99.715636 
1881.220623  	99.224245 
1881.577930  	99.367871 
1881.935237  	99.886072 
1882.292544  	99.894805 
1882.649851  	99.753130 
1883.007157  	99.469509 
1883.364464  	99.760034 
1883.721771  	100.071001 
1884.079078  	99.745553 
1884.436385  	99.816370 
1884.793692  	99.913476 
1885.150999  	99.761356 
1885.508305  	99.620883 
1885.865612  	99.376208 
1886.222919  	99.760747 
1886.580226  	99.903515 
1886.937533  	99.065657 
1887.294840  	99.027996 
1887.652147  	99.451117 
1888.009453  	99.098541 
1888.366760  	98.952988 
1888.724067  	99.099597 
1889.081374  	99.113765 
1889.438681  	99.153698 
1889.795988  	99.152971 
1890.153295  	99.385178 
1890.510602  	99.585769 
1890.867908  	99.552949 
1891.225215  	99.267287 
1891.582522  	99.081074 
1891.939829  	99.353514 
1892.297136  	99.262534 
1892.654443  	99.002710 
1893.011750  	99.149908 
1893.369056  	99.218781 
1893.726363  	99.555414 
1894.083670  	99.460585 
1894.440977  	98.418295 
1894.798284  	98.279325 
1895.155591  	98.841576 
1895.512898  	98.522361 
1895.870204  	98.645970 
1896.227511  	99.209936 
1896.584818  	98.687740 
1896.942125  	98.270438 
1897.299432  	98.690085 
1897.656739  	98.855912 
1898.014046  	99.266090 
1898.371352  	99.849691 
1898.728659  	99.669769 
1899.085966  	99.282419 
1899.443273  	99.276936 
1899.800580  	99.289751 
1900.157887  	99.058368 
1900.515194  	98.814146 
1900.872500  	98.523586 
1901.229807  	98.532876 
1901.587114  	98.721803 
1901.944421  	98.876240 
1902.301728  	99.742032 
1902.659035  	99.923180 
1903.016342  	99.278946 
1903.373649  	99.230562 
1903.730955  	98.764734 
1904.088262  	98.926410 
1904.445569  	99.837926 
1904.802876  	99.410192 
1905.160183  	98.819263 
1905.517490  	98.674422 
1905.874797  	98.522763 
1906.232103  	98.723304 
1906.589410  	99.061030 
1906.946717  	99.239818 
1907.304024  	99.139850 
1907.661331  	99.087300 
1908.018638  	99.274149 
1908.375945  	99.698219 
1908.733251  	99.709643 
1909.090558  	99.416131 
1909.447865  	99.848449 
1909.805172  	99.794454 
1910.162479  	99.467829 
1910.519786  	99.551947 
1910.877093  	98.694229 
1911.234399  	98.481063 
1911.591706  	98.569285 
1911.949013  	97.882711 
1912.306320  	98.162230 
1912.663627  	98.169274 
1913.020934  	97.746349 
1913.378241  	98.836361 
1913.735547  	99.517458 
1914.092854  	98.926358 
1914.450161  	99.018242 
1914.807468  	98.976954 
1915.164775  	98.432245 
1915.522082  	99.158266 
1915.879389  	99.488216 
1916.236696  	98.359222 
1916.594002  	98.221642 
1916.951309  	98.753724 
1917.308616  	98.528017 
1917.665923  	98.093480 
1918.023230  	97.899522 
1918.380537  	98.201205 
1918.737844  	98.489610 
1919.095150  	98.255881 
1919.452457  	98.325954 
1919.809764  	98.996057 
1920.167071  	98.587514 
1920.524378  	98.046866 
1920.881685  	99.394057 
1921.238992  	100.331196 
1921.596298  	100.097047 
1921.953605  	99.749468 
1922.310912  	98.488608 
1922.668219  	97.590395 
1923.025526  	97.741796 
1923.382833  	98.164850 
1923.740140  	99.321477 
1924.097446  	99.914997 
1924.454753  	99.604998 
1924.812060  	99.344709 
1925.169367  	98.961492 
1925.526674  	98.814955 
1925.883981  	99.149508 
1926.241288  	99.544560 
1926.598594  	100.112230 
1926.955901  	99.639821 
1927.313208  	98.017675 
1927.670515  	98.152083 
1928.027822  	99.682092 
1928.385129  	99.854603 
1928.742436  	98.887101 
1929.099742  	98.112289 
1929.457049  	97.957187 
1929.814356  	97.959881 
1930.171663  	97.791714 
1930.528970  	98.182508 
1930.886277  	98.827796 
1931.243584  	99.077097 
1931.600891  	99.695451 
1931.958197  	100.058936 
1932.315504  	98.651791 
1932.672811  	97.154489 
1933.030118  	97.258104 
1933.387425  	98.112955 
1933.744732  	98.627453 
1934.102039  	97.867149 
1934.459345  	97.375787 
1934.816652  	98.500355 
1935.173959  	98.981616 
1935.531266  	98.371005 
1935.888573  	97.737880 
1936.245880  	97.807684 
1936.603187  	99.142817 
1936.960493  	99.370320 
1937.317800  	98.578452 
1937.675107  	99.269561 
1938.032414  	99.800807 
1938.389721  	99.096177 
1938.747028  	98.465191 
1939.104335  	98.073050 
1939.461641  	98.438486 
1939.818948  	99.131914 
1940.176255  	99.092581 
1940.533562  	99.466945 
1940.890869  	99.764459 
1941.248176  	98.588489 
1941.605483  	97.304924 
1941.962789  	97.441386 
1942.320096  	99.310878 
1942.677403  	100.619381 
1943.034710  	99.265459 
1943.392017  	98.467951 
1943.749324  	98.048246 
1944.106631  	97.429571 
1944.463938  	97.900742 
1944.821244  	98.253232 
1945.178551  	98.723069 
1945.535858  	100.534308 
1945.893165  	100.496087 
1946.250472  	98.187672 
1946.607779  	97.781345 
1946.965086  	98.633818 
1947.322392  	98.473560 
1947.679699  	98.465894 
1948.037006  	98.455319 
1948.394313  	98.040294 
1948.751620  	98.008655 
1949.108927  	98.678546 
1949.466234  	99.546355 
1949.823540  	98.573150 
1950.180847  	97.078495 
1950.538154  	97.063210 
1950.895461  	96.831224 
1951.252768  	97.037618 
1951.610075  	98.126332 
1951.967382  	98.389838 
1952.324688  	98.690649 
1952.681995  	98.920711 
1953.039302  	98.866011 
1953.396609  	99.905891 
1953.753916  	100.058642 
1954.111223  	99.012646 
1954.468530  	99.819399 
1954.825836  	100.438608 
1955.183143  	99.515184 
1955.540450  	99.509844 
1955.897757  	99.575162 
1956.255064  	99.475315 
1956.612371  	99.588073 
1956.969678  	99.309402 
1957.326985  	99.093819 
1957.684291  	98.677059 
1958.041598  	98.731937 
1958.398905  	98.733654 
1958.756212  	98.040646 
1959.113519  	97.965596 
1959.470826  	97.944923 
1959.828133  	98.050693 
1960.185439  	97.166727 
1960.542746  	96.630433 
1960.900053  	99.794172 
1961.257360  	100.817899 
1961.614667  	97.107383 
1961.971974  	95.571228 
1962.329281  	97.981934 
1962.686587  	98.961956 
1963.043894  	97.953082 
1963.401201  	99.906535 
1963.758508  	101.084243 
1964.115815  	99.828081 
1964.473122  	99.546300 
1964.830429  	96.584893 
1965.187735  	94.094488 
1965.545042  	96.119174 
1965.902349  	97.927317 
1966.259656  	98.454793 
1966.616963  	98.896445 
1966.974270  	98.861851 
1967.331577  	97.906945 
1967.688883  	96.796531 
1968.046190  	97.486448 
1968.403497  	99.552129 
1968.760804  	101.850170 
1969.118111  	102.752642 
1969.475418  	102.171095 
1969.832725  	100.059723 
1970.190032  	96.254890 
1970.547338  	93.960073 
1970.904645  	94.913510 
1971.261952  	97.808749 
1971.619259  	99.259261 
1971.976566  	98.127678 
1972.333873  	97.488467 
1972.691180  	97.690728 
1973.048486  	98.789995 
1973.405793  	100.867628 
1973.763100  	101.097211 
1974.120407  	99.692991 
1974.477714  	99.154912 
1974.835021  	100.046841 
1975.192328  	100.311913 
1975.549634  	99.025369 
1975.906941  	96.912380 
1976.264248  	94.908304 
1976.621555  	96.329068 
1976.978862  	100.089742 
1977.336169  	100.808784 
1977.693476  	99.919772 
1978.050782  	100.298910 
1978.408089  	100.428687 
1978.765396  	100.151217 
1979.122703  	99.642976 
1979.480010  	98.511588 
1979.837317  	98.537125 
1980.194624  	99.402116 
1980.551930  	99.160783 
1980.909237  	98.821274 
1981.266544  	99.191743 
1981.623851  	99.696296 
1981.981158  	99.422858 
1982.338465  	97.843376 
1982.695772  	96.366862 
1983.053079  	96.707484 
1983.410385  	98.618985 
1983.767692  	99.958381 
1984.124999  	99.565980 
1984.482306  	98.114233 
1984.839613  	96.056232 
1985.196920  	94.585267 
1985.554227  	95.490541 
1985.911533  	97.268098 
1986.268840  	97.901073 
1986.626147  	99.598438 
1986.983454  	100.855118 
1987.340761  	99.196953 
1987.698068  	99.207494 
1988.055375  	99.413806 
1988.412681  	97.223080 
1988.769988  	97.287804 
1989.127295  	98.423347 
1989.484602  	98.333690 
1989.841909  	99.478901 
1990.199216  	101.567458 
1990.556523  	101.354820 
1990.913829  	98.142849 
1991.271136  	97.466149 
1991.628443  	100.966936 
1991.985750  	101.947319 
1992.343057  	101.193377 
1992.700364  	102.683102 
1993.057671  	102.534573 
1993.414977  	100.403710 
1993.772284  	98.984380 
1994.129591  	98.306670 
1994.486898  	98.613063 
1994.844205  	98.270736 
1995.201512  	97.467979 
1995.558819  	98.978247 
1995.916126  	101.606152 
1996.273432  	102.502834 
1996.630739  	100.332456 
1996.988046  	98.922929 
1997.345353  	100.258066 
1997.702660  	99.740163 
1998.059967  	99.090145 
1998.417274  	98.955252 
1998.774580  	97.392736 
1999.131887  	98.052573 
1999.489194  	98.819596 
1999.846501  	98.641562 
2000.203808  	99.478232 
2000.561115  	99.792053 
2000.918422  	100.828145 
2001.275728  	101.404417 
2001.633035  	101.415772 
2001.990342  	101.395897 
2002.347649  	99.137034 
2002.704956  	98.303140 
2003.062263  	99.877650 
2003.419570  	100.612202 
2003.776876  	99.477957 
2004.134183  	98.138096 
2004.491490  	98.073099 
2004.848797  	97.207386 
2005.206104  	98.894125 
2005.563411  	101.927986 
2005.920718  	98.901120 
2006.278024  	97.528325 
2006.635331  	100.882890 
2006.992638  	101.643434 
2007.349945  	101.134724 
2007.707252  	101.143241 
2008.064559  	99.978915 
2008.421866  	97.798825 
2008.779172  	97.317108 
2009.136479  	99.472791 
2009.493786  	98.415804 
2009.851093  	95.484501 
2010.208400  	97.409665 
2010.565707  	99.942023 
2010.923014  	98.938088 
2011.280321  	99.648460 
2011.637627  	102.738360 
2011.994934  	103.605730 
2012.352241  	102.540754 
2012.709548  	102.700146 
2013.066855  	102.983496 
2013.424162  	101.538691 
2013.781469  	99.529583 
2014.138775  	98.973333 
2014.496082  	100.747219 
2014.853389  	101.461340 
2015.210696  	99.711562 
2015.568003  	99.367654 
2015.925310  	99.971261 
2016.282617  	99.592846 
2016.639923  	98.144068 
2016.997230  	96.981857 
2017.354537  	97.534974 
2017.711844  	97.074788 
2018.069151  	97.172485 
2018.426458  	99.497567 
2018.783765  	100.855341 
2019.141071  	99.686023 
2019.498378  	96.387961 
2019.855685  	96.142269 
2020.212992  	98.566104 
2020.570299  	99.532160 
2020.927606  	100.607295 
2021.284913  	99.438145 
2021.642219  	98.649283 
2021.999526  	99.271684 
2022.356833  	97.905611 
2022.714140  	99.143351 
2023.071447  	100.489721 
2023.428754  	99.743386 
2023.786061  	99.346161 
2024.143368  	97.630769 
2024.500674  	97.727231 
2024.857981  	98.553201 
2025.215288  	98.524499 
2025.572595  	100.748665 
2025.929902  	102.631687 
2026.287209  	100.260362 
2026.644516  	94.492655 
2027.001822  	93.892583 
2027.359129  	98.695076 
2027.716436  	99.446898 
2028.073743  	98.305189 
2028.431050  	98.191594 
2028.788357  	98.106431 
2029.145664  	100.268441 
2029.502970  	103.046215 
2029.860277  	103.275685 
2030.217584  	101.115029 
2030.574891  	98.916759 
2030.932198  	97.377305 
2031.289505  	95.442206 
2031.646812  	95.215437 
2032.004118  	98.478405 
2032.361425  	101.485344 
2032.718732  	99.593677 
2033.076039  	96.657146 
2033.433346  	97.611103 
2033.790653  	100.020841 
2034.147960  	100.822626 
2034.505266  	100.690461 
2034.862573  	99.869143 
2035.219880  	97.124743 
2035.577187  	95.982991 
2035.934494  	98.198014 
2036.291801  	99.395292 
2036.649108  	100.585654 
2037.006415  	101.512886 
2037.363721  	99.075604 
2037.721028  	98.178636 
2038.078335  	99.060063 
2038.435642  	98.931201 
2038.792949  	100.390838 
2039.150256  	101.681282 
2039.507563  	100.039209 
2039.864869  	98.558252 
2040.222176  	97.954328 
2040.579483  	98.084345 
2040.936790  	100.378258 
2041.294097  	101.661162 
2041.651404  	99.812668 
2042.008711  	98.872759 
2042.366017  	99.305592 
2042.723324  	98.897470 
2043.080631  	98.300462 
2043.437938  	98.864965 
2043.795245  	100.560725 
2044.152552  	101.682651 
2044.509859  	101.074713 
2044.867165  	99.895326 
2045.224472  	99.242712 
2045.581779  	99.925315 
2045.939086  	102.021204 
2046.296393  	101.893666 
2046.653700  	99.022249 
2047.011007  	98.625801 
2047.368313  	100.311940 
2047.725620  	100.116972 
2048.082927  	99.243011 
2048.440234  	98.821349 
2048.797541  	97.808504 
2049.154848  	98.108425 
2049.512155  	100.067766 
2049.869462  	99.750908 
2050.226768  	98.465707 
2050.584075  	98.893788 
2050.941382  	98.486193 
2051.298689  	97.557282 
2051.655996  	97.488282 
2052.013303  	98.036816 
2052.370610  	99.070513 
2052.727916  	99.292734 
2053.085223  	99.539059 
2053.442530  	99.565732 
2053.799837  	98.136672 
2054.157144  	97.901752 
2054.514451  	97.737162 
2054.871758  	97.504111 
2055.229064  	99.787312 
2055.586371  	100.947022 
2055.943678  	99.717051 
2056.300985  	99.089770 
2056.658292  	98.137838 
2057.015599  	96.907634 
2057.372906  	97.396923 
2057.730212  	98.888365 
2058.087519  	99.983241 
2058.444826  	99.942987 
2058.802133  	98.573776 
2059.159440  	98.401839 
2059.516747  	99.814670 
2059.874054  	99.730039 
2060.231360  	99.447038 
2060.588667  	100.291160 
2060.945974  	99.998921 
2061.303281  	99.057482 
2061.660588  	99.074065 
2062.017895  	99.587173 
2062.375202  	98.987295 
2062.732509  	97.510451 
2063.089815  	97.187619 
2063.447122  	96.995856 
2063.804429  	96.170499 
2064.161736  	96.490108 
2064.519043  	97.075634 
2064.876350  	97.060661 
2065.233657  	98.527986 
2065.590963  	101.164403 
2065.948270  	102.612648 
2066.305577  	102.143143 
2066.662884  	99.859347 
2067.020191  	98.192869 
2067.377498  	99.358294 
2067.734805  	100.194599 
2068.092111  	98.532724 
2068.449418  	97.341610 
2068.806725  	97.702503 
2069.164032  	98.223525 
2069.521339  	98.911776 
2069.878646  	99.962615 
2070.235953  	99.989419 
2070.593259  	99.419172 
2070.950566  	99.825697 
2071.307873  	100.283016 
2071.665180  	99.933830 
2072.022487  	99.141737 
2072.379794  	98.951177 
2072.737101  	99.912640 
2073.094407  	100.415911 
2073.451714  	99.542916 
2073.809021  	98.030968 
2074.166328  	98.235748 
2074.523635  	100.580010 
2074.880942  	100.940809 
2075.238249  	99.259439 
2075.595556  	98.269390 
2075.952862  	97.949359 
2076.310169  	98.739581 
2076.667476  	99.560522 
2077.024783  	99.312283 
2077.382090  	99.055798 
2077.739397  	98.597537 
2078.096704  	98.177713 
2078.454010  	98.888481 
2078.811317  	99.589497 
2079.168624  	98.997910 
2079.525931  	99.200387 
2079.883238  	100.543291 
2080.240545  	100.045094 
2080.597852  	99.033517 
2080.955158  	99.355140 
2081.312465  	99.238335 
2081.669772  	98.725590 
2082.027079  	98.595252 
2082.384386  	98.463766 
2082.741693  	98.739459 
2083.099000  	99.290474 
2083.456306  	99.274850 
2083.813613  	99.326114 
2084.170920  	99.831712 
2084.528227  	99.880827 
2084.885534  	99.675839 
2085.242841  	99.394901 
2085.600148  	99.000150 
2085.957454  	99.043930 
2086.314761  	99.346634 
2086.672068  	100.012653 
2087.029375  	100.018263 
2087.386682  	98.750626 
2087.743989  	98.589560 
2088.101296  	99.451571 
2088.458602  	99.390268 
2088.815909  	99.123655 
2089.173216  	99.370624 
2089.530523  	99.822955 
2089.887830  	100.001790 
2090.245137  	99.326697 
2090.602444  	99.218022 
2090.959751  	100.295015 
2091.317057  	99.779468 
2091.674364  	98.441242 
2092.031671  	99.228473 
2092.388978  	100.880153 
2092.746285  	101.519361 
2093.103592  	101.216292 
2093.460899  	101.021891 
2093.818205  	100.699601 
2094.175512  	99.806454 
2094.532819  	99.673128 
2094.890126  	99.368527 
2095.247433  	98.964920 
2095.604740  	99.365583 
2095.962047  	99.586757 
2096.319353  	100.261008 
2096.676660  	100.285914 
2097.033967  	99.857142 
2097.391274  	100.133739 
2097.748581  	99.416816 
2098.105888  	99.106321 
2098.463195  	99.714640 
2098.820501  	100.163638 
2099.177808  	99.944977 
2099.535115  	98.419760 
2099.892422  	98.398654 
2100.249729  	99.475035 
2100.607036  	99.512883 
2100.964343  	99.919794 
2101.321649  	99.980532 
2101.678956  	99.017613 
2102.036263  	98.362349 
2102.393570  	99.005427 
2102.750877  	99.924800 
2103.108184  	99.687987 
2103.465491  	99.119042 
2103.822798  	98.778392 
2104.180104  	98.855886 
2104.537411  	98.322413 
2104.894718  	97.797756 
2105.252025  	99.112904 
2105.609332  	99.540552 
2105.966639  	99.043515 
2106.323946  	99.136432 
2106.681252  	98.832220 
2107.038559  	99.621457 
2107.395866  	100.733383 
2107.753173  	100.273679 
2108.110480  	99.246711 
2108.467787  	98.498028 
2108.825094  	98.727895 
2109.182400  	99.435372 
2109.539707  	99.672357 
2109.897014  	99.604928 
2110.254321  	99.606646 
2110.611628  	99.475652 
2110.968935  	98.626573 
2111.326242  	98.176992 
2111.683548  	99.062647 
2112.040855  	99.942784 
2112.398162  	100.236255 
2112.755469  	100.551553 
2113.112776  	100.090096 
2113.470083  	99.134290 
2113.827390  	99.040856 
2114.184696  	99.117663 
2114.542003  	99.545459 
2114.899310  	99.749852 
2115.256617  	98.763070 
2115.613924  	98.933139 
2115.971231  	99.570584 
2116.328538  	99.331477 
2116.685845  	100.100032 
2117.043151  	100.936664 
2117.400458  	100.154062 
2117.757765  	98.798323 
2118.115072  	98.585472 
2118.472379  	99.208596 
2118.829686  	99.644750 
2119.186993  	100.068594 
2119.544299  	99.982337 
2119.901606  	99.633816 
2120.258913  	99.753686 
2120.616220  	100.093832 
2120.973527  	100.420129 
2121.330834  	100.470871 
2121.688141  	100.085727 
2122.045447  	99.265171 
2122.402754  	99.351521 
2122.760061  	100.286875 
2123.117368  	100.359644 
2123.474675  	100.084044 
2123.831982  	99.660168 
2124.189289  	99.723454 
2124.546595  	100.251370 
2124.903902  	99.549952 
2125.261209  	98.993509 
2125.618516  	99.298641 
2125.975823  	99.343905 
2126.333130  	99.481023 
2126.690437  	99.619553 
2127.047743  	99.098993 
2127.405050  	99.112754 
2127.762357  	99.930454 
2128.119664  	99.565790 
2128.476971  	99.696151 
2128.834278  	100.435625 
2129.191585  	99.836489 
2129.548892  	100.107065 
2129.906198  	99.669597 
2130.263505  	98.526639 
2130.620812  	99.231178 
2130.978119  	99.576581 
2131.335426  	99.822687 
2131.692733  	99.831366 
2132.050040  	99.661831 
2132.407346  	100.619071 
2132.764653  	100.199215 
2133.121960  	98.982307 
2133.479267  	98.152691 
2133.836574  	97.686975 
2134.193881  	98.264084 
2134.551188  	99.219126 
2134.908494  	100.066647 
2135.265801  	99.422758 
2135.623108  	98.622917 
2135.980415  	98.646991 
2136.337722  	98.099783 
2136.695029  	98.880336 
2137.052336  	100.620424 
2137.409642  	100.481602 
2137.766949  	98.575749 
2138.124256  	98.225626 
2138.481563  	99.802197 
2138.838870  	99.764595 
2139.196177  	99.982421 
2139.553484  	100.618639 
2139.910790  	99.280980 
2140.268097  	98.177653 
2140.625404  	98.857452 
2140.982711  	100.651261 
2141.340018  	100.281502 
2141.697325  	98.464618 
2142.054632  	98.868428 
2142.411939  	100.574109 
2142.769245  	102.395438 
2143.126552  	102.344983 
2143.483859  	100.652617 
2143.841166  	100.186156 
2144.198473  	100.423754 
2144.555780  	99.568136 
2144.913087  	98.902608 
2145.270393  	99.701893 
2145.627700  	97.999281 
2145.985007  	97.127571 
2146.342314  	100.973888 
2146.699621  	100.574074 
2147.056928  	97.561016 
2147.414235  	99.313474 
2147.771541  	102.414769 
2148.128848  	103.277366 
2148.486155  	101.475840 
2148.843462  	99.770268 
2149.200769  	99.192934 
2149.558076  	99.073428 
2149.915383  	99.962398 
2150.272689  	100.141205 
2150.629996  	100.063742 
2150.987303  	100.692057 
2151.344610  	100.148985 
2151.701917  	98.585528 
2152.059224  	97.736609 
2152.416531  	97.757408 
2152.773837  	99.517131 
2153.131144  	101.524025 
2153.488451  	99.708178 
2153.845758  	98.541341 
2154.203065  	99.158146 
2154.560372  	98.971036 
2154.917679  	100.973065 
2155.274986  	99.988174 
2155.632292  	98.157988 
2155.989599  	99.645658 
2156.346906  	97.779089 
2156.704213  	98.320311 
2157.061520  	101.340088 
2157.418827  	100.356821 
2157.776134  	101.942400 
2158.133440  	104.079023 
2158.490747  	100.433873 
2158.848054  	96.941668 
2159.205361  	98.875171 
2159.562668  	99.134096 
2159.919975  	97.257225 
2160.277282  	100.616222 
2160.634588  	102.600257 
2160.991895  	100.646108 
2161.349202  	99.753514 
2161.706509  	99.126102 
2162.063816  	97.775662 
2162.421123  	96.518122 
2162.778430  	98.671184 
2163.135736  	100.884343 
2163.493043  	100.917038 
2163.850350  	103.448848 
2164.207657  	104.755340 
2164.564964  	102.213337 
2164.922271  	99.190996 
2165.279578  	99.426666 
2165.636884  	101.479511 
2165.994191  	99.333382 
2166.351498  	97.373341 
2166.708805  	97.361566 
2167.066112  	97.101218 
2167.423419  	99.793563 
2167.780726  	102.157083 
2168.138032  	101.109194 
2168.495339  	100.312066 
2168.852646  	99.940643 
2169.209953  	97.645112 
2169.567260  	95.910520 
2169.924567  	96.962504 
2170.281874  	98.604343 
2170.639181  	99.450742 
2170.996487  	98.940370 
2171.353794  	98.435380 
2171.711101  	98.758203 
2172.068408  	98.473415 
2172.425715  	99.131855 
2172.783022  	98.634228 
2173.140329  	97.429133 
2173.497635  	99.571874 
2173.854942  	100.931024 
2174.212249  	100.537954 
2174.569556  	101.688368 
2174.926863  	102.637141 
2175.284170  	101.121478 
2175.641477  	99.066237 
2175.998783  	98.671487 
2176.356090  	98.007686 
2176.713397  	97.461466 
2177.070704  	97.297161 
2177.428011  	97.207453 
2177.785318  	98.718518 
2178.142625  	98.382377 
2178.499931  	97.296812 
2178.857238  	98.858228 
2179.214545  	100.293643 
2179.571852  	100.460702 
2179.929159  	99.038453 
2180.286466  	98.684651 
2180.643773  	99.957643 
2181.001079  	99.973734 
2181.358386  	100.889425 
2181.715693  	100.006021 
2182.073000  	96.767855 
2182.430307  	96.704362 
2182.787614  	97.295622 
2183.144921  	96.505975 
2183.502228  	96.875319 
2183.859534  	97.896908 
2184.216841  	98.399907 
2184.574148  	98.745583 
2184.931455  	98.778095 
2185.288762  	97.928660 
2185.646069  	97.328730 
2186.003376  	97.137773 
2186.360682  	96.833983 
2186.717989  	97.218195 
2187.075296  	98.562209 
2187.432603  	100.433465 
2187.789910  	100.729959 
2188.147217  	99.045378 
2188.504524  	98.227017 
2188.861830  	98.810426 
2189.219137  	99.081172 
2189.576444  	98.377478 
2189.933751  	99.231571 
2190.291058  	100.650465 
2190.648365  	98.737697 
2191.005672  	98.293247 
2191.362978  	100.251459 
2191.720285  	100.052776 
2192.077592  	99.733645 
2192.434899  	99.433622 
2192.792206  	98.236894 
2193.149513  	98.316515 
2193.506820  	98.304492 
2193.864126  	98.089296 
2194.221433  	98.999855 
2194.578740  	99.603581 
2194.936047  	99.352791 
2195.293354  	98.996755 
2195.650661  	98.708912 
2196.007968  	98.343087 
2196.365275  	98.341602 
2196.722581  	98.980004 
2197.079888  	99.121340 
2197.437195  	98.130949 
2197.794502  	97.401733 
2198.151809  	98.044746 
2198.509116  	98.898379 
2198.866423  	99.396810 
2199.223729  	100.750314 
2199.581036  	101.612986 
2199.938343  	99.834274 
2200.295650  	97.804702 
2200.652957  	97.291613 
2201.010264  	96.673517 
2201.367571  	97.057572 
2201.724877  	98.960119 
2202.082184  	99.112405 
2202.439491  	98.001947 
2202.796798  	98.735691 
2203.154105  	100.948630 
2203.511412  	101.454340 
2203.868719  	99.722573 
2204.226025  	99.262682 
2204.583332  	100.247279 
2204.940639  	100.021582 
2205.297946  	98.890707 
2205.655253  	99.071545 
2206.012560  	100.634027 
2206.369867  	100.856848 
2206.727173  	99.835637 
2207.084480  	98.455713 
2207.441787  	97.347687 
2207.799094  	98.203627 
2208.156401  	99.079890 
2208.513708  	99.432470 
2208.871015  	100.525599 
2209.228322  	100.827976 
2209.585628  	100.392922 
2209.942935  	99.949592 
2210.300242  	99.764790 
2210.657549  	99.336010 
2211.014856  	99.231547 
2211.372163  	100.307254 
2211.729470  	100.139961 
2212.086776  	99.791357 
2212.444083  	100.375739 
2212.801390  	100.565704 
2213.158697  	100.628709 
2213.516004  	98.563668 
2213.873311  	96.652969 
2214.230618  	97.948786 
2214.587924  	99.706594 
2214.945231  	100.346668 
2215.302538  	99.574223 
2215.659845  	99.184384 
2216.017152  	100.062724 
2216.374459  	100.449904 
2216.731766  	100.511046 
2217.089072  	99.494407 
2217.446379  	98.037559 
2217.803686  	97.988765 
2218.160993  	98.606512 
2218.518300  	99.038766 
2218.875607  	99.564868 
2219.232914  	100.332860 
2219.590220  	99.724086 
2219.947527  	98.395171 
2220.304834  	98.793551 
2220.662141  	100.663061 
2221.019448  	102.055135 
2221.376755  	100.825258 
2221.734062  	99.284879 
2222.091369  	99.076598 
2222.448675  	98.315573 
2222.805982  	98.097105 
2223.163289  	98.726671 
2223.520596  	99.120614 
2223.877903  	98.905116 
2224.235210  	98.924817 
2224.592517  	99.878263 
2224.949823  	99.530211 
2225.307130  	99.507723 
2225.664437  	101.256083 
2226.021744  	101.382384 
2226.379051  	100.356490 
2226.736358  	100.393137 
2227.093665  	100.888352 
2227.450971  	99.934569 
2227.808278  	99.565876 
2228.165585  	102.050870 
2228.522892  	102.570041 
2228.880199  	99.953548 
2229.237506  	98.641963 
2229.594813  	99.242067 
2229.952119  	100.185256 
2230.309426  	100.825838 
2230.666733  	100.717830 
2231.024040  	100.206812 
2231.381347  	100.186086 
2231.738654  	99.931625 
2232.095961  	99.919062 
2232.453267  	100.689515 
2232.810574  	100.132188 
2233.167881  	98.899139 
2233.525188  	98.589222 
2233.882495  	99.196676 
2234.239802  	99.601764 
2234.597109  	99.058267 
2234.954416  	99.909573 
2235.311722  	100.966081 
2235.669029  	100.463046 
2236.026336  	99.924942 
2236.383643  	99.573299 
2236.740950  	100.243722 
2237.098257  	100.466223 
2237.455564  	99.697446 
2237.812870  	99.699032 
2238.170177  	99.498760 
2238.527484  	99.852402 
2238.884791  	99.813003 
2239.242098  	98.719743 
2239.599405  	98.967078 
2239.956712  	99.462042 
2240.314018  	99.683986 
2240.671325  	99.457804 
2241.028632  	99.092894 
2241.385939  	99.744369 
2241.743246  	99.984603 
2242.100553  	100.455458 
2242.457860  	100.667802 
2242.815166  	99.377016 
2243.172473  	98.922223 
2243.529780  	99.066902 
2243.887087  	98.843670 
2244.244394  	98.402943 
2244.601701  	97.796634 
2244.959008  	98.282271 
2245.316314  	99.080234 
2245.673621  	99.377270 
2246.030928  	100.578548 
2246.388235  	101.284172 
2246.745542  	99.932224 
2247.102849  	98.745435 
2247.460156  	98.538045 
2247.817463  	98.753802 
2248.174769  	99.364045 
2248.532076  	99.635933 
2248.889383  	100.322879 
2249.246690  	100.728905 
2249.603997  	99.500954 
2249.961304  	98.758883 
2250.318611  	98.861432 
2250.675917  	98.778769 
2251.033224  	98.801230 
2251.390531  	98.803511 
2251.747838  	98.615081 
2252.105145  	98.645697 
2252.462452  	99.690751 
2252.819759  	100.544194 
2253.177065  	100.270943 
2253.534372  	100.159801 
2253.891679  	99.821367 
2254.248986  	99.134754 
2254.606293  	99.035001 
2254.963600  	99.605551 
2255.320907  	99.891423 
2255.678213  	99.058118 
2256.035520  	98.655941 
2256.392827  	98.888568 
2256.750134  	98.719082 
2257.107441  	99.379977 
2257.464748  	100.741120 
2257.822055  	100.893513 
2258.179361  	100.094097 
2258.536668  	100.074540 
2258.893975  	100.363590 
2259.251282  	99.588160 
2259.608589  	98.759584 
2259.965896  	98.689942 
2260.323203  	98.848218 
2260.680509  	99.562165 
2261.037816  	100.738418 
2261.395123  	100.389800 
2261.752430  	99.021694 
2262.109737  	99.426678 
2262.467044  	100.459389 
2262.824351  	100.736416 
2263.181658  	100.658363 
2263.538964  	99.608001 
2263.896271  	98.910145 
2264.253578  	99.443818 
2264.610885  	99.841555 
2264.968192  	99.995230 
2265.325499  	100.445129 
2265.682806  	100.697747 
2266.040112  	100.167729 
2266.397419  	100.157416 
2266.754726  	101.074631 
2267.112033  	101.020272 
2267.469340  	100.321693 
2267.826647  	100.187879 
2268.183954  	100.175111 
2268.541260  	100.036196 
2268.898567  	100.116657 
2269.255874  	100.271225 
2269.613181  	99.850124 
2269.970488  	99.406076 
2270.327795  	99.602260 
2270.685102  	99.623471 
2271.042408  	99.155686 
2271.399715  	98.823672 
2271.757022  	99.219194 
2272.114329  	100.151154 
2272.471636  	100.021549 
2272.828943  	98.672218 
2273.186250  	98.499790 
2273.543556  	99.597618 
2273.900863  	100.068676 
2274.258170  	99.834561 
2274.615477  	99.165641 
2274.972784  	99.113604 
2275.330091  	100.191833 
2275.687398  	100.229508 
2276.044705  	99.271188 
2276.402011  	99.083060 
2276.759318  	99.665705 
2277.116625  	100.116758 
2277.473932  	99.796676 
2277.831239  	99.563886 
2278.188546  	99.522982 
2278.545853  	99.203984 
2278.903159  	99.288006 
2279.260466  	99.486464 
2279.617773  	99.626390 
2279.975080  	100.113441 
2280.332387  	100.216486 
2280.689694  	99.384202 
2281.047001  	98.518569 
2281.404307  	98.628865 
2281.761614  	99.343300 
2282.118921  	99.763301 
2282.476228  	99.455480 
2282.833535  	99.150092 
2283.190842  	99.468369 
2283.548149  	99.666573 
2283.905455  	100.039861 
2284.262762  	100.278509 
2284.620069  	99.234207 
2284.977376  	98.728536 
2285.334683  	99.653092 
2285.691990  	100.057572 
2286.049297  	99.543992 
2286.406603  	99.408135 
2286.763910  	99.643778 
2287.121217  	99.331930 
2287.478524  	99.048838 
2287.835831  	99.336890 
2288.193138  	99.690378 
2288.550445  	100.046730 
2288.907752  	100.065594 
2289.265058  	99.676980 
2289.622365  	99.490609 
2289.979672  	99.672878 
2290.336979  	99.986339 
2290.694286  	99.663304 
2291.051593  	98.745244 
2291.408900  	98.719970 
2291.766206  	99.695828 
2292.123513  	99.978152 
2292.480820  	99.661791 
2292.838127  	99.746773 
2293.195434  	99.464613 
2293.552741  	99.053841 
2293.910048  	99.492535 
2294.267354  	99.803928 
2294.624661  	99.680992 
2294.981968  	99.665986 
2295.339275  	99.536673 
2295.696582  	99.389187 
2296.053889  	99.229310 
2296.411196  	99.055402 
2296.768502  	99.409016 
2297.125809  	99.784641 
2297.483116  	99.632142 
2297.840423  	99.540292 
2298.197730  	99.359671 
2298.555037  	98.968844 
2298.912344  	99.060827 
2299.269650  	99.323226 
2299.626957  	99.476690 
2299.984264  	99.418150 
2300.341571  	99.336507 
2300.698878  	99.808928 
2301.056185  	99.799279 
2301.413492  	99.231810 
2301.770799  	99.090284 
2302.128105  	99.195459 
2302.485412  	99.643555 
2302.842719  	99.895496 
2303.200026  	99.746765 
2303.557333  	99.964194 
2303.914640  	99.992354 
2304.271947  	99.923034 
2304.629253  	100.068293 
2304.986560  	99.906792 
2305.343867  	99.483169 
2305.701174  	99.005282 
2306.058481  	99.045726 
2306.415788  	99.557052 
2306.773095  	99.498357 
2307.130401  	99.139053 
2307.487708  	99.309234 
2307.845015  	99.442543 
2308.202322  	99.094106 
2308.559629  	99.160767 
2308.916936  	99.831830 
2309.274243  	99.686764 
2309.631549  	99.202805 
2309.988856  	99.204208 
2310.346163  	99.224627 
2310.703470  	99.371681 
2311.060777  	99.583611 
2311.418084  	99.664465 
2311.775391  	99.713043 
2312.132697  	99.648996 
2312.490004  	99.577535 
2312.847311  	99.983913 
2313.204618  	100.595648 
2313.561925  	99.954015 
2313.919232  	99.258069 
2314.276539  	99.680570 
2314.633846  	100.059823 
2314.991152  	99.909214 
2315.348459  	99.604762 
2315.705766  	99.279368 
2316.063073  	99.199033 
2316.420380  	99.427232 
2316.777687  	99.620420 
2317.134994  	99.500185 
2317.492300  	99.839892 
2317.849607  	100.250419 
2318.206914  	99.800410 
2318.564221  	98.914488 
2318.921528  	98.379442 
2319.278835  	99.064951 
2319.636142  	99.545204 
2319.993448  	99.149200 
2320.350755  	99.340952 
2320.708062  	99.530529 
2321.065369  	99.582277 
2321.422676  	99.399760 
2321.779983  	98.722345 
2322.137290  	99.026793 
2322.494596  	99.690775 
2322.851903  	99.932945 
2323.209210  	99.762304 
2323.566517  	99.326620 
2323.923824  	99.226077 
2324.281131  	99.080481 
2324.638438  	99.195137 
2324.995744  	99.565715 
2325.353051  	99.074265 
2325.710358  	99.281073 
2326.067665  	99.811936 
2326.424972  	99.687390 
2326.782279  	99.460990 
2327.139586  	99.281767 
2327.496893  	99.594333 
2327.854199  	100.006305 
2328.211506  	99.604805 
2328.568813  	99.078863 
2328.926120  	99.453941 
2329.283427  	100.174485 
2329.640734  	100.304173 
2329.998041  	99.940044 
2330.355347  	99.715603 
2330.712654  	99.685356 
2331.069961  	99.416814 
2331.427268  	99.805803 
2331.784575  	100.097109 
2332.141882  	99.775540 
2332.499189  	99.420113 
2332.856495  	99.077114 
2333.213802  	98.817604 
2333.571109  	98.955232 
2333.928416  	99.606882 
2334.285723  	100.238804 
2334.643030  	99.781791 
2335.000337  	99.646271 
2335.357643  	99.842296 
2335.714950  	99.694029 
2336.072257  	99.462195 
2336.429564  	99.198845 
2336.786871  	99.067524 
2337.144178  	99.329847 
2337.501485  	99.503766 
2337.858791  	99.375928 
2338.216098  	99.593004 
2338.573405  	99.922485 
2338.930712  	99.955357 
2339.288019  	99.737446 
2339.645326  	99.708548 
2340.002633  	99.740744 
2340.359939  	99.586965 
2340.717246  	99.508073 
2341.074553  	99.596254 
2341.431860  	99.627226 
2341.789167  	99.666629 
2342.146474  	99.731555 
2342.503781  	99.550834 
2342.861088  	99.375117 
2343.218394  	99.437994 
2343.575701  	99.463591 
2343.933008  	99.488877 
2344.290315  	99.252251 
2344.647622  	99.106282 
2345.004929  	99.411915 
2345.362236  	99.571661 
2345.719542  	99.736385 
2346.076849  	99.540952 
2346.434156  	99.148283 
2346.791463  	99.362928 
2347.148770  	99.469930 
2347.506077  	99.383063 
2347.863384  	99.711424 
2348.220690  	100.132650 
2348.577997  	99.853073 
2348.935304  	99.335315 
2349.292611  	99.297341 
2349.649918  	99.509428 
2350.007225  	99.784866 
2350.364532  	99.978856 
2350.721838  	99.981627 
2351.079145  	100.229490 
2351.436452  	100.340848 
2351.793759  	99.971155 
2352.151066  	99.721314 
2352.508373  	99.544652 
2352.865680  	99.388110 
2353.222986  	99.290877 
2353.580293  	99.416609 
2353.937600  	99.657059 
2354.294907  	99.645373 
2354.652214  	99.524128 
2355.009521  	99.591623 
2355.366828  	99.647848 
2355.724135  	99.773691 
2356.081441  	100.024779 
2356.438748  	99.680982 
2356.796055  	99.426617 
2357.153362  	99.884693 
2357.510669  	100.056550 
2357.867976  	99.477939 
2358.225283  	99.203538 
2358.582589  	98.860906 
2358.939896  	98.895958 
2359.297203  	99.539719 
2359.654510  	99.536051 
2360.011817  	99.261321 
2360.369124  	99.759118 
2360.726431  	100.296407 
2361.083737  	100.050100 
2361.441044  	100.508191 
2361.798351  	101.081958 
2362.155658  	99.952678 
2362.512965  	99.071190 
2362.870272  	99.028085 
2363.227579  	99.769023 
2363.584885  	99.941646 
2363.942192  	99.789353 
2364.299499  	100.307514 
2364.656806  	99.954141 
2365.014113  	99.136267 
2365.371420  	99.342216 
2365.728727  	99.462222 
2366.086033  	99.057900 
2366.443340  	99.455945 
2366.800647  	100.317612 
2367.157954  	100.258595 
2367.515261  	99.971027 
2367.872568  	100.203847 
2368.229875  	100.382343 
2368.587182  	99.784896 
2368.944488  	98.896007 
2369.301795  	99.057600 
2369.659102  	100.112853 
2370.016409  	100.308931 
2370.373716  	100.388423 
2370.731023  	99.947626 
2371.088330  	99.333231 
2371.445636  	99.548781 
2371.802943  	99.373217 
2372.160250  	98.594837 
2372.517557  	98.413521 
2372.874864  	98.994693 
2373.232171  	99.568988 
2373.589478  	99.439549 
2373.946784  	99.113012 
2374.304091  	98.774986 
2374.661398  	98.651466 
2375.018705  	99.011783 
2375.376012  	99.215026 
2375.733319  	99.141961 
2376.090626  	99.181425 
2376.447932  	99.076109 
2376.805239  	99.036750 
2377.162546  	99.312282 
2377.519853  	99.604632 
2377.877160  	99.652001 
2378.234467  	99.447943 
2378.591774  	99.459059 
2378.949080  	99.689317 
2379.306387  	99.497207 
2379.663694  	99.274350 
2380.021001  	99.204861 
2380.378308  	99.101697 
2380.735615  	99.272081 
2381.092922  	99.169412 
2381.450229  	98.955224 
2381.807535  	99.242421 
2382.164842  	99.462800 
2382.522149  	99.589612 
2382.879456  	99.584556 
2383.236763  	99.338959 
2383.594070  	99.280492 
2383.951377  	99.236027 
2384.308683  	99.077453 
2384.665990  	99.002477 
2385.023297  	99.283016 
2385.380604  	99.518820 
2385.737911  	99.262224 
2386.095218  	99.238900 
2386.452525  	99.318031 
2386.809831  	99.214171 
2387.167138  	99.301451 
2387.524445  	99.266198 
2387.881752  	99.264266 
2388.239059  	99.408157 
2388.596366  	99.331612 
2388.953673  	99.165692 
2389.310979  	99.400208 
2389.668286  	99.981856 
2390.025593  	99.731438 
2390.382900  	99.027998 
2390.740207  	99.287362 
2391.097514  	99.796058 
2391.454821  	99.788927 
2391.812127  	99.803760 
2392.169434  	99.884157 
2392.526741  	99.471052 
2392.884048  	99.097120 
2393.241355  	99.279317 
2393.598662  	99.234150 
2393.955969  	99.265275 
2394.313276  	99.527627 
2394.670582  	99.398864 
2395.027889  	99.425947 
2395.385196  	99.488628 
2395.742503  	99.349800 
2396.099810  	99.345996 
2396.457117  	99.429888 
2396.814424  	99.737716 
2397.171730  	99.686693 
2397.529037  	99.254559 
2397.886344  	99.265835 
2398.243651  	99.375450 
2398.600958  	99.364985 
2398.958265  	99.415714 
2399.315572  	99.554874 
2399.672878  	99.577921 
2400.030185  	99.175199 
2400.387492  	98.933304 
2400.744799  	98.929760 
2401.102106  	98.765723 
2401.459413  	98.847245 
2401.816720  	99.001171 
2402.174026  	99.059301 
2402.531333  	99.321199 
2402.888640  	99.329931 
2403.245947  	98.945081 
2403.603254  	98.833619 
2403.960561  	99.201594 
2404.317868  	99.411691 
2404.675174  	99.237684 
2405.032481  	99.228956 
2405.389788  	99.140444 
2405.747095  	98.806184 
2406.104402  	98.965769 
2406.461709  	99.362311 
2406.819016  	99.169276 
2407.176323  	98.672817 
2407.533629  	98.626340 
2407.890936  	98.658116 
2408.248243  	98.394848 
2408.605550  	98.600626 
2408.962857  	98.845879 
2409.320164  	98.641950 
2409.677471  	98.716817 
2410.034777  	98.799568 
2410.392084  	98.947008 
2410.749391  	99.190366 
2411.106698  	98.820225 
2411.464005  	98.587304 
2411.821312  	98.799041 
2412.178619  	98.940239 
2412.535925  	99.117802 
2412.893232  	99.059476 
2413.250539  	98.786907 
2413.607846  	98.719450 
2413.965153  	98.874635 
2414.322460  	99.149442 
2414.679767  	99.346561 
2415.037073  	99.284742 
2415.394380  	99.113723 
2415.751687  	99.178966 
2416.108994  	99.221872 
2416.466301  	99.018298 
2416.823608  	99.011380 
2417.180915  	99.243626 
2417.538221  	99.474249 
2417.895528  	99.570363 
2418.252835  	99.510838 
2418.610142  	99.397166 
2418.967449  	99.272084 
2419.324756  	99.273829 
2419.682063  	99.278759 
2420.039369  	99.067569 
2420.396676  	98.735559 
2420.753983  	98.760666 
2421.111290  	99.236536 
2421.468597  	99.435043 
2421.825904  	99.672988 
2422.183211  	99.983007 
2422.540518  	99.499948 
2422.897824  	99.341302 
2423.255131  	99.819485 
2423.612438  	99.675387 
2423.969745  	99.432460 
2424.327052  	99.559277 
2424.684359  	99.554028 
2425.041666  	99.401998 
2425.398972  	99.393598 
2425.756279  	99.594613 
2426.113586  	99.721754 
2426.470893  	99.773261 
2426.828200  	99.749483 
2427.185507  	99.567892 
2427.542814  	99.674153 
2427.900120  	100.017416 
2428.257427  	99.974349 
2428.614734  	99.794490 
2428.972041  	99.762848 
2429.329348  	99.312143 
2429.686655  	98.943515 
2430.043962  	99.386311 
2430.401268  	99.576195 
2430.758575  	99.278582 
2431.115882  	99.214708 
2431.473189  	99.029662 
2431.830496  	98.931499 
2432.187803  	99.374778 
2432.545110  	99.701407 
2432.902416  	99.392626 
2433.259723  	99.038156 
2433.617030  	99.193602 
2433.974337  	99.361691 
2434.331644  	99.367864 
2434.688951  	99.485261 
2435.046258  	99.588813 
2435.403565  	99.547143 
2435.760871  	99.262474 
2436.118178  	99.260594 
2436.475485  	99.538172 
2436.832792  	99.324592 
2437.190099  	99.206640 
2437.547406  	99.360691 
2437.904713  	99.222039 
2438.262019  	99.236044 
2438.619326  	99.492188 
2438.976633  	99.557992 
2439.333940  	99.277365 
2439.691247  	99.027234 
2440.048554  	99.134195 
2440.405861  	99.273563 
2440.763167  	99.376788 
2441.120474  	99.288023 
2441.477781  	99.048650 
2441.835088  	99.168664 
2442.192395  	99.513045 
2442.549702  	99.825027 
2442.907009  	99.770571 
2443.264315  	99.456800 
2443.621622  	99.360730 
2443.978929  	99.067191 
2444.336236  	98.794957 
2444.693543  	99.122286 
2445.050850  	99.469651 
2445.408157  	99.363211 
2445.765463  	99.197526 
2446.122770  	99.423966 
2446.480077  	99.572560 
2446.837384  	99.354945 
2447.194691  	99.107141 
2447.551998  	98.809902 
2447.909305  	99.025629 
2448.266612  	99.522460 
2448.623918  	99.280091 
2448.981225  	99.247163 
2449.338532  	99.461108 
2449.695839  	98.901953 
2450.053146  	98.859072 
2450.410453  	99.520642 
2450.767760  	99.504014 
2451.125066  	99.280317 
2451.482373  	99.255998 
2451.839680  	99.058993 
2452.196987  	98.931152 
2452.554294  	98.905726 
2452.911601  	98.793322 
2453.268908  	98.793049 
2453.626214  	98.937428 
2453.983521  	98.826215 
2454.340828  	98.862733 
2454.698135  	99.269544 
2455.055442  	99.112829 
2455.412749  	98.962622 
2455.770056  	99.315408 
2456.127362  	99.455516 
2456.484669  	99.578694 
2456.841976  	99.363072 
2457.199283  	99.106186 
2457.556590  	99.318885 
2457.913897  	99.153459 
2458.271204  	99.270176 
2458.628510  	99.518337 
2458.985817  	99.111496 
2459.343124  	99.183085 
2459.700431  	99.379019 
2460.057738  	99.249621 
2460.415045  	99.188324 
2460.772352  	98.911868 
2461.129659  	99.054714 
2461.486965  	99.379852 
2461.844272  	99.127606 
2462.201579  	99.214692 
2462.558886  	99.649995 
2462.916193  	99.386872 
2463.273500  	98.819226 
2463.630807  	98.812581 
2463.988113  	99.176380 
2464.345420  	99.573198 
2464.702727  	99.781987 
2465.060034  	99.653410 
2465.417341  	99.472688 
2465.774648  	99.253843 
2466.131955  	99.074679 
2466.489261  	99.163080 
2466.846568  	99.389973 
2467.203875  	99.476466 
2467.561182  	99.355947 
2467.918489  	99.613379 
2468.275796  	99.729220 
2468.633103  	99.180352 
2468.990409  	99.331629 
2469.347716  	99.703718 
2469.705023  	99.399231 
2470.062330  	99.471483 
2470.419637  	99.548841 
2470.776944  	99.404574 
2471.134251  	99.694196 
2471.491557  	99.682990 
2471.848864  	99.405476 
2472.206171  	99.572306 
2472.563478  	99.804510 
2472.920785  	99.841122 
2473.278092  	99.737616 
2473.635399  	99.621376 
2473.992706  	99.634253 
2474.350012  	99.333378 
2474.707319  	98.979636 
2475.064626  	99.465268 
2475.421933  	100.108854 
2475.779240  	99.976965 
2476.136547  	99.725458 
2476.493854  	99.946206 
2476.851160  	100.336614 
2477.208467  	100.351754 
2477.565774  	99.861675 
2477.923081  	99.351493 
2478.280388  	99.279425 
2478.637695  	99.582251 
2478.995002  	99.892774 
2479.352308  	100.177982 
2479.709615  	100.243562 
2480.066922  	99.752827 
2480.424229  	99.313869 
2480.781536  	99.308537 
2481.138843  	99.506634 
2481.496150  	99.697260 
2481.853456  	99.482375 
2482.210763  	99.545426 
2482.568070  	100.194931 
2482.925377  	100.081038 
2483.282684  	99.475269 
2483.639991  	99.421180 
2483.997298  	99.374774 
2484.354604  	99.262177 
2484.711911  	99.820733 
2485.069218  	100.557414 
2485.426525  	100.318294 
2485.783832  	99.813697 
2486.141139  	100.133998 
2486.498446  	100.208230 
2486.855753  	99.624129 
2487.213059  	99.464738 
2487.570366  	99.636600 
2487.927673  	99.629439 
2488.284980  	99.537779 
2488.642287  	99.320690 
2488.999594  	99.137029 
2489.356901  	99.208729 
2489.714207  	99.099861 
2490.071514  	99.008514 
2490.428821  	99.620567 
2490.786128  	100.039538 
2491.143435  	99.712835 
2491.500742  	99.507108 
2491.858049  	99.381047 
2492.215355  	99.189348 
2492.572662  	99.249893 
2492.929969  	99.399069 
2493.287276  	99.626544 
2493.644583  	99.788485 
2494.001890  	99.559107 
2494.359197  	99.304076 
2494.716503  	99.519544 
2495.073810  	99.900811 
2495.431117  	99.861551 
2495.788424  	99.633091 
2496.145731  	99.584237 
2496.503038  	99.554365 
2496.860345  	99.493590 
2497.217651  	99.325886 
2497.574958  	99.026925 
2497.932265  	98.998478 
2498.289572  	99.434314 
2498.646879  	99.714222 
2499.004186  	99.157294 
2499.361493  	98.721249 
2499.718800  	99.519732 
2500.076106  	100.327925 
2500.433413  	100.012458 
2500.790720  	99.455867 
2501.148027  	99.214271 
2501.505334  	99.153756 
2501.862641  	99.277094 
2502.219948  	99.181747 
2502.577254  	99.136538 
2502.934561  	99.756873 
2503.291868  	100.051766 
2503.649175  	99.468653 
2504.006482  	99.067752 
2504.363789  	99.156203 
2504.721096  	99.262942 
2505.078402  	99.330845 
2505.435709  	99.532869 
2505.793016  	99.592343 
2506.150323  	99.528673 
2506.507630  	99.793608 
2506.864937  	99.619654 
2507.222244  	98.980357 
2507.579550  	99.200655 
2507.936857  	99.796459 
2508.294164  	99.777000 
2508.651471  	99.480372 
2509.008778  	99.546865 
2509.366085  	99.794966 
2509.723392  	99.405161 
2510.080698  	98.980309 
2510.438005  	99.230259 
2510.795312  	99.640825 
2511.152619  	99.904826 
2511.509926  	99.633667 
2511.867233  	99.215498 
2512.224540  	99.434271 
2512.581846  	99.787834 
2512.939153  	99.821493 
2513.296460  	99.672316 
2513.653767  	99.592494 
2514.011074  	99.499235 
2514.368381  	99.315497 
2514.725688  	99.548560 
2515.082995  	99.908980 
2515.440301  	100.029167 
2515.797608  	100.047404 
2516.154915  	99.678604 
2516.512222  	99.362328 
2516.869529  	99.492671 
2517.226836  	99.623940 
2517.584143  	99.686373 
2517.941449  	99.607094 
2518.298756  	99.502481 
2518.656063  	99.481062 
2519.013370  	99.235840 
2519.370677  	99.099873 
2519.727984  	99.149711 
2520.085291  	99.218626 
2520.442597  	99.495678 
2520.799904  	99.411939 
2521.157211  	99.226902 
2521.514518  	99.468428 
2521.871825  	99.489149 
2522.229132  	99.660009 
2522.586439  	99.912671 
2522.943745  	99.707487 
2523.301052  	99.856025 
2523.658359  	100.060629 
2524.015666  	99.894971 
2524.372973  	99.766573 
2524.730280  	99.564878 
2525.087587  	99.721544 
2525.444893  	100.233943 
2525.802200  	100.343623 
2526.159507  	100.099668 
2526.516814  	99.761981 
2526.874121  	99.421509 
2527.231428  	99.300335 
2527.588735  	99.399259 
2527.946042  	99.437553 
2528.303348  	99.514782 
2528.660655  	99.373525 
2529.017962  	98.909893 
2529.375269  	99.272933 
2529.732576  	99.941367 
2530.089883  	99.566926 
2530.447190  	99.132351 
2530.804496  	99.437531 
2531.161803  	99.873268 
2531.519110  	99.989240 
2531.876417  	99.871026 
2532.233724  	99.618078 
2532.591031  	99.277538 
2532.948338  	99.086439 
2533.305644  	99.262496 
2533.662951  	99.663890 
2534.020258  	99.601132 
2534.377565  	99.247205 
2534.734872  	99.309743 
2535.092179  	99.436895 
2535.449486  	99.365720 
2535.806792  	99.081761 
2536.164099  	99.092838 
2536.521406  	99.583413 
2536.878713  	99.482725 
2537.236020  	99.084523 
2537.593327  	99.026181 
2537.950634  	99.399343 
2538.307940  	99.968508 
2538.665247  	99.572129 
2539.022554  	99.178272 
2539.379861  	99.562258 
2539.737168  	99.398236 
2540.094475  	99.130806 
2540.451782  	99.533881 
2540.809089  	100.019884 
2541.166395  	99.864433 
2541.523702  	99.361382 
2541.881009  	99.325092 
2542.238316  	99.317423 
2542.595623  	99.242538 
2542.952930  	99.283753 
2543.310237  	99.076046 
2543.667543  	99.257147 
2544.024850  	99.876062 
2544.382157  	99.732236 
2544.739464  	98.832298 
2545.096771  	98.671592 
2545.454078  	99.580467 
2545.811385  	100.129989 
2546.168691  	99.730550 
2546.525998  	99.053418 
2546.883305  	98.855845 
2547.240612  	98.885092 
2547.597919  	98.703662 
2547.955226  	99.389248 
2548.312533  	100.274525 
2548.669839  	99.810037 
2549.027146  	99.592865 
2549.384453  	99.956391 
2549.741760  	99.495695 
2550.099067  	98.981610 
2550.456374  	99.010380 
2550.813681  	99.155802 
2551.170987  	99.332369 
2551.528294  	99.420802 
2551.885601  	99.578218 
2552.242908  	99.869097 
2552.600215  	99.937674 
2552.957522  	99.910546 
2553.314829  	99.963389 
2553.672136  	99.639295 
2554.029442  	99.299339 
2554.386749  	99.706168 
2554.744056  	99.861294 
2555.101363  	99.438995 
2555.458670  	99.493633 
2555.815977  	99.573711 
2556.173284  	99.447394 
2556.530590  	99.691069 
2556.887897  	99.846677 
2557.245204  	99.559998 
2557.602511  	99.284990 
2557.959818  	99.480618 
2558.317125  	99.753073 
2558.674432  	99.607989 
2559.031738  	99.327292 
2559.389045  	99.247566 
2559.746352  	99.558515 
2560.103659  	99.770968 
2560.460966  	99.492744 
2560.818273  	99.224244 
2561.175580  	99.309788 
2561.532886  	99.798164 
2561.890193  	100.028877 
2562.247500  	99.755666 
2562.604807  	99.677645 
2562.962114  	99.684994 
2563.319421  	99.752579 
2563.676728  	99.897689 
2564.034034  	99.817154 
2564.391341  	99.834793 
2564.748648  	99.899532 
2565.105955  	99.788461 
2565.463262  	99.670894 
2565.820569  	99.548965 
2566.177876  	99.347888 
2566.535183  	99.211324 
2566.892489  	99.528199 
2567.249796  	100.058777 
2567.607103  	99.971792 
2567.964410  	99.470941 
2568.321717  	99.429155 
2568.679024  	99.516330 
2569.036331  	99.213691 
2569.393637  	99.049501 
2569.750944  	99.058210 
2570.108251  	99.165120 
2570.465558  	99.462244 
2570.822865  	99.634957 
2571.180172  	100.011766 
2571.537479  	100.279928 
2571.894785  	99.801411 
2572.252092  	99.613093 
2572.609399  	99.982577 
2572.966706  	99.820788 
2573.324013  	99.413524 
2573.681320  	99.409195 
2574.038627  	99.306562 
2574.395933  	99.308559 
2574.753240  	99.586483 
2575.110547  	99.345514 
2575.467854  	99.072228 
2575.825161  	99.397320 
2576.182468  	99.760761 
2576.539775  	99.637755 
2576.897081  	99.184737 
2577.254388  	99.147772 
2577.611695  	99.283355 
2577.969002  	99.073034 
2578.326309  	99.124255 
2578.683616  	99.535157 
2579.040923  	99.474236 
2579.398230  	98.920377 
2579.755536  	98.875902 
2580.112843  	99.031742 
2580.470150  	98.966191 
2580.827457  	99.319772 
2581.184764  	99.428425 
2581.542071  	99.246302 
2581.899378  	99.319484 
2582.256684  	99.326747 
2582.613991  	99.388748 
2582.971298  	98.977782 
2583.328605  	98.680595 
2583.685912  	99.185121 
2584.043219  	99.197341 
2584.400526  	99.274427 
2584.757832  	99.606757 
2585.115139  	99.155354 
2585.472446  	98.937961 
2585.829753  	99.211797 
2586.187060  	99.488515 
2586.544367  	99.889860 
2586.901674  	99.842049 
2587.258980  	99.495702 
2587.616287  	99.681076 
2587.973594  	100.187658 
2588.330901  	100.251371 
2588.688208  	99.835412 
2589.045515  	99.607406 
2589.402822  	99.642514 
2589.760128  	99.648584 
2590.117435  	99.588418 
2590.474742  	99.294002 
2590.832049  	99.167522 
2591.189356  	99.495668 
2591.546663  	99.658392 
2591.903970  	99.675705 
2592.261276  	99.696358 
2592.618583  	99.623723 
2592.975890  	99.602798 
2593.333197  	99.499960 
2593.690504  	99.600588 
2594.047811  	99.710341 
2594.405118  	99.551529 
2594.762425  	99.762665 
2595.119731  	99.833269 
2595.477038  	99.535920 
2595.834345  	99.448018 
2596.191652  	99.333576 
2596.548959  	99.377279 
2596.906266  	99.621127 
2597.263573  	99.686784 
2597.620879  	99.601824 
2597.978186  	99.486738 
2598.335493  	99.410747 
2598.692800  	99.334614 
2599.050107  	99.456512 
2599.407414  	99.541684 
2599.764721  	99.401945 
2600.122027  	99.432167 
2600.479334  	99.406458 
2600.836641  	99.313037 
2601.193948  	99.132675 
2601.551255  	98.831626 
2601.908562  	98.959383 
2602.265869  	99.173705 
2602.623175  	99.288191 
2602.980482  	99.396034 
2603.337789  	99.075711 
2603.695096  	98.730323 
2604.052403  	98.822770 
2604.409710  	99.236311 
2604.767017  	99.636625 
2605.124323  	99.720608 
2605.481630  	99.544500 
2605.838937  	99.304465 
2606.196244  	99.454214 
2606.553551  	99.602009 
2606.910858  	99.275726 
2607.268165  	99.413969 
2607.625472  	99.793906 
2607.982778  	99.603273 
2608.340085  	99.464781 
2608.697392  	99.464083 
2609.054699  	99.421224 
2609.412006  	99.514865 
2609.769313  	99.345731 
2610.126620  	99.046016 
2610.483926  	99.038978 
2610.841233  	99.143483 
2611.198540  	99.281106 
2611.555847  	99.282998 
2611.913154  	99.134418 
2612.270461  	99.148388 
2612.627768  	99.155168 
2612.985074  	99.058501 
2613.342381  	99.131605 
2613.699688  	99.268898 
2614.056995  	99.245966 
2614.414302  	99.275816 
2614.771609  	99.408607 
2615.128916  	99.257938 
2615.486222  	99.021954 
2615.843529  	99.110374 
2616.200836  	99.326065 
2616.558143  	99.467355 
2616.915450  	99.451788 
2617.272757  	99.371274 
2617.630064  	99.317584 
2617.987370  	99.155061 
2618.344677  	99.109329 
2618.701984  	99.216735 
2619.059291  	99.230112 
2619.416598  	99.204975 
2619.773905  	99.075850 
2620.131212  	99.038619 
2620.488519  	99.252906 
2620.845825  	99.259445 
2621.203132  	99.111906 
2621.560439  	99.034465 
2621.917746  	98.986661 
2622.275053  	99.195052 
2622.632360  	99.332003 
2622.989667  	99.185391 
2623.346973  	99.258644 
2623.704280  	99.406954 
2624.061587  	99.399888 
2624.418894  	99.355739 
2624.776201  	99.157714 
2625.133508  	99.032212 
2625.490815  	99.159489 
2625.848121  	99.341673 
2626.205428  	99.597673 
2626.562735  	99.678387 
2626.920042  	99.278995 
2627.277349  	99.027192 
2627.634656  	99.259333 
2627.991963  	99.339209 
2628.349269  	99.294264 
2628.706576  	99.366147 
2629.063883  	99.299382 
2629.421190  	99.342218 
2629.778497  	99.508265 
2630.135804  	99.463033 
2630.493111  	99.362401 
2630.850417  	99.340059 
2631.207724  	99.383170 
2631.565031  	99.383289 
2631.922338  	99.375178 
2632.279645  	99.467779 
2632.636952  	99.439785 
2632.994259  	99.410709 
2633.351566  	99.572249 
2633.708872  	99.651712 
2634.066179  	99.539509 
2634.423486  	99.305942 
2634.780793  	99.092267 
2635.138100  	99.092812 
2635.495407  	99.146835 
2635.852714  	99.188021 
2636.210020  	99.396894 
2636.567327  	99.374224 
2636.924634  	99.117107 
2637.281941  	99.302914 
2637.639248  	99.483702 
2637.996555  	99.217453 
2638.353862  	99.093170 
2638.711168  	99.194227 
2639.068475  	99.287357 
2639.425782  	99.319277 
2639.783089  	99.300192 
2640.140396  	99.262340 
2640.497703  	99.183598 
2640.855010  	99.300276 
2641.212316  	99.365383 
2641.569623  	98.960804 
2641.926930  	98.777841 
2642.284237  	99.239446 
2642.641544  	99.589033 
2642.998851  	99.430554 
2643.356158  	99.186678 
2643.713464  	99.076312 
2644.070771  	99.154562 
2644.428078  	99.426684 
2644.785385  	99.435977 
2645.142692  	99.160576 
2645.499999  	99.116631 
2645.857306  	99.277161 
2646.214613  	99.357919 
2646.571919  	99.291506 
2646.929226  	99.226782 
2647.286533  	99.293808 
2647.643840  	99.332626 
2648.001147  	99.293330 
2648.358454  	99.304948 
2648.715761  	99.296445 
2649.073067  	99.120690 
2649.430374  	98.901916 
2649.787681  	98.863024 
2650.144988  	98.993309 
2650.502295  	99.166329 
2650.859602  	99.140775 
2651.216909  	98.837922 
2651.574215  	98.688366 
2651.931522  	98.849433 
2652.288829  	98.999774 
2652.646136  	99.104501 
2653.003443  	99.265358 
2653.360750  	99.351573 
2653.718057  	99.372552 
2654.075363  	99.452809 
2654.432670  	99.431046 
2654.789977  	99.290305 
2655.147284  	99.276789 
2655.504591  	99.313037 
2655.861898  	99.310571 
2656.219205  	99.344692 
2656.576511  	99.356925 
2656.933818  	99.376973 
2657.291125  	99.324808 
2657.648432  	99.155364 
2658.005739  	99.230298 
2658.363046  	99.432526 
2658.720353  	99.324005 
2659.077660  	99.216221 
2659.434966  	99.247267 
2659.792273  	99.116960 
2660.149580  	99.192756 
2660.506887  	99.458304 
2660.864194  	99.362300 
2661.221501  	99.261108 
2661.578808  	99.283333 
2661.936114  	99.117339 
2662.293421  	99.035436 
2662.650728  	99.110351 
2663.008035  	99.292235 
2663.365342  	99.388748 
2663.722649  	99.102263 
2664.079956  	98.869431 
2664.437262  	98.883000 
2664.794569  	99.026413 
2665.151876  	99.310826 
2665.509183  	99.278423 
2665.866490  	99.032110 
2666.223797  	99.121685 
2666.581104  	99.319772 
2666.938410  	99.327915 
2667.295717  	99.277045 
2667.653024  	99.338596 
2668.010331  	99.422394 
2668.367638  	99.321801 
2668.724945  	99.128026 
2669.082252  	99.001729 
2669.439558  	98.949475 
2669.796865  	98.910073 
2670.154172  	98.856049 
2670.511479  	98.957919 
2670.868786  	99.119334 
2671.226093  	99.040205 
2671.583400  	99.040577 
2671.940706  	99.204294 
2672.298013  	99.107933 
2672.655320  	98.987645 
2673.012627  	98.966675 
2673.369934  	98.892155 
2673.727241  	99.034312 
2674.084548  	99.166123 
2674.441855  	99.022807 
2674.799161  	98.955374 
2675.156468  	99.064282 
2675.513775  	99.228985 
2675.871082  	99.256081 
2676.228389  	99.065417 
2676.585696  	98.996082 
2676.943003  	99.074370 
2677.300309  	99.041298 
2677.657616  	99.045081 
2678.014923  	99.145445 
2678.372230  	99.103964 
2678.729537  	98.959395 
2679.086844  	98.878623 
2679.444151  	98.841778 
2679.801457  	98.885722 
2680.158764  	99.070881 
2680.516071  	99.151882 
2680.873378  	99.080981 
2681.230685  	99.131030 
2681.587992  	99.076682 
2681.945299  	98.928092 
2682.302605  	99.015513 
2682.659912  	98.988743 
2683.017219  	98.876699 
2683.374526  	98.952194 
2683.731833  	98.941803 
2684.089140  	98.879582 
2684.446447  	98.893817 
2684.803753  	98.953658 
2685.161060  	99.063259 
2685.518367  	99.150796 
2685.875674  	99.159266 
2686.232981  	99.139124 
2686.590288  	99.223719 
2686.947595  	99.191400 
2687.304902  	98.996682 
2687.662208  	98.937306 
2688.019515  	98.964447 
2688.376822  	99.085010 
2688.734129  	99.075825 
2689.091436  	98.897041 
2689.448743  	98.933140 
2689.806050  	98.883334 
2690.163356  	98.750900 
2690.520663  	98.839329 
2690.877970  	98.959500 
2691.235277  	99.040108 
2691.592584  	98.969113 
2691.949891  	98.915288 
2692.307198  	98.945191 
2692.664504  	98.812493 
2693.021811  	98.960367 
2693.379118  	99.245952 
2693.736425  	99.054996 
2694.093732  	98.935055 
2694.451039  	99.107000 
2694.808346  	99.084173 
2695.165652  	99.004716 
2695.522959  	98.906300 
2695.880266  	98.692160 
2696.237573  	98.671259 
2696.594880  	98.764804 
2696.952187  	98.819690 
2697.309494  	98.922182 
2697.666800  	98.971275 
2698.024107  	98.890560 
2698.381414  	98.723981 
2698.738721  	98.735422 
2699.096028  	98.882614 
2699.453335  	98.834649 
2699.810642  	98.778767 
2700.167949  	98.717686 
2700.525255  	98.586707 
2700.882562  	98.675097 
2701.239869  	98.800276 
2701.597176  	98.704599 
2701.954483  	98.555756 
2702.311790  	98.515523 
2702.669097  	98.606590 
2703.026403  	98.705577 
2703.383710  	98.684229 
2703.741017  	98.711802 
2704.098324  	98.787401 
2704.455631  	98.584525 
2704.812938  	98.315203 
2705.170245  	98.237561 
2705.527551  	98.259550 
2705.884858  	98.423217 
2706.242165  	98.498219 
2706.599472  	98.409269 
2706.956779  	98.437030 
2707.314086  	98.544504 
2707.671393  	98.586383 
2708.028699  	98.663142 
2708.386006  	98.894187 
2708.743313  	98.863051 
2709.100620  	98.570048 
2709.457927  	98.599655 
2709.815234  	98.665464 
2710.172541  	98.541541 
2710.529847  	98.531804 
2710.887154  	98.669346 
2711.244461  	98.851659 
2711.601768  	98.878935 
2711.959075  	98.860976 
2712.316382  	98.912096 
2712.673689  	98.858834 
2713.030996  	98.772304 
2713.388302  	98.741278 
2713.745609  	98.808065 
2714.102916  	98.891292 
2714.460223  	98.814174 
2714.817530  	98.731234 
2715.174837  	98.820257 
2715.532144  	98.820321 
2715.889450  	98.616614 
2716.246757  	98.694838 
2716.604064  	98.928184 
2716.961371  	98.823926 
2717.318678  	98.745113 
2717.675985  	98.873976 
2718.033292  	98.957143 
2718.390598  	98.865153 
2718.747905  	98.543488 
2719.105212  	98.338518 
2719.462519  	98.530091 
2719.819826  	98.780393 
2720.177133  	98.795065 
2720.534440  	98.733932 
2720.891746  	98.571767 
2721.249053  	98.336721 
2721.606360  	98.410384 
2721.963667  	98.552499 
2722.320974  	98.489311 
2722.678281  	98.492417 
2723.035588  	98.517034 
2723.392894  	98.462653 
2723.750201  	98.387160 
2724.107508  	98.313763 
2724.464815  	98.329494 
2724.822122  	98.462366 
2725.179429  	98.626521 
2725.536736  	98.592341 
2725.894043  	98.347448 
2726.251349  	98.267686 
2726.608656  	98.398456 
2726.965963  	98.411828 
2727.323270  	98.297403 
2727.680577  	98.168395 
2728.037884  	98.086157 
2728.395191  	98.130277 
2728.752497  	98.146776 
2729.109804  	98.208884 
2729.467111  	98.326636 
2729.824418  	98.207039 
2730.181725  	98.041185 
2730.539032  	97.961458 
2730.896339  	97.976925 
2731.253645  	98.066697 
2731.610952  	97.960323 
2731.968259  	97.855934 
2732.325566  	97.892195 
2732.682873  	97.915506 
2733.040180  	97.825679 
2733.397487  	97.634656 
2733.754793  	97.647330 
2734.112100  	97.704338 
2734.469407  	97.702610 
2734.826714  	97.773288 
2735.184021  	97.677291 
2735.541328  	97.606925 
2735.898635  	97.628792 
2736.255941  	97.532951 
2736.613248  	97.497727 
2736.970555  	97.639466 
2737.327862  	97.766445 
2737.685169  	97.594131 
2738.042476  	97.528384 
2738.399783  	97.752009 
2738.757090  	97.737972 
2739.114396  	97.737422 
2739.471703  	97.839911 
2739.829010  	97.700118 
2740.186317  	97.554040 
2740.543624  	97.514631 
2740.900931  	97.518969 
2741.258238  	97.469382 
2741.615544  	97.320935 
2741.972851  	97.340828 
2742.330158  	97.474523 
2742.687465  	97.490474 
2743.044772  	97.481738 
2743.402079  	97.473288 
2743.759386  	97.419284 
2744.116692  	97.328714 
2744.473999  	97.198088 
2744.831306  	97.231362 
2745.188613  	97.317621 
2745.545920  	97.163780 
2745.903227  	97.080968 
2746.260534  	97.190468 
2746.617840  	97.329764 
2746.975147  	97.446271 
2747.332454  	97.414246 
2747.689761  	97.349813 
2748.047068  	97.219747 
2748.404375  	97.008298 
2748.761682  	96.972877 
2749.118988  	97.018505 
2749.476295  	97.014523 
2749.833602  	96.961934 
2750.190909  	97.002416 
2750.548216  	97.063833 
2750.905523  	96.791775 
2751.262830  	96.596054 
2751.620136  	96.712534 
2751.977443  	96.732902 
2752.334750  	96.718623 
2752.692057  	96.667330 
2753.049364  	96.571339 
2753.406671  	96.637023 
2753.763978  	96.586619 
2754.121285  	96.411379 
2754.478591  	96.388431 
2754.835898  	96.274619 
2755.193205  	96.060626 
2755.550512  	95.995692 
2755.907819  	96.066254 
2756.265126  	96.123677 
2756.622433  	95.900039 
2756.979739  	95.640015 
2757.337046  	95.648240 
2757.694353  	95.611475 
2758.051660  	95.505949 
2758.408967  	95.398650 
2758.766274  	95.255780 
2759.123581  	95.212408 
2759.480887  	95.273005 
2759.838194  	95.337369 
2760.195501  	95.075777 
2760.552808  	94.684517 
2760.910115  	94.711595 
2761.267422  	94.839238 
2761.624729  	94.736352 
2761.982035  	94.551618 
2762.339342  	94.462394 
2762.696649  	94.515886 
2763.053956  	94.638178 
2763.411263  	94.759265 
2763.768570  	94.719447 
2764.125877  	94.642781 
2764.483183  	94.585758 
2764.840490  	94.529310 
2765.197797  	94.714010 
2765.555104  	94.870773 
2765.912411  	94.866837 
2766.269718  	94.753661 
2766.627025  	94.602756 
2766.984332  	94.903933 
2767.341638  	95.238255 
2767.698945  	95.244659 
2768.056252  	95.322824 
2768.413559  	95.305276 
2768.770866  	95.345436 
2769.128173  	95.595061 
2769.485480  	95.661139 
2769.842786  	95.647827 
2770.200093  	95.648135 
2770.557400  	95.521938 
2770.914707  	95.469982 
2771.272014  	95.627106 
2771.629321  	95.808541 
2771.986628  	95.974346 
2772.343934  	96.083019 
2772.701241  	96.048311 
2773.058548  	96.107662 
2773.415855  	96.260318 
2773.773162  	96.387773 
2774.130469  	96.489322 
2774.487776  	96.448469 
2774.845082  	96.471014 
2775.202389  	96.589188 
2775.559696  	96.670342 
2775.917003  	96.807791 
2776.274310  	96.824270 
2776.631617  	96.793189 
2776.988924  	96.875491 
2777.346230  	96.922646 
2777.703537  	97.021825 
2778.060844  	97.157925 
2778.418151  	97.246139 
2778.775458  	97.397183 
2779.132765  	97.551685 
2779.490072  	97.581627 
2779.847379  	97.520289 
2780.204685  	97.472029 
2780.561992  	97.442890 
2780.919299  	97.472840 
2781.276606  	97.581098 
2781.633913  	97.560697 
2781.991220  	97.392974 
2782.348527  	97.321044 
2782.705833  	97.477284 
2783.063140  	97.741317 
2783.420447  	97.779724 
2783.777754  	97.593729 
2784.135061  	97.600080 
2784.492368  	97.805594 
2784.849675  	97.902838 
2785.206981  	97.892274 
2785.564288  	97.852513 
2785.921595  	97.877646 
2786.278902  	98.028530 
2786.636209  	98.106017 
2786.993516  	98.044130 
2787.350823  	97.918698 
2787.708129  	97.776865 
2788.065436  	97.802662 
2788.422743  	98.002913 
2788.780050  	98.188389 
2789.137357  	98.253008 
2789.494664  	98.201390 
2789.851971  	98.213607 
2790.209277  	98.368817 
2790.566584  	98.441552 
2790.923891  	98.256435 
2791.281198  	98.047342 
2791.638505  	98.187560 
2791.995812  	98.452563 
2792.353119  	98.407507 
2792.710426  	98.318225 
2793.067732  	98.361434 
2793.425039  	98.237355 
2793.782346  	98.144066 
2794.139653  	98.210071 
2794.496960  	98.034932 
2794.854267  	97.800749 
2795.211574  	97.954773 
2795.568880  	98.236178 
2795.926187  	98.208693 
2796.283494  	98.036355 
2796.640801  	97.993879 
2796.998108  	98.001836 
2797.355415  	98.137314 
2797.712722  	98.265288 
2798.070028  	98.166934 
2798.427335  	98.196009 
2798.784642  	98.288543 
2799.141949  	98.259514 
2799.499256  	98.352124 
2799.856563  	98.536476 
2800.213870  	98.660658 
2800.571176  	98.497359 
2800.928483  	98.286205 
2801.285790  	98.303301 
2801.643097  	98.138932 
2802.000404  	98.089074 
2802.357711  	98.296960 
2802.715018  	98.254458 
2803.072324  	98.176596 
2803.429631  	98.167783 
2803.786938  	98.102814 
2804.144245  	98.006844 
2804.501552  	97.997014 
2804.858859  	98.196620 
2805.216166  	98.148969 
2805.573473  	97.933565 
2805.930779  	98.048133 
2806.288086  	98.233693 
2806.645393  	98.283816 
2807.002700  	98.253377 
2807.360007  	98.308509 
2807.717314  	98.480779 
2808.074621  	98.493206 
2808.431927  	98.422299 
2808.789234  	98.468821 
2809.146541  	98.547328 
2809.503848  	98.419804 
2809.861155  	98.200861 
2810.218462  	98.304955 
2810.575769  	98.521581 
2810.933075  	98.430836 
2811.290382  	98.215755 
2811.647689  	98.289643 
2812.004996  	98.491094 
2812.362303  	98.348527 
2812.719610  	98.145465 
2813.076917  	98.174264 
2813.434223  	98.159373 
2813.791530  	98.133560 
2814.148837  	98.162328 
2814.506144  	98.119636 
2814.863451  	98.028478 
2815.220758  	97.893791 
2815.578065  	97.921908 
2815.935371  	98.182809 
2816.292678  	98.286149 
2816.649985  	98.380278 
2817.007292  	98.589312 
2817.364599  	98.449420 
2817.721906  	98.212160 
2818.079213  	98.109726 
2818.436520  	97.906536 
2818.793826  	97.755339 
2819.151133  	97.622265 
2819.508440  	97.626327 
2819.865747  	97.957201 
2820.223054  	98.174232 
2820.580361  	98.142988 
2820.937668  	98.049773 
2821.294974  	97.854686 
2821.652281  	97.631303 
2822.009588  	97.601140 
2822.366895  	97.616395 
2822.724202  	97.514694 
2823.081509  	97.613749 
2823.438816  	97.732914 
2823.796122  	97.692421 
2824.153429  	97.754808 
2824.510736  	97.637194 
2824.868043  	97.433679 
2825.225350  	97.451322 
2825.582657  	97.422009 
2825.939964  	97.323334 
2826.297270  	97.261224 
2826.654577  	97.246211 
2827.011884  	97.236457 
2827.369191  	97.274418 
2827.726498  	97.346920 
2828.083805  	97.240228 
2828.441112  	97.202898 
2828.798418  	97.167885 
2829.155725  	96.885203 
2829.513032  	96.843721 
2829.870339  	96.999863 
2830.227646  	97.000062 
2830.584953  	96.914345 
2830.942260  	96.772847 
2831.299567  	96.717627 
2831.656873  	96.715457 
2832.014180  	96.747740 
2832.371487  	96.910799 
2832.728794  	96.970865 
2833.086101  	96.966701 
2833.443408  	96.869803 
2833.800715  	96.564355 
2834.158021  	96.545955 
2834.515328  	96.748290 
2834.872635  	96.733208 
2835.229942  	96.698215 
2835.587249  	96.666141 
2835.944556  	96.590651 
2836.301863  	96.571018 
2836.659169  	96.577092 
2837.016476  	96.631219 
2837.373783  	96.650311 
2837.731090  	96.649095 
2838.088397  	96.623552 
2838.445704  	96.523504 
2838.803011  	96.472644 
2839.160317  	96.343399 
2839.517624  	96.214813 
2839.874931  	96.177048 
2840.232238  	96.023996 
2840.589545  	95.889515 
2840.946852  	95.839770 
2841.304159  	95.996037 
2841.661465  	96.253155 
2842.018772  	96.170865 
2842.376079  	96.047810 
2842.733386  	96.068929 
2843.090693  	95.982814 
2843.448000  	95.784015 
2843.805307  	95.687299 
2844.162613  	95.812855 
2844.519920  	95.690271 
2844.877227  	95.478991 
2845.234534  	95.583703 
2845.591841  	95.472999 
2845.949148  	95.262104 
2846.306455  	95.213303 
2846.663762  	95.067174 
2847.021068  	94.963667 
2847.378375  	94.970084 
2847.735682  	95.018541 
2848.092989  	94.943211 
2848.450296  	94.706517 
2848.807603  	94.506648 
2849.164910  	94.376168 
2849.522216  	94.514806 
2849.879523  	94.621509 
2850.236830  	94.317123 
2850.594137  	94.116551 
2850.951444  	94.180080 
2851.308751  	94.228954 
2851.666058  	94.029274 
2852.023364  	93.580762 
2852.380671  	93.328601 
2852.737978  	93.313225 
2853.095285  	93.353923 
2853.452592  	93.337403 
2853.809899  	93.168331 
2854.167206  	93.057818 
2854.524512  	92.962843 
2854.881819  	92.806830 
2855.239126  	92.649692 
2855.596433  	92.400575 
2855.953740  	92.239950 
2856.311047  	92.193955 
2856.668354  	92.094280 
2857.025660  	91.979275 
2857.382967  	91.891346 
2857.740274  	91.907178 
2858.097581  	91.840432 
2858.454888  	91.597930 
2858.812195  	91.598381 
2859.169502  	91.772035 
2859.526809  	91.677863 
2859.884115  	91.505726 
2860.241422  	91.421018 
2860.598729  	91.260287 
2860.956036  	91.332435 
2861.313343  	91.637349 
2861.670650  	91.687330 
2862.027957  	91.607506 
2862.385263  	91.529049 
2862.742570  	91.378739 
2863.099877  	91.265668 
2863.457184  	91.331085 
2863.814491  	91.561335 
2864.171798  	91.447422 
2864.529105  	91.279796 
2864.886411  	91.657575 
2865.243718  	91.709472 
2865.601025  	91.334431 
2865.958332  	91.457102 
2866.315639  	91.767713 
2866.672946  	91.871852 
2867.030253  	92.091238 
2867.387559  	92.320858 
2867.744866  	92.257923 
2868.102173  	92.142379 
2868.459480  	92.201188 
2868.816787  	92.327117 
2869.174094  	92.398957 
2869.531401  	92.437967 
2869.888707  	92.596489 
2870.246014  	92.722640 
2870.603321  	92.805519 
2870.960628  	92.926119 
2871.317935  	92.771174 
2871.675242  	92.671566 
2872.032549  	92.945900 
2872.389856  	93.276735 
2872.747162  	93.432897 
2873.104469  	93.197619 
2873.461776  	93.014807 
2873.819083  	93.258876 
2874.176390  	93.490091 
2874.533697  	93.622153 
2874.891004  	93.780300 
2875.248310  	93.997493 
2875.605617  	94.124053 
2875.962924  	93.942651 
2876.320231  	93.704799 
2876.677538  	93.653262 
2877.034845  	93.868704 
2877.392152  	94.192113 
2877.749458  	94.314973 
2878.106765  	94.268951 
2878.464072  	94.179464 
2878.821379  	94.175827 
2879.178686  	94.282214 
2879.535993  	94.403767 
2879.893300  	94.410165 
2880.250606  	94.218634 
2880.607913  	94.234968 
2880.965220  	94.564281 
2881.322527  	94.682487 
2881.679834  	94.550345 
2882.037141  	94.341103 
2882.394448  	94.178734 
2882.751754  	94.394998 
2883.109061  	94.656841 
2883.466368  	94.554736 
2883.823675  	94.595822 
2884.180982  	94.739790 
2884.538289  	94.602691 
2884.895596  	94.511574 
2885.252903  	94.484113 
2885.610209  	94.470604 
2885.967516  	94.608480 
2886.324823  	94.769388 
2886.682130  	94.958806 
2887.039437  	95.022600 
2887.396744  	94.864957 
2887.754051  	94.871430 
2888.111357  	95.185197 
2888.468664  	95.396557 
2888.825971  	95.259868 
2889.183278  	95.114317 
2889.540585  	94.947277 
2889.897892  	94.774301 
2890.255199  	95.003985 
2890.612505  	95.287368 
2890.969812  	95.394418 
2891.327119  	95.430735 
2891.684426  	95.266743 
2892.041733  	95.250105 
2892.399040  	95.459835 
2892.756347  	95.701272 
2893.113653  	95.913745 
2893.470960  	95.804567 
2893.828267  	95.641795 
2894.185574  	95.757316 
2894.542881  	95.954493 
2894.900188  	96.199909 
2895.257495  	96.398922 
2895.614801  	96.355841 
2895.972108  	96.196971 
2896.329415  	96.310534 
2896.686722  	96.594205 
2897.044029  	96.572593 
2897.401336  	96.498869 
2897.758643  	96.538639 
2898.115950  	96.495599 
2898.473256  	96.593450 
2898.830563  	96.630175 
2899.187870  	96.441848 
2899.545177  	96.453475 
2899.902484  	96.635015 
2900.259791  	96.795009 
2900.617098  	96.840422 
2900.974404  	96.773288 
2901.331711  	96.906376 
2901.689018  	97.115155 
2902.046325  	97.154692 
2902.403632  	97.202225 
2902.760939  	97.201746 
2903.118246  	97.128968 
2903.475552  	97.141638 
2903.832859  	97.122806 
2904.190166  	97.128768 
2904.547473  	97.255943 
2904.904780  	97.340422 
2905.262087  	97.304575 
2905.619394  	97.040463 
2905.976700  	96.962895 
2906.334007  	97.415788 
2906.691314  	97.615849 
2907.048621  	97.548119 
2907.405928  	97.711761 
2907.763235  	97.682844 
2908.120542  	97.500880 
2908.477848  	97.371376 
2908.835155  	97.316428 
2909.192462  	97.639831 
2909.549769  	98.007513 
2909.907076  	97.949101 
2910.264383  	97.764698 
2910.621690  	97.845048 
2910.978997  	97.978573 
2911.336303  	98.005245 
2911.693610  	98.058566 
2912.050917  	97.939937 
2912.408224  	97.866201 
2912.765531  	97.944927 
2913.122838  	97.836042 
2913.480145  	97.889904 
2913.837451  	98.026306 
2914.194758  	98.010295 
2914.552065  	98.124606 
2914.909372  	98.054875 
2915.266679  	97.900957 
2915.623986  	98.088776 
2915.981293  	98.206071 
2916.338599  	98.140272 
2916.695906  	98.289659 
2917.053213  	98.427462 
2917.410520  	98.172659 
2917.767827  	97.963020 
2918.125134  	98.152246 
2918.482441  	98.388413 
2918.839747  	98.470847 
2919.197054  	98.522914 
2919.554361  	98.516106 
2919.911668  	98.394706 
2920.268975  	98.323834 
2920.626282  	98.227333 
2920.983589  	98.117463 
2921.340895  	98.316287 
2921.698202  	98.525281 
2922.055509  	98.360238 
2922.412816  	98.073573 
2922.770123  	98.126411 
2923.127430  	98.396505 
2923.484737  	98.329758 
2923.842043  	98.245199 
2924.199350  	98.350314 
2924.556657  	98.444055 
2924.913964  	98.746254 
2925.271271  	98.778705 
2925.628578  	98.445455 
2925.985885  	98.420639 
2926.343192  	98.539851 
2926.700498  	98.621972 
2927.057805  	98.758063 
2927.415112  	98.792336 
2927.772419  	98.579225 
2928.129726  	98.394355 
2928.487033  	98.627769 
2928.844340  	98.765587 
2929.201646  	98.473158 
2929.558953  	98.330146 
2929.916260  	98.451305 
2930.273567  	98.513653 
2930.630874  	98.416515 
2930.988181  	98.324780 
2931.345488  	98.492901 
2931.702794  	98.773960 
2932.060101  	98.831995 
2932.417408  	98.684919 
2932.774715  	98.513174 
2933.132022  	98.520532 
2933.489329  	98.726248 
2933.846636  	98.745199 
2934.203942  	98.589068 
2934.561249  	98.618320 
2934.918556  	98.685040 
2935.275863  	98.666614 
2935.633170  	98.697143 
2935.990477  	98.738274 
2936.347784  	98.791125 
2936.705090  	98.921374 
2937.062397  	98.830115 
2937.419704  	98.381503 
2937.777011  	98.285259 
2938.134318  	98.578836 
2938.491625  	98.501320 
2938.848932  	98.408026 
2939.206239  	98.650985 
2939.563545  	98.672885 
2939.920852  	98.474316 
2940.278159  	98.468190 
2940.635466  	98.643970 
2940.992773  	98.656085 
2941.350080  	98.413157 
2941.707387  	98.341208 
2942.064693  	98.638284 
2942.422000  	98.902389 
2942.779307  	98.743394 
2943.136614  	98.523192 
2943.493921  	98.651473 
2943.851228  	98.647051 
2944.208535  	98.481912 
2944.565841  	98.655777 
2944.923148  	98.792478 
2945.280455  	98.703448 
2945.637762  	98.744138 
2945.995069  	98.844960 
2946.352376  	98.862661 
2946.709683  	98.790564 
2947.066989  	98.680782 
2947.424296  	98.533277 
2947.781603  	98.441192 
2948.138910  	98.607619 
2948.496217  	98.787633 
2948.853524  	98.782679 
2949.210831  	98.585663 
2949.568137  	98.279617 
2949.925444  	98.252114 
2950.282751  	98.384421 
2950.640058  	98.464704 
2950.997365  	98.684237 
2951.354672  	98.878221 
2951.711979  	98.833412 
2952.069286  	98.701416 
2952.426592  	98.582754 
2952.783899  	98.446074 
2953.141206  	98.492038 
2953.498513  	98.570677 
2953.855820  	98.348835 
2954.213127  	98.335767 
2954.570434  	98.600226 
2954.927740  	98.689952 
2955.285047  	98.701513 
2955.642354  	98.656439 
2955.999661  	98.633162 
2956.356968  	98.640417 
2956.714275  	98.639453 
2957.071582  	98.689662 
2957.428888  	98.485684 
2957.786195  	98.261735 
2958.143502  	98.349303 
2958.500809  	98.475550 
2958.858116  	98.593937 
2959.215423  	98.605103 
2959.572730  	98.486105 
2959.930036  	98.531954 
2960.287343  	98.580329 
2960.644650  	98.411763 
2961.001957  	98.458911 
2961.359264  	98.740066 
2961.716571  	98.636202 
2962.073878  	98.370563 
2962.431184  	98.343274 
2962.788491  	98.367195 
2963.145798  	98.489025 
2963.503105  	98.661347 
2963.860412  	98.617829 
2964.217719  	98.381514 
2964.575026  	98.307961 
2964.932333  	98.533084 
2965.289639  	98.574623 
2965.646946  	98.391289 
2966.004253  	98.370621 
2966.361560  	98.294612 
2966.718867  	98.197566 
2967.076174  	98.368364 
2967.433481  	98.247113 
2967.790787  	97.943298 
2968.148094  	98.157318 
2968.505401  	98.336389 
2968.862708  	98.360247 
2969.220015  	98.458962 
2969.577322  	98.335606 
2969.934629  	98.466573 
2970.291935  	98.657002 
2970.649242  	98.540705 
2971.006549  	98.538347 
2971.363856  	98.404912 
2971.721163  	98.339193 
2972.078470  	98.476597 
2972.435777  	98.374452 
2972.793083  	98.241208 
2973.150390  	98.225366 
2973.507697  	98.270033 
2973.865004  	98.226667 
2974.222311  	98.166867 
2974.579618  	98.233878 
2974.936925  	98.283341 
2975.294231  	98.451539 
2975.651538  	98.339098 
2976.008845  	98.041441 
2976.366152  	98.275742 
2976.723459  	98.495202 
2977.080766  	98.482974 
2977.438073  	98.480085 
2977.795380  	98.397006 
2978.152686  	98.445059 
2978.509993  	98.385455 
2978.867300  	98.186195 
2979.224607  	98.358920 
2979.581914  	98.692229 
2979.939221  	98.591752 
2980.296528  	98.231803 
2980.653834  	98.222477 
2981.011141  	98.335897 
2981.368448  	98.058270 
2981.725755  	97.799562 
2982.083062  	98.056967 
2982.440369  	98.305534 
2982.797676  	98.202074 
2983.154982  	98.219143 
2983.512289  	98.109996 
2983.869596  	97.926250 
2984.226903  	98.321155 
2984.584210  	98.568099 
2984.941517  	98.318723 
2985.298824  	98.379580 
2985.656130  	98.526018 
2986.013437  	98.285012 
2986.370744  	98.113179 
2986.728051  	98.202183 
2987.085358  	98.249142 
2987.442665  	98.389780 
2987.799972  	98.576187 
2988.157278  	98.562216 
2988.514585  	98.633387 
2988.871892  	98.641993 
2989.229199  	98.420091 
2989.586506  	98.352457 
2989.943813  	98.349576 
2990.301120  	98.241595 
2990.658427  	98.180032 
2991.015733  	98.165485 
2991.373040  	98.170583 
2991.730347  	98.352357 
2992.087654  	98.644549 
2992.444961  	98.631924 
2992.802268  	98.414002 
2993.159575  	98.276003 
2993.516881  	98.120294 
2993.874188  	98.030896 
2994.231495  	97.992383 
2994.588802  	98.005881 
2994.946109  	98.211050 
2995.303416  	98.264884 
2995.660723  	98.153090 
2996.018029  	98.135299 
2996.375336  	98.011297 
2996.732643  	97.981807 
2997.089950  	98.219423 
2997.447257  	98.369970 
2997.804564  	98.486194 
2998.161871  	98.565955 
2998.519177  	98.400430 
2998.876484  	98.233953 
2999.233791  	98.181861 
2999.591098  	98.153271 
2999.948405  	98.206709 
3000.305712  	98.374894 
3000.663019  	98.509552 
3001.020325  	98.360996 
3001.377632  	98.201210 
3001.734939  	98.331000 
3002.092246  	98.341194 
3002.449553  	98.208225 
3002.806860  	98.229136 
3003.164167  	98.288932 
3003.521473  	98.356951 
3003.878780  	98.346997 
3004.236087  	98.306308 
3004.593394  	98.408342 
3004.950701  	98.354428 
3005.308008  	98.188237 
3005.665315  	98.199591 
3006.022622  	98.287654 
3006.379928  	98.327743 
3006.737235  	98.117792 
3007.094542  	97.878655 
3007.451849  	97.981337 
3007.809156  	98.143036 
3008.166463  	98.229584 
3008.523770  	98.251034 
3008.881076  	98.177243 
3009.238383  	98.200612 
3009.595690  	98.167045 
3009.952997  	97.984735 
3010.310304  	97.949081 
3010.667611  	98.102543 
3011.024918  	98.256038 
3011.382224  	98.158209 
3011.739531  	97.828044 
3012.096838  	97.778110 
3012.454145  	98.035743 
3012.811452  	98.100370 
3013.168759  	98.178866 
3013.526066  	98.321139 
3013.883372  	98.068414 
3014.240679  	97.852636 
3014.597986  	97.893869 
3014.955293  	97.844358 
3015.312600  	97.930899 
3015.669907  	98.078786 
3016.027214  	98.092605 
3016.384520  	98.089742 
3016.741827  	98.085403 
3017.099134  	98.199024 
3017.456441  	98.079385 
3017.813748  	97.682160 
3018.171055  	97.712506 
3018.528362  	97.957757 
3018.885669  	97.948091 
3019.242975  	97.850272 
3019.600282  	97.772705 
3019.957589  	97.646227 
3020.314896  	97.435160 
3020.672203  	97.589961 
3021.029510  	97.998809 
3021.386817  	97.830586 
3021.744123  	97.544379 
3022.101430  	97.652863 
3022.458737  	97.727462 
3022.816044  	97.755299 
3023.173351  	97.741397 
3023.530658  	97.709835 
3023.887965  	97.684491 
3024.245271  	97.580163 
3024.602578  	97.734124 
3024.959885  	97.830576 
3025.317192  	97.562671 
3025.674499  	97.506128 
3026.031806  	97.719845 
3026.389113  	98.058490 
3026.746419  	98.336686 
3027.103726  	98.236199 
3027.461033  	98.022652 
3027.818340  	97.902094 
3028.175647  	97.860021 
3028.532954  	97.740697 
3028.890261  	97.439628 
3029.247567  	97.401162 
3029.604874  	97.603878 
3029.962181  	97.673077 
3030.319488  	97.732080 
3030.676795  	97.813819 
3031.034102  	97.895704 
3031.391409  	98.024366 
3031.748716  	98.026238 
3032.106022  	97.811171 
3032.463329  	97.597303 
3032.820636  	97.555447 
3033.177943  	97.485238 
3033.535250  	97.449461 
3033.892557  	97.596248 
3034.249864  	97.632346 
3034.607170  	97.705339 
3034.964477  	97.824836 
3035.321784  	97.645953 
3035.679091  	97.597767 
3036.036398  	97.735786 
3036.393705  	97.682403 
3036.751012  	97.629240 
3037.108318  	97.568115 
3037.465625  	97.324376 
3037.822932  	97.128483 
3038.180239  	97.345621 
3038.537546  	97.681812 
3038.894853  	97.692185 
3039.252160  	97.569057 
3039.609466  	97.334085 
3039.966773  	97.294201 
3040.324080  	97.446561 
3040.681387  	97.163436 
3041.038694  	97.067082 
3041.396001  	97.299973 
3041.753308  	97.233171 
3042.110614  	97.194853 
3042.467921  	97.131996 
3042.825228  	96.945443 
3043.182535  	96.985890 
3043.539842  	97.154343 
3043.897149  	97.108796 
3044.254456  	96.908479 
3044.611763  	96.987456 
3044.969069  	97.069033 
3045.326376  	96.932330 
3045.683683  	96.896788 
3046.040990  	96.909919 
3046.398297  	97.037137 
3046.755604  	97.116247 
3047.112911  	97.026979 
3047.470217  	96.985036 
3047.827524  	96.906396 
3048.184831  	96.925795 
3048.542138  	96.970906 
3048.899445  	97.031517 
3049.256752  	97.343974 
3049.614059  	97.582214 
3049.971365  	97.627712 
3050.328672  	97.438031 
3050.685979  	97.087644 
3051.043286  	97.020243 
3051.400593  	97.103543 
3051.757900  	97.108917 
3052.115207  	97.181471 
3052.472513  	97.334588 
3052.829820  	97.350997 
3053.187127  	97.188865 
3053.544434  	97.085844 
3053.901741  	97.205180 
3054.259048  	97.449385 
3054.616355  	97.524504 
3054.973661  	97.469733 
3055.330968  	97.337130 
3055.688275  	97.187198 
3056.045582  	97.355610 
3056.402889  	97.417408 
3056.760196  	97.261137 
3057.117503  	97.338938 
3057.474810  	97.197921 
3057.832116  	96.930830 
3058.189423  	97.117478 
3058.546730  	97.268292 
3058.904037  	96.985131 
3059.261344  	96.909039 
3059.618651  	97.223961 
3059.975958  	97.196998 
3060.333264  	96.810058 
3060.690571  	96.661992 
3061.047878  	96.972072 
3061.405185  	97.287492 
3061.762492  	97.145521 
3062.119799  	97.053738 
3062.477106  	97.068899 
3062.834412  	96.920222 
3063.191719  	96.943472 
3063.549026  	96.971218 
3063.906333  	96.983212 
3064.263640  	97.098048 
3064.620947  	97.066313 
3064.978254  	96.946320 
3065.335560  	96.827392 
3065.692867  	96.850417 
3066.050174  	96.925006 
3066.407481  	96.937090 
3066.764788  	97.042269 
3067.122095  	97.066782 
3067.479402  	97.000553 
3067.836708  	96.821645 
3068.194015  	96.588282 
3068.551322  	96.618183 
3068.908629  	96.732931 
3069.265936  	96.743610 
3069.623243  	96.517873 
3069.980550  	96.296265 
3070.337857  	96.417173 
3070.695163  	96.360026 
3071.052470  	96.201466 
3071.409777  	96.293003 
3071.767084  	96.398925 
3072.124391  	96.595639 
3072.481698  	96.708886 
3072.839005  	96.634430 
3073.196311  	96.622626 
3073.553618  	96.609060 
3073.910925  	96.584173 
3074.268232  	96.529190 
3074.625539  	96.499452 
3074.982846  	96.558971 
3075.340153  	96.625564 
3075.697459  	96.673118 
3076.054766  	96.488312 
3076.412073  	96.329009 
3076.769380  	96.532309 
3077.126687  	96.667635 
3077.483994  	96.594724 
3077.841301  	96.438278 
3078.198607  	96.229535 
3078.555914  	96.216567 
3078.913221  	96.421066 
3079.270528  	96.533676 
3079.627835  	96.410343 
3079.985142  	96.238777 
3080.342449  	96.084841 
3080.699755  	96.153170 
3081.057062  	96.600185 
3081.414369  	96.750855 
3081.771676  	96.433285 
3082.128983  	96.209050 
3082.486290  	96.287686 
3082.843597  	96.526511 
3083.200904  	96.427309 
3083.558210  	96.179851 
3083.915517  	96.185836 
3084.272824  	96.092969 
3084.630131  	96.008841 
3084.987438  	96.056157 
3085.344745  	96.046188 
3085.702052  	96.110436 
3086.059358  	96.265792 
3086.416665  	96.417073 
3086.773972  	96.414303 
3087.131279  	96.314496 
3087.488586  	96.264860 
3087.845893  	96.283261 
3088.203200  	96.562395 
3088.560506  	96.735359 
3088.917813  	96.446602 
3089.275120  	96.308876 
3089.632427  	96.521268 
3089.989734  	96.554071 
3090.347041  	96.381828 
3090.704348  	96.316275 
3091.061654  	96.247572 
3091.418961  	96.317026 
3091.776268  	96.734825 
3092.133575  	96.924624 
3092.490882  	96.775914 
3092.848189  	96.725268 
3093.205496  	96.720488 
3093.562802  	96.802126 
3093.920109  	96.876929 
3094.277416  	96.737679 
3094.634723  	96.866613 
3094.992030  	97.220782 
3095.349337  	97.123587 
3095.706644  	96.866458 
3096.063950  	96.872795 
3096.421257  	96.917516 
3096.778564  	97.034150 
3097.135871  	97.257762 
3097.493178  	97.246941 
3097.850485  	96.993234 
3098.207792  	96.940094 
3098.565099  	96.995236 
3098.922405  	96.883317 
3099.279712  	96.941022 
3099.637019  	97.051392 
3099.994326  	96.991677 
3100.351633  	96.975495 
3100.708940  	96.965240 
3101.066247  	97.225677 
3101.423553  	97.545196 
3101.780860  	97.358875 
3102.138167  	97.215580 
3102.495474  	97.343795 
3102.852781  	97.348392 
3103.210088  	97.171070 
3103.567395  	96.940847 
3103.924701  	96.897156 
3104.282008  	97.018692 
3104.639315  	97.215212 
3104.996622  	97.457622 
3105.353929  	97.562239 
3105.711236  	97.566947 
3106.068543  	97.510779 
3106.425849  	97.325742 
3106.783156  	97.160582 
3107.140463  	97.233628 
3107.497770  	97.552834 
3107.855077  	97.750787 
3108.212384  	97.615714 
3108.569691  	97.488703 
3108.926997  	97.520564 
3109.284304  	97.508301 
3109.641611  	97.423737 
3109.998918  	97.459102 
3110.356225  	97.659002 
3110.713532  	97.625372 
3111.070839  	97.491225 
3111.428146  	97.688286 
3111.785452  	97.671535 
3112.142759  	97.493253 
3112.500066  	97.658924 
3112.857373  	97.776104 
3113.214680  	97.811214 
3113.571987  	97.843604 
3113.929294  	97.786902 
3114.286600  	97.651509 
3114.643907  	97.497004 
3115.001214  	97.741051 
3115.358521  	98.036558 
3115.715828  	97.964299 
3116.073135  	97.784358 
3116.430442  	97.612551 
3116.787748  	97.622285 
3117.145055  	97.642802 
3117.502362  	97.840985 
3117.859669  	98.211071 
3118.216976  	98.048654 
3118.574283  	97.911720 
3118.931590  	98.027486 
3119.288896  	97.832014 
3119.646203  	97.674090 
3120.003510  	97.745666 
3120.360817  	97.854450 
3120.718124  	97.902050 
3121.075431  	98.079201 
3121.432738  	98.311828 
3121.790044  	98.230122 
3122.147351  	98.184436 
3122.504658  	98.137006 
3122.861965  	97.948706 
3123.219272  	98.039442 
3123.576579  	98.165300 
3123.933886  	98.173302 
3124.291193  	98.159914 
3124.648499  	97.986966 
3125.005806  	98.024339 
3125.363113  	98.359969 
3125.720420  	98.305288 
3126.077727  	98.042433 
3126.435034  	98.146506 
3126.792341  	98.165939 
3127.149647  	98.093149 
3127.506954  	98.293842 
3127.864261  	98.407657 
3128.221568  	98.349293 
3128.578875  	98.258306 
3128.936182  	98.116485 
3129.293489  	98.023846 
3129.650795  	98.082708 
3130.008102  	98.101538 
3130.365409  	97.999133 
3130.722716  	98.137237 
3131.080023  	98.215972 
3131.437330  	97.988950 
3131.794637  	98.016415 
3132.151943  	98.255010 
3132.509250  	98.300322 
3132.866557  	98.102959 
3133.223864  	98.016866 
3133.581171  	98.243095 
3133.938478  	98.467099 
3134.295785  	98.503493 
3134.653091  	98.326047 
3135.010398  	98.296390 
3135.367705  	98.452640 
3135.725012  	98.409432 
3136.082319  	98.477372 
3136.439626  	98.534650 
3136.796933  	98.327041 
3137.154240  	98.280059 
3137.511546  	98.407360 
3137.868853  	98.449494 
3138.226160  	98.410136 
3138.583467  	98.390525 
3138.940774  	98.234126 
3139.298081  	98.176432 
3139.655388  	98.365299 
3140.012694  	98.244274 
3140.370001  	98.335667 
3140.727308  	98.752054 
3141.084615  	98.596266 
3141.441922  	98.407346 
3141.799229  	98.489592 
3142.156536  	98.322251 
3142.513842  	98.041636 
3142.871149  	97.946323 
3143.228456  	98.123685 
3143.585763  	98.230326 
3143.943070  	98.107732 
3144.300377  	98.098939 
3144.657684  	98.195612 
3145.014990  	98.150442 
3145.372297  	97.985765 
3145.729604  	98.052031 
3146.086911  	98.323956 
3146.444218  	98.306699 
3146.801525  	98.108772 
3147.158832  	98.059441 
3147.516138  	98.128748 
3147.873445  	98.293649 
3148.230752  	98.223848 
3148.588059  	97.875076 
3148.945366  	97.890053 
3149.302673  	98.148904 
3149.659980  	98.225610 
3150.017287  	98.316772 
3150.374593  	98.375512 
3150.731900  	98.273848 
3151.089207  	98.212431 
3151.446514  	98.368990 
3151.803821  	98.488511 
3152.161128  	98.299998 
3152.518435  	98.246881 
3152.875741  	98.408537 
3153.233048  	98.400271 
3153.590355  	98.396779 
3153.947662  	98.350059 
3154.304969  	98.093223 
3154.662276  	98.110172 
3155.019583  	98.448151 
3155.376889  	98.518832 
3155.734196  	98.463647 
3156.091503  	98.561265 
3156.448810  	98.553248 
3156.806117  	98.593450 
3157.163424  	98.624337 
3157.520731  	98.265774 
3157.878037  	97.882413 
3158.235344  	97.999661 
3158.592651  	98.412117 
3158.949958  	98.408894 
3159.307265  	98.155654 
3159.664572  	98.242625 
3160.021879  	98.278896 
3160.379185  	98.207132 
3160.736492  	98.504112 
3161.093799  	98.748735 
3161.451106  	98.459084 
3161.808413  	98.302837 
3162.165720  	98.537828 
3162.523027  	98.418491 
3162.880334  	98.259621 
3163.237640  	98.401022 
3163.594947  	98.223511 
3163.952254  	97.955272 
3164.309561  	98.049197 
3164.666868  	98.332309 
3165.024175  	98.532335 
3165.381482  	98.685298 
3165.738788  	98.755601 
3166.096095  	98.363166 
3166.453402  	98.109029 
3166.810709  	98.449642 
3167.168016  	98.582364 
3167.525323  	98.434334 
3167.882630  	98.427866 
3168.239936  	98.316691 
3168.597243  	98.004301 
3168.954550  	97.958499 
3169.311857  	98.135786 
3169.669164  	98.174666 
3170.026471  	98.319932 
3170.383778  	98.343717 
3170.741084  	98.133593 
3171.098391  	98.273391 
3171.455698  	98.581866 
3171.813005  	98.654903 
3172.170312  	98.461768 
3172.527619  	98.321617 
3172.884926  	98.349403 
3173.242232  	98.188949 
3173.599539  	98.346677 
3173.956846  	98.746925 
3174.314153  	98.473271 
3174.671460  	98.125455 
3175.028767  	98.121816 
3175.386074  	97.975532 
3175.743380  	98.086631 
3176.100687  	98.519423 
3176.457994  	98.530899 
3176.815301  	98.357962 
3177.172608  	98.347187 
3177.529915  	98.183009 
3177.887222  	98.297326 
3178.244529  	98.703770 
3178.601835  	98.671907 
3178.959142  	98.612199 
3179.316449  	98.661012 
3179.673756  	98.406168 
3180.031063  	98.413822 
3180.388370  	98.877543 
3180.745677  	99.083251 
3181.102983  	98.857371 
3181.460290  	98.747622 
3181.817597  	98.820966 
3182.174904  	98.669610 
3182.532211  	98.601681 
3182.889518  	98.860870 
3183.246825  	98.952068 
3183.604131  	98.841511 
3183.961438  	98.795962 
3184.318745  	98.733362 
3184.676052  	98.620364 
3185.033359  	98.556624 
3185.390666  	98.535617 
3185.747973  	98.396454 
3186.105279  	98.212178 
3186.462586  	98.159799 
3186.819893  	98.050523 
3187.177200  	98.077709 
3187.534507  	98.466632 
3187.891814  	98.528790 
3188.249121  	98.340871 
3188.606427  	98.589154 
3188.963734  	98.681804 
3189.321041  	98.506235 
3189.678348  	98.744131 
3190.035655  	98.913486 
3190.392962  	98.637370 
3190.750269  	98.448288 
3191.107576  	98.532001 
3191.464882  	98.590816 
3191.822189  	98.557461 
3192.179496  	98.699013 
3192.536803  	98.868441 
3192.894110  	98.770649 
3193.251417  	98.420514 
3193.608724  	98.052390 
3193.966030  	98.090989 
3194.323337  	98.298257 
3194.680644  	98.278415 
3195.037951  	98.209273 
3195.395258  	98.271905 
3195.752565  	98.574118 
3196.109872  	98.748264 
3196.467178  	98.737355 
3196.824485  	98.751300 
3197.181792  	98.511784 
3197.539099  	98.597522 
3197.896406  	98.982056 
3198.253713  	98.949172 
3198.611020  	98.907420 
3198.968326  	98.672188 
3199.325633  	98.394591 
3199.682940  	98.751025 
3200.040247  	99.091119 
3200.397554  	99.090367 
3200.754861  	98.826594 
3201.112168  	98.416767 
3201.469474  	98.359157 
3201.826781  	98.457798 
3202.184088  	98.543804 
3202.541395  	98.746276 
3202.898702  	98.806910 
3203.256009  	98.635995 
3203.613316  	98.500048 
3203.970623  	98.618640 
3204.327929  	98.711053 
3204.685236  	98.599459 
3205.042543  	98.695147 
3205.399850  	98.829579 
3205.757157  	98.578713 
3206.114464  	98.411713 
3206.471771  	98.571143 
3206.829077  	98.603169 
3207.186384  	98.554223 
3207.543691  	98.691856 
3207.900998  	98.761452 
3208.258305  	98.561149 
3208.615612  	98.279183 
3208.972919  	98.276414 
3209.330225  	98.710081 
3209.687532  	99.010275 
3210.044839  	98.810990 
3210.402146  	98.710601 
3210.759453  	98.754919 
3211.116760  	98.605028 
3211.474067  	98.495556 
3211.831373  	98.492915 
3212.188680  	98.684316 
3212.545987  	98.653241 
3212.903294  	98.163840 
3213.260601  	98.394080 
3213.617908  	98.912473 
3213.975215  	98.571784 
3214.332521  	98.401081 
3214.689828  	98.596421 
3215.047135  	98.453704 
3215.404442  	98.359408 
3215.761749  	98.381608 
3216.119056  	98.297388 
3216.476363  	98.270820 
3216.833670  	98.319504 
3217.190976  	98.398925 
3217.548283  	98.547847 
3217.905590  	98.677617 
3218.262897  	98.776205 
3218.620204  	98.747184 
3218.977511  	98.481410 
3219.334818  	98.351147 
3219.692124  	98.396727 
3220.049431  	98.397387 
3220.406738  	98.409817 
3220.764045  	98.244888 
3221.121352  	98.172796 
3221.478659  	98.556602 
3221.835966  	98.774493 
3222.193272  	98.565474 
3222.550579  	98.437470 
3222.907886  	98.319707 
3223.265193  	98.058415 
3223.622500  	98.077219 
3223.979807  	98.319919 
3224.337114  	98.511245 
3224.694420  	98.558564 
3225.051727  	98.355144 
3225.409034  	98.316162 
3225.766341  	98.478025 
3226.123648  	98.620029 
3226.480955  	98.646646 
3226.838262  	98.215992 
3227.195568  	98.023664 
3227.552875  	98.300362 
3227.910182  	98.360089 
3228.267489  	98.522683 
3228.624796  	98.700885 
3228.982103  	98.726747 
3229.339410  	98.869421 
3229.696717  	98.715252 
3230.054023  	98.466807 
3230.411330  	98.692747 
3230.768637  	98.982618 
3231.125944  	98.875874 
3231.483251  	98.653191 
3231.840558  	98.543955 
3232.197865  	98.462213 
3232.555171  	98.540323 
3232.912478  	98.748742 
3233.269785  	98.840926 
3233.627092  	98.834164 
3233.984399  	98.867325 
3234.341706  	98.678228 
3234.699013  	98.361710 
3235.056319  	98.627396 
3235.413626  	98.850763 
3235.770933  	98.643338 
3236.128240  	98.837867 
3236.485547  	98.999178 
3236.842854  	98.876380 
3237.200161  	98.903689 
3237.557467  	98.906950 
3237.914774  	98.852219 
3238.272081  	98.740105 
3238.629388  	98.716073 
3238.986695  	98.796582 
3239.344002  	98.952979 
3239.701309  	99.303551 
3240.058615  	99.476207 
3240.415922  	99.332228 
3240.773229  	99.003194 
3241.130536  	98.839201 
3241.487843  	98.866417 
3241.845150  	98.840461 
3242.202457  	99.162342 
3242.559764  	99.312309 
3242.917070  	99.130109 
3243.274377  	99.200484 
3243.631684  	98.932223 
3243.988991  	98.646957 
3244.346298  	98.772487 
3244.703605  	98.735431 
3245.060912  	98.605826 
3245.418218  	98.749169 
3245.775525  	99.204646 
3246.132832  	99.248832 
3246.490139  	98.912334 
3246.847446  	98.940144 
3247.204753  	98.992305 
3247.562060  	98.958086 
3247.919366  	98.982522 
3248.276673  	99.051094 
3248.633980  	99.167857 
3248.991287  	99.078254 
3249.348594  	99.076757 
3249.705901  	99.244641 
3250.063208  	99.138294 
3250.420514  	98.679887 
3250.777821  	98.420019 
3251.135128  	98.742381 
3251.492435  	98.843747 
3251.849742  	98.575626 
3252.207049  	98.609649 
3252.564356  	98.816691 
3252.921662  	98.933434 
3253.278969  	98.859576 
3253.636276  	98.786781 
3253.993583  	98.826168 
3254.350890  	98.900091 
3254.708197  	99.119843 
3255.065504  	99.227555 
3255.422810  	99.254854 
3255.780117  	99.302149 
3256.137424  	99.255868 
3256.494731  	99.292899 
3256.852038  	99.116426 
3257.209345  	98.756947 
3257.566652  	98.713288 
3257.923959  	98.830027 
3258.281265  	98.936821 
3258.638572  	98.905171 
3258.995879  	98.686769 
3259.353186  	98.702612 
3259.710493  	98.855615 
3260.067800  	98.751019 
3260.425107  	98.681002 
3260.782413  	98.711851 
3261.139720  	98.731651 
3261.497027  	98.863075 
3261.854334  	98.817783 
3262.211641  	98.779103 
3262.568948  	98.952024 
3262.926255  	98.973735 
3263.283561  	99.016886 
3263.640868  	99.162792 
3263.998175  	99.316084 
3264.355482  	99.209353 
3264.712789  	98.846519 
3265.070096  	98.862903 
3265.427403  	98.784858 
3265.784709  	98.570998 
3266.142016  	98.722297 
3266.499323  	98.793139 
3266.856630  	99.014515 
3267.213937  	99.081228 
3267.571244  	98.745468 
3267.928551  	98.834915 
3268.285857  	99.045692 
3268.643164  	99.143212 
3269.000471  	99.132710 
3269.357778  	98.890765 
3269.715085  	98.876127 
3270.072392  	98.837709 
3270.429699  	98.678171 
3270.787006  	98.717514 
3271.144312  	98.762110 
3271.501619  	98.951799 
3271.858926  	99.355165 
3272.216233  	99.525492 
3272.573540  	99.255014 
3272.930847  	98.833364 
3273.288154  	98.754345 
3273.645460  	99.026940 
3274.002767  	98.995881 
3274.360074  	98.762534 
3274.717381  	98.889794 
3275.074688  	98.830238 
3275.431995  	98.600656 
3275.789302  	98.770656 
3276.146608  	99.075246 
3276.503915  	99.360995 
3276.861222  	99.305351 
3277.218529  	98.996878 
3277.575836  	98.914946 
3277.933143  	98.794950 
3278.290450  	98.752939 
3278.647756  	98.843736 
3279.005063  	98.828165 
3279.362370  	98.759434 
3279.719677  	98.697418 
3280.076984  	98.735386 
3280.434291  	98.595996 
3280.791598  	98.584695 
3281.148904  	98.858478 
3281.506211  	98.627049 
3281.863518  	98.489441 
3282.220825  	98.974354 
3282.578132  	99.158435 
3282.935439  	98.888211 
3283.292746  	98.708050 
3283.650053  	98.721505 
3284.007359  	98.866359 
3284.364666  	99.128448 
3284.721973  	99.137330 
3285.079280  	98.879263 
3285.436587  	98.894171 
3285.793894  	98.965450 
3286.151201  	98.686685 
3286.508507  	98.523169 
3286.865814  	98.801752 
3287.223121  	98.804558 
3287.580428  	98.594837 
3287.937735  	98.940310 
3288.295042  	99.047796 
3288.652349  	98.790239 
3289.009655  	98.930931 
3289.366962  	99.092460 
3289.724269  	99.248928 
3290.081576  	99.320710 
3290.438883  	99.122571 
3290.796190  	99.090796 
3291.153497  	99.285718 
3291.510803  	99.500523 
3291.868110  	99.421360 
3292.225417  	99.254760 
3292.582724  	99.252140 
3292.940031  	99.163833 
3293.297338  	99.221096 
3293.654645  	99.342999 
3294.011951  	99.301472 
3294.369258  	99.088724 
3294.726565  	98.696399 
3295.083872  	98.620072 
3295.441179  	98.910532 
3295.798486  	99.274877 
3296.155793  	99.410711 
3296.513100  	99.207964 
3296.870406  	99.147784 
3297.227713  	98.993396 
3297.585020  	98.738582 
3297.942327  	98.965248 
3298.299634  	99.128263 
3298.656941  	99.032237 
3299.014248  	99.120376 
3299.371554  	99.016932 
3299.728861  	98.750573 
3300.086168  	98.884004 
3300.443475  	99.110555 
3300.800782  	99.110431 
3301.158089  	99.050703 
3301.515396  	98.968814 
3301.872702  	99.035432 
3302.230009  	98.954880 
3302.587316  	98.620752 
3302.944623  	98.785634 
3303.301930  	99.163607 
3303.659237  	99.136967 
3304.016544  	99.073781 
3304.373850  	99.085012 
3304.731157  	98.962175 
3305.088464  	98.907018 
3305.445771  	99.085091 
3305.803078  	99.123504 
3306.160385  	98.973168 
3306.517692  	98.927539 
3306.874998  	98.951409 
3307.232305  	99.105007 
3307.589612  	99.106055 
3307.946919  	98.773910 
3308.304226  	98.534487 
3308.661533  	98.478527 
3309.018840  	98.710331 
3309.376147  	99.155481 
3309.733453  	99.314955 
3310.090760  	99.079463 
3310.448067  	98.836441 
3310.805374  	98.945784 
3311.162681  	98.993367 
3311.519988  	98.914587 
3311.877295  	99.191447 
3312.234601  	99.267223 
3312.591908  	98.890026 
3312.949215  	98.698286 
3313.306522  	98.749503 
3313.663829  	98.763237 
3314.021136  	98.833993 
3314.378443  	99.092460 
3314.735749  	99.162713 
3315.093056  	98.947315 
3315.450363  	98.850503 
3315.807670  	98.907187 
3316.164977  	98.955911 
3316.522284  	98.769079 
3316.879591  	98.449470 
3317.236897  	98.462665 
3317.594204  	98.812393 
3317.951511  	99.130871 
3318.308818  	99.016098 
3318.666125  	98.727708 
3319.023432  	98.744076 
3319.380739  	98.763639 
3319.738045  	98.850870 
3320.095352  	99.134005 
3320.452659  	99.228230 
3320.809966  	99.162097 
3321.167273  	99.006354 
3321.524580  	99.007991 
3321.881887  	99.267849 
3322.239194  	99.257614 
3322.596500  	99.081733 
3322.953807  	99.006413 
3323.311114  	98.929456 
3323.668421  	98.923429 
3324.025728  	98.741873 
3324.383035  	98.501310 
3324.740342  	98.840521 
3325.097648  	99.300978 
3325.454955  	99.099601 
3325.812262  	98.836462 
3326.169569  	99.129345 
3326.526876  	99.429984 
3326.884183  	99.348919 
3327.241490  	99.141362 
3327.598796  	98.925753 
3327.956103  	98.663772 
3328.313410  	98.565761 
3328.670717  	98.817382 
3329.028024  	99.119863 
3329.385331  	99.234573 
3329.742638  	99.173978 
3330.099944  	98.895466 
3330.457251  	98.722886 
3330.814558  	98.922051 
3331.171865  	99.085354 
3331.529172  	98.965559 
3331.886479  	98.948253 
3332.243786  	99.140580 
3332.601092  	99.286108 
3332.958399  	99.339162 
3333.315706  	99.181608 
3333.673013  	98.961968 
3334.030320  	98.863856 
3334.387627  	98.727579 
3334.744934  	98.866116 
3335.102240  	99.150454 
3335.459547  	99.132976 
3335.816854  	99.082591 
3336.174161  	99.099034 
3336.531468  	99.248485 
3336.888775  	99.234420 
3337.246082  	98.833403 
3337.603389  	98.815494 
3337.960695  	98.982518 
3338.318002  	98.770503 
3338.675309  	98.600842 
3339.032616  	98.687371 
3339.389923  	98.916941 
3339.747230  	99.000493 
3340.104537  	98.881095 
3340.461843  	98.921005 
3340.819150  	99.128391 
3341.176457  	99.283954 
3341.533764  	99.369571 
3341.891071  	99.466433 
3342.248378  	99.299540 
3342.605685  	98.819269 
3342.962991  	98.578467 
3343.320298  	98.664546 
3343.677605  	98.952781 
3344.034912  	99.190531 
3344.392219  	99.090119 
3344.749526  	99.164830 
3345.106833  	99.269749 
3345.464139  	98.814383 
3345.821446  	98.516760 
3346.178753  	98.791152 
3346.536060  	99.083292 
3346.893367  	99.254604 
3347.250674  	99.418241 
3347.607981  	99.326668 
3347.965287  	98.874892 
3348.322594  	98.702761 
3348.679901  	98.975014 
3349.037208  	98.994068 
3349.394515  	98.862126 
3349.751822  	98.817439 
3350.109129  	98.805845 
3350.466436  	99.141355 
3350.823742  	99.320129 
3351.181049  	98.986904 
3351.538356  	98.700957 
3351.895663  	98.612283 
3352.252970  	98.826002 
3352.610277  	99.070411 
3352.967584  	99.085637 
3353.324890  	99.131202 
3353.682197  	98.829980 
3354.039504  	98.508210 
3354.396811  	98.653856 
3354.754118  	98.649919 
3355.111425  	98.733348 
3355.468732  	99.015478 
3355.826038  	99.013183 
3356.183345  	99.174193 
3356.540652  	99.417926 
3356.897959  	99.182252 
3357.255266  	98.654188 
3357.612573  	98.314275 
3357.969880  	98.481655 
3358.327186  	98.764322 
3358.684493  	98.798946 
3359.041800  	98.758568 
3359.399107  	98.668511 
3359.756414  	98.711227 
3360.113721  	98.810168 
3360.471028  	98.671157 
3360.828334  	98.582704 
3361.185641  	98.534193 
3361.542948  	98.464791 
3361.900255  	98.617464 
3362.257562  	98.646615 
3362.614869  	98.389904 
3362.972176  	98.231909 
3363.329483  	98.286585 
3363.686789  	98.524249 
3364.044096  	98.750305 
3364.401403  	98.567022 
3364.758710  	98.243667 
3365.116017  	98.391881 
3365.473324  	98.712233 
3365.830631  	98.730810 
3366.187937  	98.382426 
3366.545244  	98.006336 
3366.902551  	98.197849 
3367.259858  	98.320199 
3367.617165  	98.175053 
3367.974472  	98.636319 
3368.331779  	98.881309 
3368.689085  	98.512246 
3369.046392  	98.313761 
3369.403699  	98.069106 
3369.761006  	97.985927 
3370.118313  	98.184611 
3370.475620  	98.169816 
3370.832927  	98.238725 
3371.190233  	98.443438 
3371.547540  	98.440292 
3371.904847  	98.275639 
3372.262154  	98.148947 
3372.619461  	98.309568 
3372.976768  	98.425459 
3373.334075  	98.267498 
3373.691381  	98.354342 
3374.048688  	98.303227 
3374.405995  	97.915019 
3374.763302  	98.072745 
3375.120609  	98.292753 
3375.477916  	98.118882 
3375.835223  	98.127600 
3376.192530  	98.089796 
3376.549836  	98.059195 
3376.907143  	98.146944 
3377.264450  	98.133651 
3377.621757  	98.147667 
3377.979064  	98.122173 
3378.336371  	98.425450 
3378.693678  	98.767685 
3379.050984  	98.511120 
3379.408291  	98.358372 
3379.765598  	98.473601 
3380.122905  	98.735288 
3380.480212  	98.941349 
3380.837519  	98.512498 
3381.194826  	98.138285 
3381.552132  	98.359431 
3381.909439  	98.641758 
3382.266746  	98.495039 
3382.624053  	98.307768 
3382.981360  	98.780243 
3383.338667  	99.115868 
3383.695974  	98.833658 
3384.053280  	98.703834 
3384.410587  	98.675181 
3384.767894  	98.567010 
3385.125201  	98.663112 
3385.482508  	98.810656 
3385.839815  	98.671722 
3386.197122  	98.460523 
3386.554428  	98.395588 
3386.911735  	98.290977 
3387.269042  	98.284930 
3387.626349  	98.477255 
3387.983656  	98.638541 
3388.340963  	98.588145 
3388.698270  	98.551210 
3389.055577  	98.799009 
3389.412883  	98.747459 
3389.770190  	98.547711 
3390.127497  	98.743866 
3390.484804  	98.619744 
3390.842111  	98.319996 
3391.199418  	98.487716 
3391.556725  	98.838152 
3391.914031  	99.095360 
3392.271338  	99.060917 
3392.628645  	98.894959 
3392.985952  	98.704274 
3393.343259  	98.538831 
3393.700566  	98.799683 
3394.057873  	98.920575 
3394.415179  	98.680785 
3394.772486  	98.849460 
3395.129793  	98.933881 
3395.487100  	98.568890 
3395.844407  	98.602972 
3396.201714  	98.705227 
3396.559021  	98.544712 
3396.916327  	98.897071 
3397.273634  	99.205329 
3397.630941  	98.955865 
3397.988248  	98.912741 
3398.345555  	98.998515 
3398.702862  	99.025199 
3399.060169  	98.920555 
3399.417475  	98.630342 
3399.774782  	98.776892 
3400.132089  	99.038461 
3400.489396  	98.981847 
3400.846703  	98.901080 
3401.204010  	98.674952 
3401.561317  	98.729062 
3401.918624  	99.075297 
3402.275930  	98.951590 
3402.633237  	98.663025 
3402.990544  	98.580238 
3403.347851  	98.662380 
3403.705158  	98.886795 
3404.062465  	99.023747 
3404.419772  	99.001737 
3404.777078  	98.862765 
3405.134385  	98.847858 
3405.491692  	98.980544 
3405.848999  	98.851360 
3406.206306  	98.696888 
3406.563613  	98.943904 
3406.920920  	99.084122 
3407.278226  	98.704678 
3407.635533  	98.633249 
3407.992840  	99.090276 
3408.350147  	99.018310 
3408.707454  	98.646835 
3409.064761  	98.854710 
3409.422068  	99.225357 
3409.779374  	99.215457 
3410.136681  	99.165098 
3410.493988  	99.413343 
3410.851295  	99.399229 
3411.208602  	99.098934 
3411.565909  	99.206309 
3411.923216  	99.390539 
3412.280522  	99.392035 
3412.637829  	99.296115 
3412.995136  	98.994354 
3413.352443  	98.917398 
3413.709750  	99.090517 
3414.067057  	99.286408 
3414.424364  	99.561970 
3414.781671  	99.471825 
3415.138977  	99.097292 
3415.496284  	99.148222 
3415.853591  	99.295400 
3416.210898  	98.964134 
3416.568205  	98.657848 
3416.925512  	98.614957 
3417.282819  	98.605155 
3417.640125  	98.712413 
3417.997432  	98.758932 
3418.354739  	98.879989 
3418.712046  	99.088566 
3419.069353  	99.047974 
3419.426660  	99.264537 
3419.783967  	99.472623 
3420.141273  	99.261868 
3420.498580  	99.353304 
3420.855887  	99.474411 
3421.213194  	99.374698 
3421.570501  	99.533453 
3421.927808  	99.704180 
3422.285115  	99.577403 
3422.642421  	99.322631 
3422.999728  	99.382696 
3423.357035  	99.739752 
3423.714342  	99.811642 
3424.071649  	99.476093 
3424.428956  	99.315386 
3424.786263  	99.513544 
3425.143569  	99.431159 
3425.500876  	99.187881 
3425.858183  	99.130943 
3426.215490  	98.996851 
3426.572797  	99.068987 
3426.930104  	99.226212 
3427.287411  	99.258469 
3427.644717  	99.469438 
3428.002024  	99.515848 
3428.359331  	99.422712 
3428.716638  	99.282157 
3429.073945  	98.852532 
3429.431252  	98.718600 
3429.788559  	99.083386 
3430.145866  	99.288409 
3430.503172  	99.131859 
3430.860479  	99.175949 
3431.217786  	99.488097 
3431.575093  	99.579297 
3431.932400  	99.660434 
3432.289707  	99.657893 
3432.647014  	99.417855 
3433.004320  	99.477481 
3433.361627  	99.530826 
3433.718934  	99.262727 
3434.076241  	99.164034 
3434.433548  	99.302599 
3434.790855  	99.532370 
3435.148162  	99.659287 
3435.505468  	99.521124 
3435.862775  	99.461603 
3436.220082  	99.602030 
3436.577389  	99.447104 
3436.934696  	98.999338 
3437.292003  	99.018806 
3437.649310  	99.588567 
3438.006616  	99.853487 
3438.363923  	99.474126 
3438.721230  	99.048110 
3439.078537  	99.047957 
3439.435844  	99.299365 
3439.793151  	99.395250 
3440.150458  	99.472104 
3440.507764  	99.888404 
3440.865071  	100.065432 
3441.222378  	99.773399 
3441.579685  	99.640621 
3441.936992  	99.428278 
3442.294299  	99.185360 
3442.651606  	99.353376 
3443.008913  	99.404973 
3443.366219  	99.234349 
3443.723526  	99.044843 
3444.080833  	98.960117 
3444.438140  	99.228886 
3444.795447  	99.470597 
3445.152754  	99.519770 
3445.510061  	99.448096 
3445.867367  	99.340331 
3446.224674  	99.494580 
3446.581981  	99.422660 
3446.939288  	99.103504 
3447.296595  	99.305722 
3447.653902  	99.618091 
3448.011209  	99.453790 
3448.368515  	99.262657 
3448.725822  	99.370849 
3449.083129  	99.479884 
3449.440436  	99.509414 
3449.797743  	99.734397 
3450.155050  	99.864215 
3450.512357  	99.720412 
3450.869663  	99.478854 
3451.226970  	99.093061 
3451.584277  	98.977279 
3451.941584  	99.265527 
3452.298891  	99.322017 
3452.656198  	99.207834 
3453.013505  	99.307960 
3453.370811  	99.501913 
3453.728118  	99.611506 
3454.085425  	99.500079 
3454.442732  	99.475050 
3454.800039  	99.754982 
3455.157346  	99.694600 
3455.514653  	99.396443 
3455.871960  	99.419605 
3456.229266  	99.331206 
3456.586573  	99.163104 
3456.943880  	99.169849 
3457.301187  	99.031558 
3457.658494  	98.992914 
3458.015801  	99.188482 
3458.373108  	99.324607 
3458.730414  	99.293406 
3459.087721  	99.136395 
3459.445028  	99.270538 
3459.802335  	99.576163 
3460.159642  	99.621713 
3460.516949  	99.669367 
3460.874256  	99.560634 
3461.231562  	99.273336 
3461.588869  	99.314746 
3461.946176  	99.399868 
3462.303483  	99.303193 
3462.660790  	99.262088 
3463.018097  	99.247829 
3463.375404  	99.229020 
3463.732710  	99.178748 
3464.090017  	99.161629 
3464.447324  	99.317883 
3464.804631  	99.440118 
3465.161938  	99.400702 
3465.519245  	99.368373 
3465.876552  	99.194336 
3466.233858  	98.920426 
3466.591165  	99.193997 
3466.948472  	99.718020 
3467.305779  	99.587422 
3467.663086  	99.265178 
3468.020393  	99.291406 
3468.377700  	99.223297 
3468.735007  	99.087265 
3469.092313  	99.128527 
3469.449620  	99.179628 
3469.806927  	99.364263 
3470.164234  	99.540446 
3470.521541  	99.359712 
3470.878848  	99.331270 
3471.236155  	99.396038 
3471.593461  	99.102974 
3471.950768  	99.173051 
3472.308075  	99.598689 
3472.665382  	99.702221 
3473.022689  	99.753801 
3473.379996  	99.790994 
3473.737303  	99.577056 
3474.094609  	99.373339 
3474.451916  	99.493837 
3474.809223  	99.660324 
3475.166530  	99.417649 
3475.523837  	99.067082 
3475.881144  	98.860679 
3476.238451  	99.074444 
3476.595757  	99.704365 
3476.953064  	99.713062 
3477.310371  	99.462361 
3477.667678  	99.686825 
3478.024985  	99.587651 
3478.382292  	99.526624 
3478.739599  	99.943261 
3479.096905  	99.887152 
3479.454212  	99.531625 
3479.811519  	99.596074 
3480.168826  	99.782184 
3480.526133  	99.705958 
3480.883440  	99.434910 
3481.240747  	99.271961 
3481.598054  	99.244998 
3481.955360  	99.112711 
3482.312667  	99.189315 
3482.669974  	99.500200 
3483.027281  	99.372617 
3483.384588  	99.297146 
3483.741895  	99.589077 
3484.099202  	99.439439 
3484.456508  	99.132503 
3484.813815  	99.255213 
3485.171122  	99.367734 
3485.528429  	99.228979 
3485.885736  	99.140421 
3486.243043  	99.331574 
3486.600350  	99.395583 
3486.957656  	99.202387 
3487.314963  	99.382281 
3487.672270  	99.658435 
3488.029577  	99.453350 
3488.386884  	99.210911 
3488.744191  	99.190443 
3489.101498  	99.313705 
3489.458804  	99.550242 
3489.816111  	99.499473 
3490.173418  	99.248812 
3490.530725  	99.427746 
3490.888032  	99.797240 
3491.245339  	99.772653 
3491.602646  	99.617473 
3491.959952  	99.677886 
3492.317259  	99.628714 
3492.674566  	99.400166 
3493.031873  	99.339526 
3493.389180  	99.343739 
3493.746487  	99.435231 
3494.103794  	99.629409 
3494.461101  	99.522894 
3494.818407  	99.357772 
3495.175714  	99.431073 
3495.533021  	99.596808 
3495.890328  	99.815580 
3496.247635  	99.946794 
3496.604942  	99.814289 
3496.962249  	99.344237 
3497.319555  	99.072641 
3497.676862  	99.209292 
3498.034169  	99.173576 
3498.391476  	99.173489 
3498.748783  	99.218454 
3499.106090  	99.143106 
3499.463397  	99.227898 
3499.820703  	99.221266 
3500.178010  	99.320648 
3500.535317  	99.525324 
3500.892624  	99.470773 
3501.249931  	99.588891 
3501.607238  	99.836175 
3501.964545  	99.881324 
3502.321851  	99.519456 
3502.679158  	99.072145 
3503.036465  	99.187982 
3503.393772  	99.288775 
3503.751079  	99.273630 
3504.108386  	99.529273 
3504.465693  	99.608568 
3504.822999  	99.572814 
3505.180306  	99.669169 
3505.537613  	99.698226 
3505.894920  	99.553318 
3506.252227  	99.586362 
3506.609534  	99.613236 
3506.966841  	99.352029 
3507.324147  	99.535384 
3507.681454  	99.752153 
3508.038761  	99.416433 
3508.396068  	99.211770 
3508.753375  	99.175406 
3509.110682  	99.289918 
3509.467989  	99.426441 
3509.825296  	99.423977 
3510.182602  	99.604189 
3510.539909  	99.549427 
3510.897216  	99.282872 
3511.254523  	99.179257 
3511.611830  	99.358394 
3511.969137  	99.752479 
3512.326444  	99.837993 
3512.683750  	99.719597 
3513.041057  	99.472469 
3513.398364  	99.132360 
3513.755671  	99.204197 
3514.112978  	99.294399 
3514.470285  	99.209993 
3514.827592  	99.323292 
3515.184898  	99.423451 
3515.542205  	99.299254 
3515.899512  	99.156618 
3516.256819  	99.305652 
3516.614126  	99.522062 
3516.971433  	99.533486 
3517.328740  	99.607672 
3517.686046  	99.761486 
3518.043353  	99.642983 
3518.400660  	99.255336 
3518.757967  	99.017232 
3519.115274  	98.924193 
3519.472581  	98.955589 
3519.829888  	99.183172 
3520.187194  	99.143088 
3520.544501  	99.033832 
3520.901808  	99.006061 
3521.259115  	98.848907 
3521.616422  	99.153401 
3521.973729  	99.608152 
3522.331036  	99.697059 
3522.688343  	99.902875 
3523.045649  	99.838047 
3523.402956  	99.347295 
3523.760263  	99.240163 
3524.117570  	99.400018 
3524.474877  	99.233445 
3524.832184  	99.043400 
3525.189491  	99.450017 
3525.546797  	99.829006 
3525.904104  	99.519483 
3526.261411  	99.293352 
3526.618718  	99.519978 
3526.976025  	99.666681 
3527.333332  	99.707739 
3527.690639  	99.809226 
3528.047945  	99.715775 
3528.405252  	99.360799 
3528.762559  	99.241084 
3529.119866  	99.451227 
3529.477173  	99.478886 
3529.834480  	99.353234 
3530.191787  	99.224424 
3530.549093  	99.020852 
3530.906400  	98.910884 
3531.263707  	98.893725 
3531.621014  	99.052248 
3531.978321  	99.539712 
3532.335628  	99.837159 
3532.692935  	99.705187 
3533.050241  	99.566952 
3533.407548  	99.497596 
3533.764855  	99.357141 
3534.122162  	99.320607 
3534.479469  	99.372463 
3534.836776  	99.226948 
3535.194083  	99.240490 
3535.551390  	99.816279 
3535.908696  	100.195078 
3536.266003  	99.800356 
3536.623310  	99.306592 
3536.980617  	99.106177 
3537.337924  	99.104735 
3537.695231  	99.232587 
3538.052538  	99.247132 
3538.409844  	99.415770 
3538.767151  	99.709959 
3539.124458  	99.368842 
3539.481765  	99.011012 
3539.839072  	99.324267 
3540.196379  	99.483821 
3540.553686  	99.371854 
3540.910992  	99.454564 
3541.268299  	99.544526 
3541.625606  	99.456395 
3541.982913  	99.354572 
3542.340220  	99.384415 
3542.697527  	99.255371 
3543.054834  	99.071936 
3543.412140  	99.146978 
3543.769447  	99.024113 
3544.126754  	98.875533 
3544.484061  	99.023302 
3544.841368  	99.085864 
3545.198675  	99.355593 
3545.555982  	99.608440 
3545.913288  	99.435703 
3546.270595  	99.719084 
3546.627902  	99.891257 
3546.985209  	99.338956 
3547.342516  	99.309939 
3547.699823  	99.636902 
3548.057130  	99.345386 
3548.414437  	99.197867 
3548.771743  	99.396649 
3549.129050  	99.354951 
3549.486357  	99.129366 
3549.843664  	99.161543 
3550.200971  	99.350710 
3550.558278  	99.192227 
3550.915585  	98.937095 
3551.272891  	99.150017 
3551.630198  	99.454922 
3551.987505  	99.543578 
3552.344812  	99.586874 
3552.702119  	99.234377 
3553.059426  	98.711037 
3553.416733  	98.776933 
3553.774039  	99.047931 
3554.131346  	98.984292 
3554.488653  	98.864247 
3554.845960  	99.053816 
3555.203267  	99.263177 
3555.560574  	99.120376 
3555.917881  	98.884443 
3556.275187  	98.833770 
3556.632494  	98.946652 
3556.989801  	99.170103 
3557.347108  	99.393992 
3557.704415  	99.486809 
3558.061722  	99.278749 
3558.419029  	99.054645 
3558.776335  	99.073527 
3559.133642  	99.191399 
3559.490949  	99.422479 
3559.848256  	99.407567 
3560.205563  	99.231925 
3560.562870  	99.258969 
3560.920177  	99.118466 
3561.277484  	99.271502 
3561.634790  	99.541871 
3561.992097  	99.380240 
3562.349404  	99.437135 
3562.706711  	99.286840 
3563.064018  	98.984977 
3563.421325  	99.362072 
3563.778632  	99.494445 
3564.135938  	99.329029 
3564.493245  	99.337911 
3564.850552  	99.145258 
3565.207859  	99.044611 
3565.565166  	99.211034 
3565.922473  	99.727789 
3566.279780  	100.184846 
3566.637086  	99.727273 
3566.994393  	99.197979 
3567.351700  	99.031068 
3567.709007  	99.397900 
3568.066314  	100.030765 
3568.423621  	100.012949 
3568.780928  	99.981183 
3569.138234  	99.765961 
3569.495541  	99.205482 
3569.852848  	99.353058 
3570.210155  	99.534645 
3570.567462  	99.391312 
3570.924769  	99.528703 
3571.282076  	99.460837 
3571.639382  	99.235003 
3571.996689  	99.103645 
3572.353996  	99.145520 
3572.711303  	99.443340 
3573.068610  	99.385480 
3573.425917  	99.224407 
3573.783224  	99.419788 
3574.140531  	99.483766 
3574.497837  	99.386253 
3574.855144  	99.446185 
3575.212451  	99.637468 
3575.569758  	99.726234 
3575.927065  	99.598948 
3576.284372  	99.427854 
3576.641679  	99.435588 
3576.998985  	99.419874 
3577.356292  	99.221863 
3577.713599  	99.319950 
3578.070906  	99.487745 
3578.428213  	99.286479 
3578.785520  	99.197692 
3579.142827  	99.363882 
3579.500133  	99.351237 
3579.857440  	98.977097 
3580.214747  	98.807056 
3580.572054  	98.979872 
3580.929361  	98.925227 
3581.286668  	99.063655 
3581.643975  	99.444772 
3582.001281  	99.394989 
3582.358588  	99.156191 
3582.715895  	99.273184 
3583.073202  	99.711770 
3583.430509  	99.950054 
3583.787816  	99.993772 
3584.145123  	100.033777 
3584.502429  	99.619531 
3584.859736  	99.127036 
3585.217043  	99.199390 
3585.574350  	99.399087 
3585.931657  	99.298530 
3586.288964  	99.334251 
3586.646271  	99.508094 
3587.003577  	99.356053 
3587.360884  	99.643175 
3587.718191  	100.225727 
3588.075498  	100.198263 
3588.432805  	99.871282 
3588.790112  	99.421104 
3589.147419  	99.183784 
3589.504726  	99.258164 
3589.862032  	99.221771 
3590.219339  	99.191543 
3590.576646  	99.309644 
3590.933953  	99.568185 
3591.291260  	99.568090 
3591.648567  	99.453379 
3592.005874  	99.414736 
3592.363180  	98.977483 
3592.720487  	98.904365 
3593.077794  	99.423963 
3593.435101  	99.530866 
3593.792408  	99.591111 
3594.149715  	99.508165 
3594.507022  	99.160213 
3594.864328  	99.440105 
3595.221635  	99.874393 
3595.578942  	99.717745 
3595.936249  	99.567758 
3596.293556  	99.608100 
3596.650863  	99.552213 
3597.008170  	99.310220 
3597.365476  	99.041344 
3597.722783  	99.032672 
3598.080090  	98.972772 
3598.437397  	98.911936 
3598.794704  	99.386858 
3599.152011  	99.838853 
3599.509318  	99.971435 
3599.866624  	99.901669 
3600.223931  	99.448839 
3600.581238  	99.302723 
3600.938545  	99.577578 
3601.295852  	99.579583 
3601.653159  	99.622079 
3602.010466  	99.785442 
3602.367773  	99.635056 
3602.725079  	99.465883 
3603.082386  	99.545092 
3603.439693  	99.515978 
3603.797000  	99.487798 
3604.154307  	99.669389 
3604.511614  	99.692293 
3604.868921  	99.679512 
3605.226227  	99.701916 
3605.583534  	99.517342 
3605.940841  	99.448952 
3606.298148  	99.469812 
3606.655455  	99.395292 
3607.012762  	99.556126 
3607.370069  	99.614462 
3607.727375  	99.316108 
3608.084682  	99.343502 
3608.441989  	99.383060 
3608.799296  	98.935414 
3609.156603  	98.772544 
3609.513910  	99.134816 
3609.871217  	99.277841 
3610.228523  	99.572819 
3610.585830  	99.776165 
3610.943137  	99.392491 
3611.300444  	99.174421 
3611.657751  	99.368231 
3612.015058  	99.469654 
3612.372365  	99.501035 
3612.729671  	99.429086 
3613.086978  	99.811253 
3613.444285  	100.022595 
3613.801592  	99.240219 
3614.158899  	99.189819 
3614.516206  	99.523952 
3614.873513  	99.193885 
3615.230820  	99.377247 
3615.588126  	99.385863 
3615.945433  	99.218562 
3616.302740  	99.592777 
3616.660047  	99.540353 
3617.017354  	99.588925 
3617.374661  	99.910116 
3617.731968  	99.696130 
3618.089274  	99.431111 
3618.446581  	99.090886 
3618.803888  	98.946311 
3619.161195  	99.215474 
3619.518502  	99.617255 
3619.875809  	100.006175 
3620.233116  	99.728069 
3620.590422  	99.318022 
3620.947729  	99.316879 
3621.305036  	99.385565 
3621.662343  	99.327877 
3622.019650  	99.100069 
3622.376957  	98.944427 
3622.734264  	99.097286 
3623.091570  	99.471372 
3623.448877  	99.483400 
3623.806184  	99.420332 
3624.163491  	99.719179 
3624.520798  	99.641598 
3624.878105  	99.368067 
3625.235412  	99.329047 
3625.592718  	99.353941 
3625.950025  	99.429746 
3626.307332  	99.333722 
3626.664639  	99.286935 
3627.021946  	99.292528 
3627.379253  	99.368062 
3627.736560  	99.873758 
3628.093867  	100.301611 
3628.451173  	100.402865 
3628.808480  	100.466986 
3629.165787  	100.688271 
3629.523094  	100.232286 
3629.880401  	99.050963 
3630.237708  	98.897427 
3630.595015  	99.252270 
3630.952321  	99.325506 
3631.309628  	99.515460 
3631.666935  	99.572801 
3632.024242  	99.592697 
3632.381549  	99.475701 
3632.738856  	99.245354 
3633.096163  	99.259912 
3633.453469  	99.419403 
3633.810776  	99.739813 
3634.168083  	99.633949 
3634.525390  	99.136681 
3634.882697  	99.118808 
3635.240004  	99.377651 
3635.597311  	99.669061 
3635.954617  	99.625998 
3636.311924  	99.346433 
3636.669231  	99.306681 
3637.026538  	99.333758 
3637.383845  	99.361483 
3637.741152  	99.232462 
3638.098459  	99.147306 
3638.455765  	99.370031 
3638.813072  	99.391938 
3639.170379  	99.230010 
3639.527686  	99.041658 
3639.884993  	98.944709 
3640.242300  	99.245502 
3640.599607  	99.423498 
3640.956914  	99.082518 
3641.314220  	98.827014 
3641.671527  	99.053070 
3642.028834  	99.490444 
3642.386141  	99.780431 
3642.743448  	99.679263 
3643.100755  	99.456709 
3643.458062  	99.370649 
3643.815368  	99.044307 
3644.172675  	98.879159 
3644.529982  	99.256483 
3644.887289  	99.495020 
3645.244596  	99.554373 
3645.601903  	99.612837 
3645.959210  	99.494830 
3646.316516  	99.469051 
3646.673823  	99.486555 
3647.031130  	99.130492 
3647.388437  	98.854152 
3647.745744  	99.550380 
3648.103051  	100.031226 
3648.460358  	99.259580 
3648.817664  	98.761861 
3649.174971  	98.892068 
3649.532278  	99.061605 
3649.889585  	99.754091 
3650.246892  	100.215198 
3650.604199  	99.869234 
3650.961506  	99.295570 
3651.318812  	98.771924 
3651.676119  	99.141496 
3652.033426  	99.720462 
3652.390733  	99.580446 
3652.748040  	99.514833 
3653.105347  	99.686631 
3653.462654  	99.715184 
3653.819961  	99.768952 
3654.177267  	99.692613 
3654.534574  	99.507253 
3654.891881  	99.465028 
3655.249188  	99.281090 
3655.606495  	99.082188 
3655.963802  	99.294073 
3656.321109  	99.888568 
3656.678415  	100.124881 
3657.035722  	99.355356 
3657.393029  	98.981366 
3657.750336  	99.264508 
3658.107643  	99.296272 
3658.464950  	99.171039 
3658.822257  	99.257226 
3659.179563  	99.525339 
3659.536870  	99.700389 
3659.894177  	99.577707 
3660.251484  	99.688398 
3660.608791  	99.927661 
3660.966098  	99.498570 
3661.323405  	99.083625 
3661.680711  	99.306917 
3662.038018  	99.461347 
3662.395325  	99.348444 
3662.752632  	99.205006 
3663.109939  	99.211134 
3663.467246  	99.560739 
3663.824553  	99.762790 
3664.181859  	99.766055 
3664.539166  	99.751544 
3664.896473  	99.332806 
3665.253780  	99.082871 
3665.611087  	99.284314 
3665.968394  	99.382656 
3666.325701  	99.543528 
3666.683008  	99.581612 
3667.040314  	99.430265 
3667.397621  	99.520927 
3667.754928  	99.382301 
3668.112235  	99.131711 
3668.469542  	99.497452 
3668.826849  	99.702265 
3669.184156  	99.116311 
3669.541462  	98.721310 
3669.898769  	98.965742 
3670.256076  	99.274685 
3670.613383  	99.363318 
3670.970690  	99.432282 
3671.327997  	99.469653 
3671.685304  	99.372736 
3672.042610  	99.671410 
3672.399917  	99.792493 
3672.757224  	99.433853 
3673.114531  	99.487124 
3673.471838  	99.806540 
3673.829145  	99.932273 
3674.186452  	100.003720 
3674.543758  	99.797919 
3674.901065  	99.592390 
3675.258372  	99.368160 
3675.615679  	99.331464 
3675.972986  	99.715047 
3676.330293  	99.781639 
3676.687600  	100.092832 
3677.044906  	99.855295 
3677.402213  	99.525277 
3677.759520  	99.711667 
3678.116827  	99.689627 
3678.474134  	99.650559 
3678.831441  	99.684907 
3679.188748  	99.651180 
3679.546054  	99.652662 
3679.903361  	99.207486 
3680.260668  	99.118297 
3680.617975  	99.271354 
3680.975282  	99.083558 
3681.332589  	99.312010 
3681.689896  	99.537772 
3682.047203  	99.427980 
3682.404509  	99.209424 
3682.761816  	98.833626 
3683.119123  	99.089484 
3683.476430  	99.725701 
3683.833737  	99.625948 
3684.191044  	99.179023 
3684.548351  	99.087655 
3684.905657  	99.324411 
3685.262964  	99.682124 
3685.620271  	99.820093 
3685.977578  	99.798818 
3686.334885  	99.970355 
3686.692192  	99.877788 
3687.049499  	99.368584 
3687.406805  	99.130103 
3687.764112  	99.424752 
3688.121419  	100.314605 
3688.478726  	100.664005 
3688.836033  	99.403523 
3689.193340  	99.424229 
3689.550647  	100.114079 
3689.907953  	99.659195 
3690.265260  	99.385869 
3690.622567  	99.619430 
3690.979874  	99.518123 
3691.337181  	99.471545 
3691.694488  	99.675233 
3692.051795  	99.789734 
3692.409101  	99.658237 
3692.766408  	99.404050 
3693.123715  	99.544087 
3693.481022  	99.507293 
3693.838329  	99.090899 
3694.195636  	99.135506 
3694.552943  	99.346263 
3694.910250  	99.576965 
3695.267556  	99.701740 
3695.624863  	99.560397 
3695.982170  	99.778082 
3696.339477  	99.922244 
3696.696784  	99.715913 
3697.054091  	99.585232 
3697.411398  	99.450912 
3697.768704  	99.456512 
3698.126011  	99.529051 
3698.483318  	99.372986 
3698.840625  	99.214362 
3699.197932  	99.538902 
3699.555239  	99.810481 
3699.912546  	99.677826 
3700.269852  	99.896762 
3700.627159  	99.849192 
3700.984466  	99.473601 
3701.341773  	99.499983 
3701.699080  	99.343220 
3702.056387  	99.509339 
3702.413694  	99.635258 
3702.771000  	99.302204 
3703.128307  	99.448834 
3703.485614  	99.512916 
3703.842921  	99.569129 
3704.200228  	99.882100 
3704.557535  	100.008887 
3704.914842  	100.014492 
3705.272148  	99.964993 
3705.629455  	99.874544 
3705.986762  	99.764889 
3706.344069  	99.798322 
3706.701376  	99.869199 
3707.058683  	99.848510 
3707.415990  	99.846386 
3707.773297  	99.625506 
3708.130603  	99.539171 
3708.487910  	99.565979 
3708.845217  	99.348817 
3709.202524  	99.392649 
3709.559831  	99.691031 
3709.917138  	99.943453 
3710.274445  	99.746022 
3710.631751  	99.594509 
3710.989058  	99.740126 
3711.346365  	99.523461 
3711.703672  	99.603825 
3712.060979  	99.870813 
3712.418286  	99.738284 
3712.775593  	99.808592 
3713.132899  	99.259394 
3713.490206  	99.181133 
3713.847513  	99.662687 
3714.204820  	99.767448 
3714.562127  	99.938386 
3714.919434  	100.044139 
3715.276741  	99.812100 
3715.634047  	99.757246 
3715.991354  	99.726348 
3716.348661  	99.692162 
3716.705968  	99.797339 
3717.063275  	99.689127 
3717.420582  	99.493996 
3717.777889  	99.731954 
3718.135195  	99.930649 
3718.492502  	99.621651 
3718.849809  	99.356682 
3719.207116  	99.535676 
3719.564423  	99.880601 
3719.921730  	99.856549 
3720.279037  	99.804366 
3720.636344  	99.953943 
3720.993650  	99.586880 
3721.350957  	98.977362 
3721.708264  	99.255488 
3722.065571  	99.947442 
3722.422878  	100.030171 
3722.780185  	100.120487 
3723.137492  	100.256290 
3723.494798  	100.031696 
3723.852105  	99.890137 
3724.209412  	99.907953 
3724.566719  	100.247587 
3724.924026  	100.441186 
3725.281333  	100.202844 
3725.638640  	100.126007 
3725.995946  	99.839329 
3726.353253  	99.885510 
3726.710560  	100.145078 
3727.067867  	99.652958 
3727.425174  	99.665183 
3727.782481  	99.815103 
3728.139788  	99.719061 
3728.497094  	100.173865 
3728.854401  	100.367663 
3729.211708  	100.058529 
3729.569015  	99.795519 
3729.926322  	99.782823 
3730.283629  	100.015930 
3730.640936  	100.074502 
3730.998242  	100.024509 
3731.355549  	100.034577 
3731.712856  	99.795299 
3732.070163  	99.629429 
3732.427470  	99.965074 
3732.784777  	99.591435 
3733.142084  	99.317642 
3733.499391  	99.892939 
3733.856697  	99.504653 
3734.214004  	99.050735 
3734.571311  	100.033096 
3734.928618  	100.324560 
3735.285925  	99.743898 
3735.643232  	99.546529 
3736.000539  	99.537141 
3736.357845  	99.736515 
3736.715152  	99.450992 
3737.072459  	99.354610 
3737.429766  	99.801520 
3737.787073  	100.068411 
3738.144380  	100.024598 
3738.501687  	99.964836 
3738.858993  	100.062603 
3739.216300  	99.769254 
3739.573607  	99.665945 
3739.930914  	100.078728 
3740.288221  	100.110813 
3740.645528  	99.906889 
3741.002835  	99.970790 
3741.360141  	100.276028 
3741.717448  	100.212380 
3742.074755  	99.845034 
3742.432062  	100.084005 
3742.789369  	100.303175 
3743.146676  	100.176709 
3743.503983  	100.015715 
3743.861289  	99.830445 
3744.218596  	100.102105 
3744.575903  	100.077220 
3744.933210  	99.190074 
3745.290517  	99.007075 
3745.647824  	99.349697 
3746.005131  	99.700366 
3746.362438  	99.293563 
3746.719744  	99.134453 
3747.077051  	99.899982 
3747.434358  	100.287913 
3747.791665  	100.225207 
3748.148972  	100.103735 
3748.506279  	99.823692 
3748.863586  	99.769330 
3749.220892  	99.715151 
3749.578199  	100.081146 
3749.935506  	100.889771 
3750.292813  	100.573043 
3750.650120  	100.221975 
3751.007427  	100.000536 
3751.364734  	99.796157 
3751.722040  	99.774653 
3752.079347  	99.375428 
3752.436654  	98.820603 
3752.793961  	98.838346 
3753.151268  	98.987350 
3753.508575  	99.164981 
3753.865882  	99.404305 
3754.223188  	99.462113 
3754.580495  	99.404983 
3754.937802  	99.503077 
3755.295109  	99.748558 
3755.652416  	99.946978 
3756.009723  	99.767586 
3756.367030  	99.623035 
3756.724336  	99.974832 
3757.081643  	99.849822 
3757.438950  	99.583423 
3757.796257  	99.864655 
3758.153564  	99.764121 
3758.510871  	99.483244 
3758.868178  	99.384627 
3759.225484  	99.494219 
3759.582791  	100.019548 
3759.940098  	99.908705 
3760.297405  	99.315632 
3760.654712  	99.337108 
3761.012019  	99.487425 
3761.369326  	99.586392 
3761.726633  	99.777130 
3762.083939  	99.963870 
3762.441246  	99.936432 
3762.798553  	99.801491 
3763.155860  	99.860075 
3763.513167  	100.065062 
3763.870474  	100.115723 
3764.227781  	99.752458 
3764.585087  	99.575375 
3764.942394  	99.973186 
3765.299701  	100.227818 
3765.657008  	100.145900 
3766.014315  	99.887817 
3766.371622  	99.676776 
3766.728929  	99.764532 
3767.086235  	99.700657 
3767.443542  	99.531742 
3767.800849  	99.661681 
3768.158156  	99.913422 
3768.515463  	99.755198 
3768.872770  	99.464152 
3769.230077  	99.647299 
3769.587383  	99.790195 
3769.944690  	99.382156 
3770.301997  	99.073811 
3770.659304  	99.596785 
3771.016611  	100.092908 
3771.373918  	99.825549 
3771.731225  	99.610835 
3772.088531  	99.725614 
3772.445838  	99.611017 
3772.803145  	99.722308 
3773.160452  	100.218070 
3773.517759  	100.267341 
3773.875066  	99.989785 
3774.232373  	99.952567 
3774.589680  	99.995332 
3774.946986  	99.954794 
3775.304293  	99.830372 
3775.661600  	99.722948 
3776.018907  	99.636724 
3776.376214  	99.532558 
3776.733521  	99.826588 
3777.090828  	100.124902 
3777.448134  	99.940935 
3777.805441  	99.914475 
3778.162748  	99.847603 
3778.520055  	99.468334 
3778.877362  	99.389181 
3779.234669  	99.557043 
3779.591976  	99.693177 
3779.949282  	99.910945 
3780.306589  	100.026290 
3780.663896  	99.708359 
3781.021203  	99.488145 
3781.378510  	99.676604 
3781.735817  	99.650620 
3782.093124  	99.569529 
3782.450430  	99.873835 
3782.807737  	100.076525 
3783.165044  	99.935335 
3783.522351  	99.640273 
3783.879658  	99.700860 
3784.236965  	99.988827 
3784.594272  	99.870326 
3784.951578  	99.794770 
3785.308885  	99.923943 
3785.666192  	99.998911 
3786.023499  	99.887360 
3786.380806  	99.488291 
3786.738113  	99.651726 
3787.095420  	100.148406 
3787.452727  	99.931999 
3787.810033  	99.581966 
3788.167340  	99.538068 
3788.524647  	99.695131 
3788.881954  	99.864448 
3789.239261  	99.724295 
3789.596568  	99.718841 
3789.953875  	99.799514 
3790.311181  	99.723012 
3790.668488  	99.729884 
3791.025795  	99.699899 
3791.383102  	99.826902 
3791.740409  	99.857960 
3792.097716  	99.568607 
3792.455023  	99.493134 
3792.812329  	99.528693 
3793.169636  	99.680114 
3793.526943  	99.733916 
3793.884250  	99.409495 
3794.241557  	99.412678 
3794.598864  	99.702891 
3794.956171  	99.754619 
3795.313477  	99.655672 
3795.670784  	99.710310 
3796.028091  	99.914632 
3796.385398  	99.865200 
3796.742705  	99.620449 
3797.100012  	99.778823 
3797.457319  	100.528360 
3797.814625  	100.663195 
3798.171932  	100.017962 
3798.529239  	99.770848 
3798.886546  	99.910538 
3799.243853  	100.247881 
3799.601160  	100.394160 
3799.958467  	99.789653 
3800.315774  	99.549672 
3800.673080  	99.933956 
3801.030387  	100.260630 
3801.387694  	100.153490 
3801.745001  	99.753660 
3802.102308  	99.898744 
3802.459615  	99.552246 
3802.816922  	99.432629 
3803.174228  	99.735399 
3803.531535  	99.666146 
3803.888842  	99.733779 
3804.246149  	99.635503 
3804.603456  	99.536202 
3804.960763  	99.830355 
3805.318070  	99.752493 
3805.675376  	99.369368 
3806.032683  	99.202781 
3806.389990  	99.569853 
3806.747297  	100.006406 
3807.104604  	99.929850 
3807.461911  	99.871036 
3807.819218  	99.507074 
3808.176524  	99.362718 
3808.533831  	99.665619 
3808.891138  	99.833179 
3809.248445  	99.858811 
3809.605752  	99.870806 
3809.963059  	100.036139 
3810.320366  	100.135500 
3810.677672  	100.012699 
3811.034979  	99.844462 
3811.392286  	99.712603 
3811.749593  	99.809037 
3812.106900  	99.800206 
3812.464207  	99.601417 
3812.821514  	99.613494 
3813.178821  	99.785589 
3813.536127  	99.920166 
3813.893434  	99.782761 
3814.250741  	99.441823 
3814.608048  	99.254808 
3814.965355  	99.501044 
3815.322662  	99.717836 
3815.679969  	99.372846 
3816.037275  	99.379819 
3816.394582  	99.737620 
3816.751889  	99.734989 
3817.109196  	99.770740 
3817.466503  	99.673574 
3817.823810  	99.430004 
3818.181117  	99.287021 
3818.538423  	99.628170 
3818.895730  	99.776938 
3819.253037  	99.417416 
3819.610344  	99.647213 
3819.967651  	99.902644 
3820.324958  	99.782067 
3820.682265  	100.143369 
3821.039571  	100.389884 
3821.396878  	100.094749 
3821.754185  	99.840902 
3822.111492  	99.900608 
3822.468799  	99.719874 
3822.826106  	99.526093 
3823.183413  	99.848820 
3823.540719  	99.982400 
3823.898026  	99.841598 
3824.255333  	99.860448 
3824.612640  	99.887271 
3824.969947  	99.824375 
3825.327254  	99.799346 
3825.684561  	99.949988 
3826.041868  	100.105909 
3826.399174  	100.126204 
3826.756481  	100.086678 
3827.113788  	100.008994 
3827.471095  	99.753005 
3827.828402  	99.356331 
3828.185709  	99.086341 
3828.543016  	99.002867 
3828.900322  	99.553862 
3829.257629  	100.076650 
3829.614936  	99.629968 
3829.972243  	99.364959 
3830.329550  	99.670275 
3830.686857  	99.836868 
3831.044164  	99.705752 
3831.401470  	99.557123 
3831.758777  	99.876601 
3832.116084  	99.811864 
3832.473391  	99.647287 
3832.830698  	99.881526 
3833.188005  	99.522713 
3833.545312  	99.291315 
3833.902618  	99.441692 
3834.259925  	99.248487 
3834.617232  	99.195686 
3834.974539  	99.797642 
3835.331846  	100.229640 
3835.689153  	99.783585 
3836.046460  	99.638894 
3836.403766  	99.901206 
3836.761073  	99.954125 
3837.118380  	100.011649 
3837.475687  	100.087583 
3837.832994  	100.253599 
3838.190301  	100.159114 
3838.547608  	99.767997 
3838.904914  	99.940268 
3839.262221  	100.017683 
3839.619528  	100.007418 
3839.976835  	99.939107 
3840.334142  	99.720684 
3840.691449  	99.620735 
3841.048756  	99.740692 
3841.406063  	100.120389 
3841.763369  	100.181270 
3842.120676  	99.856280 
3842.477983  	99.534655 
3842.835290  	99.389589 
3843.192597  	99.661031 
3843.549904  	99.751170 
3843.907211  	99.633880 
3844.264517  	99.623619 
3844.621824  	99.392246 
3844.979131  	99.532502 
3845.336438  	99.939993 
3845.693745  	100.124372 
3846.051052  	100.085226 
3846.408359  	99.901070 
3846.765665  	99.646947 
3847.122972  	99.454091 
3847.480279  	99.545667 
3847.837586  	99.585387 
3848.194893  	99.344367 
3848.552200  	99.399006 
3848.909507  	99.716465 
3849.266813  	99.698947 
3849.624120  	99.559392 
3849.981427  	99.706501 
3850.338734  	99.584010 
3850.696041  	99.234691 
3851.053348  	99.327188 
3851.410655  	99.497566 
3851.767961  	99.472748 
3852.125268  	99.575405 
3852.482575  	99.930527 
3852.839882  	100.415884 
3853.197189  	100.642700 
3853.554496  	100.536925 
3853.911803  	99.968281 
3854.269110  	99.375319 
3854.626416  	99.168031 
3854.983723  	99.578828 
3855.341030  	100.136096 
3855.698337  	100.045978 
3856.055644  	99.822707 
3856.412951  	99.802400 
3856.770258  	99.821770 
3857.127564  	99.786568 
3857.484871  	99.670849 
3857.842178  	99.923938 
3858.199485  	100.083798 
3858.556792  	99.983394 
3858.914099  	100.092989 
3859.271406  	99.948416 
3859.628712  	99.671881 
3859.986019  	99.583303 
3860.343326  	99.614174 
3860.700633  	99.689961 
3861.057940  	99.468860 
3861.415247  	99.406946 
3861.772554  	99.675256 
3862.129860  	99.810539 
3862.487167  	99.735496 
3862.844474  	99.375584 
3863.201781  	99.393156 
3863.559088  	99.693171 
3863.916395  	99.594022 
3864.273702  	99.504870 
3864.631008  	99.646111 
3864.988315  	99.335746 
3865.345622  	99.032202 
3865.702929  	99.603378 
3866.060236  	99.666943 
3866.417543  	99.185346 
3866.774850  	99.395740 
3867.132157  	99.890156 
3867.489463  	100.170028 
3867.846770  	100.283031 
3868.204077  	100.066104 
3868.561384  	99.791500 
3868.918691  	99.776625 
3869.275998  	99.662150 
3869.633305  	99.117320 
3869.990611  	99.243734 
3870.347918  	100.051895 
3870.705225  	100.014519 
3871.062532  	99.912169 
3871.419839  	99.858751 
3871.777146  	99.404454 
3872.134453  	99.217538 
3872.491759  	99.513875 
3872.849066  	99.644694 
3873.206373  	99.544084 
3873.563680  	99.670804 
3873.920987  	99.812705 
3874.278294  	99.585299 
3874.635601  	99.385088 
3874.992907  	99.695773 
3875.350214  	100.200130 
3875.707521  	100.146681 
3876.064828  	99.919662 
3876.422135  	99.842568 
3876.779442  	99.577639 
3877.136749  	99.571512 
3877.494055  	99.882153 
3877.851362  	99.979734 
3878.208669  	99.848970 
3878.565976  	99.483957 
3878.923283  	99.198044 
3879.280590  	99.305899 
3879.637897  	99.690915 
3879.995204  	99.988970 
3880.352510  	99.883735 
3880.709817  	99.646179 
3881.067124  	99.380502 
3881.424431  	99.191570 
3881.781738  	99.187701 
3882.139045  	99.389183 
3882.496352  	99.741280 
3882.853658  	99.832262 
3883.210965  	99.599022 
3883.568272  	99.435862 
3883.925579  	99.623586 
3884.282886  	99.678548 
3884.640193  	99.281707 
3884.997500  	99.377399 
3885.354806  	99.818416 
3885.712113  	99.801911 
3886.069420  	99.883561 
3886.426727  	99.740408 
3886.784034  	99.373090 
3887.141341  	99.304063 
3887.498648  	99.366059 
3887.855954  	99.487237 
3888.213261  	99.509814 
3888.570568  	99.575425 
3888.927875  	99.792976 
3889.285182  	99.975664 
3889.642489  	99.906498 
3889.999796  	99.659223 
3890.357102  	99.786693 
3890.714409  	100.004782 
3891.071716  	100.028798 
3891.429023  	100.153142 
3891.786330  	99.820940 
3892.143637  	99.525719 
3892.500944  	99.733976 
3892.858251  	99.641406 
3893.215557  	99.371266 
3893.572864  	99.288869 
3893.930171  	99.379497 
3894.287478  	99.394644 
3894.644785  	99.419449 
3895.002092  	99.680298 
3895.359399  	99.906959 
3895.716705  	99.855353 
3896.074012  	99.494922 
3896.431319  	99.220190 
3896.788626  	99.237957 
3897.145933  	99.233139 
3897.503240  	99.354763 
3897.860547  	99.572661 
3898.217853  	99.579669 
3898.575160  	99.567233 
3898.932467  	99.647604 
3899.289774  	99.620992 
3899.647081  	99.545040 
3900.004388  	99.674539 
3900.361695  	99.453138 
3900.719001  	98.999392 
3901.076308  	99.001741 
3901.433615  	99.143794 
3901.790922  	99.148165 
3902.148229  	99.262414 
3902.505536  	99.434258 
3902.862843  	99.827744 
3903.220149  	99.985501 
3903.577456  	99.713099 
3903.934763  	99.605240 
3904.292070  	99.865440 
3904.649377  	99.969572 
3905.006684  	99.735779 
3905.363991  	99.708173 
3905.721298  	99.832715 
3906.078604  	99.737853 
3906.435911  	99.501700 
3906.793218  	99.505446 
3907.150525  	99.695249 
3907.507832  	99.791785 
3907.865139  	99.852602 
3908.222446  	99.810216 
3908.579752  	99.778311 
3908.937059  	99.802475 
3909.294366  	99.456850 
3909.651673  	99.193110 
3910.008980  	99.357909 
3910.366287  	99.580027 
3910.723594  	99.828202 
3911.080900  	99.788566 
3911.438207  	99.630805 
3911.795514  	99.786465 
3912.152821  	99.808412 
3912.510128  	99.578823 
3912.867435  	99.497724 
3913.224742  	99.747472 
3913.582048  	99.847328 
3913.939355  	99.548261 
3914.296662  	99.454831 
3914.653969  	99.584292 
3915.011276  	99.672332 
3915.368583  	99.705641 
3915.725890  	99.526303 
3916.083196  	99.254315 
3916.440503  	99.145337 
3916.797810  	99.224664 
3917.155117  	99.286739 
3917.512424  	99.344413 
3917.869731  	99.383520 
3918.227038  	99.367391 
3918.584344  	99.618626 
3918.941651  	99.747312 
3919.298958  	99.520257 
3919.656265  	99.572127 
3920.013572  	99.914999 
3920.370879  	99.848371 
3920.728186  	99.484966 
3921.085493  	99.559882 
3921.442799  	99.696249 
3921.800106  	99.512206 
3922.157413  	99.572985 
3922.514720  	99.875171 
3922.872027  	99.922158 
3923.229334  	99.801538 
3923.586641  	99.823345 
3923.943947  	99.821418 
3924.301254  	99.612252 
3924.658561  	99.537093 
3925.015868  	99.559796 
3925.373175  	99.541423 
3925.730482  	99.438648 
3926.087789  	99.293827 
3926.445095  	99.470137 
3926.802402  	99.660828 
3927.159709  	99.797360 
3927.517016  	99.843564 
3927.874323  	99.453074 
3928.231630  	99.287717 
3928.588937  	99.420128 
3928.946243  	99.445150 
3929.303550  	99.672000 
3929.660857  	99.771408 
3930.018164  	99.628694 
3930.375471  	99.565948 
3930.732778  	99.494105 
3931.090085  	99.467075 
3931.447391  	99.519390 
3931.804698  	99.549708 
3932.162005  	99.594237 
3932.519312  	99.808346 
3932.876619  	99.887790 
3933.233926  	99.619067 
3933.591233  	99.263717 
3933.948540  	99.011238 
3934.305846  	99.227948 
3934.663153  	99.444797 
3935.020460  	99.278593 
3935.377767  	99.514215 
3935.735074  	99.786587 
3936.092381  	99.660597 
3936.449688  	99.611914 
3936.806994  	99.451338 
3937.164301  	99.315898 
3937.521608  	99.659699 
3937.878915  	99.897568 
3938.236222  	99.606757 
3938.593529  	99.452688 
3938.950836  	99.583544 
3939.308142  	99.533727 
3939.665449  	99.513089 
3940.022756  	99.420364 
3940.380063  	99.192390 
3940.737370  	99.322653 
3941.094677  	99.420582 
3941.451984  	99.310867 
3941.809290  	99.458633 
3942.166597  	99.647179 
3942.523904  	99.722795 
3942.881211  	99.694922 
3943.238518  	99.475493 
3943.595825  	99.445929 
3943.953132  	99.491489 
3944.310438  	99.358076 
3944.667745  	99.360305 
3945.025052  	99.577240 
3945.382359  	99.671642 
3945.739666  	99.415614 
3946.096973  	99.057807 
3946.454280  	99.137430 
3946.811587  	99.601020 
3947.168893  	99.792108 
3947.526200  	99.507689 
3947.883507  	99.411224 
3948.240814  	99.788478 
3948.598121  	99.943910 
3948.955428  	99.852724 
3949.312735  	99.805218 
3949.670041  	99.612424 
3950.027348  	99.511571 
3950.384655  	99.549475 
3950.741962  	99.622141 
3951.099269  	99.772876 
3951.456576  	99.516435 
3951.813883  	99.161118 
3952.171189  	99.252515 
3952.528496  	99.431048 
3952.885803  	99.567729 
3953.243110  	99.657902 
3953.600417  	99.744055 
3953.957724  	99.881894 
3954.315031  	99.750168 
3954.672337  	99.678142 
3955.029644  	99.876938 
3955.386951  	99.919065 
3955.744258  	99.824597 
3956.101565  	99.751343 
3956.458872  	99.823623 
3956.816179  	99.888326 
3957.173485  	99.629376 
3957.530792  	99.348194 
3957.888099  	99.213220 
3958.245406  	99.258320 
3958.602713  	99.479089 
3958.960020  	99.443827 
3959.317327  	99.395529 
3959.674634  	99.707369 
3960.031940  	99.790576 
3960.389247  	99.515018 
3960.746554  	99.553202 
3961.103861  	99.799246 
3961.461168  	99.711202 
3961.818475  	99.588259 
3962.175782  	99.635600 
3962.533088  	99.575842 
3962.890395  	99.591289 
3963.247702  	99.727559 
3963.605009  	99.715742 
3963.962316  	99.654866 
3964.319623  	99.828603 
3964.676930  	99.985006 
3965.034236  	99.778325 
3965.391543  	99.715316 
3965.748850  	99.938489 
3966.106157  	99.829270 
3966.463464  	99.574001 
3966.820771  	99.656699 
3967.178078  	99.825779 
3967.535384  	99.811998 
3967.892691  	99.722510 
3968.249998  	99.734518 
3968.607305  	99.851889 
3968.964612  	99.649382 
3969.321919  	99.290095 
3969.679226  	99.521339 
3970.036532  	99.821285 
3970.393839  	99.713784 
3970.751146  	99.667114 
3971.108453  	99.667192 
3971.465760  	99.642167 
3971.823067  	99.503218 
3972.180374  	99.449906 
3972.537681  	99.761133 
3972.894987  	99.924229 
3973.252294  	99.722394 
3973.609601  	99.334038 
3973.966908  	99.419337 
3974.324215  	99.906147 
3974.681522  	99.819682 
3975.038829  	99.972004 
3975.396135  	100.352952 
3975.753442  	100.117001 
3976.110749  	100.007058 
3976.468056  	99.764054 
3976.825363  	99.553740 
3977.182670  	99.909194 
3977.539977  	99.843135 
3977.897283  	99.374293 
3978.254590  	99.079198 
3978.611897  	99.092672 
3978.969204  	99.322297 
3979.326511  	99.445037 
3979.683818  	99.527530 
3980.041125  	99.709865 
3980.398431  	100.009599 
3980.755738  	99.886957 
3981.113045  	99.490739 
3981.470352  	99.746726 
3981.827659  	100.018858 
3982.184966  	99.879964 
3982.542273  	99.880978 
3982.899579  	100.001181 
3983.256886  	100.030116 
3983.614193  	99.815982 
3983.971500  	99.690077 
3984.328807  	99.714014 
3984.686114  	99.670411 
3985.043421  	99.764583 
3985.400728  	99.679481 
3985.758034  	99.500506 
3986.115341  	99.743592 
3986.472648  	100.092683 
3986.829955  	100.183292 
3987.187262  	100.072281 
3987.544569  	99.933343 
3987.901876  	99.707439 
3988.259182  	99.540863 
3988.616489  	99.633365 
3988.973796  	99.581509 
3989.331103  	99.486094 
3989.688410  	99.577106 
3990.045717  	99.634475 
3990.403024  	99.858454 
3990.760330  	100.024406 
3991.117637  	99.783488 
3991.474944  	99.586599 
3991.832251  	99.519289 
3992.189558  	99.517985 
3992.546865  	99.699789 
3992.904172  	99.661787 
3993.261478  	99.429182 
3993.618785  	99.474176 
3993.976092  	99.667510 
3994.333399  	99.788431 
3994.690706  	99.806776 
3995.048013  	99.828275 
3995.405320  	99.901176 
3995.762626  	99.902827 
3996.119933  	99.906645 
3996.477240  	99.776041 
3996.834547  	99.612665 
3997.191854  	99.641948 
3997.549161  	99.579585 
3997.906468  	99.694745 
3998.263775  	99.871478 
3998.621081  	99.589140 
3998.978388  	99.561959 
3999.335695  	99.725642 
3999.693002  	99.439447 
4000.050309  	99.409207 