##TITLE=N56_salicylaldehyde_5
##DATA TYPE=INFRARED SPECTRUM
##XUNITS=1/CM
##YUNITS=%T
399.826377  	79.732265 
400.183684  	79.777838 
400.540991  	76.926086 
400.898298  	74.720165 
401.255605  	80.668229 
401.612912  	84.052969 
401.970219  	80.171931 
402.327525  	77.796051 
402.684832  	73.662792 
403.042139  	70.183261 
403.399446  	71.459631 
403.756753  	72.277542 
404.114060  	72.519853 
404.471367  	71.830053 
404.828674  	70.561886 
405.185980  	70.102725 
405.543287  	67.892455 
405.900594  	66.950608 
406.257901  	65.366260 
406.615208  	60.641942 
406.972515  	57.672994 
407.329822  	56.309151 
407.687128  	55.818977 
408.044435  	56.508047 
408.401742  	55.634113 
408.759049  	52.896645 
409.116356  	49.515285 
409.473663  	46.569913 
409.830970  	44.941903 
410.188276  	44.960474 
410.545583  	45.343591 
410.902890  	44.222687 
411.260197  	44.114709 
411.617504  	46.948177 
411.974811  	51.944263 
412.332118  	55.629788 
412.689424  	58.272044 
413.046731  	60.727705 
413.404038  	62.136499 
413.761345  	65.580131 
414.118652  	68.961085 
414.475959  	70.200899 
414.833266  	70.702305 
415.190572  	70.174765 
415.547879  	72.436578 
415.905186  	74.928810 
416.262493  	74.448408 
416.619800  	75.032770 
416.977107  	75.851651 
417.334414  	76.749169 
417.691720  	80.535072 
418.049027  	82.849599 
418.406334  	81.768464 
418.763641  	79.989085 
419.120948  	79.622909 
419.478255  	79.729840 
419.835562  	81.120497 
420.192869  	80.821190 
420.550175  	80.626706 
420.907482  	81.514751 
421.264789  	80.376400 
421.622096  	78.997041 
421.979403  	80.508420 
422.336710  	82.025561 
422.694017  	80.424445 
423.051323  	76.051562 
423.408630  	77.298052 
423.765937  	77.966648 
424.123244  	76.492617 
424.480551  	77.148658 
424.837858  	79.109582 
425.195165  	79.512395 
425.552471  	77.373478 
425.909778  	75.397515 
426.267085  	76.081227 
426.624392  	76.038196 
426.981699  	73.445765 
427.339006  	72.454589 
427.696313  	71.839684 
428.053619  	70.592685 
428.410926  	70.604485 
428.768233  	69.468580 
429.125540  	67.717350 
429.482847  	66.462023 
429.840154  	64.370967 
430.197461  	63.844758 
430.554767  	64.525948 
430.912074  	64.743371 
431.269381  	64.389633 
431.626688  	62.617574 
431.983995  	62.414463 
432.341302  	63.963955 
432.698609  	63.927778 
433.055916  	63.143371 
433.413222  	63.966217 
433.770529  	66.089252 
434.127836  	68.371552 
434.485143  	70.341123 
434.842450  	69.719427 
435.199757  	69.450437 
435.557064  	71.794625 
435.914370  	72.365407 
436.271677  	72.487790 
436.628984  	71.590668 
436.986291  	70.270320 
437.343598  	72.007563 
437.700905  	73.528313 
438.058212  	74.367976 
438.415518  	74.975872 
438.772825  	73.740151 
439.130132  	74.158064 
439.487439  	74.897386 
439.844746  	73.988251 
440.202053  	73.126665 
440.559360  	72.895817 
440.916666  	73.174884 
441.273973  	73.077829 
441.631280  	74.678012 
441.988587  	74.864575 
442.345894  	70.187311 
442.703201  	68.752402 
443.060508  	68.978907 
443.417814  	69.048878 
443.775121  	69.878270 
444.132428  	68.165536 
444.489735  	66.001683 
444.847042  	64.350992 
445.204349  	64.381960 
445.561656  	65.276300 
445.918963  	64.223806 
446.276269  	62.800559 
446.633576  	60.386363 
446.990883  	56.651788 
447.348190  	56.105057 
447.705497  	55.442053 
448.062804  	53.360766 
448.420111  	52.533243 
448.777417  	51.721161 
449.134724  	49.625248 
449.492031  	47.845943 
449.849338  	47.576617 
450.206645  	48.039898 
450.563952  	47.629658 
450.921259  	46.397847 
451.278565  	46.528202 
451.635872  	48.938358 
451.993179  	49.516809 
452.350486  	49.035822 
452.707793  	50.985638 
453.065100  	51.257644 
453.422407  	50.826651 
453.779713  	52.290876 
454.137020  	54.647525 
454.494327  	57.613410 
454.851634  	59.347255 
455.208941  	63.088986 
455.566248  	67.073616 
455.923555  	66.396147 
456.280861  	67.244517 
456.638168  	70.348684 
456.995475  	72.318366 
457.352782  	74.783045 
457.710089  	80.413149 
458.067396  	83.352160 
458.424703  	80.351799 
458.782010  	79.703837 
459.139316  	80.679454 
459.496623  	81.252033 
459.853930  	82.523161 
460.211237  	84.739003 
460.568544  	86.435315 
460.925851  	86.474821 
461.283158  	85.569959 
461.640464  	85.453487 
461.997771  	86.289917 
462.355078  	85.826782 
462.712385  	84.302565 
463.069692  	86.663788 
463.426999  	88.779194 
463.784306  	85.183627 
464.141612  	83.909178 
464.498919  	85.945913 
464.856226  	86.766629 
465.213533  	87.310902 
465.570840  	86.354364 
465.928147  	86.487994 
466.285454  	89.134228 
466.642760  	88.772506 
467.000067  	86.048477 
467.357374  	85.684138 
467.714681  	86.519718 
468.071988  	87.061327 
468.429295  	87.369608 
468.786602  	87.048379 
469.143908  	87.562042 
469.501215  	88.402735 
469.858522  	88.611503 
470.215829  	89.852227 
470.573136  	90.471235 
470.930443  	89.390237 
471.287750  	89.008548 
471.645057  	89.616521 
472.002363  	90.049278 
472.359670  	88.773794 
472.716977  	87.873410 
473.074284  	88.707998 
473.431591  	89.281191 
473.788898  	90.111952 
474.146205  	90.578481 
474.503511  	90.456623 
474.860818  	90.024204 
475.218125  	90.045716 
475.575432  	91.321919 
475.932739  	90.526203 
476.290046  	87.987469 
476.647353  	88.400790 
477.004659  	90.119777 
477.361966  	89.986609 
477.719273  	89.110534 
478.076580  	88.867291 
478.433887  	89.966538 
478.791194  	91.215073 
479.148501  	90.435785 
479.505807  	89.382230 
479.863114  	89.517040 
480.220421  	89.836074 
480.577728  	90.458929 
480.935035  	89.758776 
481.292342  	88.106672 
481.649649  	89.060730 
482.006955  	90.443124 
482.364262  	89.851024 
482.721569  	88.956283 
483.078876  	88.686150 
483.436183  	88.545614 
483.793490  	89.449944 
484.150797  	90.312871 
484.508104  	88.758685 
484.865410  	87.918922 
485.222717  	87.962118 
485.580024  	86.800840 
485.937331  	85.252196 
486.294638  	85.265335 
486.651945  	87.063081 
487.009252  	87.610637 
487.366558  	86.142172 
487.723865  	85.281501 
488.081172  	85.132569 
488.438479  	85.356286 
488.795786  	85.559041 
489.153093  	85.842325 
489.510400  	86.996025 
489.867706  	87.837558 
490.225013  	88.086212 
490.582320  	88.043607 
490.939627  	87.667468 
491.296934  	86.309567 
491.654241  	84.513031 
492.011548  	85.355371 
492.368854  	86.685437 
492.726161  	86.543219 
493.083468  	86.762836 
493.440775  	87.087257 
493.798082  	87.377747 
494.155389  	86.699617 
494.512696  	86.030862 
494.870002  	86.784769 
495.227309  	87.057616 
495.584616  	87.572414 
495.941923  	87.801572 
496.299230  	86.635318 
496.656537  	86.531463 
497.013844  	87.308593 
497.371151  	88.316575 
497.728457  	88.675511 
498.085764  	87.131254 
498.443071  	86.364024 
498.800378  	86.738798 
499.157685  	86.719427 
499.514992  	87.191507 
499.872299  	87.896550 
500.229605  	87.957253 
500.586912  	86.917025 
500.944219  	85.806683 
501.301526  	86.006413 
501.658833  	85.787887 
502.016140  	85.796745 
502.373447  	86.914931 
502.730753  	85.163364 
503.088060  	84.183190 
503.445367  	84.999008 
503.802674  	84.583022 
504.159981  	83.957069 
504.517288  	84.194410 
504.874595  	84.300376 
505.231901  	84.039052 
505.589208  	84.204765 
505.946515  	85.681633 
506.303822  	85.733877 
506.661129  	83.975048 
507.018436  	83.548519 
507.375743  	83.319344 
507.733049  	82.338385 
508.090356  	82.191661 
508.447663  	82.101557 
508.804970  	81.640331 
509.162277  	82.131920 
509.519584  	82.928244 
509.876891  	83.245820 
510.234197  	83.294431 
510.591504  	82.386244 
510.948811  	81.783862 
511.306118  	82.228390 
511.663425  	82.397221 
512.020732  	82.443493 
512.378039  	82.164754 
512.735346  	82.236057 
513.092652  	82.914779 
513.449959  	82.606456 
513.807266  	82.600402 
514.164573  	83.267662 
514.521880  	83.332834 
514.879187  	83.176446 
515.236494  	82.629908 
515.593800  	82.557317 
515.951107  	83.503473 
516.308414  	83.659518 
516.665721  	82.671976 
517.023028  	82.664989 
517.380335  	83.037681 
517.737642  	82.558779 
518.094948  	83.372143 
518.452255  	83.654187 
518.809562  	82.572519 
519.166869  	82.857340 
519.524176  	82.785141 
519.881483  	82.718296 
520.238790  	83.775506 
520.596096  	83.268701 
520.953403  	82.798544 
521.310710  	82.974572 
521.668017  	82.479582 
522.025324  	81.660833 
522.382631  	80.969856 
522.739938  	81.311952 
523.097244  	81.221711 
523.454551  	80.970235 
523.811858  	81.295157 
524.169165  	80.688716 
524.526472  	80.923322 
524.883779  	80.939039 
525.241086  	79.559593 
525.598393  	79.643568 
525.955699  	80.554910 
526.313006  	80.282585 
526.670313  	79.220214 
527.027620  	78.524438 
527.384927  	79.163551 
527.742234  	78.879305 
528.099541  	77.613167 
528.456847  	77.182499 
528.814154  	77.128361 
529.171461  	77.177681 
529.528768  	77.000534 
529.886075  	76.775128 
530.243382  	76.302606 
530.600689  	74.451117 
530.957995  	72.614463 
531.315302  	71.997388 
531.672609  	71.057313 
532.029916  	69.787793 
532.387223  	68.984652 
532.744530  	67.724383 
533.101837  	66.548788 
533.459143  	65.470910 
533.816450  	63.141131 
534.173757  	60.806710 
534.531064  	59.191570 
534.888371  	57.694119 
535.245678  	55.759661 
535.602985  	52.843043 
535.960291  	50.278810 
536.317598  	48.464799 
536.674905  	46.975707 
537.032212  	45.788982 
537.389519  	44.803951 
537.746826  	44.785553 
538.104133  	44.794842 
538.461440  	44.983757 
538.818746  	46.765693 
539.176053  	48.978571 
539.533360  	52.235765 
539.890667  	55.719522 
540.247974  	57.765403 
540.605281  	60.853740 
540.962588  	64.467507 
541.319894  	67.149727 
541.677201  	69.191798 
542.034508  	70.928519 
542.391815  	73.801959 
542.749122  	76.033727 
543.106429  	77.090036 
543.463736  	78.420978 
543.821042  	78.861777 
544.178349  	79.823904 
544.535656  	81.350653 
544.892963  	81.902893 
545.250270  	82.604145 
545.607577  	82.481471 
545.964884  	81.780118 
546.322190  	82.251082 
546.679497  	83.351822 
547.036804  	83.748777 
547.394111  	82.586893 
547.751418  	82.098928 
548.108725  	83.195583 
548.466032  	82.810222 
548.823338  	82.154153 
549.180645  	82.380331 
549.537952  	82.126235 
549.895259  	82.069014 
550.252566  	81.884425 
550.609873  	81.399089 
550.967180  	81.253111 
551.324487  	80.799139 
551.681793  	80.287186 
552.039100  	79.521439 
552.396407  	78.931971 
552.753714  	79.355421 
553.111021  	78.993757 
553.468328  	78.128609 
553.825635  	78.035251 
554.182941  	78.089401 
554.540248  	78.056047 
554.897555  	77.359304 
555.254862  	76.854101 
555.612169  	76.579810 
555.969476  	75.059747 
556.326783  	73.910891 
556.684089  	73.363875 
557.041396  	72.571413 
557.398703  	71.913471 
557.756010  	70.407315 
558.113317  	69.148598 
558.470624  	68.527735 
558.827931  	67.059489 
559.185237  	65.471105 
559.542544  	63.193530 
559.899851  	60.034646 
560.257158  	57.463703 
560.614465  	55.211231 
560.971772  	53.322142 
561.329079  	51.097815 
561.686385  	47.712349 
562.043692  	45.119132 
562.400999  	44.582488 
562.758306  	45.544863 
563.115613  	47.471705 
563.472920  	50.032355 
563.830227  	53.016223 
564.187534  	56.196102 
564.544840  	59.944304 
564.902147  	64.263046 
565.259454  	68.473341 
565.616761  	71.440832 
565.974068  	72.822886 
566.331375  	74.557105 
566.688682  	76.778586 
567.045988  	77.899812 
567.403295  	78.508148 
567.760602  	79.340477 
568.117909  	79.883995 
568.475216  	80.389355 
568.832523  	81.178811 
569.189830  	81.747074 
569.547136  	82.046015 
569.904443  	82.280931 
570.261750  	82.451093 
570.619057  	82.556261 
570.976364  	82.796229 
571.333671  	84.034967 
571.690978  	84.676309 
572.048284  	83.450003 
572.405591  	82.987033 
572.762898  	83.162936 
573.120205  	82.357743 
573.477512  	81.934281 
573.834819  	82.267770 
574.192126  	82.271597 
574.549432  	81.799938 
574.906739  	81.718146 
575.264046  	82.015364 
575.621353  	82.046400 
575.978660  	82.059932 
576.335967  	81.603061 
576.693274  	81.094175 
577.050581  	81.073442 
577.407887  	80.824773 
577.765194  	80.749921 
578.122501  	80.912263 
578.479808  	80.665048 
578.837115  	80.389188 
579.194422  	80.245909 
579.551729  	80.269312 
579.909035  	80.391494 
580.266342  	80.297464 
580.623649  	80.271773 
580.980956  	80.483347 
581.338263  	80.133099 
581.695570  	79.476455 
582.052877  	79.895955 
582.410183  	80.593836 
582.767490  	80.237285 
583.124797  	79.987700 
583.482104  	80.106263 
583.839411  	79.606624 
584.196718  	79.077756 
584.554025  	79.191079 
584.911331  	79.366495 
585.268638  	78.993962 
585.625945  	78.469902 
585.983252  	78.577911 
586.340559  	78.776168 
586.697866  	78.416333 
587.055173  	78.419655 
587.412479  	78.629375 
587.769786  	78.397956 
588.127093  	77.863660 
588.484400  	76.827281 
588.841707  	76.236177 
589.199014  	76.511364 
589.556321  	76.820751 
589.913627  	76.901706 
590.270934  	76.588587 
590.628241  	76.531594 
590.985548  	76.624545 
591.342855  	76.506362 
591.700162  	76.710489 
592.057469  	76.388125 
592.414776  	76.108931 
592.772082  	75.901652 
593.129389  	74.831206 
593.486696  	74.514072 
593.844003  	74.797827 
594.201310  	74.784616 
594.558617  	75.159343 
594.915924  	75.198460 
595.273230  	74.505974 
595.630537  	73.897079 
595.987844  	74.042579 
596.345151  	74.369255 
596.702458  	74.029250 
597.059765  	73.812914 
597.417072  	73.621654 
597.774378  	73.125438 
598.131685  	72.912810 
598.488992  	72.758682 
598.846299  	72.834789 
599.203606  	73.194086 
599.560913  	73.083669 
599.918220  	72.671201 
600.275526  	72.389989 
600.632833  	72.256391 
600.990140  	72.442412 
601.347447  	72.697340 
601.704754  	72.606004 
602.062061  	72.491029 
602.419368  	72.425090 
602.776674  	72.324908 
603.133981  	72.225269 
603.491288  	72.053272 
603.848595  	71.855653 
604.205902  	71.557836 
604.563209  	71.719231 
604.920516  	72.171644 
605.277823  	72.041189 
605.635129  	71.977774 
605.992436  	72.069901 
606.349743  	71.974923 
606.707050  	71.932988 
607.064357  	71.979674 
607.421664  	72.168703 
607.778971  	71.481443 
608.136277  	70.570003 
608.493584  	71.030032 
608.850891  	71.145335 
609.208198  	70.491786 
609.565505  	70.514460 
609.922812  	70.631818 
610.280119  	70.265674 
610.637425  	70.010790 
610.994732  	70.577410 
611.352039  	71.273231 
611.709346  	71.099415 
612.066653  	70.657946 
612.423960  	70.356721 
612.781267  	70.382670 
613.138573  	70.528607 
613.495880  	70.231379 
613.853187  	70.223547 
614.210494  	70.388092 
614.567801  	70.114122 
614.925108  	69.936183 
615.282415  	69.557608 
615.639721  	69.012277 
615.997028  	68.732541 
616.354335  	68.523374 
616.711642  	68.989544 
617.068949  	69.594202 
617.426256  	69.213012 
617.783563  	68.623469 
618.140870  	68.356398 
618.498176  	68.321848 
618.855483  	68.229572 
619.212790  	67.852997 
619.570097  	68.038746 
619.927404  	68.193140 
620.284711  	67.529245 
620.642018  	67.249054 
620.999324  	67.202358 
621.356631  	66.716552 
621.713938  	66.589448 
622.071245  	66.844196 
622.428552  	66.789657 
622.785859  	66.473237 
623.143166  	66.281971 
623.500472  	65.952342 
623.857779  	65.278186 
624.215086  	65.053465 
624.572393  	65.331833 
624.929700  	65.207497 
625.287007  	64.503447 
625.644314  	63.853145 
626.001620  	64.082076 
626.358927  	64.477690 
626.716234  	64.013739 
627.073541  	63.652425 
627.430848  	63.484434 
627.788155  	63.238565 
628.145462  	63.229615 
628.502768  	62.705940 
628.860075  	62.182125 
629.217382  	61.798903 
629.574689  	61.228057 
629.931996  	61.438345 
630.289303  	61.194320 
630.646610  	60.029412 
631.003917  	59.325827 
631.361223  	58.691617 
631.718530  	58.408419 
632.075837  	58.691635 
632.433144  	58.519838 
632.790451  	57.659088 
633.147758  	56.840090 
633.505065  	56.908235 
633.862371  	56.875596 
634.219678  	56.108317 
634.576985  	55.396049 
634.934292  	54.506417 
635.291599  	53.595650 
635.648906  	53.202160 
636.006213  	52.885392 
636.363519  	52.419173 
636.720826  	51.712291 
637.078133  	51.066305 
637.435440  	50.458237 
637.792747  	49.583515 
638.150054  	48.879160 
638.507361  	48.267782 
638.864667  	47.710254 
639.221974  	47.535113 
639.579281  	47.214092 
639.936588  	46.607613 
640.293895  	45.863549 
640.651202  	44.934917 
641.008509  	44.178659 
641.365815  	43.473838 
641.723122  	42.901392 
642.080429  	42.697539 
642.437736  	42.217593 
642.795043  	41.263074 
643.152350  	40.318041 
643.509657  	40.078377 
643.866964  	40.352300 
644.224270  	40.064701 
644.581577  	39.586204 
644.938884  	39.481779 
645.296191  	39.123248 
645.653498  	38.772596 
646.010805  	38.784033 
646.368112  	38.676013 
646.725418  	38.522693 
647.082725  	38.599533 
647.440032  	38.503913 
647.797339  	38.323899 
648.154646  	38.291435 
648.511953  	38.173782 
648.869260  	38.376071 
649.226566  	38.277323 
649.583873  	37.673856 
649.941180  	37.678632 
650.298487  	37.794859 
650.655794  	37.751320 
651.013101  	37.719696 
651.370408  	37.473648 
651.727714  	37.668494 
652.085021  	37.757186 
652.442328  	37.314244 
652.799635  	37.153320 
653.156942  	37.044783 
653.514249  	36.931817 
653.871556  	36.802635 
654.228862  	36.331381 
654.586169  	35.744760 
654.943476  	35.573395 
655.300783  	35.546763 
655.658090  	35.087534 
656.015397  	34.848706 
656.372704  	34.977644 
656.730011  	34.851131 
657.087317  	34.053830 
657.444624  	32.815344 
657.801931  	31.991438 
658.159238  	31.295723 
658.516545  	30.662356 
658.873852  	30.561652 
659.231159  	30.065755 
659.588465  	29.130693 
659.945772  	28.043103 
660.303079  	27.039284 
660.660386  	26.658588 
661.017693  	25.964431 
661.375000  	24.902122 
661.732307  	24.207251 
662.089613  	23.440061 
662.446920  	22.780412 
662.804227  	22.317302 
663.161534  	21.779007 
663.518841  	21.233915 
663.876148  	20.550594 
664.233455  	19.841978 
664.590761  	19.733438 
664.948068  	20.312145 
665.305375  	20.723855 
665.662682  	21.023748 
666.019989  	21.847552 
666.377296  	22.950036 
666.734603  	24.065352 
667.091909  	25.071969 
667.449216  	26.532184 
667.806523  	31.180332 
668.163830  	31.551743 
668.521137  	32.704311 
668.878444  	35.166946 
669.235751  	37.290610 
669.593057  	38.820741 
669.950364  	40.157060 
670.307671  	41.566368 
670.664978  	42.913332 
671.022285  	44.260963 
671.379592  	44.987391 
671.736899  	45.524818 
672.094206  	46.367526 
672.451512  	46.757567 
672.808819  	47.124750 
673.166126  	47.607993 
673.523433  	48.050699 
673.880740  	48.323887 
674.238047  	47.831994 
674.595354  	47.200590 
674.952660  	47.219325 
675.309967  	47.703400 
675.667274  	47.620609 
676.024581  	46.737618 
676.381888  	46.291559 
676.739195  	45.782282 
677.096502  	45.436812 
677.453808  	45.538641 
677.811115  	45.136892 
678.168422  	44.933466 
678.525729  	44.880185 
678.883036  	44.662454 
679.240343  	44.527795 
679.597650  	43.893220 
679.954956  	43.133985 
680.312263  	42.782816 
680.669570  	42.779564 
681.026877  	42.542296 
681.384184  	41.790108 
681.741491  	41.205548 
682.098798  	40.606498 
682.456104  	40.069618 
682.813411  	40.455779 
683.170718  	40.683736 
683.528025  	39.888090 
683.885332  	39.082045 
684.242639  	38.797524 
684.599946  	38.410365 
684.957253  	38.120243 
685.314559  	38.073351 
685.671866  	37.991144 
686.029173  	37.670507 
686.386480  	37.261789 
686.743787  	37.029820 
687.101094  	36.508712 
687.458401  	35.764405 
687.815707  	35.419547 
688.173014  	34.879602 
688.530321  	34.582488 
688.887628  	35.077438 
689.244935  	35.060904 
689.602242  	34.733910 
689.959549  	34.598817 
690.316855  	33.927425 
690.674162  	33.241100 
691.031469  	33.056959 
691.388776  	32.884779 
691.746083  	32.925382 
692.103390  	33.089828 
692.460697  	32.889158 
692.818003  	32.309338 
693.175310  	31.978690 
693.532617  	32.344930 
693.889924  	32.282075 
694.247231  	31.971002 
694.604538  	32.083722 
694.961845  	31.609171 
695.319151  	31.148677 
695.676458  	31.278628 
696.033765  	31.322654 
696.391072  	31.560077 
696.748379  	31.389488 
697.105686  	30.770462 
697.462993  	30.570383 
697.820300  	30.640433 
698.177606  	30.780347 
698.534913  	30.480839 
698.892220  	30.112033 
699.249527  	30.194920 
699.606834  	30.192797 
699.964141  	30.399716 
700.321448  	30.501393 
700.678754  	29.880113 
701.036061  	29.487304 
701.393368  	29.530531 
701.750675  	29.526609 
702.107982  	29.575917 
702.465289  	29.368105 
702.822596  	28.848167 
703.179902  	28.817831 
703.537209  	29.370164 
703.894516  	29.579922 
704.251823  	29.247298 
704.609130  	29.300790 
704.966437  	29.736516 
705.323744  	29.429692 
705.681050  	28.989541 
706.038357  	29.187134 
706.395664  	29.319290 
706.752971  	29.456001 
707.110278  	29.604928 
707.467585  	29.408921 
707.824892  	29.489589 
708.182198  	30.133895 
708.539505  	30.542158 
708.896812  	30.083941 
709.254119  	29.592142 
709.611426  	29.735443 
709.968733  	29.948532 
710.326040  	30.076217 
710.683347  	30.180116 
711.040653  	30.266504 
711.397960  	30.392070 
711.755267  	30.600204 
712.112574  	30.902022 
712.469881  	30.832241 
712.827188  	30.733192 
713.184495  	30.955568 
713.541801  	31.202913 
713.899108  	31.651703 
714.256415  	31.828081 
714.613722  	31.799688 
714.971029  	32.117881 
715.328336  	32.384187 
715.685643  	32.802085 
716.042949  	33.271764 
716.400256  	33.365722 
716.757563  	33.293549 
717.114870  	33.287771 
717.472177  	33.790320 
717.829484  	34.341131 
718.186791  	34.582621 
718.544097  	34.923782 
718.901404  	35.028343 
719.258711  	35.324700 
719.616018  	36.020721 
719.973325  	36.406350 
720.330632  	36.857491 
720.687939  	37.551999 
721.045245  	38.224727 
721.402552  	38.776396 
721.759859  	39.198253 
722.117166  	40.146766 
722.474473  	41.325465 
722.831780  	41.994902 
723.189087  	42.516805 
723.546394  	43.205166 
723.903700  	44.187515 
724.261007  	45.210558 
724.618314  	46.039341 
724.975621  	47.063642 
725.332928  	48.055208 
725.690235  	48.858331 
726.047542  	49.991441 
726.404848  	51.212078 
726.762155  	52.015299 
727.119462  	52.953149 
727.476769  	54.399300 
727.834076  	55.456020 
728.191383  	55.704953 
728.548690  	55.687143 
728.905996  	55.680939 
729.263303  	55.722114 
729.620610  	55.478871 
729.977917  	54.678555 
730.335224  	53.576000 
730.692531  	52.220231 
731.049838  	50.451498 
731.407144  	48.680562 
731.764451  	47.300450 
732.121758  	45.654157 
732.479065  	43.440549 
732.836372  	41.290721 
733.193679  	39.387611 
733.550986  	37.820808 
733.908292  	36.689735 
734.265599  	35.707963 
734.622906  	34.775442 
734.980213  	34.007119 
735.337520  	33.286688 
735.694827  	32.504562 
736.052134  	32.067477 
736.409441  	31.812007 
736.766747  	31.321453 
737.124054  	31.121797 
737.481361  	31.057907 
737.838668  	30.782199 
738.195975  	30.562738 
738.553282  	30.313016 
738.910589  	30.132588 
739.267895  	30.004441 
739.625202  	29.901489 
739.982509  	29.840882 
740.339816  	29.543668 
740.697123  	29.351658 
741.054430  	29.363517 
741.411737  	29.335933 
741.769043  	29.024645 
742.126350  	28.630119 
742.483657  	29.146434 
742.840964  	29.654795 
743.198271  	29.190001 
743.555578  	28.822549 
743.912885  	28.808414 
744.270191  	28.954150 
744.627498  	28.834681 
744.984805  	28.399499 
745.342112  	28.474114 
745.699419  	28.382681 
746.056726  	27.934716 
746.414033  	27.920060 
746.771339  	27.899732 
747.128646  	27.724547 
747.485953  	27.520575 
747.843260  	27.240496 
748.200567  	27.057562 
748.557874  	26.786501 
748.915181  	26.616354 
749.272488  	26.535316 
749.629794  	26.048587 
749.987101  	25.753894 
750.344408  	25.895043 
750.701715  	25.650068 
751.059022  	25.099885 
751.416329  	24.796556 
751.773636  	24.635572 
752.130942  	24.198031 
752.488249  	23.622765 
752.845556  	23.546671 
753.202863  	23.734022 
753.560170  	23.640254 
753.917477  	23.443425 
754.274784  	23.435424 
754.632090  	23.454648 
754.989397  	23.156931 
755.346704  	23.084331 
755.704011  	23.549695 
756.061318  	23.803301 
756.418625  	23.839401 
756.775932  	23.940914 
757.133238  	24.065733 
757.490545  	24.333083 
757.847852  	24.557455 
758.205159  	24.750583 
758.562466  	25.044929 
758.919773  	25.251545 
759.277080  	25.532699 
759.634386  	26.163106 
759.991693  	26.948713 
760.349000  	27.669134 
760.706307  	28.265058 
761.063614  	28.713360 
761.420921  	29.229746 
761.778228  	29.707288 
762.135534  	29.948937 
762.492841  	30.198860 
762.850148  	30.494555 
763.207455  	30.919880 
763.564762  	31.429622 
763.922069  	31.786431 
764.279376  	32.004091 
764.636683  	32.017483 
764.993989  	32.148324 
765.351296  	32.602295 
765.708603  	33.265225 
766.065910  	34.225718 
766.423217  	35.029919 
766.780524  	35.776456 
767.137831  	37.086302 
767.495137  	38.576108 
767.852444  	40.005019 
768.209751  	41.723425 
768.567058  	43.760438 
768.924365  	45.863023 
769.281672  	47.964429 
769.638979  	50.194289 
769.996285  	52.752438 
770.353592  	55.328552 
770.710899  	57.280464 
771.068206  	59.012298 
771.425513  	60.724188 
771.782820  	62.082233 
772.140127  	63.582421 
772.497433  	65.315309 
772.854740  	66.947277 
773.212047  	68.459990 
773.569354  	69.768126 
773.926661  	70.833869 
774.283968  	71.645516 
774.641275  	72.541214 
774.998581  	73.608817 
775.355888  	74.510288 
775.713195  	75.526053 
776.070502  	76.614490 
776.427809  	77.325098 
776.785116  	77.899793 
777.142423  	78.453164 
777.499730  	79.076490 
777.857036  	79.897252 
778.214343  	80.440840 
778.571650  	81.018175 
778.928957  	81.972955 
779.286264  	82.503690 
779.643571  	82.685196 
780.000878  	83.093292 
780.358184  	83.610381 
780.715491  	84.086367 
781.072798  	84.448305 
781.430105  	84.598001 
781.787412  	84.615894 
782.144719  	85.012519 
782.502026  	85.647559 
782.859332  	85.997054 
783.216639  	86.204069 
783.573946  	86.181063 
783.931253  	86.351982 
784.288560  	87.046795 
784.645867  	87.509471 
785.003174  	87.714522 
785.360480  	88.122695 
785.717787  	88.647220 
786.075094  	88.811533 
786.432401  	88.640945 
786.789708  	88.566955 
787.147015  	88.582227 
787.504322  	88.815593 
787.861628  	89.004691 
788.218935  	89.316484 
788.576242  	90.125309 
788.933549  	90.331282 
789.290856  	90.054260 
789.648163  	89.885899 
790.005470  	89.443526 
790.362777  	89.505632 
790.720083  	90.246756 
791.077390  	90.714337 
791.434697  	90.765112 
791.792004  	90.565383 
792.149311  	90.212581 
792.506618  	90.387536 
792.863925  	91.392483 
793.221231  	91.870219 
793.578538  	91.426861 
793.935845  	91.449504 
794.293152  	91.867999 
794.650459  	92.017508 
795.007766  	92.376786 
795.365073  	92.648856 
795.722379  	92.197842 
796.079686  	91.984228 
796.436993  	92.141531 
796.794300  	91.915757 
797.151607  	92.070110 
797.508914  	92.401773 
797.866221  	92.375055 
798.223527  	92.617733 
798.580834  	92.515200 
798.938141  	92.116923 
799.295448  	92.256856 
799.652755  	92.387248 
800.010062  	92.521280 
800.367369  	92.825855 
800.724675  	92.798908 
801.081982  	92.729321 
801.439289  	93.021103 
801.796596  	93.266599 
802.153903  	93.086327 
802.511210  	92.961245 
802.868517  	93.237417 
803.225824  	93.292882 
803.583130  	93.034046 
803.940437  	92.992511 
804.297744  	93.118150 
804.655051  	93.302447 
805.012358  	93.402060 
805.369665  	93.335185 
805.726972  	93.357127 
806.084278  	93.339100 
806.441585  	93.208278 
806.798892  	93.104687 
807.156199  	93.081699 
807.513506  	93.318260 
807.870813  	93.742537 
808.228120  	93.974839 
808.585426  	93.766062 
808.942733  	93.647398 
809.300040  	93.806575 
809.657347  	93.814285 
810.014654  	93.983459 
810.371961  	94.072289 
810.729268  	94.028998 
811.086574  	94.132645 
811.443881  	93.586797 
811.801188  	93.074170 
812.158495  	93.478971 
812.515802  	94.114633 
812.873109  	94.490385 
813.230416  	94.421148 
813.587722  	94.198715 
813.945029  	93.839941 
814.302336  	93.480395 
814.659643  	93.746405 
815.016950  	94.199643 
815.374257  	94.438970 
815.731564  	94.515936 
816.088871  	94.582855 
816.446177  	94.782305 
816.803484  	94.740164 
817.160791  	94.655697 
817.518098  	94.675707 
817.875405  	94.431463 
818.232712  	94.340823 
818.590019  	94.676691 
818.947325  	94.624497 
819.304632  	94.327641 
819.661939  	94.499280 
820.019246  	94.349056 
820.376553  	94.158367 
820.733860  	94.476857 
821.091167  	94.419413 
821.448473  	94.374395 
821.805780  	94.419131 
822.163087  	94.366426 
822.520394  	94.682583 
822.877701  	94.949435 
823.235008  	95.200177 
823.592315  	95.143284 
823.949621  	94.735474 
824.306928  	94.720658 
824.664235  	94.729937 
825.021542  	94.609195 
825.378849  	94.443305 
825.736156  	94.528323 
826.093463  	94.981323 
826.450769  	95.021159 
826.808076  	94.680621 
827.165383  	94.108779 
827.522690  	93.741462 
827.879997  	94.050078 
828.237304  	94.293576 
828.594611  	94.363757 
828.951918  	94.593335 
829.309224  	94.785224 
829.666531  	94.534042 
830.023838  	94.176754 
830.381145  	94.387588 
830.738452  	94.561394 
831.095759  	94.468978 
831.453066  	94.309898 
831.810372  	94.026980 
832.167679  	94.071817 
832.524986  	94.180114 
832.882293  	94.251152 
833.239600  	94.817017 
833.596907  	95.416216 
833.954214  	95.270887 
834.311520  	94.871391 
834.668827  	95.073340 
835.026134  	95.176687 
835.383441  	94.757294 
835.740748  	94.750591 
836.098055  	95.035850 
836.455362  	94.934516 
836.812668  	94.667864 
837.169975  	94.418838 
837.527282  	94.028179 
837.884589  	93.909572 
838.241896  	94.212595 
838.599203  	94.410111 
838.956510  	94.542902 
839.313816  	94.641126 
839.671123  	94.496553 
840.028430  	94.148636 
840.385737  	94.087810 
840.743044  	94.723797 
841.100351  	95.131443 
841.457658  	94.968015 
841.814964  	94.547465 
842.172271  	93.831317 
842.529578  	93.888962 
842.886885  	94.356010 
843.244192  	94.073950 
843.601499  	93.879465 
843.958806  	93.842898 
844.316113  	93.688706 
844.673419  	93.828926 
845.030726  	94.058097 
845.388033  	94.221792 
845.745340  	94.092171 
846.102647  	93.666468 
846.459954  	93.217091 
846.817261  	92.697675 
847.174567  	92.417246 
847.531874  	92.248067 
847.889181  	91.882778 
848.246488  	91.718361 
848.603795  	91.809054 
848.961102  	91.944230 
849.318409  	91.832433 
849.675715  	91.383255 
850.033022  	91.060558 
850.390329  	91.002365 
850.747636  	91.113749 
851.104943  	91.024658 
851.462250  	90.690746 
851.819557  	90.871662 
852.176863  	91.212399 
852.534170  	91.215335 
852.891477  	91.427432 
853.248784  	91.423363 
853.606091  	90.653773 
853.963398  	90.093365 
854.320705  	90.405674 
854.678011  	90.721884 
855.035318  	90.272628 
855.392625  	89.292778 
855.749932  	88.701888 
856.107239  	88.699425 
856.464546  	88.075295 
856.821853  	87.109891 
857.179160  	86.931284 
857.536466  	86.966147 
857.893773  	86.694383 
858.251080  	86.107976 
858.608387  	85.599601 
858.965694  	85.357310 
859.323001  	84.913411 
859.680308  	84.629213 
860.037614  	84.499875 
860.394921  	84.157862 
860.752228  	83.887924 
861.109535  	83.724603 
861.466842  	83.533819 
861.824149  	83.237714 
862.181456  	83.238606 
862.538762  	83.330212 
862.896069  	83.007947 
863.253376  	83.030069 
863.610683  	83.437840 
863.967990  	83.721029 
864.325297  	83.614538 
864.682604  	83.311633 
865.039910  	83.534814 
865.397217  	83.760295 
865.754524  	83.783600 
866.111831  	83.737955 
866.469138  	83.382984 
866.826445  	83.592467 
867.183752  	84.147343 
867.541058  	84.358986 
867.898365  	84.376670 
868.255672  	83.972516 
868.612979  	83.654649 
868.970286  	83.675994 
869.327593  	83.799532 
869.684900  	84.306141 
870.042207  	84.753637 
870.399513  	84.763676 
870.756820  	84.542925 
871.114127  	83.983634 
871.471434  	83.238899 
871.828741  	82.467898 
872.186048  	81.893283 
872.543355  	82.127646 
872.900661  	82.248725 
873.257968  	81.201522 
873.615275  	80.147974 
873.972582  	79.396890 
874.329889  	78.250617 
874.687196  	76.779489 
875.044503  	75.296382 
875.401809  	74.142100 
875.759116  	72.864471 
876.116423  	71.117413 
876.473730  	68.976004 
876.831037  	66.654256 
877.188344  	64.892970 
877.545651  	62.842026 
877.902957  	59.959091 
878.260264  	57.368905 
878.617571  	55.162950 
878.974878  	53.214904 
879.332185  	51.044141 
879.689492  	47.724849 
880.046799  	43.828932 
880.404105  	40.253277 
880.761412  	36.424989 
881.118719  	31.609132 
881.476026  	26.952135 
881.833333  	23.586668 
882.190640  	21.256408 
882.547947  	19.981031 
882.905254  	20.235300 
883.262560  	22.196331 
883.619867  	25.026450 
883.977174  	28.572228 
884.334481  	33.559147 
884.691788  	39.876405 
885.049095  	46.650927 
885.406402  	52.557189 
885.763708  	57.877680 
886.121015  	63.366960 
886.478322  	68.201986 
886.835629  	72.143541 
887.192936  	75.509787 
887.550243  	78.425554 
887.907550  	80.905826 
888.264856  	82.782129 
888.622163  	84.242120 
888.979470  	85.472574 
889.336777  	86.545911 
889.694084  	87.201100 
890.051391  	87.887974 
890.408698  	89.338058 
890.766004  	90.313319 
891.123311  	90.597952 
891.480618  	91.125837 
891.837925  	91.336300 
892.195232  	91.556703 
892.552539  	92.101350 
892.909846  	92.390616 
893.267152  	92.737558 
893.624459  	92.947806 
893.981766  	92.859767 
894.339073  	92.904110 
894.696380  	93.092479 
895.053687  	93.642996 
895.410994  	93.956161 
895.768301  	93.858346 
896.125607  	94.230364 
896.482914  	94.256262 
896.840221  	94.099401 
897.197528  	94.567343 
897.554835  	94.496658 
897.912142  	94.275433 
898.269449  	94.525331 
898.626755  	94.706353 
898.984062  	94.978420 
899.341369  	95.121179 
899.698676  	95.208823 
900.055983  	95.092572 
900.413290  	94.966043 
900.770597  	95.683133 
901.127903  	96.193927 
901.485210  	96.214458 
901.842517  	95.924143 
902.199824  	95.027096 
902.557131  	94.954156 
902.914438  	95.632214 
903.271745  	96.093948 
903.629051  	96.238418 
903.986358  	95.697935 
904.343665  	95.356579 
904.700972  	95.543879 
905.058279  	95.595042 
905.415586  	95.736477 
905.772893  	96.015011 
906.130199  	96.236330 
906.487506  	96.288803 
906.844813  	96.125156 
907.202120  	95.760041 
907.559427  	95.421300 
907.916734  	95.435547 
908.274041  	95.542426 
908.631348  	95.474559 
908.988654  	95.356207 
909.345961  	95.803781 
909.703268  	96.536411 
910.060575  	96.365420 
910.417882  	96.049807 
910.775189  	96.135009 
911.132496  	96.130272 
911.489802  	96.548470 
911.847109  	97.037718 
912.204416  	96.978061 
912.561723  	96.582475 
912.919030  	96.185628 
913.276337  	96.302580 
913.633644  	96.516998 
913.990950  	96.360093 
914.348257  	96.299536 
914.705564  	96.452697 
915.062871  	96.449708 
915.420178  	96.117280 
915.777485  	95.875970 
916.134792  	96.052254 
916.492098  	96.427366 
916.849405  	96.706453 
917.206712  	96.637542 
917.564019  	96.218419 
917.921326  	95.875661 
918.278633  	95.988561 
918.635940  	96.141013 
918.993246  	96.039916 
919.350553  	96.130726 
919.707860  	96.348886 
920.065167  	96.465621 
920.422474  	96.435975 
920.779781  	96.255582 
921.137088  	96.257490 
921.494394  	96.365423 
921.851701  	96.327853 
922.209008  	96.235032 
922.566315  	96.323232 
922.923622  	96.529076 
923.280929  	96.529996 
923.638236  	96.573083 
923.995543  	96.333771 
924.352849  	95.785565 
924.710156  	95.995698 
925.067463  	96.235501 
925.424770  	96.091739 
925.782077  	96.372687 
926.139384  	96.396311 
926.496691  	96.135418 
926.853997  	96.024827 
927.211304  	95.865255 
927.568611  	95.978631 
927.925918  	96.044209 
928.283225  	95.990419 
928.640532  	96.079192 
928.997839  	95.880928 
929.355145  	95.915557 
929.712452  	96.228330 
930.069759  	95.949014 
930.427066  	95.537172 
930.784373  	95.534734 
931.141680  	95.709838 
931.498987  	95.619261 
931.856293  	95.241181 
932.213600  	95.204145 
932.570907  	95.184313 
932.928214  	95.016157 
933.285521  	95.367380 
933.642828  	95.593214 
934.000135  	95.369733 
934.357441  	95.237060 
934.714748  	95.065703 
935.072055  	95.100548 
935.429362  	95.228404 
935.786669  	94.882059 
936.143976  	94.482567 
936.501283  	94.248980 
936.858590  	93.951193 
937.215896  	93.834893 
937.573203  	93.894959 
937.930510  	93.715021 
938.287817  	93.640805 
938.645124  	93.924051 
939.002431  	93.777456 
939.359738  	93.257867 
939.717044  	93.018547 
940.074351  	92.929762 
940.431658  	92.843265 
940.788965  	92.658193 
941.146272  	92.372423 
941.503579  	92.064725 
941.860886  	91.647172 
942.218192  	91.097002 
942.575499  	90.504266 
942.932806  	90.230247 
943.290113  	90.079828 
943.647420  	89.750030 
944.004727  	89.736566 
944.362034  	89.757226 
944.719340  	89.498842 
945.076647  	89.563283 
945.433954  	89.656343 
945.791261  	89.305411 
946.148568  	89.113028 
946.505875  	89.312707 
946.863182  	89.402733 
947.220488  	89.311931 
947.577795  	89.204717 
947.935102  	89.195253 
948.292409  	89.440962 
948.649716  	89.782245 
949.007023  	90.155678 
949.364330  	90.366402 
949.721637  	90.263010 
950.078943  	90.392048 
950.436250  	90.775512 
950.793557  	91.044417 
951.150864  	91.287067 
951.508171  	91.485529 
951.865478  	91.667470 
952.222785  	92.008679 
952.580091  	92.376298 
952.937398  	92.461978 
953.294705  	92.400983 
953.652012  	92.688365 
954.009319  	93.306693 
954.366626  	93.577532 
954.723933  	93.369407 
955.081239  	93.369102 
955.438546  	93.442945 
955.795853  	93.347810 
956.153160  	93.587227 
956.510467  	93.864142 
956.867774  	93.956036 
957.225081  	94.149013 
957.582387  	94.151393 
957.939694  	93.899192 
958.297001  	93.721070 
958.654308  	93.964543 
959.011615  	94.463541 
959.368922  	94.570972 
959.726229  	94.403011 
960.083535  	94.460819 
960.440842  	94.728506 
960.798149  	94.838926 
961.155456  	94.797451 
961.512763  	95.008712 
961.870070  	95.263274 
962.227377  	95.009104 
962.584684  	94.495348 
962.941990  	94.399383 
963.299297  	94.559977 
963.656604  	94.654865 
964.013911  	94.875619 
964.371218  	94.935999 
964.728525  	94.758095 
965.085832  	94.711944 
965.443138  	94.719730 
965.800445  	94.702530 
966.157752  	94.582594 
966.515059  	94.481900 
966.872366  	94.559478 
967.229673  	94.593751 
967.586980  	94.647580 
967.944286  	94.608015 
968.301593  	94.389805 
968.658900  	94.559550 
969.016207  	94.793247 
969.373514  	94.364909 
969.730821  	94.069868 
970.088128  	94.385117 
970.445434  	94.506950 
970.802741  	94.381860 
971.160048  	94.348944 
971.517355  	94.355235 
971.874662  	94.357573 
972.231969  	94.270095 
972.589276  	94.167229 
972.946582  	93.995072 
973.303889  	93.891829 
973.661196  	93.995182 
974.018503  	93.912615 
974.375810  	93.820508 
974.733117  	93.967561 
975.090424  	94.130841 
975.447731  	93.960176 
975.805037  	93.468305 
976.162344  	93.423247 
976.519651  	93.576008 
976.876958  	93.416517 
977.234265  	93.310842 
977.591572  	93.126148 
977.948879  	92.863318 
978.306185  	92.631599 
978.663492  	92.441280 
979.020799  	92.437624 
979.378106  	92.643506 
979.735413  	93.105180 
980.092720  	93.080992 
980.450027  	92.531446 
980.807333  	92.402965 
981.164640  	92.677575 
981.521947  	93.098611 
981.879254  	93.176766 
982.236561  	92.986326 
982.593868  	92.960112 
982.951175  	92.650184 
983.308481  	92.508145 
983.665788  	92.776242 
984.023095  	92.925371 
984.380402  	92.989120 
984.737709  	92.930715 
985.095016  	93.078110 
985.452323  	93.306798 
985.809629  	93.165794 
986.166936  	93.056325 
986.524243  	92.989820 
986.881550  	93.028766 
987.238857  	93.439947 
987.596164  	93.748201 
987.953471  	93.379312 
988.310778  	92.873076 
988.668084  	93.173070 
989.025391  	93.604605 
989.382698  	93.593977 
989.740005  	93.754396 
990.097312  	93.837760 
990.454619  	93.602871 
990.811926  	93.513647 
991.169232  	93.570827 
991.526539  	93.516541 
991.883846  	93.657208 
992.241153  	93.948576 
992.598460  	93.669390 
992.955767  	93.332444 
993.313074  	93.446366 
993.670380  	93.652810 
994.027687  	94.041424 
994.384994  	94.058098 
994.742301  	93.745080 
995.099608  	93.901926 
995.456915  	93.956005 
995.814222  	93.739557 
996.171528  	93.644379 
996.528835  	93.620595 
996.886142  	93.628949 
997.243449  	93.478641 
997.600756  	93.445927 
997.958063  	93.550889 
998.315370  	93.393272 
998.672676  	93.252424 
999.029983  	93.218360 
999.387290  	93.137308 
999.744597  	93.035252 
1000.101904  	93.045843 
1000.459211  	93.134463 
1000.816518  	92.877103 
1001.173824  	92.749541 
1001.531131  	93.002935 
1001.888438  	92.819907 
1002.245745  	92.477935 
1002.603052  	92.455748 
1002.960359  	92.572546 
1003.317666  	92.697286 
1003.674973  	92.382476 
1004.032279  	91.860537 
1004.389586  	91.701295 
1004.746893  	91.869906 
1005.104200  	92.128341 
1005.461507  	92.073275 
1005.818814  	91.828787 
1006.176121  	91.486157 
1006.533427  	91.071940 
1006.890734  	91.016732 
1007.248041  	90.859438 
1007.605348  	90.407829 
1007.962655  	89.902273 
1008.319962  	89.394473 
1008.677269  	89.456496 
1009.034575  	89.546987 
1009.391882  	89.262150 
1009.749189  	88.997372 
1010.106496  	88.428759 
1010.463803  	88.095293 
1010.821110  	88.165570 
1011.178417  	88.270947 
1011.535723  	88.617585 
1011.893030  	88.492238 
1012.250337  	88.090509 
1012.607644  	88.096150 
1012.964951  	88.250622 
1013.322258  	88.580004 
1013.679565  	88.508392 
1014.036871  	88.071227 
1014.394178  	88.156810 
1014.751485  	88.441775 
1015.108792  	88.513905 
1015.466099  	88.435120 
1015.823406  	88.401869 
1016.180713  	88.499964 
1016.538020  	88.523739 
1016.895326  	88.666253 
1017.252633  	88.878719 
1017.609940  	88.726155 
1017.967247  	88.375245 
1018.324554  	88.078909 
1018.681861  	87.841477 
1019.039168  	88.066889 
1019.396474  	88.414868 
1019.753781  	87.913782 
1020.111088  	87.301409 
1020.468395  	87.238783 
1020.825702  	87.045058 
1021.183009  	86.763061 
1021.540316  	86.516902 
1021.897622  	86.003060 
1022.254929  	85.234206 
1022.612236  	84.642011 
1022.969543  	84.389894 
1023.326850  	83.707572 
1023.684157  	82.672369 
1024.041464  	81.794749 
1024.398770  	80.703174 
1024.756077  	79.583249 
1025.113384  	78.537678 
1025.470691  	77.271996 
1025.827998  	75.672862 
1026.185305  	73.521302 
1026.542612  	71.194411 
1026.899918  	68.807947 
1027.257225  	66.143898 
1027.614532  	63.584586 
1027.971839  	61.227920 
1028.329146  	59.260382 
1028.686453  	58.218031 
1029.043760  	58.374924 
1029.401067  	59.769235 
1029.758373  	62.064951 
1030.115680  	64.842876 
1030.472987  	67.837798 
1030.830294  	71.039399 
1031.187601  	74.502660 
1031.544908  	77.754383 
1031.902215  	80.305013 
1032.259521  	82.438122 
1032.616828  	84.623910 
1032.974135  	86.448670 
1033.331442  	87.558156 
1033.688749  	88.823002 
1034.046056  	90.210151 
1034.403363  	90.777212 
1034.760669  	91.158158 
1035.117976  	91.919756 
1035.475283  	92.610917 
1035.832590  	93.095465 
1036.189897  	93.216911 
1036.547204  	93.294876 
1036.904511  	93.775373 
1037.261817  	94.180445 
1037.619124  	94.248107 
1037.976431  	94.254679 
1038.333738  	94.259701 
1038.691045  	94.154422 
1039.048352  	94.145307 
1039.405659  	94.494754 
1039.762965  	94.863462 
1040.120272  	94.846325 
1040.477579  	94.577812 
1040.834886  	94.494795 
1041.192193  	94.761924 
1041.549500  	95.045543 
1041.906807  	95.153169 
1042.264114  	95.212700 
1042.621420  	95.055892 
1042.978727  	94.640201 
1043.336034  	94.658683 
1043.693341  	94.985669 
1044.050648  	94.943472 
1044.407955  	94.930683 
1044.765262  	94.892995 
1045.122568  	94.761791 
1045.479875  	94.939185 
1045.837182  	94.715483 
1046.194489  	94.164778 
1046.551796  	94.111647 
1046.909103  	94.347632 
1047.266410  	94.549291 
1047.623716  	94.668847 
1047.981023  	94.822544 
1048.338330  	94.871111 
1048.695637  	94.672705 
1049.052944  	94.394793 
1049.410251  	94.189224 
1049.767558  	94.396486 
1050.124864  	94.683314 
1050.482171  	94.769894 
1050.839478  	94.860630 
1051.196785  	94.543155 
1051.554092  	94.230438 
1051.911399  	94.344031 
1052.268706  	94.303307 
1052.626012  	94.234619 
1052.983319  	94.373859 
1053.340626  	94.572610 
1053.697933  	94.684103 
1054.055240  	94.680986 
1054.412547  	94.764837 
1054.769854  	94.582686 
1055.127161  	94.101121 
1055.484467  	94.097804 
1055.841774  	94.437451 
1056.199081  	94.617376 
1056.556388  	94.662990 
1056.913695  	94.271562 
1057.271002  	93.739107 
1057.628309  	93.826993 
1057.985615  	94.054941 
1058.342922  	94.035208 
1058.700229  	94.035922 
1059.057536  	93.913537 
1059.414843  	93.752242 
1059.772150  	93.763193 
1060.129457  	93.933554 
1060.486763  	94.100283 
1060.844070  	93.858365 
1061.201377  	93.445662 
1061.558684  	93.424040 
1061.915991  	93.566120 
1062.273298  	93.554257 
1062.630605  	93.401285 
1062.987911  	93.103034 
1063.345218  	93.066025 
1063.702525  	93.372321 
1064.059832  	93.481158 
1064.417139  	93.409133 
1064.774446  	93.254777 
1065.131753  	93.285811 
1065.489059  	93.800571 
1065.846366  	94.064937 
1066.203673  	93.772897 
1066.560980  	93.505975 
1066.918287  	93.677619 
1067.275594  	93.866067 
1067.632901  	93.530865 
1067.990208  	93.283680 
1068.347514  	92.999144 
1068.704821  	92.489773 
1069.062128  	92.670166 
1069.419435  	93.106516 
1069.776742  	93.119198 
1070.134049  	92.862331 
1070.491356  	92.606830 
1070.848662  	92.621750 
1071.205969  	92.648921 
1071.563276  	92.733993 
1071.920583  	92.765180 
1072.277890  	92.716983 
1072.635197  	92.987051 
1072.992504  	92.891558 
1073.349810  	92.536501 
1073.707117  	92.582417 
1074.064424  	92.579484 
1074.421731  	92.451232 
1074.779038  	92.198125 
1075.136345  	91.968645 
1075.493652  	92.073459 
1075.850958  	92.142414 
1076.208265  	92.111102 
1076.565572  	92.264798 
1076.922879  	92.481403 
1077.280186  	92.230573 
1077.637493  	91.831574 
1077.994800  	92.072741 
1078.352106  	92.194730 
1078.709413  	91.855460 
1079.066720  	91.660578 
1079.424027  	91.433202 
1079.781334  	91.613085 
1080.138641  	92.386685 
1080.495948  	92.679347 
1080.853255  	92.278871 
1081.210561  	91.919475 
1081.567868  	91.828092 
1081.925175  	91.635520 
1082.282482  	91.560230 
1082.639789  	91.839105 
1082.997096  	91.876981 
1083.354403  	91.721077 
1083.711709  	91.598625 
1084.069016  	91.366348 
1084.426323  	91.418650 
1084.783630  	91.617251 
1085.140937  	91.338682 
1085.498244  	90.982127 
1085.855551  	91.214329 
1086.212857  	91.357914 
1086.570164  	90.969546 
1086.927471  	90.977944 
1087.284778  	91.278680 
1087.642085  	91.441219 
1087.999392  	91.514168 
1088.356699  	91.109136 
1088.714005  	90.815547 
1089.071312  	90.972122 
1089.428619  	90.972329 
1089.785926  	90.661810 
1090.143233  	90.143209 
1090.500540  	90.058347 
1090.857847  	90.472642 
1091.215153  	90.751950 
1091.572460  	90.520320 
1091.929767  	89.896802 
1092.287074  	89.805513 
1092.644381  	89.820046 
1093.001688  	89.501521 
1093.358995  	89.695829 
1093.716301  	89.636323 
1094.073608  	89.174161 
1094.430915  	89.304473 
1094.788222  	89.444942 
1095.145529  	89.135137 
1095.502836  	88.948849 
1095.860143  	89.181400 
1096.217450  	89.340029 
1096.574756  	89.167218 
1096.932063  	88.855027 
1097.289370  	88.506486 
1097.646677  	88.621058 
1098.003984  	89.107173 
1098.361291  	89.209382 
1098.718598  	88.815677 
1099.075904  	88.297017 
1099.433211  	87.999940 
1099.790518  	87.883819 
1100.147825  	87.821753 
1100.505132  	87.661363 
1100.862439  	87.539719 
1101.219746  	87.723425 
1101.577052  	87.666711 
1101.934359  	87.289522 
1102.291666  	86.950249 
1102.648973  	86.555600 
1103.006280  	86.440482 
1103.363587  	86.501205 
1103.720894  	85.965970 
1104.078200  	85.142882 
1104.435507  	84.902071 
1104.792814  	84.746874 
1105.150121  	84.093096 
1105.507428  	83.511076 
1105.864735  	82.904271 
1106.222042  	82.329105 
1106.579348  	82.179501 
1106.936655  	81.643380 
1107.293962  	80.712438 
1107.651269  	80.031413 
1108.008576  	79.393026 
1108.365883  	78.578078 
1108.723190  	77.469229 
1109.080497  	76.350876 
1109.437803  	75.369050 
1109.795110  	74.205347 
1110.152417  	73.109960 
1110.509724  	71.934007 
1110.867031  	70.321399 
1111.224338  	68.789505 
1111.581645  	67.334536 
1111.938951  	65.743987 
1112.296258  	64.420579 
1112.653565  	63.217553 
1113.010872  	62.048508 
1113.368179  	61.356055 
1113.725486  	61.237994 
1114.082793  	61.642277 
1114.440099  	62.301832 
1114.797406  	63.240589 
1115.154713  	64.984252 
1115.512020  	67.215405 
1115.869327  	69.253765 
1116.226634  	71.081162 
1116.583941  	72.930207 
1116.941247  	74.860116 
1117.298554  	76.747656 
1117.655861  	78.420625 
1118.013168  	79.690222 
1118.370475  	80.686373 
1118.727782  	81.658845 
1119.085089  	82.461644 
1119.442395  	82.830683 
1119.799702  	83.011987 
1120.157009  	83.537868 
1120.514316  	83.949178 
1120.871623  	83.751382 
1121.228930  	83.722131 
1121.586237  	84.083437 
1121.943544  	84.249537 
1122.300850  	84.215556 
1122.658157  	84.115138 
1123.015464  	83.980944 
1123.372771  	84.016663 
1123.730078  	84.134631 
1124.087385  	84.105025 
1124.444692  	83.906303 
1124.801998  	83.456466 
1125.159305  	83.075515 
1125.516612  	83.044959 
1125.873919  	83.064414 
1126.231226  	83.205699 
1126.588533  	83.192257 
1126.945840  	82.660843 
1127.303146  	82.252201 
1127.660453  	81.967345 
1128.017760  	81.547793 
1128.375067  	81.377716 
1128.732374  	81.264815 
1129.089681  	81.026781 
1129.446988  	80.768612 
1129.804294  	80.310570 
1130.161601  	79.941163 
1130.518908  	79.847145 
1130.876215  	79.587163 
1131.233522  	79.309064 
1131.590829  	79.199701 
1131.948136  	79.001433 
1132.305442  	78.753497 
1132.662749  	78.195349 
1133.020056  	77.432921 
1133.377363  	77.021521 
1133.734670  	76.664547 
1134.091977  	76.232929 
1134.449284  	75.825630 
1134.806591  	75.339738 
1135.163897  	74.909064 
1135.521204  	74.342482 
1135.878511  	73.709990 
1136.235818  	73.215238 
1136.593125  	72.490037 
1136.950432  	71.644538 
1137.307739  	71.041219 
1137.665045  	70.458300 
1138.022352  	69.535208 
1138.379659  	68.489914 
1138.736966  	67.711306 
1139.094273  	66.923504 
1139.451580  	66.062880 
1139.808887  	65.303660 
1140.166193  	64.231886 
1140.523500  	62.858015 
1140.880807  	61.398382 
1141.238114  	59.793557 
1141.595421  	58.488524 
1141.952728  	57.344949 
1142.310035  	55.790015 
1142.667341  	54.076393 
1143.024648  	52.208832 
1143.381955  	50.228813 
1143.739262  	48.329496 
1144.096569  	46.100926 
1144.453876  	43.774576 
1144.811183  	41.660684 
1145.168489  	39.481704 
1145.525796  	37.175539 
1145.883103  	34.662592 
1146.240410  	32.290553 
1146.597717  	30.318563 
1146.955024  	28.454775 
1147.312331  	26.816698 
1147.669638  	25.419485 
1148.026944  	24.264586 
1148.384251  	23.678846 
1148.741558  	23.664529 
1149.098865  	23.949613 
1149.456172  	24.398394 
1149.813479  	25.196659 
1150.170786  	26.500566 
1150.528092  	28.244637 
1150.885399  	30.275893 
1151.242706  	32.465530 
1151.600013  	34.923417 
1151.957320  	37.694478 
1152.314627  	40.545164 
1152.671934  	43.219227 
1153.029240  	45.921950 
1153.386547  	48.767204 
1153.743854  	51.251558 
1154.101161  	53.440998 
1154.458468  	55.806670 
1154.815775  	58.145185 
1155.173082  	60.108100 
1155.530388  	61.893636 
1155.887695  	63.690146 
1156.245002  	65.246813 
1156.602309  	66.650366 
1156.959616  	68.093857 
1157.316923  	69.259799 
1157.674230  	70.096835 
1158.031536  	70.909502 
1158.388843  	71.630069 
1158.746150  	72.184896 
1159.103457  	72.939816 
1159.460764  	73.745627 
1159.818071  	74.187737 
1160.175378  	74.534636 
1160.532685  	74.935799 
1160.889991  	75.265656 
1161.247298  	75.392820 
1161.604605  	75.319630 
1161.961912  	75.430849 
1162.319219  	75.705266 
1162.676526  	75.688496 
1163.033833  	75.476550 
1163.391139  	75.686932 
1163.748446  	75.990152 
1164.105753  	75.696888 
1164.463060  	75.361799 
1164.820367  	75.008782 
1165.177674  	74.399679 
1165.534981  	74.140873 
1165.892287  	73.955013 
1166.249594  	73.563899 
1166.606901  	73.211547 
1166.964208  	72.660246 
1167.321515  	71.996920 
1167.678822  	71.608583 
1168.036129  	71.374625 
1168.393435  	70.925860 
1168.750742  	70.380092 
1169.108049  	69.861342 
1169.465356  	69.163919 
1169.822663  	68.402169 
1170.179970  	67.749795 
1170.537277  	67.184635 
1170.894583  	66.498595 
1171.251890  	65.747834 
1171.609197  	65.061228 
1171.966504  	64.272785 
1172.323811  	63.639264 
1172.681118  	62.910257 
1173.038425  	61.886650 
1173.395731  	61.019392 
1173.753038  	59.940607 
1174.110345  	58.934847 
1174.467652  	58.303114 
1174.824959  	57.262179 
1175.182266  	56.149858 
1175.539573  	55.393792 
1175.896880  	54.737887 
1176.254186  	54.033370 
1176.611493  	53.100975 
1176.968800  	52.197002 
1177.326107  	51.503357 
1177.683414  	50.800202 
1178.040721  	49.947192 
1178.398028  	49.108901 
1178.755334  	48.594104 
1179.112641  	48.149213 
1179.469948  	47.530686 
1179.827255  	46.909681 
1180.184562  	46.331723 
1180.541869  	45.900960 
1180.899176  	45.525872 
1181.256482  	44.940884 
1181.613789  	44.293310 
1181.971096  	43.781461 
1182.328403  	43.274740 
1182.685710  	42.655563 
1183.043017  	42.256568 
1183.400324  	42.150082 
1183.757630  	41.772532 
1184.114937  	41.287406 
1184.472244  	41.079343 
1184.829551  	40.791030 
1185.186858  	40.430710 
1185.544165  	40.192155 
1185.901472  	40.117212 
1186.258778  	40.333325 
1186.616085  	40.531339 
1186.973392  	40.453554 
1187.330699  	40.324111 
1187.688006  	40.495126 
1188.045313  	40.908181 
1188.402620  	41.171019 
1188.759927  	41.320008 
1189.117233  	41.498980 
1189.474540  	41.721297 
1189.831847  	41.937765 
1190.189154  	42.167115 
1190.546461  	42.629410 
1190.903768  	43.005123 
1191.261075  	43.114322 
1191.618381  	43.324796 
1191.975688  	43.642261 
1192.332995  	43.979317 
1192.690302  	44.267877 
1193.047609  	44.440843 
1193.404916  	44.610501 
1193.762223  	44.891347 
1194.119529  	45.054870 
1194.476836  	44.857019 
1194.834143  	44.804893 
1195.191450  	45.019417 
1195.548757  	45.054970 
1195.906064  	44.959291 
1196.263371  	44.738415 
1196.620677  	44.491340 
1196.977984  	44.370813 
1197.335291  	44.173928 
1197.692598  	43.770956 
1198.049905  	43.304014 
1198.407212  	43.151089 
1198.764519  	43.118075 
1199.121825  	42.749146 
1199.479132  	42.354876 
1199.836439  	42.161891 
1200.193746  	42.007097 
1200.551053  	41.853661 
1200.908360  	41.735283 
1201.265667  	41.746297 
1201.622974  	41.786833 
1201.980280  	41.564877 
1202.337587  	41.385650 
1202.694894  	41.666042 
1203.052201  	42.049269 
1203.409508  	42.276585 
1203.766815  	42.482784 
1204.124122  	42.894152 
1204.481428  	43.598743 
1204.838735  	44.273605 
1205.196042  	45.015050 
1205.553349  	46.020094 
1205.910656  	47.106756 
1206.267963  	48.094010 
1206.625270  	48.863401 
1206.982576  	49.898819 
1207.339883  	51.268725 
1207.697190  	52.368391 
1208.054497  	53.312651 
1208.411804  	54.307816 
1208.769111  	55.283392 
1209.126418  	56.292471 
1209.483724  	57.367352 
1209.841031  	58.386972 
1210.198338  	59.383489 
1210.555645  	60.472432 
1210.912952  	61.245559 
1211.270259  	61.726491 
1211.627566  	62.282748 
1211.984872  	62.803714 
1212.342179  	63.249595 
1212.699486  	63.463416 
1213.056793  	63.681104 
1213.414100  	64.125952 
1213.771407  	64.222513 
1214.128714  	64.019374 
1214.486021  	63.955166 
1214.843327  	63.931443 
1215.200634  	63.802170 
1215.557941  	63.647140 
1215.915248  	63.432447 
1216.272555  	63.000469 
1216.629862  	62.523945 
1216.987169  	61.892200 
1217.344475  	60.978183 
1217.701782  	60.295849 
1218.059089  	59.947860 
1218.416396  	59.444954 
1218.773703  	58.616564 
1219.131010  	57.903029 
1219.488317  	57.411405 
1219.845623  	56.819278 
1220.202930  	56.153306 
1220.560237  	55.324762 
1220.917544  	54.376595 
1221.274851  	53.670464 
1221.632158  	53.125483 
1221.989465  	52.372045 
1222.346771  	51.476291 
1222.704078  	50.923328 
1223.061385  	50.551417 
1223.418692  	50.013584 
1223.775999  	49.502416 
1224.133306  	49.071477 
1224.490613  	48.663335 
1224.847919  	48.160178 
1225.205226  	47.795609 
1225.562533  	47.857093 
1225.919840  	47.869058 
1226.277147  	47.830567 
1226.634454  	48.072874 
1226.991761  	48.260782 
1227.349068  	48.384079 
1227.706374  	48.815496 
1228.063681  	49.337383 
1228.420988  	49.796245 
1228.778295  	50.444941 
1229.135602  	51.132335 
1229.492909  	51.787398 
1229.850216  	52.460092 
1230.207522  	53.153642 
1230.564829  	54.118810 
1230.922136  	55.127821 
1231.279443  	56.086192 
1231.636750  	57.196406 
1231.994057  	58.402873 
1232.351364  	59.832096 
1232.708670  	61.234130 
1233.065977  	62.534335 
1233.423284  	64.019727 
1233.780591  	65.544513 
1234.137898  	67.118633 
1234.495205  	68.489756 
1234.852512  	69.594726 
1235.209818  	71.019075 
1235.567125  	72.520072 
1235.924432  	73.647650 
1236.281739  	74.760785 
1236.639046  	75.926576 
1236.996353  	76.735372 
1237.353660  	77.452612 
1237.710966  	78.413404 
1238.068273  	79.344519 
1238.425580  	80.051575 
1238.782887  	80.462677 
1239.140194  	81.005609 
1239.497501  	81.773133 
1239.854808  	82.194168 
1240.212115  	82.625650 
1240.569421  	83.203853 
1240.926728  	83.580205 
1241.284035  	83.891006 
1241.641342  	84.068962 
1241.998649  	84.195822 
1242.355956  	84.380869 
1242.713263  	84.567478 
1243.070569  	84.776340 
1243.427876  	84.924998 
1243.785183  	85.104051 
1244.142490  	85.201614 
1244.499797  	85.067869 
1244.857104  	84.928077 
1245.214411  	84.899592 
1245.571717  	84.887758 
1245.929024  	84.754163 
1246.286331  	84.581608 
1246.643638  	84.481273 
1247.000945  	84.379735 
1247.358252  	84.210227 
1247.715559  	84.034308 
1248.072865  	83.867033 
1248.430172  	83.612316 
1248.787479  	83.352380 
1249.144786  	82.988519 
1249.502093  	82.541925 
1249.859400  	82.153383 
1250.216707  	81.572827 
1250.574013  	81.085368 
1250.931320  	80.804424 
1251.288627  	80.252779 
1251.645934  	79.502664 
1252.003241  	78.926229 
1252.360548  	78.644813 
1252.717855  	78.086621 
1253.075161  	77.145933 
1253.432468  	76.376496 
1253.789775  	75.493326 
1254.147082  	74.472636 
1254.504389  	73.602072 
1254.861696  	72.766577 
1255.219003  	71.939385 
1255.576310  	70.988377 
1255.933616  	69.952801 
1256.290923  	68.887999 
1256.648230  	67.789532 
1257.005537  	66.641706 
1257.362844  	65.301227 
1257.720151  	64.105399 
1258.077458  	63.016825 
1258.434764  	61.651211 
1258.792071  	60.331490 
1259.149378  	59.061965 
1259.506685  	57.581242 
1259.863992  	56.117140 
1260.221299  	54.717985 
1260.578606  	53.321696 
1260.935912  	51.923647 
1261.293219  	50.374778 
1261.650526  	48.824117 
1262.007833  	47.379908 
1262.365140  	45.803589 
1262.722447  	44.126065 
1263.079754  	42.551611 
1263.437060  	41.096214 
1263.794367  	39.598465 
1264.151674  	37.990549 
1264.508981  	36.349586 
1264.866288  	34.781323 
1265.223595  	33.488550 
1265.580902  	32.280470 
1265.938208  	30.942458 
1266.295515  	29.732603 
1266.652822  	28.607375 
1267.010129  	27.475464 
1267.367436  	26.606310 
1267.724743  	25.976147 
1268.082050  	25.292642 
1268.439357  	24.563705 
1268.796663  	23.871946 
1269.153970  	23.254865 
1269.511277  	22.879179 
1269.868584  	22.611527 
1270.225891  	22.295997 
1270.583198  	21.943713 
1270.940505  	21.550272 
1271.297811  	21.356001 
1271.655118  	21.287318 
1272.012425  	21.146265 
1272.369732  	21.030633 
1272.727039  	20.902690 
1273.084346  	20.921014 
1273.441653  	21.111988 
1273.798959  	21.197192 
1274.156266  	21.253523 
1274.513573  	21.477142 
1274.870880  	21.856059 
1275.228187  	22.285181 
1275.585494  	22.705648 
1275.942801  	23.044384 
1276.300107  	23.384172 
1276.657414  	24.027670 
1277.014721  	24.891721 
1277.372028  	25.676807 
1277.729335  	26.470214 
1278.086642  	27.483896 
1278.443949  	28.603327 
1278.801255  	29.542296 
1279.158562  	30.414918 
1279.515869  	31.567465 
1279.873176  	32.931705 
1280.230483  	34.246655 
1280.587790  	35.520857 
1280.945097  	36.873170 
1281.302404  	38.323134 
1281.659710  	39.871636 
1282.017017  	41.484996 
1282.374324  	43.003996 
1282.731631  	44.521573 
1283.088938  	46.247942 
1283.446245  	47.982619 
1283.803552  	49.650576 
1284.160858  	51.409851 
1284.518165  	53.303521 
1284.875472  	55.128273 
1285.232779  	56.636873 
1285.590086  	58.256558 
1285.947393  	60.046234 
1286.304700  	61.535435 
1286.662006  	62.938963 
1287.019313  	64.390778 
1287.376620  	65.890227 
1287.733927  	67.373156 
1288.091234  	68.670118 
1288.448541  	69.920414 
1288.805848  	70.896782 
1289.163154  	71.681039 
1289.520461  	72.527056 
1289.877768  	73.292111 
1290.235075  	74.188691 
1290.592382  	75.079922 
1290.949689  	75.770837 
1291.306996  	76.410537 
1291.664302  	76.785963 
1292.021609  	77.173991 
1292.378916  	77.843254 
1292.736223  	78.345680 
1293.093530  	78.550472 
1293.450837  	78.695648 
1293.808144  	79.091639 
1294.165451  	79.699648 
1294.522757  	80.046005 
1294.880064  	80.243101 
1295.237371  	80.539072 
1295.594678  	80.702877 
1295.951985  	80.842497 
1296.309292  	81.115397 
1296.666599  	81.382488 
1297.023905  	81.713785 
1297.381212  	82.003562 
1297.738519  	82.082188 
1298.095826  	82.275502 
1298.453133  	82.668054 
1298.810440  	82.940199 
1299.167747  	83.074881 
1299.525053  	83.139220 
1299.882360  	83.178540 
1300.239667  	83.317677 
1300.596974  	83.522692 
1300.954281  	83.679269 
1301.311588  	83.724201 
1301.668895  	83.856739 
1302.026201  	84.108886 
1302.383508  	84.193653 
1302.740815  	84.264421 
1303.098122  	84.375223 
1303.455429  	84.406256 
1303.812736  	84.398791 
1304.170043  	84.273502 
1304.527349  	84.403681 
1304.884656  	84.744480 
1305.241963  	84.687919 
1305.599270  	84.411253 
1305.956577  	84.249307 
1306.313884  	84.318142 
1306.671191  	84.425819 
1307.028498  	84.284435 
1307.385804  	84.102926 
1307.743111  	84.002182 
1308.100418  	84.047863 
1308.457725  	84.061531 
1308.815032  	83.843673 
1309.172339  	83.736072 
1309.529646  	83.680968 
1309.886952  	83.540719 
1310.244259  	83.378824 
1310.601566  	83.125819 
1310.958873  	82.966852 
1311.316180  	82.915914 
1311.673487  	82.794814 
1312.030794  	82.634840 
1312.388100  	82.388445 
1312.745407  	82.035808 
1313.102714  	81.852820 
1313.460021  	81.750877 
1313.817328  	81.355208 
1314.174635  	80.939259 
1314.531942  	80.745627 
1314.889248  	80.547049 
1315.246555  	80.293758 
1315.603862  	80.002181 
1315.961169  	79.599348 
1316.318476  	78.994591 
1316.675783  	78.458217 
1317.033090  	78.146240 
1317.390396  	77.587513 
1317.747703  	76.928886 
1318.105010  	76.469407 
1318.462317  	76.047609 
1318.819624  	75.573041 
1319.176931  	75.002495 
1319.534238  	74.534062 
1319.891545  	74.209914 
1320.248851  	73.874145 
1320.606158  	73.518267 
1320.963465  	73.216225 
1321.320772  	73.129218 
1321.678079  	73.278696 
1322.035386  	73.617799 
1322.392693  	74.060045 
1322.749999  	74.493732 
1323.107306  	75.014766 
1323.464613  	75.601857 
1323.821920  	76.252648 
1324.179227  	77.054219 
1324.536534  	77.803796 
1324.893841  	78.594027 
1325.251147  	79.564082 
1325.608454  	80.260058 
1325.965761  	80.793260 
1326.323068  	81.584034 
1326.680375  	82.159790 
1327.037682  	82.429967 
1327.394989  	82.907423 
1327.752295  	83.419228 
1328.109602  	83.827612 
1328.466909  	84.099924 
1328.824216  	83.874363 
1329.181523  	83.636755 
1329.538830  	83.762473 
1329.896137  	83.706634 
1330.253443  	83.619506 
1330.610750  	83.683741 
1330.968057  	83.546633 
1331.325364  	83.319477 
1331.682671  	83.100669 
1332.039978  	82.885351 
1332.397285  	82.679521 
1332.754592  	82.322155 
1333.111898  	82.008626 
1333.469205  	81.910025 
1333.826512  	81.688134 
1334.183819  	81.227903 
1334.541126  	80.837093 
1334.898433  	80.562741 
1335.255740  	80.261850 
1335.613046  	79.935118 
1335.970353  	79.547419 
1336.327660  	79.172384 
1336.684967  	78.872143 
1337.042274  	78.497809 
1337.399581  	78.104630 
1337.756888  	77.813601 
1338.114194  	77.572091 
1338.471501  	77.242169 
1338.828808  	76.923441 
1339.186115  	76.752049 
1339.543422  	76.571148 
1339.900729  	76.398564 
1340.258036  	76.069906 
1340.615342  	75.453681 
1340.972649  	75.248012 
1341.329956  	75.280609 
1341.687263  	75.057474 
1342.044570  	74.738742 
1342.401877  	74.600280 
1342.759184  	74.503603 
1343.116490  	74.353699 
1343.473797  	74.312009 
1343.831104  	74.315019 
1344.188411  	74.145612 
1344.545718  	74.013384 
1344.903025  	74.070739 
1345.260332  	73.994951 
1345.617638  	73.791989 
1345.974945  	73.629510 
1346.332252  	73.427846 
1346.689559  	73.431980 
1347.046866  	73.580950 
1347.404173  	73.412044 
1347.761480  	73.240451 
1348.118787  	73.344860 
1348.476093  	73.280608 
1348.833400  	73.079504 
1349.190707  	73.054363 
1349.548014  	72.909343 
1349.905321  	72.706273 
1350.262628  	72.821017 
1350.619935  	72.910871 
1350.977241  	72.902872 
1351.334548  	73.023922 
1351.691855  	72.993596 
1352.049162  	72.851182 
1352.406469  	72.774488 
1352.763776  	72.778296 
1353.121083  	72.972491 
1353.478389  	73.071682 
1353.835696  	72.929857 
1354.193003  	72.832515 
1354.550310  	72.901107 
1354.907617  	73.024788 
1355.264924  	73.005051 
1355.622231  	72.971587 
1355.979537  	73.040449 
1356.336844  	73.176994 
1356.694151  	73.395058 
1357.051458  	73.458469 
1357.408765  	73.406180 
1357.766072  	73.527381 
1358.123379  	73.688249 
1358.480685  	73.813781 
1358.837992  	73.875659 
1359.195299  	73.771188 
1359.552606  	73.765076 
1359.909913  	73.943993 
1360.267220  	74.067090 
1360.624527  	74.253322 
1360.981834  	74.566236 
1361.339140  	74.564399 
1361.696447  	74.424331 
1362.053754  	74.429466 
1362.411061  	74.519707 
1362.768368  	74.833483 
1363.125675  	74.966669 
1363.482982  	74.650687 
1363.840288  	74.663440 
1364.197595  	74.704523 
1364.554902  	74.633495 
1364.912209  	74.619923 
1365.269516  	74.695257 
1365.626823  	74.794511 
1365.984130  	74.689037 
1366.341436  	74.519552 
1366.698743  	74.511570 
1367.056050  	74.482076 
1367.413357  	74.409524 
1367.770664  	74.370788 
1368.127971  	74.340555 
1368.485278  	74.234920 
1368.842584  	74.041814 
1369.199891  	73.962502 
1369.557198  	73.893328 
1369.914505  	73.669852 
1370.271812  	73.391814 
1370.629119  	73.251363 
1370.986426  	73.220045 
1371.343732  	73.004434 
1371.701039  	72.687741 
1372.058346  	72.608516 
1372.415653  	72.454808 
1372.772960  	71.989328 
1373.130267  	71.781772 
1373.487574  	71.887380 
1373.844881  	71.491461 
1374.202187  	70.836698 
1374.559494  	70.789941 
1374.916801  	70.723753 
1375.274108  	70.080885 
1375.631415  	69.499023 
1375.988722  	69.225202 
1376.346029  	68.850622 
1376.703335  	68.388673 
1377.060642  	67.936188 
1377.417949  	67.549459 
1377.775256  	67.259602 
1378.132563  	66.723764 
1378.489870  	66.037656 
1378.847177  	65.566846 
1379.204483  	64.973247 
1379.561790  	64.240631 
1379.919097  	63.680162 
1380.276404  	62.983963 
1380.633711  	62.055053 
1380.991018  	61.209865 
1381.348325  	60.539196 
1381.705631  	59.812711 
1382.062938  	58.802909 
1382.420245  	57.824328 
1382.777552  	57.049037 
1383.134859  	56.337723 
1383.492166  	55.722132 
1383.849473  	55.047682 
1384.206779  	54.472516 
1384.564086  	54.041338 
1384.921393  	53.607170 
1385.278700  	53.457762 
1385.636007  	53.441900 
1385.993314  	53.565057 
1386.350621  	54.064133 
1386.707928  	54.595666 
1387.065234  	55.212992 
1387.422541  	56.253517 
1387.779848  	57.279494 
1388.137155  	58.181485 
1388.494462  	59.387371 
1388.851769  	60.695384 
1389.209076  	62.057329 
1389.566382  	63.428852 
1389.923689  	64.658039 
1390.280996  	65.884248 
1390.638303  	67.191943 
1390.995610  	68.547285 
1391.352917  	69.741269 
1391.710224  	70.849158 
1392.067530  	71.983038 
1392.424837  	72.890490 
1392.782144  	73.738204 
1393.139451  	74.723450 
1393.496758  	75.719252 
1393.854065  	76.455859 
1394.211372  	76.998898 
1394.568678  	77.602255 
1394.925985  	78.015150 
1395.283292  	78.769820 
1395.640599  	79.490960 
1395.997906  	79.599752 
1396.355213  	79.872781 
1396.712520  	80.108456 
1397.069826  	80.257691 
1397.427133  	80.637662 
1397.784440  	80.865461 
1398.141747  	80.878269 
1398.499054  	80.902368 
1398.856361  	81.089910 
1399.213668  	81.206786 
1399.570975  	80.774978 
1399.928281  	80.730247 
1400.285588  	80.910458 
1400.642895  	81.054537 
1401.000202  	81.031257 
1401.357509  	80.907384 
1401.714816  	80.929849 
1402.072123  	80.882509 
1402.429429  	80.788224 
1402.786736  	80.838117 
1403.144043  	80.805077 
1403.501350  	80.697350 
1403.858657  	80.557966 
1404.215964  	80.408532 
1404.573271  	80.504287 
1404.930577  	80.619799 
1405.287884  	80.216119 
1405.645191  	79.998032 
1406.002498  	80.067418 
1406.359805  	80.099192 
1406.717112  	80.038156 
1407.074419  	79.886961 
1407.431725  	79.737642 
1407.789032  	79.725806 
1408.146339  	79.828974 
1408.503646  	79.885505 
1408.860953  	79.789243 
1409.218260  	79.685155 
1409.575567  	79.617896 
1409.932873  	79.570761 
1410.290180  	79.580315 
1410.647487  	79.578701 
1411.004794  	79.652936 
1411.362101  	79.785748 
1411.719408  	79.842509 
1412.076715  	79.821406 
1412.434022  	79.721337 
1412.791328  	79.614871 
1413.148635  	79.497720 
1413.505942  	79.399390 
1413.863249  	79.421611 
1414.220556  	79.478888 
1414.577863  	79.514614 
1414.935170  	79.551949 
1415.292476  	79.627561 
1415.649783  	79.695526 
1416.007090  	79.570827 
1416.364397  	79.345170 
1416.721704  	79.440940 
1417.079011  	79.718004 
1417.436318  	79.548316 
1417.793624  	79.172378 
1418.150931  	79.415053 
1418.508238  	79.817376 
1418.865545  	80.082420 
1419.222852  	80.136088 
1419.580159  	79.395994 
1419.937466  	79.093383 
1420.294772  	79.289007 
1420.652079  	79.486966 
1421.009386  	79.493622 
1421.366693  	79.571245 
1421.724000  	79.691722 
1422.081307  	79.654459 
1422.438614  	79.652690 
1422.795920  	79.705233 
1423.153227  	79.859444 
1423.510534  	80.028795 
1423.867841  	79.750533 
1424.225148  	79.310785 
1424.582455  	79.386678 
1424.939762  	79.563801 
1425.297068  	79.670377 
1425.654375  	79.933992 
1426.011682  	80.193187 
1426.368989  	80.074186 
1426.726296  	79.851178 
1427.083603  	79.832394 
1427.440910  	79.989642 
1427.798217  	80.154703 
1428.155523  	80.202246 
1428.512830  	80.203235 
1428.870137  	80.161271 
1429.227444  	80.359278 
1429.584751  	80.861162 
1429.942058  	80.820363 
1430.299365  	80.006834 
1430.656671  	79.808386 
1431.013978  	80.091360 
1431.371285  	80.370815 
1431.728592  	80.367215 
1432.085899  	80.198738 
1432.443206  	79.964337 
1432.800513  	79.830868 
1433.157819  	79.938585 
1433.515126  	80.040983 
1433.872433  	80.001220 
1434.229740  	79.964021 
1434.587047  	79.895794 
1434.944354  	79.839211 
1435.301661  	79.829912 
1435.658967  	79.612437 
1436.016274  	79.602999 
1436.373581  	80.500733 
1436.730888  	80.687652 
1437.088195  	78.220723 
1437.445502  	78.657184 
1437.802809  	78.919355 
1438.160115  	78.815611 
1438.517422  	78.745464 
1438.874729  	78.607369 
1439.232036  	78.356648 
1439.589343  	78.105164 
1439.946650  	77.883481 
1440.303957  	77.649220 
1440.661264  	77.383979 
1441.018570  	77.159760 
1441.375877  	76.935702 
1441.733184  	76.739183 
1442.090491  	76.565303 
1442.447798  	76.296120 
1442.805105  	76.163191 
1443.162412  	76.182556 
1443.519718  	75.997524 
1443.877025  	75.605774 
1444.234332  	75.198284 
1444.591639  	75.004323 
1444.948946  	74.760853 
1445.306253  	74.084251 
1445.663560  	73.535178 
1446.020866  	73.224058 
1446.378173  	72.741045 
1446.735480  	72.087367 
1447.092787  	71.448520 
1447.450094  	71.282524 
1447.807401  	70.889348 
1448.164708  	68.987380 
1448.522014  	68.166000 
1448.879321  	67.894093 
1449.236628  	67.080706 
1449.593935  	66.227387 
1449.951242  	65.367309 
1450.308549  	64.204923 
1450.665856  	63.086748 
1451.023162  	61.994308 
1451.380469  	60.788055 
1451.737776  	59.672105 
1452.095083  	58.013410 
1452.452390  	56.050426 
1452.809697  	54.934509 
1453.167004  	53.619149 
1453.524311  	51.831589 
1453.881617  	50.364553 
1454.238924  	48.737499 
1454.596231  	46.796931 
1454.953538  	45.230748 
1455.310845  	43.515914 
1455.668152  	41.336169 
1456.025459  	40.289246 
1456.382765  	40.317449 
1456.740072  	39.557385 
1457.097379  	35.192982 
1457.454686  	34.602871 
1457.811993  	34.851366 
1458.169300  	35.106260 
1458.526607  	34.700017 
1458.883913  	35.252139 
1459.241220  	36.337629 
1459.598527  	37.277526 
1459.955834  	38.408337 
1460.313141  	39.723376 
1460.670448  	41.225068 
1461.027755  	43.039016 
1461.385061  	45.134404 
1461.742368  	47.281826 
1462.099675  	49.308790 
1462.456982  	51.272931 
1462.814289  	53.217991 
1463.171596  	55.061359 
1463.528903  	56.902870 
1463.886209  	58.741067 
1464.243516  	60.349852 
1464.600823  	61.822255 
1464.958130  	63.355951 
1465.315437  	64.850940 
1465.672744  	66.045010 
1466.030051  	67.075865 
1466.387358  	68.042572 
1466.744664  	68.947495 
1467.101971  	69.916190 
1467.459278  	70.798091 
1467.816585  	71.441576 
1468.173892  	71.958343 
1468.531199  	72.336398 
1468.888506  	72.814085 
1469.245812  	73.414969 
1469.603119  	73.786290 
1469.960426  	73.871580 
1470.317733  	73.916459 
1470.675040  	74.053265 
1471.032347  	74.139440 
1471.389654  	74.265535 
1471.746960  	74.574349 
1472.104267  	74.090507 
1472.461574  	73.056963 
1472.818881  	73.331093 
1473.176188  	73.892762 
1473.533495  	73.320104 
1473.890802  	72.294577 
1474.248108  	72.217489 
1474.605415  	71.964399 
1474.962722  	71.484991 
1475.320029  	70.720272 
1475.677336  	70.291938 
1476.034643  	70.236480 
1476.391950  	68.308663 
1476.749256  	66.339654 
1477.106563  	65.787057 
1477.463870  	65.037198 
1477.821177  	63.995569 
1478.178484  	62.845566 
1478.535791  	61.567440 
1478.893098  	60.107367 
1479.250405  	58.702600 
1479.607711  	57.385985 
1479.965018  	55.893876 
1480.322325  	54.404317 
1480.679632  	53.142281 
1481.036939  	51.912595 
1481.394246  	50.370089 
1481.751553  	48.823016 
1482.108859  	47.726484 
1482.466166  	46.671371 
1482.823473  	45.740080 
1483.180780  	45.245201 
1483.538087  	44.639152 
1483.895394  	43.989538 
1484.252701  	43.657997 
1484.610007  	43.514722 
1484.967314  	43.546274 
1485.324621  	43.692183 
1485.681928  	44.115514 
1486.039235  	44.660200 
1486.396542  	45.211703 
1486.753849  	46.052272 
1487.111155  	47.072872 
1487.468462  	48.346516 
1487.825769  	49.383041 
1488.183076  	50.478761 
1488.540383  	51.857554 
1488.897690  	53.273383 
1489.254997  	54.784265 
1489.612303  	56.277477 
1489.969610  	58.139136 
1490.326917  	59.909866 
1490.684224  	61.454644 
1491.041531  	63.337112 
1491.398838  	64.648655 
1491.756145  	65.988352 
1492.113452  	67.410521 
1492.470758  	68.752354 
1492.828065  	70.196956 
1493.185372  	71.522883 
1493.542679  	72.876235 
1493.899986  	74.071002 
1494.257293  	75.133682 
1494.614600  	76.172930 
1494.971906  	76.853343 
1495.329213  	77.511280 
1495.686520  	78.129060 
1496.043827  	78.900122 
1496.401134  	80.127994 
1496.758441  	80.640399 
1497.115748  	81.456598 
1497.473054  	82.040607 
1497.830361  	82.212730 
1498.187668  	82.509920 
1498.544975  	82.983245 
1498.902282  	83.511090 
1499.259589  	83.866971 
1499.616896  	84.330027 
1499.974202  	84.720458 
1500.331509  	85.013433 
1500.688816  	85.440296 
1501.046123  	85.782657 
1501.403430  	86.021072 
1501.760737  	86.317047 
1502.118044  	86.729099 
1502.475350  	87.087772 
1502.832657  	87.383744 
1503.189964  	87.651832 
1503.547271  	87.629476 
1503.904578  	87.587272 
1504.261885  	87.703117 
1504.619192  	87.948488 
1504.976498  	88.485383 
1505.333805  	88.962330 
1505.691112  	89.158986 
1506.048419  	89.118586 
1506.405726  	89.333130 
1506.763033  	90.042592 
1507.120340  	89.464166 
1507.477647  	89.048808 
1507.834953  	89.545451 
1508.192260  	89.791801 
1508.549567  	90.063443 
1508.906874  	90.118794 
1509.264181  	90.238671 
1509.621488  	90.420847 
1509.978795  	90.400143 
1510.336101  	90.273126 
1510.693408  	90.199555 
1511.050715  	90.325983 
1511.408022  	90.266257 
1511.765329  	90.084734 
1512.122636  	90.326312 
1512.479943  	90.511818 
1512.837249  	90.301934 
1513.194556  	90.369882 
1513.551863  	90.524522 
1513.909170  	90.494834 
1514.266477  	90.551710 
1514.623784  	90.860583 
1514.981091  	90.702293 
1515.338397  	90.227200 
1515.695704  	90.302501 
1516.053011  	90.533439 
1516.410318  	90.809108 
1516.767625  	90.779234 
1517.124932  	90.669701 
1517.482239  	90.759633 
1517.839545  	90.281117 
1518.196852  	90.225368 
1518.554159  	90.419331 
1518.911466  	90.377380 
1519.268773  	90.308734 
1519.626080  	90.488712 
1519.983387  	90.677328 
1520.340694  	90.576744 
1520.698000  	90.799951 
1521.055307  	91.279203 
1521.412614  	90.972860 
1521.769921  	90.443321 
1522.127228  	90.524824 
1522.484535  	90.869150 
1522.841842  	91.182615 
1523.199148  	90.886303 
1523.556455  	90.732641 
1523.913762  	90.780679 
1524.271069  	90.896499 
1524.628376  	90.949908 
1524.985683  	90.995570 
1525.342990  	91.059414 
1525.700296  	90.835587 
1526.057603  	91.120507 
1526.414910  	91.403402 
1526.772217  	91.283819 
1527.129524  	91.273948 
1527.486831  	91.284048 
1527.844138  	91.319007 
1528.201444  	91.803585 
1528.558751  	91.919311 
1528.916058  	91.680192 
1529.273365  	91.913950 
1529.630672  	92.005264 
1529.987979  	91.923412 
1530.345286  	91.982883 
1530.702592  	92.161347 
1531.059899  	92.284362 
1531.417206  	92.241398 
1531.774513  	92.163430 
1532.131820  	92.145027 
1532.489127  	92.191470 
1532.846434  	92.209795 
1533.203741  	92.115283 
1533.561047  	92.210198 
1533.918354  	92.550892 
1534.275661  	92.656597 
1534.632968  	92.576788 
1534.990275  	92.663454 
1535.347582  	92.775428 
1535.704889  	92.679695 
1536.062195  	92.738284 
1536.419502  	92.813856 
1536.776809  	92.646356 
1537.134116  	92.508324 
1537.491423  	92.519447 
1537.848730  	92.668960 
1538.206037  	92.761113 
1538.563343  	92.608939 
1538.920650  	92.579780 
1539.277957  	92.684587 
1539.635264  	92.780287 
1539.992571  	93.045244 
1540.349878  	92.837267 
1540.707185  	92.401383 
1541.064491  	92.765516 
1541.421798  	93.256040 
1541.779105  	93.751642 
1542.136412  	94.094893 
1542.493719  	92.994395 
1542.851026  	92.748850 
1543.208333  	92.922717 
1543.565639  	92.877707 
1543.922946  	92.950990 
1544.280253  	93.170877 
1544.637560  	93.265844 
1544.994867  	93.354762 
1545.352174  	93.050336 
1545.709481  	92.884254 
1546.066788  	93.023822 
1546.424094  	93.111851 
1546.781401  	93.120243 
1547.138708  	92.857614 
1547.496015  	92.600415 
1547.853322  	92.694263 
1548.210629  	92.788776 
1548.567936  	92.663989 
1548.925242  	92.613392 
1549.282549  	92.804250 
1549.639856  	92.933468 
1549.997163  	92.813831 
1550.354470  	92.382394 
1550.711777  	91.869139 
1551.069084  	91.878869 
1551.426390  	92.170816 
1551.783697  	92.303576 
1552.141004  	92.155112 
1552.498311  	91.952046 
1552.855618  	91.930694 
1553.212925  	91.774295 
1553.570232  	91.731776 
1553.927538  	92.358911 
1554.284845  	92.871738 
1554.642152  	91.587872 
1554.999459  	90.916767 
1555.356766  	90.885512 
1555.714073  	90.997434 
1556.071380  	90.978973 
1556.428686  	90.834599 
1556.785993  	90.694106 
1557.143300  	90.784206 
1557.500607  	90.723086 
1557.857914  	89.338881 
1558.215221  	89.278514 
1558.572528  	88.299044 
1558.929835  	87.478963 
1559.287141  	88.533652 
1559.644448  	89.426942 
1560.001755  	91.218537 
1560.359062  	88.278975 
1560.716369  	86.689203 
1561.073676  	86.988961 
1561.430983  	86.993442 
1561.788289  	86.740662 
1562.145596  	86.473768 
1562.502903  	86.149794 
1562.860210  	85.840644 
1563.217517  	85.527396 
1563.574824  	85.150977 
1563.932131  	84.570610 
1564.289437  	84.219049 
1564.646744  	84.274940 
1565.004051  	83.673851 
1565.361358  	82.716808 
1565.718665  	82.495521 
1566.075972  	82.347304 
1566.433279  	81.932714 
1566.790585  	81.536343 
1567.147892  	81.072230 
1567.505199  	80.462772 
1567.862506  	79.841738 
1568.219813  	79.277844 
1568.577120  	79.134150 
1568.934427  	78.838780 
1569.291733  	78.315114 
1569.649040  	78.579625 
1570.006347  	76.563536 
1570.363654  	74.984765 
1570.720961  	74.990112 
1571.078268  	74.306840 
1571.435575  	73.346660 
1571.792882  	72.635014 
1572.150188  	71.670294 
1572.507495  	70.464845 
1572.864802  	69.281126 
1573.222109  	68.160950 
1573.579416  	66.752362 
1573.936723  	65.312640 
1574.294030  	63.990462 
1574.651336  	62.572266 
1575.008643  	61.309589 
1575.365950  	60.172785 
1575.723257  	59.447883 
1576.080564  	58.482495 
1576.437871  	52.975177 
1576.795178  	51.445166 
1577.152484  	51.214421 
1577.509791  	50.325452 
1577.867098  	49.062418 
1578.224405  	48.028097 
1578.581712  	47.204585 
1578.939019  	46.596129 
1579.296326  	46.144871 
1579.653632  	45.772334 
1580.010939  	45.975163 
1580.368246  	46.653026 
1580.725553  	47.399589 
1581.082860  	48.367809 
1581.440167  	49.642057 
1581.797474  	51.230998 
1582.154780  	53.073268 
1582.512087  	54.948682 
1582.869394  	56.847232 
1583.226701  	58.853368 
1583.584008  	60.867409 
1583.941315  	62.814021 
1584.298622  	64.562941 
1584.655928  	66.093229 
1585.013235  	67.591097 
1585.370542  	69.091464 
1585.727849  	70.382689 
1586.085156  	71.286643 
1586.442463  	72.117949 
1586.799770  	72.953488 
1587.157077  	73.545836 
1587.514383  	74.036189 
1587.871690  	74.489238 
1588.228997  	74.921187 
1588.586304  	75.218546 
1588.943611  	75.274014 
1589.300918  	75.325473 
1589.658225  	75.283512 
1590.015531  	75.074679 
1590.372838  	74.895340 
1590.730145  	74.826122 
1591.087452  	74.784851 
1591.444759  	74.413436 
1591.802066  	73.806282 
1592.159373  	73.323496 
1592.516679  	72.790397 
1592.873986  	72.258609 
1593.231293  	71.940232 
1593.588600  	71.684827 
1593.945907  	71.416807 
1594.303214  	71.137525 
1594.660521  	70.989951 
1595.017827  	71.232442 
1595.375134  	71.576721 
1595.732441  	71.837294 
1596.089748  	72.227857 
1596.447055  	72.649236 
1596.804362  	72.955995 
1597.161669  	73.265452 
1597.518975  	73.632871 
1597.876282  	74.007241 
1598.233589  	74.101370 
1598.590896  	74.033318 
1598.948203  	74.158187 
1599.305510  	74.315524 
1599.662817  	74.285739 
1600.020124  	73.945357 
1600.377430  	73.546953 
1600.734737  	73.331867 
1601.092044  	73.067013 
1601.449351  	72.736708 
1601.806658  	72.352057 
1602.163965  	71.928609 
1602.521272  	71.485351 
1602.878578  	70.933542 
1603.235885  	70.276834 
1603.593192  	69.471356 
1603.950499  	68.865253 
1604.307806  	68.560360 
1604.665113  	68.190537 
1605.022420  	67.578209 
1605.379726  	66.757915 
1605.737033  	66.128164 
1606.094340  	65.757208 
1606.451647  	65.393256 
1606.808954  	64.947065 
1607.166261  	64.240375 
1607.523568  	63.521208 
1607.880874  	62.906798 
1608.238181  	62.208019 
1608.595488  	61.518505 
1608.952795  	60.940233 
1609.310102  	60.118564 
1609.667409  	58.554067 
1610.024716  	57.396792 
1610.382022  	56.895362 
1610.739329  	56.110516 
1611.096636  	55.137159 
1611.453943  	54.096531 
1611.811250  	53.011729 
1612.168557  	51.936102 
1612.525864  	50.832708 
1612.883171  	49.826005 
1613.240477  	48.586299 
1613.597784  	47.284655 
1613.955091  	46.191487 
1614.312398  	45.083795 
1614.669705  	43.932229 
1615.027012  	42.658026 
1615.384319  	41.379847 
1615.741625  	40.165514 
1616.098932  	39.532561 
1616.456239  	39.965584 
1616.813546  	37.672752 
1617.170853  	33.960199 
1617.528160  	33.722290 
1617.885467  	33.541160 
1618.242773  	33.318314 
1618.600080  	33.074145 
1618.957387  	32.683195 
1619.314694  	32.384632 
1619.672001  	32.434801 
1620.029308  	32.873096 
1620.386615  	33.725687 
1620.743921  	34.724625 
1621.101228  	35.596838 
1621.458535  	36.493671 
1621.815842  	37.725976 
1622.173149  	39.451606 
1622.530456  	41.236578 
1622.887763  	42.781144 
1623.245069  	44.475721 
1623.602376  	46.704368 
1623.959683  	48.785933 
1624.316990  	50.285116 
1624.674297  	51.682491 
1625.031604  	52.907385 
1625.388911  	54.091766 
1625.746218  	55.100664 
1626.103524  	55.809479 
1626.460831  	56.547429 
1626.818138  	57.021067 
1627.175445  	57.279373 
1627.532752  	57.805876 
1627.890059  	57.645732 
1628.247366  	57.009731 
1628.604672  	57.270091 
1628.961979  	57.271201 
1629.319286  	56.915718 
1629.676593  	56.610691 
1630.033900  	56.219890 
1630.391207  	55.707300 
1630.748514  	55.097534 
1631.105820  	54.488717 
1631.463127  	53.685771 
1631.820434  	52.846954 
1632.177741  	52.115145 
1632.535048  	51.159909 
1632.892355  	50.295888 
1633.249662  	49.414977 
1633.606968  	48.412022 
1633.964275  	47.377602 
1634.321582  	46.400521 
1634.678889  	46.015611 
1635.036196  	45.343648 
1635.393503  	43.542914 
1635.750810  	41.221933 
1636.108116  	38.802234 
1636.465423  	37.957195 
1636.822730  	37.303339 
1637.180037  	36.758321 
1637.537344  	35.557778 
1637.894651  	33.483770 
1638.251958  	32.651500 
1638.609265  	31.745057 
1638.966571  	30.684302 
1639.323878  	29.780241 
1639.681185  	28.772064 
1640.038492  	28.014423 
1640.395799  	27.159460 
1640.753106  	26.360957 
1641.110413  	25.679024 
1641.467719  	25.050610 
1641.825026  	24.665193 
1642.182333  	24.266433 
1642.539640  	24.033777 
1642.896947  	23.691146 
1643.254254  	23.458200 
1643.611561  	23.597994 
1643.968867  	23.729367 
1644.326174  	23.945019 
1644.683481  	24.090935 
1645.040788  	24.460153 
1645.398095  	25.362916 
1645.755402  	26.938388 
1646.112709  	28.247950 
1646.470015  	27.911899 
1646.827322  	29.017579 
1647.184629  	30.322573 
1647.541936  	31.588035 
1647.899243  	33.217199 
1648.256550  	34.282564 
1648.613857  	35.300198 
1648.971163  	36.467256 
1649.328470  	37.718318 
1649.685777  	38.850213 
1650.043084  	39.661284 
1650.400391  	40.434233 
1650.757698  	41.019111 
1651.115005  	41.540226 
1651.472312  	41.948914 
1651.829618  	42.270465 
1652.186925  	43.155014 
1652.544232  	43.521188 
1652.901539  	42.453737 
1653.258846  	42.619644 
1653.616153  	40.057723 
1653.973460  	39.885551 
1654.330766  	39.637673 
1654.688073  	37.108059 
1655.045380  	35.252878 
1655.402687  	34.419185 
1655.759994  	33.112876 
1656.117301  	31.558675 
1656.474608  	30.075534 
1656.831914  	28.361913 
1657.189221  	26.637139 
1657.546528  	25.136254 
1657.903835  	23.699569 
1658.261142  	22.251034 
1658.618449  	20.904573 
1658.975756  	19.816977 
1659.333062  	18.896040 
1659.690369  	18.331484 
1660.047676  	17.941915 
1660.404983  	17.413611 
1660.762290  	17.093807 
1661.119597  	17.026232 
1661.476904  	17.247720 
1661.834210  	17.557212 
1662.191517  	17.975839 
1662.548824  	18.869243 
1662.906131  	19.759831 
1663.263438  	20.732831 
1663.620745  	21.859674 
1663.978052  	23.079345 
1664.335359  	24.399513 
1664.692665  	25.517392 
1665.049972  	26.823311 
1665.407279  	28.327276 
1665.764586  	29.968486 
1666.121893  	31.759604 
1666.479200  	33.399528 
1666.836507  	35.087406 
1667.193813  	36.695877 
1667.551120  	38.322924 
1667.908427  	40.134448 
1668.265734  	41.868562 
1668.623041  	43.466230 
1668.980348  	44.879712 
1669.337655  	47.377788 
1669.694961  	50.426446 
1670.052268  	51.510444 
1670.409575  	52.830679 
1670.766882  	54.303618 
1671.124189  	55.862640 
1671.481496  	57.793003 
1671.838803  	59.620074 
1672.196109  	61.023831 
1672.553416  	62.414116 
1672.910723  	63.867226 
1673.268030  	65.200759 
1673.625337  	66.447110 
1673.982644  	67.702497 
1674.339951  	68.918908 
1674.697257  	70.008705 
1675.054564  	70.712244 
1675.411871  	71.704124 
1675.769178  	73.586286 
1676.126485  	74.463381 
1676.483792  	75.159501 
1676.841099  	76.074617 
1677.198405  	76.901337 
1677.555712  	77.319354 
1677.913019  	77.940088 
1678.270326  	78.900818 
1678.627633  	79.616881 
1678.984940  	80.043499 
1679.342247  	80.330730 
1679.699554  	80.717588 
1680.056860  	81.454357 
1680.414167  	82.192375 
1680.771474  	82.512915 
1681.128781  	82.753750 
1681.486088  	83.200141 
1681.843395  	83.628280 
1682.200702  	83.944770 
1682.558008  	84.269747 
1682.915315  	84.685923 
1683.272622  	85.227314 
1683.629929  	85.554170 
1683.987236  	85.683761 
1684.344543  	85.478378 
1684.701850  	85.836528 
1685.059156  	86.936195 
1685.416463  	86.490055 
1685.773770  	86.774895 
1686.131077  	87.473336 
1686.488384  	87.897522 
1686.845691  	88.212501 
1687.202998  	88.550830 
1687.560304  	88.879007 
1687.917611  	89.308563 
1688.274918  	89.727026 
1688.632225  	89.867454 
1688.989532  	89.975815 
1689.346839  	90.285263 
1689.704146  	90.493873 
1690.061452  	90.732705 
1690.418759  	91.228728 
1690.776066  	91.470912 
1691.133373  	91.703990 
1691.490680  	91.977199 
1691.847987  	91.951195 
1692.205294  	92.021846 
1692.562601  	92.471474 
1692.919907  	92.745773 
1693.277214  	92.772482 
1693.634521  	92.986550 
1693.991828  	93.063114 
1694.349135  	93.042778 
1694.706442  	93.371607 
1695.063749  	93.622613 
1695.421055  	93.830768 
1695.778362  	95.339085 
1696.135669  	95.842031 
1696.492976  	94.830913 
1696.850283  	94.281643 
1697.207590  	94.082349 
1697.564897  	94.023380 
1697.922203  	93.971928 
1698.279510  	94.094262 
1698.636817  	94.318467 
1698.994124  	94.639309 
1699.351431  	94.896808 
1699.708738  	94.949412 
1700.066045  	93.461155 
1700.423351  	90.014413 
1700.780658  	95.241773 
1701.137965  	95.910901 
1701.495272  	94.920706 
1701.852579  	94.795779 
1702.209886  	95.079239 
1702.567193  	95.304229 
1702.924499  	95.336277 
1703.281806  	95.358762 
1703.639113  	95.420096 
1703.996420  	95.370067 
1704.353727  	95.521289 
1704.711034  	95.769470 
1705.068341  	95.535607 
1705.425648  	95.345072 
1705.782954  	95.310928 
1706.140261  	95.345180 
1706.497568  	95.376197 
1706.854875  	95.394173 
1707.212182  	95.423537 
1707.569489  	95.552538 
1707.926796  	95.640502 
1708.284102  	95.522193 
1708.641409  	95.437346 
1708.998716  	95.398442 
1709.356023  	95.344737 
1709.713330  	95.454585 
1710.070637  	95.507296 
1710.427944  	95.304650 
1710.785250  	95.331144 
1711.142557  	95.598916 
1711.499864  	95.566164 
1711.857171  	95.370983 
1712.214478  	95.462672 
1712.571785  	95.519292 
1712.929092  	95.520461 
1713.286398  	95.617633 
1713.643705  	95.585821 
1714.001012  	95.523260 
1714.358319  	95.377294 
1714.715626  	95.251502 
1715.072933  	95.245591 
1715.430240  	95.257932 
1715.787546  	95.640440 
1716.144853  	95.936891 
1716.502160  	95.888596 
1716.859467  	95.673674 
1717.216774  	95.245364 
1717.574081  	94.869560 
1717.931388  	95.480816 
1718.288695  	95.850087 
1718.646001  	95.828956 
1719.003308  	95.548915 
1719.360615  	95.640249 
1719.717922  	95.684252 
1720.075229  	95.577860 
1720.432536  	95.680512 
1720.789843  	95.887190 
1721.147149  	95.819681 
1721.504456  	95.657317 
1721.861763  	95.723099 
1722.219070  	96.045372 
1722.576377  	96.204277 
1722.933684  	95.938978 
1723.290991  	95.821443 
1723.648297  	95.994816 
1724.005604  	96.188898 
1724.362911  	96.495314 
1724.720218  	96.422308 
1725.077525  	96.148155 
1725.434832  	96.129010 
1725.792139  	95.960959 
1726.149445  	96.072413 
1726.506752  	96.440095 
1726.864059  	96.435655 
1727.221366  	96.543667 
1727.578673  	96.628174 
1727.935980  	96.417759 
1728.293287  	96.376604 
1728.650593  	96.576237 
1729.007900  	96.884275 
1729.365207  	96.928395 
1729.722514  	96.848304 
1730.079821  	97.166160 
1730.437128  	97.298266 
1730.794435  	97.360475 
1731.151742  	97.320881 
1731.509048  	97.065496 
1731.866355  	97.252290 
1732.223662  	97.501128 
1732.580969  	97.292270 
1732.938276  	97.133963 
1733.295583  	96.920494 
1733.652890  	96.792210 
1734.010196  	97.454197 
1734.367503  	98.008360 
1734.724810  	98.188536 
1735.082117  	98.187155 
1735.439424  	98.153871 
1735.796731  	98.025490 
1736.154038  	98.012762 
1736.511344  	97.985062 
1736.868651  	97.795528 
1737.225958  	97.685871 
1737.583265  	97.781568 
1737.940572  	98.144669 
1738.297879  	98.262785 
1738.655186  	97.991737 
1739.012492  	98.051190 
1739.369799  	98.212967 
1739.727106  	98.099019 
1740.084413  	98.461407 
1740.441720  	98.415821 
1740.799027  	98.189855 
1741.156334  	98.315943 
1741.513640  	98.433321 
1741.870947  	98.447191 
1742.228254  	98.600690 
1742.585561  	98.669075 
1742.942868  	98.428435 
1743.300175  	98.108286 
1743.657482  	98.105202 
1744.014789  	98.154565 
1744.372095  	98.022950 
1744.729402  	98.110588 
1745.086709  	98.428860 
1745.444016  	98.388235 
1745.801323  	98.243571 
1746.158630  	98.568562 
1746.515937  	98.902843 
1746.873243  	98.760409 
1747.230550  	98.412189 
1747.587857  	98.224118 
1747.945164  	98.276111 
1748.302471  	98.754992 
1748.659778  	99.210462 
1749.017085  	98.802898 
1749.374391  	98.443465 
1749.731698  	98.567594 
1750.089005  	98.833076 
1750.446312  	98.948005 
1750.803619  	98.756652 
1751.160926  	98.461099 
1751.518233  	98.458847 
1751.875539  	98.580527 
1752.232846  	98.453581 
1752.590153  	98.372056 
1752.947460  	98.508344 
1753.304767  	98.455422 
1753.662074  	98.497885 
1754.019381  	98.876566 
1754.376687  	99.045901 
1754.733994  	98.919878 
1755.091301  	98.767364 
1755.448608  	98.722909 
1755.805915  	98.563633 
1756.163222  	98.310698 
1756.520529  	98.336823 
1756.877835  	98.431356 
1757.235142  	98.512979 
1757.592449  	98.715121 
1757.949756  	98.890000 
1758.307063  	98.767736 
1758.664370  	98.287563 
1759.021677  	98.096216 
1759.378984  	98.198460 
1759.736290  	98.417930 
1760.093597  	98.650362 
1760.450904  	98.425113 
1760.808211  	98.249189 
1761.165518  	98.516936 
1761.522825  	98.872875 
1761.880132  	98.762890 
1762.237438  	97.974236 
1762.594745  	97.936527 
1762.952052  	98.119865 
1763.309359  	98.329086 
1763.666666  	98.663717 
1764.023973  	98.755609 
1764.381280  	98.714959 
1764.738586  	98.494549 
1765.095893  	98.319909 
1765.453200  	98.402621 
1765.810507  	97.963522 
1766.167814  	97.542087 
1766.525121  	97.794339 
1766.882428  	97.933738 
1767.239734  	97.765868 
1767.597041  	97.570562 
1767.954348  	97.442925 
1768.311655  	97.673351 
1768.668962  	97.945353 
1769.026269  	97.838159 
1769.383576  	97.772172 
1769.740882  	98.017409 
1770.098189  	98.197439 
1770.455496  	98.103144 
1770.812803  	98.097294 
1771.170110  	98.164383 
1771.527417  	98.203906 
1771.884724  	98.450580 
1772.242031  	98.376620 
1772.599337  	97.705289 
1772.956644  	98.114589 
1773.313951  	98.714478 
1773.671258  	98.606526 
1774.028565  	99.016995 
1774.385872  	99.300664 
1774.743179  	98.802754 
1775.100485  	98.413734 
1775.457792  	98.399098 
1775.815099  	98.352527 
1776.172406  	98.288558 
1776.529713  	98.396357 
1776.887020  	98.588058 
1777.244327  	98.621015 
1777.601633  	98.802967 
1777.958940  	99.052463 
1778.316247  	98.732718 
1778.673554  	98.449006 
1779.030861  	98.654488 
1779.388168  	98.651175 
1779.745475  	98.627483 
1780.102781  	98.869421 
1780.460088  	98.856510 
1780.817395  	98.613531 
1781.174702  	98.555092 
1781.532009  	98.569087 
1781.889316  	98.616602 
1782.246623  	98.616704 
1782.603929  	98.564045 
1782.961236  	98.496107 
1783.318543  	98.392054 
1783.675850  	98.421306 
1784.033157  	98.655803 
1784.390464  	98.762266 
1784.747771  	98.498672 
1785.105078  	98.271766 
1785.462384  	98.383446 
1785.819691  	98.544106 
1786.176998  	98.778273 
1786.534305  	98.670325 
1786.891612  	98.162374 
1787.248919  	98.049945 
1787.606226  	98.393581 
1787.963532  	98.611152 
1788.320839  	98.627145 
1788.678146  	98.642018 
1789.035453  	98.679774 
1789.392760  	98.823322 
1789.750067  	98.916549 
1790.107374  	98.711509 
1790.464680  	98.539946 
1790.821987  	98.206185 
1791.179294  	97.541247 
1791.536601  	97.752627 
1791.893908  	98.116528 
1792.251215  	98.097113 
1792.608522  	98.028903 
1792.965828  	97.894377 
1793.323135  	98.140568 
1793.680442  	98.465886 
1794.037749  	98.601164 
1794.395056  	98.605076 
1794.752363  	98.295399 
1795.109670  	97.893732 
1795.466976  	97.806225 
1795.824283  	97.813562 
1796.181590  	98.064373 
1796.538897  	98.480198 
1796.896204  	98.407634 
1797.253511  	98.205674 
1797.610818  	98.291288 
1797.968125  	98.257562 
1798.325431  	98.016771 
1798.682738  	97.853958 
1799.040045  	97.809371 
1799.397352  	98.036672 
1799.754659  	98.198140 
1800.111966  	97.743907 
1800.469273  	97.541321 
1800.826579  	97.658552 
1801.183886  	97.871685 
1801.541193  	98.081696 
1801.898500  	98.063671 
1802.255807  	98.018718 
1802.613114  	97.861893 
1802.970421  	97.852531 
1803.327727  	98.257797 
1803.685034  	98.239784 
1804.042341  	98.013896 
1804.399648  	98.243613 
1804.756955  	98.296907 
1805.114262  	98.194768 
1805.471569  	98.243745 
1805.828875  	98.003587 
1806.186182  	97.681726 
1806.543489  	97.809907 
1806.900796  	98.095141 
1807.258103  	98.066993 
1807.615410  	98.124318 
1807.972717  	98.261323 
1808.330023  	98.069363 
1808.687330  	98.080133 
1809.044637  	98.176936 
1809.401944  	98.210768 
1809.759251  	98.427739 
1810.116558  	98.164415 
1810.473865  	97.820212 
1810.831172  	98.499823 
1811.188478  	98.643863 
1811.545785  	98.052665 
1811.903092  	98.048812 
1812.260399  	98.401468 
1812.617706  	98.472246 
1812.975013  	98.432998 
1813.332320  	98.366552 
1813.689626  	98.148958 
1814.046933  	97.761340 
1814.404240  	97.786146 
1814.761547  	98.351285 
1815.118854  	98.548403 
1815.476161  	98.550491 
1815.833468  	98.613198 
1816.190774  	98.231157 
1816.548081  	97.906914 
1816.905388  	98.044640 
1817.262695  	98.425551 
1817.620002  	98.717568 
1817.977309  	98.586227 
1818.334616  	98.467622 
1818.691922  	98.479467 
1819.049229  	98.412553 
1819.406536  	98.274570 
1819.763843  	98.293728 
1820.121150  	98.647994 
1820.478457  	98.879469 
1820.835764  	98.913729 
1821.193070  	98.722681 
1821.550377  	98.128406 
1821.907684  	97.975798 
1822.264991  	98.423283 
1822.622298  	98.775660 
1822.979605  	98.949742 
1823.336912  	98.989251 
1823.694219  	98.927136 
1824.051525  	98.690678 
1824.408832  	98.391338 
1824.766139  	98.459803 
1825.123446  	98.697749 
1825.480753  	98.820300 
1825.838060  	99.075191 
1826.195367  	98.959798 
1826.552673  	98.607213 
1826.909980  	98.582709 
1827.267287  	98.631643 
1827.624594  	98.692874 
1827.981901  	98.815723 
1828.339208  	98.723469 
1828.696515  	98.837864 
1829.053821  	98.770494 
1829.411128  	98.137640 
1829.768435  	98.175278 
1830.125742  	98.262273 
1830.483049  	98.172589 
1830.840356  	98.477445 
1831.197663  	98.374609 
1831.554969  	98.312154 
1831.912276  	98.580551 
1832.269583  	98.942360 
1832.626890  	99.451969 
1832.984197  	99.276350 
1833.341504  	98.428421 
1833.698811  	98.535030 
1834.056117  	99.194016 
1834.413424  	98.733430 
1834.770731  	97.835987 
1835.128038  	97.951750 
1835.485345  	98.277605 
1835.842652  	98.033549 
1836.199959  	98.122735 
1836.557265  	98.488413 
1836.914572  	98.539720 
1837.271879  	98.645998 
1837.629186  	98.655591 
1837.986493  	98.612222 
1838.343800  	98.827656 
1838.701107  	98.706374 
1839.058414  	98.366636 
1839.415720  	98.353472 
1839.773027  	98.437978 
1840.130334  	98.516065 
1840.487641  	98.502769 
1840.844948  	98.307603 
1841.202255  	98.135477 
1841.559562  	98.262965 
1841.916868  	98.739413 
1842.274175  	99.099798 
1842.631482  	98.998857 
1842.988789  	98.634908 
1843.346096  	98.395688 
1843.703403  	98.260378 
1844.060710  	97.605830 
1844.418016  	97.171826 
1844.775323  	97.615318 
1845.132630  	97.463883 
1845.489937  	97.665321 
1845.847244  	98.230290 
1846.204551  	98.400463 
1846.561858  	98.475214 
1846.919164  	98.742419 
1847.276471  	98.972868 
1847.633778  	98.517190 
1847.991085  	97.670290 
1848.348392  	98.045129 
1848.705699  	98.655185 
1849.063006  	98.567043 
1849.420312  	98.853869 
1849.777619  	99.265790 
1850.134926  	98.908478 
1850.492233  	98.524834 
1850.849540  	98.638721 
1851.206847  	98.734551 
1851.564154  	98.735289 
1851.921461  	98.863222 
1852.278767  	98.673722 
1852.636074  	98.452425 
1852.993381  	98.747426 
1853.350688  	98.872138 
1853.707995  	99.183638 
1854.065302  	99.715175 
1854.422609  	99.163885 
1854.779915  	98.480369 
1855.137222  	98.567666 
1855.494529  	98.786058 
1855.851836  	99.183147 
1856.209143  	99.396380 
1856.566450  	99.041527 
1856.923757  	98.632977 
1857.281063  	98.536121 
1857.638370  	98.639508 
1857.995677  	98.463246 
1858.352984  	97.965870 
1858.710291  	97.677029 
1859.067598  	97.951086 
1859.424905  	98.643418 
1859.782211  	99.028459 
1860.139518  	98.876828 
1860.496825  	98.969610 
1860.854132  	99.147692 
1861.211439  	98.736748 
1861.568746  	98.584726 
1861.926053  	98.845791 
1862.283359  	98.531530 
1862.640666  	98.332650 
1862.997973  	98.847415 
1863.355280  	99.096459 
1863.712587  	98.715049 
1864.069894  	98.664891 
1864.427201  	99.201882 
1864.784508  	99.308344 
1865.141814  	98.969872 
1865.499121  	99.029130 
1865.856428  	99.460494 
1866.213735  	99.907220 
1866.571042  	100.034975 
1866.928349  	99.402035 
1867.285656  	98.507897 
1867.642962  	98.633417 
1868.000269  	99.731596 
1868.357576  	99.765878 
1868.714883  	99.165440 
1869.072190  	98.938663 
1869.429497  	98.887565 
1869.786804  	99.154601 
1870.144110  	99.394401 
1870.501417  	98.908039 
1870.858724  	98.173064 
1871.216031  	98.599469 
1871.573338  	99.063283 
1871.930645  	98.786063 
1872.287952  	99.002928 
1872.645258  	98.854122 
1873.002565  	97.986930 
1873.359872  	97.892423 
1873.717179  	98.308616 
1874.074486  	98.192947 
1874.431793  	98.062961 
1874.789100  	98.546071 
1875.146406  	98.519933 
1875.503713  	98.266311 
1875.861020  	98.585607 
1876.218327  	98.308299 
1876.575634  	97.899309 
1876.932941  	98.136634 
1877.290248  	98.902328 
1877.647555  	99.295197 
1878.004861  	98.396452 
1878.362168  	98.270006 
1878.719475  	98.778358 
1879.076782  	98.701185 
1879.434089  	98.963338 
1879.791396  	98.705944 
1880.148703  	98.451532 
1880.506009  	98.697678 
1880.863316  	98.574451 
1881.220623  	99.015103 
1881.577930  	99.369767 
1881.935237  	98.968505 
1882.292544  	98.618149 
1882.649851  	98.563456 
1883.007157  	98.796661 
1883.364464  	98.641852 
1883.721771  	98.359550 
1884.079078  	98.438284 
1884.436385  	98.280572 
1884.793692  	97.564086 
1885.150999  	97.115089 
1885.508305  	97.848821 
1885.865612  	98.433026 
1886.222919  	98.146429 
1886.580226  	98.071353 
1886.937533  	98.193418 
1887.294840  	98.120490 
1887.652147  	97.838638 
1888.009453  	97.772582 
1888.366760  	98.016161 
1888.724067  	98.685691 
1889.081374  	99.468953 
1889.438681  	98.821447 
1889.795988  	98.332295 
1890.153295  	98.963030 
1890.510602  	98.436387 
1890.867908  	98.094729 
1891.225215  	98.568650 
1891.582522  	98.699167 
1891.939829  	98.020875 
1892.297136  	97.270794 
1892.654443  	97.650212 
1893.011750  	98.667351 
1893.369056  	99.043918 
1893.726363  	98.442582 
1894.083670  	97.953059 
1894.440977  	98.470130 
1894.798284  	99.110447 
1895.155591  	99.272691 
1895.512898  	98.911331 
1895.870204  	98.785175 
1896.227511  	99.047781 
1896.584818  	98.604174 
1896.942125  	98.077243 
1897.299432  	98.405431 
1897.656739  	99.045094 
1898.014046  	99.296518 
1898.371352  	99.154221 
1898.728659  	99.111143 
1899.085966  	98.955856 
1899.443273  	98.790164 
1899.800580  	98.819766 
1900.157887  	98.818564 
1900.515194  	98.842009 
1900.872500  	98.636175 
1901.229807  	98.892151 
1901.587114  	99.653169 
1901.944421  	99.377908 
1902.301728  	98.903792 
1902.659035  	99.352500 
1903.016342  	99.347188 
1903.373649  	98.680648 
1903.730955  	98.652252 
1904.088262  	98.643385 
1904.445569  	98.419764 
1904.802876  	98.702099 
1905.160183  	98.302956 
1905.517490  	98.016753 
1905.874797  	99.065428 
1906.232103  	99.687587 
1906.589410  	99.471074 
1906.946717  	98.935680 
1907.304024  	98.775174 
1907.661331  	99.188825 
1908.018638  	98.794527 
1908.375945  	98.864513 
1908.733251  	99.700016 
1909.090558  	99.632080 
1909.447865  	99.843223 
1909.805172  	99.842648 
1910.162479  	98.602368 
1910.519786  	98.647151 
1910.877093  	99.342944 
1911.234399  	99.245789 
1911.591706  	99.648680 
1911.949013  	99.870710 
1912.306320  	98.892957 
1912.663627  	98.368226 
1913.020934  	98.912116 
1913.378241  	99.201002 
1913.735547  	98.622028 
1914.092854  	98.207764 
1914.450161  	98.249196 
1914.807468  	97.818507 
1915.164775  	97.421895 
1915.522082  	97.797088 
1915.879389  	98.775187 
1916.236696  	99.572542 
1916.594002  	99.530551 
1916.951309  	99.530121 
1917.308616  	99.073990 
1917.665923  	97.870085 
1918.023230  	98.692192 
1918.380537  	99.973081 
1918.737844  	98.406404 
1919.095150  	97.456997 
1919.452457  	97.828690 
1919.809764  	98.152307 
1920.167071  	98.403116 
1920.524378  	99.036509 
1920.881685  	99.284215 
1921.238992  	99.053823 
1921.596298  	98.668877 
1921.953605  	97.969731 
1922.310912  	97.911488 
1922.668219  	98.269556 
1923.025526  	97.867115 
1923.382833  	97.691794 
1923.740140  	98.191021 
1924.097446  	98.897455 
1924.454753  	99.103340 
1924.812060  	98.232067 
1925.169367  	97.446512 
1925.526674  	97.602700 
1925.883981  	98.246742 
1926.241288  	98.332051 
1926.598594  	97.998925 
1926.955901  	98.263220 
1927.313208  	98.816415 
1927.670515  	99.189998 
1928.027822  	98.768612 
1928.385129  	97.999669 
1928.742436  	97.896175 
1929.099742  	97.962717 
1929.457049  	98.596780 
1929.814356  	98.559696 
1930.171663  	97.374322 
1930.528970  	97.994290 
1930.886277  	98.910996 
1931.243584  	98.579801 
1931.600891  	98.480504 
1931.958197  	98.532525 
1932.315504  	99.218327 
1932.672811  	98.479458 
1933.030118  	96.614229 
1933.387425  	97.702717 
1933.744732  	98.904275 
1934.102039  	97.732881 
1934.459345  	97.395228 
1934.816652  	98.634951 
1935.173959  	99.334601 
1935.531266  	99.214867 
1935.888573  	99.565613 
1936.245880  	99.379726 
1936.603187  	98.979581 
1936.960493  	99.438781 
1937.317800  	99.133776 
1937.675107  	98.754619 
1938.032414  	99.097930 
1938.389721  	98.987743 
1938.747028  	98.032891 
1939.104335  	97.498819 
1939.461641  	99.239677 
1939.818948  	100.346980 
1940.176255  	99.093905 
1940.533562  	98.454560 
1940.890869  	98.543056 
1941.248176  	99.278387 
1941.605483  	99.509878 
1941.962789  	98.007601 
1942.320096  	97.788284 
1942.677403  	98.615802 
1943.034710  	98.130834 
1943.392017  	98.173906 
1943.749324  	99.485593 
1944.106631  	100.520078 
1944.463938  	99.535132 
1944.821244  	98.198359 
1945.178551  	97.685003 
1945.535858  	98.072380 
1945.893165  	98.966713 
1946.250472  	98.384792 
1946.607779  	98.419793 
1946.965086  	99.711981 
1947.322392  	98.874536 
1947.679699  	98.060491 
1948.037006  	98.806603 
1948.394313  	99.528975 
1948.751620  	100.687564 
1949.108927  	100.316473 
1949.466234  	97.941447 
1949.823540  	97.859739 
1950.180847  	99.538276 
1950.538154  	99.514075 
1950.895461  	98.912128 
1951.252768  	99.088154 
1951.610075  	99.143960 
1951.967382  	98.820590 
1952.324688  	98.771029 
1952.681995  	99.445379 
1953.039302  	100.097185 
1953.396609  	100.091114 
1953.753916  	99.817807 
1954.111223  	99.722930 
1954.468530  	99.867692 
1954.825836  	99.436149 
1955.183143  	97.855926 
1955.540450  	96.717755 
1955.897757  	97.349698 
1956.255064  	98.537195 
1956.612371  	99.212373 
1956.969678  	99.210984 
1957.326985  	98.821592 
1957.684291  	99.221943 
1958.041598  	99.241009 
1958.398905  	97.947764 
1958.756212  	96.621582 
1959.113519  	95.996936 
1959.470826  	97.609758 
1959.828133  	99.012003 
1960.185439  	97.952231 
1960.542746  	98.213562 
1960.900053  	99.428814 
1961.257360  	99.836056 
1961.614667  	100.017339 
1961.971974  	99.581649 
1962.329281  	99.026101 
1962.686587  	98.278661 
1963.043894  	98.423804 
1963.401201  	98.134609 
1963.758508  	96.721950 
1964.115815  	97.599401 
1964.473122  	97.978400 
1964.830429  	97.961379 
1965.187735  	100.333743 
1965.545042  	100.310887 
1965.902349  	97.324302 
1966.259656  	95.023985 
1966.616963  	95.600937 
1966.974270  	96.888314 
1967.331577  	94.973070 
1967.688883  	93.126102 
1968.046190  	93.127949 
1968.403497  	94.889567 
1968.760804  	98.326425 
1969.118111  	99.352856 
1969.475418  	99.365819 
1969.832725  	99.477567 
1970.190032  	98.345592 
1970.547338  	96.864620 
1970.904645  	94.490893 
1971.261952  	93.922063 
1971.619259  	95.686103 
1971.976566  	97.308846 
1972.333873  	98.050974 
1972.691180  	96.228507 
1973.048486  	95.621744 
1973.405793  	97.727386 
1973.763100  	98.930991 
1974.120407  	100.591069 
1974.477714  	100.997603 
1974.835021  	98.579106 
1975.192328  	97.203365 
1975.549634  	97.064450 
1975.906941  	98.288819 
1976.264248  	101.080025 
1976.621555  	100.915450 
1976.978862  	97.383162 
1977.336169  	95.407313 
1977.693476  	95.408508 
1978.050782  	97.033610 
1978.408089  	99.894802 
1978.765396  	99.986099 
1979.122703  	98.923521 
1979.480010  	99.461541 
1979.837317  	97.960898 
1980.194624  	95.003199 
1980.551930  	95.626575 
1980.909237  	98.983132 
1981.266544  	100.088916 
1981.623851  	99.565264 
1981.981158  	98.983940 
1982.338465  	96.990751 
1982.695772  	97.466565 
1983.053079  	101.407679 
1983.410385  	101.909603 
1983.767692  	99.890116 
1984.124999  	100.534096 
1984.482306  	100.446508 
1984.839613  	97.620050 
1985.196920  	96.602504 
1985.554227  	98.299445 
1985.911533  	98.963472 
1986.268840  	98.146657 
1986.626147  	98.343143 
1986.983454  	100.480059 
1987.340761  	102.008392 
1987.698068  	100.047810 
1988.055375  	97.200767 
1988.412681  	96.360207 
1988.769988  	96.188466 
1989.127295  	96.450367 
1989.484602  	98.324170 
1989.841909  	99.462972 
1990.199216  	98.609602 
1990.556523  	98.849972 
1990.913829  	99.862816 
1991.271136  	99.309885 
1991.628443  	98.792188 
1991.985750  	99.100217 
1992.343057  	99.063712 
1992.700364  	98.291365 
1993.057671  	96.571291 
1993.414977  	94.924113 
1993.772284  	94.448590 
1994.129591  	95.606599 
1994.486898  	97.557237 
1994.844205  	98.686047 
1995.201512  	99.381984 
1995.558819  	100.432848 
1995.916126  	101.035787 
1996.273432  	100.971771 
1996.630739  	100.419584 
1996.988046  	99.298444 
1997.345353  	99.276257 
1997.702660  	100.354728 
1998.059967  	100.028172 
1998.417274  	99.608839 
1998.774580  	99.373106 
1999.131887  	98.154479 
1999.489194  	98.347606 
1999.846501  	99.207036 
2000.203808  	99.754648 
2000.561115  	100.689291 
2000.918422  	100.160522 
2001.275728  	98.988298 
2001.633035  	97.956324 
2001.990342  	96.527543 
2002.347649  	96.463669 
2002.704956  	97.034075 
2003.062263  	96.565872 
2003.419570  	97.740791 
2003.776876  	101.340207 
2004.134183  	101.308413 
2004.491490  	98.044186 
2004.848797  	98.166759 
2005.206104  	99.389965 
2005.563411  	99.113286 
2005.920718  	98.766988 
2006.278024  	98.515494 
2006.635331  	99.753465 
2006.992638  	100.692129 
2007.349945  	100.616211 
2007.707252  	100.941141 
2008.064559  	99.977016 
2008.421866  	99.271902 
2008.779172  	98.877070 
2009.136479  	98.505615 
2009.493786  	99.135027 
2009.851093  	98.224555 
2010.208400  	97.906229 
2010.565707  	99.355086 
2010.923014  	99.052718 
2011.280321  	99.219885 
2011.637627  	100.479831 
2011.994934  	100.042927 
2012.352241  	100.005179 
2012.709548  	101.520733 
2013.066855  	100.971566 
2013.424162  	98.082937 
2013.781469  	96.760795 
2014.138775  	97.995007 
2014.496082  	100.093526 
2014.853389  	101.268317 
2015.210696  	100.486816 
2015.568003  	98.521503 
2015.925310  	97.103305 
2016.282617  	97.099745 
2016.639923  	97.675723 
2016.997230  	99.557383 
2017.354537  	102.597826 
2017.711844  	101.310897 
2018.069151  	96.535395 
2018.426458  	95.477842 
2018.783765  	96.938643 
2019.141071  	96.627101 
2019.498378  	97.698380 
2019.855685  	100.112930 
2020.212992  	100.127378 
2020.570299  	98.778695 
2020.927606  	99.274911 
2021.284913  	101.488493 
2021.642219  	101.216530 
2021.999526  	99.249073 
2022.356833  	97.988403 
2022.714140  	96.088753 
2023.071447  	96.933741 
2023.428754  	100.822447 
2023.786061  	101.519129 
2024.143368  	100.542360 
2024.500674  	98.993973 
2024.857981  	97.574990 
2025.215288  	99.710561 
2025.572595  	101.120462 
2025.929902  	99.321549 
2026.287209  	99.054681 
2026.644516  	99.033858 
2027.001822  	97.756177 
2027.359129  	97.875093 
2027.716436  	98.109281 
2028.073743  	98.952037 
2028.431050  	100.826408 
2028.788357  	100.067921 
2029.145664  	99.751986 
2029.502970  	101.199068 
2029.860277  	100.665196 
2030.217584  	98.877590 
2030.574891  	98.473866 
2030.932198  	99.859442 
2031.289505  	100.184057 
2031.646812  	100.152038 
2032.004118  	100.635036 
2032.361425  	98.415924 
2032.718732  	99.272992 
2033.076039  	101.402588 
2033.433346  	97.843067 
2033.790653  	96.627723 
2034.147960  	97.071303 
2034.505266  	96.200605 
2034.862573  	98.014029 
2035.219880  	98.575007 
2035.577187  	97.605516 
2035.934494  	97.233781 
2036.291801  	96.329143 
2036.649108  	96.340969 
2037.006415  	96.855794 
2037.363721  	98.201500 
2037.721028  	100.068043 
2038.078335  	99.518989 
2038.435642  	98.044926 
2038.792949  	98.144769 
2039.150256  	97.662015 
2039.507563  	95.940638 
2039.864869  	96.473973 
2040.222176  	97.517503 
2040.579483  	97.064513 
2040.936790  	98.323056 
2041.294097  	99.431058 
2041.651404  	98.806933 
2042.008711  	99.168670 
2042.366017  	99.596537 
2042.723324  	99.121157 
2043.080631  	98.904700 
2043.437938  	99.891288 
2043.795245  	100.654512 
2044.152552  	99.177636 
2044.509859  	98.087277 
2044.867165  	98.724670 
2045.224472  	98.748936 
2045.581779  	99.226771 
2045.939086  	100.900818 
2046.296393  	101.279169 
2046.653700  	100.908930 
2047.011007  	99.945436 
2047.368313  	97.163380 
2047.725620  	96.485130 
2048.082927  	99.531819 
2048.440234  	100.853767 
2048.797541  	98.568658 
2049.154848  	96.802741 
2049.512155  	97.362983 
2049.869462  	97.880697 
2050.226768  	97.241195 
2050.584075  	98.083692 
2050.941382  	99.668116 
2051.298689  	98.358074 
2051.655996  	96.950164 
2052.013303  	98.202190 
2052.370610  	99.159957 
2052.727916  	99.504254 
2053.085223  	99.935978 
2053.442530  	98.598163 
2053.799837  	97.892774 
2054.157144  	100.178108 
2054.514451  	101.527346 
2054.871758  	100.554487 
2055.229064  	99.501208 
2055.586371  	98.113678 
2055.943678  	97.600429 
2056.300985  	98.508389 
2056.658292  	97.921972 
2057.015599  	97.356148 
2057.372906  	98.692067 
2057.730212  	99.479751 
2058.087519  	98.880215 
2058.444826  	98.390669 
2058.802133  	99.510019 
2059.159440  	100.212345 
2059.516747  	98.942014 
2059.874054  	98.695189 
2060.231360  	99.205609 
2060.588667  	99.387944 
2060.945974  	98.674381 
2061.303281  	96.710583 
2061.660588  	97.510577 
2062.017895  	99.951302 
2062.375202  	99.063090 
2062.732509  	97.092677 
2063.089815  	97.273625 
2063.447122  	98.455271 
2063.804429  	98.492361 
2064.161736  	98.143822 
2064.519043  	98.861273 
2064.876350  	100.434889 
2065.233657  	101.336103 
2065.590963  	99.405515 
2065.948270  	97.702777 
2066.305577  	98.512286 
2066.662884  	99.292506 
2067.020191  	100.306440 
2067.377498  	100.297394 
2067.734805  	97.881603 
2068.092111  	97.083620 
2068.449418  	98.157095 
2068.806725  	99.083906 
2069.164032  	99.947314 
2069.521339  	99.990904 
2069.878646  	99.455976 
2070.235953  	99.605067 
2070.593259  	100.355382 
2070.950566  	99.835134 
2071.307873  	98.309001 
2071.665180  	98.407235 
2072.022487  	98.983289 
2072.379794  	98.751151 
2072.737101  	98.994502 
2073.094407  	99.164766 
2073.451714  	99.355572 
2073.809021  	100.050356 
2074.166328  	99.783815 
2074.523635  	98.682427 
2074.880942  	98.842292 
2075.238249  	99.869740 
2075.595556  	99.335217 
2075.952862  	98.123473 
2076.310169  	98.042158 
2076.667476  	99.042230 
2077.024783  	100.183191 
2077.382090  	99.355172 
2077.739397  	98.599593 
2078.096704  	100.018189 
2078.454010  	99.716433 
2078.811317  	97.768898 
2079.168624  	97.252022 
2079.525931  	97.802687 
2079.883238  	99.164434 
2080.240545  	100.138970 
2080.597852  	99.392166 
2080.955158  	99.162855 
2081.312465  	100.077247 
2081.669772  	99.354095 
2082.027079  	98.429206 
2082.384386  	99.228497 
2082.741693  	98.966200 
2083.099000  	98.322771 
2083.456306  	98.708147 
2083.813613  	98.351854 
2084.170920  	97.695301 
2084.528227  	97.662219 
2084.885534  	98.262636 
2085.242841  	98.067399 
2085.600148  	97.700836 
2085.957454  	99.359494 
2086.314761  	99.784342 
2086.672068  	99.116297 
2087.029375  	99.822384 
2087.386682  	99.108314 
2087.743989  	97.911395 
2088.101296  	98.322816 
2088.458602  	99.211497 
2088.815909  	99.528513 
2089.173216  	98.589790 
2089.530523  	98.015624 
2089.887830  	98.445702 
2090.245137  	98.532738 
2090.602444  	98.786796 
2090.959751  	99.340299 
2091.317057  	99.101448 
2091.674364  	98.182068 
2092.031671  	97.769672 
2092.388978  	98.620709 
2092.746285  	99.973808 
2093.103592  	99.542903 
2093.460899  	97.742087 
2093.818205  	97.883154 
2094.175512  	99.035052 
2094.532819  	98.900079 
2094.890126  	98.765980 
2095.247433  	99.323949 
2095.604740  	99.465141 
2095.962047  	98.894369 
2096.319353  	98.718846 
2096.676660  	99.097487 
2097.033967  	98.781738 
2097.391274  	98.741424 
2097.748581  	100.057642 
2098.105888  	100.612014 
2098.463195  	99.843253 
2098.820501  	99.329114 
2099.177808  	98.917951 
2099.535115  	99.459187 
2099.892422  	101.024925 
2100.249729  	101.309071 
2100.607036  	100.734961 
2100.964343  	100.174906 
2101.321649  	99.876957 
2101.678956  	99.813013 
2102.036263  	99.355318 
2102.393570  	99.230649 
2102.750877  	98.786609 
2103.108184  	98.695697 
2103.465491  	99.482461 
2103.822798  	99.238285 
2104.180104  	99.948105 
2104.537411  	100.584810 
2104.894718  	99.012195 
2105.252025  	98.254314 
2105.609332  	98.206208 
2105.966639  	98.662932 
2106.323946  	100.000124 
2106.681252  	100.877792 
2107.038559  	101.147008 
2107.395866  	100.218392 
2107.753173  	99.871427 
2108.110480  	100.469822 
2108.467787  	100.106751 
2108.825094  	100.457425 
2109.182400  	101.173339 
2109.539707  	100.996122 
2109.897014  	100.437152 
2110.254321  	99.369102 
2110.611628  	99.053045 
2110.968935  	98.900122 
2111.326242  	98.477774 
2111.683548  	99.880259 
2112.040855  	100.786938 
2112.398162  	99.522947 
2112.755469  	99.000805 
2113.112776  	99.097158 
2113.470083  	98.849284 
2113.827390  	99.200462 
2114.184696  	100.298001 
2114.542003  	101.157495 
2114.899310  	100.267939 
2115.256617  	99.180319 
2115.613924  	99.578357 
2115.971231  	100.245019 
2116.328538  	100.354265 
2116.685845  	99.098507 
2117.043151  	98.576824 
2117.400458  	99.734216 
2117.757765  	99.258823 
2118.115072  	99.326076 
2118.472379  	100.713112 
2118.829686  	99.981495 
2119.186993  	99.129461 
2119.544299  	99.502446 
2119.901606  	99.917829 
2120.258913  	99.849878 
2120.616220  	99.252854 
2120.973527  	99.213646 
2121.330834  	99.469842 
2121.688141  	99.678204 
2122.045447  	99.682989 
2122.402754  	98.794174 
2122.760061  	98.494286 
2123.117368  	99.632822 
2123.474675  	100.336241 
2123.831982  	99.753327 
2124.189289  	98.841253 
2124.546595  	98.804074 
2124.903902  	99.829077 
2125.261209  	99.938441 
2125.618516  	99.346507 
2125.975823  	99.817783 
2126.333130  	99.571045 
2126.690437  	99.362457 
2127.047743  	100.009049 
2127.405050  	98.989746 
2127.762357  	98.252969 
2128.119664  	99.082298 
2128.476971  	99.843376 
2128.834278  	99.940211 
2129.191585  	99.590089 
2129.548892  	100.334283 
2129.906198  	100.777555 
2130.263505  	100.583686 
2130.620812  	101.002364 
2130.978119  	99.857765 
2131.335426  	98.595385 
2131.692733  	98.402062 
2132.050040  	98.593604 
2132.407346  	100.025177 
2132.764653  	100.026912 
2133.121960  	99.371181 
2133.479267  	99.815967 
2133.836574  	98.122013 
2134.193881  	96.967863 
2134.551188  	98.105914 
2134.908494  	98.390735 
2135.265801  	99.014449 
2135.623108  	99.806463 
2135.980415  	99.908852 
2136.337722  	99.846726 
2136.695029  	98.515681 
2137.052336  	98.989375 
2137.409642  	100.840051 
2137.766949  	100.541937 
2138.124256  	100.745808 
2138.481563  	100.591903 
2138.838870  	98.894303 
2139.196177  	97.900132 
2139.553484  	98.603217 
2139.910790  	101.562116 
2140.268097  	101.793754 
2140.625404  	99.475208 
2140.982711  	99.812245 
2141.340018  	100.030498 
2141.697325  	99.050879 
2142.054632  	97.964134 
2142.411939  	97.532260 
2142.769245  	98.897999 
2143.126552  	100.082313 
2143.483859  	100.844120 
2143.841166  	101.378592 
2144.198473  	101.244806 
2144.555780  	100.253142 
2144.913087  	98.717701 
2145.270393  	98.874007 
2145.627700  	99.486316 
2145.985007  	99.129406 
2146.342314  	97.934094 
2146.699621  	96.983871 
2147.056928  	98.689382 
2147.414235  	99.384986 
2147.771541  	97.909346 
2148.128848  	98.026315 
2148.486155  	98.319529 
2148.843462  	97.924051 
2149.200769  	98.646398 
2149.558076  	99.214382 
2149.915383  	98.067340 
2150.272689  	98.612535 
2150.629996  	100.159044 
2150.987303  	97.842961 
2151.344610  	96.357878 
2151.701917  	98.218665 
2152.059224  	98.656167 
2152.416531  	98.729908 
2152.773837  	100.469278 
2153.131144  	101.150830 
2153.488451  	100.737966 
2153.845758  	101.452455 
2154.203065  	100.677613 
2154.560372  	98.644417 
2154.917679  	99.107570 
2155.274986  	99.495620 
2155.632292  	99.499202 
2155.989599  	99.758264 
2156.346906  	98.152029 
2156.704213  	97.055833 
2157.061520  	98.429653 
2157.418827  	100.330320 
2157.776134  	99.688090 
2158.133440  	98.958855 
2158.490747  	100.806142 
2158.848054  	101.514149 
2159.205361  	101.208529 
2159.562668  	98.948721 
2159.919975  	95.501555 
2160.277282  	96.832155 
2160.634588  	99.154395 
2160.991895  	98.717191 
2161.349202  	100.070047 
2161.706509  	102.090710 
2162.063816  	100.726039 
2162.421123  	98.078948 
2162.778430  	98.761164 
2163.135736  	102.426429 
2163.493043  	102.317654 
2163.850350  	98.595818 
2164.207657  	98.757662 
2164.564964  	99.718324 
2164.922271  	98.054402 
2165.279578  	98.683879 
2165.636884  	99.481016 
2165.994191  	98.774024 
2166.351498  	99.930642 
2166.708805  	100.315959 
2167.066112  	98.091476 
2167.423419  	97.079205 
2167.780726  	100.169958 
2168.138032  	102.984650 
2168.495339  	100.461106 
2168.852646  	95.882505 
2169.209953  	95.252580 
2169.567260  	99.917875 
2169.924567  	102.754138 
2170.281874  	100.455431 
2170.639181  	100.447186 
2170.996487  	101.877971 
2171.353794  	100.234911 
2171.711101  	99.367753 
2172.068408  	100.558137 
2172.425715  	100.573850 
2172.783022  	101.085097 
2173.140329  	102.776931 
2173.497635  	101.582027 
2173.854942  	99.308890 
2174.212249  	99.082305 
2174.569556  	99.472251 
2174.926863  	100.141995 
2175.284170  	100.783629 
2175.641477  	100.582590 
2175.998783  	99.567349 
2176.356090  	98.761144 
2176.713397  	98.906489 
2177.070704  	98.916681 
2177.428011  	98.808081 
2177.785318  	98.536968 
2178.142625  	98.518957 
2178.499931  	99.382097 
2178.857238  	98.677553 
2179.214545  	96.775361 
2179.571852  	97.284743 
2179.929159  	99.124217 
2180.286466  	98.232113 
2180.643773  	95.854572 
2181.001079  	96.152840 
2181.358386  	97.500834 
2181.715693  	97.016342 
2182.073000  	97.137712 
2182.430307  	99.500408 
2182.787614  	101.277567 
2183.144921  	100.976766 
2183.502228  	100.116588 
2183.859534  	99.498118 
2184.216841  	99.214015 
2184.574148  	99.064399 
2184.931455  	98.183471 
2185.288762  	97.644202 
2185.646069  	98.344507 
2186.003376  	99.539133 
2186.360682  	101.489203 
2186.717989  	103.369325 
2187.075296  	102.393639 
2187.432603  	100.603076 
2187.789910  	100.948157 
2188.147217  	100.537859 
2188.504524  	99.494504 
2188.861830  	99.867325 
2189.219137  	99.671342 
2189.576444  	98.568828 
2189.933751  	96.880746 
2190.291058  	96.809717 
2190.648365  	99.302872 
2191.005672  	99.198397 
2191.362978  	98.400316 
2191.720285  	100.773340 
2192.077592  	101.047602 
2192.434899  	99.936211 
2192.792206  	100.399123 
2193.149513  	100.204496 
2193.506820  	100.413388 
2193.864126  	99.871932 
2194.221433  	97.694320 
2194.578740  	97.862118 
2194.936047  	99.518252 
2195.293354  	100.212499 
2195.650661  	99.818936 
2196.007968  	98.650858 
2196.365275  	99.131018 
2196.722581  	100.518879 
2197.079888  	100.310419 
2197.437195  	98.960012 
2197.794502  	98.746141 
2198.151809  	100.593899 
2198.509116  	100.860631 
2198.866423  	98.808600 
2199.223729  	98.166537 
2199.581036  	98.920799 
2199.938343  	99.290788 
2200.295650  	99.375768 
2200.652957  	99.958251 
2201.010264  	99.432158 
2201.367571  	98.847234 
2201.724877  	100.587601 
2202.082184  	100.355586 
2202.439491  	98.623072 
2202.796798  	99.236264 
2203.154105  	99.656174 
2203.511412  	99.806291 
2203.868719  	100.258743 
2204.226025  	99.819409 
2204.583332  	99.361492 
2204.940639  	99.296185 
2205.297946  	99.610528 
2205.655253  	100.147891 
2206.012560  	99.973814 
2206.369867  	98.286801 
2206.727173  	97.469144 
2207.084480  	98.905452 
2207.441787  	99.389127 
2207.799094  	99.552010 
2208.156401  	100.136234 
2208.513708  	98.828315 
2208.871015  	98.412237 
2209.228322  	100.106714 
2209.585628  	100.670117 
2209.942935  	100.091625 
2210.300242  	99.253718 
2210.657549  	97.573217 
2211.014856  	96.982591 
2211.372163  	99.201423 
2211.729470  	101.541630 
2212.086776  	101.227547 
2212.444083  	99.992192 
2212.801390  	100.178187 
2213.158697  	99.601564 
2213.516004  	98.118890 
2213.873311  	99.258470 
2214.230618  	100.653940 
2214.587924  	99.460874 
2214.945231  	98.107719 
2215.302538  	97.628209 
2215.659845  	98.544195 
2216.017152  	100.612917 
2216.374459  	101.709419 
2216.731766  	100.846848 
2217.089072  	99.823418 
2217.446379  	100.085319 
2217.803686  	100.187344 
2218.160993  	100.204301 
2218.518300  	100.901662 
2218.875607  	100.788387 
2219.232914  	99.214113 
2219.590220  	97.184846 
2219.947527  	96.758224 
2220.304834  	98.036256 
2220.662141  	99.336746 
2221.019448  	99.717996 
2221.376755  	99.233481 
2221.734062  	98.666487 
2222.091369  	97.952239 
2222.448675  	98.196446 
2222.805982  	99.113290 
2223.163289  	98.544342 
2223.520596  	98.404549 
2223.877903  	99.287800 
2224.235210  	99.521123 
2224.592517  	99.125618 
2224.949823  	99.320853 
2225.307130  	100.900811 
2225.664437  	100.925325 
2226.021744  	99.161729 
2226.379051  	98.121873 
2226.736358  	98.300508 
2227.093665  	99.147057 
2227.450971  	98.568064 
2227.808278  	98.937150 
2228.165585  	101.132527 
2228.522892  	100.545178 
2228.880199  	98.541975 
2229.237506  	97.674796 
2229.594813  	98.202894 
2229.952119  	99.402835 
2230.309426  	99.012380 
2230.666733  	98.581833 
2231.024040  	98.052583 
2231.381347  	96.676747 
2231.738654  	97.295932 
2232.095961  	98.646565 
2232.453267  	97.985750 
2232.810574  	97.328558 
2233.167881  	98.292511 
2233.525188  	98.657816 
2233.882495  	98.103248 
2234.239802  	98.465648 
2234.597109  	98.489172 
2234.954416  	98.190017 
2235.311722  	98.917741 
2235.669029  	99.547926 
2236.026336  	99.911791 
2236.383643  	99.865151 
2236.740950  	99.229136 
2237.098257  	99.118926 
2237.455564  	99.075402 
2237.812870  	98.898885 
2238.170177  	99.470313 
2238.527484  	99.883342 
2238.884791  	99.606840 
2239.242098  	99.727131 
2239.599405  	99.807954 
2239.956712  	99.090006 
2240.314018  	98.420768 
2240.671325  	98.429087 
2241.028632  	98.642502 
2241.385939  	98.824646 
2241.743246  	99.283363 
2242.100553  	99.354203 
2242.457860  	99.219307 
2242.815166  	99.991983 
2243.172473  	100.110019 
2243.529780  	99.009007 
2243.887087  	98.921106 
2244.244394  	100.037418 
2244.601701  	100.226673 
2244.959008  	99.578768 
2245.316314  	100.254340 
2245.673621  	100.589690 
2246.030928  	99.397833 
2246.388235  	99.886892 
2246.745542  	101.138277 
2247.102849  	100.524338 
2247.460156  	99.653774 
2247.817463  	99.622530 
2248.174769  	99.982317 
2248.532076  	100.123287 
2248.889383  	99.362541 
2249.246690  	97.982380 
2249.603997  	97.818373 
2249.961304  	98.814610 
2250.318611  	98.531037 
2250.675917  	98.403407 
2251.033224  	99.543113 
2251.390531  	99.671141 
2251.747838  	99.536413 
2252.105145  	99.246462 
2252.462452  	98.543612 
2252.819759  	99.351319 
2253.177065  	99.972997 
2253.534372  	99.570179 
2253.891679  	99.866302 
2254.248986  	99.912245 
2254.606293  	99.616773 
2254.963600  	99.574270 
2255.320907  	99.360515 
2255.678213  	99.081552 
2256.035520  	98.660388 
2256.392827  	98.909388 
2256.750134  	99.800126 
2257.107441  	99.676162 
2257.464748  	98.872232 
2257.822055  	98.535391 
2258.179361  	98.718843 
2258.536668  	98.978441 
2258.893975  	98.753903 
2259.251282  	98.544549 
2259.608589  	98.772580 
2259.965896  	99.242189 
2260.323203  	99.879192 
2260.680509  	99.816911 
2261.037816  	98.910304 
2261.395123  	98.395894 
2261.752430  	98.676526 
2262.109737  	99.123658 
2262.467044  	98.826166 
2262.824351  	98.148586 
2263.181658  	98.581052 
2263.538964  	99.201379 
2263.896271  	98.575823 
2264.253578  	98.242200 
2264.610885  	98.678094 
2264.968192  	98.641410 
2265.325499  	98.878043 
2265.682806  	99.326865 
2266.040112  	98.806937 
2266.397419  	98.781372 
2266.754726  	99.319279 
2267.112033  	98.753822 
2267.469340  	98.282840 
2267.826647  	98.421580 
2268.183954  	98.616531 
2268.541260  	99.036424 
2268.898567  	98.940213 
2269.255874  	98.925784 
2269.613181  	99.505317 
2269.970488  	99.792422 
2270.327795  	99.737124 
2270.685102  	99.106529 
2271.042408  	98.795417 
2271.399715  	99.176725 
2271.757022  	99.085326 
2272.114329  	99.331778 
2272.471636  	99.507841 
2272.828943  	98.967828 
2273.186250  	99.150685 
2273.543556  	99.506456 
2273.900863  	99.473116 
2274.258170  	99.247840 
2274.615477  	98.813143 
2274.972784  	99.346719 
2275.330091  	100.139949 
2275.687398  	99.625239 
2276.044705  	98.785819 
2276.402011  	98.262781 
2276.759318  	97.756211 
2277.116625  	97.850999 
2277.473932  	98.743477 
2277.831239  	99.176508 
2278.188546  	98.844357 
2278.545853  	98.828050 
2278.903159  	98.863434 
2279.260466  	98.624426 
2279.617773  	98.865565 
2279.975080  	98.834274 
2280.332387  	97.972750 
2280.689694  	97.813999 
2281.047001  	98.646617 
2281.404307  	99.328920 
2281.761614  	99.413164 
2282.118921  	98.975588 
2282.476228  	98.839700 
2282.833535  	99.348959 
2283.190842  	99.476787 
2283.548149  	99.271207 
2283.905455  	99.491149 
2284.262762  	99.539010 
2284.620069  	99.013309 
2284.977376  	98.976791 
2285.334683  	99.751835 
2285.691990  	99.919740 
2286.049297  	99.105451 
2286.406603  	98.740509 
2286.763910  	98.893582 
2287.121217  	98.843745 
2287.478524  	99.239030 
2287.835831  	99.567432 
2288.193138  	99.187484 
2288.550445  	99.349833 
2288.907752  	99.613900 
2289.265058  	99.379542 
2289.622365  	99.526760 
2289.979672  	99.481214 
2290.336979  	99.241451 
2290.694286  	99.349782 
2291.051593  	99.378215 
2291.408900  	99.499540 
2291.766206  	99.511976 
2292.123513  	99.294646 
2292.480820  	99.223772 
2292.838127  	99.106199 
2293.195434  	99.126613 
2293.552741  	99.083762 
2293.910048  	98.923089 
2294.267354  	99.413308 
2294.624661  	99.788735 
2294.981968  	99.268712 
2295.339275  	98.788264 
2295.696582  	98.685454 
2296.053889  	98.732068 
2296.411196  	98.996020 
2296.768502  	99.121501 
2297.125809  	98.934089 
2297.483116  	98.818231 
2297.840423  	98.907220 
2298.197730  	99.036313 
2298.555037  	99.134776 
2298.912344  	99.246354 
2299.269650  	99.191737 
2299.626957  	99.038661 
2299.984264  	99.067159 
2300.341571  	98.988662 
2300.698878  	98.906690 
2301.056185  	98.973602 
2301.413492  	98.850386 
2301.770799  	98.960244 
2302.128105  	99.243246 
2302.485412  	99.219625 
2302.842719  	99.297429 
2303.200026  	99.458068 
2303.557333  	99.427417 
2303.914640  	99.420642 
2304.271947  	99.402535 
2304.629253  	99.372690 
2304.986560  	99.470384 
2305.343867  	99.466844 
2305.701174  	99.297738 
2306.058481  	99.030765 
2306.415788  	98.660037 
2306.773095  	98.854336 
2307.130401  	99.324418 
2307.487708  	99.010327 
2307.845015  	98.802246 
2308.202322  	98.964863 
2308.559629  	99.137396 
2308.916936  	99.287487 
2309.274243  	98.972796 
2309.631549  	98.705163 
2309.988856  	98.802388 
2310.346163  	98.838656 
2310.703470  	98.622135 
2311.060777  	98.341671 
2311.418084  	98.877823 
2311.775391  	99.319711 
2312.132697  	99.081820 
2312.490004  	99.219654 
2312.847311  	99.369137 
2313.204618  	99.074074 
2313.561925  	98.873039 
2313.919232  	98.792641 
2314.276539  	98.802769 
2314.633846  	98.839855 
2314.991152  	98.862040 
2315.348459  	99.109647 
2315.705766  	99.479179 
2316.063073  	99.484693 
2316.420380  	99.322139 
2316.777687  	99.171229 
2317.134994  	98.944503 
2317.492300  	98.982523 
2317.849607  	99.115143 
2318.206914  	99.036945 
2318.564221  	99.215719 
2318.921528  	99.532526 
2319.278835  	99.502136 
2319.636142  	99.085760 
2319.993448  	98.897402 
2320.350755  	98.937376 
2320.708062  	98.824158 
2321.065369  	98.645709 
2321.422676  	99.031462 
2321.779983  	99.747969 
2322.137290  	99.869636 
2322.494596  	99.590318 
2322.851903  	99.584739 
2323.209210  	99.597817 
2323.566517  	99.105253 
2323.923824  	98.782871 
2324.281131  	99.015320 
2324.638438  	99.632227 
2324.995744  	99.332804 
2325.353051  	98.695037 
2325.710358  	99.052585 
2326.067665  	99.165747 
2326.424972  	99.184211 
2326.782279  	99.160854 
2327.139586  	98.693482 
2327.496893  	98.691243 
2327.854199  	99.168413 
2328.211506  	99.636367 
2328.568813  	99.299647 
2328.926120  	98.305069 
2329.283427  	98.579400 
2329.640734  	99.021475 
2329.998041  	99.107964 
2330.355347  	99.250754 
2330.712654  	99.170687 
2331.069961  	99.101158 
2331.427268  	99.205033 
2331.784575  	99.057558 
2332.141882  	98.829416 
2332.499189  	98.938280 
2332.856495  	98.943057 
2333.213802  	98.768002 
2333.571109  	99.088963 
2333.928416  	99.762229 
2334.285723  	99.419982 
2334.643030  	98.493367 
2335.000337  	98.911018 
2335.357643  	99.410719 
2335.714950  	99.207674 
2336.072257  	98.684924 
2336.429564  	98.605717 
2336.786871  	98.767270 
2337.144178  	98.876453 
2337.501485  	98.883129 
2337.858791  	98.621219 
2338.216098  	98.426931 
2338.573405  	98.557074 
2338.930712  	98.571046 
2339.288019  	98.831762 
2339.645326  	99.219411 
2340.002633  	98.680905 
2340.359939  	98.512579 
2340.717246  	98.670516 
2341.074553  	98.418103 
2341.431860  	98.084775 
2341.789167  	98.140793 
2342.146474  	98.498181 
2342.503781  	98.802402 
2342.861088  	98.464399 
2343.218394  	98.086308 
2343.575701  	98.255281 
2343.933008  	98.749592 
2344.290315  	99.170144 
2344.647622  	99.072798 
2345.004929  	99.033960 
2345.362236  	98.587107 
2345.719542  	97.903975 
2346.076849  	98.167539 
2346.434156  	98.868915 
2346.791463  	98.931698 
2347.148770  	98.666261 
2347.506077  	98.337073 
2347.863384  	98.665285 
2348.220690  	98.907802 
2348.577997  	98.535932 
2348.935304  	98.436893 
2349.292611  	98.405766 
2349.649918  	98.215292 
2350.007225  	98.344818 
2350.364532  	98.471692 
2350.721838  	98.510277 
2351.079145  	98.597779 
2351.436452  	98.404248 
2351.793759  	98.363854 
2352.151066  	98.484176 
2352.508373  	98.247535 
2352.865680  	98.169945 
2353.222986  	98.573880 
2353.580293  	98.699559 
2353.937600  	98.545554 
2354.294907  	98.574453 
2354.652214  	98.417573 
2355.009521  	97.916492 
2355.366828  	98.098064 
2355.724135  	98.551208 
2356.081441  	98.822461 
2356.438748  	99.266213 
2356.796055  	99.171527 
2357.153362  	98.715847 
2357.510669  	98.506619 
2357.867976  	98.430522 
2358.225283  	98.936171 
2358.582589  	99.307813 
2358.939896  	98.630410 
2359.297203  	98.919383 
2359.654510  	99.617222 
2360.011817  	99.422384 
2360.369124  	98.858109 
2360.726431  	98.649655 
2361.083737  	98.479380 
2361.441044  	97.648668 
2361.798351  	97.356412 
2362.155658  	98.364500 
2362.512965  	98.674449 
2362.870272  	98.840409 
2363.227579  	99.116544 
2363.584885  	98.753678 
2363.942192  	98.065424 
2364.299499  	97.363225 
2364.656806  	98.043054 
2365.014113  	99.038917 
2365.371420  	99.407027 
2365.728727  	99.289980 
2366.086033  	99.062812 
2366.443340  	99.366461 
2366.800647  	99.404318 
2367.157954  	98.993895 
2367.515261  	99.082865 
2367.872568  	98.863848 
2368.229875  	98.528575 
2368.587182  	98.583399 
2368.944488  	98.500145 
2369.301795  	98.783108 
2369.659102  	99.353809 
2370.016409  	99.415271 
2370.373716  	99.153032 
2370.731023  	98.613318 
2371.088330  	98.408335 
2371.445636  	99.080041 
2371.802943  	100.044448 
2372.160250  	99.543159 
2372.517557  	98.647745 
2372.874864  	99.065671 
2373.232171  	99.577519 
2373.589478  	98.845036 
2373.946784  	98.421080 
2374.304091  	98.932778 
2374.661398  	99.015289 
2375.018705  	98.604434 
2375.376012  	98.433827 
2375.733319  	98.698740 
2376.090626  	98.791723 
2376.447932  	98.505965 
2376.805239  	98.534989 
2377.162546  	98.577761 
2377.519853  	98.493889 
2377.877160  	98.835708 
2378.234467  	99.144236 
2378.591774  	99.094885 
2378.949080  	98.800135 
2379.306387  	98.265840 
2379.663694  	98.267667 
2380.021001  	98.718368 
2380.378308  	98.918954 
2380.735615  	99.137368 
2381.092922  	99.170267 
2381.450229  	98.714124 
2381.807535  	98.850458 
2382.164842  	99.282974 
2382.522149  	98.916058 
2382.879456  	98.488136 
2383.236763  	98.470802 
2383.594070  	98.776060 
2383.951377  	98.980620 
2384.308683  	98.529975 
2384.665990  	98.334177 
2385.023297  	98.528777 
2385.380604  	98.437414 
2385.737911  	98.309415 
2386.095218  	98.290999 
2386.452525  	98.604629 
2386.809831  	98.816663 
2387.167138  	98.538684 
2387.524445  	98.529125 
2387.881752  	98.763011 
2388.239059  	98.905827 
2388.596366  	98.914984 
2388.953673  	98.831810 
2389.310979  	98.836547 
2389.668286  	98.714263 
2390.025593  	98.702169 
2390.382900  	98.823087 
2390.740207  	98.641750 
2391.097514  	98.580214 
2391.454821  	98.783183 
2391.812127  	98.701115 
2392.169434  	98.385838 
2392.526741  	98.438763 
2392.884048  	98.718598 
2393.241355  	98.648826 
2393.598662  	98.436676 
2393.955969  	98.493915 
2394.313276  	98.800779 
2394.670582  	98.848247 
2395.027889  	98.635658 
2395.385196  	98.839485 
2395.742503  	99.117644 
2396.099810  	99.108550 
2396.457117  	99.046171 
2396.814424  	98.834861 
2397.171730  	98.770486 
2397.529037  	99.050135 
2397.886344  	99.280136 
2398.243651  	99.140834 
2398.600958  	98.839856 
2398.958265  	98.923695 
2399.315572  	99.221612 
2399.672878  	99.323642 
2400.030185  	99.286800 
2400.387492  	99.165140 
2400.744799  	98.813395 
2401.102106  	98.322008 
2401.459413  	98.444207 
2401.816720  	98.930933 
2402.174026  	98.830606 
2402.531333  	98.782031 
2402.888640  	99.167175 
2403.245947  	99.481400 
2403.603254  	99.509001 
2403.960561  	99.183566 
2404.317868  	99.225219 
2404.675174  	99.368115 
2405.032481  	98.992853 
2405.389788  	99.077423 
2405.747095  	99.300734 
2406.104402  	99.339922 
2406.461709  	99.652818 
2406.819016  	99.268656 
2407.176323  	98.813689 
2407.533629  	99.146145 
2407.890936  	99.304340 
2408.248243  	99.287452 
2408.605550  	99.190249 
2408.962857  	99.112646 
2409.320164  	99.269659 
2409.677471  	99.178455 
2410.034777  	99.145527 
2410.392084  	99.197524 
2410.749391  	98.980134 
2411.106698  	99.017116 
2411.464005  	99.225925 
2411.821312  	99.256750 
2412.178619  	99.343119 
2412.535925  	99.230384 
2412.893232  	98.859877 
2413.250539  	98.884838 
2413.607846  	99.012045 
2413.965153  	98.942745 
2414.322460  	99.182646 
2414.679767  	99.335261 
2415.037073  	99.258794 
2415.394380  	99.242188 
2415.751687  	99.052340 
2416.108994  	98.997719 
2416.466301  	99.161428 
2416.823608  	99.314149 
2417.180915  	99.279400 
2417.538221  	99.091570 
2417.895528  	99.183626 
2418.252835  	99.047941 
2418.610142  	98.715274 
2418.967449  	98.887054 
2419.324756  	99.121704 
2419.682063  	99.370196 
2420.039369  	99.622383 
2420.396676  	99.307257 
2420.753983  	98.909383 
2421.111290  	99.267449 
2421.468597  	99.651801 
2421.825904  	99.230283 
2422.183211  	99.115619 
2422.540518  	99.300686 
2422.897824  	98.948816 
2423.255131  	99.071619 
2423.612438  	99.387255 
2423.969745  	99.002507 
2424.327052  	98.782140 
2424.684359  	98.862904 
2425.041666  	98.704275 
2425.398972  	98.568435 
2425.756279  	98.816791 
2426.113586  	99.256849 
2426.470893  	99.382124 
2426.828200  	98.994363 
2427.185507  	98.678991 
2427.542814  	98.985166 
2427.900120  	99.515300 
2428.257427  	99.744980 
2428.614734  	99.382056 
2428.972041  	98.953486 
2429.329348  	99.134157 
2429.686655  	99.071146 
2430.043962  	98.824784 
2430.401268  	99.230225 
2430.758575  	99.459625 
2431.115882  	99.286681 
2431.473189  	99.274439 
2431.830496  	99.230784 
2432.187803  	98.963975 
2432.545110  	98.659310 
2432.902416  	98.748749 
2433.259723  	99.131379 
2433.617030  	99.141470 
2433.974337  	98.868325 
2434.331644  	98.953996 
2434.688951  	99.122424 
2435.046258  	98.896938 
2435.403565  	98.933329 
2435.760871  	99.435220 
2436.118178  	99.523974 
2436.475485  	99.041984 
2436.832792  	98.708862 
2437.190099  	98.617617 
2437.547406  	98.376982 
2437.904713  	98.425233 
2438.262019  	98.886023 
2438.619326  	99.138565 
2438.976633  	99.177827 
2439.333940  	99.109974 
2439.691247  	99.201730 
2440.048554  	99.561282 
2440.405861  	99.671156 
2440.763167  	99.626899 
2441.120474  	99.595139 
2441.477781  	99.575803 
2441.835088  	99.658684 
2442.192395  	99.409288 
2442.549702  	99.044012 
2442.907009  	99.157677 
2443.264315  	99.246067 
2443.621622  	99.010332 
2443.978929  	98.917036 
2444.336236  	98.954797 
2444.693543  	98.966542 
2445.050850  	99.017762 
2445.408157  	99.032152 
2445.765463  	99.156466 
2446.122770  	99.390824 
2446.480077  	99.437773 
2446.837384  	99.498979 
2447.194691  	99.599640 
2447.551998  	99.337264 
2447.909305  	99.100124 
2448.266612  	99.228328 
2448.623918  	99.260758 
2448.981225  	99.483976 
2449.338532  	99.892313 
2449.695839  	99.570238 
2450.053146  	99.053485 
2450.410453  	98.961067 
2450.767760  	99.054254 
2451.125066  	99.458652 
2451.482373  	99.609918 
2451.839680  	99.373921 
2452.196987  	99.357932 
2452.554294  	99.038048 
2452.911601  	98.447384 
2453.268908  	98.523450 
2453.626214  	98.955462 
2453.983521  	99.132736 
2454.340828  	99.369794 
2454.698135  	99.594605 
2455.055442  	99.681671 
2455.412749  	99.800881 
2455.770056  	99.398955 
2456.127362  	98.903751 
2456.484669  	99.009564 
2456.841976  	98.951432 
2457.199283  	98.728412 
2457.556590  	98.905229 
2457.913897  	99.314459 
2458.271204  	99.500167 
2458.628510  	99.510824 
2458.985817  	99.886582 
2459.343124  	100.021911 
2459.700431  	99.442532 
2460.057738  	98.818829 
2460.415045  	98.588669 
2460.772352  	98.729167 
2461.129659  	98.704654 
2461.486965  	98.672994 
2461.844272  	98.936734 
2462.201579  	99.002003 
2462.558886  	99.040402 
2462.916193  	99.052923 
2463.273500  	98.933375 
2463.630807  	98.910023 
2463.988113  	98.854179 
2464.345420  	99.111256 
2464.702727  	99.410018 
2465.060034  	98.801847 
2465.417341  	97.948737 
2465.774648  	98.078757 
2466.131955  	98.672697 
2466.489261  	98.930304 
2466.846568  	99.356628 
2467.203875  	99.625345 
2467.561182  	99.401025 
2467.918489  	99.389340 
2468.275796  	99.451466 
2468.633103  	99.529430 
2468.990409  	99.518635 
2469.347716  	99.292989 
2469.705023  	99.384517 
2470.062330  	99.405370 
2470.419637  	99.227978 
2470.776944  	99.140957 
2471.134251  	99.148079 
2471.491557  	99.631525 
2471.848864  	100.026195 
2472.206171  	99.857566 
2472.563478  	99.685052 
2472.920785  	99.715760 
2473.278092  	99.757690 
2473.635399  	99.606039 
2473.992706  	99.595723 
2474.350012  	99.729951 
2474.707319  	99.644843 
2475.064626  	99.477267 
2475.421933  	99.155046 
2475.779240  	99.204322 
2476.136547  	99.653450 
2476.493854  	99.522205 
2476.851160  	99.189401 
2477.208467  	98.976265 
2477.565774  	98.987347 
2477.923081  	99.557089 
2478.280388  	99.613616 
2478.637695  	99.145184 
2478.995002  	99.279011 
2479.352308  	99.504381 
2479.709615  	99.211741 
2480.066922  	98.861575 
2480.424229  	98.888100 
2480.781536  	99.167192 
2481.138843  	99.547637 
2481.496150  	99.813959 
2481.853456  	99.481218 
2482.210763  	99.072550 
2482.568070  	99.116712 
2482.925377  	99.128166 
2483.282684  	99.190225 
2483.639991  	99.310455 
2483.997298  	99.203859 
2484.354604  	99.277453 
2484.711911  	99.534421 
2485.069218  	99.454853 
2485.426525  	99.121518 
2485.783832  	99.152834 
2486.141139  	99.232356 
2486.498446  	98.724876 
2486.855753  	98.270987 
2487.213059  	98.127018 
2487.570366  	98.233600 
2487.927673  	98.737957 
2488.284980  	98.889691 
2488.642287  	98.787642 
2488.999594  	98.845369 
2489.356901  	98.657155 
2489.714207  	98.516867 
2490.071514  	98.561727 
2490.428821  	98.728115 
2490.786128  	98.982959 
2491.143435  	98.830103 
2491.500742  	98.434066 
2491.858049  	98.226735 
2492.215355  	98.574074 
2492.572662  	99.125442 
2492.929969  	98.974887 
2493.287276  	98.855263 
2493.644583  	99.041465 
2494.001890  	98.969477 
2494.359197  	99.133975 
2494.716503  	99.075329 
2495.073810  	98.649551 
2495.431117  	98.843997 
2495.788424  	99.107853 
2496.145731  	98.672780 
2496.503038  	98.152699 
2496.860345  	98.345561 
2497.217651  	98.742040 
2497.574958  	98.546965 
2497.932265  	98.368023 
2498.289572  	98.383414 
2498.646879  	98.191051 
2499.004186  	98.323071 
2499.361493  	98.725271 
2499.718800  	98.443157 
2500.076106  	97.830504 
2500.433413  	97.932566 
2500.790720  	98.274095 
2501.148027  	98.333782 
2501.505334  	98.472791 
2501.862641  	98.748677 
2502.219948  	98.988023 
2502.577254  	98.686381 
2502.934561  	98.237559 
2503.291868  	98.270512 
2503.649175  	98.087380 
2504.006482  	97.891842 
2504.363789  	98.219025 
2504.721096  	98.523446 
2505.078402  	98.192229 
2505.435709  	97.629262 
2505.793016  	98.002970 
2506.150323  	98.542858 
2506.507630  	98.396211 
2506.864937  	98.416808 
2507.222244  	98.464723 
2507.579550  	98.327378 
2507.936857  	98.181441 
2508.294164  	98.031466 
2508.651471  	97.932775 
2509.008778  	97.800979 
2509.366085  	98.120945 
2509.723392  	98.629275 
2510.080698  	98.664194 
2510.438005  	98.617594 
2510.795312  	98.742342 
2511.152619  	98.874167 
2511.509926  	98.742690 
2511.867233  	98.628273 
2512.224540  	98.772560 
2512.581846  	98.842427 
2512.939153  	98.818537 
2513.296460  	98.802931 
2513.653767  	99.038991 
2514.011074  	99.155651 
2514.368381  	98.943834 
2514.725688  	99.239164 
2515.082995  	99.530530 
2515.440301  	98.855364 
2515.797608  	98.173905 
2516.154915  	98.602035 
2516.512222  	99.037623 
2516.869529  	98.825572 
2517.226836  	99.213229 
2517.584143  	99.502546 
2517.941449  	99.109012 
2518.298756  	98.921879 
2518.656063  	98.810964 
2519.013370  	98.909870 
2519.370677  	98.966176 
2519.727984  	98.899877 
2520.085291  	98.974548 
2520.442597  	98.792234 
2520.799904  	98.935801 
2521.157211  	98.986598 
2521.514518  	98.547623 
2521.871825  	98.757443 
2522.229132  	99.363873 
2522.586439  	99.690939 
2522.943745  	99.618520 
2523.301052  	99.414354 
2523.658359  	99.121375 
2524.015666  	98.700639 
2524.372973  	99.012740 
2524.730280  	99.403975 
2525.087587  	99.107671 
2525.444893  	98.881100 
2525.802200  	98.787410 
2526.159507  	98.818945 
2526.516814  	98.847641 
2526.874121  	98.781975 
2527.231428  	98.997069 
2527.588735  	99.073037 
2527.946042  	98.786220 
2528.303348  	98.698217 
2528.660655  	99.004882 
2529.017962  	99.263148 
2529.375269  	99.152432 
2529.732576  	99.218967 
2530.089883  	99.727555 
2530.447190  	99.650725 
2530.804496  	98.816148 
2531.161803  	98.557232 
2531.519110  	98.863367 
2531.876417  	99.021627 
2532.233724  	99.025244 
2532.591031  	98.817521 
2532.948338  	98.803724 
2533.305644  	98.966056 
2533.662951  	98.825020 
2534.020258  	98.708248 
2534.377565  	98.836417 
2534.734872  	98.953586 
2535.092179  	98.702755 
2535.449486  	98.369175 
2535.806792  	98.448979 
2536.164099  	98.638318 
2536.521406  	98.800981 
2536.878713  	98.874627 
2537.236020  	98.607021 
2537.593327  	98.423292 
2537.950634  	98.706609 
2538.307940  	98.881161 
2538.665247  	98.892154 
2539.022554  	99.295904 
2539.379861  	99.469979 
2539.737168  	99.211967 
2540.094475  	98.921051 
2540.451782  	98.531128 
2540.809089  	98.437215 
2541.166395  	98.272358 
2541.523702  	98.051460 
2541.881009  	98.596116 
2542.238316  	99.137469 
2542.595623  	99.119357 
2542.952930  	99.000619 
2543.310237  	98.849645 
2543.667543  	98.493632 
2544.024850  	98.151078 
2544.382157  	98.156222 
2544.739464  	98.170066 
2545.096771  	98.246649 
2545.454078  	98.537052 
2545.811385  	98.800184 
2546.168691  	98.838978 
2546.525998  	98.250614 
2546.883305  	97.985141 
2547.240612  	98.459225 
2547.597919  	98.427321 
2547.955226  	98.358953 
2548.312533  	98.493349 
2548.669839  	97.947904 
2549.027146  	97.537220 
2549.384453  	97.767934 
2549.741760  	98.053678 
2550.099067  	98.392794 
2550.456374  	98.230254 
2550.813681  	97.759677 
2551.170987  	98.133130 
2551.528294  	98.158295 
2551.885601  	97.742901 
2552.242908  	98.366307 
2552.600215  	98.696714 
2552.957522  	98.101894 
2553.314829  	97.746629 
2553.672136  	98.008267 
2554.029442  	98.387667 
2554.386749  	98.084159 
2554.744056  	97.919378 
2555.101363  	98.028668 
2555.458670  	97.824097 
2555.815977  	98.052487 
2556.173284  	98.177936 
2556.530590  	98.208722 
2556.887897  	98.616934 
2557.245204  	98.302320 
2557.602511  	97.947853 
2557.959818  	98.326900 
2558.317125  	98.516250 
2558.674432  	98.533940 
2559.031738  	98.628965 
2559.389045  	98.690240 
2559.746352  	98.770145 
2560.103659  	98.648045 
2560.460966  	98.503665 
2560.818273  	98.437697 
2561.175580  	98.212329 
2561.532886  	98.411029 
2561.890193  	98.913460 
2562.247500  	99.034331 
2562.604807  	98.953635 
2562.962114  	98.437471 
2563.319421  	97.858284 
2563.676728  	97.960284 
2564.034034  	98.363193 
2564.391341  	98.705171 
2564.748648  	98.478876 
2565.105955  	98.022936 
2565.463262  	98.228051 
2565.820569  	98.538936 
2566.177876  	98.499660 
2566.535183  	98.310128 
2566.892489  	98.113107 
2567.249796  	98.076310 
2567.607103  	98.340332 
2567.964410  	98.700681 
2568.321717  	98.783929 
2568.679024  	98.979677 
2569.036331  	99.067213 
2569.393637  	98.561943 
2569.750944  	98.277094 
2570.108251  	98.494292 
2570.465558  	98.746433 
2570.822865  	98.729598 
2571.180172  	98.544064 
2571.537479  	98.663141 
2571.894785  	99.086375 
2572.252092  	99.292407 
2572.609399  	98.838884 
2572.966706  	98.464662 
2573.324013  	98.767583 
2573.681320  	99.058927 
2574.038627  	99.051598 
2574.395933  	98.667988 
2574.753240  	98.361344 
2575.110547  	98.348138 
2575.467854  	98.033148 
2575.825161  	98.174365 
2576.182468  	98.530274 
2576.539775  	98.255262 
2576.897081  	98.438823 
2577.254388  	98.914466 
2577.611695  	98.871864 
2577.969002  	98.505549 
2578.326309  	98.084904 
2578.683616  	98.248531 
2579.040923  	98.695284 
2579.398230  	98.849062 
2579.755536  	98.945150 
2580.112843  	98.952954 
2580.470150  	98.828273 
2580.827457  	98.383259 
2581.184764  	98.170806 
2581.542071  	98.711459 
2581.899378  	98.716651 
2582.256684  	98.345441 
2582.613991  	98.615064 
2582.971298  	98.675978 
2583.328605  	98.311988 
2583.685912  	98.075861 
2584.043219  	98.298171 
2584.400526  	99.048999 
2584.757832  	99.330613 
2585.115139  	98.894589 
2585.472446  	98.761230 
2585.829753  	98.987133 
2586.187060  	98.803985 
2586.544367  	98.400974 
2586.901674  	98.464184 
2587.258980  	98.704307 
2587.616287  	98.619749 
2587.973594  	98.347698 
2588.330901  	98.288568 
2588.688208  	98.322286 
2589.045515  	98.074145 
2589.402822  	98.076609 
2589.760128  	98.449115 
2590.117435  	98.599258 
2590.474742  	98.577335 
2590.832049  	98.505992 
2591.189356  	98.472834 
2591.546663  	98.476620 
2591.903970  	98.575588 
2592.261276  	98.821311 
2592.618583  	98.716164 
2592.975890  	98.612033 
2593.333197  	98.984745 
2593.690504  	99.078249 
2594.047811  	98.781450 
2594.405118  	98.634444 
2594.762425  	98.341755 
2595.119731  	97.932096 
2595.477038  	98.139303 
2595.834345  	98.543224 
2596.191652  	98.522344 
2596.548959  	98.403122 
2596.906266  	98.317794 
2597.263573  	98.562083 
2597.620879  	98.871794 
2597.978186  	98.709450 
2598.335493  	98.598582 
2598.692800  	98.416392 
2599.050107  	98.085025 
2599.407414  	98.177233 
2599.764721  	98.351172 
2600.122027  	98.311827 
2600.479334  	98.220297 
2600.836641  	98.303439 
2601.193948  	98.537639 
2601.551255  	98.408333 
2601.908562  	98.184601 
2602.265869  	98.398296 
2602.623175  	98.586887 
2602.980482  	98.410146 
2603.337789  	98.209820 
2603.695096  	98.210856 
2604.052403  	98.459421 
2604.409710  	98.942939 
2604.767017  	99.115008 
2605.124323  	98.452176 
2605.481630  	97.883787 
2605.838937  	98.360465 
2606.196244  	98.769722 
2606.553551  	98.490216 
2606.910858  	98.475427 
2607.268165  	98.576566 
2607.625472  	98.580083 
2607.982778  	98.793020 
2608.340085  	98.661334 
2608.697392  	98.268848 
2609.054699  	98.293536 
2609.412006  	98.537167 
2609.769313  	98.617307 
2610.126620  	98.625828 
2610.483926  	98.555213 
2610.841233  	98.256591 
2611.198540  	97.953666 
2611.555847  	97.858659 
2611.913154  	98.101817 
2612.270461  	98.447246 
2612.627768  	98.469508 
2612.985074  	98.571073 
2613.342381  	98.687232 
2613.699688  	98.485412 
2614.056995  	98.342059 
2614.414302  	98.169280 
2614.771609  	98.248318 
2615.128916  	98.720438 
2615.486222  	98.853231 
2615.843529  	98.896387 
2616.200836  	98.850535 
2616.558143  	98.264033 
2616.915450  	98.026842 
2617.272757  	98.505677 
2617.630064  	98.844228 
2617.987370  	98.712081 
2618.344677  	98.345289 
2618.701984  	98.057400 
2619.059291  	98.274935 
2619.416598  	98.873617 
2619.773905  	98.943697 
2620.131212  	98.532931 
2620.488519  	98.481774 
2620.845825  	98.576815 
2621.203132  	98.664725 
2621.560439  	98.790161 
2621.917746  	98.583578 
2622.275053  	98.458552 
2622.632360  	98.465540 
2622.989667  	98.409711 
2623.346973  	98.590907 
2623.704280  	98.562028 
2624.061587  	98.455627 
2624.418894  	98.571147 
2624.776201  	98.527242 
2625.133508  	98.550776 
2625.490815  	98.527734 
2625.848121  	98.403297 
2626.205428  	98.439837 
2626.562735  	98.447778 
2626.920042  	98.457988 
2627.277349  	98.392725 
2627.634656  	98.311857 
2627.991963  	98.175290 
2628.349269  	97.920893 
2628.706576  	98.141508 
2629.063883  	98.508764 
2629.421190  	98.480864 
2629.778497  	98.355188 
2630.135804  	98.264636 
2630.493111  	98.231874 
2630.850417  	98.221642 
2631.207724  	98.302368 
2631.565031  	98.362475 
2631.922338  	98.265059 
2632.279645  	98.271313 
2632.636952  	98.174411 
2632.994259  	97.984091 
2633.351566  	98.084317 
2633.708872  	98.204272 
2634.066179  	98.204101 
2634.423486  	98.340774 
2634.780793  	98.478401 
2635.138100  	98.459160 
2635.495407  	98.367558 
2635.852714  	98.052054 
2636.210020  	97.907626 
2636.567327  	98.301487 
2636.924634  	98.412759 
2637.281941  	98.120341 
2637.639248  	98.081114 
2637.996555  	98.214408 
2638.353862  	98.149651 
2638.711168  	97.909900 
2639.068475  	97.925941 
2639.425782  	98.048617 
2639.783089  	97.954286 
2640.140396  	97.941923 
2640.497703  	98.101818 
2640.855010  	98.191499 
2641.212316  	98.057895 
2641.569623  	98.092122 
2641.926930  	98.355933 
2642.284237  	98.333739 
2642.641544  	98.182997 
2642.998851  	98.004490 
2643.356158  	97.919654 
2643.713464  	98.020740 
2644.070771  	98.055380 
2644.428078  	98.300631 
2644.785385  	98.328096 
2645.142692  	97.897884 
2645.499999  	97.756596 
2645.857306  	97.748963 
2646.214613  	97.829150 
2646.571919  	97.992258 
2646.929226  	97.797651 
2647.286533  	97.653078 
2647.643840  	97.808718 
2648.001147  	97.999033 
2648.358454  	98.024479 
2648.715761  	97.837551 
2649.073067  	97.760102 
2649.430374  	97.814786 
2649.787681  	97.842603 
2650.144988  	97.910994 
2650.502295  	97.983053 
2650.859602  	98.067979 
2651.216909  	98.123739 
2651.574215  	98.123227 
2651.931522  	98.190127 
2652.288829  	98.134314 
2652.646136  	97.917643 
2653.003443  	97.919239 
2653.360750  	98.056097 
2653.718057  	98.015012 
2654.075363  	97.877535 
2654.432670  	97.804342 
2654.789977  	97.743916 
2655.147284  	97.644178 
2655.504591  	97.715432 
2655.861898  	97.872167 
2656.219205  	97.836350 
2656.576511  	97.907792 
2656.933818  	98.019205 
2657.291125  	97.758726 
2657.648432  	97.549113 
2658.005739  	97.668743 
2658.363046  	97.703553 
2658.720353  	97.558281 
2659.077660  	97.590167 
2659.434966  	97.872663 
2659.792273  	97.995800 
2660.149580  	97.949220 
2660.506887  	98.041699 
2660.864194  	98.065084 
2661.221501  	97.925027 
2661.578808  	97.882677 
2661.936114  	98.022348 
2662.293421  	98.084699 
2662.650728  	97.785702 
2663.008035  	97.705200 
2663.365342  	98.120031 
2663.722649  	98.127892 
2664.079956  	97.794582 
2664.437262  	97.833441 
2664.794569  	97.881956 
2665.151876  	97.668350 
2665.509183  	97.615288 
2665.866490  	97.773433 
2666.223797  	97.841715 
2666.581104  	97.828520 
2666.938410  	97.721424 
2667.295717  	97.584266 
2667.653024  	97.702053 
2668.010331  	97.796413 
2668.367638  	97.687921 
2668.724945  	97.656811 
2669.082252  	97.643588 
2669.439558  	97.648635 
2669.796865  	97.781028 
2670.154172  	97.924449 
2670.511479  	97.932910 
2670.868786  	97.780992 
2671.226093  	97.612923 
2671.583400  	97.549248 
2671.940706  	97.594274 
2672.298013  	97.601723 
2672.655320  	97.528792 
2673.012627  	97.556838 
2673.369934  	97.690885 
2673.727241  	97.699681 
2674.084548  	97.532147 
2674.441855  	97.530646 
2674.799161  	97.623055 
2675.156468  	97.605752 
2675.513775  	97.746309 
2675.871082  	97.873207 
2676.228389  	97.935168 
2676.585696  	98.045033 
2676.943003  	97.972353 
2677.300309  	97.884412 
2677.657616  	97.750736 
2678.014923  	97.634211 
2678.372230  	97.736513 
2678.729537  	97.736746 
2679.086844  	97.757083 
2679.444151  	97.774461 
2679.801457  	97.603000 
2680.158764  	97.649401 
2680.516071  	97.850666 
2680.873378  	97.868180 
2681.230685  	97.782081 
2681.587992  	97.713534 
2681.945299  	97.587749 
2682.302605  	97.476234 
2682.659912  	97.547471 
2683.017219  	97.621061 
2683.374526  	97.648501 
2683.731833  	97.771643 
2684.089140  	97.905019 
2684.446447  	97.907542 
2684.803753  	97.843053 
2685.161060  	97.841626 
2685.518367  	97.848852 
2685.875674  	97.881546 
2686.232981  	97.786265 
2686.590288  	97.623111 
2686.947595  	97.761134 
2687.304902  	97.913248 
2687.662208  	97.980640 
2688.019515  	97.938055 
2688.376822  	97.653174 
2688.734129  	97.609513 
2689.091436  	97.680429 
2689.448743  	97.645855 
2689.806050  	97.713400 
2690.163356  	97.826246 
2690.520663  	97.982587 
2690.877970  	97.896248 
2691.235277  	97.646432 
2691.592584  	97.592234 
2691.949891  	97.601373 
2692.307198  	97.708151 
2692.664504  	97.749008 
2693.021811  	97.703988 
2693.379118  	97.833391 
2693.736425  	97.884188 
2694.093732  	97.759015 
2694.451039  	97.676138 
2694.808346  	97.782268 
2695.165652  	97.927316 
2695.522959  	97.880227 
2695.880266  	97.776141 
2696.237573  	97.693354 
2696.594880  	97.634353 
2696.952187  	97.618588 
2697.309494  	97.613497 
2697.666800  	97.701706 
2698.024107  	97.859655 
2698.381414  	97.884981 
2698.738721  	97.763808 
2699.096028  	97.804697 
2699.453335  	97.984498 
2699.810642  	97.966305 
2700.167949  	97.822959 
2700.525255  	97.779376 
2700.882562  	97.865387 
2701.239869  	97.854059 
2701.597176  	97.651915 
2701.954483  	97.601819 
2702.311790  	97.714782 
2702.669097  	97.665857 
2703.026403  	97.561275 
2703.383710  	97.636132 
2703.741017  	97.661976 
2704.098324  	97.582577 
2704.455631  	97.661642 
2704.812938  	97.681002 
2705.170245  	97.546156 
2705.527551  	97.497308 
2705.884858  	97.501035 
2706.242165  	97.503121 
2706.599472  	97.471590 
2706.956779  	97.490783 
2707.314086  	97.514089 
2707.671393  	97.387683 
2708.028699  	97.450484 
2708.386006  	97.721383 
2708.743313  	97.826331 
2709.100620  	97.708471 
2709.457927  	97.440347 
2709.815234  	97.355886 
2710.172541  	97.531971 
2710.529847  	97.582804 
2710.887154  	97.553258 
2711.244461  	97.573281 
2711.601768  	97.564415 
2711.959075  	97.635993 
2712.316382  	97.766884 
2712.673689  	97.758137 
2713.030996  	97.613654 
2713.388302  	97.507274 
2713.745609  	97.491132 
2714.102916  	97.526968 
2714.460223  	97.614742 
2714.817530  	97.554281 
2715.174837  	97.378790 
2715.532144  	97.366797 
2715.889450  	97.306216 
2716.246757  	97.306179 
2716.604064  	97.640627 
2716.961371  	97.765602 
2717.318678  	97.525562 
2717.675985  	97.397033 
2718.033292  	97.491470 
2718.390598  	97.590653 
2718.747905  	97.557233 
2719.105212  	97.522808 
2719.462519  	97.483784 
2719.819826  	97.342406 
2720.177133  	97.194417 
2720.534440  	97.134418 
2720.891746  	97.117662 
2721.249053  	97.039810 
2721.606360  	97.084030 
2721.963667  	97.159746 
2722.320974  	97.036646 
2722.678281  	97.093068 
2723.035588  	97.243076 
2723.392894  	97.182476 
2723.750201  	97.106159 
2724.107508  	97.100490 
2724.464815  	97.163566 
2724.822122  	97.106407 
2725.179429  	96.980614 
2725.536736  	96.940968 
2725.894043  	96.795559 
2726.251349  	96.763360 
2726.608656  	96.818043 
2726.965963  	96.748268 
2727.323270  	96.737596 
2727.680577  	96.679309 
2728.037884  	96.687971 
2728.395191  	96.748102 
2728.752497  	96.534403 
2729.109804  	96.374011 
2729.467111  	96.459522 
2729.824418  	96.515832 
2730.181725  	96.407157 
2730.539032  	96.342845 
2730.896339  	96.443286 
2731.253645  	96.332563 
2731.610952  	96.121758 
2731.968259  	96.216952 
2732.325566  	96.380531 
2732.682873  	96.402447 
2733.040180  	96.440179 
2733.397487  	96.542262 
2733.754793  	96.500978 
2734.112100  	96.332339 
2734.469407  	96.224349 
2734.826714  	96.102117 
2735.184021  	95.971096 
2735.541328  	95.903103 
2735.898635  	95.889901 
2736.255941  	95.836346 
2736.613248  	95.745177 
2736.970555  	95.864265 
2737.327862  	95.921008 
2737.685169  	95.732692 
2738.042476  	95.741669 
2738.399783  	95.818484 
2738.757090  	95.592208 
2739.114396  	95.285766 
2739.471703  	95.256201 
2739.829010  	95.371413 
2740.186317  	95.374464 
2740.543624  	95.318279 
2740.900931  	95.154057 
2741.258238  	95.025396 
2741.615544  	94.954113 
2741.972851  	94.751458 
2742.330158  	94.700906 
2742.687465  	94.673072 
2743.044772  	94.608689 
2743.402079  	94.740136 
2743.759386  	94.606124 
2744.116692  	94.219670 
2744.473999  	93.952495 
2744.831306  	93.797833 
2745.188613  	93.791720 
2745.545920  	93.784706 
2745.903227  	93.676477 
2746.260534  	93.468649 
2746.617840  	93.255656 
2746.975147  	93.270603 
2747.332454  	93.393850 
2747.689761  	93.384075 
2748.047068  	93.250908 
2748.404375  	93.059661 
2748.761682  	92.796516 
2749.118988  	92.700542 
2749.476295  	92.847788 
2749.833602  	92.935388 
2750.190909  	93.019057 
2750.548216  	92.905654 
2750.905523  	92.609047 
2751.262830  	92.665826 
2751.620136  	92.795338 
2751.977443  	92.834723 
2752.334750  	92.992710 
2752.692057  	93.166358 
2753.049364  	93.221198 
2753.406671  	93.031211 
2753.763978  	93.037570 
2754.121285  	93.225425 
2754.478591  	93.139836 
2754.835898  	93.215797 
2755.193205  	93.403208 
2755.550512  	93.390284 
2755.907819  	93.463162 
2756.265126  	93.602763 
2756.622433  	93.698183 
2756.979739  	93.869321 
2757.337046  	94.207751 
2757.694353  	94.452928 
2758.051660  	94.380667 
2758.408967  	94.242853 
2758.766274  	94.324441 
2759.123581  	94.654048 
2759.480887  	94.763209 
2759.838194  	94.627370 
2760.195501  	94.838704 
2760.552808  	95.105581 
2760.910115  	95.075922 
2761.267422  	95.032898 
2761.624729  	95.067336 
2761.982035  	95.236480 
2762.339342  	95.415618 
2762.696649  	95.370011 
2763.053956  	95.282696 
2763.411263  	95.344069 
2763.768570  	95.486169 
2764.125877  	95.552204 
2764.483183  	95.552804 
2764.840490  	95.720952 
2765.197797  	95.907919 
2765.555104  	95.872246 
2765.912411  	95.857369 
2766.269718  	95.879448 
2766.627025  	95.844584 
2766.984332  	95.888838 
2767.341638  	95.933580 
2767.698945  	95.959462 
2768.056252  	95.949444 
2768.413559  	95.906443 
2768.770866  	96.047747 
2769.128173  	96.218428 
2769.485480  	96.151987 
2769.842786  	95.967849 
2770.200093  	95.979517 
2770.557400  	96.275305 
2770.914707  	96.490944 
2771.272014  	96.418844 
2771.629321  	96.256935 
2771.986628  	96.178854 
2772.343934  	96.146294 
2772.701241  	96.181067 
2773.058548  	96.364899 
2773.415855  	96.455070 
2773.773162  	96.369407 
2774.130469  	96.294986 
2774.487776  	96.349023 
2774.845082  	96.536892 
2775.202389  	96.479045 
2775.559696  	96.249762 
2775.917003  	96.283873 
2776.274310  	96.355990 
2776.631617  	96.437719 
2776.988924  	96.558472 
2777.346230  	96.429465 
2777.703537  	96.357413 
2778.060844  	96.443994 
2778.418151  	96.289325 
2778.775458  	96.124386 
2779.132765  	96.202829 
2779.490072  	96.251089 
2779.847379  	96.250753 
2780.204685  	96.341649 
2780.561992  	96.362155 
2780.919299  	96.179378 
2781.276606  	96.052456 
2781.633913  	96.167117 
2781.991220  	96.177985 
2782.348527  	96.068792 
2782.705833  	96.197728 
2783.063140  	96.382740 
2783.420447  	96.486472 
2783.777754  	96.533689 
2784.135061  	96.363199 
2784.492368  	96.273286 
2784.849675  	96.542157 
2785.206981  	96.746722 
2785.564288  	96.589183 
2785.921595  	96.389836 
2786.278902  	96.379641 
2786.636209  	96.417137 
2786.993516  	96.457877 
2787.350823  	96.539082 
2787.708129  	96.588298 
2788.065436  	96.499325 
2788.422743  	96.336208 
2788.780050  	96.344411 
2789.137357  	96.527603 
2789.494664  	96.692949 
2789.851971  	96.666312 
2790.209277  	96.424550 
2790.566584  	96.293135 
2790.923891  	96.416349 
2791.281198  	96.581836 
2791.638505  	96.623532 
2791.995812  	96.558519 
2792.353119  	96.548133 
2792.710426  	96.475595 
2793.067732  	96.277512 
2793.425039  	96.300503 
2793.782346  	96.437782 
2794.139653  	96.396014 
2794.496960  	96.295387 
2794.854267  	96.163369 
2795.211574  	96.139889 
2795.568880  	96.442123 
2795.926187  	96.679435 
2796.283494  	96.493757 
2796.640801  	96.290814 
2796.998108  	96.392963 
2797.355415  	96.478664 
2797.712722  	96.390070 
2798.070028  	96.301826 
2798.427335  	96.225449 
2798.784642  	96.144990 
2799.141949  	96.015030 
2799.499256  	95.923185 
2799.856563  	96.039934 
2800.213870  	96.069127 
2800.571176  	95.964918 
2800.928483  	96.088576 
2801.285790  	96.203560 
2801.643097  	95.971647 
2802.000404  	95.674431 
2802.357711  	95.699729 
2802.715018  	95.857532 
2803.072324  	95.799883 
2803.429631  	95.804671 
2803.786938  	95.990459 
2804.144245  	95.950084 
2804.501552  	95.662416 
2804.858859  	95.458783 
2805.216166  	95.518446 
2805.573473  	95.667685 
2805.930779  	95.685412 
2806.288086  	95.635646 
2806.645393  	95.538376 
2807.002700  	95.510801 
2807.360007  	95.597734 
2807.717314  	95.472577 
2808.074621  	95.296545 
2808.431927  	95.395256 
2808.789234  	95.402126 
2809.146541  	95.086428 
2809.503848  	94.888107 
2809.861155  	95.131832 
2810.218462  	95.372324 
2810.575769  	95.229489 
2810.933075  	95.031972 
2811.290382  	94.842827 
2811.647689  	94.592512 
2812.004996  	94.530589 
2812.362303  	94.498093 
2812.719610  	94.345517 
2813.076917  	94.445907 
2813.434223  	94.829587 
2813.791530  	94.908860 
2814.148837  	94.544161 
2814.506144  	94.281056 
2814.863451  	94.237506 
2815.220758  	94.195041 
2815.578065  	94.195579 
2815.935371  	94.194411 
2816.292678  	94.089200 
2816.649985  	93.994195 
2817.007292  	93.936928 
2817.364599  	93.776663 
2817.721906  	93.701751 
2818.079213  	93.737828 
2818.436520  	93.570867 
2818.793826  	93.545055 
2819.151133  	93.697311 
2819.508440  	93.485473 
2819.865747  	93.175308 
2820.223054  	93.171334 
2820.580361  	93.381725 
2820.937668  	93.404518 
2821.294974  	93.091840 
2821.652281  	92.934394 
2822.009588  	92.955095 
2822.366895  	92.901333 
2822.724202  	92.858282 
2823.081509  	92.837381 
2823.438816  	92.834212 
2823.796122  	92.713711 
2824.153429  	92.461595 
2824.510736  	92.304552 
2824.868043  	92.242912 
2825.225350  	92.173551 
2825.582657  	92.104885 
2825.939964  	92.061125 
2826.297270  	91.983546 
2826.654577  	92.039748 
2827.011884  	92.169554 
2827.369191  	91.962126 
2827.726498  	91.639287 
2828.083805  	91.375829 
2828.441112  	91.183911 
2828.798418  	91.275174 
2829.155725  	91.295955 
2829.513032  	91.194910 
2829.870339  	91.142708 
2830.227646  	90.832072 
2830.584953  	90.524338 
2830.942260  	90.561109 
2831.299567  	90.655002 
2831.656873  	90.652501 
2832.014180  	90.616401 
2832.371487  	90.415791 
2832.728794  	90.141877 
2833.086101  	90.111536 
2833.443408  	90.019814 
2833.800715  	89.731213 
2834.158021  	89.716931 
2834.515328  	89.834973 
2834.872635  	89.749556 
2835.229942  	89.617657 
2835.587249  	89.538320 
2835.944556  	89.398088 
2836.301863  	89.233154 
2836.659169  	89.119402 
2837.016476  	88.938194 
2837.373783  	88.900452 
2837.731090  	88.984402 
2838.088397  	88.695577 
2838.445704  	88.428661 
2838.803011  	88.483048 
2839.160317  	88.388752 
2839.517624  	88.344354 
2839.874931  	88.449388 
2840.232238  	88.325473 
2840.589545  	88.199341 
2840.946852  	88.158155 
2841.304159  	87.991801 
2841.661465  	87.972118 
2842.018772  	88.113341 
2842.376079  	88.079334 
2842.733386  	87.962585 
2843.090693  	87.839500 
2843.448000  	87.759079 
2843.805307  	87.915181 
2844.162613  	87.980368 
2844.519920  	87.828786 
2844.877227  	87.881901 
2845.234534  	88.009123 
2845.591841  	88.011764 
2845.949148  	87.991044 
2846.306455  	87.883590 
2846.663762  	87.835004 
2847.021068  	87.956241 
2847.378375  	88.071159 
2847.735682  	88.024209 
2848.092989  	87.916842 
2848.450296  	88.014828 
2848.807603  	88.044018 
2849.164910  	87.950708 
2849.522216  	88.221913 
2849.879523  	88.538178 
2850.236830  	88.475920 
2850.594137  	88.296998 
2850.951444  	88.315638 
2851.308751  	88.367313 
2851.666058  	88.076713 
2852.023364  	88.040019 
2852.380671  	88.492630 
2852.737978  	88.504228 
2853.095285  	88.320558 
2853.452592  	88.637870 
2853.809899  	88.967428 
2854.167206  	88.958064 
2854.524512  	88.955807 
2854.881819  	89.086367 
2855.239126  	89.071918 
2855.596433  	88.990392 
2855.953740  	89.169404 
2856.311047  	89.502446 
2856.668354  	89.656302 
2857.025660  	89.617219 
2857.382967  	89.711568 
2857.740274  	89.808635 
2858.097581  	89.646442 
2858.454888  	89.648066 
2858.812195  	89.902731 
2859.169502  	90.070004 
2859.526809  	90.211117 
2859.884115  	90.381375 
2860.241422  	90.502517 
2860.598729  	90.501708 
2860.956036  	90.409986 
2861.313343  	90.428293 
2861.670650  	90.518425 
2862.027957  	90.648838 
2862.385263  	90.816374 
2862.742570  	90.787852 
2863.099877  	90.758780 
2863.457184  	90.894966 
2863.814491  	91.060087 
2864.171798  	91.310976 
2864.529105  	91.255448 
2864.886411  	91.076842 
2865.243718  	91.437862 
2865.601025  	91.744818 
2865.958332  	91.855546 
2866.315639  	92.051492 
2866.672946  	91.984031 
2867.030253  	92.084616 
2867.387559  	92.357310 
2867.744866  	92.173427 
2868.102173  	91.933328 
2868.459480  	92.074117 
2868.816787  	92.443806 
2869.174094  	92.723352 
2869.531401  	92.717397 
2869.888707  	92.614256 
2870.246014  	92.669685 
2870.603321  	92.830053 
2870.960628  	92.884291 
2871.317935  	92.848275 
2871.675242  	92.804257 
2872.032549  	92.911369 
2872.389856  	93.124095 
2872.747162  	93.092626 
2873.104469  	93.075799 
2873.461776  	93.255668 
2873.819083  	93.460147 
2874.176390  	93.800632 
2874.533697  	93.994605 
2874.891004  	93.892869 
2875.248310  	93.843523 
2875.605617  	93.916099 
2875.962924  	93.995854 
2876.320231  	94.074340 
2876.677538  	94.217081 
2877.034845  	94.144811 
2877.392152  	93.823757 
2877.749458  	93.808617 
2878.106765  	94.037931 
2878.464072  	94.176385 
2878.821379  	94.346314 
2879.178686  	94.587909 
2879.535993  	94.739862 
2879.893300  	94.708664 
2880.250606  	94.614513 
2880.607913  	94.715243 
2880.965220  	95.026502 
2881.322527  	95.071260 
2881.679834  	94.762740 
2882.037141  	94.657017 
2882.394448  	94.784873 
2882.751754  	94.943410 
2883.109061  	95.154233 
2883.466368  	95.323291 
2883.823675  	95.383306 
2884.180982  	95.285951 
2884.538289  	95.192390 
2884.895596  	95.214870 
2885.252903  	95.245506 
2885.610209  	95.412379 
2885.967516  	95.519303 
2886.324823  	95.326874 
2886.682130  	95.270994 
2887.039437  	95.410453 
2887.396744  	95.352882 
2887.754051  	95.279966 
2888.111357  	95.394444 
2888.468664  	95.445506 
2888.825971  	95.439160 
2889.183278  	95.570353 
2889.540585  	95.772937 
2889.897892  	95.825224 
2890.255199  	95.778235 
2890.612505  	95.885134 
2890.969812  	95.884446 
2891.327119  	95.727081 
2891.684426  	95.829466 
2892.041733  	95.934448 
2892.399040  	95.793231 
2892.756347  	95.640098 
2893.113653  	95.626756 
2893.470960  	95.842799 
2893.828267  	96.098158 
2894.185574  	96.082319 
2894.542881  	95.904058 
2894.900188  	95.940317 
2895.257495  	96.121716 
2895.614801  	96.227282 
2895.972108  	96.331460 
2896.329415  	96.219930 
2896.686722  	96.001725 
2897.044029  	95.951727 
2897.401336  	96.018704 
2897.758643  	96.448353 
2898.115950  	96.712290 
2898.473256  	96.449540 
2898.830563  	96.400333 
2899.187870  	96.430774 
2899.545177  	96.291792 
2899.902484  	96.227425 
2900.259791  	96.222380 
2900.617098  	96.259527 
2900.974404  	96.178732 
2901.331711  	96.171273 
2901.689018  	96.416597 
2902.046325  	96.617494 
2902.403632  	96.663264 
2902.760939  	96.510255 
2903.118246  	96.437268 
2903.475552  	96.594031 
2903.832859  	96.528324 
2904.190166  	96.324990 
2904.547473  	96.393843 
2904.904780  	96.493295 
2905.262087  	96.377910 
2905.619394  	96.374910 
2905.976700  	96.485510 
2906.334007  	96.533848 
2906.691314  	96.673216 
2907.048621  	96.615173 
2907.405928  	96.443559 
2907.763235  	96.620686 
2908.120542  	96.671118 
2908.477848  	96.387134 
2908.835155  	96.329315 
2909.192462  	96.624138 
2909.549769  	96.868327 
2909.907076  	96.884839 
2910.264383  	96.823154 
2910.621690  	96.641321 
2910.978997  	96.506759 
2911.336303  	96.538186 
2911.693610  	96.460007 
2912.050917  	96.367825 
2912.408224  	96.355240 
2912.765531  	96.407567 
2913.122838  	96.567891 
2913.480145  	96.613613 
2913.837451  	96.543908 
2914.194758  	96.573031 
2914.552065  	96.832139 
2914.909372  	97.002186 
2915.266679  	96.683833 
2915.623986  	96.400244 
2915.981293  	96.556451 
2916.338599  	96.849071 
2916.695906  	96.964993 
2917.053213  	96.860280 
2917.410520  	96.762148 
2917.767827  	96.640443 
2918.125134  	96.610110 
2918.482441  	96.783384 
2918.839747  	96.707860 
2919.197054  	96.577866 
2919.554361  	96.680865 
2919.911668  	96.620377 
2920.268975  	96.546772 
2920.626282  	96.714023 
2920.983589  	96.825486 
2921.340895  	96.981627 
2921.698202  	97.264229 
2922.055509  	97.148009 
2922.412816  	96.937120 
2922.770123  	97.108965 
2923.127430  	97.151504 
2923.484737  	97.058858 
2923.842043  	96.866960 
2924.199350  	96.547752 
2924.556657  	96.591722 
2924.913964  	96.641163 
2925.271271  	96.655744 
2925.628578  	96.938742 
2925.985885  	96.935196 
2926.343192  	96.841096 
2926.700498  	96.900872 
2927.057805  	96.775034 
2927.415112  	96.739613 
2927.772419  	96.930587 
2928.129726  	96.912430 
2928.487033  	96.684372 
2928.844340  	96.731164 
2929.201646  	96.877260 
2929.558953  	96.963580 
2929.916260  	97.190699 
2930.273567  	97.120635 
2930.630874  	96.885811 
2930.988181  	96.738535 
2931.345488  	96.521558 
2931.702794  	96.577758 
2932.060101  	96.590354 
2932.417408  	96.527647 
2932.774715  	96.665453 
2933.132022  	96.538949 
2933.489329  	96.572562 
2933.846636  	96.797286 
2934.203942  	96.718373 
2934.561249  	96.663095 
2934.918556  	96.461066 
2935.275863  	96.329006 
2935.633170  	96.558482 
2935.990477  	96.502514 
2936.347784  	96.315671 
2936.705090  	96.446597 
2937.062397  	96.696909 
2937.419704  	96.809430 
2937.777011  	96.774494 
2938.134318  	96.752127 
2938.491625  	96.589280 
2938.848932  	96.331917 
2939.206239  	96.287054 
2939.563545  	96.366476 
2939.920852  	96.491237 
2940.278159  	96.646129 
2940.635466  	96.747159 
2940.992773  	96.710918 
2941.350080  	96.604782 
2941.707387  	96.815006 
2942.064693  	97.145309 
2942.422000  	96.919353 
2942.779307  	96.430582 
2943.136614  	96.406565 
2943.493921  	96.588241 
2943.851228  	96.538445 
2944.208535  	96.642233 
2944.565841  	96.849087 
2944.923148  	96.709262 
2945.280455  	96.680604 
2945.637762  	96.847817 
2945.995069  	96.693610 
2946.352376  	96.610946 
2946.709683  	96.877109 
2947.066989  	96.975545 
2947.424296  	96.784910 
2947.781603  	96.640789 
2948.138910  	96.659614 
2948.496217  	96.680640 
2948.853524  	96.639521 
2949.210831  	96.648562 
2949.568137  	96.701602 
2949.925444  	96.703249 
2950.282751  	96.693016 
2950.640058  	96.653870 
2950.997365  	96.527419 
2951.354672  	96.538586 
2951.711979  	96.633185 
2952.069286  	96.513000 
2952.426592  	96.423852 
2952.783899  	96.453256 
2953.141206  	96.427432 
2953.498513  	96.515991 
2953.855820  	96.603188 
2954.213127  	96.491081 
2954.570434  	96.475582 
2954.927740  	96.662349 
2955.285047  	96.743636 
2955.642354  	96.712670 
2955.999661  	96.743208 
2956.356968  	96.692506 
2956.714275  	96.594769 
2957.071582  	96.504219 
2957.428888  	96.340696 
2957.786195  	96.422645 
2958.143502  	96.628912 
2958.500809  	96.517050 
2958.858116  	96.405251 
2959.215423  	96.481112 
2959.572730  	96.438087 
2959.930036  	96.352850 
2960.287343  	96.450455 
2960.644650  	96.579203 
2961.001957  	96.656393 
2961.359264  	96.690193 
2961.716571  	96.519266 
2962.073878  	96.373937 
2962.431184  	96.455614 
2962.788491  	96.491357 
2963.145798  	96.439426 
2963.503105  	96.398817 
2963.860412  	96.309540 
2964.217719  	96.110501 
2964.575026  	96.048132 
2964.932333  	96.263396 
2965.289639  	96.332662 
2965.646946  	96.269897 
2966.004253  	96.244064 
2966.361560  	96.092954 
2966.718867  	96.101146 
2967.076174  	96.275921 
2967.433481  	96.239286 
2967.790787  	96.089021 
2968.148094  	96.108326 
2968.505401  	96.184292 
2968.862708  	96.043475 
2969.220015  	96.065333 
2969.577322  	96.345624 
2969.934629  	96.320854 
2970.291935  	96.138953 
2970.649242  	96.006351 
2971.006549  	95.868036 
2971.363856  	95.995892 
2971.721163  	96.172622 
2972.078470  	96.014639 
2972.435777  	95.977247 
2972.793083  	96.275083 
2973.150390  	96.244363 
2973.507697  	95.943748 
2973.865004  	95.877578 
2974.222311  	95.869108 
2974.579618  	95.908306 
2974.936925  	95.923335 
2975.294231  	95.864963 
2975.651538  	95.999584 
2976.008845  	96.132365 
2976.366152  	96.223826 
2976.723459  	96.211599 
2977.080766  	96.011634 
2977.438073  	95.962870 
2977.795380  	95.881941 
2978.152686  	95.906777 
2978.509993  	96.278266 
2978.867300  	96.373688 
2979.224607  	96.222390 
2979.581914  	96.109325 
2979.939221  	95.883409 
2980.296528  	95.833106 
2980.653834  	95.967360 
2981.011141  	95.828784 
2981.368448  	95.700707 
2981.725755  	95.888275 
2982.083062  	95.841467 
2982.440369  	95.566502 
2982.797676  	95.527366 
2983.154982  	95.585018 
2983.512289  	95.665079 
2983.869596  	95.717226 
2984.226903  	95.595642 
2984.584210  	95.448885 
2984.941517  	95.567722 
2985.298824  	95.806651 
2985.656130  	95.665696 
2986.013437  	95.588083 
2986.370744  	95.823547 
2986.728051  	95.742880 
2987.085358  	95.680923 
2987.442665  	95.747623 
2987.799972  	95.601888 
2988.157278  	95.652986 
2988.514585  	95.687961 
2988.871892  	95.516179 
2989.229199  	95.553814 
2989.586506  	95.528437 
2989.943813  	95.331322 
2990.301120  	95.377415 
2990.658427  	95.462264 
2991.015733  	95.324894 
2991.373040  	95.319087 
2991.730347  	95.423179 
2992.087654  	95.331935 
2992.444961  	95.255402 
2992.802268  	95.291942 
2993.159575  	95.254763 
2993.516881  	95.167025 
2993.874188  	95.170632 
2994.231495  	95.192613 
2994.588802  	95.103166 
2994.946109  	95.134672 
2995.303416  	95.277844 
2995.660723  	95.141275 
2996.018029  	94.902856 
2996.375336  	94.954223 
2996.732643  	95.082798 
2997.089950  	95.137019 
2997.447257  	95.245010 
2997.804564  	95.065459 
2998.161871  	94.776235 
2998.519177  	95.017850 
2998.876484  	95.220918 
2999.233791  	94.970170 
2999.591098  	94.776656 
2999.948405  	94.734125 
3000.305712  	94.720118 
3000.663019  	94.624492 
3001.020325  	94.427279 
3001.377632  	94.310031 
3001.734939  	94.370696 
3002.092246  	94.497044 
3002.449553  	94.428558 
3002.806860  	94.377132 
3003.164167  	94.494536 
3003.521473  	94.506500 
3003.878780  	94.568377 
3004.236087  	94.627017 
3004.593394  	94.458107 
3004.950701  	94.425128 
3005.308008  	94.648221 
3005.665315  	94.694803 
3006.022622  	94.391224 
3006.379928  	94.140510 
3006.737235  	94.189475 
3007.094542  	94.313691 
3007.451849  	94.227563 
3007.809156  	94.001583 
3008.166463  	93.997478 
3008.523770  	94.025145 
3008.881076  	93.978706 
3009.238383  	94.287729 
3009.595690  	94.638205 
3009.952997  	94.453422 
3010.310304  	93.967043 
3010.667611  	93.798543 
3011.024918  	93.957445 
3011.382224  	94.024779 
3011.739531  	94.020463 
3012.096838  	93.864968 
3012.454145  	93.743653 
3012.811452  	93.904237 
3013.168759  	93.826777 
3013.526066  	93.592859 
3013.883372  	93.518559 
3014.240679  	93.557081 
3014.597986  	93.641654 
3014.955293  	93.438540 
3015.312600  	93.232035 
3015.669907  	93.282101 
3016.027214  	93.336336 
3016.384520  	93.379234 
3016.741827  	93.365967 
3017.099134  	93.498647 
3017.456441  	93.640904 
3017.813748  	93.539259 
3018.171055  	93.513821 
3018.528362  	93.394719 
3018.885669  	93.203554 
3019.242975  	93.203464 
3019.600282  	93.132474 
3019.957589  	93.065260 
3020.314896  	93.129291 
3020.672203  	92.961754 
3021.029510  	92.589655 
3021.386817  	92.636440 
3021.744123  	92.978357 
3022.101430  	93.212833 
3022.458737  	93.436298 
3022.816044  	93.330717 
3023.173351  	93.159509 
3023.530658  	93.180088 
3023.887965  	92.938270 
3024.245271  	92.870990 
3024.602578  	92.934150 
3024.959885  	92.760525 
3025.317192  	92.728869 
3025.674499  	92.741156 
3026.031806  	92.718159 
3026.389113  	92.730622 
3026.746419  	92.775358 
3027.103726  	92.710643 
3027.461033  	92.389795 
3027.818340  	92.305223 
3028.175647  	92.440266 
3028.532954  	92.446997 
3028.890261  	92.431408 
3029.247567  	92.466832 
3029.604874  	92.530272 
3029.962181  	92.372331 
3030.319488  	92.216574 
3030.676795  	92.322156 
3031.034102  	92.442732 
3031.391409  	92.519165 
3031.748716  	92.349516 
3032.106022  	92.243791 
3032.463329  	92.566596 
3032.820636  	92.731480 
3033.177943  	92.484885 
3033.535250  	92.252045 
3033.892557  	92.363651 
3034.249864  	92.366285 
3034.607170  	92.079645 
3034.964477  	92.007379 
3035.321784  	92.085465 
3035.679091  	92.354672 
3036.036398  	92.584732 
3036.393705  	92.397451 
3036.751012  	92.275381 
3037.108318  	92.211035 
3037.465625  	92.137157 
3037.822932  	92.229768 
3038.180239  	92.219979 
3038.537546  	92.199884 
3038.894853  	92.261510 
3039.252160  	92.238013 
3039.609466  	92.170554 
3039.966773  	92.092056 
3040.324080  	92.016316 
3040.681387  	92.143719 
3041.038694  	92.360938 
3041.396001  	92.171934 
3041.753308  	91.974923 
3042.110614  	92.191442 
3042.467921  	92.292203 
3042.825228  	92.166992 
3043.182535  	91.970114 
3043.539842  	91.767909 
3043.897149  	91.649738 
3044.254456  	91.511266 
3044.611763  	91.391502 
3044.969069  	91.323749 
3045.326376  	91.572555 
3045.683683  	91.942760 
3046.040990  	91.664551 
3046.398297  	91.294122 
3046.755604  	91.401020 
3047.112911  	91.324573 
3047.470217  	90.961597 
3047.827524  	90.833514 
3048.184831  	91.026168 
3048.542138  	91.137274 
3048.899445  	90.990570 
3049.256752  	90.835036 
3049.614059  	90.734119 
3049.971365  	90.724951 
3050.328672  	90.825309 
3050.685979  	90.811037 
3051.043286  	90.690473 
3051.400593  	90.653692 
3051.757900  	90.785427 
3052.115207  	90.903394 
3052.472513  	90.595577 
3052.829820  	90.194674 
3053.187127  	90.306438 
3053.544434  	90.529469 
3053.901741  	90.517472 
3054.259048  	90.460923 
3054.616355  	90.357512 
3054.973661  	90.277944 
3055.330968  	90.277932 
3055.688275  	90.325785 
3056.045582  	90.195695 
3056.402889  	89.844997 
3056.760196  	89.880753 
3057.117503  	90.066541 
3057.474810  	89.966775 
3057.832116  	90.061913 
3058.189423  	90.149885 
3058.546730  	89.980717 
3058.904037  	89.900739 
3059.261344  	89.926715 
3059.618651  	90.005175 
3059.975958  	89.955579 
3060.333264  	89.766891 
3060.690571  	89.777011 
3061.047878  	89.993366 
3061.405185  	90.025746 
3061.762492  	89.761744 
3062.119799  	89.838798 
3062.477106  	90.168955 
3062.834412  	90.146284 
3063.191719  	90.140433 
3063.549026  	90.162520 
3063.906333  	90.157628 
3064.263640  	90.370205 
3064.620947  	90.330468 
3064.978254  	90.089897 
3065.335560  	89.963914 
3065.692867  	89.793599 
3066.050174  	89.720946 
3066.407481  	89.918237 
3066.764788  	90.168298 
3067.122095  	90.148191 
3067.479402  	90.157388 
3067.836708  	90.343559 
3068.194015  	90.334120 
3068.551322  	90.393341 
3068.908629  	90.560615 
3069.265936  	90.523025 
3069.623243  	90.393834 
3069.980550  	90.469569 
3070.337857  	90.778862 
3070.695163  	90.747596 
3071.052470  	90.645208 
3071.409777  	90.909902 
3071.767084  	90.981190 
3072.124391  	91.005128 
3072.481698  	91.022111 
3072.839005  	90.844575 
3073.196311  	90.835652 
3073.553618  	90.917964 
3073.910925  	91.229999 
3074.268232  	91.524685 
3074.625539  	91.345356 
3074.982846  	91.423731 
3075.340153  	91.767307 
3075.697459  	91.712881 
3076.054766  	91.585886 
3076.412073  	91.718866 
3076.769380  	91.763872 
3077.126687  	91.572083 
3077.483994  	91.516363 
3077.841301  	91.589933 
3078.198607  	91.523360 
3078.555914  	91.475746 
3078.913221  	91.523115 
3079.270528  	91.602356 
3079.627835  	91.842404 
3079.985142  	91.930066 
3080.342449  	91.505136 
3080.699755  	91.233907 
3081.057062  	91.422386 
3081.414369  	91.576281 
3081.771676  	91.614535 
3082.128983  	91.514019 
3082.486290  	91.502629 
3082.843597  	91.729072 
3083.200904  	91.761322 
3083.558210  	91.741648 
3083.915517  	91.777808 
3084.272824  	91.641633 
3084.630131  	91.473386 
3084.987438  	91.463357 
3085.344745  	91.687520 
3085.702052  	91.830742 
3086.059358  	91.800369 
3086.416665  	91.740869 
3086.773972  	91.495051 
3087.131279  	91.483002 
3087.488586  	91.773212 
3087.845893  	91.714829 
3088.203200  	91.475280 
3088.560506  	91.418907 
3088.917813  	91.422341 
3089.275120  	91.427685 
3089.632427  	91.463368 
3089.989734  	91.488763 
3090.347041  	91.477214 
3090.704348  	91.393612 
3091.061654  	91.164347 
3091.418961  	91.006439 
3091.776268  	91.123333 
3092.133575  	91.228211 
3092.490882  	91.180475 
3092.848189  	91.204643 
3093.205496  	91.366870 
3093.562802  	91.483066 
3093.920109  	91.426439 
3094.277416  	91.449702 
3094.634723  	91.512930 
3094.992030  	91.267345 
3095.349337  	91.143900 
3095.706644  	91.144711 
3096.063950  	90.921825 
3096.421257  	91.147112 
3096.778564  	91.397225 
3097.135871  	91.116288 
3097.493178  	91.268363 
3097.850485  	91.617931 
3098.207792  	91.548702 
3098.565099  	91.417715 
3098.922405  	91.344688 
3099.279712  	91.433021 
3099.637019  	91.519091 
3099.994326  	91.417495 
3100.351633  	91.341903 
3100.708940  	91.218401 
3101.066247  	91.045119 
3101.423553  	91.136636 
3101.780860  	91.409886 
3102.138167  	91.385487 
3102.495474  	91.279817 
3102.852781  	91.248155 
3103.210088  	90.968578 
3103.567395  	91.037934 
3103.924701  	91.404654 
3104.282008  	91.301094 
3104.639315  	91.159160 
3104.996622  	91.167943 
3105.353929  	91.179125 
3105.711236  	91.290440 
3106.068543  	91.181399 
3106.425849  	90.908177 
3106.783156  	90.942337 
3107.140463  	91.193429 
3107.497770  	91.167119 
3107.855077  	90.914157 
3108.212384  	90.957828 
3108.569691  	91.309453 
3108.926997  	91.483970 
3109.284304  	91.354673 
3109.641611  	91.321368 
3109.998918  	91.325782 
3110.356225  	91.079007 
3110.713532  	90.841083 
3111.070839  	90.824977 
3111.428146  	90.974518 
3111.785452  	91.027566 
3112.142759  	91.007595 
3112.500066  	91.123659 
3112.857373  	91.105993 
3113.214680  	91.068500 
3113.571987  	91.063772 
3113.929294  	90.898826 
3114.286600  	90.937562 
3114.643907  	90.990791 
3115.001214  	90.856833 
3115.358521  	90.949383 
3115.715828  	91.030975 
3116.073135  	91.003424 
3116.430442  	91.359556 
3116.787748  	91.661576 
3117.145055  	91.338685 
3117.502362  	91.103687 
3117.859669  	91.181820 
3118.216976  	91.096394 
3118.574283  	91.145425 
3118.931590  	91.204948 
3119.288896  	90.944379 
3119.646203  	90.861068 
3120.003510  	91.173772 
3120.360817  	91.485212 
3120.718124  	91.435155 
3121.075431  	91.376396 
3121.432738  	91.488217 
3121.790044  	91.316331 
3122.147351  	91.122032 
3122.504658  	91.214836 
3122.861965  	91.360655 
3123.219272  	91.364328 
3123.576579  	91.202919 
3123.933886  	91.239821 
3124.291193  	91.447337 
3124.648499  	91.453401 
3125.005806  	91.328445 
3125.363113  	91.229932 
3125.720420  	91.121786 
3126.077727  	91.035041 
3126.435034  	91.244810 
3126.792341  	91.541085 
3127.149647  	91.554799 
3127.506954  	91.484213 
3127.864261  	91.365645 
3128.221568  	91.445807 
3128.578875  	91.682440 
3128.936182  	91.430285 
3129.293489  	91.091453 
3129.650795  	91.060270 
3130.008102  	91.026553 
3130.365409  	91.132390 
3130.722716  	91.398786 
3131.080023  	91.541725 
3131.437330  	91.443664 
3131.794637  	91.290073 
3132.151943  	91.362471 
3132.509250  	91.336127 
3132.866557  	91.081736 
3133.223864  	91.189638 
3133.581171  	91.431294 
3133.938478  	91.243411 
3134.295785  	91.099868 
3134.653091  	91.060026 
3135.010398  	90.816091 
3135.367705  	90.860262 
3135.725012  	91.139838 
3136.082319  	91.203341 
3136.439626  	91.270586 
3136.796933  	91.370977 
3137.154240  	91.331773 
3137.511546  	91.314866 
3137.868853  	91.480454 
3138.226160  	91.613706 
3138.583467  	91.491463 
3138.940774  	91.327794 
3139.298081  	91.240511 
3139.655388  	91.205767 
3140.012694  	91.248824 
3140.370001  	91.323721 
3140.727308  	91.502704 
3141.084615  	91.602088 
3141.441922  	91.555625 
3141.799229  	91.649745 
3142.156536  	91.537285 
3142.513842  	91.268090 
3142.871149  	91.415976 
3143.228456  	91.424803 
3143.585763  	91.173571 
3143.943070  	91.257363 
3144.300377  	91.217762 
3144.657684  	91.054810 
3145.014990  	91.318162 
3145.372297  	91.528706 
3145.729604  	91.198797 
3146.086911  	90.720549 
3146.444218  	90.796243 
3146.801525  	91.223667 
3147.158832  	91.288564 
3147.516138  	91.184385 
3147.873445  	91.214726 
3148.230752  	91.283659 
3148.588059  	91.311863 
3148.945366  	91.324643 
3149.302673  	91.311606 
3149.659980  	91.274489 
3150.017287  	91.620190 
3150.374593  	92.077876 
3150.731900  	92.115093 
3151.089207  	91.914309 
3151.446514  	91.510566 
3151.803821  	91.348825 
3152.161128  	91.376924 
3152.518435  	91.123661 
3152.875741  	91.136209 
3153.233048  	91.361202 
3153.590355  	91.585352 
3153.947662  	91.770963 
3154.304969  	91.723812 
3154.662276  	91.813012 
3155.019583  	91.697351 
3155.376889  	91.509167 
3155.734196  	91.825055 
3156.091503  	91.964039 
3156.448810  	91.842458 
3156.806117  	91.760416 
3157.163424  	91.663357 
3157.520731  	91.667544 
3157.878037  	91.794651 
3158.235344  	91.824930 
3158.592651  	91.384608 
3158.949958  	91.131906 
3159.307265  	91.393087 
3159.664572  	91.374264 
3160.021879  	91.356250 
3160.379185  	91.476131 
3160.736492  	91.343470 
3161.093799  	91.217585 
3161.451106  	91.150336 
3161.808413  	91.251012 
3162.165720  	91.576905 
3162.523027  	91.748269 
3162.880334  	91.627707 
3163.237640  	91.333112 
3163.594947  	91.039637 
3163.952254  	90.937067 
3164.309561  	91.085748 
3164.666868  	91.293358 
3165.024175  	91.392665 
3165.381482  	91.446348 
3165.738788  	91.394386 
3166.096095  	91.107036 
3166.453402  	90.895816 
3166.810709  	91.067877 
3167.168016  	91.307940 
3167.525323  	91.431712 
3167.882630  	91.444315 
3168.239936  	91.282834 
3168.597243  	91.231224 
3168.954550  	91.285438 
3169.311857  	91.264662 
3169.669164  	91.178115 
3170.026471  	91.064328 
3170.383778  	91.123048 
3170.741084  	91.216639 
3171.098391  	91.354897 
3171.455698  	91.569080 
3171.813005  	91.360186 
3172.170312  	91.002542 
3172.527619  	91.070124 
3172.884926  	91.261245 
3173.242232  	91.083902 
3173.599539  	90.730165 
3173.956846  	90.861952 
3174.314153  	91.380920 
3174.671460  	91.533405 
3175.028767  	91.260261 
3175.386074  	91.137871 
3175.743380  	91.061043 
3176.100687  	90.763923 
3176.457994  	90.809785 
3176.815301  	91.058959 
3177.172608  	90.999622 
3177.529915  	90.926723 
3177.887222  	90.907728 
3178.244529  	90.924107 
3178.601835  	91.002783 
3178.959142  	90.982585 
3179.316449  	91.015108 
3179.673756  	91.161129 
3180.031063  	91.227427 
3180.388370  	91.179184 
3180.745677  	91.050361 
3181.102983  	90.780251 
3181.460290  	90.659488 
3181.817597  	90.897357 
3182.174904  	90.990225 
3182.532211  	90.798032 
3182.889518  	90.691590 
3183.246825  	90.853193 
3183.604131  	91.049899 
3183.961438  	90.841814 
3184.318745  	90.534955 
3184.676052  	90.553788 
3185.033359  	90.691075 
3185.390666  	90.903744 
3185.747973  	91.212417 
3186.105279  	91.224102 
3186.462586  	90.927048 
3186.819893  	90.881954 
3187.177200  	90.933921 
3187.534507  	90.860392 
3187.891814  	90.929870 
3188.249121  	90.786464 
3188.606427  	90.583968 
3188.963734  	90.701116 
3189.321041  	90.716672 
3189.678348  	90.779816 
3190.035655  	91.016798 
3190.392962  	91.114353 
3190.750269  	91.101246 
3191.107576  	91.092584 
3191.464882  	91.221848 
3191.822189  	91.344411 
3192.179496  	91.322509 
3192.536803  	91.265896 
3192.894110  	91.071436 
3193.251417  	90.837514 
3193.608724  	90.787309 
3193.966030  	90.909601 
3194.323337  	91.139462 
3194.680644  	91.242316 
3195.037951  	91.102542 
3195.395258  	90.904366 
3195.752565  	90.805554 
3196.109872  	90.962785 
3196.467178  	91.150667 
3196.824485  	91.048545 
3197.181792  	91.093083 
3197.539099  	91.423899 
3197.896406  	91.627309 
3198.253713  	91.622087 
3198.611020  	91.391903 
3198.968326  	91.219325 
3199.325633  	91.436728 
3199.682940  	91.744209 
3200.040247  	91.704103 
3200.397554  	91.491140 
3200.754861  	91.593412 
3201.112168  	91.644457 
3201.469474  	91.443225 
3201.826781  	91.480148 
3202.184088  	91.553987 
3202.541395  	91.482938 
3202.898702  	91.410050 
3203.256009  	91.505030 
3203.613316  	91.747456 
3203.970623  	91.569445 
3204.327929  	91.367308 
3204.685236  	91.744276 
3205.042543  	91.969602 
3205.399850  	91.621081 
3205.757157  	91.354752 
3206.114464  	91.657700 
3206.471771  	91.999990 
3206.829077  	91.848695 
3207.186384  	91.561424 
3207.543691  	91.635357 
3207.900998  	92.000497 
3208.258305  	92.013816 
3208.615612  	91.611125 
3208.972919  	91.400389 
3209.330225  	91.451012 
3209.687532  	91.489130 
3210.044839  	91.564393 
3210.402146  	91.797115 
3210.759453  	91.924372 
3211.116760  	91.820281 
3211.474067  	91.564389 
3211.831373  	91.482547 
3212.188680  	91.953833 
3212.545987  	92.124481 
3212.903294  	91.788711 
3213.260601  	91.818081 
3213.617908  	91.799193 
3213.975215  	91.756783 
3214.332521  	92.052580 
3214.689828  	92.144944 
3215.047135  	92.133984 
3215.404442  	91.936505 
3215.761749  	91.547494 
3216.119056  	91.687440 
3216.476363  	91.965971 
3216.833670  	91.747748 
3217.190976  	91.617350 
3217.548283  	91.948674 
3217.905590  	92.246692 
3218.262897  	92.156618 
3218.620204  	91.921954 
3218.977511  	91.953666 
3219.334818  	92.106432 
3219.692124  	91.987938 
3220.049431  	91.963511 
3220.406738  	92.299783 
3220.764045  	92.409448 
3221.121352  	92.075014 
3221.478659  	91.845827 
3221.835966  	91.987931 
3222.193272  	92.098353 
3222.550579  	91.987602 
3222.907886  	91.958090 
3223.265193  	92.094822 
3223.622500  	92.186171 
3223.979807  	92.257892 
3224.337114  	92.355169 
3224.694420  	92.318483 
3225.051727  	92.339803 
3225.409034  	92.387900 
3225.766341  	92.254755 
3226.123648  	92.325742 
3226.480955  	92.436530 
3226.838262  	92.248686 
3227.195568  	92.175974 
3227.552875  	92.431486 
3227.910182  	92.717431 
3228.267489  	92.522281 
3228.624796  	92.111545 
3228.982103  	92.090108 
3229.339410  	92.072275 
3229.696717  	91.907645 
3230.054023  	91.969507 
3230.411330  	92.049151 
3230.768637  	92.001671 
3231.125944  	92.274408 
3231.483251  	92.773654 
3231.840558  	92.839472 
3232.197865  	92.682151 
3232.555171  	92.639792 
3232.912478  	92.513007 
3233.269785  	92.496972 
3233.627092  	92.711750 
3233.984399  	92.786604 
3234.341706  	92.572604 
3234.699013  	92.549195 
3235.056319  	92.778368 
3235.413626  	92.629507 
3235.770933  	92.468543 
3236.128240  	92.795664 
3236.485547  	92.993492 
3236.842854  	92.904033 
3237.200161  	93.000785 
3237.557467  	93.091009 
3237.914774  	92.863910 
3238.272081  	92.769488 
3238.629388  	92.858451 
3238.986695  	92.758384 
3239.344002  	92.738472 
3239.701309  	92.807235 
3240.058615  	92.769183 
3240.415922  	92.732609 
3240.773229  	92.760455 
3241.130536  	92.867742 
3241.487843  	92.738323 
3241.845150  	92.682794 
3242.202457  	93.034060 
3242.559764  	92.952452 
3242.917070  	92.686351 
3243.274377  	92.724564 
3243.631684  	92.586486 
3243.988991  	92.770169 
3244.346298  	93.074634 
3244.703605  	92.757325 
3245.060912  	92.710559 
3245.418218  	93.042877 
3245.775525  	93.143099 
3246.132832  	93.152760 
3246.490139  	93.066566 
3246.847446  	93.259299 
3247.204753  	93.582196 
3247.562060  	93.326090 
3247.919366  	93.031002 
3248.276673  	93.047384 
3248.633980  	92.964545 
3248.991287  	92.843910 
3249.348594  	92.826919 
3249.705901  	92.814179 
3250.063208  	92.833727 
3250.420514  	92.864984 
3250.777821  	92.716079 
3251.135128  	92.748069 
3251.492435  	92.982758 
3251.849742  	92.820448 
3252.207049  	92.792944 
3252.564356  	93.118803 
3252.921662  	93.170114 
3253.278969  	93.178791 
3253.636276  	93.312429 
3253.993583  	93.386179 
3254.350890  	93.391261 
3254.708197  	93.420429 
3255.065504  	93.381293 
3255.422810  	92.985254 
3255.780117  	92.719692 
3256.137424  	92.872059 
3256.494731  	93.123441 
3256.852038  	93.437913 
3257.209345  	93.409583 
3257.566652  	93.103669 
3257.923959  	93.090090 
3258.281265  	93.135805 
3258.638572  	93.033261 
3258.995879  	92.933186 
3259.353186  	92.925250 
3259.710493  	92.976411 
3260.067800  	92.976095 
3260.425107  	93.022608 
3260.782413  	93.193440 
3261.139720  	93.236400 
3261.497027  	93.000019 
3261.854334  	92.924119 
3262.211641  	93.199340 
3262.568948  	93.397262 
3262.926255  	93.418136 
3263.283561  	93.349835 
3263.640868  	93.199047 
3263.998175  	92.997308 
3264.355482  	92.835528 
3264.712789  	92.843790 
3265.070096  	92.871105 
3265.427403  	93.052181 
3265.784709  	93.280080 
3266.142016  	92.920513 
3266.499323  	92.589088 
3266.856630  	92.936005 
3267.213937  	93.243470 
3267.571244  	93.131909 
3267.928551  	92.972433 
3268.285857  	93.057797 
3268.643164  	93.369345 
3269.000471  	93.587319 
3269.357778  	93.349143 
3269.715085  	92.956119 
3270.072392  	93.025402 
3270.429699  	93.245169 
3270.787006  	93.347595 
3271.144312  	93.506578 
3271.501619  	93.362499 
3271.858926  	93.062259 
3272.216233  	93.127217 
3272.573540  	93.392957 
3272.930847  	93.496253 
3273.288154  	93.385090 
3273.645460  	93.366244 
3274.002767  	93.402872 
3274.360074  	93.282177 
3274.717381  	93.147920 
3275.074688  	93.027875 
3275.431995  	93.076688 
3275.789302  	93.245616 
3276.146608  	93.325258 
3276.503915  	93.520614 
3276.861222  	93.594550 
3277.218529  	93.376693 
3277.575836  	93.279945 
3277.933143  	93.357305 
3278.290450  	93.435741 
3278.647756  	93.442061 
3279.005063  	93.399753 
3279.362370  	93.246832 
3279.719677  	93.074465 
3280.076984  	93.195384 
3280.434291  	93.265859 
3280.791598  	93.131156 
3281.148904  	93.235354 
3281.506211  	93.432015 
3281.863518  	93.474708 
3282.220825  	93.357814 
3282.578132  	93.346727 
3282.935439  	93.614795 
3283.292746  	93.599056 
3283.650053  	93.502321 
3284.007359  	93.608217 
3284.364666  	93.295382 
3284.721973  	93.140560 
3285.079280  	93.467997 
3285.436587  	93.524817 
3285.793894  	93.486505 
3286.151201  	93.449687 
3286.508507  	93.429696 
3286.865814  	93.601403 
3287.223121  	93.567728 
3287.580428  	93.498391 
3287.937735  	93.577528 
3288.295042  	93.642287 
3288.652349  	93.689228 
3289.009655  	93.477657 
3289.366962  	93.410597 
3289.724269  	93.710382 
3290.081576  	93.815554 
3290.438883  	93.976920 
3290.796190  	94.200528 
3291.153497  	93.903621 
3291.510803  	93.612852 
3291.868110  	93.754245 
3292.225417  	93.825370 
3292.582724  	93.820886 
3292.940031  	93.839920 
3293.297338  	93.793377 
3293.654645  	93.875963 
3294.011951  	93.808723 
3294.369258  	93.598179 
3294.726565  	93.750627 
3295.083872  	94.039378 
3295.441179  	94.099713 
3295.798486  	94.005483 
3296.155793  	94.068688 
3296.513100  	94.171000 
3296.870406  	93.974257 
3297.227713  	93.824067 
3297.585020  	93.756628 
3297.942327  	93.652330 
3298.299634  	93.789569 
3298.656941  	93.989290 
3299.014248  	93.937816 
3299.371554  	93.781645 
3299.728861  	93.850306 
3300.086168  	93.978263 
3300.443475  	94.128202 
3300.800782  	94.346195 
3301.158089  	94.205329 
3301.515396  	94.020309 
3301.872702  	93.811015 
3302.230009  	93.531641 
3302.587316  	93.776527 
3302.944623  	94.010701 
3303.301930  	94.188178 
3303.659237  	94.468988 
3304.016544  	94.178155 
3304.373850  	93.780301 
3304.731157  	93.647991 
3305.088464  	93.662379 
3305.445771  	93.827991 
3305.803078  	93.918309 
3306.160385  	93.940107 
3306.517692  	93.937011 
3306.874998  	94.119333 
3307.232305  	94.341701 
3307.589612  	94.287904 
3307.946919  	94.100518 
3308.304226  	93.868624 
3308.661533  	94.073981 
3309.018840  	94.531925 
3309.376147  	94.390853 
3309.733453  	93.987851 
3310.090760  	93.971319 
3310.448067  	94.065209 
3310.805374  	93.875119 
3311.162681  	93.906791 
3311.519988  	94.142223 
3311.877295  	94.223456 
3312.234601  	94.537895 
3312.591908  	94.559146 
3312.949215  	94.163204 
3313.306522  	94.046826 
3313.663829  	94.029225 
3314.021136  	94.052228 
3314.378443  	94.076574 
3314.735749  	94.047241 
3315.093056  	94.145150 
3315.450363  	94.286183 
3315.807670  	94.208591 
3316.164977  	93.957083 
3316.522284  	94.152392 
3316.879591  	94.537336 
3317.236897  	94.589874 
3317.594204  	94.496957 
3317.951511  	94.210214 
3318.308818  	94.089646 
3318.666125  	94.279861 
3319.023432  	94.417041 
3319.380739  	94.375314 
3319.738045  	94.341837 
3320.095352  	94.594825 
3320.452659  	94.550841 
3320.809966  	94.389347 
3321.167273  	94.622069 
3321.524580  	94.656242 
3321.881887  	94.604762 
3322.239194  	94.475419 
3322.596500  	94.288865 
3322.953807  	94.355193 
3323.311114  	94.363099 
3323.668421  	94.522045 
3324.025728  	94.648314 
3324.383035  	94.462176 
3324.740342  	94.363017 
3325.097648  	94.407440 
3325.454955  	94.632180 
3325.812262  	94.813698 
3326.169569  	94.762483 
3326.526876  	94.490041 
3326.884183  	94.258860 
3327.241490  	94.325739 
3327.598796  	94.341921 
3327.956103  	94.714947 
3328.313410  	95.234947 
3328.670717  	95.175192 
3329.028024  	95.056245 
3329.385331  	94.794905 
3329.742638  	94.644592 
3330.099944  	94.822699 
3330.457251  	94.664049 
3330.814558  	94.640701 
3331.171865  	94.776029 
3331.529172  	94.752182 
3331.886479  	94.752736 
3332.243786  	94.569388 
3332.601092  	94.574521 
3332.958399  	94.776851 
3333.315706  	94.757195 
3333.673013  	94.685769 
3334.030320  	94.622282 
3334.387627  	94.787292 
3334.744934  	95.018167 
3335.102240  	94.837659 
3335.459547  	94.608752 
3335.816854  	94.655137 
3336.174161  	94.779558 
3336.531468  	94.808922 
3336.888775  	94.916304 
3337.246082  	95.261696 
3337.603389  	95.379270 
3337.960695  	95.117533 
3338.318002  	94.978307 
3338.675309  	95.038412 
3339.032616  	95.072752 
3339.389923  	95.120147 
3339.747230  	95.273333 
3340.104537  	95.347161 
3340.461843  	95.273395 
3340.819150  	95.350889 
3341.176457  	95.543625 
3341.533764  	95.659175 
3341.891071  	95.687866 
3342.248378  	95.566512 
3342.605685  	95.453065 
3342.962991  	95.286314 
3343.320298  	94.982914 
3343.677605  	95.020805 
3344.034912  	95.322564 
3344.392219  	95.408452 
3344.749526  	95.530916 
3345.106833  	95.818803 
3345.464139  	95.746404 
3345.821446  	95.573087 
3346.178753  	95.841058 
3346.536060  	95.822060 
3346.893367  	95.380587 
3347.250674  	95.289967 
3347.607981  	95.294690 
3347.965287  	95.173821 
3348.322594  	95.261756 
3348.679901  	95.355739 
3349.037208  	95.279044 
3349.394515  	95.475952 
3349.751822  	95.895893 
3350.109129  	96.013081 
3350.466436  	96.036656 
3350.823742  	95.981216 
3351.181049  	95.677226 
3351.538356  	95.485371 
3351.895663  	95.445795 
3352.252970  	95.678119 
3352.610277  	96.069518 
3352.967584  	96.071185 
3353.324890  	95.864099 
3353.682197  	95.782462 
3354.039504  	95.732733 
3354.396811  	95.540685 
3354.754118  	95.424612 
3355.111425  	95.549986 
3355.468732  	95.562168 
3355.826038  	95.578492 
3356.183345  	95.762119 
3356.540652  	95.824319 
3356.897959  	95.759153 
3357.255266  	95.726298 
3357.612573  	95.720075 
3357.969880  	95.687340 
3358.327186  	95.788722 
3358.684493  	95.891287 
3359.041800  	95.880147 
3359.399107  	96.014289 
3359.756414  	96.110569 
3360.113721  	96.174030 
3360.471028  	96.214206 
3360.828334  	96.072486 
3361.185641  	96.069344 
3361.542948  	96.016076 
3361.900255  	95.860034 
3362.257562  	95.974626 
3362.614869  	96.116427 
3362.972176  	96.179844 
3363.329483  	96.309005 
3363.686789  	96.411126 
3364.044096  	96.315224 
3364.401403  	96.124089 
3364.758710  	96.051617 
3365.116017  	95.929697 
3365.473324  	95.711198 
3365.830631  	95.832555 
3366.187937  	96.322084 
3366.545244  	96.298978 
3366.902551  	95.941922 
3367.259858  	96.190876 
3367.617165  	96.412353 
3367.974472  	96.302916 
3368.331779  	96.334879 
3368.689085  	96.358577 
3369.046392  	96.422978 
3369.403699  	96.385751 
3369.761006  	96.211429 
3370.118313  	96.138047 
3370.475620  	96.208302 
3370.832927  	96.372516 
3371.190233  	96.231885 
3371.547540  	96.059183 
3371.904847  	95.994074 
3372.262154  	95.874682 
3372.619461  	96.180041 
3372.976768  	96.435810 
3373.334075  	96.489361 
3373.691381  	96.552229 
3374.048688  	96.218348 
3374.405995  	96.208325 
3374.763302  	96.389589 
3375.120609  	96.136424 
3375.477916  	96.251239 
3375.835223  	96.578100 
3376.192530  	96.513031 
3376.549836  	96.367527 
3376.907143  	96.448376 
3377.264450  	96.561498 
3377.621757  	96.438130 
3377.979064  	96.469688 
3378.336371  	96.730875 
3378.693678  	96.795535 
3379.050984  	96.608082 
3379.408291  	96.376102 
3379.765598  	96.431839 
3380.122905  	96.670330 
3380.480212  	96.719572 
3380.837519  	96.535274 
3381.194826  	96.406238 
3381.552132  	96.417580 
3381.909439  	96.227075 
3382.266746  	96.258878 
3382.624053  	96.593569 
3382.981360  	96.591919 
3383.338667  	96.598559 
3383.695974  	96.594248 
3384.053280  	96.594362 
3384.410587  	96.855456 
3384.767894  	96.552976 
3385.125201  	96.110910 
3385.482508  	96.326232 
3385.839815  	96.530854 
3386.197122  	96.466449 
3386.554428  	96.342501 
3386.911735  	96.318039 
3387.269042  	96.428768 
3387.626349  	96.631602 
3387.983656  	96.733538 
3388.340963  	96.513572 
3388.698270  	96.527254 
3389.055577  	96.686820 
3389.412883  	96.686774 
3389.770190  	96.932271 
3390.127497  	96.836962 
3390.484804  	96.420382 
3390.842111  	96.473688 
3391.199418  	96.716981 
3391.556725  	96.942869 
3391.914031  	96.996771 
3392.271338  	96.649737 
3392.628645  	96.252611 
3392.985952  	96.300262 
3393.343259  	96.721809 
3393.700566  	96.875371 
3394.057873  	96.776033 
3394.415179  	96.696679 
3394.772486  	96.669319 
3395.129793  	96.849850 
3395.487100  	96.955841 
3395.844407  	96.873936 
3396.201714  	96.770265 
3396.559021  	96.679813 
3396.916327  	96.775658 
3397.273634  	96.806059 
3397.630941  	96.726150 
3397.988248  	96.883108 
3398.345555  	96.928525 
3398.702862  	96.645886 
3399.060169  	96.523683 
3399.417475  	96.710825 
3399.774782  	96.847167 
3400.132089  	96.875340 
3400.489396  	96.764642 
3400.846703  	96.523654 
3401.204010  	96.600930 
3401.561317  	96.828065 
3401.918624  	96.838304 
3402.275930  	96.893340 
3402.633237  	96.833420 
3402.990544  	96.641709 
3403.347851  	96.808817 
3403.705158  	97.066560 
3404.062465  	97.049095 
3404.419772  	96.996081 
3404.777078  	97.058832 
3405.134385  	97.235661 
3405.491692  	97.270311 
3405.848999  	97.114347 
3406.206306  	97.127931 
3406.563613  	96.994744 
3406.920920  	96.726900 
3407.278226  	96.888120 
3407.635533  	96.909290 
3407.992840  	96.670874 
3408.350147  	96.856771 
3408.707454  	96.952679 
3409.064761  	96.754735 
3409.422068  	96.948843 
3409.779374  	97.133750 
3410.136681  	96.932955 
3410.493988  	96.885122 
3410.851295  	96.964806 
3411.208602  	96.980124 
3411.565909  	96.956877 
3411.923216  	96.813125 
3412.280522  	96.949473 
3412.637829  	97.261725 
3412.995136  	97.155940 
3413.352443  	97.043193 
3413.709750  	97.188488 
3414.067057  	97.225786 
3414.424364  	97.344520 
3414.781671  	97.461591 
3415.138977  	97.134509 
3415.496284  	97.041118 
3415.853591  	97.310860 
3416.210898  	97.006657 
3416.568205  	96.727483 
3416.925512  	96.919315 
3417.282819  	97.031051 
3417.640125  	97.303637 
3417.997432  	97.331166 
3418.354739  	96.981373 
3418.712046  	97.078773 
3419.069353  	97.223547 
3419.426660  	97.117619 
3419.783967  	97.130792 
3420.141273  	97.171610 
3420.498580  	97.220331 
3420.855887  	97.209699 
3421.213194  	97.054498 
3421.570501  	97.046634 
3421.927808  	97.202345 
3422.285115  	97.269974 
3422.642421  	97.434191 
3422.999728  	97.542121 
3423.357035  	97.178836 
3423.714342  	97.047266 
3424.071649  	97.456526 
3424.428956  	97.661459 
3424.786263  	97.479709 
3425.143569  	97.163159 
3425.500876  	97.058824 
3425.858183  	97.249281 
3426.215490  	97.391047 
3426.572797  	97.408791 
3426.930104  	97.335154 
3427.287411  	97.211447 
3427.644717  	97.223442 
3428.002024  	97.380355 
3428.359331  	97.477790 
3428.716638  	97.357960 
3429.073945  	97.203482 
3429.431252  	97.422913 
3429.788559  	97.674953 
3430.145866  	97.141444 
3430.503172  	96.628351 
3430.860479  	97.072660 
3431.217786  	97.396483 
3431.575093  	97.105267 
3431.932400  	96.937389 
3432.289707  	97.009803 
3432.647014  	97.195755 
3433.004320  	97.429588 
3433.361627  	97.485342 
3433.718934  	97.319876 
3434.076241  	97.439923 
3434.433548  	97.737275 
3434.790855  	97.451354 
3435.148162  	97.248099 
3435.505468  	97.607707 
3435.862775  	97.644272 
3436.220082  	97.466551 
3436.577389  	97.631838 
3436.934696  	97.853354 
3437.292003  	97.795429 
3437.649310  	97.506588 
3438.006616  	97.321936 
3438.363923  	97.309066 
3438.721230  	97.303427 
3439.078537  	97.400053 
3439.435844  	97.474895 
3439.793151  	97.314438 
3440.150458  	97.334165 
3440.507764  	97.725428 
3440.865071  	97.941066 
3441.222378  	97.787800 
3441.579685  	97.610282 
3441.936992  	97.710154 
3442.294299  	97.961855 
3442.651606  	97.921284 
3443.008913  	97.714224 
3443.366219  	97.533255 
3443.723526  	97.254776 
3444.080833  	97.222706 
3444.438140  	97.338572 
3444.795447  	97.280694 
3445.152754  	97.374161 
3445.510061  	97.380061 
3445.867367  	97.390655 
3446.224674  	97.750927 
3446.581981  	97.517361 
3446.939288  	97.088956 
3447.296595  	97.459556 
3447.653902  	97.672350 
3448.011209  	97.739722 
3448.368515  	98.062298 
3448.725822  	98.130063 
3449.083129  	98.122122 
3449.440436  	98.015509 
3449.797743  	97.729500 
3450.155050  	97.567164 
3450.512357  	97.405878 
3450.869663  	97.372344 
3451.226970  	97.704164 
3451.584277  	97.798739 
3451.941584  	97.347612 
3452.298891  	97.199104 
3452.656198  	97.522703 
3453.013505  	97.743292 
3453.370811  	97.825119 
3453.728118  	97.675683 
3454.085425  	97.640894 
3454.442732  	97.916318 
3454.800039  	97.888322 
3455.157346  	97.773052 
3455.514653  	97.750303 
3455.871960  	97.740497 
3456.229266  	97.957958 
3456.586573  	97.929469 
3456.943880  	97.712278 
3457.301187  	97.727582 
3457.658494  	97.620595 
3458.015801  	97.509954 
3458.373108  	97.774810 
3458.730414  	98.075640 
3459.087721  	97.983548 
3459.445028  	97.643549 
3459.802335  	97.555798 
3460.159642  	97.782953 
3460.516949  	97.784686 
3460.874256  	97.684400 
3461.231562  	97.835380 
3461.588869  	97.658861 
3461.946176  	97.587616 
3462.303483  	98.049826 
3462.660790  	97.887914 
3463.018097  	97.560566 
3463.375404  	97.899954 
3463.732710  	97.960214 
3464.090017  	97.735664 
3464.447324  	97.790112 
3464.804631  	97.834591 
3465.161938  	97.776825 
3465.519245  	97.834394 
3465.876552  	97.963398 
3466.233858  	98.157472 
3466.591165  	98.202304 
3466.948472  	97.811316 
3467.305779  	97.569591 
3467.663086  	97.614140 
3468.020393  	97.521142 
3468.377700  	97.517405 
3468.735007  	97.525389 
3469.092313  	97.593868 
3469.449620  	97.841487 
3469.806927  	97.914101 
3470.164234  	98.048288 
3470.521541  	98.206394 
3470.878848  	98.090166 
3471.236155  	98.058176 
3471.593461  	98.101291 
3471.950768  	98.090136 
3472.308075  	98.173992 
3472.665382  	98.081624 
3473.022689  	97.831226 
3473.379996  	98.015886 
3473.737303  	98.274610 
3474.094609  	98.086553 
3474.451916  	98.019120 
3474.809223  	98.178660 
3475.166530  	98.222600 
3475.523837  	98.044236 
3475.881144  	97.891453 
3476.238451  	98.151856 
3476.595757  	98.194303 
3476.953064  	97.998763 
3477.310371  	98.289003 
3477.667678  	98.556496 
3478.024985  	98.468612 
3478.382292  	98.198912 
3478.739599  	97.934431 
3479.096905  	98.066853 
3479.454212  	98.240917 
3479.811519  	98.136719 
3480.168826  	98.096014 
3480.526133  	98.062153 
3480.883440  	97.850350 
3481.240747  	97.840152 
3481.598054  	98.087438 
3481.955360  	98.187421 
3482.312667  	98.329384 
3482.669974  	98.538956 
3483.027281  	98.373834 
3483.384588  	98.084467 
3483.741895  	98.192750 
3484.099202  	98.391240 
3484.456508  	98.139060 
3484.813815  	98.022696 
3485.171122  	98.223696 
3485.528429  	98.112745 
3485.885736  	98.022461 
3486.243043  	97.965690 
3486.600350  	97.819158 
3486.957656  	98.054180 
3487.314963  	98.352986 
3487.672270  	98.271152 
3488.029577  	97.942699 
3488.386884  	97.993157 
3488.744191  	98.455102 
3489.101498  	98.316920 
3489.458804  	97.920222 
3489.816111  	98.004525 
3490.173418  	98.116328 
3490.530725  	98.130873 
3490.888032  	98.464206 
3491.245339  	98.746257 
3491.602646  	98.391138 
3491.959952  	98.006086 
3492.317259  	98.093023 
3492.674566  	98.195304 
3493.031873  	98.117752 
3493.389180  	97.935651 
3493.746487  	97.832239 
3494.103794  	97.996300 
3494.461101  	98.342561 
3494.818407  	98.616514 
3495.175714  	98.602917 
3495.533021  	98.448971 
3495.890328  	98.249972 
3496.247635  	98.108377 
3496.604942  	98.107295 
3496.962249  	98.053237 
3497.319555  	98.192583 
3497.676862  	98.495143 
3498.034169  	98.499105 
3498.391476  	98.390389 
3498.748783  	98.453175 
3499.106090  	98.604327 
3499.463397  	98.659998 
3499.820703  	98.556038 
3500.178010  	98.457437 
3500.535317  	98.537993 
3500.892624  	98.527773 
3501.249931  	98.206524 
3501.607238  	98.150600 
3501.964545  	98.472921 
3502.321851  	98.597275 
3502.679158  	98.566671 
3503.036465  	98.551623 
3503.393772  	98.402284 
3503.751079  	98.132375 
3504.108386  	98.032418 
3504.465693  	98.037066 
3504.822999  	97.907502 
3505.180306  	97.953741 
3505.537613  	98.177990 
3505.894920  	98.310763 
3506.252227  	98.411798 
3506.609534  	98.370442 
3506.966841  	98.193847 
3507.324147  	98.180750 
3507.681454  	98.303969 
3508.038761  	98.256338 
3508.396068  	98.210287 
3508.753375  	98.390950 
3509.110682  	98.532498 
3509.467989  	98.688705 
3509.825296  	98.574250 
3510.182602  	98.041592 
3510.539909  	98.174464 
3510.897216  	98.719646 
3511.254523  	98.619858 
3511.611830  	98.271637 
3511.969137  	98.205334 
3512.326444  	98.316252 
3512.683750  	98.575019 
3513.041057  	98.623450 
3513.398364  	98.394450 
3513.755671  	98.438439 
3514.112978  	98.550803 
3514.470285  	98.344432 
3514.827592  	98.225454 
3515.184898  	98.395718 
3515.542205  	98.565859 
3515.899512  	98.633809 
3516.256819  	98.613321 
3516.614126  	98.269340 
3516.971433  	98.051701 
3517.328740  	98.392785 
3517.686046  	98.390952 
3518.043353  	98.168189 
3518.400660  	98.266804 
3518.757967  	98.135026 
3519.115274  	98.255317 
3519.472581  	98.634157 
3519.829888  	98.457169 
3520.187194  	98.292388 
3520.544501  	98.460646 
3520.901808  	98.554980 
3521.259115  	98.510345 
3521.616422  	98.565313 
3521.973729  	98.754437 
3522.331036  	98.682137 
3522.688343  	98.390741 
3523.045649  	98.414787 
3523.402956  	98.729291 
3523.760263  	98.727188 
3524.117570  	98.563911 
3524.474877  	98.608632 
3524.832184  	98.574349 
3525.189491  	98.634791 
3525.546797  	98.730718 
3525.904104  	98.555249 
3526.261411  	98.608864 
3526.618718  	98.945477 
3526.976025  	98.969674 
3527.333332  	98.518885 
3527.690639  	98.098235 
3528.047945  	97.989227 
3528.405252  	98.042037 
3528.762559  	98.399774 
3529.119866  	98.720715 
3529.477173  	98.744808 
3529.834480  	98.564923 
3530.191787  	98.244106 
3530.549093  	98.253557 
3530.906400  	98.317205 
3531.263707  	98.328240 
3531.621014  	98.566373 
3531.978321  	98.461858 
3532.335628  	98.404503 
3532.692935  	98.702833 
3533.050241  	98.729583 
3533.407548  	98.661045 
3533.764855  	98.672997 
3534.122162  	98.694617 
3534.479469  	98.713026 
3534.836776  	98.533596 
3535.194083  	98.436496 
3535.551390  	98.740242 
3535.908696  	98.894570 
3536.266003  	98.451294 
3536.623310  	98.148788 
3536.980617  	98.304425 
3537.337924  	98.432946 
3537.695231  	98.563777 
3538.052538  	98.580199 
3538.409844  	98.579143 
3538.767151  	98.904258 
3539.124458  	99.046095 
3539.481765  	98.756415 
3539.839072  	98.609150 
3540.196379  	98.733314 
3540.553686  	98.707250 
3540.910992  	98.600921 
3541.268299  	98.647871 
3541.625606  	98.651068 
3541.982913  	98.695517 
3542.340220  	98.674345 
3542.697527  	98.540684 
3543.054834  	98.811592 
3543.412140  	98.897678 
3543.769447  	98.496645 
3544.126754  	98.537941 
3544.484061  	98.581680 
3544.841368  	98.205307 
3545.198675  	98.250362 
3545.555982  	98.655865 
3545.913288  	98.809824 
3546.270595  	98.651706 
3546.627902  	98.612068 
3546.985209  	98.861224 
3547.342516  	98.686768 
3547.699823  	98.309181 
3548.057130  	98.453044 
3548.414437  	98.369181 
3548.771743  	98.152557 
3549.129050  	98.426356 
3549.486357  	98.537747 
3549.843664  	98.338066 
3550.200971  	98.376407 
3550.558278  	98.387614 
3550.915585  	98.306354 
3551.272891  	98.449427 
3551.630198  	98.646820 
3551.987505  	98.814126 
3552.344812  	98.728697 
3552.702119  	98.327925 
3553.059426  	98.457458 
3553.416733  	98.827524 
3553.774039  	98.619857 
3554.131346  	98.466730 
3554.488653  	98.787248 
3554.845960  	98.807450 
3555.203267  	98.568076 
3555.560574  	98.756110 
3555.917881  	99.013322 
3556.275187  	98.690937 
3556.632494  	98.350649 
3556.989801  	98.646500 
3557.347108  	98.960911 
3557.704415  	98.612193 
3558.061722  	98.252220 
3558.419029  	98.602989 
3558.776335  	99.043443 
3559.133642  	98.993712 
3559.490949  	98.892531 
3559.848256  	98.868491 
3560.205563  	98.809662 
3560.562870  	98.909348 
3560.920177  	98.803283 
3561.277484  	98.469189 
3561.634790  	98.423996 
3561.992097  	98.519203 
3562.349404  	98.620612 
3562.706711  	98.779550 
3563.064018  	98.860517 
3563.421325  	98.837257 
3563.778632  	98.808407 
3564.135938  	99.077458 
3564.493245  	99.231666 
3564.850552  	98.865622 
3565.207859  	98.805196 
3565.565166  	98.859996 
3565.922473  	98.417363 
3566.279780  	98.312281 
3566.637086  	98.504503 
3566.994393  	98.501543 
3567.351700  	98.774027 
3567.709007  	98.910082 
3568.066314  	98.712060 
3568.423621  	98.757418 
3568.780928  	98.784700 
3569.138234  	98.589642 
3569.495541  	98.919252 
3569.852848  	99.402658 
3570.210155  	99.371341 
3570.567462  	99.352593 
3570.924769  	99.488387 
3571.282076  	99.276699 
3571.639382  	99.024245 
3571.996689  	99.006089 
3572.353996  	99.002236 
3572.711303  	98.921696 
3573.068610  	98.739923 
3573.425917  	98.531358 
3573.783224  	98.646040 
3574.140531  	98.948046 
3574.497837  	98.946373 
3574.855144  	98.765367 
3575.212451  	98.713437 
3575.569758  	98.799669 
3575.927065  	98.730680 
3576.284372  	98.629516 
3576.641679  	99.025068 
3576.998985  	99.291158 
3577.356292  	98.784026 
3577.713599  	98.466006 
3578.070906  	98.944372 
3578.428213  	99.444282 
3578.785520  	99.459136 
3579.142827  	99.341843 
3579.500133  	99.130193 
3579.857440  	98.966964 
3580.214747  	99.185533 
3580.572054  	99.017729 
3580.929361  	98.591796 
3581.286668  	98.813611 
3581.643975  	99.075819 
3582.001281  	99.021592 
3582.358588  	99.152654 
3582.715895  	99.370804 
3583.073202  	99.333310 
3583.430509  	99.126477 
3583.787816  	99.000736 
3584.145123  	99.044310 
3584.502429  	99.244201 
3584.859736  	99.430264 
3585.217043  	99.462103 
3585.574350  	99.465159 
3585.931657  	99.499474 
3586.288964  	99.301974 
3586.646271  	98.601523 
3587.003577  	97.746957 
3587.360884  	97.479064 
3587.718191  	97.866004 
3588.075498  	98.464626 
3588.432805  	98.807024 
3588.790112  	98.737715 
3589.147419  	98.633025 
3589.504726  	98.778636 
3589.862032  	99.060700 
3590.219339  	99.199834 
3590.576646  	99.172301 
3590.933953  	99.094650 
3591.291260  	99.266971 
3591.648567  	99.718684 
3592.005874  	99.574542 
3592.363180  	98.917607 
3592.720487  	98.998942 
3593.077794  	99.404557 
3593.435101  	99.292391 
3593.792408  	99.193796 
3594.149715  	98.791416 
3594.507022  	98.207233 
3594.864328  	98.563956 
3595.221635  	99.237695 
3595.578942  	98.928820 
3595.936249  	98.416968 
3596.293556  	98.836984 
3596.650863  	99.389067 
3597.008170  	99.082382 
3597.365476  	98.705653 
3597.722783  	98.907266 
3598.080090  	98.874328 
3598.437397  	98.757957 
3598.794704  	98.787593 
3599.152011  	98.746672 
3599.509318  	99.043961 
3599.866624  	99.097891 
3600.223931  	98.878312 
3600.581238  	98.953090 
3600.938545  	98.886166 
3601.295852  	99.108034 
3601.653159  	99.437769 
3602.010466  	99.046968 
3602.367773  	98.793843 
3602.725079  	98.892745 
3603.082386  	99.020863 
3603.439693  	99.274641 
3603.797000  	99.353164 
3604.154307  	99.082868 
3604.511614  	98.891394 
3604.868921  	99.098096 
3605.226227  	99.367434 
3605.583534  	99.328237 
3605.940841  	98.928409 
3606.298148  	98.532622 
3606.655455  	98.773800 
3607.012762  	98.988389 
3607.370069  	98.604895 
3607.727375  	98.652917 
3608.084682  	99.084025 
3608.441989  	99.331239 
3608.799296  	99.334438 
3609.156603  	99.125901 
3609.513910  	98.930251 
3609.871217  	98.831809 
3610.228523  	99.044095 
3610.585830  	99.171353 
3610.943137  	99.182042 
3611.300444  	99.187121 
3611.657751  	98.858491 
3612.015058  	98.922466 
3612.372365  	99.293840 
3612.729671  	98.626669 
3613.086978  	98.213656 
3613.444285  	98.800440 
3613.801592  	99.146912 
3614.158899  	99.268144 
3614.516206  	99.165156 
3614.873513  	98.950471 
3615.230820  	98.939048 
3615.588126  	99.151463 
3615.945433  	99.393534 
3616.302740  	99.279577 
3616.660047  	98.947061 
3617.017354  	98.948569 
3617.374661  	99.255225 
3617.731968  	99.145419 
3618.089274  	98.956636 
3618.446581  	99.397054 
3618.803888  	99.169431 
3619.161195  	98.644249 
3619.518502  	99.078409 
3619.875809  	99.342776 
3620.233116  	98.902477 
3620.590422  	98.753051 
3620.947729  	98.742301 
3621.305036  	98.971618 
3621.662343  	99.252903 
3622.019650  	99.360599 
3622.376957  	99.527389 
3622.734264  	99.476916 
3623.091570  	99.245226 
3623.448877  	99.066916 
3623.806184  	98.953224 
3624.163491  	99.151244 
3624.520798  	99.371974 
3624.878105  	99.305415 
3625.235412  	99.260478 
3625.592718  	99.368263 
3625.950025  	99.463508 
3626.307332  	99.276301 
3626.664639  	98.937843 
3627.021946  	98.672037 
3627.379253  	98.482328 
3627.736560  	98.469307 
3628.093867  	98.399149 
3628.451173  	98.712832 
3628.808480  	99.532142 
3629.165787  	98.767123 
3629.523094  	98.358171 
3629.880401  	99.051378 
3630.237708  	98.855256 
3630.595015  	98.710589 
3630.952321  	98.953138 
3631.309628  	99.129702 
3631.666935  	99.204929 
3632.024242  	99.008793 
3632.381549  	98.929842 
3632.738856  	99.047681 
3633.096163  	98.938692 
3633.453469  	99.088054 
3633.810776  	99.446623 
3634.168083  	99.227391 
3634.525390  	99.001769 
3634.882697  	99.098485 
3635.240004  	99.167590 
3635.597311  	99.230350 
3635.954617  	99.027230 
3636.311924  	98.803618 
3636.669231  	98.686915 
3637.026538  	98.472417 
3637.383845  	98.632805 
3637.741152  	98.992679 
3638.098459  	99.081011 
3638.455765  	98.997087 
3638.813072  	98.897954 
3639.170379  	99.072599 
3639.527686  	99.144095 
3639.884993  	98.930238 
3640.242300  	98.764588 
3640.599607  	98.680106 
3640.956914  	98.965931 
3641.314220  	99.207232 
3641.671527  	98.945545 
3642.028834  	98.817990 
3642.386141  	99.026611 
3642.743448  	99.318539 
3643.100755  	99.307413 
3643.458062  	98.997744 
3643.815368  	98.976705 
3644.172675  	99.150964 
3644.529982  	99.199376 
3644.887289  	98.997368 
3645.244596  	98.658776 
3645.601903  	98.624987 
3645.959210  	98.872535 
3646.316516  	99.053227 
3646.673823  	99.131714 
3647.031130  	99.206595 
3647.388437  	99.163800 
3647.745744  	99.028904 
3648.103051  	98.840363 
3648.460358  	98.587072 
3648.817664  	98.538108 
3649.174971  	98.633756 
3649.532278  	98.993278 
3649.889585  	99.001860 
3650.246892  	97.931306 
3650.604199  	97.681338 
3650.961506  	98.374814 
3651.318812  	98.745181 
3651.676119  	98.870236 
3652.033426  	99.041722 
3652.390733  	99.274499 
3652.748040  	99.371104 
3653.105347  	99.182155 
3653.462654  	99.111082 
3653.819961  	99.113177 
3654.177267  	98.992132 
3654.534574  	98.971923 
3654.891881  	98.881488 
3655.249188  	98.659870 
3655.606495  	98.616474 
3655.963802  	98.697013 
3656.321109  	98.601252 
3656.678415  	98.205031 
3657.035722  	98.160045 
3657.393029  	98.728204 
3657.750336  	99.022242 
3658.107643  	99.133253 
3658.464950  	99.345881 
3658.822257  	99.235967 
3659.179563  	99.000661 
3659.536870  	98.959059 
3659.894177  	98.834001 
3660.251484  	98.755356 
3660.608791  	98.884575 
3660.966098  	99.206485 
3661.323405  	99.407595 
3661.680711  	99.202145 
3662.038018  	99.085594 
3662.395325  	99.280877 
3662.752632  	99.526148 
3663.109939  	99.618936 
3663.467246  	99.423679 
3663.824553  	99.186943 
3664.181859  	99.029262 
3664.539166  	98.937830 
3664.896473  	99.193428 
3665.253780  	99.527622 
3665.611087  	99.310464 
3665.968394  	99.006725 
3666.325701  	99.196191 
3666.683008  	99.474460 
3667.040314  	99.692184 
3667.397621  	99.629247 
3667.754928  	99.162181 
3668.112235  	98.996207 
3668.469542  	98.971408 
3668.826849  	98.813614 
3669.184156  	98.917520 
3669.541462  	98.833123 
3669.898769  	98.734955 
3670.256076  	98.929886 
3670.613383  	99.075066 
3670.970690  	99.146647 
3671.327997  	99.557300 
3671.685304  	100.081123 
3672.042610  	99.926168 
3672.399917  	99.519822 
3672.757224  	99.472502 
3673.114531  	99.619639 
3673.471838  	99.476406 
3673.829145  	98.995108 
3674.186452  	98.605335 
3674.543758  	98.376001 
3674.901065  	98.203352 
3675.258372  	98.275153 
3675.615679  	98.514802 
3675.972986  	98.893668 
3676.330293  	98.713470 
3676.687600  	98.672563 
3677.044906  	98.976372 
3677.402213  	99.092324 
3677.759520  	99.326352 
3678.116827  	99.102596 
3678.474134  	98.758062 
3678.831441  	99.246434 
3679.188748  	99.501974 
3679.546054  	99.121668 
3679.903361  	98.895739 
3680.260668  	99.196139 
3680.617975  	99.621568 
3680.975282  	99.291475 
3681.332589  	98.912835 
3681.689896  	99.139146 
3682.047203  	99.262677 
3682.404509  	99.091543 
3682.761816  	98.954663 
3683.119123  	99.228740 
3683.476430  	99.572926 
3683.833737  	99.618069 
3684.191044  	99.672260 
3684.548351  	99.547264 
3684.905657  	99.538395 
3685.262964  	99.724736 
3685.620271  	99.483148 
3685.977578  	99.447464 
3686.334885  	99.774796 
3686.692192  	99.701319 
3687.049499  	99.463926 
3687.406805  	99.516220 
3687.764112  	99.652996 
3688.121419  	99.593043 
3688.478726  	99.160296 
3688.836033  	98.578822 
3689.193340  	99.072470 
3689.550647  	99.825776 
3689.907953  	99.749998 
3690.265260  	99.422799 
3690.622567  	99.461893 
3690.979874  	99.888752 
3691.337181  	99.796092 
3691.694488  	99.108619 
3692.051795  	99.366762 
3692.409101  	99.621566 
3692.766408  	99.067340 
3693.123715  	98.987287 
3693.481022  	99.574815 
3693.838329  	99.909458 
3694.195636  	99.807483 
3694.552943  	99.613397 
3694.910250  	99.460263 
3695.267556  	99.169339 
3695.624863  	99.130677 
3695.982170  	99.447224 
3696.339477  	99.493359 
3696.696784  	99.441996 
3697.054091  	99.459340 
3697.411398  	99.313944 
3697.768704  	99.214724 
3698.126011  	99.308827 
3698.483318  	99.526826 
3698.840625  	99.538777 
3699.197932  	99.385902 
3699.555239  	99.408845 
3699.912546  	99.496096 
3700.269852  	99.586240 
3700.627159  	99.355970 
3700.984466  	98.762898 
3701.341773  	98.474850 
3701.699080  	98.584222 
3702.056387  	99.014775 
3702.413694  	99.290525 
3702.771000  	99.068961 
3703.128307  	99.103221 
3703.485614  	99.376405 
3703.842921  	99.612453 
3704.200228  	99.583254 
3704.557535  	99.334737 
3704.914842  	99.284915 
3705.272148  	99.249710 
3705.629455  	99.281592 
3705.986762  	99.375290 
3706.344069  	99.193941 
3706.701376  	99.324295 
3707.058683  	99.635117 
3707.415990  	99.656104 
3707.773297  	99.725787 
3708.130603  	99.701055 
3708.487910  	99.453842 
3708.845217  	99.023219 
3709.202524  	98.860030 
3709.559831  	99.517914 
3709.917138  	99.619892 
3710.274445  	98.904815 
3710.631751  	98.793886 
3710.989058  	99.026872 
3711.346365  	99.577500 
3711.703672  	100.168897 
3712.060979  	99.928998 
3712.418286  	99.383256 
3712.775593  	98.848433 
3713.132899  	98.359232 
3713.490206  	98.594126 
3713.847513  	99.166914 
3714.204820  	99.507490 
3714.562127  	99.695681 
3714.919434  	99.614342 
3715.276741  	99.463812 
3715.634047  	99.804719 
3715.991354  	99.894531 
3716.348661  	99.703100 
3716.705968  	99.806076 
3717.063275  	99.601557 
3717.420582  	99.348054 
3717.777889  	99.428096 
3718.135195  	99.374464 
3718.492502  	99.463954 
3718.849809  	99.485167 
3719.207116  	99.186877 
3719.564423  	99.187394 
3719.921730  	99.394097 
3720.279037  	99.441935 
3720.636344  	99.271772 
3720.993650  	99.230736 
3721.350957  	99.191208 
3721.708264  	98.582601 
3722.065571  	98.210532 
3722.422878  	98.701744 
3722.780185  	99.300904 
3723.137492  	99.508724 
3723.494798  	99.501460 
3723.852105  	99.566497 
3724.209412  	99.421061 
3724.566719  	99.360541 
3724.924026  	99.540896 
3725.281333  	99.041564 
3725.638640  	98.772171 
3725.995946  	99.252037 
3726.353253  	99.089716 
3726.710560  	98.802071 
3727.067867  	99.027535 
3727.425174  	99.251610 
3727.782481  	99.547887 
3728.139788  	99.746356 
3728.497094  	99.633576 
3728.854401  	99.360349 
3729.211708  	99.190570 
3729.569015  	99.336113 
3729.926322  	99.386739 
3730.283629  	99.162064 
3730.640936  	99.197260 
3730.998242  	99.478528 
3731.355549  	99.616540 
3731.712856  	99.188375 
3732.070163  	98.318478 
3732.427470  	98.317630 
3732.784777  	98.914410 
3733.142084  	99.112156 
3733.499391  	99.421931 
3733.856697  	99.811770 
3734.214004  	99.818221 
3734.571311  	99.197333 
3734.928618  	98.350561 
3735.285925  	97.818403 
3735.643232  	98.096304 
3736.000539  	99.168998 
3736.357845  	99.804078 
3736.715152  	99.748003 
3737.072459  	99.232195 
3737.429766  	98.754046 
3737.787073  	99.258196 
3738.144380  	99.754365 
3738.501687  	99.840743 
3738.858993  	99.798679 
3739.216300  	99.704852 
3739.573607  	99.883359 
3739.930914  	99.759925 
3740.288221  	99.497696 
3740.645528  	99.751443 
3741.002835  	99.663253 
3741.360141  	99.442027 
3741.717448  	99.836024 
3742.074755  	99.917603 
3742.432062  	99.524156 
3742.789369  	99.224664 
3743.146676  	99.209303 
3743.503983  	99.242673 
3743.861289  	98.801149 
3744.218596  	98.183189 
3744.575903  	98.539094 
3744.933210  	99.930300 
3745.290517  	100.108228 
3745.647824  	99.315256 
3746.005131  	99.202237 
3746.362438  	99.826791 
3746.719744  	100.112686 
3747.077051  	99.918449 
3747.434358  	99.977935 
3747.791665  	100.011817 
3748.148972  	99.849567 
3748.506279  	99.603268 
3748.863586  	99.240892 
3749.220892  	99.679348 
3749.578199  	100.343783 
3749.935506  	99.697242 
3750.292813  	99.459244 
3750.650120  	99.222590 
3751.007427  	98.843944 
3751.364734  	99.153380 
3751.722040  	99.916085 
3752.079347  	100.132831 
3752.436654  	98.954310 
3752.793961  	98.211961 
3753.151268  	99.216403 
3753.508575  	99.742831 
3753.865882  	99.877043 
3754.223188  	99.927313 
3754.580495  	99.644234 
3754.937802  	99.471026 
3755.295109  	99.501875 
3755.652416  	99.534285 
3756.009723  	99.553664 
3756.367030  	99.630928 
3756.724336  	99.840470 
3757.081643  	99.724596 
3757.438950  	99.570239 
3757.796257  	99.776933 
3758.153564  	99.656758 
3758.510871  	99.404341 
3758.868178  	99.698871 
3759.225484  	100.134221 
3759.582791  	100.040067 
3759.940098  	99.640338 
3760.297405  	99.123759 
3760.654712  	98.797061 
3761.012019  	99.197635 
3761.369326  	99.438733 
3761.726633  	99.306750 
3762.083939  	99.559271 
3762.441246  	99.972609 
3762.798553  	100.246914 
3763.155860  	100.285613 
3763.513167  	99.926991 
3763.870474  	99.589082 
3764.227781  	99.395553 
3764.585087  	99.368341 
3764.942394  	99.548536 
3765.299701  	99.691723 
3765.657008  	99.575160 
3766.014315  	99.286972 
3766.371622  	99.350409 
3766.728929  	99.457021 
3767.086235  	99.525071 
3767.443542  	99.725635 
3767.800849  	99.753655 
3768.158156  	99.898195 
3768.515463  	99.975496 
3768.872770  	99.723080 
3769.230077  	99.652890 
3769.587383  	99.520137 
3769.944690  	99.437374 
3770.301997  	99.632578 
3770.659304  	99.572115 
3771.016611  	99.647617 
3771.373918  	99.760649 
3771.731225  	99.570150 
3772.088531  	99.502894 
3772.445838  	99.902084 
3772.803145  	99.994604 
3773.160452  	99.503372 
3773.517759  	99.295781 
3773.875066  	99.342521 
3774.232373  	99.383811 
3774.589680  	99.532084 
3774.946986  	99.421423 
3775.304293  	99.123314 
3775.661600  	99.188434 
3776.018907  	99.574016 
3776.376214  	99.584495 
3776.733521  	99.278979 
3777.090828  	99.164332 
3777.448134  	99.028150 
3777.805441  	99.088724 
3778.162748  	99.357790 
3778.520055  	99.320679 
3778.877362  	99.342875 
3779.234669  	99.572911 
3779.591976  	99.456581 
3779.949282  	99.023997 
3780.306589  	98.997776 
3780.663896  	99.234356 
3781.021203  	99.364295 
3781.378510  	99.611447 
3781.735817  	99.557279 
3782.093124  	99.191939 
3782.450430  	99.238682 
3782.807737  	99.548343 
3783.165044  	99.719422 
3783.522351  	99.627241 
3783.879658  	99.399223 
3784.236965  	99.247585 
3784.594272  	99.182919 
3784.951578  	99.388594 
3785.308885  	99.634535 
3785.666192  	99.558452 
3786.023499  	99.415593 
3786.380806  	99.385641 
3786.738113  	99.388250 
3787.095420  	99.433131 
3787.452727  	99.635036 
3787.810033  	99.729646 
3788.167340  	99.463783 
3788.524647  	99.219803 
3788.881954  	99.393096 
3789.239261  	99.599095 
3789.596568  	99.312964 
3789.953875  	99.130776 
3790.311181  	99.271786 
3790.668488  	99.116460 
3791.025795  	99.185856 
3791.383102  	99.524358 
3791.740409  	99.328709 
3792.097716  	99.261512 
3792.455023  	99.712782 
3792.812329  	99.710890 
3793.169636  	99.338380 
3793.526943  	99.563841 
3793.884250  	99.997281 
3794.241557  	99.650288 
3794.598864  	99.060693 
3794.956171  	99.116000 
3795.313477  	99.233328 
3795.670784  	98.870605 
3796.028091  	98.695983 
3796.385398  	99.038989 
3796.742705  	99.394957 
3797.100012  	99.345035 
3797.457319  	99.206921 
3797.814625  	99.181184 
3798.171932  	98.949665 
3798.529239  	98.885021 
3798.886546  	99.175292 
3799.243853  	99.296656 
3799.601160  	99.219385 
3799.958467  	98.983880 
3800.315774  	99.115753 
3800.673080  	99.806948 
3801.030387  	99.694181 
3801.387694  	99.009084 
3801.745001  	98.972285 
3802.102308  	98.905919 
3802.459615  	99.036580 
3802.816922  	99.379121 
3803.174228  	99.527729 
3803.531535  	99.270198 
3803.888842  	98.937757 
3804.246149  	98.984981 
3804.603456  	99.055718 
3804.960763  	99.118716 
3805.318070  	99.251299 
3805.675376  	99.212645 
3806.032683  	99.139263 
3806.389990  	99.069180 
3806.747297  	98.862024 
3807.104604  	98.830712 
3807.461911  	99.112599 
3807.819218  	99.276830 
3808.176524  	99.505878 
3808.533831  	99.643658 
3808.891138  	99.438842 
3809.248445  	99.439581 
3809.605752  	99.688504 
3809.963059  	99.677437 
3810.320366  	99.597717 
3810.677672  	99.402946 
3811.034979  	99.231788 
3811.392286  	99.407986 
3811.749593  	99.571998 
3812.106900  	99.650378 
3812.464207  	99.551852 
3812.821514  	99.376481 
3813.178821  	99.684196 
3813.536127  	99.995344 
3813.893434  	99.753723 
3814.250741  	99.454422 
3814.608048  	99.436951 
3814.965355  	99.333231 
3815.322662  	98.939356 
3815.679969  	98.993603 
3816.037275  	99.560755 
3816.394582  	99.435961 
3816.751889  	99.183910 
3817.109196  	99.389153 
3817.466503  	99.396118 
3817.823810  	99.336489 
3818.181117  	99.293847 
3818.538423  	99.435559 
3818.895730  	99.777679 
3819.253037  	99.694304 
3819.610344  	99.403158 
3819.967651  	99.529349 
3820.324958  	99.299098 
3820.682265  	98.668769 
3821.039571  	99.105390 
3821.396878  	99.810607 
3821.754185  	99.469705 
3822.111492  	99.161863 
3822.468799  	99.228128 
3822.826106  	99.270985 
3823.183413  	99.113624 
3823.540719  	99.100588 
3823.898026  	99.249406 
3824.255333  	99.166962 
3824.612640  	99.228241 
3824.969947  	99.393166 
3825.327254  	99.278473 
3825.684561  	99.330026 
3826.041868  	99.531303 
3826.399174  	99.591797 
3826.756481  	99.657409 
3827.113788  	99.597417 
3827.471095  	99.644290 
3827.828402  	99.901140 
3828.185709  	99.747424 
3828.543016  	99.453112 
3828.900322  	99.628519 
3829.257629  	99.821633 
3829.614936  	99.612797 
3829.972243  	99.418373 
3830.329550  	99.379301 
3830.686857  	99.345843 
3831.044164  	99.338954 
3831.401470  	99.239847 
3831.758777  	99.195755 
3832.116084  	99.370766 
3832.473391  	99.359558 
3832.830698  	99.410726 
3833.188005  	99.644501 
3833.545312  	99.685300 
3833.902618  	99.668152 
3834.259925  	99.516972 
3834.617232  	99.106239 
3834.974539  	99.072642 
3835.331846  	99.327646 
3835.689153  	99.444001 
3836.046460  	99.435977 
3836.403766  	99.319039 
3836.761073  	99.412999 
3837.118380  	99.563434 
3837.475687  	99.554701 
3837.832994  	99.821353 
3838.190301  	99.885902 
3838.547608  	99.302907 
3838.904914  	98.959191 
3839.262221  	98.919251 
3839.619528  	98.949288 
3839.976835  	98.956787 
3840.334142  	99.202371 
3840.691449  	99.481719 
3841.048756  	99.291968 
3841.406063  	99.200328 
3841.763369  	99.377683 
3842.120676  	99.346845 
3842.477983  	99.341507 
3842.835290  	99.613025 
3843.192597  	99.703238 
3843.549904  	99.355286 
3843.907211  	99.115981 
3844.264517  	99.282660 
3844.621824  	99.450595 
3844.979131  	99.315418 
3845.336438  	99.069827 
3845.693745  	98.875982 
3846.051052  	98.949341 
3846.408359  	99.254080 
3846.765665  	99.290522 
3847.122972  	99.223437 
3847.480279  	99.400905 
3847.837586  	99.563749 
3848.194893  	99.701376 
3848.552200  	99.596495 
3848.909507  	99.259655 
3849.266813  	99.400735 
3849.624120  	99.735706 
3849.981427  	99.705069 
3850.338734  	99.671731 
3850.696041  	99.727309 
3851.053348  	99.755963 
3851.410655  	99.686640 
3851.767961  	99.360599 
3852.125268  	99.189076 
3852.482575  	99.198563 
3852.839882  	98.877094 
3853.197189  	99.088498 
3853.554496  	99.483074 
3853.911803  	98.960068 
3854.269110  	97.271109 
3854.626416  	96.892295 
3854.983723  	97.966729 
3855.341030  	98.893049 
3855.698337  	99.584706 
3856.055644  	99.724660 
3856.412951  	99.705035 
3856.770258  	99.844083 
3857.127564  	99.517718 
3857.484871  	99.216259 
3857.842178  	99.432187 
3858.199485  	99.554261 
3858.556792  	99.736230 
3858.914099  	99.743875 
3859.271406  	99.534283 
3859.628712  	99.503594 
3859.986019  	99.497247 
3860.343326  	99.579732 
3860.700633  	99.639369 
3861.057940  	99.504775 
3861.415247  	99.487678 
3861.772554  	99.567440 
3862.129860  	99.593925 
3862.487167  	99.530671 
3862.844474  	99.435806 
3863.201781  	99.370958 
3863.559088  	99.293438 
3863.916395  	99.193460 
3864.273702  	99.219139 
3864.631008  	99.520396 
3864.988315  	99.826481 
3865.345622  	100.057799 
3865.702929  	99.993002 
3866.060236  	99.556812 
3866.417543  	99.542366 
3866.774850  	99.708788 
3867.132157  	99.749431 
3867.489463  	99.687414 
3867.846770  	99.353972 
3868.204077  	99.154471 
3868.561384  	99.236901 
3868.918691  	99.327942 
3869.275998  	99.536390 
3869.633305  	99.600716 
3869.990611  	99.211918 
3870.347918  	98.702637 
3870.705225  	98.833308 
3871.062532  	99.599804 
3871.419839  	99.816080 
3871.777146  	99.485615 
3872.134453  	99.280376 
3872.491759  	99.374990 
3872.849066  	99.446017 
3873.206373  	99.356734 
3873.563680  	99.188356 
3873.920987  	98.984673 
3874.278294  	98.985936 
3874.635601  	99.083873 
3874.992907  	99.273740 
3875.350214  	99.669011 
3875.707521  	99.852732 
3876.064828  	99.825463 
3876.422135  	99.677854 
3876.779442  	99.346638 
3877.136749  	99.189484 
3877.494055  	99.396644 
3877.851362  	99.571415 
3878.208669  	99.588770 
3878.565976  	99.712014 
3878.923283  	99.687361 
3879.280590  	99.234417 
3879.637897  	98.697477 
3879.995204  	98.398653 
3880.352510  	98.320527 
3880.709817  	98.530575 
3881.067124  	99.292217 
3881.424431  	99.650537 
3881.781738  	99.426132 
3882.139045  	99.475328 
3882.496352  	99.458389 
3882.853658  	99.214198 
3883.210965  	99.275333 
3883.568272  	99.273220 
3883.925579  	99.294984 
3884.282886  	99.401160 
3884.640193  	99.117899 
3884.997500  	98.988745 
3885.354806  	99.134332 
3885.712113  	99.074162 
3886.069420  	99.069132 
3886.426727  	99.084321 
3886.784034  	99.148570 
3887.141341  	99.298730 
3887.498648  	99.370330 
3887.855954  	99.420735 
3888.213261  	99.446457 
3888.570568  	99.496632 
3888.927875  	99.395849 
3889.285182  	99.070892 
3889.642489  	99.235392 
3889.999796  	99.641517 
3890.357102  	99.592987 
3890.714409  	99.601582 
3891.071716  	99.476426 
3891.429023  	98.998218 
3891.786330  	99.065565 
3892.143637  	99.397180 
3892.500944  	99.583837 
3892.858251  	99.564178 
3893.215557  	99.486534 
3893.572864  	99.475954 
3893.930171  	99.301129 
3894.287478  	99.383987 
3894.644785  	99.563268 
3895.002092  	99.527714 
3895.359399  	99.679470 
3895.716705  	99.707080 
3896.074012  	99.702094 
3896.431319  	99.713011 
3896.788626  	99.484188 
3897.145933  	99.529283 
3897.503240  	99.577116 
3897.860547  	99.366055 
3898.217853  	99.485670 
3898.575160  	99.524225 
3898.932467  	98.965361 
3899.289774  	98.692796 
3899.647081  	99.169677 
3900.004388  	99.217011 
3900.361695  	98.906582 
3900.719001  	99.101555 
3901.076308  	99.191280 
3901.433615  	99.174282 
3901.790922  	99.526338 
3902.148229  	99.409894 
3902.505536  	99.063603 
3902.862843  	99.141878 
3903.220149  	98.999062 
3903.577456  	99.114903 
3903.934763  	99.349913 
3904.292070  	98.930493 
3904.649377  	98.899519 
3905.006684  	99.327006 
3905.363991  	99.222461 
3905.721298  	99.009714 
3906.078604  	98.799175 
3906.435911  	98.900266 
3906.793218  	99.323091 
3907.150525  	99.512366 
3907.507832  	99.435043 
3907.865139  	99.217988 
3908.222446  	99.080693 
3908.579752  	99.169433 
3908.937059  	99.352935 
3909.294366  	99.473618 
3909.651673  	99.511893 
3910.008980  	99.467694 
3910.366287  	99.239323 
3910.723594  	99.180028 
3911.080900  	99.320707 
3911.438207  	99.337434 
3911.795514  	99.466934 
3912.152821  	99.487906 
3912.510128  	99.328177 
3912.867435  	99.315213 
3913.224742  	99.330008 
3913.582048  	99.452960 
3913.939355  	99.501908 
3914.296662  	99.418946 
3914.653969  	99.412064 
3915.011276  	99.184905 
3915.368583  	98.958747 
3915.725890  	99.077896 
3916.083196  	99.271885 
3916.440503  	99.304890 
3916.797810  	99.322691 
3917.155117  	99.439014 
3917.512424  	99.475609 
3917.869731  	99.608459 
3918.227038  	99.552812 
3918.584344  	99.372077 
3918.941651  	99.512352 
3919.298958  	99.315450 
3919.656265  	98.931749 
3920.013572  	98.970432 
3920.370879  	98.996570 
3920.728186  	99.247906 
3921.085493  	99.502569 
3921.442799  	99.420891 
3921.800106  	99.381204 
3922.157413  	99.300589 
3922.514720  	99.262769 
3922.872027  	99.259017 
3923.229334  	99.285149 
3923.586641  	99.425325 
3923.943947  	99.302171 
3924.301254  	99.017902 
3924.658561  	98.849956 
3925.015868  	99.064862 
3925.373175  	99.549640 
3925.730482  	99.527991 
3926.087789  	99.387224 
3926.445095  	99.332275 
3926.802402  	99.078199 
3927.159709  	99.051693 
3927.517016  	99.197420 
3927.874323  	99.266196 
3928.231630  	99.164804 
3928.588937  	98.863247 
3928.946243  	98.894112 
3929.303550  	99.152229 
3929.660857  	99.236663 
3930.018164  	99.168077 
3930.375471  	98.906938 
3930.732778  	98.885343 
3931.090085  	99.045970 
3931.447391  	98.937957 
3931.804698  	98.911371 
3932.162005  	99.000799 
3932.519312  	99.018058 
3932.876619  	99.266765 
3933.233926  	99.483733 
3933.591233  	99.327457 
3933.948540  	99.169996 
3934.305846  	99.232345 
3934.663153  	99.344404 
3935.020460  	99.436819 
3935.377767  	99.494376 
3935.735074  	99.481349 
3936.092381  	99.500115 
3936.449688  	99.362621 
3936.806994  	99.058545 
3937.164301  	98.907154 
3937.521608  	98.828066 
3937.878915  	98.951961 
3938.236222  	99.221702 
3938.593529  	99.117004 
3938.950836  	98.974383 
3939.308142  	99.059013 
3939.665449  	99.135227 
3940.022756  	99.278094 
3940.380063  	99.220604 
3940.737370  	98.938684 
3941.094677  	98.875538 
3941.451984  	98.893716 
3941.809290  	98.905762 
3942.166597  	99.108759 
3942.523904  	99.313297 
3942.881211  	99.111108 
3943.238518  	98.561263 
3943.595825  	98.578392 
3943.953132  	99.137406 
3944.310438  	99.243871 
3944.667745  	99.063453 
3945.025052  	99.083484 
3945.382359  	99.101727 
3945.739666  	99.161776 
3946.096973  	99.326649 
3946.454280  	99.348817 
3946.811587  	99.222608 
3947.168893  	99.117985 
3947.526200  	99.034294 
3947.883507  	98.942299 
3948.240814  	99.169566 
3948.598121  	99.516093 
3948.955428  	99.343403 
3949.312735  	99.049791 
3949.670041  	99.118969 
3950.027348  	99.187191 
3950.384655  	99.019111 
3950.741962  	98.881877 
3951.099269  	98.969440 
3951.456576  	99.066023 
3951.813883  	99.155507 
3952.171189  	99.298437 
3952.528496  	99.274331 
3952.885803  	99.172666 
3953.243110  	99.149871 
3953.600417  	99.132837 
3953.957724  	99.126286 
3954.315031  	99.146774 
3954.672337  	99.082872 
3955.029644  	98.873267 
3955.386951  	98.924103 
3955.744258  	99.323018 
3956.101565  	99.543835 
3956.458872  	99.510551 
3956.816179  	99.442910 
3957.173485  	99.450726 
3957.530792  	99.402887 
3957.888099  	99.306596 
3958.245406  	99.417130 
3958.602713  	99.480438 
3958.960020  	99.389582 
3959.317327  	99.192978 
3959.674634  	99.033921 
3960.031940  	99.300271 
3960.389247  	99.353093 
3960.746554  	99.037437 
3961.103861  	99.214092 
3961.461168  	99.557347 
3961.818475  	99.560760 
3962.175782  	99.417868 
3962.533088  	99.378400 
3962.890395  	99.455226 
3963.247702  	99.286967 
3963.605009  	99.137298 
3963.962316  	99.431164 
3964.319623  	99.652688 
3964.676930  	99.401691 
3965.034236  	99.154210 
3965.391543  	99.173762 
3965.748850  	99.191363 
3966.106157  	99.171754 
3966.463464  	99.270625 
3966.820771  	99.423555 
3967.178078  	99.382841 
3967.535384  	99.172835 
3967.892691  	98.995139 
3968.249998  	98.942305 
3968.607305  	99.149106 
3968.964612  	99.124885 
3969.321919  	98.736956 
3969.679226  	98.855528 
3970.036532  	99.185196 
3970.393839  	99.123659 
3970.751146  	98.991602 
3971.108453  	98.988206 
3971.465760  	99.187611 
3971.823067  	99.351404 
3972.180374  	99.341274 
3972.537681  	99.295173 
3972.894987  	99.165193 
3973.252294  	99.068139 
3973.609601  	98.907924 
3973.966908  	98.724285 
3974.324215  	98.892966 
3974.681522  	99.167150 
3975.038829  	99.196399 
3975.396135  	99.329349 
3975.753442  	99.685560 
3976.110749  	99.650331 
3976.468056  	99.360208 
3976.825363  	99.317050 
3977.182670  	99.195668 
3977.539977  	99.055071 
3977.897283  	99.043879 
3978.254590  	99.061838 
3978.611897  	99.301672 
3978.969204  	99.479211 
3979.326511  	99.368942 
3979.683818  	99.292048 
3980.041125  	99.326595 
3980.398431  	99.377735 
3980.755738  	99.387334 
3981.113045  	99.309825 
3981.470352  	99.198918 
3981.827659  	99.141933 
3982.184966  	99.090570 
3982.542273  	99.118708 
3982.899579  	99.230763 
3983.256886  	99.255386 
3983.614193  	99.426911 
3983.971500  	99.568419 
3984.328807  	99.297551 
3984.686114  	99.119428 
3985.043421  	99.257165 
3985.400728  	99.311000 
3985.758034  	99.191168 
3986.115341  	99.094850 
3986.472648  	99.124474 
3986.829955  	99.254199 
3987.187262  	99.317365 
3987.544569  	99.163365 
3987.901876  	99.224693 
3988.259182  	99.477291 
3988.616489  	99.279724 
3988.973796  	99.072404 
3989.331103  	99.283702 
3989.688410  	99.435417 
3990.045717  	99.335527 
3990.403024  	99.236688 
3990.760330  	99.275906 
3991.117637  	99.348826 
3991.474944  	99.492070 
3991.832251  	99.443216 
3992.189558  	99.125866 
3992.546865  	99.106007 
3992.904172  	99.194045 
3993.261478  	99.197266 
3993.618785  	99.183914 
3993.976092  	98.966805 
3994.333399  	99.043178 
3994.690706  	99.267656 
3995.048013  	99.245470 
3995.405320  	99.444659 
3995.762626  	99.573203 
3996.119933  	99.491517 
3996.477240  	99.537584 
3996.834547  	99.450577 
3997.191854  	99.191507 
3997.549161  	99.020089 
3997.906468  	99.144094 
3998.263775  	99.328884 
3998.621081  	99.240901 
3998.978388  	99.149598 
3999.335695  	99.162613 
3999.693002  	99.289473 
4000.050309  	99.391393 