##TITLE=N60_salicylic acid_3
##DATA TYPE=INFRARED SPECTRUM
##XUNITS=1/CM
##YUNITS=%T
399.826377  	71.371826 
400.183684  	75.444935 
400.540991  	75.242948 
400.898298  	71.949071 
401.255605  	69.545844 
401.612912  	68.801958 
401.970219  	71.140089 
402.327525  	70.785694 
402.684832  	67.117228 
403.042139  	65.267041 
403.399446  	67.422255 
403.756753  	71.075998 
404.114060  	70.896875 
404.471367  	68.609026 
404.828674  	66.674050 
405.185980  	65.897386 
405.543287  	68.839905 
405.900594  	71.288149 
406.257901  	71.819456 
406.615208  	71.291990 
406.972515  	68.529536 
407.329822  	68.955903 
407.687128  	71.718355 
408.044435  	70.546087 
408.401742  	70.028511 
408.759049  	71.314301 
409.116356  	70.525643 
409.473663  	68.363589 
409.830970  	65.855791 
410.188276  	64.580124 
410.545583  	65.221865 
410.902890  	66.065452 
411.260197  	66.667755 
411.617504  	66.740523 
411.974811  	66.765860 
412.332118  	68.176926 
412.689424  	69.801323 
413.046731  	68.472714 
413.404038  	65.738564 
413.761345  	67.384132 
414.118652  	70.436043 
414.475959  	68.846384 
414.833266  	66.989357 
415.190572  	66.250813 
415.547879  	64.604944 
415.905186  	64.471039 
416.262493  	65.803945 
416.619800  	66.485870 
416.977107  	66.602012 
417.334414  	67.274400 
417.691720  	68.024174 
418.049027  	68.504790 
418.406334  	71.590322 
418.763641  	68.064580 
419.120948  	61.939035 
419.478255  	62.092709 
419.835562  	60.032846 
420.192869  	60.757291 
420.550175  	62.117692 
420.907482  	61.163192 
421.264789  	61.892549 
421.622096  	64.086858 
421.979403  	63.537367 
422.336710  	61.378717 
422.694017  	59.339794 
423.051323  	57.622024 
423.408630  	59.281654 
423.765937  	60.241751 
424.123244  	61.186886 
424.480551  	62.775291 
424.837858  	62.236017 
425.195165  	60.024753 
425.552471  	58.810356 
425.909778  	58.077203 
426.267085  	57.362501 
426.624392  	57.283813 
426.981699  	58.357683 
427.339006  	58.660605 
427.696313  	55.787836 
428.053619  	51.932221 
428.410926  	51.472583 
428.768233  	53.785261 
429.125540  	53.805373 
429.482847  	53.115709 
429.840154  	52.814461 
430.197461  	51.813426 
430.554767  	53.664099 
430.912074  	55.496747 
431.269381  	54.490216 
431.626688  	54.728288 
431.983995  	54.586400 
432.341302  	54.757179 
432.698609  	55.642311 
433.055916  	54.622869 
433.413222  	54.138969 
433.770529  	55.544658 
434.127836  	57.514538 
434.485143  	59.080244 
434.842450  	60.180594 
435.199757  	61.028245 
435.557064  	61.298092 
435.914370  	61.125918 
436.271677  	58.977923 
436.628984  	57.648735 
436.986291  	60.914344 
437.343598  	62.734424 
437.700905  	61.907290 
438.058212  	61.035675 
438.415518  	60.731448 
438.772825  	61.433604 
439.130132  	61.602741 
439.487439  	59.733469 
439.844746  	58.076222 
440.202053  	58.762036 
440.559360  	60.726097 
440.916666  	60.830947 
441.273973  	59.772413 
441.631280  	60.512173 
441.988587  	61.209530 
442.345894  	59.889862 
442.703201  	59.186876 
443.060508  	57.893081 
443.417814  	55.386708 
443.775121  	54.405213 
444.132428  	55.926162 
444.489735  	57.420397 
444.847042  	58.236493 
445.204349  	57.314429 
445.561656  	56.110758 
445.918963  	55.746030 
446.276269  	56.354201 
446.633576  	56.383787 
446.990883  	53.585396 
447.348190  	52.583363 
447.705497  	53.728825 
448.062804  	53.088778 
448.420111  	51.575384 
448.777417  	52.157390 
449.134724  	53.292720 
449.492031  	52.325710 
449.849338  	51.023156 
450.206645  	50.866711 
450.563952  	49.781326 
450.921259  	48.935713 
451.278565  	49.403557 
451.635872  	49.074193 
451.993179  	47.664287 
452.350486  	46.418876 
452.707793  	47.685306 
453.065100  	48.699198 
453.422407  	45.735124 
453.779713  	45.395451 
454.137020  	46.178111 
454.494327  	45.838155 
454.851634  	46.783415 
455.208941  	46.719727 
455.566248  	46.053232 
455.923555  	45.352742 
456.280861  	43.423772 
456.638168  	43.281404 
456.995475  	41.765953 
457.352782  	36.621528 
457.710089  	33.532642 
458.067396  	37.889788 
458.424703  	38.565431 
458.782010  	39.119119 
459.139316  	40.681638 
459.496623  	40.385952 
459.853930  	38.187842 
460.211237  	36.256534 
460.568544  	35.845573 
460.925851  	36.150177 
461.283158  	35.825794 
461.640464  	36.194464 
461.997771  	36.320865 
462.355078  	35.279118 
462.712385  	35.237799 
463.069692  	35.518167 
463.426999  	35.984554 
463.784306  	37.070609 
464.141612  	36.341082 
464.498919  	35.030033 
464.856226  	35.420699 
465.213533  	36.888208 
465.570840  	39.038294 
465.928147  	41.193179 
466.285454  	42.671736 
466.642760  	43.367774 
467.000067  	44.415859 
467.357374  	46.639180 
467.714681  	48.846471 
468.071988  	50.374628 
468.429295  	52.210534 
468.786602  	54.588688 
469.143908  	56.896922 
469.501215  	57.895558 
469.858522  	58.370299 
470.215829  	60.574271 
470.573136  	62.939323 
470.930443  	64.257764 
471.287750  	66.474468 
471.645057  	68.443532 
472.002363  	69.949604 
472.359670  	72.646400 
472.716977  	72.927874 
473.074284  	71.383140 
473.431591  	71.559394 
473.788898  	72.485079 
474.146205  	72.709229 
474.503511  	72.148608 
474.860818  	73.433785 
475.218125  	76.118688 
475.575432  	76.602493 
475.932739  	75.158201 
476.290046  	73.677199 
476.647353  	74.253100 
477.004659  	75.807019 
477.361966  	75.806269 
477.719273  	75.613325 
478.076580  	74.637528 
478.433887  	73.271269 
478.791194  	74.734635 
479.148501  	75.823823 
479.505807  	74.995942 
479.863114  	75.322825 
480.220421  	75.170318 
480.577728  	74.451331 
480.935035  	74.916362 
481.292342  	75.212234 
481.649649  	75.527681 
482.006955  	75.342581 
482.364262  	73.783808 
482.721569  	73.233476 
483.078876  	73.382410 
483.436183  	74.016026 
483.793490  	75.294202 
484.150797  	73.569967 
484.508104  	72.122930 
484.865410  	73.071139 
485.222717  	73.932639 
485.580024  	74.196658 
485.937331  	73.386483 
486.294638  	73.636487 
486.651945  	74.807186 
487.009252  	73.692302 
487.366558  	72.734429 
487.723865  	72.391742 
488.081172  	71.489172 
488.438479  	71.139342 
488.795786  	70.728586 
489.153093  	71.279122 
489.510400  	72.338386 
489.867706  	71.618108 
490.225013  	70.366294 
490.582320  	70.080910 
490.939627  	70.982913 
491.296934  	71.893444 
491.654241  	72.377011 
492.011548  	72.160322 
492.368854  	70.068181 
492.726161  	69.212463 
493.083468  	70.662419 
493.440775  	70.898028 
493.798082  	69.594504 
494.155389  	69.791254 
494.512696  	70.825595 
494.870002  	70.329455 
495.227309  	69.155548 
495.584616  	68.474695 
495.941923  	68.703629 
496.299230  	69.185088 
496.656537  	68.568481 
497.013844  	68.399262 
497.371151  	69.210338 
497.728457  	69.786045 
498.085764  	70.108794 
498.443071  	69.970813 
498.800378  	69.487090 
499.157685  	68.431163 
499.514992  	67.849240 
499.872299  	68.683489 
500.229605  	68.882004 
500.586912  	68.815443 
500.944219  	69.189900 
501.301526  	68.453012 
501.658833  	66.675514 
502.016140  	64.709277 
502.373447  	64.678724 
502.730753  	66.502541 
503.088060  	67.654853 
503.445367  	67.436064 
503.802674  	66.092726 
504.159981  	66.246430 
504.517288  	66.489409 
504.874595  	65.291622 
505.231901  	64.726403 
505.589208  	64.726398 
505.946515  	65.449989 
506.303822  	66.246598 
506.661129  	66.005187 
507.018436  	64.887018 
507.375743  	63.275577 
507.733049  	63.176500 
508.090356  	63.887193 
508.447663  	63.639146 
508.804970  	63.508368 
509.162277  	63.084877 
509.519584  	62.115519 
509.876891  	61.347311 
510.234197  	61.632885 
510.591504  	62.798152 
510.948811  	62.312519 
511.306118  	61.799463 
511.663425  	62.542818 
512.020732  	62.087376 
512.378039  	60.911347 
512.735346  	60.208373 
513.092652  	59.969088 
513.449959  	60.019814 
513.807266  	59.794054 
514.164573  	59.690648 
514.521880  	59.565151 
514.879187  	59.176087 
515.236494  	59.126334 
515.593800  	59.271487 
515.951107  	59.493890 
516.308414  	59.925250 
516.665721  	59.770816 
517.023028  	58.187842 
517.380335  	57.138007 
517.737642  	57.085389 
518.094948  	58.001170 
518.452255  	58.428075 
518.809562  	57.227073 
519.166869  	56.375515 
519.524176  	56.250821 
519.881483  	55.899558 
520.238790  	56.194548 
520.596096  	56.065191 
520.953403  	55.658685 
521.310710  	55.122162 
521.668017  	53.634919 
522.025324  	53.261022 
522.382631  	53.635220 
522.739938  	53.200542 
523.097244  	52.559181 
523.454551  	51.520571 
523.811858  	50.613967 
524.169165  	50.112300 
524.526472  	49.392724 
524.883779  	48.529118 
525.241086  	47.554362 
525.598393  	46.374184 
525.955699  	44.755602 
526.313006  	43.609841 
526.670313  	42.396817 
527.027620  	40.639461 
527.384927  	39.265721 
527.742234  	37.777006 
528.099541  	35.696985 
528.456847  	33.861479 
528.814154  	32.814119 
529.171461  	32.329616 
529.528768  	31.364055 
529.886075  	29.855128 
530.243382  	28.421074 
530.600689  	27.265428 
530.957995  	25.758904 
531.315302  	23.779121 
531.672609  	23.284438 
532.029916  	24.643593 
532.387223  	25.989715 
532.744530  	27.504176 
533.101837  	31.250944 
533.459143  	36.985368 
533.816450  	42.139511 
534.173757  	46.916089 
534.531064  	51.511620 
534.888371  	54.306450 
535.245678  	55.807146 
535.602985  	56.815689 
535.960291  	57.906343 
536.317598  	58.873792 
536.674905  	59.426612 
537.032212  	60.362888 
537.389519  	60.738801 
537.746826  	60.275708 
538.104133  	60.634547 
538.461440  	62.026616 
538.818746  	62.893999 
539.176053  	62.475617 
539.533360  	62.772047 
539.890667  	63.870157 
540.247974  	63.839251 
540.605281  	64.098200 
540.962588  	65.580178 
541.319894  	66.125912 
541.677201  	65.471685 
542.034508  	66.070590 
542.391815  	67.693730 
542.749122  	68.436400 
543.106429  	69.356225 
543.463736  	70.283530 
543.821042  	69.740221 
544.178349  	69.473927 
544.535656  	70.544728 
544.892963  	71.459677 
545.250270  	71.460398 
545.607577  	71.163181 
545.964884  	70.769345 
546.322190  	70.273694 
546.679497  	70.525710 
547.036804  	70.927882 
547.394111  	70.830300 
547.751418  	70.987013 
548.108725  	71.135043 
548.466032  	70.638010 
548.823338  	70.210599 
549.180645  	70.144047 
549.537952  	70.166583 
549.895259  	70.983646 
550.252566  	71.342117 
550.609873  	70.125049 
550.967180  	69.717044 
551.324487  	69.417177 
551.681793  	68.441632 
552.039100  	68.742373 
552.396407  	69.006403 
552.753714  	68.346352 
553.111021  	67.694070 
553.468328  	66.696321 
553.825635  	65.930294 
554.182941  	65.551921 
554.540248  	65.429425 
554.897555  	65.498850 
555.254862  	64.892391 
555.612169  	64.067814 
555.969476  	63.501527 
556.326783  	63.073675 
556.684089  	63.158211 
557.041396  	63.183578 
557.398703  	62.230503 
557.756010  	61.072112 
558.113317  	60.800907 
558.470624  	60.566111 
558.827931  	59.705082 
559.185237  	59.056719 
559.542544  	58.611942 
559.899851  	57.679547 
560.257158  	56.592713 
560.614465  	56.177528 
560.971772  	56.108775 
561.329079  	54.878721 
561.686385  	53.214921 
562.043692  	53.284818 
562.400999  	53.743581 
562.758306  	52.930753 
563.115613  	52.183979 
563.472920  	51.799823 
563.830227  	51.555356 
564.187534  	50.942349 
564.544840  	49.243934 
564.902147  	48.245840 
565.259454  	48.178776 
565.616761  	47.392480 
565.974068  	46.254817 
566.331375  	45.909747 
566.688682  	46.134351 
567.045988  	45.958259 
567.403295  	46.021616 
567.760602  	46.565084 
568.117909  	47.257546 
568.475216  	48.285208 
568.832523  	48.749260 
569.189830  	49.557325 
569.547136  	50.952732 
569.904443  	51.948299 
570.261750  	53.622470 
570.619057  	54.713900 
570.976364  	54.913445 
571.333671  	55.985773 
571.690978  	56.901070 
572.048284  	57.304873 
572.405591  	57.821145 
572.762898  	58.450592 
573.120205  	58.986642 
573.477512  	59.191778 
573.834819  	59.385347 
574.192126  	59.112733 
574.549432  	58.999569 
574.906739  	59.629605 
575.264046  	59.826788 
575.621353  	60.026022 
575.978660  	60.521414 
576.335967  	60.648189 
576.693274  	60.792607 
577.050581  	60.944927 
577.407887  	60.837242 
577.765194  	60.607096 
578.122501  	60.900643 
578.479808  	61.390565 
578.837115  	61.162670 
579.194422  	61.045988 
579.551729  	61.341363 
579.909035  	61.581388 
580.266342  	61.975599 
580.623649  	61.975882 
580.980956  	61.922480 
581.338263  	62.705728 
581.695570  	62.964773 
582.052877  	62.173724 
582.410183  	61.947155 
582.767490  	62.374220 
583.124797  	62.477304 
583.482104  	62.692990 
583.839411  	63.106014 
584.196718  	63.218506 
584.554025  	63.500627 
584.911331  	63.842934 
585.268638  	63.658315 
585.625945  	63.381141 
585.983252  	63.305125 
586.340559  	63.656092 
586.697866  	64.034810 
587.055173  	63.732051 
587.412479  	63.709103 
587.769786  	64.230293 
588.127093  	64.536220 
588.484400  	64.665200 
588.841707  	64.398844 
589.199014  	64.235386 
589.556321  	64.664349 
589.913627  	64.901035 
590.270934  	64.580911 
590.628241  	63.951117 
590.985548  	63.793743 
591.342855  	63.924796 
591.700162  	63.660153 
592.057469  	63.881145 
592.414776  	64.163710 
592.772082  	63.669237 
593.129389  	63.240051 
593.486696  	63.438553 
593.844003  	63.790175 
594.201310  	63.423419 
594.558617  	62.746478 
594.915924  	62.532175 
595.273230  	62.296808 
595.630537  	61.869456 
595.987844  	61.613938 
596.345151  	61.697279 
596.702458  	61.596205 
597.059765  	61.185786 
597.417072  	61.440251 
597.774378  	61.744518 
598.131685  	61.040779 
598.488992  	60.313004 
598.846299  	60.364338 
599.203606  	60.556738 
599.560913  	60.300606 
599.918220  	59.954152 
600.275526  	59.650548 
600.632833  	59.377291 
600.990140  	59.307228 
601.347447  	58.969352 
601.704754  	58.683486 
602.062061  	58.808231 
602.419368  	58.383973 
602.776674  	57.825366 
603.133981  	57.790440 
603.491288  	57.570471 
603.848595  	57.433263 
604.205902  	57.621565 
604.563209  	57.329800 
604.920516  	56.595767 
605.277823  	56.120674 
605.635129  	56.222241 
605.992436  	56.422375 
606.349743  	56.397769 
606.707050  	56.574908 
607.064357  	56.662146 
607.421664  	56.420630 
607.778971  	56.351457 
608.136277  	56.307894 
608.493584  	56.066416 
608.850891  	56.052557 
609.208198  	56.448689 
609.565505  	56.785522 
609.922812  	56.942708 
610.280119  	57.012000 
610.637425  	56.731173 
610.994732  	56.763388 
611.352039  	57.110841 
611.709346  	56.704074 
612.066653  	56.263252 
612.423960  	56.153551 
612.781267  	55.858213 
613.138573  	56.017704 
613.495880  	56.520156 
613.853187  	56.770980 
614.210494  	56.705685 
614.567801  	56.533285 
614.925108  	56.765637 
615.282415  	56.779228 
615.639721  	56.250409 
615.997028  	55.954464 
616.354335  	55.952299 
616.711642  	56.171447 
617.068949  	56.347833 
617.426256  	56.331913 
617.783563  	56.521019 
618.140870  	56.488206 
618.498176  	56.168557 
618.855483  	55.939947 
619.212790  	55.762581 
619.570097  	55.817196 
619.927404  	55.826114 
620.284711  	55.840693 
620.642018  	56.164051 
620.999324  	56.074434 
621.356631  	55.388882 
621.713938  	54.826651 
622.071245  	54.824765 
622.428552  	55.071951 
622.785859  	55.020339 
623.143166  	54.686971 
623.500472  	54.437130 
623.857779  	54.673983 
624.215086  	54.714308 
624.572393  	54.083829 
624.929700  	53.793828 
625.287007  	53.709723 
625.644314  	53.450778 
626.001620  	53.424036 
626.358927  	53.182148 
626.716234  	52.886708 
627.073541  	52.924994 
627.430848  	52.874626 
627.788155  	52.869361 
628.145462  	52.893728 
628.502768  	52.405974 
628.860075  	51.791973 
629.217382  	51.630589 
629.574689  	51.500686 
629.931996  	51.150355 
630.289303  	50.987946 
630.646610  	50.984258 
631.003917  	50.724831 
631.361223  	50.433733 
631.718530  	50.639224 
632.075837  	50.705011 
632.433144  	50.059254 
632.790451  	49.542101 
633.147758  	49.592877 
633.505065  	49.766387 
633.862371  	49.508311 
634.219678  	48.965202 
634.576985  	48.571407 
634.934292  	47.992290 
635.291599  	47.558549 
635.648906  	47.743631 
636.006213  	47.822851 
636.363519  	47.439401 
636.720826  	46.716948 
637.078133  	46.408345 
637.435440  	46.506074 
637.792747  	46.098273 
638.150054  	45.434166 
638.507361  	45.024683 
638.864667  	44.817893 
639.221974  	44.641039 
639.579281  	44.480997 
639.936588  	44.276571 
640.293895  	43.683607 
640.651202  	43.036655 
641.008509  	42.724132 
641.365815  	42.805554 
641.723122  	42.777626 
642.080429  	41.983414 
642.437736  	41.252518 
642.795043  	41.142481 
643.152350  	40.803063 
643.509657  	40.085315 
643.866964  	39.676396 
644.224270  	39.793847 
644.581577  	39.500816 
644.938884  	38.572256 
645.296191  	37.836408 
645.653498  	37.417980 
646.010805  	37.586920 
646.368112  	37.737764 
646.725418  	36.771545 
647.082725  	35.519029 
647.440032  	35.107877 
647.797339  	35.061174 
648.154646  	34.649983 
648.511953  	34.144793 
648.869260  	33.889024 
649.226566  	33.435191 
649.583873  	32.765932 
649.941180  	32.356000 
650.298487  	31.769531 
650.655794  	30.908164 
651.013101  	30.448038 
651.370408  	29.882580 
651.727714  	29.266096 
652.085021  	29.424222 
652.442328  	29.318817 
652.799635  	28.415269 
653.156942  	27.564055 
653.514249  	27.036794 
653.871556  	26.504147 
654.228862  	25.714630 
654.586169  	25.039873 
654.943476  	24.628401 
655.300783  	24.062246 
655.658090  	23.690298 
656.015397  	23.617711 
656.372704  	23.422130 
656.730011  	23.097543 
657.087317  	22.546391 
657.444624  	22.093419 
657.801931  	22.239801 
658.159238  	22.534051 
658.516545  	22.583587 
658.873852  	22.850283 
659.231159  	23.846464 
659.588465  	25.216718 
659.945772  	26.019509 
660.303079  	27.254919 
660.660386  	29.332904 
661.017693  	31.243071 
661.375000  	33.140708 
661.732307  	35.308264 
662.089613  	37.600459 
662.446920  	39.847332 
662.804227  	41.841809 
663.161534  	44.129868 
663.518841  	46.316688 
663.876148  	47.941763 
664.233455  	49.288057 
664.590761  	50.259734 
664.948068  	51.027208 
665.305375  	51.720189 
665.662682  	52.378603 
666.019989  	52.806126 
666.377296  	52.729562 
666.734603  	52.751378 
667.091909  	53.018563 
667.449216  	53.538643 
667.806523  	54.908969 
668.163830  	53.261598 
668.521137  	53.128181 
668.878444  	53.112788 
669.235751  	52.568366 
669.593057  	51.952736 
669.950364  	51.458781 
670.307671  	51.064832 
670.664978  	50.750407 
671.022285  	50.677109 
671.379592  	50.144745 
671.736899  	49.009347 
672.094206  	48.630861 
672.451512  	48.635181 
672.808819  	48.107588 
673.166126  	47.303010 
673.523433  	46.440624 
673.880740  	45.867517 
674.238047  	45.681138 
674.595354  	45.314406 
674.952660  	44.737582 
675.309967  	44.203975 
675.667274  	43.683401 
676.024581  	43.258479 
676.381888  	42.630056 
676.739195  	41.804719 
677.096502  	41.612133 
677.453808  	41.715458 
677.811115  	41.117022 
678.168422  	40.654296 
678.525729  	40.313695 
678.883036  	39.425437 
679.240343  	38.751485 
679.597650  	38.624265 
679.954956  	38.306676 
680.312263  	37.815858 
680.669570  	37.665945 
681.026877  	37.529736 
681.384184  	36.695526 
681.741491  	36.017114 
682.098798  	35.707828 
682.456104  	35.200253 
682.813411  	34.784187 
683.170718  	34.199196 
683.528025  	33.538287 
683.885332  	33.568835 
684.242639  	33.460124 
684.599946  	32.780566 
684.957253  	32.342013 
685.314559  	32.223569 
685.671866  	32.175789 
686.029173  	31.847242 
686.386480  	31.476338 
686.743787  	31.292241 
687.101094  	30.879021 
687.458401  	30.377320 
687.815707  	30.103196 
688.173014  	29.967048 
688.530321  	29.843735 
688.887628  	29.482903 
689.244935  	29.156119 
689.602242  	28.953837 
689.959549  	28.875534 
690.316855  	29.154522 
690.674162  	29.363737 
691.031469  	29.355253 
691.388776  	29.076036 
691.746083  	28.794764 
692.103390  	29.263952 
692.460697  	29.688864 
692.818003  	29.593161 
693.175310  	29.554658 
693.532617  	29.944054 
693.889924  	30.949529 
694.247231  	31.801285 
694.604538  	32.161429 
694.961845  	32.399343 
695.319151  	32.564876 
695.676458  	33.062343 
696.033765  	33.945131 
696.391072  	34.644535 
696.748379  	35.045680 
697.105686  	35.653150 
697.462993  	36.549434 
697.820300  	37.490195 
698.177606  	38.440734 
698.534913  	39.012177 
698.892220  	39.507008 
699.249527  	40.393343 
699.606834  	41.339276 
699.964141  	42.593196 
700.321448  	44.156705 
700.678754  	45.609501 
701.036061  	47.204060 
701.393368  	48.987090 
701.750675  	50.646757 
702.107982  	52.049875 
702.465289  	53.486525 
702.822596  	54.824501 
703.179902  	55.706676 
703.537209  	56.528975 
703.894516  	57.274672 
704.251823  	57.865693 
704.609130  	58.835211 
704.966437  	59.877959 
705.323744  	60.390770 
705.681050  	60.950471 
706.038357  	61.984929 
706.395664  	62.799574 
706.752971  	63.299474 
707.110278  	64.064847 
707.467585  	64.751683 
707.824892  	64.999908 
708.182198  	65.447178 
708.539505  	66.374924 
708.896812  	67.311288 
709.254119  	67.977842 
709.611426  	68.161383 
709.968733  	68.309814 
710.326040  	68.968856 
710.683347  	69.269586 
711.040653  	69.218204 
711.397960  	69.528939 
711.755267  	70.110279 
712.112574  	70.869584 
712.469881  	70.954949 
712.827188  	70.807836 
713.184495  	71.387095 
713.541801  	71.381148 
713.899108  	71.124861 
714.256415  	71.580590 
714.613722  	71.803559 
714.971029  	71.728658 
715.328336  	71.741148 
715.685643  	71.922191 
716.042949  	72.045696 
716.400256  	71.818236 
716.757563  	71.817352 
717.114870  	72.149091 
717.472177  	72.341396 
717.829484  	72.297903 
718.186791  	72.335427 
718.544097  	72.514562 
718.901404  	72.265137 
719.258711  	71.769901 
719.616018  	71.597707 
719.973325  	71.943265 
720.330632  	72.361626 
720.687939  	71.918196 
721.045245  	71.484212 
721.402552  	71.804651 
721.759859  	71.935170 
722.117166  	71.799983 
722.474473  	71.724033 
722.831780  	71.429657 
723.189087  	71.004187 
723.546394  	70.895006 
723.903700  	71.144063 
724.261007  	71.386399 
724.618314  	71.305040 
724.975621  	70.810007 
725.332928  	70.504156 
725.690235  	70.485205 
726.047542  	70.274951 
726.404848  	70.330025 
726.762155  	70.333728 
727.119462  	69.837821 
727.476769  	69.626725 
727.834076  	69.538003 
728.191383  	69.233869 
728.548690  	69.153081 
728.905996  	69.280929 
729.263303  	69.172130 
729.620610  	68.810244 
729.977917  	68.651734 
730.335224  	68.469843 
730.692531  	68.111781 
731.049838  	67.895210 
731.407144  	67.615972 
731.764451  	67.447286 
732.121758  	67.492432 
732.479065  	67.372565 
732.836372  	67.033872 
733.193679  	66.691897 
733.550986  	66.702726 
733.908292  	66.620295 
734.265599  	66.293522 
734.622906  	66.222470 
734.980213  	65.861780 
735.337520  	65.447613 
735.694827  	65.480010 
736.052134  	65.280892 
736.409441  	65.081633 
736.766747  	64.919641 
737.124054  	64.399283 
737.481361  	63.938528 
737.838668  	63.561168 
738.195975  	63.435842 
738.553282  	63.326589 
738.910589  	62.629374 
739.267895  	62.025163 
739.625202  	61.529823 
739.982509  	60.859771 
740.339816  	60.613565 
740.697123  	60.446138 
741.054430  	60.036868 
741.411737  	59.595957 
741.769043  	59.175578 
742.126350  	58.751421 
742.483657  	57.909063 
742.840964  	57.025972 
743.198271  	56.518350 
743.555578  	55.919727 
743.912885  	55.256517 
744.270191  	54.435528 
744.627498  	53.390768 
744.984805  	52.605591 
745.342112  	52.011937 
745.699419  	51.194516 
746.056726  	50.015471 
746.414033  	48.608126 
746.771339  	47.234829 
747.128646  	46.256050 
747.485953  	45.369127 
747.843260  	43.950375 
748.200567  	42.571604 
748.557874  	41.427538 
748.915181  	40.086736 
749.272488  	38.807958 
749.629794  	37.480322 
749.987101  	36.057324 
750.344408  	34.756462 
750.701715  	33.330476 
751.059022  	31.834080 
751.416329  	30.419175 
751.773636  	29.158007 
752.130942  	28.063665 
752.488249  	26.871000 
752.845556  	25.908275 
753.202863  	25.370068 
753.560170  	24.527585 
753.917477  	23.531975 
754.274784  	22.938697 
754.632090  	22.293034 
754.989397  	21.638458 
755.346704  	21.423143 
755.704011  	21.404975 
756.061318  	21.296976 
756.418625  	21.101347 
756.775932  	21.237166 
757.133238  	21.887896 
757.490545  	22.537298 
757.847852  	23.223135 
758.205159  	24.398649 
758.562466  	25.854576 
758.919773  	27.601411 
759.277080  	29.988771 
759.634386  	32.762199 
759.991693  	35.577099 
760.349000  	38.239891 
760.706307  	40.497259 
761.063614  	42.666042 
761.420921  	45.223456 
761.778228  	47.757921 
762.135534  	49.625487 
762.492841  	51.173620 
762.850148  	53.027983 
763.207455  	54.984968 
763.564762  	56.919825 
763.922069  	59.149234 
764.279376  	61.104262 
764.636683  	62.283184 
764.993989  	63.323394 
765.351296  	64.508899 
765.708603  	65.820578 
766.065910  	67.325887 
766.423217  	68.368348 
766.780524  	68.711631 
767.137831  	69.290076 
767.495137  	70.225895 
767.852444  	70.584127 
768.209751  	70.590006 
768.567058  	70.733355 
768.924365  	70.816975 
769.281672  	71.137557 
769.638979  	71.167158 
769.996285  	70.485381 
770.353592  	70.423697 
770.710899  	70.986832 
771.068206  	70.875830 
771.425513  	70.218773 
771.782820  	69.930271 
772.140127  	70.027534 
772.497433  	69.830868 
772.854740  	69.456154 
773.212047  	69.280947 
773.569354  	69.115468 
773.926661  	68.889955 
774.283968  	68.428116 
774.641275  	67.770443 
774.998581  	67.325864 
775.355888  	67.058295 
775.713195  	66.663438 
776.070502  	66.008376 
776.427809  	65.500790 
776.785116  	65.103474 
777.142423  	64.368857 
777.499730  	64.016128 
777.857036  	63.880390 
778.214343  	63.043111 
778.571650  	62.204723 
778.928957  	61.543495 
779.286264  	60.820222 
779.643571  	60.344780 
780.000878  	59.644923 
780.358184  	58.748397 
780.715491  	57.992553 
781.072798  	57.216984 
781.430105  	56.469357 
781.787412  	55.543658 
782.144719  	54.642812 
782.502026  	54.080830 
782.859332  	53.510975 
783.216639  	52.876200 
783.573946  	52.290686 
783.931253  	51.763439 
784.288560  	51.280036 
784.645867  	51.200825 
785.003174  	51.960281 
785.360480  	53.188521 
785.717787  	54.693314 
786.075094  	56.214773 
786.432401  	57.534175 
786.789708  	59.295460 
787.147015  	61.479884 
787.504322  	63.682031 
787.861628  	65.943605 
788.218935  	68.105399 
788.576242  	69.834153 
788.933549  	71.181716 
789.290856  	72.681139 
789.648163  	74.308688 
790.005470  	75.651634 
790.362777  	76.482537 
790.720083  	77.061270 
791.077390  	77.768908 
791.434697  	78.289115 
791.792004  	78.995672 
792.149311  	79.839405 
792.506618  	79.826056 
792.863925  	79.632388 
793.221231  	80.053733 
793.578538  	80.712065 
793.935845  	81.227948 
794.293152  	81.597547 
794.650459  	81.945367 
795.007766  	81.988126 
795.365073  	81.837421 
795.722379  	81.765105 
796.079686  	81.837340 
796.436993  	82.195907 
796.794300  	82.332510 
797.151607  	82.097729 
797.508914  	81.916235 
797.866221  	81.854878 
798.223527  	81.726541 
798.580834  	81.265312 
798.938141  	80.882782 
799.295448  	80.929109 
799.652755  	81.053305 
800.010062  	81.015708 
800.367369  	80.620323 
800.724675  	80.211243 
801.081982  	80.195578 
801.439289  	80.013599 
801.796596  	79.678649 
802.153903  	79.762757 
802.511210  	79.758210 
802.868517  	79.397045 
803.225824  	79.027817 
803.583130  	78.352281 
803.940437  	77.469735 
804.297744  	76.790464 
804.655051  	76.423235 
805.012358  	76.431114 
805.369665  	76.488957 
805.726972  	76.836331 
806.084278  	77.472799 
806.441585  	77.852498 
806.798892  	78.438975 
807.156199  	79.031483 
807.513506  	79.046132 
807.870813  	79.000536 
808.228120  	79.239089 
808.585426  	79.576252 
808.942733  	79.678708 
809.300040  	79.630004 
809.657347  	79.535456 
810.014654  	79.201264 
810.371961  	78.929321 
810.729268  	78.933345 
811.086574  	79.005087 
811.443881  	79.016333 
811.801188  	79.061092 
812.158495  	78.956217 
812.515802  	78.640564 
812.873109  	78.575543 
813.230416  	78.555751 
813.587722  	78.673995 
813.945029  	78.996286 
814.302336  	78.690622 
814.659643  	78.121099 
815.016950  	77.769393 
815.374257  	77.606245 
815.731564  	77.615077 
816.088871  	77.532777 
816.446177  	77.808017 
816.803484  	77.816567 
817.160791  	76.963197 
817.518098  	76.471649 
817.875405  	76.540387 
818.232712  	76.851908 
818.590019  	77.050941 
818.947325  	76.765470 
819.304632  	76.670917 
819.661939  	76.787071 
820.019246  	76.746597 
820.376553  	76.626174 
820.733860  	76.552606 
821.091167  	76.656867 
821.448473  	76.530297 
821.805780  	76.217927 
822.163087  	76.105687 
822.520394  	75.774155 
822.877701  	75.275934 
823.235008  	75.275821 
823.592315  	75.321452 
823.949621  	74.858953 
824.306928  	74.669411 
824.664235  	74.942292 
825.021542  	75.033990 
825.378849  	74.728498 
825.736156  	74.273138 
826.093463  	74.347132 
826.450769  	74.581666 
826.808076  	74.413294 
827.165383  	74.407436 
827.522690  	74.365437 
827.879997  	73.893777 
828.237304  	73.257369 
828.594611  	73.001218 
828.951918  	73.221334 
829.309224  	73.119461 
829.666531  	72.986238 
830.023838  	73.139768 
830.381145  	73.166643 
830.738452  	73.254816 
831.095759  	73.011430 
831.453066  	72.557681 
831.810372  	72.362167 
832.167679  	72.134917 
832.524986  	72.434064 
832.882293  	72.776272 
833.239600  	72.154843 
833.596907  	71.634347 
833.954214  	71.630445 
834.311520  	71.633071 
834.668827  	71.646023 
835.026134  	71.356373 
835.383441  	70.940130 
835.740748  	70.780325 
836.098055  	70.597542 
836.455362  	70.498790 
836.812668  	70.381701 
837.169975  	69.919384 
837.527282  	69.691325 
837.884589  	69.776873 
838.241896  	69.672736 
838.599203  	69.600742 
838.956510  	69.560209 
839.313816  	69.220502 
839.671123  	68.882738 
840.028430  	68.754098 
840.385737  	68.595201 
840.743044  	68.344836 
841.100351  	67.907429 
841.457658  	67.399131 
841.814964  	67.103392 
842.172271  	66.874122 
842.529578  	66.810986 
842.886885  	66.786993 
843.244192  	66.328905 
843.601499  	65.824529 
843.958806  	65.510309 
844.316113  	64.993689 
844.673419  	64.316929 
845.030726  	63.964838 
845.388033  	63.828860 
845.745340  	63.488651 
846.102647  	63.231765 
846.459954  	62.724049 
846.817261  	61.655196 
847.174567  	60.878443 
847.531874  	60.340124 
847.889181  	59.653192 
848.246488  	59.049049 
848.603795  	58.409714 
848.961102  	57.498462 
849.318409  	56.470284 
849.675715  	55.530921 
850.033022  	54.401165 
850.390329  	53.044968 
850.747636  	51.355684 
851.104943  	49.435974 
851.462250  	48.032882 
851.819557  	46.614469 
852.176863  	45.304969 
852.534170  	44.965807 
852.891477  	45.152480 
853.248784  	46.205112 
853.606091  	48.275138 
853.963398  	51.062041 
854.320705  	54.107643 
854.678011  	56.340792 
855.035318  	58.591170 
855.392625  	60.573056 
855.749932  	61.281638 
856.107239  	62.228658 
856.464546  	62.853154 
856.821853  	62.459084 
857.179160  	62.460243 
857.536466  	62.616850 
857.893773  	62.506038 
858.251080  	62.368009 
858.608387  	62.063426 
858.965694  	61.570899 
859.323001  	61.037439 
859.680308  	60.509977 
860.037614  	59.783827 
860.394921  	59.177153 
860.752228  	58.827524 
861.109535  	58.180234 
861.466842  	57.557892 
861.824149  	57.371383 
862.181456  	56.843475 
862.538762  	55.989128 
862.896069  	55.769256 
863.253376  	55.405647 
863.610683  	54.267732 
863.967990  	53.527247 
864.325297  	53.099735 
864.682604  	52.483044 
865.039910  	51.800359 
865.397217  	50.753168 
865.754524  	49.889130 
866.111831  	49.442933 
866.469138  	48.722742 
866.826445  	47.953617 
867.183752  	47.355386 
867.541058  	46.942030 
867.898365  	47.131822 
868.255672  	47.837377 
868.612979  	48.854779 
868.970286  	50.191664 
869.327593  	51.357141 
869.684900  	52.248360 
870.042207  	53.290429 
870.399513  	54.052200 
870.756820  	54.246074 
871.114127  	54.115626 
871.471434  	53.507830 
871.828741  	52.694088 
872.186048  	51.980860 
872.543355  	51.271362 
872.900661  	50.982702 
873.257968  	51.192260 
873.615275  	51.354917 
873.972582  	51.372683 
874.329889  	51.301841 
874.687196  	51.037539 
875.044503  	50.768362 
875.401809  	50.657907 
875.759116  	50.548050 
876.116423  	50.326228 
876.473730  	50.043166 
876.831037  	49.847811 
877.188344  	49.625179 
877.545651  	49.139389 
877.902957  	48.712429 
878.260264  	48.496248 
878.617571  	47.956396 
878.974878  	47.265774 
879.332185  	47.040933 
879.689492  	46.985830 
880.046799  	46.871840 
880.404105  	46.831068 
880.761412  	46.461702 
881.118719  	45.885125 
881.476026  	45.662013 
881.833333  	45.472340 
882.190640  	45.150069 
882.547947  	45.192038 
882.905254  	45.516007 
883.262560  	45.495587 
883.619867  	45.065942 
883.977174  	44.692973 
884.334481  	44.462857 
884.691788  	44.181293 
885.049095  	44.116557 
885.406402  	44.548087 
885.763708  	44.719949 
886.121015  	44.087136 
886.478322  	43.732922 
886.835629  	44.128486 
887.192936  	44.367944 
887.550243  	44.308100 
887.907550  	44.356726 
888.264856  	44.488114 
888.622163  	44.588753 
888.979470  	44.614798 
889.336777  	44.608908 
889.694084  	44.776601 
890.051391  	45.050744 
890.408698  	45.223233 
890.766004  	45.530242 
891.123311  	45.874410 
891.480618  	46.049978 
891.837925  	46.374647 
892.195232  	46.554259 
892.552539  	46.571060 
892.909846  	47.029057 
893.267152  	47.404095 
893.624459  	47.387843 
893.981766  	47.514473 
894.339073  	47.592922 
894.696380  	47.532532 
895.053687  	47.999472 
895.410994  	48.944123 
895.768301  	49.618063 
896.125607  	49.998401 
896.482914  	50.314662 
896.840221  	50.588116 
897.197528  	51.193546 
897.554835  	51.980968 
897.912142  	52.318544 
898.269449  	52.466057 
898.626755  	52.925623 
898.984062  	53.498862 
899.341369  	53.782453 
899.698676  	54.000985 
900.055983  	54.588964 
900.413290  	55.033735 
900.770597  	55.251487 
901.127903  	56.005348 
901.485210  	56.890178 
901.842517  	57.354679 
902.199824  	57.562950 
902.557131  	57.732730 
902.914438  	58.432396 
903.271745  	59.325808 
903.629051  	59.687275 
903.986358  	59.981376 
904.343665  	60.330474 
904.700972  	60.468217 
905.058279  	60.636058 
905.415586  	60.905837 
905.772893  	61.161630 
906.130199  	61.479718 
906.487506  	61.956002 
906.844813  	62.358889 
907.202120  	62.493537 
907.559427  	62.797161 
907.916734  	63.406748 
908.274041  	63.555644 
908.631348  	63.394363 
908.988654  	63.836480 
909.345961  	64.203701 
909.703268  	64.012867 
910.060575  	64.141262 
910.417882  	64.346815 
910.775189  	64.023086 
911.132496  	63.603457 
911.489802  	63.737248 
911.847109  	64.470102 
912.204416  	65.054456 
912.561723  	65.184505 
912.919030  	65.168583 
913.276337  	65.039895 
913.633644  	64.990061 
913.990950  	65.215346 
914.348257  	65.302866 
914.705564  	65.267409 
915.062871  	65.718057 
915.420178  	66.145237 
915.777485  	66.054059 
916.134792  	66.044388 
916.492098  	66.109197 
916.849405  	66.189794 
917.206712  	66.389108 
917.564019  	66.556985 
917.921326  	66.992632 
918.278633  	67.341816 
918.635940  	67.359205 
918.993246  	67.720999 
919.350553  	68.221641 
919.707860  	68.506280 
920.065167  	68.741409 
920.422474  	69.018203 
920.779781  	69.262614 
921.137088  	69.106618 
921.494394  	69.055843 
921.851701  	69.666713 
922.209008  	70.027640 
922.566315  	69.991987 
922.923622  	70.320506 
923.280929  	70.682849 
923.638236  	70.759878 
923.995543  	70.949959 
924.352849  	71.330912 
924.710156  	71.533509 
925.067463  	71.529501 
925.424770  	71.785133 
925.782077  	72.241546 
926.139384  	72.509572 
926.496691  	72.641876 
926.853997  	72.666131 
927.211304  	72.673143 
927.568611  	72.860777 
927.925918  	73.015234 
928.283225  	73.034007 
928.640532  	73.281054 
928.997839  	73.567792 
929.355145  	73.535086 
929.712452  	73.630333 
930.069759  	73.741934 
930.427066  	73.642352 
930.784373  	73.896084 
931.141680  	74.073102 
931.498987  	73.801414 
931.856293  	73.830771 
932.213600  	74.072591 
932.570907  	74.062867 
932.928214  	74.020616 
933.285521  	74.006503 
933.642828  	73.904937 
934.000135  	73.957134 
934.357441  	74.083767 
934.714748  	74.050786 
935.072055  	74.204351 
935.429362  	74.346206 
935.786669  	74.306495 
936.143976  	74.477744 
936.501283  	74.418052 
936.858590  	74.138908 
937.215896  	74.243861 
937.573203  	74.434163 
937.930510  	74.478825 
938.287817  	74.561565 
938.645124  	74.715913 
939.002431  	74.745857 
939.359738  	74.631262 
939.717044  	74.641134 
940.074351  	74.720203 
940.431658  	74.786672 
940.788965  	74.731554 
941.146272  	74.445311 
941.503579  	74.354475 
941.860886  	74.492324 
942.218192  	74.437076 
942.575499  	74.388487 
942.932806  	74.589552 
943.290113  	74.604607 
943.647420  	74.364248 
944.004727  	74.467511 
944.362034  	74.619866 
944.719340  	74.293986 
945.076647  	73.985902 
945.433954  	73.847173 
945.791261  	73.803487 
946.148568  	73.994598 
946.505875  	74.057066 
946.863182  	74.064558 
947.220488  	74.170739 
947.577795  	73.916110 
947.935102  	73.579933 
948.292409  	73.599442 
948.649716  	73.680232 
949.007023  	73.696117 
949.364330  	73.671748 
949.721637  	73.472420 
950.078943  	73.229299 
950.436250  	73.305560 
950.793557  	73.629334 
951.150864  	73.751251 
951.508171  	73.598992 
951.865478  	73.384890 
952.222785  	73.259806 
952.580091  	73.249858 
952.937398  	73.146247 
953.294705  	72.962613 
953.652012  	73.059822 
954.009319  	73.189069 
954.366626  	72.972464 
954.723933  	72.910736 
955.081239  	73.188549 
955.438546  	73.329629 
955.795853  	73.195950 
956.153160  	72.872826 
956.510467  	72.707811 
956.867774  	72.751581 
957.225081  	72.579190 
957.582387  	72.551920 
957.939694  	72.685324 
958.297001  	72.141365 
958.654308  	71.432028 
959.011615  	71.378530 
959.368922  	71.490066 
959.726229  	71.523935 
960.083535  	71.418893 
960.440842  	70.925876 
960.798149  	70.391220 
961.155456  	69.833993 
961.512763  	69.184619 
961.870070  	68.540818 
962.227377  	67.623531 
962.584684  	66.700977 
962.941990  	65.599731 
963.299297  	63.834235 
963.656604  	62.151474 
964.013911  	61.124240 
964.371218  	60.661043 
964.728525  	60.651982 
965.085832  	61.481760 
965.443138  	63.292296 
965.800445  	64.860039 
966.157752  	65.884461 
966.515059  	67.053755 
966.872366  	68.165956 
967.229673  	68.875104 
967.586980  	69.374923 
967.944286  	70.200896 
968.301593  	70.952057 
968.658900  	71.362744 
969.016207  	71.932765 
969.373514  	72.287331 
969.730821  	72.743311 
970.088128  	73.345123 
970.445434  	73.203235 
970.802741  	73.108288 
971.160048  	73.427075 
971.517355  	73.467594 
971.874662  	73.391804 
972.231969  	73.151034 
972.589276  	72.816027 
972.946582  	73.068939 
973.303889  	73.414475 
973.661196  	73.243945 
974.018503  	73.306236 
974.375810  	73.522334 
974.733117  	73.507818 
975.090424  	73.619680 
975.447731  	73.563225 
975.805037  	73.327288 
976.162344  	73.108887 
976.519651  	73.023320 
976.876958  	73.061332 
977.234265  	72.694937 
977.591572  	72.595901 
977.948879  	72.958061 
978.306185  	72.977503 
978.663492  	73.085523 
979.020799  	73.297388 
979.378106  	73.226646 
979.735413  	73.111115 
980.092720  	73.088020 
980.450027  	72.951042 
980.807333  	72.665526 
981.164640  	72.708489 
981.521947  	72.694729 
981.879254  	72.243492 
982.236561  	71.974952 
982.593868  	72.237268 
982.951175  	72.708363 
983.308481  	72.589348 
983.665788  	72.342121 
984.023095  	72.660711 
984.380402  	72.877218 
984.737709  	72.779083 
985.095016  	72.379142 
985.452323  	72.150558 
985.809629  	72.305153 
986.166936  	72.072848 
986.524243  	71.961427 
986.881550  	72.229100 
987.238857  	72.217511 
987.596164  	72.076520 
987.953471  	72.035611 
988.310778  	71.993205 
988.668084  	71.743876 
989.025391  	71.521237 
989.382698  	71.539589 
989.740005  	71.579203 
990.097312  	71.548935 
990.454619  	71.340273 
990.811926  	71.109914 
991.169232  	70.793199 
991.526539  	70.393565 
991.883846  	70.344671 
992.241153  	70.253291 
992.598460  	69.886804 
992.955767  	69.458862 
993.313074  	68.835135 
993.670380  	68.145134 
994.027687  	67.554788 
994.384994  	67.301524 
994.742301  	67.531028 
995.099608  	67.963028 
995.456915  	68.373714 
995.814222  	68.744494 
996.171528  	69.154069 
996.528835  	69.532670 
996.886142  	69.911367 
997.243449  	70.242078 
997.600756  	70.233564 
997.958063  	70.008037 
998.315370  	69.877083 
998.672676  	69.996636 
999.029983  	70.149239 
999.387290  	70.196602 
999.744597  	70.410931 
1000.101904  	70.383380 
1000.459211  	70.158375 
1000.816518  	70.456506 
1001.173824  	70.639027 
1001.531131  	70.494270 
1001.888438  	70.689308 
1002.245745  	70.693437 
1002.603052  	70.362368 
1002.960359  	70.203502 
1003.317666  	70.056476 
1003.674973  	70.001498 
1004.032279  	70.026367 
1004.389586  	69.917357 
1004.746893  	69.919094 
1005.104200  	69.912320 
1005.461507  	69.744354 
1005.818814  	69.758472 
1006.176121  	69.941095 
1006.533427  	69.970680 
1006.890734  	69.914889 
1007.248041  	70.004854 
1007.605348  	70.106095 
1007.962655  	69.890291 
1008.319962  	69.591971 
1008.677269  	69.701528 
1009.034575  	69.700425 
1009.391882  	69.402802 
1009.749189  	69.560407 
1010.106496  	69.692979 
1010.463803  	69.478062 
1010.821110  	69.365608 
1011.178417  	69.180781 
1011.535723  	69.062928 
1011.893030  	68.955478 
1012.250337  	68.879318 
1012.607644  	69.088352 
1012.964951  	69.245440 
1013.322258  	69.444906 
1013.679565  	69.304317 
1014.036871  	68.786547 
1014.394178  	68.632750 
1014.751485  	68.573489 
1015.108792  	68.822248 
1015.466099  	69.105077 
1015.823406  	68.681228 
1016.180713  	68.296918 
1016.538020  	68.037905 
1016.895326  	67.756057 
1017.252633  	67.816613 
1017.609940  	67.780349 
1017.967247  	67.319799 
1018.324554  	66.857410 
1018.681861  	66.853757 
1019.039168  	67.071235 
1019.396474  	66.993382 
1019.753781  	66.577364 
1020.111088  	66.294559 
1020.468395  	66.354892 
1020.825702  	66.151785 
1021.183009  	65.766344 
1021.540316  	65.742121 
1021.897622  	65.897479 
1022.254929  	65.914474 
1022.612236  	65.481934 
1022.969543  	64.641640 
1023.326850  	63.980805 
1023.684157  	64.066637 
1024.041464  	64.167789 
1024.398770  	63.382325 
1024.756077  	62.824457 
1025.113384  	62.748905 
1025.470691  	62.342777 
1025.827998  	61.931256 
1026.185305  	61.496384 
1026.542612  	60.948222 
1026.899918  	60.218718 
1027.257225  	59.321775 
1027.614532  	58.712231 
1027.971839  	57.921292 
1028.329146  	56.796718 
1028.686453  	55.736662 
1029.043760  	54.656951 
1029.401067  	53.533562 
1029.758373  	52.242939 
1030.115680  	50.905030 
1030.472987  	49.852809 
1030.830294  	49.307488 
1031.187601  	49.383484 
1031.544908  	50.102627 
1031.902215  	51.744691 
1032.259521  	54.264015 
1032.616828  	57.447519 
1032.974135  	60.789202 
1033.331442  	63.459228 
1033.688749  	65.520714 
1034.046056  	67.255053 
1034.403363  	68.745653 
1034.760669  	69.982174 
1035.117976  	70.664339 
1035.475283  	71.184461 
1035.832590  	71.621208 
1036.189897  	71.678001 
1036.547204  	72.088185 
1036.904511  	72.819202 
1037.261817  	72.995252 
1037.619124  	72.726156 
1037.976431  	72.523206 
1038.333738  	72.474507 
1038.691045  	72.461333 
1039.048352  	72.561616 
1039.405659  	72.615336 
1039.762965  	72.555620 
1040.120272  	72.628184 
1040.477579  	72.559901 
1040.834886  	72.501102 
1041.192193  	72.410196 
1041.549500  	71.756729 
1041.906807  	71.479422 
1042.264114  	71.940560 
1042.621420  	72.208842 
1042.978727  	72.055914 
1043.336034  	71.784522 
1043.693341  	72.003533 
1044.050648  	72.254031 
1044.407955  	71.824597 
1044.765262  	71.587299 
1045.122568  	71.580317 
1045.479875  	71.378769 
1045.837182  	71.420885 
1046.194489  	71.586842 
1046.551796  	71.626289 
1046.909103  	71.576700 
1047.266410  	71.405265 
1047.623716  	71.250075 
1047.981023  	71.197018 
1048.338330  	71.069387 
1048.695637  	70.937835 
1049.052944  	70.935846 
1049.410251  	70.759487 
1049.767558  	70.542366 
1050.124864  	70.454064 
1050.482171  	70.363549 
1050.839478  	70.558035 
1051.196785  	70.720008 
1051.554092  	70.519014 
1051.911399  	70.341392 
1052.268706  	70.270877 
1052.626012  	70.262174 
1052.983319  	70.199172 
1053.340626  	70.098470 
1053.697933  	69.908026 
1054.055240  	69.583607 
1054.412547  	69.602907 
1054.769854  	69.752137 
1055.127161  	69.659517 
1055.484467  	69.471603 
1055.841774  	69.208827 
1056.199081  	69.040312 
1056.556388  	68.888239 
1056.913695  	68.840228 
1057.271002  	68.945950 
1057.628309  	68.781445 
1057.985615  	68.631555 
1058.342922  	68.446177 
1058.700229  	68.111551 
1059.057536  	68.307155 
1059.414843  	68.646786 
1059.772150  	68.505775 
1060.129457  	68.221444 
1060.486763  	68.142312 
1060.844070  	68.354383 
1061.201377  	68.530099 
1061.558684  	68.392126 
1061.915991  	68.117895 
1062.273298  	68.028505 
1062.630605  	68.181896 
1062.987911  	68.145882 
1063.345218  	67.868459 
1063.702525  	67.688597 
1064.059832  	67.521263 
1064.417139  	67.384897 
1064.774446  	67.474186 
1065.131753  	67.642578 
1065.489059  	67.507755 
1065.846366  	67.203499 
1066.203673  	67.383240 
1066.560980  	67.670051 
1066.918287  	67.509215 
1067.275594  	67.493967 
1067.632901  	67.548562 
1067.990208  	67.288007 
1068.347514  	67.271875 
1068.704821  	67.460659 
1069.062128  	67.401462 
1069.419435  	67.423295 
1069.776742  	67.555856 
1070.134049  	67.399546 
1070.491356  	67.314065 
1070.848662  	67.463622 
1071.205969  	67.517485 
1071.563276  	67.766351 
1071.920583  	67.969430 
1072.277890  	67.554484 
1072.635197  	67.205515 
1072.992504  	67.308440 
1073.349810  	67.255881 
1073.707117  	67.060214 
1074.064424  	67.190877 
1074.421731  	67.429701 
1074.779038  	67.389391 
1075.136345  	67.083368 
1075.493652  	66.694667 
1075.850958  	66.735448 
1076.208265  	67.094358 
1076.565572  	66.959900 
1076.922879  	66.677224 
1077.280186  	66.806981 
1077.637493  	66.820346 
1077.994800  	66.584422 
1078.352106  	66.490017 
1078.709413  	66.310652 
1079.066720  	65.984130 
1079.424027  	65.879908 
1079.781334  	65.813272 
1080.138641  	65.717742 
1080.495948  	65.847343 
1080.853255  	65.901181 
1081.210561  	65.705026 
1081.567868  	65.610485 
1081.925175  	65.526918 
1082.282482  	65.005166 
1082.639789  	64.479725 
1082.997096  	64.440071 
1083.354403  	64.339978 
1083.711709  	64.082049 
1084.069016  	64.002200 
1084.426323  	63.795226 
1084.783630  	63.379533 
1085.140937  	63.142749 
1085.498244  	63.116165 
1085.855551  	62.942877 
1086.212857  	62.542752 
1086.570164  	61.999898 
1086.927471  	61.548767 
1087.284778  	61.393284 
1087.642085  	60.970955 
1087.999392  	60.113799 
1088.356699  	59.287597 
1088.714005  	58.693893 
1089.071312  	58.182796 
1089.428619  	57.213824 
1089.785926  	56.524145 
1090.143233  	56.860937 
1090.500540  	57.499948 
1090.857847  	58.846726 
1091.215153  	60.982946 
1091.572460  	62.842365 
1091.929767  	64.198334 
1092.287074  	64.893133 
1092.644381  	65.428900 
1093.001688  	66.245994 
1093.358995  	66.780018 
1093.716301  	67.198238 
1094.073608  	67.277563 
1094.430915  	66.810689 
1094.788222  	66.688446 
1095.145529  	66.794491 
1095.502836  	66.597482 
1095.860143  	66.300140 
1096.217450  	66.224111 
1096.574756  	66.240141 
1096.932063  	65.796997 
1097.289370  	65.405192 
1097.646677  	65.559976 
1098.003984  	65.621212 
1098.361291  	65.545773 
1098.718598  	65.469464 
1099.075904  	65.234317 
1099.433211  	65.008135 
1099.790518  	64.946490 
1100.147825  	64.983986 
1100.505132  	64.700007 
1100.862439  	64.398960 
1101.219746  	64.398659 
1101.577052  	64.028225 
1101.934359  	63.708309 
1102.291666  	63.802286 
1102.648973  	63.696762 
1103.006280  	63.511561 
1103.363587  	63.418381 
1103.720894  	63.522032 
1104.078200  	63.751176 
1104.435507  	63.750330 
1104.792814  	63.556662 
1105.150121  	63.200674 
1105.507428  	63.121643 
1105.864735  	63.297719 
1106.222042  	63.159423 
1106.579348  	63.029192 
1106.936655  	62.917603 
1107.293962  	62.717160 
1107.651269  	62.492561 
1108.008576  	62.119649 
1108.365883  	62.076723 
1108.723190  	62.146653 
1109.080497  	61.909336 
1109.437803  	61.806547 
1109.795110  	61.823116 
1110.152417  	61.810036 
1110.509724  	61.735087 
1110.867031  	61.745900 
1111.224338  	61.823339 
1111.581645  	61.515025 
1111.938951  	61.449708 
1112.296258  	61.685665 
1112.653565  	61.386095 
1113.010872  	61.057520 
1113.368179  	60.884606 
1113.725486  	60.704841 
1114.082793  	60.685848 
1114.440099  	60.479090 
1114.797406  	60.316941 
1115.154713  	60.269247 
1115.512020  	60.148040 
1115.869327  	60.102004 
1116.226634  	59.853784 
1116.583941  	59.809984 
1116.941247  	59.963839 
1117.298554  	59.814370 
1117.655861  	59.926833 
1118.013168  	59.913546 
1118.370475  	59.405669 
1118.727782  	59.103179 
1119.085089  	59.064291 
1119.442395  	59.111520 
1119.799702  	58.896997 
1120.157009  	58.708955 
1120.514316  	59.029120 
1120.871623  	59.014208 
1121.228930  	58.582335 
1121.586237  	58.272223 
1121.943544  	57.876515 
1122.300850  	57.525392 
1122.658157  	57.343630 
1123.015464  	57.227676 
1123.372771  	57.223189 
1123.730078  	57.039847 
1124.087385  	56.599725 
1124.444692  	56.479436 
1124.801998  	56.552990 
1125.159305  	56.250319 
1125.516612  	56.017588 
1125.873919  	56.137585 
1126.231226  	56.161836 
1126.588533  	55.926042 
1126.945840  	55.633487 
1127.303146  	55.532676 
1127.660453  	55.333658 
1128.017760  	55.033203 
1128.375067  	55.053481 
1128.732374  	54.890531 
1129.089681  	54.486043 
1129.446988  	54.523877 
1129.804294  	54.699563 
1130.161601  	54.561522 
1130.518908  	54.343627 
1130.876215  	54.158318 
1131.233522  	53.951544 
1131.590829  	53.898737 
1131.948136  	53.950288 
1132.305442  	53.894575 
1132.662749  	53.989233 
1133.020056  	54.153514 
1133.377363  	53.848594 
1133.734670  	53.502494 
1134.091977  	53.606319 
1134.449284  	53.520884 
1134.806591  	53.188078 
1135.163897  	53.142568 
1135.521204  	53.176300 
1135.878511  	53.181120 
1136.235818  	53.027894 
1136.593125  	52.659213 
1136.950432  	52.563883 
1137.307739  	52.584084 
1137.665045  	52.510094 
1138.022352  	52.412311 
1138.379659  	52.160162 
1138.736966  	52.004181 
1139.094273  	51.868382 
1139.451580  	51.639121 
1139.808887  	51.354135 
1140.166193  	50.935914 
1140.523500  	50.884998 
1140.880807  	50.814966 
1141.238114  	50.332356 
1141.595421  	50.188385 
1141.952728  	50.021049 
1142.310035  	49.422774 
1142.667341  	48.811721 
1143.024648  	48.319767 
1143.381955  	48.018172 
1143.739262  	47.575734 
1144.096569  	46.860519 
1144.453876  	46.188215 
1144.811183  	45.601366 
1145.168489  	45.057220 
1145.525796  	44.617970 
1145.883103  	44.562904 
1146.240410  	44.799419 
1146.597717  	45.275253 
1146.955024  	46.040868 
1147.312331  	46.492192 
1147.669638  	46.873306 
1148.026944  	47.395850 
1148.384251  	47.242694 
1148.741558  	46.698087 
1149.098865  	46.324820 
1149.456172  	45.874284 
1149.813479  	45.017701 
1150.170786  	43.759219 
1150.528092  	42.708621 
1150.885399  	42.237279 
1151.242706  	42.346516 
1151.600013  	42.901356 
1151.957320  	43.572349 
1152.314627  	44.271488 
1152.671934  	44.842775 
1153.029240  	45.150060 
1153.386547  	45.208135 
1153.743854  	45.038210 
1154.101161  	44.839640 
1154.458468  	44.569912 
1154.815775  	44.276750 
1155.173082  	44.144217 
1155.530388  	44.039067 
1155.887695  	44.130171 
1156.245002  	44.803822 
1156.602309  	46.078767 
1156.959616  	47.604647 
1157.316923  	49.151988 
1157.674230  	50.848574 
1158.031536  	52.807059 
1158.388843  	55.046162 
1158.746150  	57.279299 
1159.103457  	59.196635 
1159.460764  	60.939016 
1159.818071  	62.548566 
1160.175378  	64.030625 
1160.532685  	65.235529 
1160.889991  	65.649936 
1161.247298  	65.616766 
1161.604605  	65.711662 
1161.961912  	65.676214 
1162.319219  	65.390751 
1162.676526  	64.815207 
1163.033833  	64.161758 
1163.391139  	63.790378 
1163.748446  	63.292790 
1164.105753  	62.683046 
1164.463060  	62.167443 
1164.820367  	61.527498 
1165.177674  	61.029886 
1165.534981  	60.579799 
1165.892287  	60.068065 
1166.249594  	59.699906 
1166.606901  	59.104313 
1166.964208  	58.398807 
1167.321515  	58.030781 
1167.678822  	57.830940 
1168.036129  	57.532707 
1168.393435  	57.181062 
1168.750742  	56.794074 
1169.108049  	56.276729 
1169.465356  	55.932414 
1169.822663  	55.696920 
1170.179970  	55.376468 
1170.537277  	55.267044 
1170.894583  	55.050588 
1171.251890  	54.612400 
1171.609197  	54.240154 
1171.966504  	53.879917 
1172.323811  	53.663955 
1172.681118  	53.488722 
1173.038425  	53.160626 
1173.395731  	52.620274 
1173.753038  	52.071371 
1174.110345  	52.001513 
1174.467652  	52.121879 
1174.824959  	51.898305 
1175.182266  	51.363052 
1175.539573  	50.919178 
1175.896880  	50.732633 
1176.254186  	50.496742 
1176.611493  	50.248400 
1176.968800  	50.001851 
1177.326107  	49.727490 
1177.683414  	49.521964 
1178.040721  	49.203852 
1178.398028  	48.816579 
1178.755334  	48.492242 
1179.112641  	48.274315 
1179.469948  	47.905044 
1179.827255  	47.422799 
1180.184562  	47.405230 
1180.541869  	47.384928 
1180.899176  	47.010335 
1181.256482  	46.624302 
1181.613789  	46.243055 
1181.971096  	46.008252 
1182.328403  	45.748757 
1182.685710  	45.487236 
1183.043017  	45.297759 
1183.400324  	44.922800 
1183.757630  	44.674602 
1184.114937  	44.445872 
1184.472244  	44.143967 
1184.829551  	44.003376 
1185.186858  	43.778227 
1185.544165  	43.662787 
1185.901472  	43.672882 
1186.258778  	43.517134 
1186.616085  	43.417013 
1186.973392  	43.464986 
1187.330699  	43.455677 
1187.688006  	43.191546 
1188.045313  	43.030484 
1188.402620  	43.264657 
1188.759927  	43.430248 
1189.117233  	43.541431 
1189.474540  	43.754123 
1189.831847  	43.715408 
1190.189154  	43.629166 
1190.546461  	43.804317 
1190.903768  	44.051346 
1191.261075  	44.263056 
1191.618381  	44.306930 
1191.975688  	44.218715 
1192.332995  	44.290873 
1192.690302  	44.577374 
1193.047609  	44.848595 
1193.404916  	44.748075 
1193.762223  	44.571767 
1194.119529  	44.671709 
1194.476836  	44.646851 
1194.834143  	44.500240 
1195.191450  	44.444838 
1195.548757  	44.470853 
1195.906064  	44.444827 
1196.263371  	44.182805 
1196.620677  	44.094094 
1196.977984  	44.110698 
1197.335291  	43.849594 
1197.692598  	43.640491 
1198.049905  	43.554881 
1198.407212  	43.508813 
1198.764519  	43.398319 
1199.121825  	43.103233 
1199.479132  	42.827998 
1199.836439  	42.661773 
1200.193746  	42.609919 
1200.551053  	42.449569 
1200.908360  	42.133533 
1201.265667  	42.048230 
1201.622974  	42.058132 
1201.980280  	41.829281 
1202.337587  	41.452788 
1202.694894  	41.066526 
1203.052201  	40.672464 
1203.409508  	40.386956 
1203.766815  	40.166528 
1204.124122  	39.784690 
1204.481428  	39.505709 
1204.838735  	39.429149 
1205.196042  	39.241515 
1205.553349  	38.909136 
1205.910656  	38.518073 
1206.267963  	38.222562 
1206.625270  	38.003222 
1206.982576  	37.768378 
1207.339883  	37.550734 
1207.697190  	37.299183 
1208.054497  	37.152023 
1208.411804  	37.160118 
1208.769111  	37.233827 
1209.126418  	37.502494 
1209.483724  	37.986814 
1209.841031  	38.476640 
1210.198338  	38.966752 
1210.555645  	39.638568 
1210.912952  	40.360969 
1211.270259  	41.289601 
1211.627566  	42.642200 
1211.984872  	43.952534 
1212.342179  	45.259174 
1212.699486  	46.792180 
1213.056793  	48.267546 
1213.414100  	49.727574 
1213.771407  	51.235232 
1214.128714  	52.628877 
1214.486021  	53.716806 
1214.843327  	54.487858 
1215.200634  	55.329754 
1215.557941  	56.243569 
1215.915248  	56.752305 
1216.272555  	57.024271 
1216.629862  	57.469858 
1216.987169  	57.789888 
1217.344475  	57.864518 
1217.701782  	57.850839 
1218.059089  	57.660883 
1218.416396  	57.483828 
1218.773703  	57.316881 
1219.131010  	57.018363 
1219.488317  	56.696077 
1219.845623  	56.311062 
1220.202930  	55.965003 
1220.560237  	55.669086 
1220.917544  	55.338143 
1221.274851  	54.970947 
1221.632158  	54.523596 
1221.989465  	54.087528 
1222.346771  	53.521293 
1222.704078  	52.966295 
1223.061385  	52.646833 
1223.418692  	52.327949 
1223.775999  	52.111795 
1224.133306  	51.834754 
1224.490613  	51.325432 
1224.847919  	50.853084 
1225.205226  	50.394595 
1225.562533  	50.112266 
1225.919840  	49.902840 
1226.277147  	49.559802 
1226.634454  	49.342468 
1226.991761  	49.126654 
1227.349068  	48.829380 
1227.706374  	48.553972 
1228.063681  	48.326161 
1228.420988  	48.167563 
1228.778295  	47.906168 
1229.135602  	47.610494 
1229.492909  	47.353418 
1229.850216  	47.150944 
1230.207522  	47.039359 
1230.564829  	46.826647 
1230.922136  	46.679570 
1231.279443  	46.583359 
1231.636750  	46.272211 
1231.994057  	46.055452 
1232.351364  	45.996790 
1232.708670  	45.821987 
1233.065977  	45.619117 
1233.423284  	45.570928 
1233.780591  	45.520039 
1234.137898  	45.296749 
1234.495205  	45.197795 
1234.852512  	45.372698 
1235.209818  	45.545985 
1235.567125  	45.488078 
1235.924432  	45.320595 
1236.281739  	45.388579 
1236.639046  	45.543395 
1236.996353  	45.528609 
1237.353660  	45.557317 
1237.710966  	45.759889 
1238.068273  	45.978040 
1238.425580  	46.032659 
1238.782887  	46.002704 
1239.140194  	45.924893 
1239.497501  	45.809642 
1239.854808  	45.919179 
1240.212115  	46.126818 
1240.569421  	46.117630 
1240.926728  	45.945905 
1241.284035  	45.843157 
1241.641342  	45.804407 
1241.998649  	45.638992 
1242.355956  	45.668780 
1242.713263  	45.908244 
1243.070569  	45.877378 
1243.427876  	45.805125 
1243.785183  	45.945072 
1244.142490  	46.202019 
1244.499797  	46.448578 
1244.857104  	46.613426 
1245.214411  	46.919539 
1245.571717  	47.288589 
1245.929024  	47.552993 
1246.286331  	47.823570 
1246.643638  	48.108878 
1247.000945  	48.453253 
1247.358252  	48.874938 
1247.715559  	49.339307 
1248.072865  	49.804684 
1248.430172  	50.335745 
1248.787479  	51.104753 
1249.144786  	51.911414 
1249.502093  	52.567579 
1249.859400  	53.171567 
1250.216707  	53.802834 
1250.574013  	54.599366 
1250.931320  	55.483894 
1251.288627  	56.229726 
1251.645934  	56.943519 
1252.003241  	57.698128 
1252.360548  	58.361970 
1252.717855  	59.059948 
1253.075161  	59.825259 
1253.432468  	60.531870 
1253.789775  	61.434918 
1254.147082  	62.442570 
1254.504389  	63.244069 
1254.861696  	64.098569 
1255.219003  	65.024224 
1255.576310  	66.009600 
1255.933616  	67.226682 
1256.290923  	68.299192 
1256.648230  	69.156622 
1257.005537  	70.154564 
1257.362844  	71.276583 
1257.720151  	72.413903 
1258.077458  	73.485616 
1258.434764  	74.402162 
1258.792071  	75.195227 
1259.149378  	76.133993 
1259.506685  	77.184362 
1259.863992  	77.954322 
1260.221299  	78.708638 
1260.578606  	79.486871 
1260.935912  	79.967053 
1261.293219  	80.472729 
1261.650526  	80.856560 
1262.007833  	81.002280 
1262.365140  	81.265151 
1262.722447  	81.516285 
1263.079754  	81.712934 
1263.437060  	81.783639 
1263.794367  	81.642049 
1264.151674  	81.629288 
1264.508981  	81.743601 
1264.866288  	81.729189 
1265.223595  	81.574402 
1265.580902  	81.456645 
1265.938208  	81.453380 
1266.295515  	81.327638 
1266.652822  	80.979644 
1267.010129  	80.606833 
1267.367436  	80.362029 
1267.724743  	80.112186 
1268.082050  	79.757759 
1268.439357  	79.483136 
1268.796663  	79.177346 
1269.153970  	78.748317 
1269.511277  	78.431485 
1269.868584  	78.035404 
1270.225891  	77.383335 
1270.583198  	76.823551 
1270.940505  	76.483538 
1271.297811  	76.175353 
1271.655118  	75.746428 
1272.012425  	75.164032 
1272.369732  	74.495210 
1272.727039  	73.793577 
1273.084346  	73.119989 
1273.441653  	72.529424 
1273.798959  	72.010900 
1274.156266  	71.538019 
1274.513573  	70.983015 
1274.870880  	70.192825 
1275.228187  	69.318377 
1275.585494  	68.592970 
1275.942801  	67.932224 
1276.300107  	67.170787 
1276.657414  	66.359784 
1277.014721  	65.662562 
1277.372028  	64.974403 
1277.729335  	64.113604 
1278.086642  	63.305070 
1278.443949  	62.605021 
1278.801255  	61.818897 
1279.158562  	61.032936 
1279.515869  	60.265410 
1279.873176  	59.493462 
1280.230483  	58.774088 
1280.587790  	58.014442 
1280.945097  	57.184644 
1281.302404  	56.409079 
1281.659710  	55.770149 
1282.017017  	55.200574 
1282.374324  	54.546566 
1282.731631  	53.676686 
1283.088938  	52.817012 
1283.446245  	52.164488 
1283.803552  	51.326958 
1284.160858  	50.454147 
1284.518165  	49.954164 
1284.875472  	49.393380 
1285.232779  	48.633624 
1285.590086  	47.967733 
1285.947393  	47.402929 
1286.304700  	46.858088 
1286.662006  	46.257562 
1287.019313  	45.725271 
1287.376620  	45.331459 
1287.733927  	44.859697 
1288.091234  	44.330751 
1288.448541  	43.926392 
1288.805848  	43.564702 
1289.163154  	43.243795 
1289.520461  	43.055883 
1289.877768  	42.928309 
1290.235075  	42.880518 
1290.592382  	42.828065 
1290.949689  	42.832385 
1291.306996  	43.085659 
1291.664302  	43.163637 
1292.021609  	43.030578 
1292.378916  	43.254012 
1292.736223  	43.658782 
1293.093530  	43.691649 
1293.450837  	43.555837 
1293.808144  	43.774982 
1294.165451  	44.031498 
1294.522757  	44.060742 
1294.880064  	44.327497 
1295.237371  	44.727398 
1295.594678  	44.985420 
1295.951985  	45.210691 
1296.309292  	45.390377 
1296.666599  	45.758640 
1297.023905  	46.384165 
1297.381212  	46.947925 
1297.738519  	47.497675 
1298.095826  	48.074089 
1298.453133  	48.681477 
1298.810440  	49.467011 
1299.167747  	50.275470 
1299.525053  	51.024794 
1299.882360  	51.741647 
1300.239667  	52.390954 
1300.596974  	53.093769 
1300.954281  	53.698581 
1301.311588  	54.163506 
1301.668895  	54.837435 
1302.026201  	55.669602 
1302.383508  	56.281297 
1302.740815  	56.580446 
1303.098122  	56.855833 
1303.455429  	57.268010 
1303.812736  	57.680619 
1304.170043  	58.001146 
1304.527349  	58.322414 
1304.884656  	58.779742 
1305.241963  	59.249363 
1305.599270  	59.656393 
1305.956577  	60.107127 
1306.313884  	60.697180 
1306.671191  	61.446659 
1307.028498  	62.190678 
1307.385804  	62.989537 
1307.743111  	63.781643 
1308.100418  	64.543104 
1308.457725  	65.675893 
1308.815032  	66.915084 
1309.172339  	68.016714 
1309.529646  	69.061626 
1309.886952  	69.967318 
1310.244259  	71.004359 
1310.601566  	72.145248 
1310.958873  	73.138732 
1311.316180  	74.015455 
1311.673487  	74.849450 
1312.030794  	75.726725 
1312.388100  	76.529341 
1312.745407  	77.162213 
1313.102714  	77.694808 
1313.460021  	78.253654 
1313.817328  	78.832769 
1314.174635  	79.172277 
1314.531942  	79.273503 
1314.889248  	79.305676 
1315.246555  	79.457657 
1315.603862  	79.622865 
1315.961169  	79.511966 
1316.318476  	79.343281 
1316.675783  	79.179570 
1317.033090  	78.655305 
1317.390396  	78.079466 
1317.747703  	77.915051 
1318.105010  	77.814705 
1318.462317  	77.257510 
1318.819624  	76.309949 
1319.176931  	75.517464 
1319.534238  	74.909297 
1319.891545  	74.124234 
1320.248851  	73.132172 
1320.606158  	72.071713 
1320.963465  	71.253585 
1321.320772  	70.439443 
1321.678079  	69.362622 
1322.035386  	68.662738 
1322.392693  	68.103780 
1322.749999  	67.335154 
1323.107306  	66.994280 
1323.464613  	66.838305 
1323.821920  	66.681647 
1324.179227  	66.823386 
1324.536534  	67.030735 
1324.893841  	67.355483 
1325.251147  	67.803192 
1325.608454  	68.275218 
1325.965761  	68.989753 
1326.323068  	69.778778 
1326.680375  	70.380896 
1327.037682  	71.052924 
1327.394989  	71.996708 
1327.752295  	72.926871 
1328.109602  	73.752755 
1328.466909  	74.637461 
1328.824216  	75.421177 
1329.181523  	76.023017 
1329.538830  	76.528973 
1329.896137  	77.125197 
1330.253443  	77.958498 
1330.610750  	78.658426 
1330.968057  	79.180301 
1331.325364  	79.821927 
1331.682671  	80.329011 
1332.039978  	80.623113 
1332.397285  	81.026840 
1332.754592  	81.460877 
1333.111898  	81.738229 
1333.469205  	81.996730 
1333.826512  	82.323257 
1334.183819  	82.615768 
1334.541126  	82.806592 
1334.898433  	82.999713 
1335.255740  	83.237670 
1335.613046  	83.385438 
1335.970353  	83.545143 
1336.327660  	83.663643 
1336.684967  	83.558451 
1337.042274  	83.628020 
1337.399581  	83.728996 
1337.756888  	83.675367 
1338.114194  	83.775760 
1338.471501  	83.890745 
1338.828808  	84.041441 
1339.186115  	84.183156 
1339.543422  	84.171053 
1339.900729  	84.256460 
1340.258036  	84.144476 
1340.615342  	83.971736 
1340.972649  	84.072627 
1341.329956  	84.065277 
1341.687263  	84.175307 
1342.044570  	84.249209 
1342.401877  	84.044108 
1342.759184  	83.982876 
1343.116490  	84.028728 
1343.473797  	83.816424 
1343.831104  	83.538757 
1344.188411  	83.694344 
1344.545718  	84.006350 
1344.903025  	84.002078 
1345.260332  	83.925895 
1345.617638  	83.770222 
1345.974945  	83.522714 
1346.332252  	83.435307 
1346.689559  	83.504260 
1347.046866  	83.569170 
1347.404173  	83.377779 
1347.761480  	83.215464 
1348.118787  	83.262102 
1348.476093  	83.157922 
1348.833400  	83.118443 
1349.190707  	83.193368 
1349.548014  	83.026910 
1349.905321  	82.803971 
1350.262628  	82.690978 
1350.619935  	82.536805 
1350.977241  	82.418950 
1351.334548  	82.497637 
1351.691855  	82.466229 
1352.049162  	82.232912 
1352.406469  	82.099178 
1352.763776  	82.021094 
1353.121083  	82.033470 
1353.478389  	82.073653 
1353.835696  	81.990159 
1354.193003  	81.984366 
1354.550310  	81.943206 
1354.907617  	81.717554 
1355.264924  	81.425738 
1355.622231  	81.231909 
1355.979537  	81.385397 
1356.336844  	81.641368 
1356.694151  	81.536684 
1357.051458  	81.247822 
1357.408765  	81.209556 
1357.766072  	81.298823 
1358.123379  	81.098566 
1358.480685  	80.882992 
1358.837992  	80.779428 
1359.195299  	80.448182 
1359.552606  	80.205881 
1359.909913  	80.259967 
1360.267220  	80.350702 
1360.624527  	80.422736 
1360.981834  	80.312283 
1361.339140  	79.950704 
1361.696447  	79.801602 
1362.053754  	79.788812 
1362.411061  	79.751674 
1362.768368  	79.708319 
1363.125675  	79.469218 
1363.482982  	79.038629 
1363.840288  	78.944444 
1364.197595  	78.993579 
1364.554902  	78.885469 
1364.912209  	78.556237 
1365.269516  	78.242237 
1365.626823  	78.063008 
1365.984130  	77.929135 
1366.341436  	77.846905 
1366.698743  	77.682209 
1367.056050  	77.300143 
1367.413357  	76.934914 
1367.770664  	76.732207 
1368.127971  	76.706025 
1368.485278  	76.710850 
1368.842584  	76.324717 
1369.199891  	75.862640 
1369.557198  	75.614736 
1369.914505  	75.209942 
1370.271812  	74.769366 
1370.629119  	74.532912 
1370.986426  	74.313382 
1371.343732  	74.070266 
1371.701039  	73.803266 
1372.058346  	73.479233 
1372.415653  	73.194332 
1372.772960  	72.924532 
1373.130267  	72.552649 
1373.487574  	72.141732 
1373.844881  	71.687963 
1374.202187  	71.125662 
1374.559494  	70.848301 
1374.916801  	70.699354 
1375.274108  	70.255980 
1375.631415  	69.894057 
1375.988722  	69.502417 
1376.346029  	68.886046 
1376.703335  	68.586622 
1377.060642  	68.352918 
1377.417949  	67.865166 
1377.775256  	67.495906 
1378.132563  	67.194033 
1378.489870  	66.884285 
1378.847177  	66.560018 
1379.204483  	66.155656 
1379.561790  	65.858648 
1379.919097  	65.579324 
1380.276404  	65.352726 
1380.633711  	65.406458 
1380.991018  	65.297761 
1381.348325  	64.878388 
1381.705631  	64.644235 
1382.062938  	64.536186 
1382.420245  	64.366584 
1382.777552  	64.320818 
1383.134859  	64.406792 
1383.492166  	64.500845 
1383.849473  	64.487779 
1384.206779  	64.436190 
1384.564086  	64.620777 
1384.921393  	64.947032 
1385.278700  	65.222778 
1385.636007  	65.503067 
1385.993314  	65.637282 
1386.350621  	65.705458 
1386.707928  	66.009914 
1387.065234  	66.444245 
1387.422541  	67.096973 
1387.779848  	67.845131 
1388.137155  	68.196757 
1388.494462  	68.537921 
1388.851769  	68.818697 
1389.209076  	69.140022 
1389.566382  	69.468083 
1389.923689  	69.646621 
1390.280996  	69.866700 
1390.638303  	70.181090 
1390.995610  	70.543216 
1391.352917  	70.809108 
1391.710224  	70.922807 
1392.067530  	70.924830 
1392.424837  	70.964534 
1392.782144  	71.279252 
1393.139451  	71.429174 
1393.496758  	71.248557 
1393.854065  	71.271797 
1394.211372  	71.608491 
1394.568678  	71.736245 
1394.925985  	71.186152 
1395.283292  	71.143413 
1395.640599  	71.466151 
1395.997906  	71.326973 
1396.355213  	70.950592 
1396.712520  	70.854175 
1397.069826  	70.809974 
1397.427133  	70.819303 
1397.784440  	70.755894 
1398.141747  	70.308875 
1398.499054  	70.025894 
1398.856361  	70.151988 
1399.213668  	69.986988 
1399.570975  	69.334690 
1399.928281  	69.213928 
1400.285588  	69.268428 
1400.642895  	69.117874 
1401.000202  	68.651105 
1401.357509  	68.247890 
1401.714816  	68.012373 
1402.072123  	67.752915 
1402.429429  	67.487143 
1402.786736  	67.184158 
1403.144043  	67.020275 
1403.501350  	66.849486 
1403.858657  	66.537102 
1404.215964  	66.496558 
1404.573271  	66.486220 
1404.930577  	66.286778 
1405.287884  	66.106679 
1405.645191  	65.974572 
1406.002498  	66.031808 
1406.359805  	65.976704 
1406.717112  	65.856495 
1407.074419  	66.111916 
1407.431725  	66.311419 
1407.789032  	66.263916 
1408.146339  	66.314404 
1408.503646  	66.426022 
1408.860953  	66.419940 
1409.218260  	66.330148 
1409.575567  	66.308624 
1409.932873  	66.269876 
1410.290180  	66.211219 
1410.647487  	66.266091 
1411.004794  	66.325059 
1411.362101  	66.309151 
1411.719408  	66.087993 
1412.076715  	65.819735 
1412.434022  	65.802979 
1412.791328  	65.650174 
1413.148635  	65.342689 
1413.505942  	65.279872 
1413.863249  	65.220281 
1414.220556  	65.097060 
1414.577863  	65.009740 
1414.935170  	64.626953 
1415.292476  	64.160732 
1415.649783  	64.000577 
1416.007090  	63.814696 
1416.364397  	63.372724 
1416.721704  	63.006326 
1417.079011  	62.783813 
1417.436318  	62.575308 
1417.793624  	62.285915 
1418.150931  	61.857822 
1418.508238  	61.401155 
1418.865545  	61.077167 
1419.222852  	61.034134 
1419.580159  	60.954235 
1419.937466  	60.422413 
1420.294772  	59.934690 
1420.652079  	59.451887 
1421.009386  	59.126969 
1421.366693  	58.921838 
1421.724000  	58.565077 
1422.081307  	58.118462 
1422.438614  	57.648294 
1422.795920  	57.287257 
1423.153227  	56.944438 
1423.510534  	56.323872 
1423.867841  	56.071411 
1424.225148  	56.157445 
1424.582455  	55.588300 
1424.939762  	55.009493 
1425.297068  	54.538780 
1425.654375  	54.156957 
1426.011682  	53.829731 
1426.368989  	53.401889 
1426.726296  	53.066938 
1427.083603  	52.632697 
1427.440910  	52.053495 
1427.798217  	51.668028 
1428.155523  	51.413715 
1428.512830  	51.055179 
1428.870137  	50.526332 
1429.227444  	49.874165 
1429.584751  	49.195856 
1429.942058  	49.109265 
1430.299365  	49.220427 
1430.656671  	48.513582 
1431.013978  	47.924598 
1431.371285  	47.495682 
1431.728592  	47.206119 
1432.085899  	47.146641 
1432.443206  	46.721660 
1432.800513  	46.283215 
1433.157819  	46.186328 
1433.515126  	45.960669 
1433.872433  	45.451909 
1434.229740  	45.004698 
1434.587047  	44.917365 
1434.944354  	44.545996 
1435.301661  	43.793509 
1435.658967  	43.331954 
1436.016274  	42.612720 
1436.373581  	41.680908 
1436.730888  	43.597067 
1437.088195  	45.458625 
1437.445502  	43.343324 
1437.802809  	42.268212 
1438.160115  	41.662379 
1438.517422  	41.146135 
1438.874729  	40.838399 
1439.232036  	40.639872 
1439.589343  	40.447293 
1439.946650  	40.257790 
1440.303957  	40.042664 
1440.661264  	39.857713 
1441.018570  	39.653983 
1441.375877  	39.579307 
1441.733184  	39.578506 
1442.090491  	39.492323 
1442.447798  	39.587767 
1442.805105  	39.836379 
1443.162412  	40.069193 
1443.519718  	40.213300 
1443.877025  	40.402950 
1444.234332  	40.869754 
1444.591639  	41.340809 
1444.948946  	41.836687 
1445.306253  	42.477047 
1445.663560  	42.975186 
1446.020866  	43.554240 
1446.378173  	44.477977 
1446.735480  	45.504164 
1447.092787  	46.242556 
1447.450094  	46.684046 
1447.807401  	47.877733 
1448.164708  	50.382198 
1448.522014  	51.279861 
1448.879321  	51.774185 
1449.236628  	52.891820 
1449.593935  	53.975275 
1449.951242  	54.994407 
1450.308549  	56.182041 
1450.665856  	57.353408 
1451.023162  	58.392188 
1451.380469  	59.121455 
1451.737776  	59.942837 
1452.095083  	60.924494 
1452.452390  	61.624801 
1452.809697  	62.164135 
1453.167004  	62.485854 
1453.524311  	62.838710 
1453.881617  	63.133560 
1454.238924  	63.072565 
1454.596231  	63.095320 
1454.953538  	63.152129 
1455.310845  	63.189122 
1455.668152  	63.057259 
1456.025459  	62.458327 
1456.382765  	61.882460 
1456.740072  	62.090315 
1457.097379  	62.919358 
1457.454686  	61.533909 
1457.811993  	60.614064 
1458.169300  	60.573701 
1458.526607  	60.590518 
1458.883913  	59.831387 
1459.241220  	59.462295 
1459.598527  	59.374647 
1459.955834  	58.965025 
1460.313141  	58.527755 
1460.670448  	58.218702 
1461.027755  	57.974836 
1461.385061  	57.845040 
1461.742368  	57.742862 
1462.099675  	57.674807 
1462.456982  	57.545134 
1462.814289  	57.318365 
1463.171596  	57.166665 
1463.528903  	56.864529 
1463.886209  	56.654740 
1464.243516  	56.609997 
1464.600823  	56.347763 
1464.958130  	56.676770 
1465.315437  	57.107407 
1465.672744  	56.784945 
1466.030051  	56.613068 
1466.387358  	56.627734 
1466.744664  	56.885955 
1467.101971  	57.237144 
1467.459278  	57.616504 
1467.816585  	58.005759 
1468.173892  	58.418638 
1468.531199  	59.097273 
1468.888506  	59.776569 
1469.245812  	60.242808 
1469.603119  	60.754009 
1469.960426  	61.365051 
1470.317733  	61.866486 
1470.675040  	62.247600 
1471.032347  	62.604368 
1471.389654  	62.889777 
1471.746960  	63.356724 
1472.104267  	64.038133 
1472.461574  	63.829044 
1472.818881  	63.480406 
1473.176188  	63.324396 
1473.533495  	63.495707 
1473.890802  	63.135197 
1474.248108  	62.597976 
1474.605415  	62.237557 
1474.962722  	61.788423 
1475.320029  	61.343779 
1475.677336  	60.785533 
1476.034643  	60.207430 
1476.391950  	59.374384 
1476.749256  	58.022663 
1477.106563  	57.201325 
1477.463870  	56.424815 
1477.821177  	55.646227 
1478.178484  	54.855563 
1478.535791  	54.007158 
1478.893098  	53.400469 
1479.250405  	52.684834 
1479.607711  	51.957339 
1479.965018  	51.343686 
1480.322325  	50.624327 
1480.679632  	49.989854 
1481.036939  	49.451688 
1481.394246  	49.173302 
1481.751553  	48.822371 
1482.108859  	48.577714 
1482.466166  	48.792170 
1482.823473  	49.266507 
1483.180780  	50.176674 
1483.538087  	51.237425 
1483.895394  	52.749279 
1484.252701  	54.740035 
1484.610007  	56.751353 
1484.967314  	59.221748 
1485.324621  	61.872915 
1485.681928  	64.571730 
1486.039235  	67.197803 
1486.396542  	69.656293 
1486.753849  	71.980562 
1487.111155  	73.750513 
1487.468462  	75.855024 
1487.825769  	77.959731 
1488.183076  	79.189759 
1488.540383  	80.408010 
1488.897690  	81.695632 
1489.254997  	82.961750 
1489.612303  	83.563246 
1489.969610  	83.817736 
1490.326917  	84.865655 
1490.684224  	85.362686 
1491.041531  	84.955301 
1491.398838  	85.234090 
1491.756145  	85.839859 
1492.113452  	86.174713 
1492.470758  	86.177106 
1492.828065  	86.166287 
1493.185372  	86.345115 
1493.542679  	86.645604 
1493.899986  	86.918021 
1494.257293  	86.950068 
1494.614600  	86.860673 
1494.971906  	86.882118 
1495.329213  	87.209770 
1495.686520  	87.882655 
1496.043827  	88.049368 
1496.401134  	86.294615 
1496.758441  	86.062224 
1497.115748  	86.637745 
1497.473054  	86.943105 
1497.830361  	87.205663 
1498.187668  	87.705780 
1498.544975  	88.045356 
1498.902282  	86.922845 
1499.259589  	86.531155 
1499.616896  	87.323971 
1499.974202  	87.636613 
1500.331509  	87.672585 
1500.688816  	87.719395 
1501.046123  	87.878780 
1501.403430  	88.070111 
1501.760737  	87.938960 
1502.118044  	87.760325 
1502.475350  	87.837647 
1502.832657  	87.924210 
1503.189964  	87.940623 
1503.547271  	87.977980 
1503.904578  	88.031954 
1504.261885  	88.023195 
1504.619192  	88.216295 
1504.976498  	88.626158 
1505.333805  	89.102279 
1505.691112  	88.980974 
1506.048419  	88.053052 
1506.405726  	88.916182 
1506.763033  	90.018416 
1507.120340  	87.900607 
1507.477647  	86.829340 
1507.834953  	87.726726 
1508.192260  	88.460661 
1508.549567  	88.050175 
1508.906874  	87.762722 
1509.264181  	88.845471 
1509.621488  	89.010420 
1509.978795  	87.972577 
1510.336101  	87.934826 
1510.693408  	88.172530 
1511.050715  	88.344692 
1511.408022  	88.677692 
1511.765329  	89.213093 
1512.122636  	89.215779 
1512.479943  	88.046877 
1512.837249  	88.139013 
1513.194556  	88.747565 
1513.551863  	88.947745 
1513.909170  	88.946082 
1514.266477  	89.359099 
1514.623784  	89.766380 
1514.981091  	88.982802 
1515.338397  	88.370368 
1515.695704  	88.925506 
1516.053011  	89.443684 
1516.410318  	89.559529 
1516.767625  	88.970724 
1517.124932  	89.014369 
1517.482239  	88.674056 
1517.839545  	87.239786 
1518.196852  	87.470101 
1518.554159  	87.913041 
1518.911466  	87.957148 
1519.268773  	88.105608 
1519.626080  	88.582340 
1519.983387  	88.566929 
1520.340694  	87.475174 
1520.698000  	87.807976 
1521.055307  	88.185787 
1521.412614  	85.745063 
1521.769921  	85.586013 
1522.127228  	86.633427 
1522.484535  	86.701161 
1522.841842  	85.188164 
1523.199148  	85.017702 
1523.556455  	85.443924 
1523.913762  	85.339446 
1524.271069  	85.347239 
1524.628376  	85.265023 
1524.985683  	85.187561 
1525.342990  	84.995999 
1525.700296  	82.888291 
1526.057603  	82.149555 
1526.414910  	82.655163 
1526.772217  	83.188928 
1527.129524  	83.154178 
1527.486831  	82.121698 
1527.844138  	82.197946 
1528.201444  	82.912909 
1528.558751  	82.965352 
1528.916058  	82.775399 
1529.273365  	83.191828 
1529.630672  	83.673035 
1529.987979  	83.959078 
1530.345286  	84.289116 
1530.702592  	84.547142 
1531.059899  	84.814009 
1531.417206  	85.097102 
1531.774513  	84.810971 
1532.131820  	84.711683 
1532.489127  	85.345852 
1532.846434  	85.844771 
1533.203741  	85.462544 
1533.561047  	84.918773 
1533.918354  	84.670926 
1534.275661  	83.730410 
1534.632968  	83.809692 
1534.990275  	84.325010 
1535.347582  	84.340192 
1535.704889  	83.989059 
1536.062195  	83.755168 
1536.419502  	83.708565 
1536.776809  	83.541166 
1537.134116  	83.277841 
1537.491423  	83.369796 
1537.848730  	83.537851 
1538.206037  	83.612483 
1538.563343  	83.982226 
1538.920650  	84.037632 
1539.277957  	81.792115 
1539.635264  	81.510155 
1539.992571  	82.030607 
1540.349878  	80.799316 
1540.707185  	79.617246 
1541.064491  	80.143286 
1541.421798  	80.784624 
1541.779105  	81.443529 
1542.136412  	80.663946 
1542.493719  	78.581461 
1542.851026  	78.641765 
1543.208333  	78.916284 
1543.565639  	78.849250 
1543.922946  	78.500338 
1544.280253  	78.595726 
1544.637560  	78.940625 
1544.994867  	78.725666 
1545.352174  	77.572348 
1545.709481  	77.516211 
1546.066788  	77.933454 
1546.424094  	78.158754 
1546.781401  	78.377283 
1547.138708  	78.322970 
1547.496015  	78.014021 
1547.853322  	77.953433 
1548.210629  	78.078376 
1548.567936  	78.142236 
1548.925242  	78.062166 
1549.282549  	77.964474 
1549.639856  	77.893771 
1549.997163  	77.431010 
1550.354470  	76.667945 
1550.711777  	76.372510 
1551.069084  	76.510548 
1551.426390  	76.544513 
1551.783697  	76.278353 
1552.141004  	76.017274 
1552.498311  	75.739504 
1552.855618  	75.521451 
1553.212925  	75.345898 
1553.570232  	75.259476 
1553.927538  	75.619397 
1554.284845  	75.360486 
1554.642152  	73.749534 
1554.999459  	73.816901 
1555.356766  	73.773298 
1555.714073  	73.565377 
1556.071380  	73.604449 
1556.428686  	73.484253 
1556.785993  	73.223287 
1557.143300  	73.412699 
1557.500607  	73.850692 
1557.857914  	73.038377 
1558.215221  	72.863865 
1558.572528  	73.465992 
1558.929835  	72.481087 
1559.287141  	72.088615 
1559.644448  	71.516204 
1560.001755  	69.523047 
1560.359062  	69.425024 
1560.716369  	70.241582 
1561.073676  	70.446495 
1561.430983  	70.406060 
1561.788289  	70.076915 
1562.145596  	69.926846 
1562.502903  	70.064318 
1562.860210  	69.959778 
1563.217517  	69.729838 
1563.574824  	69.584597 
1563.932131  	69.385080 
1564.289437  	69.207497 
1564.646744  	69.096205 
1565.004051  	68.863464 
1565.361358  	68.499018 
1565.718665  	68.412912 
1566.075972  	68.442471 
1566.433279  	68.241297 
1566.790585  	67.848735 
1567.147892  	67.455674 
1567.505199  	67.353508 
1567.862506  	67.322585 
1568.219813  	67.101085 
1568.577120  	67.149906 
1568.934427  	67.269972 
1569.291733  	66.943182 
1569.649040  	66.638923 
1570.006347  	66.351663 
1570.363654  	66.203003 
1570.720961  	66.160288 
1571.078268  	66.004167 
1571.435575  	65.782505 
1571.792882  	65.615598 
1572.150188  	65.436395 
1572.507495  	65.313982 
1572.864802  	65.291474 
1573.222109  	65.078872 
1573.579416  	64.836721 
1573.936723  	64.740383 
1574.294030  	64.605199 
1574.651336  	64.519584 
1575.008643  	64.359484 
1575.365950  	63.943332 
1575.723257  	63.464975 
1576.080564  	63.586070 
1576.437871  	64.172598 
1576.795178  	63.358100 
1577.152484  	63.161255 
1577.509791  	63.020909 
1577.867098  	62.602892 
1578.224405  	62.421238 
1578.581712  	62.347266 
1578.939019  	62.339897 
1579.296326  	62.529259 
1579.653632  	62.586286 
1580.010939  	62.586489 
1580.368246  	62.753286 
1580.725553  	62.930087 
1581.082860  	63.152649 
1581.440167  	63.668018 
1581.797474  	64.319151 
1582.154780  	64.884734 
1582.512087  	65.328616 
1582.869394  	65.713564 
1583.226701  	66.281800 
1583.584008  	66.831774 
1583.941315  	67.196297 
1584.298622  	67.545219 
1584.655928  	67.803012 
1585.013235  	67.979517 
1585.370542  	68.159956 
1585.727849  	68.369853 
1586.085156  	68.421787 
1586.442463  	68.285073 
1586.799770  	68.364640 
1587.157077  	68.518746 
1587.514383  	68.460914 
1587.871690  	68.287241 
1588.228997  	68.010910 
1588.586304  	67.745874 
1588.943611  	67.589309 
1589.300918  	67.508619 
1589.658225  	67.392030 
1590.015531  	67.142208 
1590.372838  	66.913971 
1590.730145  	66.763241 
1591.087452  	66.601225 
1591.444759  	66.400950 
1591.802066  	66.136184 
1592.159373  	65.879665 
1592.516679  	65.665490 
1592.873986  	65.313982 
1593.231293  	64.893144 
1593.588600  	64.594397 
1593.945907  	64.223960 
1594.303214  	63.720789 
1594.660521  	63.274851 
1595.017827  	62.980731 
1595.375134  	62.713975 
1595.732441  	62.293809 
1596.089748  	61.920951 
1596.447055  	61.607831 
1596.804362  	61.037907 
1597.161669  	60.450622 
1597.518975  	60.123438 
1597.876282  	59.828318 
1598.233589  	59.203506 
1598.590896  	58.519818 
1598.948203  	58.056453 
1599.305510  	57.520192 
1599.662817  	57.018216 
1600.020124  	56.527200 
1600.377430  	55.841345 
1600.734737  	55.299546 
1601.092044  	54.998876 
1601.449351  	54.689782 
1601.806658  	54.158695 
1602.163965  	53.521853 
1602.521272  	52.973198 
1602.878578  	52.524512 
1603.235885  	52.214322 
1603.593192  	51.788411 
1603.950499  	51.210250 
1604.307806  	50.739623 
1604.665113  	50.371767 
1605.022420  	50.045520 
1605.379726  	49.676405 
1605.737033  	49.329493 
1606.094340  	49.037107 
1606.451647  	48.750837 
1606.808954  	48.459241 
1607.166261  	48.237309 
1607.523568  	48.287689 
1607.880874  	48.196129 
1608.238181  	47.854420 
1608.595488  	47.567195 
1608.952795  	47.286293 
1609.310102  	47.373673 
1609.667409  	47.781561 
1610.024716  	47.739996 
1610.382022  	47.740044 
1610.739329  	48.132470 
1611.096636  	48.466320 
1611.453943  	48.614925 
1611.811250  	48.838959 
1612.168557  	49.206649 
1612.525864  	49.793755 
1612.883171  	50.414141 
1613.240477  	50.820223 
1613.597784  	51.400167 
1613.955091  	52.224969 
1614.312398  	53.061225 
1614.669705  	53.945385 
1615.027012  	54.692326 
1615.384319  	55.470551 
1615.741625  	56.414418 
1616.098932  	56.949849 
1616.456239  	57.384444 
1616.813546  	60.473514 
1617.170853  	62.385537 
1617.528160  	62.329055 
1617.885467  	62.888636 
1618.242773  	63.665398 
1618.600080  	64.285604 
1618.957387  	64.874733 
1619.314694  	65.444901 
1619.672001  	65.891657 
1620.029308  	66.474785 
1620.386615  	67.201105 
1620.743921  	67.554165 
1621.101228  	67.552046 
1621.458535  	67.681788 
1621.815842  	67.826480 
1622.173149  	67.892362 
1622.530456  	68.083795 
1622.887763  	68.171646 
1623.245069  	68.359736 
1623.602376  	68.984357 
1623.959683  	68.560280 
1624.316990  	68.054052 
1624.674297  	68.072570 
1625.031604  	68.101421 
1625.388911  	68.056013 
1625.746218  	67.919278 
1626.103524  	67.730008 
1626.460831  	67.577525 
1626.818138  	67.311060 
1627.175445  	67.156433 
1627.532752  	67.266990 
1627.890059  	67.210019 
1628.247366  	66.833982 
1628.604672  	66.474052 
1628.961979  	66.112707 
1629.319286  	65.919099 
1629.676593  	65.856869 
1630.033900  	65.608938 
1630.391207  	65.341562 
1630.748514  	65.270528 
1631.105820  	65.022568 
1631.463127  	64.664557 
1631.820434  	64.534192 
1632.177741  	64.291314 
1632.535048  	63.849491 
1632.892355  	63.458317 
1633.249662  	63.197193 
1633.606968  	63.059620 
1633.964275  	62.744833 
1634.321582  	62.191458 
1634.678889  	61.693359 
1635.036196  	61.564078 
1635.393503  	62.035286 
1635.750810  	61.770361 
1636.108116  	61.065988 
1636.465423  	60.445817 
1636.822730  	60.038021 
1637.180037  	59.923619 
1637.537344  	60.052217 
1637.894651  	60.214932 
1638.251958  	59.714371 
1638.609265  	59.065809 
1638.966571  	58.733350 
1639.323878  	58.499607 
1639.681185  	58.361812 
1640.038492  	58.301890 
1640.395799  	58.140631 
1640.753106  	57.809076 
1641.110413  	57.483607 
1641.467719  	57.390496 
1641.825026  	57.193218 
1642.182333  	56.890816 
1642.539640  	56.670644 
1642.896947  	56.372851 
1643.254254  	56.045879 
1643.611561  	55.749874 
1643.968867  	55.596146 
1644.326174  	55.367342 
1644.683481  	54.936737 
1645.040788  	54.427757 
1645.398095  	53.755654 
1645.755402  	53.609810 
1646.112709  	54.894817 
1646.470015  	54.397623 
1646.827322  	53.129165 
1647.184629  	52.604842 
1647.541936  	53.217074 
1647.899243  	52.983052 
1648.256550  	52.557328 
1648.613857  	52.720806 
1648.971163  	52.049326 
1649.328470  	51.503340 
1649.685777  	51.155257 
1650.043084  	50.750153 
1650.400391  	50.544769 
1650.757698  	50.214687 
1651.115005  	49.883203 
1651.472312  	49.498529 
1651.829618  	48.670218 
1652.186925  	47.287231 
1652.544232  	46.024776 
1652.901539  	49.403654 
1653.258846  	50.080859 
1653.616153  	50.184866 
1653.973460  	49.281060 
1654.330766  	48.585448 
1654.688073  	49.999221 
1655.045380  	50.212614 
1655.402687  	49.673133 
1655.759994  	49.634612 
1656.117301  	49.607496 
1656.474608  	49.551459 
1656.831914  	49.519381 
1657.189221  	49.703897 
1657.546528  	50.048298 
1657.903835  	50.155763 
1658.261142  	50.285414 
1658.618449  	50.568780 
1658.975756  	50.810778 
1659.333062  	50.961123 
1659.690369  	51.039117 
1660.047676  	51.136012 
1660.404983  	51.363990 
1660.762290  	51.514942 
1661.119597  	51.469715 
1661.476904  	51.687160 
1661.834210  	52.038032 
1662.191517  	51.942821 
1662.548824  	51.700570 
1662.906131  	52.584249 
1663.263438  	53.573847 
1663.620745  	53.303721 
1663.978052  	53.217823 
1664.335359  	53.366046 
1664.692665  	53.549593 
1665.049972  	53.857314 
1665.407279  	53.982720 
1665.764586  	54.161950 
1666.121893  	54.365363 
1666.479200  	54.486015 
1666.836507  	54.835863 
1667.193813  	55.032998 
1667.551120  	55.083556 
1667.908427  	55.257350 
1668.265734  	55.567666 
1668.623041  	55.708115 
1668.980348  	55.390651 
1669.337655  	56.035150 
1669.694961  	57.426320 
1670.052268  	57.284683 
1670.409575  	57.269759 
1670.766882  	57.437278 
1671.124189  	57.814183 
1671.481496  	58.336679 
1671.838803  	58.866008 
1672.196109  	59.289042 
1672.553416  	59.633679 
1672.910723  	59.951467 
1673.268030  	60.154623 
1673.625337  	60.504411 
1673.982644  	60.804752 
1674.339951  	60.975403 
1674.697257  	61.383048 
1675.054564  	61.621483 
1675.411871  	62.499995 
1675.769178  	63.419083 
1676.126485  	63.218057 
1676.483792  	63.492218 
1676.841099  	64.086464 
1677.198405  	64.663922 
1677.555712  	65.082305 
1677.913019  	65.449847 
1678.270326  	65.893621 
1678.627633  	66.430237 
1678.984940  	67.224189 
1679.342247  	67.847412 
1679.699554  	68.230633 
1680.056860  	68.910325 
1680.414167  	69.712320 
1680.771474  	70.384493 
1681.128781  	71.034731 
1681.486088  	71.768283 
1681.843395  	72.355765 
1682.200702  	72.894796 
1682.558008  	73.591593 
1682.915315  	74.081532 
1683.272622  	74.927727 
1683.629929  	76.098259 
1683.987236  	76.265145 
1684.344543  	76.791965 
1684.701850  	77.196934 
1685.059156  	76.913421 
1685.416463  	78.311142 
1685.773770  	79.912431 
1686.131077  	80.991552 
1686.488384  	81.425113 
1686.845691  	81.817655 
1687.202998  	82.426815 
1687.560304  	83.204014 
1687.917611  	83.848769 
1688.274918  	83.897922 
1688.632225  	83.867888 
1688.989532  	84.378590 
1689.346839  	85.141576 
1689.704146  	85.608311 
1690.061452  	85.532368 
1690.418759  	85.567331 
1690.776066  	86.006361 
1691.133373  	86.413409 
1691.490680  	86.602346 
1691.847987  	86.894679 
1692.205294  	87.391543 
1692.562601  	87.679903 
1692.919907  	87.913750 
1693.277214  	88.155191 
1693.634521  	88.334956 
1693.991828  	88.581282 
1694.349135  	88.774110 
1694.706442  	89.259774 
1695.063749  	90.297828 
1695.421055  	91.076467 
1695.778362  	88.779186 
1696.135669  	86.365298 
1696.492976  	88.309881 
1696.850283  	89.435106 
1697.207590  	90.095059 
1697.564897  	89.913210 
1697.922203  	89.551112 
1698.279510  	90.182342 
1698.636817  	91.011869 
1698.994124  	91.543615 
1699.351431  	92.044283 
1699.708738  	92.010320 
1700.066045  	89.663607 
1700.423351  	87.797905 
1700.780658  	86.792826 
1701.137965  	87.701609 
1701.495272  	89.889312 
1701.852579  	90.908053 
1702.209886  	91.287542 
1702.567193  	91.615181 
1702.924499  	91.687406 
1703.281806  	91.759121 
1703.639113  	92.183351 
1703.996420  	92.671075 
1704.353727  	92.340000 
1704.711034  	91.163361 
1705.068341  	91.279183 
1705.425648  	92.026598 
1705.782954  	92.904357 
1706.140261  	92.984543 
1706.497568  	91.417454 
1706.854875  	91.303634 
1707.212182  	92.051247 
1707.569489  	92.336084 
1707.926796  	92.328167 
1708.284102  	92.321722 
1708.641409  	92.618449 
1708.998716  	92.784565 
1709.356023  	92.800730 
1709.713330  	92.939512 
1710.070637  	92.618720 
1710.427944  	92.127943 
1710.785250  	92.400984 
1711.142557  	92.710837 
1711.499864  	92.656183 
1711.857171  	92.645527 
1712.214478  	92.695142 
1712.571785  	92.698127 
1712.929092  	92.672944 
1713.286398  	92.744401 
1713.643705  	93.019693 
1714.001012  	92.710517 
1714.358319  	92.514509 
1714.715626  	93.449363 
1715.072933  	93.142527 
1715.430240  	91.756593 
1715.787546  	92.211424 
1716.144853  	92.534796 
1716.502160  	92.842986 
1716.859467  	93.678408 
1717.216774  	93.843176 
1717.574081  	91.236228 
1717.931388  	91.401349 
1718.288695  	92.904986 
1718.646001  	92.205032 
1719.003308  	90.774315 
1719.360615  	91.388827 
1719.717922  	91.775099 
1720.075229  	91.843295 
1720.432536  	91.961517 
1720.789843  	92.271949 
1721.147149  	92.450801 
1721.504456  	92.277090 
1721.861763  	92.314543 
1722.219070  	92.542274 
1722.576377  	92.799485 
1722.933684  	93.166342 
1723.290991  	93.020266 
1723.648297  	92.313711 
1724.005604  	92.106523 
1724.362911  	92.361024 
1724.720218  	92.606666 
1725.077525  	92.743172 
1725.434832  	92.792297 
1725.792139  	92.935983 
1726.149445  	93.042730 
1726.506752  	92.899298 
1726.864059  	92.811337 
1727.221366  	92.848951 
1727.578673  	92.791096 
1727.935980  	92.831169 
1728.293287  	92.993662 
1728.650593  	92.984127 
1729.007900  	93.065529 
1729.365207  	93.474087 
1729.722514  	93.345187 
1730.079821  	92.022930 
1730.437128  	91.700588 
1730.794435  	92.448569 
1731.151742  	92.590082 
1731.509048  	92.553543 
1731.866355  	92.888890 
1732.223662  	93.217335 
1732.580969  	93.897838 
1732.938276  	94.899945 
1733.295583  	93.999082 
1733.652890  	91.470099 
1734.010196  	93.208687 
1734.367503  	93.822569 
1734.724810  	90.285043 
1735.082117  	90.846684 
1735.439424  	92.188361 
1735.796731  	92.721394 
1736.154038  	93.275332 
1736.511344  	93.628085 
1736.868651  	93.599067 
1737.225958  	93.417063 
1737.583265  	93.195266 
1737.940572  	93.054681 
1738.297879  	93.084252 
1738.655186  	93.345866 
1739.012492  	93.841510 
1739.369799  	94.406935 
1739.727106  	94.038049 
1740.084413  	91.824020 
1740.441720  	91.789506 
1740.799027  	92.686258 
1741.156334  	93.122816 
1741.513640  	93.291705 
1741.870947  	93.305724 
1742.228254  	93.376055 
1742.585561  	93.658177 
1742.942868  	93.718239 
1743.300175  	93.149352 
1743.657482  	92.393124 
1744.014789  	92.612535 
1744.372095  	93.090296 
1744.729402  	92.729334 
1745.086709  	92.598084 
1745.444016  	93.033021 
1745.801323  	92.773868 
1746.158630  	92.461631 
1746.515937  	92.769883 
1746.873243  	92.759261 
1747.230550  	92.383230 
1747.587857  	92.202508 
1747.945164  	92.508694 
1748.302471  	92.989241 
1748.659778  	92.640955 
1749.017085  	91.803344 
1749.374391  	91.599727 
1749.731698  	91.771030 
1750.089005  	92.465570 
1750.446312  	93.122889 
1750.803619  	93.368845 
1751.160926  	92.886907 
1751.518233  	90.775168 
1751.875539  	90.608410 
1752.232846  	91.616534 
1752.590153  	92.275271 
1752.947460  	92.334899 
1753.304767  	92.151885 
1753.662074  	92.086295 
1754.019381  	92.015408 
1754.376687  	91.857910 
1754.733994  	91.860183 
1755.091301  	92.413140 
1755.448608  	92.893229 
1755.805915  	92.752651 
1756.163222  	93.093500 
1756.520529  	93.455116 
1756.877835  	92.190092 
1757.235142  	91.819606 
1757.592449  	92.994900 
1757.949756  	93.688793 
1758.307063  	93.563798 
1758.664370  	93.129708 
1759.021677  	93.216302 
1759.378984  	93.447158 
1759.736290  	93.420289 
1760.093597  	93.441070 
1760.450904  	93.627066 
1760.808211  	93.822726 
1761.165518  	94.076857 
1761.522825  	94.391798 
1761.880132  	93.415886 
1762.237438  	92.284756 
1762.594745  	93.079238 
1762.952052  	93.612000 
1763.309359  	93.749435 
1763.666666  	93.839333 
1764.023973  	93.761596 
1764.381280  	93.705242 
1764.738586  	93.817337 
1765.095893  	94.049346 
1765.453200  	93.964644 
1765.810507  	93.553589 
1766.167814  	93.488264 
1766.525121  	93.638383 
1766.882428  	93.734633 
1767.239734  	94.225765 
1767.597041  	95.234692 
1767.954348  	95.590202 
1768.311655  	93.838425 
1768.668962  	93.091017 
1769.026269  	93.790489 
1769.383576  	94.124228 
1769.740882  	94.128825 
1770.098189  	94.076322 
1770.455496  	94.387307 
1770.812803  	94.801613 
1771.170110  	94.098476 
1771.527417  	92.980151 
1771.884724  	94.169503 
1772.242031  	95.604571 
1772.599337  	94.906954 
1772.956644  	92.044301 
1773.313951  	92.947113 
1773.671258  	94.178998 
1774.028565  	94.298341 
1774.385872  	94.127569 
1774.743179  	94.380878 
1775.100485  	94.580493 
1775.457792  	94.304023 
1775.815099  	93.968776 
1776.172406  	94.032318 
1776.529713  	94.193791 
1776.887020  	94.288600 
1777.244327  	94.376561 
1777.601633  	94.347121 
1777.958940  	94.274070 
1778.316247  	94.286763 
1778.673554  	94.273406 
1779.030861  	94.326924 
1779.388168  	94.376121 
1779.745475  	94.484403 
1780.102781  	94.779943 
1780.460088  	94.610297 
1780.817395  	93.914602 
1781.174702  	93.811922 
1781.532009  	94.155366 
1781.889316  	94.522981 
1782.246623  	94.407244 
1782.603929  	94.094630 
1782.961236  	94.482468 
1783.318543  	94.756573 
1783.675850  	94.345216 
1784.033157  	94.377135 
1784.390464  	95.054606 
1784.747771  	95.175301 
1785.105078  	94.070223 
1785.462384  	93.616545 
1785.819691  	94.297035 
1786.176998  	94.592522 
1786.534305  	94.309968 
1786.891612  	94.252251 
1787.248919  	94.319573 
1787.606226  	94.235537 
1787.963532  	94.470459 
1788.320839  	94.764670 
1788.678146  	94.312350 
1789.035453  	93.893445 
1789.392760  	94.341034 
1789.750067  	94.709761 
1790.107374  	94.671237 
1790.464680  	94.820923 
1790.821987  	94.427353 
1791.179294  	93.316031 
1791.536601  	93.856415 
1791.893908  	95.242190 
1792.251215  	95.888126 
1792.608522  	94.557722 
1792.965828  	92.133053 
1793.323135  	92.824916 
1793.680442  	93.710417 
1794.037749  	93.890365 
1794.395056  	94.091419 
1794.752363  	94.170846 
1795.109670  	94.123171 
1795.466976  	94.520010 
1795.824283  	94.539738 
1796.181590  	93.741993 
1796.538897  	93.381680 
1796.896204  	93.728984 
1797.253511  	94.033684 
1797.610818  	93.927565 
1797.968125  	93.766005 
1798.325431  	93.695611 
1798.682738  	93.981085 
1799.040045  	94.817223 
1799.397352  	94.651327 
1799.754659  	92.928599 
1800.111966  	92.793358 
1800.469273  	93.784446 
1800.826579  	94.208655 
1801.183886  	94.105150 
1801.541193  	93.998434 
1801.898500  	94.335586 
1802.255807  	94.558892 
1802.613114  	94.177234 
1802.970421  	93.694898 
1803.327727  	93.688292 
1803.685034  	93.779318 
1804.042341  	93.694760 
1804.399648  	93.768577 
1804.756955  	93.863766 
1805.114262  	93.710312 
1805.471569  	93.667656 
1805.828875  	93.606947 
1806.186182  	93.592274 
1806.543489  	93.795466 
1806.900796  	93.830217 
1807.258103  	93.874324 
1807.615410  	93.779462 
1807.972717  	93.372434 
1808.330023  	93.346383 
1808.687330  	93.494887 
1809.044637  	93.677982 
1809.401944  	93.902474 
1809.759251  	93.878409 
1810.116558  	93.956431 
1810.473865  	93.776473 
1810.831172  	92.819232 
1811.188478  	92.740386 
1811.545785  	93.429294 
1811.903092  	93.633297 
1812.260399  	93.422289 
1812.617706  	93.324947 
1812.975013  	93.393614 
1813.332320  	93.495072 
1813.689626  	93.488253 
1814.046933  	93.677904 
1814.404240  	93.990174 
1814.761547  	93.819601 
1815.118854  	93.530486 
1815.476161  	93.323388 
1815.833468  	93.361774 
1816.190774  	93.807148 
1816.548081  	93.737655 
1816.905388  	93.743875 
1817.262695  	94.208891 
1817.620002  	93.949194 
1817.977309  	93.794416 
1818.334616  	93.909467 
1818.691922  	93.727076 
1819.049229  	93.793030 
1819.406536  	93.847672 
1819.763843  	93.821044 
1820.121150  	93.562981 
1820.478457  	93.174791 
1820.835764  	93.344340 
1821.193070  	93.349639 
1821.550377  	93.213934 
1821.907684  	93.521790 
1822.264991  	93.719708 
1822.622298  	93.669513 
1822.979605  	93.317595 
1823.336912  	93.213155 
1823.694219  	93.593068 
1824.051525  	93.338196 
1824.408832  	93.105330 
1824.766139  	93.989524 
1825.123446  	94.159628 
1825.480753  	92.276635 
1825.838060  	92.092779 
1826.195367  	92.769192 
1826.552673  	93.053854 
1826.909980  	93.249738 
1827.267287  	92.944977 
1827.624594  	92.525879 
1827.981901  	92.542207 
1828.339208  	92.501540 
1828.696515  	92.746548 
1829.053821  	93.153095 
1829.411128  	93.258394 
1829.768435  	93.341615 
1830.125742  	92.351185 
1830.483049  	91.162656 
1830.840356  	91.529599 
1831.197663  	91.876611 
1831.554969  	92.383623 
1831.912276  	92.875337 
1832.269583  	92.637974 
1832.626890  	92.258954 
1832.984197  	92.112263 
1833.341504  	91.995079 
1833.698811  	92.061161 
1834.056117  	92.169725 
1834.413424  	92.058055 
1834.770731  	92.117286 
1835.128038  	92.457906 
1835.485345  	92.743980 
1835.842652  	93.106507 
1836.199959  	93.420197 
1836.557265  	93.370114 
1836.914572  	92.938459 
1837.271879  	92.461804 
1837.629186  	92.610952 
1837.986493  	92.820811 
1838.343800  	92.744739 
1838.701107  	92.851949 
1839.058414  	92.778355 
1839.415720  	92.585457 
1839.773027  	92.842795 
1840.130334  	93.098149 
1840.487641  	92.931650 
1840.844948  	92.563697 
1841.202255  	92.349424 
1841.559562  	92.696295 
1841.916868  	93.141712 
1842.274175  	93.011557 
1842.631482  	93.334618 
1842.988789  	94.084789 
1843.346096  	94.325986 
1843.703403  	94.744445 
1844.060710  	94.294045 
1844.418016  	91.140590 
1844.775323  	91.366651 
1845.132630  	92.662806 
1845.489937  	93.064296 
1845.847244  	93.174841 
1846.204551  	93.307705 
1846.561858  	93.471162 
1846.919164  	93.356930 
1847.276471  	93.537737 
1847.633778  	93.505101 
1847.991085  	92.579811 
1848.348392  	92.778649 
1848.705699  	93.604610 
1849.063006  	93.771284 
1849.420312  	93.597981 
1849.777619  	93.213178 
1850.134926  	93.170722 
1850.492233  	93.729760 
1850.849540  	94.292557 
1851.206847  	94.432564 
1851.564154  	94.023453 
1851.921461  	93.480365 
1852.278767  	93.342734 
1852.636074  	93.490222 
1852.993381  	93.493060 
1853.350688  	93.461433 
1853.707995  	93.423013 
1854.065302  	93.259624 
1854.422609  	93.132530 
1854.779915  	92.799790 
1855.137222  	92.785546 
1855.494529  	93.342070 
1855.851836  	93.219519 
1856.209143  	92.699175 
1856.566450  	92.570932 
1856.923757  	92.680926 
1857.281063  	93.272362 
1857.638370  	93.541436 
1857.995677  	93.160651 
1858.352984  	93.327340 
1858.710291  	93.131428 
1859.067598  	92.050302 
1859.424905  	92.004906 
1859.782211  	92.706235 
1860.139518  	92.826512 
1860.496825  	92.615077 
1860.854132  	92.446508 
1861.211439  	92.504206 
1861.568746  	92.358375 
1861.926053  	91.930377 
1862.283359  	92.061604 
1862.640666  	92.480230 
1862.997973  	92.584748 
1863.355280  	92.339222 
1863.712587  	92.129288 
1864.069894  	92.302991 
1864.427201  	92.357534 
1864.784508  	92.154071 
1865.141814  	91.976971 
1865.499121  	91.935334 
1865.856428  	92.182050 
1866.213735  	92.203942 
1866.571042  	91.804883 
1866.928349  	92.110400 
1867.285656  	92.958907 
1867.642962  	92.774509 
1868.000269  	91.661882 
1868.357576  	91.571594 
1868.714883  	92.146130 
1869.072190  	92.539970 
1869.429497  	92.513786 
1869.786804  	92.312176 
1870.144110  	92.313235 
1870.501417  	92.274311 
1870.858724  	92.695056 
1871.216031  	93.174638 
1871.573338  	93.069590 
1871.930645  	92.748195 
1872.287952  	92.220009 
1872.645258  	92.227275 
1873.002565  	92.732427 
1873.359872  	92.629377 
1873.717179  	92.368226 
1874.074486  	92.375116 
1874.431793  	92.414111 
1874.789100  	92.430817 
1875.146406  	92.651048 
1875.503713  	92.993306 
1875.861020  	92.648040 
1876.218327  	92.166528 
1876.575634  	92.503411 
1876.932941  	93.076276 
1877.290248  	93.263628 
1877.647555  	93.101830 
1878.004861  	93.043174 
1878.362168  	93.209194 
1878.719475  	92.952144 
1879.076782  	92.404386 
1879.434089  	92.415188 
1879.791396  	92.625416 
1880.148703  	92.432248 
1880.506009  	92.432073 
1880.863316  	92.755877 
1881.220623  	92.993643 
1881.577930  	93.078242 
1881.935237  	92.975893 
1882.292544  	93.023202 
1882.649851  	93.340272 
1883.007157  	93.538950 
1883.364464  	93.219909 
1883.721771  	92.675352 
1884.079078  	92.562253 
1884.436385  	92.350845 
1884.793692  	92.200751 
1885.150999  	92.742381 
1885.508305  	93.084996 
1885.865612  	93.110927 
1886.222919  	93.017297 
1886.580226  	92.846354 
1886.937533  	92.968986 
1887.294840  	93.025427 
1887.652147  	93.300468 
1888.009453  	93.625286 
1888.366760  	93.544761 
1888.724067  	93.761723 
1889.081374  	93.619000 
1889.438681  	92.959978 
1889.795988  	92.666589 
1890.153295  	92.259702 
1890.510602  	92.572410 
1890.867908  	93.291535 
1891.225215  	93.296547 
1891.582522  	93.148532 
1891.939829  	92.695908 
1892.297136  	92.204978 
1892.654443  	92.826332 
1893.011750  	93.487280 
1893.369056  	92.900409 
1893.726363  	92.343522 
1894.083670  	93.567972 
1894.440977  	95.002043 
1894.798284  	94.560733 
1895.155591  	93.401299 
1895.512898  	92.594364 
1895.870204  	92.611153 
1896.227511  	93.218930 
1896.584818  	93.222268 
1896.942125  	93.198661 
1897.299432  	93.439241 
1897.656739  	93.093388 
1898.014046  	93.118044 
1898.371352  	93.681886 
1898.728659  	93.444137 
1899.085966  	92.791253 
1899.443273  	92.869630 
1899.800580  	93.136684 
1900.157887  	92.886293 
1900.515194  	92.936636 
1900.872500  	93.508223 
1901.229807  	93.728363 
1901.587114  	93.629778 
1901.944421  	93.725025 
1902.301728  	93.918783 
1902.659035  	93.680196 
1903.016342  	92.705574 
1903.373649  	92.076940 
1903.730955  	92.612744 
1904.088262  	92.962943 
1904.445569  	92.851088 
1904.802876  	93.207619 
1905.160183  	92.795276 
1905.517490  	91.781956 
1905.874797  	92.170722 
1906.232103  	92.981721 
1906.589410  	92.818684 
1906.946717  	92.647920 
1907.304024  	92.746116 
1907.661331  	92.711754 
1908.018638  	92.768116 
1908.375945  	92.845979 
1908.733251  	92.979191 
1909.090558  	93.162148 
1909.447865  	93.014813 
1909.805172  	92.766509 
1910.162479  	92.180759 
1910.519786  	91.521932 
1910.877093  	92.246068 
1911.234399  	93.522275 
1911.591706  	93.520082 
1911.949013  	92.830551 
1912.306320  	92.928969 
1912.663627  	93.258260 
1913.020934  	92.622290 
1913.378241  	92.039366 
1913.735547  	92.288759 
1914.092854  	92.216061 
1914.450161  	92.045259 
1914.807468  	92.290727 
1915.164775  	91.875272 
1915.522082  	91.553856 
1915.879389  	92.662132 
1916.236696  	93.356343 
1916.594002  	92.497914 
1916.951309  	92.182773 
1917.308616  	93.402388 
1917.665923  	94.207492 
1918.023230  	92.931417 
1918.380537  	91.233491 
1918.737844  	90.762212 
1919.095150  	90.458138 
1919.452457  	90.131609 
1919.809764  	90.224180 
1920.167071  	91.355581 
1920.524378  	92.054055 
1920.881685  	91.638805 
1921.238992  	92.183873 
1921.596298  	92.749625 
1921.953605  	92.300644 
1922.310912  	91.749079 
1922.668219  	91.313761 
1923.025526  	92.100001 
1923.382833  	92.800156 
1923.740140  	92.138221 
1924.097446  	92.063039 
1924.454753  	92.045061 
1924.812060  	91.894879 
1925.169367  	92.197869 
1925.526674  	92.082501 
1925.883981  	91.908928 
1926.241288  	91.985489 
1926.598594  	92.249940 
1926.955901  	93.164350 
1927.313208  	93.217242 
1927.670515  	92.280699 
1928.027822  	92.595844 
1928.385129  	92.837837 
1928.742436  	91.702055 
1929.099742  	91.799884 
1929.457049  	93.091692 
1929.814356  	93.203089 
1930.171663  	92.824693 
1930.528970  	92.955874 
1930.886277  	92.647288 
1931.243584  	91.973843 
1931.600891  	92.261514 
1931.958197  	93.155022 
1932.315504  	92.909101 
1932.672811  	91.828203 
1933.030118  	92.011889 
1933.387425  	92.619381 
1933.744732  	92.091635 
1934.102039  	92.121990 
1934.459345  	92.641154 
1934.816652  	93.060005 
1935.173959  	93.618886 
1935.531266  	93.110786 
1935.888573  	92.997256 
1936.245880  	93.618383 
1936.603187  	93.327694 
1936.960493  	93.481726 
1937.317800  	93.788376 
1937.675107  	93.364357 
1938.032414  	92.702941 
1938.389721  	91.783893 
1938.747028  	91.496408 
1939.104335  	92.189354 
1939.461641  	93.090921 
1939.818948  	93.004855 
1940.176255  	92.541605 
1940.533562  	93.107236 
1940.890869  	94.107798 
1941.248176  	94.922667 
1941.605483  	94.246183 
1941.962789  	94.182961 
1942.320096  	96.223048 
1942.677403  	94.929650 
1943.034710  	93.168851 
1943.392017  	93.713137 
1943.749324  	92.182245 
1944.106631  	91.811065 
1944.463938  	93.164825 
1944.821244  	92.645353 
1945.178551  	91.447313 
1945.535858  	91.500003 
1945.893165  	92.291870 
1946.250472  	92.268092 
1946.607779  	92.354214 
1946.965086  	93.184336 
1947.322392  	92.468224 
1947.679699  	91.700750 
1948.037006  	92.725486 
1948.394313  	93.210939 
1948.751620  	92.680561 
1949.108927  	92.297243 
1949.466234  	91.428371 
1949.823540  	91.041987 
1950.180847  	92.100077 
1950.538154  	92.231057 
1950.895461  	91.815881 
1951.252768  	92.308504 
1951.610075  	91.262876 
1951.967382  	90.172152 
1952.324688  	91.874815 
1952.681995  	93.212868 
1953.039302  	92.413558 
1953.396609  	91.568615 
1953.753916  	91.375671 
1954.111223  	91.008816 
1954.468530  	90.107938 
1954.825836  	90.643007 
1955.183143  	91.434331 
1955.540450  	90.989436 
1955.897757  	93.010955 
1956.255064  	94.840154 
1956.612371  	93.231260 
1956.969678  	92.770609 
1957.326985  	93.040304 
1957.684291  	91.703074 
1958.041598  	90.390911 
1958.398905  	90.392652 
1958.756212  	92.228559 
1959.113519  	93.895007 
1959.470826  	93.643330 
1959.828133  	92.332590 
1960.185439  	91.830033 
1960.542746  	92.202001 
1960.900053  	90.732198 
1961.257360  	88.645767 
1961.614667  	88.859747 
1961.971974  	91.262274 
1962.329281  	92.894308 
1962.686587  	90.886441 
1963.043894  	90.306777 
1963.401201  	92.935773 
1963.758508  	93.564314 
1964.115815  	93.091842 
1964.473122  	92.223166 
1964.830429  	92.424138 
1965.187735  	95.155092 
1965.545042  	94.631926 
1965.902349  	92.634714 
1966.259656  	93.405352 
1966.616963  	93.930895 
1966.974270  	93.377825 
1967.331577  	91.320995 
1967.688883  	90.286797 
1968.046190  	92.028973 
1968.403497  	92.438543 
1968.760804  	92.439384 
1969.118111  	92.022659 
1969.475418  	91.317138 
1969.832725  	92.310719 
1970.190032  	92.149009 
1970.547338  	91.926063 
1970.904645  	93.158818 
1971.261952  	93.714043 
1971.619259  	93.850260 
1971.976566  	92.284529 
1972.333873  	90.537994 
1972.691180  	90.758267 
1973.048486  	91.395074 
1973.405793  	92.198862 
1973.763100  	92.803249 
1974.120407  	92.985428 
1974.477714  	91.705984 
1974.835021  	89.988066 
1975.192328  	90.086314 
1975.549634  	90.690393 
1975.906941  	92.146539 
1976.264248  	92.874884 
1976.621555  	92.050691 
1976.978862  	91.934434 
1977.336169  	89.839467 
1977.693476  	87.423251 
1978.050782  	88.377433 
1978.408089  	91.287110 
1978.765396  	93.182821 
1979.122703  	92.546569 
1979.480010  	92.441422 
1979.837317  	92.250241 
1980.194624  	91.901798 
1980.551930  	92.658640 
1980.909237  	90.305835 
1981.266544  	87.633721 
1981.623851  	87.772731 
1981.981158  	87.365724 
1982.338465  	87.745799 
1982.695772  	89.945323 
1983.053079  	90.967890 
1983.410385  	90.270692 
1983.767692  	88.560410 
1984.124999  	88.034016 
1984.482306  	89.728432 
1984.839613  	89.282724 
1985.196920  	87.202025 
1985.554227  	87.996318 
1985.911533  	89.086231 
1986.268840  	89.449730 
1986.626147  	90.448066 
1986.983454  	89.609199 
1987.340761  	87.956445 
1987.698068  	87.684719 
1988.055375  	89.008886 
1988.412681  	90.875183 
1988.769988  	90.109299 
1989.127295  	89.253694 
1989.484602  	91.077848 
1989.841909  	91.746250 
1990.199216  	91.116790 
1990.556523  	92.140602 
1990.913829  	91.705837 
1991.271136  	90.144580 
1991.628443  	90.634056 
1991.985750  	89.533201 
1992.343057  	89.022230 
1992.700364  	90.744192 
1993.057671  	90.789674 
1993.414977  	92.135403 
1993.772284  	92.822746 
1994.129591  	91.325745 
1994.486898  	91.585959 
1994.844205  	90.624341 
1995.201512  	89.309403 
1995.558819  	91.675364 
1995.916126  	94.014670 
1996.273432  	92.379339 
1996.630739  	90.411956 
1996.988046  	91.128977 
1997.345353  	90.894235 
1997.702660  	90.888885 
1998.059967  	93.088193 
1998.417274  	92.891009 
1998.774580  	90.604595 
1999.131887  	89.207959 
1999.489194  	89.023552 
1999.846501  	89.192888 
2000.203808  	90.721442 
2000.561115  	94.261129 
2000.918422  	94.279545 
2001.275728  	91.917514 
2001.633035  	91.439538 
2001.990342  	90.569629 
2002.347649  	91.324381 
2002.704956  	92.564931 
2003.062263  	90.812601 
2003.419570  	90.129094 
2003.776876  	91.154925 
2004.134183  	91.172111 
2004.491490  	90.599989 
2004.848797  	89.286368 
2005.206104  	87.911000 
2005.563411  	88.985751 
2005.920718  	91.853928 
2006.278024  	93.754431 
2006.635331  	94.269228 
2006.992638  	93.505893 
2007.349945  	91.482963 
2007.707252  	90.021969 
2008.064559  	91.306707 
2008.421866  	92.655895 
2008.779172  	90.249243 
2009.136479  	88.026807 
2009.493786  	88.974864 
2009.851093  	91.028839 
2010.208400  	92.531663 
2010.565707  	92.868241 
2010.923014  	91.648001 
2011.280321  	90.637561 
2011.637627  	90.439439 
2011.994934  	89.058542 
2012.352241  	88.502010 
2012.709548  	89.721532 
2013.066855  	90.311586 
2013.424162  	91.902388 
2013.781469  	91.714585 
2014.138775  	90.068421 
2014.496082  	92.089888 
2014.853389  	93.608611 
2015.210696  	92.880217 
2015.568003  	91.347556 
2015.925310  	90.056439 
2016.282617  	90.865740 
2016.639923  	90.691550 
2016.997230  	91.353768 
2017.354537  	92.070473 
2017.711844  	89.592992 
2018.069151  	88.653826 
2018.426458  	88.092024 
2018.783765  	88.485991 
2019.141071  	89.971341 
2019.498378  	88.452939 
2019.855685  	88.366893 
2020.212992  	90.180963 
2020.570299  	90.556297 
2020.927606  	90.606712 
2021.284913  	90.390251 
2021.642219  	90.698194 
2021.999526  	91.002764 
2022.356833  	91.274969 
2022.714140  	92.107870 
2023.071447  	91.057427 
2023.428754  	90.095095 
2023.786061  	91.942084 
2024.143368  	93.697873 
2024.500674  	93.248521 
2024.857981  	92.079160 
2025.215288  	90.777566 
2025.572595  	89.046114 
2025.929902  	87.433967 
2026.287209  	87.497175 
2026.644516  	90.695580 
2027.001822  	93.962493 
2027.359129  	93.517112 
2027.716436  	91.852981 
2028.073743  	91.410588 
2028.431050  	90.867051 
2028.788357  	90.566549 
2029.145664  	91.829403 
2029.502970  	92.322948 
2029.860277  	91.688726 
2030.217584  	92.692128 
2030.574891  	91.780001 
2030.932198  	89.437437 
2031.289505  	89.243317 
2031.646812  	88.120533 
2032.004118  	88.284858 
2032.361425  	89.971554 
2032.718732  	89.499152 
2033.076039  	91.300123 
2033.433346  	92.355142 
2033.790653  	89.257278 
2034.147960  	89.831037 
2034.505266  	92.766773 
2034.862573  	92.061946 
2035.219880  	89.951470 
2035.577187  	90.372606 
2035.934494  	91.890489 
2036.291801  	91.526849 
2036.649108  	90.682222 
2037.006415  	91.010013 
2037.363721  	91.734657 
2037.721028  	91.024919 
2038.078335  	89.715006 
2038.435642  	91.243324 
2038.792949  	91.765714 
2039.150256  	90.170908 
2039.507563  	90.472580 
2039.864869  	89.583346 
2040.222176  	88.896919 
2040.579483  	90.602875 
2040.936790  	92.018952 
2041.294097  	93.889143 
2041.651404  	92.770456 
2042.008711  	89.914766 
2042.366017  	91.065240 
2042.723324  	92.287619 
2043.080631  	91.444818 
2043.437938  	90.354712 
2043.795245  	88.988196 
2044.152552  	88.359088 
2044.509859  	89.468085 
2044.867165  	91.389807 
2045.224472  	91.581497 
2045.581779  	90.862615 
2045.939086  	90.915528 
2046.296393  	91.282473 
2046.653700  	91.701438 
2047.011007  	89.854672 
2047.368313  	87.452513 
2047.725620  	88.262694 
2048.082927  	89.919044 
2048.440234  	91.082778 
2048.797541  	92.580258 
2049.154848  	92.712607 
2049.512155  	90.967382 
2049.869462  	90.121590 
2050.226768  	90.174520 
2050.584075  	89.194799 
2050.941382  	89.733898 
2051.298689  	91.581486 
2051.655996  	91.961639 
2052.013303  	91.613936 
2052.370610  	90.966104 
2052.727916  	91.462249 
2053.085223  	92.728798 
2053.442530  	92.360994 
2053.799837  	91.150234 
2054.157144  	89.201141 
2054.514451  	88.747272 
2054.871758  	90.602006 
2055.229064  	90.979909 
2055.586371  	90.939986 
2055.943678  	91.544627 
2056.300985  	91.597975 
2056.658292  	91.701451 
2057.015599  	90.576407 
2057.372906  	88.745796 
2057.730212  	88.499226 
2058.087519  	89.161502 
2058.444826  	89.128608 
2058.802133  	88.575393 
2059.159440  	88.894037 
2059.516747  	89.167118 
2059.874054  	88.845435 
2060.231360  	89.563975 
2060.588667  	89.827639 
2060.945974  	88.852876 
2061.303281  	89.266121 
2061.660588  	90.059851 
2062.017895  	89.133239 
2062.375202  	88.869831 
2062.732509  	90.006055 
2063.089815  	90.050791 
2063.447122  	89.296917 
2063.804429  	89.376732 
2064.161736  	90.087667 
2064.519043  	90.531534 
2064.876350  	89.870571 
2065.233657  	88.609474 
2065.590963  	88.496693 
2065.948270  	89.625069 
2066.305577  	89.829809 
2066.662884  	88.634644 
2067.020191  	88.053504 
2067.377498  	88.261991 
2067.734805  	88.703233 
2068.092111  	89.755357 
2068.449418  	90.677105 
2068.806725  	90.799316 
2069.164032  	90.318532 
2069.521339  	89.177440 
2069.878646  	87.725198 
2070.235953  	87.368111 
2070.593259  	88.143847 
2070.950566  	88.453686 
2071.307873  	88.287882 
2071.665180  	88.147309 
2072.022487  	88.537888 
2072.379794  	88.752659 
2072.737101  	87.684268 
2073.094407  	87.661910 
2073.451714  	88.584891 
2073.809021  	88.645175 
2074.166328  	89.261387 
2074.523635  	90.226421 
2074.880942  	90.163120 
2075.238249  	88.788284 
2075.595556  	88.583787 
2075.952862  	90.666154 
2076.310169  	90.444438 
2076.667476  	88.652791 
2077.024783  	88.344714 
2077.382090  	87.892791 
2077.739397  	87.631753 
2078.096704  	88.336876 
2078.454010  	89.386519 
2078.811317  	89.126403 
2079.168624  	88.174963 
2079.525931  	89.231712 
2079.883238  	90.045796 
2080.240545  	89.422629 
2080.597852  	88.914283 
2080.955158  	88.787529 
2081.312465  	88.819438 
2081.669772  	88.091401 
2082.027079  	88.523926 
2082.384386  	89.319162 
2082.741693  	88.754828 
2083.099000  	89.596546 
2083.456306  	89.780814 
2083.813613  	88.807543 
2084.170920  	89.290841 
2084.528227  	89.300863 
2084.885534  	88.779664 
2085.242841  	88.859353 
2085.600148  	89.976887 
2085.957454  	90.795963 
2086.314761  	89.256815 
2086.672068  	87.881544 
2087.029375  	87.737969 
2087.386682  	87.861854 
2087.743989  	87.919492 
2088.101296  	88.360927 
2088.458602  	90.168147 
2088.815909  	90.496213 
2089.173216  	89.670724 
2089.530523  	90.128607 
2089.887830  	90.069570 
2090.245137  	89.569448 
2090.602444  	88.498613 
2090.959751  	87.813282 
2091.317057  	89.157143 
2091.674364  	89.678586 
2092.031671  	89.481606 
2092.388978  	89.303352 
2092.746285  	88.074053 
2093.103592  	88.041218 
2093.460899  	88.424582 
2093.818205  	88.093300 
2094.175512  	89.283373 
2094.532819  	90.454664 
2094.890126  	90.194818 
2095.247433  	89.860344 
2095.604740  	89.156395 
2095.962047  	88.522163 
2096.319353  	88.695823 
2096.676660  	88.930120 
2097.033967  	88.933354 
2097.391274  	89.192975 
2097.748581  	89.714867 
2098.105888  	89.651384 
2098.463195  	89.237426 
2098.820501  	88.585642 
2099.177808  	88.000459 
2099.535115  	89.063171 
2099.892422  	89.301605 
2100.249729  	87.753020 
2100.607036  	88.057660 
2100.964343  	88.992277 
2101.321649  	88.767610 
2101.678956  	88.333640 
2102.036263  	88.241090 
2102.393570  	88.959577 
2102.750877  	89.257184 
2103.108184  	89.267772 
2103.465491  	89.687523 
2103.822798  	89.739940 
2104.180104  	89.608904 
2104.537411  	89.062757 
2104.894718  	89.036797 
2105.252025  	89.546260 
2105.609332  	89.650672 
2105.966639  	90.199143 
2106.323946  	90.025709 
2106.681252  	89.137164 
2107.038559  	88.760136 
2107.395866  	88.924869 
2107.753173  	90.076244 
2108.110480  	90.411882 
2108.467787  	89.981148 
2108.825094  	90.078438 
2109.182400  	89.380471 
2109.539707  	88.514287 
2109.897014  	88.719174 
2110.254321  	89.983840 
2110.611628  	90.239134 
2110.968935  	88.037149 
2111.326242  	87.162448 
2111.683548  	88.739534 
2112.040855  	89.307628 
2112.398162  	88.631448 
2112.755469  	89.246488 
2113.112776  	90.603964 
2113.470083  	90.659325 
2113.827390  	90.160777 
2114.184696  	89.440741 
2114.542003  	88.661903 
2114.899310  	88.960274 
2115.256617  	89.785159 
2115.613924  	90.071049 
2115.971231  	88.969467 
2116.328538  	87.860899 
2116.685845  	88.540721 
2117.043151  	89.134284 
2117.400458  	88.780283 
2117.757765  	88.765451 
2118.115072  	88.959299 
2118.472379  	88.741515 
2118.829686  	88.619039 
2119.186993  	89.784686 
2119.544299  	90.829690 
2119.901606  	90.076345 
2120.258913  	89.373399 
2120.616220  	89.779184 
2120.973527  	90.496470 
2121.330834  	90.849154 
2121.688141  	90.319656 
2122.045447  	89.369940 
2122.402754  	88.795458 
2122.760061  	88.912500 
2123.117368  	89.609053 
2123.474675  	90.287297 
2123.831982  	90.576580 
2124.189289  	90.435813 
2124.546595  	89.805885 
2124.903902  	89.548221 
2125.261209  	89.550834 
2125.618516  	89.018362 
2125.975823  	89.665202 
2126.333130  	90.869052 
2126.690437  	89.811599 
2127.047743  	89.006964 
2127.405050  	90.276304 
2127.762357  	91.287770 
2128.119664  	91.241061 
2128.476971  	90.139818 
2128.834278  	89.595509 
2129.191585  	90.425340 
2129.548892  	90.102128 
2129.906198  	90.175174 
2130.263505  	91.123471 
2130.620812  	90.102197 
2130.978119  	89.578730 
2131.335426  	89.738639 
2131.692733  	89.046958 
2132.050040  	89.514380 
2132.407346  	89.754149 
2132.764653  	89.374509 
2133.121960  	90.506369 
2133.479267  	91.656198 
2133.836574  	90.642524 
2134.193881  	89.064709 
2134.551188  	89.490413 
2134.908494  	89.422269 
2135.265801  	87.971501 
2135.623108  	87.653013 
2135.980415  	87.970912 
2136.337722  	88.423922 
2136.695029  	87.894225 
2137.052336  	87.126070 
2137.409642  	87.547803 
2137.766949  	87.619029 
2138.124256  	87.878219 
2138.481563  	88.236699 
2138.838870  	89.197638 
2139.196177  	90.190221 
2139.553484  	88.713325 
2139.910790  	87.758068 
2140.268097  	87.707661 
2140.625404  	88.195407 
2140.982711  	90.135626 
2141.340018  	90.758386 
2141.697325  	88.741942 
2142.054632  	85.722453 
2142.411939  	87.307135 
2142.769245  	90.752575 
2143.126552  	89.325635 
2143.483859  	89.335285 
2143.841166  	89.322205 
2144.198473  	86.377506 
2144.555780  	86.896090 
2144.913087  	89.067339 
2145.270393  	89.889280 
2145.627700  	89.591108 
2145.985007  	89.487496 
2146.342314  	90.144635 
2146.699621  	90.271524 
2147.056928  	90.917069 
2147.414235  	90.527843 
2147.771541  	90.879482 
2148.128848  	92.675455 
2148.486155  	91.232874 
2148.843462  	90.209435 
2149.200769  	91.046516 
2149.558076  	90.550298 
2149.915383  	89.643569 
2150.272689  	89.363799 
2150.629996  	89.610639 
2150.987303  	89.277802 
2151.344610  	88.839376 
2151.701917  	88.382352 
2152.059224  	87.813297 
2152.416531  	88.470226 
2152.773837  	89.598582 
2153.131144  	89.761085 
2153.488451  	88.154394 
2153.845758  	87.654262 
2154.203065  	89.287029 
2154.560372  	89.393312 
2154.917679  	89.321409 
2155.274986  	89.128190 
2155.632292  	87.103161 
2155.989599  	85.853848 
2156.346906  	87.499092 
2156.704213  	90.269654 
2157.061520  	90.011398 
2157.418827  	88.810448 
2157.776134  	89.574607 
2158.133440  	90.014313 
2158.490747  	88.414909 
2158.848054  	86.637136 
2159.205361  	89.006420 
2159.562668  	89.660953 
2159.919975  	84.940119 
2160.277282  	84.339700 
2160.634588  	86.811601 
2160.991895  	87.491435 
2161.349202  	87.902073 
2161.706509  	88.689560 
2162.063816  	88.743006 
2162.421123  	87.394119 
2162.778430  	87.367174 
2163.135736  	89.477206 
2163.493043  	90.437121 
2163.850350  	88.073444 
2164.207657  	84.937302 
2164.564964  	85.050709 
2164.922271  	86.672893 
2165.279578  	87.536634 
2165.636884  	89.499376 
2165.994191  	91.096479 
2166.351498  	89.684381 
2166.708805  	87.709564 
2167.066112  	87.824028 
2167.423419  	88.145295 
2167.780726  	87.391384 
2168.138032  	87.670689 
2168.495339  	89.156489 
2168.852646  	89.784515 
2169.209953  	89.132925 
2169.567260  	87.920791 
2169.924567  	86.328159 
2170.281874  	86.089226 
2170.639181  	86.914455 
2170.996487  	86.055394 
2171.353794  	84.851826 
2171.711101  	84.492551 
2172.068408  	84.977888 
2172.425715  	86.658969 
2172.783022  	88.154475 
2173.140329  	88.749655 
2173.497635  	87.943131 
2173.854942  	87.680770 
2174.212249  	88.822452 
2174.569556  	87.878069 
2174.926863  	86.282194 
2175.284170  	86.466560 
2175.641477  	86.794686 
2175.998783  	86.599691 
2176.356090  	86.472523 
2176.713397  	87.409449 
2177.070704  	88.190143 
2177.428011  	87.058425 
2177.785318  	86.235712 
2178.142625  	86.950847 
2178.499931  	87.488270 
2178.857238  	87.843113 
2179.214545  	88.650777 
2179.571852  	88.852387 
2179.929159  	87.892068 
2180.286466  	86.733963 
2180.643773  	87.373244 
2181.001079  	88.515952 
2181.358386  	87.531337 
2181.715693  	87.648154 
2182.073000  	89.357573 
2182.430307  	89.590078 
2182.787614  	89.296701 
2183.144921  	89.477848 
2183.502228  	90.182682 
2183.859534  	89.926529 
2184.216841  	89.125458 
2184.574148  	89.397093 
2184.931455  	89.680373 
2185.288762  	90.100060 
2185.646069  	89.402977 
2186.003376  	88.475808 
2186.360682  	88.265968 
2186.717989  	87.176259 
2187.075296  	87.741891 
2187.432603  	88.145905 
2187.789910  	87.339355 
2188.147217  	88.303712 
2188.504524  	88.480046 
2188.861830  	88.305190 
2189.219137  	88.344790 
2189.576444  	87.959969 
2189.933751  	89.175975 
2190.291058  	89.754735 
2190.648365  	89.536835 
2191.005672  	91.075611 
2191.362978  	91.959282 
2191.720285  	89.831121 
2192.077592  	87.915612 
2192.434899  	88.519494 
2192.792206  	88.913361 
2193.149513  	89.170866 
2193.506820  	89.354498 
2193.864126  	88.066945 
2194.221433  	87.910084 
2194.578740  	88.242117 
2194.936047  	88.728103 
2195.293354  	89.764398 
2195.650661  	88.666724 
2196.007968  	87.732387 
2196.365275  	88.454858 
2196.722581  	88.326079 
2197.079888  	87.570102 
2197.437195  	87.604919 
2197.794502  	89.150741 
2198.151809  	91.224918 
2198.509116  	91.985323 
2198.866423  	91.144047 
2199.223729  	89.453714 
2199.581036  	87.966157 
2199.938343  	87.996519 
2200.295650  	89.691423 
2200.652957  	90.582092 
2201.010264  	89.161652 
2201.367571  	87.806150 
2201.724877  	88.075979 
2202.082184  	88.096213 
2202.439491  	87.590403 
2202.796798  	87.977103 
2203.154105  	87.480043 
2203.511412  	86.224088 
2203.868719  	86.501708 
2204.226025  	87.837804 
2204.583332  	88.464065 
2204.940639  	87.243840 
2205.297946  	86.434745 
2205.655253  	87.239468 
2206.012560  	87.574554 
2206.369867  	87.571887 
2206.727173  	87.488706 
2207.084480  	88.135690 
2207.441787  	89.578595 
2207.799094  	88.973275 
2208.156401  	87.914123 
2208.513708  	87.740440 
2208.871015  	87.554577 
2209.228322  	88.808910 
2209.585628  	89.772624 
2209.942935  	88.006463 
2210.300242  	86.093511 
2210.657549  	86.269677 
2211.014856  	88.183041 
2211.372163  	90.245834 
2211.729470  	89.783163 
2212.086776  	87.628635 
2212.444083  	87.199774 
2212.801390  	87.713886 
2213.158697  	88.470852 
2213.516004  	90.282359 
2213.873311  	90.474940 
2214.230618  	89.174851 
2214.587924  	89.339505 
2214.945231  	89.292395 
2215.302538  	87.849600 
2215.659845  	86.901154 
2216.017152  	86.479995 
2216.374459  	86.391870 
2216.731766  	87.008680 
2217.089072  	87.018241 
2217.446379  	87.365454 
2217.803686  	88.919385 
2218.160993  	88.842085 
2218.518300  	87.487528 
2218.875607  	87.134032 
2219.232914  	87.392286 
2219.590220  	87.872903 
2219.947527  	87.995511 
2220.304834  	88.312554 
2220.662141  	89.505711 
2221.019448  	89.481350 
2221.376755  	88.281119 
2221.734062  	87.236910 
2222.091369  	86.075117 
2222.448675  	86.340358 
2222.805982  	87.965599 
2223.163289  	88.673177 
2223.520596  	89.046964 
2223.877903  	89.149715 
2224.235210  	88.159389 
2224.592517  	87.140999 
2224.949823  	86.976118 
2225.307130  	87.713819 
2225.664437  	87.919902 
2226.021744  	87.257608 
2226.379051  	87.779220 
2226.736358  	88.302200 
2227.093665  	87.400683 
2227.450971  	87.520673 
2227.808278  	89.211049 
2228.165585  	89.984963 
2228.522892  	89.311480 
2228.880199  	88.687476 
2229.237506  	88.736681 
2229.594813  	88.149264 
2229.952119  	86.750964 
2230.309426  	86.572603 
2230.666733  	87.115291 
2231.024040  	87.499473 
2231.381347  	88.332856 
2231.738654  	88.426049 
2232.095961  	88.186727 
2232.453267  	88.237817 
2232.810574  	88.165293 
2233.167881  	88.911176 
2233.525188  	88.796635 
2233.882495  	88.060478 
2234.239802  	88.557022 
2234.597109  	88.768655 
2234.954416  	89.416439 
2235.311722  	90.015088 
2235.669029  	88.909882 
2236.026336  	87.670125 
2236.383643  	86.796069 
2236.740950  	86.985818 
2237.098257  	87.730369 
2237.455564  	87.449349 
2237.812870  	86.903364 
2238.170177  	86.807196 
2238.527484  	87.163828 
2238.884791  	86.675042 
2239.242098  	85.390420 
2239.599405  	85.309449 
2239.956712  	85.983011 
2240.314018  	86.518152 
2240.671325  	86.907491 
2241.028632  	87.248959 
2241.385939  	87.629538 
2241.743246  	88.265711 
2242.100553  	88.907071 
2242.457860  	88.407427 
2242.815166  	87.847026 
2243.172473  	87.799632 
2243.529780  	87.875524 
2243.887087  	88.723105 
2244.244394  	88.593391 
2244.601701  	87.538823 
2244.959008  	87.245322 
2245.316314  	86.915875 
2245.673621  	86.680309 
2246.030928  	86.689842 
2246.388235  	86.752449 
2246.745542  	87.023509 
2247.102849  	87.196882 
2247.460156  	87.419661 
2247.817463  	87.490562 
2248.174769  	87.150506 
2248.532076  	86.438635 
2248.889383  	86.297976 
2249.246690  	87.591959 
2249.603997  	88.690418 
2249.961304  	88.299375 
2250.318611  	87.391460 
2250.675917  	87.531168 
2251.033224  	88.288487 
2251.390531  	88.276656 
2251.747838  	87.997171 
2252.105145  	87.446826 
2252.462452  	87.282035 
2252.819759  	88.354056 
2253.177065  	88.945213 
2253.534372  	88.500089 
2253.891679  	87.963541 
2254.248986  	87.776381 
2254.606293  	87.463136 
2254.963600  	86.797570 
2255.320907  	86.744995 
2255.678213  	86.860167 
2256.035520  	86.952565 
2256.392827  	87.093512 
2256.750134  	86.304955 
2257.107441  	85.772203 
2257.464748  	86.144989 
2257.822055  	86.335162 
2258.179361  	86.497264 
2258.536668  	86.866466 
2258.893975  	86.915560 
2259.251282  	86.744046 
2259.608589  	87.396965 
2259.965896  	88.405696 
2260.323203  	88.167434 
2260.680509  	87.570078 
2261.037816  	87.626860 
2261.395123  	87.073646 
2261.752430  	86.562929 
2262.109737  	87.516059 
2262.467044  	87.484195 
2262.824351  	86.046190 
2263.181658  	85.888579 
2263.538964  	86.608739 
2263.896271  	87.185696 
2264.253578  	87.096151 
2264.610885  	86.653187 
2264.968192  	87.134556 
2265.325499  	86.999873 
2265.682806  	86.266962 
2266.040112  	86.705729 
2266.397419  	87.555370 
2266.754726  	88.271412 
2267.112033  	87.953582 
2267.469340  	86.690646 
2267.826647  	86.647155 
2268.183954  	87.109570 
2268.541260  	86.563749 
2268.898567  	86.525630 
2269.255874  	87.285798 
2269.613181  	86.654674 
2269.970488  	85.693745 
2270.327795  	86.220465 
2270.685102  	86.634079 
2271.042408  	86.530218 
2271.399715  	86.333589 
2271.757022  	85.969161 
2272.114329  	86.379233 
2272.471636  	86.761729 
2272.828943  	86.408101 
2273.186250  	86.531485 
2273.543556  	87.077532 
2273.900863  	87.136222 
2274.258170  	86.962249 
2274.615477  	87.278468 
2274.972784  	87.330298 
2275.330091  	86.497658 
2275.687398  	86.363648 
2276.044705  	87.446620 
2276.402011  	87.779389 
2276.759318  	86.798921 
2277.116625  	86.055988 
2277.473932  	85.938920 
2277.831239  	85.944238 
2278.188546  	86.552514 
2278.545853  	87.435103 
2278.903159  	87.406059 
2279.260466  	87.080143 
2279.617773  	87.137615 
2279.975080  	86.866623 
2280.332387  	86.700551 
2280.689694  	87.279563 
2281.047001  	87.877703 
2281.404307  	87.571259 
2281.761614  	86.510460 
2282.118921  	86.191924 
2282.476228  	86.348551 
2282.833535  	85.976607 
2283.190842  	85.994853 
2283.548149  	86.316141 
2283.905455  	86.635124 
2284.262762  	86.820705 
2284.620069  	86.560009 
2284.977376  	86.817294 
2285.334683  	86.965186 
2285.691990  	86.585224 
2286.049297  	86.429943 
2286.406603  	86.074946 
2286.763910  	86.224118 
2287.121217  	86.815525 
2287.478524  	86.738942 
2287.835831  	86.454427 
2288.193138  	86.346805 
2288.550445  	86.325813 
2288.907752  	86.296076 
2289.265058  	86.525600 
2289.622365  	86.560487 
2289.979672  	86.144311 
2290.336979  	86.237266 
2290.694286  	86.043419 
2291.051593  	85.835654 
2291.408900  	86.584225 
2291.766206  	86.700428 
2292.123513  	86.509373 
2292.480820  	86.851617 
2292.838127  	86.586843 
2293.195434  	85.900325 
2293.552741  	85.773195 
2293.910048  	86.242521 
2294.267354  	86.274596 
2294.624661  	85.749106 
2294.981968  	85.609395 
2295.339275  	85.734665 
2295.696582  	85.855027 
2296.053889  	86.070298 
2296.411196  	86.278572 
2296.768502  	86.301479 
2297.125809  	86.271119 
2297.483116  	86.395521 
2297.840423  	86.330932 
2298.197730  	86.250361 
2298.555037  	86.523032 
2298.912344  	86.479763 
2299.269650  	85.940090 
2299.626957  	85.473692 
2299.984264  	85.283958 
2300.341571  	85.432161 
2300.698878  	85.961693 
2301.056185  	86.432622 
2301.413492  	86.291956 
2301.770799  	85.820589 
2302.128105  	86.038268 
2302.485412  	86.658639 
2302.842719  	86.020826 
2303.200026  	85.088670 
2303.557333  	85.195297 
2303.914640  	85.414744 
2304.271947  	85.801368 
2304.629253  	86.156784 
2304.986560  	85.742940 
2305.343867  	85.353469 
2305.701174  	85.476684 
2306.058481  	85.895890 
2306.415788  	86.210929 
2306.773095  	85.829770 
2307.130401  	85.332424 
2307.487708  	85.561609 
2307.845015  	85.936018 
2308.202322  	86.178301 
2308.559629  	86.496815 
2308.916936  	86.086752 
2309.274243  	85.119389 
2309.631549  	85.242292 
2309.988856  	85.641095 
2310.346163  	85.636465 
2310.703470  	85.827961 
2311.060777  	85.888170 
2311.418084  	85.253741 
2311.775391  	84.924123 
2312.132697  	85.522729 
2312.490004  	86.102206 
2312.847311  	85.960682 
2313.204618  	85.582324 
2313.561925  	85.480453 
2313.919232  	85.346013 
2314.276539  	85.365974 
2314.633846  	85.971347 
2314.991152  	86.171059 
2315.348459  	85.144709 
2315.705766  	84.808422 
2316.063073  	85.449213 
2316.420380  	86.036053 
2316.777687  	86.430251 
2317.134994  	85.889990 
2317.492300  	84.961350 
2317.849607  	85.173832 
2318.206914  	85.656541 
2318.564221  	86.119150 
2318.921528  	86.399166 
2319.278835  	85.023554 
2319.636142  	83.529591 
2319.993448  	84.563867 
2320.350755  	85.719903 
2320.708062  	86.141784 
2321.065369  	85.878496 
2321.422676  	84.387574 
2321.779983  	84.198370 
2322.137290  	85.320529 
2322.494596  	85.969955 
2322.851903  	85.956106 
2323.209210  	84.722586 
2323.566517  	83.620779 
2323.923824  	84.428374 
2324.281131  	85.379541 
2324.638438  	85.914042 
2324.995744  	85.276897 
2325.353051  	83.624144 
2325.710358  	84.297780 
2326.067665  	85.580353 
2326.424972  	85.969706 
2326.782279  	86.062082 
2327.139586  	84.960311 
2327.496893  	84.366650 
2327.854199  	85.690702 
2328.211506  	86.624314 
2328.568813  	86.276821 
2328.926120  	84.860684 
2329.283427  	84.254772 
2329.640734  	85.222466 
2329.998041  	86.041123 
2330.355347  	85.709479 
2330.712654  	83.676864 
2331.069961  	83.434778 
2331.427268  	85.201472 
2331.784575  	86.146841 
2332.141882  	86.562285 
2332.499189  	85.544344 
2332.856495  	83.751566 
2333.213802  	84.285682 
2333.571109  	85.256331 
2333.928416  	85.592110 
2334.285723  	84.277075 
2334.643030  	83.284898 
2335.000337  	84.709086 
2335.357643  	85.980866 
2335.714950  	86.126133 
2336.072257  	84.777771 
2336.429564  	83.973831 
2336.786871  	84.869567 
2337.144178  	85.720383 
2337.501485  	85.949226 
2337.858791  	84.321614 
2338.216098  	83.430738 
2338.573405  	85.003450 
2338.930712  	86.272068 
2339.288019  	86.251299 
2339.645326  	84.746609 
2340.002633  	84.200183 
2340.359939  	85.208932 
2340.717246  	85.674574 
2341.074553  	84.356664 
2341.431860  	82.973048 
2341.789167  	84.089307 
2342.146474  	85.661513 
2342.503781  	86.333987 
2342.861088  	85.671214 
2343.218394  	84.604038 
2343.575701  	84.845980 
2343.933008  	85.601930 
2344.290315  	85.528049 
2344.647622  	84.239666 
2345.004929  	84.059818 
2345.362236  	85.043719 
2345.719542  	85.292562 
2346.076849  	84.269698 
2346.434156  	83.726921 
2346.791463  	84.280773 
2347.148770  	84.693477 
2347.506077  	84.493510 
2347.863384  	84.372876 
2348.220690  	84.641148 
2348.577997  	84.676076 
2348.935304  	84.621947 
2349.292611  	84.511804 
2349.649918  	84.472384 
2350.007225  	84.473260 
2350.364532  	84.340197 
2350.721838  	84.563614 
2351.079145  	84.903356 
2351.436452  	84.708172 
2351.793759  	84.090505 
2352.151066  	84.465138 
2352.508373  	85.360866 
2352.865680  	84.962201 
2353.222986  	83.738196 
2353.580293  	83.920980 
2353.937600  	84.771526 
2354.294907  	85.104184 
2354.652214  	84.106475 
2355.009521  	83.999374 
2355.366828  	85.228343 
2355.724135  	85.371935 
2356.081441  	83.968380 
2356.438748  	83.491750 
2356.796055  	84.409615 
2357.153362  	84.614627 
2357.510669  	83.564145 
2357.867976  	83.950155 
2358.225283  	85.396981 
2358.582589  	85.798244 
2358.939896  	84.207426 
2359.297203  	83.064861 
2359.654510  	84.553948 
2360.011817  	85.781099 
2360.369124  	84.387942 
2360.726431  	83.544793 
2361.083737  	84.508146 
2361.441044  	84.681044 
2361.798351  	83.497484 
2362.155658  	83.435645 
2362.512965  	84.324444 
2362.870272  	83.983221 
2363.227579  	83.022794 
2363.584885  	84.116548 
2363.942192  	84.849566 
2364.299499  	84.097946 
2364.656806  	83.775722 
2365.014113  	84.178597 
2365.371420  	84.188193 
2365.728727  	83.508154 
2366.086033  	83.774796 
2366.443340  	84.712627 
2366.800647  	84.250067 
2367.157954  	83.293614 
2367.515261  	83.733063 
2367.872568  	83.933712 
2368.229875  	83.825181 
2368.587182  	84.163040 
2368.944488  	83.741827 
2369.301795  	82.868941 
2369.659102  	83.836359 
2370.016409  	84.514265 
2370.373716  	83.180061 
2370.731023  	82.564776 
2371.088330  	83.852784 
2371.445636  	84.454495 
2371.802943  	83.914168 
2372.160250  	83.639164 
2372.517557  	83.437806 
2372.874864  	82.965837 
2373.232171  	83.623125 
2373.589478  	84.359959 
2373.946784  	83.967062 
2374.304091  	83.566789 
2374.661398  	83.785262 
2375.018705  	83.971295 
2375.376012  	83.759320 
2375.733319  	83.618584 
2376.090626  	83.377224 
2376.447932  	82.946180 
2376.805239  	83.143192 
2377.162546  	83.326471 
2377.519853  	83.156751 
2377.877160  	82.971401 
2378.234467  	82.736288 
2378.591774  	83.112516 
2378.949080  	83.444646 
2379.306387  	83.462982 
2379.663694  	83.621638 
2380.021001  	83.334164 
2380.378308  	83.065128 
2380.735615  	83.001713 
2381.092922  	82.906643 
2381.450229  	83.226978 
2381.807535  	83.372297 
2382.164842  	83.385700 
2382.522149  	83.456658 
2382.879456  	83.126693 
2383.236763  	83.035163 
2383.594070  	83.378029 
2383.951377  	83.566832 
2384.308683  	83.404158 
2384.665990  	83.013081 
2385.023297  	82.878734 
2385.380604  	83.091310 
2385.737911  	83.146593 
2386.095218  	82.953092 
2386.452525  	83.001400 
2386.809831  	83.315509 
2387.167138  	83.365469 
2387.524445  	83.208925 
2387.881752  	83.173042 
2388.239059  	83.245146 
2388.596366  	83.349633 
2388.953673  	83.189916 
2389.310979  	82.795404 
2389.668286  	82.738610 
2390.025593  	82.863934 
2390.382900  	82.793786 
2390.740207  	82.900707 
2391.097514  	83.174388 
2391.454821  	83.306369 
2391.812127  	83.326799 
2392.169434  	83.082795 
2392.526741  	82.710443 
2392.884048  	82.627936 
2393.241355  	82.766569 
2393.598662  	82.883601 
2393.955969  	82.921889 
2394.313276  	83.064166 
2394.670582  	83.312967 
2395.027889  	83.245820 
2395.385196  	82.969806 
2395.742503  	82.905544 
2396.099810  	82.850994 
2396.457117  	82.748117 
2396.814424  	82.708033 
2397.171730  	82.639400 
2397.529037  	82.743037 
2397.886344  	82.864708 
2398.243651  	82.780845 
2398.600958  	82.833841 
2398.958265  	83.011924 
2399.315572  	83.078793 
2399.672878  	82.951293 
2400.030185  	82.814513 
2400.387492  	82.928923 
2400.744799  	83.013449 
2401.102106  	83.011084 
2401.459413  	82.986380 
2401.816720  	82.747112 
2402.174026  	82.655080 
2402.531333  	82.890713 
2402.888640  	83.057442 
2403.245947  	83.124797 
2403.603254  	83.173851 
2403.960561  	82.954257 
2404.317868  	82.599757 
2404.675174  	82.508521 
2405.032481  	82.642374 
2405.389788  	82.683885 
2405.747095  	82.366820 
2406.104402  	82.340071 
2406.461709  	82.859738 
2406.819016  	82.983142 
2407.176323  	83.142547 
2407.533629  	83.467830 
2407.890936  	83.042845 
2408.248243  	82.635667 
2408.605550  	82.662100 
2408.962857  	82.815819 
2409.320164  	83.043325 
2409.677471  	82.851227 
2410.034777  	82.599693 
2410.392084  	82.664534 
2410.749391  	82.724471 
2411.106698  	82.696986 
2411.464005  	82.599175 
2411.821312  	82.718117 
2412.178619  	82.684858 
2412.535925  	82.296481 
2412.893232  	82.442012 
2413.250539  	82.717566 
2413.607846  	82.507672 
2413.965153  	82.324348 
2414.322460  	82.050084 
2414.679767  	81.907422 
2415.037073  	82.174540 
2415.394380  	82.055608 
2415.751687  	81.829051 
2416.108994  	81.965813 
2416.466301  	81.750374 
2416.823608  	81.496496 
2417.180915  	81.875383 
2417.538221  	82.273672 
2417.895528  	82.214348 
2418.252835  	82.188559 
2418.610142  	82.445806 
2418.967449  	82.389115 
2419.324756  	82.024952 
2419.682063  	82.014904 
2420.039369  	82.325222 
2420.396676  	82.410271 
2420.753983  	82.086324 
2421.111290  	82.001354 
2421.468597  	82.203371 
2421.825904  	82.040005 
2422.183211  	81.911888 
2422.540518  	81.956522 
2422.897824  	81.954755 
2423.255131  	82.124113 
2423.612438  	82.067970 
2423.969745  	82.056357 
2424.327052  	82.421379 
2424.684359  	82.294191 
2425.041666  	81.860271 
2425.398972  	81.824148 
2425.756279  	81.863883 
2426.113586  	81.850990 
2426.470893  	81.836437 
2426.828200  	81.636727 
2427.185507  	81.489862 
2427.542814  	81.632044 
2427.900120  	81.787106 
2428.257427  	81.809436 
2428.614734  	81.753230 
2428.972041  	81.754251 
2429.329348  	81.974075 
2429.686655  	81.938315 
2430.043962  	81.518701 
2430.401268  	81.369992 
2430.758575  	81.519287 
2431.115882  	81.820176 
2431.473189  	82.143083 
2431.830496  	82.028221 
2432.187803  	81.519672 
2432.545110  	81.052548 
2432.902416  	81.173397 
2433.259723  	81.647164 
2433.617030  	81.693379 
2433.974337  	81.653363 
2434.331644  	81.552121 
2434.688951  	81.239866 
2435.046258  	81.326274 
2435.403565  	81.488449 
2435.760871  	81.405606 
2436.118178  	81.304118 
2436.475485  	81.241253 
2436.832792  	81.275069 
2437.190099  	81.083774 
2437.547406  	80.741366 
2437.904713  	80.763574 
2438.262019  	81.372055 
2438.619326  	81.875305 
2438.976633  	81.464472 
2439.333940  	81.253756 
2439.691247  	81.395585 
2440.048554  	81.064048 
2440.405861  	81.314811 
2440.763167  	81.763677 
2441.120474  	81.296736 
2441.477781  	80.882144 
2441.835088  	80.911173 
2442.192395  	80.968002 
2442.549702  	80.942539 
2442.907009  	80.845945 
2443.264315  	80.881970 
2443.621622  	81.068301 
2443.978929  	81.082599 
2444.336236  	80.958923 
2444.693543  	80.986927 
2445.050850  	80.886716 
2445.408157  	80.744643 
2445.765463  	80.799059 
2446.122770  	80.691347 
2446.480077  	80.684236 
2446.837384  	80.726888 
2447.194691  	80.493876 
2447.551998  	80.429313 
2447.909305  	80.550879 
2448.266612  	80.850453 
2448.623918  	81.116756 
2448.981225  	80.780131 
2449.338532  	80.516794 
2449.695839  	80.748574 
2450.053146  	80.616156 
2450.410453  	80.254352 
2450.767760  	80.410756 
2451.125066  	80.548979 
2451.482373  	80.435860 
2451.839680  	80.536849 
2452.196987  	80.445224 
2452.554294  	80.311911 
2452.911601  	80.548820 
2453.268908  	80.474604 
2453.626214  	80.275035 
2453.983521  	80.433015 
2454.340828  	80.334717 
2454.698135  	80.031085 
2455.055442  	80.151469 
2455.412749  	80.431933 
2455.770056  	80.536585 
2456.127362  	80.548492 
2456.484669  	80.358360 
2456.841976  	80.085808 
2457.199283  	80.028126 
2457.556590  	80.176179 
2457.913897  	80.292908 
2458.271204  	80.138452 
2458.628510  	80.171652 
2458.985817  	80.567036 
2459.343124  	80.495271 
2459.700431  	80.055289 
2460.057738  	79.905657 
2460.415045  	79.976031 
2460.772352  	80.188719 
2461.129659  	80.371132 
2461.486965  	80.353713 
2461.844272  	80.237314 
2462.201579  	80.021340 
2462.558886  	79.947192 
2462.916193  	79.913037 
2463.273500  	79.568143 
2463.630807  	79.313213 
2463.988113  	79.480169 
2464.345420  	79.820665 
2464.702727  	79.755245 
2465.060034  	79.313346 
2465.417341  	79.326602 
2465.774648  	79.627413 
2466.131955  	79.744631 
2466.489261  	79.774119 
2466.846568  	79.565118 
2467.203875  	79.414264 
2467.561182  	79.647307 
2467.918489  	79.938600 
2468.275796  	79.806263 
2468.633103  	79.321755 
2468.990409  	79.135126 
2469.347716  	79.093735 
2469.705023  	79.009304 
2470.062330  	79.089876 
2470.419637  	79.203498 
2470.776944  	79.595209 
2471.134251  	80.052720 
2471.491557  	79.906507 
2471.848864  	79.379484 
2472.206171  	79.219230 
2472.563478  	79.307053 
2472.920785  	79.033066 
2473.278092  	79.075060 
2473.635399  	79.310962 
2473.992706  	79.184139 
2474.350012  	79.442674 
2474.707319  	79.357910 
2475.064626  	78.929142 
2475.421933  	78.977956 
2475.779240  	78.742458 
2476.136547  	78.785453 
2476.493854  	79.192531 
2476.851160  	79.138336 
2477.208467  	79.113012 
2477.565774  	79.239492 
2477.923081  	79.458956 
2478.280388  	79.310512 
2478.637695  	78.971653 
2478.995002  	79.166087 
2479.352308  	78.993178 
2479.709615  	78.807133 
2480.066922  	79.140976 
2480.424229  	79.007107 
2480.781536  	78.884963 
2481.138843  	78.942844 
2481.496150  	78.561094 
2481.853456  	78.320631 
2482.210763  	78.437940 
2482.568070  	78.571244 
2482.925377  	78.662216 
2483.282684  	78.463542 
2483.639991  	78.117192 
2483.997298  	78.349731 
2484.354604  	78.826737 
2484.711911  	78.681576 
2485.069218  	78.319255 
2485.426525  	78.286372 
2485.783832  	78.489387 
2486.141139  	78.604177 
2486.498446  	78.506091 
2486.855753  	78.636198 
2487.213059  	78.830634 
2487.570366  	78.572421 
2487.927673  	78.236870 
2488.284980  	78.268269 
2488.642287  	78.487181 
2488.999594  	78.570599 
2489.356901  	78.580481 
2489.714207  	78.519357 
2490.071514  	78.169209 
2490.428821  	77.935325 
2490.786128  	78.119667 
2491.143435  	78.229503 
2491.500742  	78.094112 
2491.858049  	78.032556 
2492.215355  	78.118882 
2492.572662  	78.035694 
2492.929969  	77.708839 
2493.287276  	77.818809 
2493.644583  	78.307913 
2494.001890  	78.348086 
2494.359197  	78.258559 
2494.716503  	78.084774 
2495.073810  	77.657816 
2495.431117  	77.994971 
2495.788424  	78.594120 
2496.145731  	78.369377 
2496.503038  	78.067682 
2496.860345  	77.817749 
2497.217651  	77.435984 
2497.574958  	77.565266 
2497.932265  	78.078703 
2498.289572  	78.240631 
2498.646879  	77.955274 
2499.004186  	77.710652 
2499.361493  	77.587508 
2499.718800  	77.470471 
2500.076106  	77.505404 
2500.433413  	77.534452 
2500.790720  	77.490634 
2501.148027  	77.521549 
2501.505334  	77.470338 
2501.862641  	77.199621 
2502.219948  	77.120026 
2502.577254  	77.324839 
2502.934561  	77.201008 
2503.291868  	77.089871 
2503.649175  	77.261625 
2504.006482  	77.252045 
2504.363789  	77.257310 
2504.721096  	76.925246 
2505.078402  	76.504515 
2505.435709  	76.882572 
2505.793016  	77.018006 
2506.150323  	76.397714 
2506.507630  	76.034993 
2506.864937  	76.336886 
2507.222244  	76.720121 
2507.579550  	76.547467 
2507.936857  	76.349437 
2508.294164  	76.508997 
2508.651471  	76.743718 
2509.008778  	76.817690 
2509.366085  	76.456895 
2509.723392  	76.181007 
2510.080698  	76.459811 
2510.438005  	76.778968 
2510.795312  	76.551749 
2511.152619  	76.091441 
2511.509926  	76.184306 
2511.867233  	76.454523 
2512.224540  	76.323904 
2512.581846  	76.084679 
2512.939153  	76.017445 
2513.296460  	76.054296 
2513.653767  	75.986432 
2514.011074  	76.010123 
2514.368381  	76.009780 
2514.725688  	75.801407 
2515.082995  	75.835254 
2515.440301  	75.878363 
2515.797608  	75.651990 
2516.154915  	75.434056 
2516.512222  	75.376113 
2516.869529  	75.407138 
2517.226836  	75.290095 
2517.584143  	75.168462 
2517.941449  	75.049158 
2518.298756  	75.082613 
2518.656063  	75.410801 
2519.013370  	75.375457 
2519.370677  	75.284430 
2519.727984  	75.356441 
2520.085291  	74.924079 
2520.442597  	74.527352 
2520.799904  	74.557898 
2521.157211  	74.639013 
2521.514518  	74.718659 
2521.871825  	74.764124 
2522.229132  	74.958353 
2522.586439  	74.951443 
2522.943745  	74.307547 
2523.301052  	74.201076 
2523.658359  	74.955700 
2524.015666  	75.119667 
2524.372973  	74.583842 
2524.730280  	74.253073 
2525.087587  	74.362478 
2525.444893  	74.502565 
2525.802200  	74.245642 
2526.159507  	74.058832 
2526.516814  	74.248208 
2526.874121  	74.594834 
2527.231428  	74.585523 
2527.588735  	74.041299 
2527.946042  	74.123807 
2528.303348  	74.692535 
2528.660655  	74.635443 
2529.017962  	74.214687 
2529.375269  	73.864818 
2529.732576  	73.806510 
2530.089883  	73.847246 
2530.447190  	73.954324 
2530.804496  	74.114888 
2531.161803  	73.941019 
2531.519110  	73.899493 
2531.876417  	74.017550 
2532.233724  	74.142597 
2532.591031  	74.097018 
2532.948338  	73.618015 
2533.305644  	73.728786 
2533.662951  	74.078842 
2534.020258  	73.925209 
2534.377565  	73.870502 
2534.734872  	73.701395 
2535.092179  	73.452380 
2535.449486  	73.405203 
2535.806792  	73.553211 
2536.164099  	73.841885 
2536.521406  	73.994863 
2536.878713  	74.057769 
2537.236020  	73.971500 
2537.593327  	73.889221 
2537.950634  	73.683428 
2538.307940  	73.520804 
2538.665247  	73.849015 
2539.022554  	73.654144 
2539.379861  	73.316852 
2539.737168  	73.757440 
2540.094475  	74.095148 
2540.451782  	74.137389 
2540.809089  	74.219215 
2541.166395  	74.433733 
2541.523702  	74.398491 
2541.881009  	74.110502 
2542.238316  	74.126769 
2542.595623  	73.873473 
2542.952930  	73.780306 
2543.310237  	74.459632 
2543.667543  	74.711562 
2544.024850  	74.510048 
2544.382157  	74.632630 
2544.739464  	74.529585 
2545.096771  	73.965358 
2545.454078  	73.843734 
2545.811385  	74.295349 
2546.168691  	74.625406 
2546.525998  	74.667827 
2546.883305  	74.837855 
2547.240612  	75.127204 
2547.597919  	74.712404 
2547.955226  	74.338002 
2548.312533  	74.776585 
2548.669839  	74.572067 
2549.027146  	74.233638 
2549.384453  	74.660694 
2549.741760  	74.456514 
2550.099067  	73.820479 
2550.456374  	73.832390 
2550.813681  	74.181903 
2551.170987  	74.394628 
2551.528294  	74.303424 
2551.885601  	74.245555 
2552.242908  	74.562294 
2552.600215  	74.577085 
2552.957522  	74.245605 
2553.314829  	74.336494 
2553.672136  	74.343938 
2554.029442  	74.049999 
2554.386749  	73.882394 
2554.744056  	74.001858 
2555.101363  	74.441077 
2555.458670  	74.264964 
2555.815977  	73.868674 
2556.173284  	74.018494 
2556.530590  	73.951398 
2556.887897  	73.977547 
2557.245204  	74.016734 
2557.602511  	73.782890 
2557.959818  	73.775472 
2558.317125  	73.731130 
2558.674432  	73.845158 
2559.031738  	74.060023 
2559.389045  	73.925137 
2559.746352  	73.551769 
2560.103659  	73.362975 
2560.460966  	73.771391 
2560.818273  	74.070757 
2561.175580  	74.116606 
2561.532886  	74.052230 
2561.890193  	73.743487 
2562.247500  	73.899736 
2562.604807  	73.908705 
2562.962114  	73.462073 
2563.319421  	73.369541 
2563.676728  	73.451439 
2564.034034  	73.625232 
2564.391341  	73.775611 
2564.748648  	73.968156 
2565.105955  	74.120316 
2565.463262  	73.907980 
2565.820569  	73.862520 
2566.177876  	73.834671 
2566.535183  	73.786003 
2566.892489  	74.023060 
2567.249796  	74.063621 
2567.607103  	73.878047 
2567.964410  	73.670485 
2568.321717  	73.703417 
2568.679024  	73.926804 
2569.036331  	73.989936 
2569.393637  	74.191795 
2569.750944  	74.249532 
2570.108251  	74.029151 
2570.465558  	74.146256 
2570.822865  	74.192854 
2571.180172  	74.013509 
2571.537479  	74.219978 
2571.894785  	74.281655 
2572.252092  	73.795782 
2572.609399  	73.617919 
2572.966706  	73.776200 
2573.324013  	73.726103 
2573.681320  	73.703984 
2574.038627  	73.664383 
2574.395933  	73.514356 
2574.753240  	73.585886 
2575.110547  	73.737885 
2575.467854  	73.787327 
2575.825161  	73.817028 
2576.182468  	73.766733 
2576.539775  	73.660552 
2576.897081  	73.737952 
2577.254388  	73.942871 
2577.611695  	73.864670 
2577.969002  	73.809345 
2578.326309  	73.793064 
2578.683616  	73.135491 
2579.040923  	73.062564 
2579.398230  	73.869561 
2579.755536  	73.749963 
2580.112843  	73.680665 
2580.470150  	74.170412 
2580.827457  	73.791594 
2581.184764  	73.493996 
2581.542071  	73.517721 
2581.899378  	73.139636 
2582.256684  	73.104892 
2582.613991  	73.398483 
2582.971298  	73.489976 
2583.328605  	73.239447 
2583.685912  	73.069525 
2584.043219  	73.408547 
2584.400526  	73.527078 
2584.757832  	73.237853 
2585.115139  	73.166250 
2585.472446  	73.200392 
2585.829753  	73.033675 
2586.187060  	72.997714 
2586.544367  	73.177628 
2586.901674  	72.927615 
2587.258980  	72.539904 
2587.616287  	72.726510 
2587.973594  	72.934911 
2588.330901  	72.726910 
2588.688208  	72.581149 
2589.045515  	72.645255 
2589.402822  	72.563708 
2589.760128  	72.358093 
2590.117435  	72.334827 
2590.474742  	72.583913 
2590.832049  	72.823738 
2591.189356  	72.611185 
2591.546663  	72.297784 
2591.903970  	72.423163 
2592.261276  	72.624589 
2592.618583  	72.693283 
2592.975890  	72.801426 
2593.333197  	72.629285 
2593.690504  	72.263514 
2594.047811  	72.309890 
2594.405118  	72.480288 
2594.762425  	72.489396 
2595.119731  	72.568434 
2595.477038  	72.526515 
2595.834345  	72.518579 
2596.191652  	72.685657 
2596.548959  	72.702747 
2596.906266  	72.579161 
2597.263573  	72.495124 
2597.620879  	72.651319 
2597.978186  	72.765643 
2598.335493  	72.560590 
2598.692800  	72.496349 
2599.050107  	72.726307 
2599.407414  	72.848164 
2599.764721  	72.772275 
2600.122027  	72.769738 
2600.479334  	72.548579 
2600.836641  	72.341485 
2601.193948  	72.872391 
2601.551255  	73.272275 
2601.908562  	73.278813 
2602.265869  	73.436560 
2602.623175  	73.294071 
2602.980482  	73.045962 
2603.337789  	72.987559 
2603.695096  	73.129605 
2604.052403  	73.379518 
2604.409710  	73.254120 
2604.767017  	73.214932 
2605.124323  	73.474325 
2605.481630  	73.374541 
2605.838937  	73.140725 
2606.196244  	73.280828 
2606.553551  	73.465436 
2606.910858  	73.461866 
2607.268165  	73.533271 
2607.625472  	73.491897 
2607.982778  	73.398488 
2608.340085  	73.485138 
2608.697392  	73.487151 
2609.054699  	73.562385 
2609.412006  	73.677115 
2609.769313  	73.703550 
2610.126620  	73.709713 
2610.483926  	73.368437 
2610.841233  	73.054578 
2611.198540  	73.299926 
2611.555847  	73.612840 
2611.913154  	73.596452 
2612.270461  	73.690751 
2612.627768  	73.861736 
2612.985074  	73.621844 
2613.342381  	73.615521 
2613.699688  	74.084774 
2614.056995  	74.275882 
2614.414302  	74.095543 
2614.771609  	73.894689 
2615.128916  	74.005081 
2615.486222  	74.087864 
2615.843529  	73.981506 
2616.200836  	74.273857 
2616.558143  	74.545415 
2616.915450  	74.523472 
2617.272757  	74.708172 
2617.630064  	74.815789 
2617.987370  	74.721034 
2618.344677  	74.729947 
2618.701984  	74.627265 
2619.059291  	74.430462 
2619.416598  	74.544262 
2619.773905  	74.829629 
2620.131212  	74.984262 
2620.488519  	74.956784 
2620.845825  	74.804429 
2621.203132  	74.649293 
2621.560439  	74.575320 
2621.917746  	74.807455 
2622.275053  	75.107523 
2622.632360  	75.139899 
2622.989667  	75.358707 
2623.346973  	75.802275 
2623.704280  	75.960617 
2624.061587  	75.737881 
2624.418894  	75.661684 
2624.776201  	75.887553 
2625.133508  	75.716508 
2625.490815  	75.497999 
2625.848121  	75.813443 
2626.205428  	76.089769 
2626.562735  	76.238193 
2626.920042  	76.317033 
2627.277349  	76.068219 
2627.634656  	75.876548 
2627.991963  	76.017622 
2628.349269  	76.225518 
2628.706576  	76.388673 
2629.063883  	76.325876 
2629.421190  	76.058430 
2629.778497  	76.087781 
2630.135804  	76.249024 
2630.493111  	76.296088 
2630.850417  	76.386463 
2631.207724  	76.383045 
2631.565031  	76.440730 
2631.922338  	76.511908 
2632.279645  	76.531970 
2632.636952  	76.697020 
2632.994259  	76.717092 
2633.351566  	76.770794 
2633.708872  	76.858373 
2634.066179  	76.668904 
2634.423486  	76.727126 
2634.780793  	77.010359 
2635.138100  	77.043202 
2635.495407  	77.096356 
2635.852714  	77.374109 
2636.210020  	77.301431 
2636.567327  	76.856285 
2636.924634  	76.900548 
2637.281941  	77.194005 
2637.639248  	77.118928 
2637.996555  	76.956184 
2638.353862  	76.922026 
2638.711168  	77.049005 
2639.068475  	77.281020 
2639.425782  	77.353377 
2639.783089  	77.106991 
2640.140396  	77.029654 
2640.497703  	77.338187 
2640.855010  	77.302539 
2641.212316  	77.104552 
2641.569623  	77.215462 
2641.926930  	77.226980 
2642.284237  	77.251164 
2642.641544  	77.426298 
2642.998851  	77.371233 
2643.356158  	77.156536 
2643.713464  	77.118812 
2644.070771  	77.244947 
2644.428078  	77.394439 
2644.785385  	77.467774 
2645.142692  	77.298586 
2645.499999  	77.035238 
2645.857306  	76.903806 
2646.214613  	76.829815 
2646.571919  	76.834212 
2646.929226  	76.979935 
2647.286533  	77.205346 
2647.643840  	77.411409 
2648.001147  	77.442243 
2648.358454  	77.231237 
2648.715761  	77.059438 
2649.073067  	77.145817 
2649.430374  	77.241393 
2649.787681  	77.144560 
2650.144988  	76.981883 
2650.502295  	77.029362 
2650.859602  	77.153566 
2651.216909  	77.064629 
2651.574215  	77.003286 
2651.931522  	77.089822 
2652.288829  	77.271742 
2652.646136  	77.312537 
2653.003443  	77.092774 
2653.360750  	77.003067 
2653.718057  	76.914813 
2654.075363  	76.979039 
2654.432670  	77.293455 
2654.789977  	77.222856 
2655.147284  	77.168187 
2655.504591  	77.292058 
2655.861898  	77.205953 
2656.219205  	77.133285 
2656.576511  	77.038349 
2656.933818  	77.097734 
2657.291125  	77.210233 
2657.648432  	77.061145 
2658.005739  	77.097649 
2658.363046  	77.192690 
2658.720353  	77.050121 
2659.077660  	76.961647 
2659.434966  	77.010252 
2659.792273  	77.116253 
2660.149580  	77.200912 
2660.506887  	77.295619 
2660.864194  	77.339330 
2661.221501  	77.168271 
2661.578808  	77.049308 
2661.936114  	77.138387 
2662.293421  	77.149304 
2662.650728  	77.074121 
2663.008035  	77.076569 
2663.365342  	77.115205 
2663.722649  	77.077925 
2664.079956  	76.948962 
2664.437262  	76.923123 
2664.794569  	76.926440 
2665.151876  	76.900595 
2665.509183  	77.052052 
2665.866490  	77.068618 
2666.223797  	76.881928 
2666.581104  	76.785028 
2666.938410  	76.820911 
2667.295717  	77.042747 
2667.653024  	77.050688 
2668.010331  	76.830052 
2668.367638  	76.860025 
2668.724945  	76.965582 
2669.082252  	77.013312 
2669.439558  	77.021127 
2669.796865  	76.928470 
2670.154172  	76.739785 
2670.511479  	76.589691 
2670.868786  	76.692064 
2671.226093  	76.844064 
2671.583400  	76.899304 
2671.940706  	76.891312 
2672.298013  	76.901530 
2672.655320  	76.917791 
2673.012627  	76.740716 
2673.369934  	76.794137 
2673.727241  	76.964428 
2674.084548  	76.693464 
2674.441855  	76.573678 
2674.799161  	76.776096 
2675.156468  	76.749711 
2675.513775  	76.592527 
2675.871082  	76.681000 
2676.228389  	76.868779 
2676.585696  	76.859221 
2676.943003  	76.832765 
2677.300309  	76.823237 
2677.657616  	76.777662 
2678.014923  	76.821746 
2678.372230  	76.898720 
2678.729537  	76.928926 
2679.086844  	76.856274 
2679.444151  	76.833466 
2679.801457  	76.879171 
2680.158764  	76.884559 
2680.516071  	76.959553 
2680.873378  	76.881035 
2681.230685  	76.656461 
2681.587992  	76.673286 
2681.945299  	76.879719 
2682.302605  	76.932578 
2682.659912  	76.790018 
2683.017219  	76.755733 
2683.374526  	76.753994 
2683.731833  	76.780673 
2684.089140  	76.911818 
2684.446447  	76.733487 
2684.803753  	76.475677 
2685.161060  	76.529060 
2685.518367  	76.579388 
2685.875674  	76.524523 
2686.232981  	76.519541 
2686.590288  	76.508496 
2686.947595  	76.401711 
2687.304902  	76.350547 
2687.662208  	76.402669 
2688.019515  	76.417948 
2688.376822  	76.412614 
2688.734129  	76.463859 
2689.091436  	76.501177 
2689.448743  	76.331798 
2689.806050  	76.210664 
2690.163356  	76.328825 
2690.520663  	76.335814 
2690.877970  	76.298946 
2691.235277  	76.337611 
2691.592584  	76.309098 
2691.949891  	76.208366 
2692.307198  	76.058552 
2692.664504  	75.996267 
2693.021811  	76.023261 
2693.379118  	76.052453 
2693.736425  	76.088819 
2694.093732  	76.183755 
2694.451039  	76.289003 
2694.808346  	76.149051 
2695.165652  	75.923448 
2695.522959  	75.876370 
2695.880266  	75.897902 
2696.237573  	75.890291 
2696.594880  	75.917971 
2696.952187  	76.085162 
2697.309494  	76.084872 
2697.666800  	75.846035 
2698.024107  	75.803445 
2698.381414  	75.988624 
2698.738721  	76.103401 
2699.096028  	76.011515 
2699.453335  	76.017816 
2699.810642  	75.984634 
2700.167949  	75.643869 
2700.525255  	75.664452 
2700.882562  	75.967740 
2701.239869  	76.027576 
2701.597176  	76.022531 
2701.954483  	75.928819 
2702.311790  	75.940267 
2702.669097  	76.095152 
2703.026403  	75.942075 
2703.383710  	75.706695 
2703.741017  	75.757063 
2704.098324  	75.831118 
2704.455631  	75.707954 
2704.812938  	75.624972 
2705.170245  	75.698767 
2705.527551  	75.723302 
2705.884858  	75.629255 
2706.242165  	75.571123 
2706.599472  	75.659343 
2706.956779  	75.807315 
2707.314086  	75.855987 
2707.671393  	75.740625 
2708.028699  	75.704175 
2708.386006  	75.784550 
2708.743313  	75.741578 
2709.100620  	75.779205 
2709.457927  	75.800684 
2709.815234  	75.749640 
2710.172541  	75.881864 
2710.529847  	75.785011 
2710.887154  	75.650747 
2711.244461  	75.816313 
2711.601768  	75.829265 
2711.959075  	75.756224 
2712.316382  	75.715804 
2712.673689  	75.693387 
2713.030996  	75.736215 
2713.388302  	75.712939 
2713.745609  	75.666051 
2714.102916  	75.563877 
2714.460223  	75.613135 
2714.817530  	75.857773 
2715.174837  	75.950428 
2715.532144  	75.977500 
2715.889450  	75.851291 
2716.246757  	75.625148 
2716.604064  	75.569977 
2716.961371  	75.516009 
2717.318678  	75.568756 
2717.675985  	75.690960 
2718.033292  	75.641036 
2718.390598  	75.585407 
2718.747905  	75.624555 
2719.105212  	75.718124 
2719.462519  	75.660347 
2719.819826  	75.531463 
2720.177133  	75.663049 
2720.534440  	75.811963 
2720.891746  	75.819798 
2721.249053  	75.786523 
2721.606360  	75.749779 
2721.963667  	75.851237 
2722.320974  	75.924540 
2722.678281  	75.862782 
2723.035588  	75.787492 
2723.392894  	75.729650 
2723.750201  	75.816054 
2724.107508  	75.847962 
2724.464815  	75.772116 
2724.822122  	75.844471 
2725.179429  	75.779659 
2725.536736  	75.682330 
2725.894043  	75.824153 
2726.251349  	75.782796 
2726.608656  	75.659580 
2726.965963  	75.686782 
2727.323270  	75.592014 
2727.680577  	75.577037 
2728.037884  	75.773477 
2728.395191  	75.779282 
2728.752497  	75.627191 
2729.109804  	75.650773 
2729.467111  	75.800544 
2729.824418  	75.922537 
2730.181725  	75.995497 
2730.539032  	76.084866 
2730.896339  	76.168917 
2731.253645  	76.055444 
2731.610952  	75.933784 
2731.968259  	76.057174 
2732.325566  	76.193898 
2732.682873  	76.228085 
2733.040180  	76.259789 
2733.397487  	76.308519 
2733.754793  	76.260771 
2734.112100  	76.219983 
2734.469407  	76.389980 
2734.826714  	76.371527 
2735.184021  	76.205435 
2735.541328  	76.345011 
2735.898635  	76.519442 
2736.255941  	76.564642 
2736.613248  	76.414439 
2736.970555  	76.203892 
2737.327862  	76.272712 
2737.685169  	76.279794 
2738.042476  	76.306665 
2738.399783  	76.539061 
2738.757090  	76.595584 
2739.114396  	76.620987 
2739.471703  	76.616480 
2739.829010  	76.488281 
2740.186317  	76.502906 
2740.543624  	76.511930 
2740.900931  	76.438795 
2741.258238  	76.477708 
2741.615544  	76.568577 
2741.972851  	76.569061 
2742.330158  	76.499331 
2742.687465  	76.426557 
2743.044772  	76.439578 
2743.402079  	76.573799 
2743.759386  	76.586526 
2744.116692  	76.458607 
2744.473999  	76.371009 
2744.831306  	76.345698 
2745.188613  	76.467210 
2745.545920  	76.543287 
2745.903227  	76.507784 
2746.260534  	76.563156 
2746.617840  	76.568996 
2746.975147  	76.523514 
2747.332454  	76.539123 
2747.689761  	76.607810 
2748.047068  	76.678231 
2748.404375  	76.663709 
2748.761682  	76.626318 
2749.118988  	76.558032 
2749.476295  	76.584181 
2749.833602  	76.707047 
2750.190909  	76.610226 
2750.548216  	76.536450 
2750.905523  	76.708207 
2751.262830  	76.644237 
2751.620136  	76.233284 
2751.977443  	76.051886 
2752.334750  	76.194147 
2752.692057  	76.351603 
2753.049364  	76.506007 
2753.406671  	76.409431 
2753.763978  	76.145894 
2754.121285  	76.153489 
2754.478591  	76.212532 
2754.835898  	76.079422 
2755.193205  	75.906684 
2755.550512  	76.024922 
2755.907819  	76.309867 
2756.265126  	76.337855 
2756.622433  	76.289383 
2756.979739  	76.174492 
2757.337046  	76.027728 
2757.694353  	76.116124 
2758.051660  	76.215727 
2758.408967  	76.241212 
2758.766274  	76.246344 
2759.123581  	76.206952 
2759.480887  	76.119827 
2759.838194  	76.128440 
2760.195501  	76.335763 
2760.552808  	76.348758 
2760.910115  	76.216843 
2761.267422  	76.112783 
2761.624729  	75.922743 
2761.982035  	75.858360 
2762.339342  	75.860025 
2762.696649  	75.932245 
2763.053956  	76.059419 
2763.411263  	75.996400 
2763.768570  	75.906114 
2764.125877  	75.907789 
2764.483183  	76.029236 
2764.840490  	76.094756 
2765.197797  	76.017023 
2765.555104  	75.926216 
2765.912411  	75.732911 
2766.269718  	75.695013 
2766.627025  	75.634561 
2766.984332  	75.360861 
2767.341638  	75.431479 
2767.698945  	75.644622 
2768.056252  	75.693823 
2768.413559  	75.684284 
2768.770866  	75.572525 
2769.128173  	75.417226 
2769.485480  	75.293059 
2769.842786  	75.362509 
2770.200093  	75.445511 
2770.557400  	75.469961 
2770.914707  	75.613968 
2771.272014  	75.532955 
2771.629321  	75.392972 
2771.986628  	75.442387 
2772.343934  	75.379306 
2772.701241  	75.279305 
2773.058548  	75.219290 
2773.415855  	75.282934 
2773.773162  	75.413748 
2774.130469  	75.264221 
2774.487776  	75.116126 
2774.845082  	75.148652 
2775.202389  	75.098002 
2775.559696  	75.163322 
2775.917003  	75.306144 
2776.274310  	75.218766 
2776.631617  	75.146739 
2776.988924  	75.100345 
2777.346230  	74.957672 
2777.703537  	74.952916 
2778.060844  	74.912744 
2778.418151  	74.783053 
2778.775458  	74.727197 
2779.132765  	74.560359 
2779.490072  	74.498662 
2779.847379  	74.602177 
2780.204685  	74.523890 
2780.561992  	74.535414 
2780.919299  	74.786423 
2781.276606  	74.915413 
2781.633913  	74.746649 
2781.991220  	74.455314 
2782.348527  	74.377920 
2782.705833  	74.357871 
2783.063140  	74.266936 
2783.420447  	74.336511 
2783.777754  	74.312193 
2784.135061  	74.296113 
2784.492368  	74.542155 
2784.849675  	74.497423 
2785.206981  	74.191142 
2785.564288  	74.095611 
2785.921595  	74.089325 
2786.278902  	73.988094 
2786.636209  	73.934479 
2786.993516  	74.126207 
2787.350823  	74.254377 
2787.708129  	74.201360 
2788.065436  	74.290421 
2788.422743  	74.361924 
2788.780050  	74.259217 
2789.137357  	74.121521 
2789.494664  	74.089820 
2789.851971  	74.121069 
2790.209277  	74.055774 
2790.566584  	74.008629 
2790.923891  	73.924221 
2791.281198  	73.836630 
2791.638505  	73.971886 
2791.995812  	74.090317 
2792.353119  	74.121908 
2792.710426  	74.214029 
2793.067732  	74.155926 
2793.425039  	73.912829 
2793.782346  	73.838603 
2794.139653  	73.818001 
2794.496960  	73.715850 
2794.854267  	74.010730 
2795.211574  	74.377852 
2795.568880  	74.310732 
2795.926187  	74.164801 
2796.283494  	74.097215 
2796.640801  	74.110218 
2796.998108  	74.048599 
2797.355415  	74.022826 
2797.712722  	74.233294 
2798.070028  	74.167271 
2798.427335  	73.994982 
2798.784642  	74.101111 
2799.141949  	74.228439 
2799.499256  	74.302021 
2799.856563  	74.216106 
2800.213870  	74.031314 
2800.571176  	73.908301 
2800.928483  	73.880393 
2801.285790  	73.959079 
2801.643097  	73.965977 
2802.000404  	73.871358 
2802.357711  	73.726924 
2802.715018  	73.710508 
2803.072324  	73.833921 
2803.429631  	73.717378 
2803.786938  	73.511138 
2804.144245  	73.607265 
2804.501552  	73.833352 
2804.858859  	73.771017 
2805.216166  	73.614389 
2805.573473  	73.663180 
2805.930779  	73.572906 
2806.288086  	73.458477 
2806.645393  	73.445388 
2807.002700  	73.259977 
2807.360007  	73.224719 
2807.717314  	73.329796 
2808.074621  	73.264440 
2808.431927  	73.265053 
2808.789234  	73.380352 
2809.146541  	73.380040 
2809.503848  	73.269299 
2809.861155  	73.228412 
2810.218462  	73.268816 
2810.575769  	73.233964 
2810.933075  	73.126840 
2811.290382  	73.126282 
2811.647689  	73.198866 
2812.004996  	73.150365 
2812.362303  	73.030631 
2812.719610  	72.907046 
2813.076917  	72.801138 
2813.434223  	72.805043 
2813.791530  	72.866834 
2814.148837  	72.847416 
2814.506144  	72.782342 
2814.863451  	72.825068 
2815.220758  	72.884292 
2815.578065  	72.896830 
2815.935371  	72.835031 
2816.292678  	72.630591 
2816.649985  	72.546946 
2817.007292  	72.522704 
2817.364599  	72.528234 
2817.721906  	72.750545 
2818.079213  	72.802318 
2818.436520  	72.701200 
2818.793826  	72.636511 
2819.151133  	72.455847 
2819.508440  	72.294253 
2819.865747  	72.224353 
2820.223054  	72.398375 
2820.580361  	72.647660 
2820.937668  	72.486936 
2821.294974  	72.243421 
2821.652281  	72.260395 
2822.009588  	72.263217 
2822.366895  	72.229734 
2822.724202  	72.308599 
2823.081509  	72.234020 
2823.438816  	72.083382 
2823.796122  	72.128839 
2824.153429  	72.033925 
2824.510736  	71.907050 
2824.868043  	72.008091 
2825.225350  	72.126002 
2825.582657  	72.198169 
2825.939964  	72.115400 
2826.297270  	72.072595 
2826.654577  	72.162587 
2827.011884  	72.144466 
2827.369191  	72.166605 
2827.726498  	72.071896 
2828.083805  	71.834250 
2828.441112  	71.858203 
2828.798418  	71.966532 
2829.155725  	71.876424 
2829.513032  	71.730575 
2829.870339  	71.690068 
2830.227646  	71.672608 
2830.584953  	71.700223 
2830.942260  	71.858023 
2831.299567  	71.939269 
2831.656873  	71.883698 
2832.014180  	71.892540 
2832.371487  	72.030514 
2832.728794  	72.010348 
2833.086101  	71.800043 
2833.443408  	71.755644 
2833.800715  	71.747043 
2834.158021  	71.767982 
2834.515328  	71.873281 
2834.872635  	71.706337 
2835.229942  	71.592028 
2835.587249  	71.729495 
2835.944556  	71.679600 
2836.301863  	71.680075 
2836.659169  	71.867230 
2837.016476  	71.806047 
2837.373783  	71.713859 
2837.731090  	71.786286 
2838.088397  	71.670847 
2838.445704  	71.588613 
2838.803011  	71.686386 
2839.160317  	71.725596 
2839.517624  	71.851224 
2839.874931  	71.900793 
2840.232238  	71.798260 
2840.589545  	71.719279 
2840.946852  	71.481317 
2841.304159  	71.408753 
2841.661465  	71.601211 
2842.018772  	71.613709 
2842.376079  	71.575185 
2842.733386  	71.518254 
2843.090693  	71.455708 
2843.448000  	71.500582 
2843.805307  	71.414814 
2844.162613  	71.406220 
2844.519920  	71.549526 
2844.877227  	71.494811 
2845.234534  	71.449059 
2845.591841  	71.532841 
2845.949148  	71.540160 
2846.306455  	71.513902 
2846.663762  	71.616384 
2847.021068  	71.790714 
2847.378375  	71.754283 
2847.735682  	71.595002 
2848.092989  	71.454496 
2848.450296  	71.312849 
2848.807603  	71.354405 
2849.164910  	71.325037 
2849.522216  	71.163288 
2849.879523  	71.226082 
2850.236830  	71.317744 
2850.594137  	71.355684 
2850.951444  	71.347125 
2851.308751  	71.324762 
2851.666058  	71.488009 
2852.023364  	71.464459 
2852.380671  	71.203415 
2852.737978  	71.019646 
2853.095285  	70.916997 
2853.452592  	71.091700 
2853.809899  	71.383236 
2854.167206  	71.421183 
2854.524512  	71.365403 
2854.881819  	71.427793 
2855.239126  	71.501110 
2855.596433  	71.396221 
2855.953740  	71.301022 
2856.311047  	71.320908 
2856.668354  	71.346599 
2857.025660  	71.456181 
2857.382967  	71.432961 
2857.740274  	71.369475 
2858.097581  	71.583870 
2858.454888  	71.624170 
2858.812195  	71.490906 
2859.169502  	71.562187 
2859.526809  	71.562816 
2859.884115  	71.530939 
2860.241422  	71.599173 
2860.598729  	71.489554 
2860.956036  	71.376387 
2861.313343  	71.564709 
2861.670650  	71.822631 
2862.027957  	71.879896 
2862.385263  	71.838600 
2862.742570  	71.792857 
2863.099877  	71.756778 
2863.457184  	71.883511 
2863.814491  	72.073627 
2864.171798  	72.093183 
2864.529105  	71.981120 
2864.886411  	71.877573 
2865.243718  	71.920084 
2865.601025  	72.000535 
2865.958332  	72.027475 
2866.315639  	72.110202 
2866.672946  	72.125017 
2867.030253  	72.169782 
2867.387559  	72.361874 
2867.744866  	72.294233 
2868.102173  	72.107567 
2868.459480  	72.312572 
2868.816787  	72.609907 
2869.174094  	72.653369 
2869.531401  	72.580187 
2869.888707  	72.398942 
2870.246014  	72.310523 
2870.603321  	72.499784 
2870.960628  	72.709525 
2871.317935  	72.899814 
2871.675242  	72.955491 
2872.032549  	72.802348 
2872.389856  	72.823646 
2872.747162  	72.963831 
2873.104469  	73.020609 
2873.461776  	73.097283 
2873.819083  	73.176822 
2874.176390  	73.176011 
2874.533697  	73.056245 
2874.891004  	72.932531 
2875.248310  	72.854499 
2875.605617  	72.948884 
2875.962924  	73.289148 
2876.320231  	73.418646 
2876.677538  	73.282612 
2877.034845  	73.202882 
2877.392152  	73.336968 
2877.749458  	73.733437 
2878.106765  	73.924902 
2878.464072  	73.790084 
2878.821379  	73.694577 
2879.178686  	73.683475 
2879.535993  	73.769924 
2879.893300  	73.787477 
2880.250606  	73.642063 
2880.607913  	73.571055 
2880.965220  	73.643521 
2881.322527  	73.712690 
2881.679834  	73.697410 
2882.037141  	73.864683 
2882.394448  	74.136096 
2882.751754  	74.068549 
2883.109061  	73.909778 
2883.466368  	74.002196 
2883.823675  	74.152144 
2884.180982  	74.197898 
2884.538289  	74.212396 
2884.895596  	74.164057 
2885.252903  	74.061679 
2885.610209  	74.136954 
2885.967516  	74.360957 
2886.324823  	74.612317 
2886.682130  	74.651433 
2887.039437  	74.352916 
2887.396744  	74.254922 
2887.754051  	74.373807 
2888.111357  	74.445584 
2888.468664  	74.517793 
2888.825971  	74.393955 
2889.183278  	74.416330 
2889.540585  	74.619325 
2889.897892  	74.510016 
2890.255199  	74.475342 
2890.612505  	74.633730 
2890.969812  	74.658524 
2891.327119  	74.728062 
2891.684426  	74.869442 
2892.041733  	74.786544 
2892.399040  	74.663650 
2892.756347  	74.837864 
2893.113653  	74.950715 
2893.470960  	74.990941 
2893.828267  	75.184370 
2894.185574  	75.184396 
2894.542881  	75.138383 
2894.900188  	75.085136 
2895.257495  	74.867294 
2895.614801  	74.911834 
2895.972108  	75.172575 
2896.329415  	75.295952 
2896.686722  	75.259210 
2897.044029  	75.220591 
2897.401336  	75.248878 
2897.758643  	75.252999 
2898.115950  	75.299323 
2898.473256  	75.288286 
2898.830563  	75.229443 
2899.187870  	75.300736 
2899.545177  	75.353152 
2899.902484  	75.288877 
2900.259791  	75.234193 
2900.617098  	75.429152 
2900.974404  	75.546013 
2901.331711  	75.303985 
2901.689018  	75.254607 
2902.046325  	75.318329 
2902.403632  	75.207988 
2902.760939  	75.149967 
2903.118246  	75.222175 
2903.475552  	75.437633 
2903.832859  	75.525636 
2904.190166  	75.431799 
2904.547473  	75.437002 
2904.904780  	75.397064 
2905.262087  	75.243166 
2905.619394  	75.242474 
2905.976700  	75.431310 
2906.334007  	75.595943 
2906.691314  	75.679537 
2907.048621  	75.633729 
2907.405928  	75.520808 
2907.763235  	75.512511 
2908.120542  	75.447389 
2908.477848  	75.336565 
2908.835155  	75.274321 
2909.192462  	75.232470 
2909.549769  	75.169456 
2909.907076  	75.011291 
2910.264383  	75.022852 
2910.621690  	75.076005 
2910.978997  	75.131956 
2911.336303  	75.376495 
2911.693610  	75.248769 
2912.050917  	74.993412 
2912.408224  	75.044981 
2912.765531  	75.090625 
2913.122838  	75.098024 
2913.480145  	74.918408 
2913.837451  	74.802222 
2914.194758  	74.902555 
2914.552065  	74.978908 
2914.909372  	75.238352 
2915.266679  	75.303716 
2915.623986  	75.127391 
2915.981293  	75.269236 
2916.338599  	75.385449 
2916.695906  	75.248658 
2917.053213  	75.196140 
2917.410520  	75.289614 
2917.767827  	75.272718 
2918.125134  	75.105255 
2918.482441  	74.995175 
2918.839747  	74.970101 
2919.197054  	74.962403 
2919.554361  	74.897203 
2919.911668  	74.908399 
2920.268975  	75.088514 
2920.626282  	75.265675 
2920.983589  	75.391703 
2921.340895  	75.324396 
2921.698202  	75.112922 
2922.055509  	75.126300 
2922.412816  	75.215986 
2922.770123  	75.024594 
2923.127430  	74.897327 
2923.484737  	75.125874 
2923.842043  	75.254917 
2924.199350  	75.198511 
2924.556657  	75.212210 
2924.913964  	75.280810 
2925.271271  	75.333176 
2925.628578  	75.209457 
2925.985885  	75.102908 
2926.343192  	75.146744 
2926.700498  	75.175729 
2927.057805  	75.355592 
2927.415112  	75.557672 
2927.772419  	75.461852 
2928.129726  	75.261333 
2928.487033  	75.298000 
2928.844340  	75.437097 
2929.201646  	75.384646 
2929.558953  	75.290673 
2929.916260  	75.258657 
2930.273567  	75.397433 
2930.630874  	75.619532 
2930.988181  	75.618304 
2931.345488  	75.682596 
2931.702794  	75.768823 
2932.060101  	75.591882 
2932.417408  	75.529849 
2932.774715  	75.739329 
2933.132022  	75.729632 
2933.489329  	75.413182 
2933.846636  	75.514081 
2934.203942  	75.771277 
2934.561249  	75.586175 
2934.918556  	75.537832 
2935.275863  	75.523136 
2935.633170  	75.363030 
2935.990477  	75.542944 
2936.347784  	75.707437 
2936.705090  	75.624780 
2937.062397  	75.620774 
2937.419704  	75.629980 
2937.777011  	75.553699 
2938.134318  	75.603337 
2938.491625  	75.695939 
2938.848932  	75.611561 
2939.206239  	75.576425 
2939.563545  	75.511131 
2939.920852  	75.342863 
2940.278159  	75.427543 
2940.635466  	75.596197 
2940.992773  	75.672718 
2941.350080  	75.778738 
2941.707387  	75.735628 
2942.064693  	75.504697 
2942.422000  	75.347592 
2942.779307  	75.321376 
2943.136614  	75.359986 
2943.493921  	75.456506 
2943.851228  	75.439143 
2944.208535  	75.312231 
2944.565841  	75.315465 
2944.923148  	75.348635 
2945.280455  	75.234157 
2945.637762  	75.246293 
2945.995069  	75.510848 
2946.352376  	75.559921 
2946.709683  	75.359696 
2947.066989  	75.214189 
2947.424296  	75.216906 
2947.781603  	75.553438 
2948.138910  	75.780476 
2948.496217  	75.574801 
2948.853524  	75.310792 
2949.210831  	75.125901 
2949.568137  	75.143969 
2949.925444  	75.195189 
2950.282751  	75.293551 
2950.640058  	75.477517 
2950.997365  	75.406045 
2951.354672  	75.552456 
2951.711979  	75.764663 
2952.069286  	75.567292 
2952.426592  	75.404271 
2952.783899  	75.275375 
2953.141206  	75.245639 
2953.498513  	75.233598 
2953.855820  	75.205818 
2954.213127  	75.395591 
2954.570434  	75.200658 
2954.927740  	74.963876 
2955.285047  	75.256239 
2955.642354  	75.483575 
2955.999661  	75.455567 
2956.356968  	75.240606 
2956.714275  	75.198511 
2957.071582  	75.372798 
2957.428888  	75.167596 
2957.786195  	74.921762 
2958.143502  	75.137734 
2958.500809  	75.492348 
2958.858116  	75.469838 
2959.215423  	75.205110 
2959.572730  	75.140820 
2959.930036  	75.094222 
2960.287343  	75.120169 
2960.644650  	75.268530 
2961.001957  	75.108382 
2961.359264  	74.921863 
2961.716571  	75.078711 
2962.073878  	75.259047 
2962.431184  	75.174320 
2962.788491  	74.944403 
2963.145798  	74.816874 
2963.503105  	74.783061 
2963.860412  	74.763405 
2964.217719  	74.724741 
2964.575026  	74.689231 
2964.932333  	74.711175 
2965.289639  	74.800201 
2965.646946  	75.024727 
2966.004253  	75.081268 
2966.361560  	74.807195 
2966.718867  	74.686552 
2967.076174  	74.724523 
2967.433481  	74.668428 
2967.790787  	74.630505 
2968.148094  	74.718570 
2968.505401  	74.900403 
2968.862708  	74.968126 
2969.220015  	74.944763 
2969.577322  	74.838183 
2969.934629  	74.615824 
2970.291935  	74.607596 
2970.649242  	74.667417 
2971.006549  	74.612501 
2971.363856  	74.638618 
2971.721163  	74.713146 
2972.078470  	74.852254 
2972.435777  	74.921423 
2972.793083  	74.886590 
2973.150390  	74.839292 
2973.507697  	74.686447 
2973.865004  	74.638701 
2974.222311  	74.634554 
2974.579618  	74.543878 
2974.936925  	74.491917 
2975.294231  	74.467505 
2975.651538  	74.642671 
2976.008845  	74.825080 
2976.366152  	74.815554 
2976.723459  	74.840312 
2977.080766  	74.809717 
2977.438073  	74.726524 
2977.795380  	74.677984 
2978.152686  	74.587841 
2978.509993  	74.518448 
2978.867300  	74.553328 
2979.224607  	74.474295 
2979.581914  	74.192519 
2979.939221  	74.242370 
2980.296528  	74.530549 
2980.653834  	74.573713 
2981.011141  	74.435803 
2981.368448  	74.115110 
2981.725755  	73.975856 
2982.083062  	74.063495 
2982.440369  	74.077531 
2982.797676  	74.295063 
2983.154982  	74.418996 
2983.512289  	74.224244 
2983.869596  	74.055998 
2984.226903  	74.032891 
2984.584210  	74.194731 
2984.941517  	74.287608 
2985.298824  	74.302855 
2985.656130  	74.382894 
2986.013437  	74.386895 
2986.370744  	74.356630 
2986.728051  	74.308271 
2987.085358  	74.358530 
2987.442665  	74.456932 
2987.799972  	74.489521 
2988.157278  	74.590756 
2988.514585  	74.397193 
2988.871892  	73.987566 
2989.229199  	73.904847 
2989.586506  	73.900278 
2989.943813  	73.848708 
2990.301120  	73.958922 
2990.658427  	74.009054 
2991.015733  	73.935540 
2991.373040  	73.997172 
2991.730347  	74.110271 
2992.087654  	74.188380 
2992.444961  	74.239726 
2992.802268  	74.134169 
2993.159575  	74.114431 
2993.516881  	74.137900 
2993.874188  	74.025868 
2994.231495  	74.182892 
2994.588802  	74.385685 
2994.946109  	74.227994 
2995.303416  	73.965268 
2995.660723  	73.826688 
2996.018029  	73.813730 
2996.375336  	73.765556 
2996.732643  	73.905842 
2997.089950  	74.113196 
2997.447257  	73.889707 
2997.804564  	73.784636 
2998.161871  	73.932845 
2998.519177  	73.954329 
2998.876484  	73.994586 
2999.233791  	73.906533 
2999.591098  	73.914837 
2999.948405  	74.078882 
3000.305712  	73.969375 
3000.663019  	73.889399 
3001.020325  	73.825968 
3001.377632  	73.752170 
3001.734939  	73.949235 
3002.092246  	73.999027 
3002.449553  	73.910087 
3002.806860  	73.960763 
3003.164167  	73.921701 
3003.521473  	73.816384 
3003.878780  	73.851865 
3004.236087  	74.044821 
3004.593394  	74.093551 
3004.950701  	73.909917 
3005.308008  	73.883057 
3005.665315  	73.966740 
3006.022622  	73.961591 
3006.379928  	74.020233 
3006.737235  	74.080439 
3007.094542  	74.026588 
3007.451849  	74.009566 
3007.809156  	73.925134 
3008.166463  	73.722753 
3008.523770  	73.864726 
3008.881076  	74.205716 
3009.238383  	74.239484 
3009.595690  	74.234597 
3009.952997  	74.357625 
3010.310304  	74.381526 
3010.667611  	74.229090 
3011.024918  	74.068484 
3011.382224  	74.200884 
3011.739531  	74.373451 
3012.096838  	74.242078 
3012.454145  	74.086589 
3012.811452  	74.108612 
3013.168759  	74.339016 
3013.526066  	74.598211 
3013.883372  	74.488590 
3014.240679  	74.342783 
3014.597986  	74.504437 
3014.955293  	74.498075 
3015.312600  	74.371442 
3015.669907  	74.412084 
3016.027214  	74.302779 
3016.384520  	74.167725 
3016.741827  	74.229308 
3017.099134  	74.435304 
3017.456441  	74.799730 
3017.813748  	74.858967 
3018.171055  	74.656917 
3018.528362  	74.730787 
3018.885669  	74.766192 
3019.242975  	74.705298 
3019.600282  	74.796864 
3019.957589  	74.798369 
3020.314896  	74.776442 
3020.672203  	74.773479 
3021.029510  	74.575687 
3021.386817  	74.483473 
3021.744123  	74.821230 
3022.101430  	75.156619 
3022.458737  	75.072023 
3022.816044  	75.027698 
3023.173351  	75.210629 
3023.530658  	75.138821 
3023.887965  	74.960607 
3024.245271  	74.982644 
3024.602578  	75.050172 
3024.959885  	75.139219 
3025.317192  	75.197462 
3025.674499  	75.213502 
3026.031806  	75.329116 
3026.389113  	75.336428 
3026.746419  	75.187996 
3027.103726  	75.222380 
3027.461033  	75.330132 
3027.818340  	75.401254 
3028.175647  	75.595387 
3028.532954  	75.658837 
3028.890261  	75.608013 
3029.247567  	75.599165 
3029.604874  	75.463568 
3029.962181  	75.596389 
3030.319488  	75.915406 
3030.676795  	75.754342 
3031.034102  	75.447938 
3031.391409  	75.361138 
3031.748716  	75.455518 
3032.106022  	75.654743 
3032.463329  	75.707648 
3032.820636  	75.853786 
3033.177943  	76.029529 
3033.535250  	75.818445 
3033.892557  	75.707197 
3034.249864  	75.897100 
3034.607170  	75.934380 
3034.964477  	76.042732 
3035.321784  	76.250208 
3035.679091  	76.082580 
3036.036398  	75.930204 
3036.393705  	76.128217 
3036.751012  	76.196378 
3037.108318  	76.022659 
3037.465625  	75.902304 
3037.822932  	75.967411 
3038.180239  	76.001810 
3038.537546  	76.016805 
3038.894853  	76.214245 
3039.252160  	76.142531 
3039.609466  	75.976164 
3039.966773  	76.232292 
3040.324080  	76.318014 
3040.681387  	76.079860 
3041.038694  	75.938504 
3041.396001  	75.879993 
3041.753308  	75.833765 
3042.110614  	75.858330 
3042.467921  	76.039022 
3042.825228  	76.038082 
3043.182535  	75.847055 
3043.539842  	76.006305 
3043.897149  	76.196033 
3044.254456  	76.044706 
3044.611763  	75.988932 
3044.969069  	76.127848 
3045.326376  	76.154428 
3045.683683  	76.195736 
3046.040990  	76.351600 
3046.398297  	76.219164 
3046.755604  	76.028228 
3047.112911  	76.225048 
3047.470217  	76.356148 
3047.827524  	76.285008 
3048.184831  	76.288038 
3048.542138  	76.225650 
3048.899445  	76.126117 
3049.256752  	76.152997 
3049.614059  	76.209135 
3049.971365  	76.150400 
3050.328672  	76.152175 
3050.685979  	76.376422 
3051.043286  	76.350754 
3051.400593  	76.074137 
3051.757900  	76.113656 
3052.115207  	76.201449 
3052.472513  	76.306243 
3052.829820  	76.592156 
3053.187127  	76.349511 
3053.544434  	75.930104 
3053.901741  	76.162258 
3054.259048  	76.426652 
3054.616355  	76.386077 
3054.973661  	76.420781 
3055.330968  	76.417109 
3055.688275  	76.327109 
3056.045582  	76.394519 
3056.402889  	76.451235 
3056.760196  	76.268983 
3057.117503  	76.108872 
3057.474810  	76.121581 
3057.832116  	76.199753 
3058.189423  	76.212781 
3058.546730  	76.089651 
3058.904037  	76.114209 
3059.261344  	76.373179 
3059.618651  	76.478781 
3059.975958  	76.304590 
3060.333264  	76.251475 
3060.690571  	76.505371 
3061.047878  	76.568337 
3061.405185  	76.373308 
3061.762492  	76.349744 
3062.119799  	76.372044 
3062.477106  	76.257417 
3062.834412  	76.148584 
3063.191719  	76.217322 
3063.549026  	76.371575 
3063.906333  	76.318693 
3064.263640  	76.130881 
3064.620947  	75.966270 
3064.978254  	75.989356 
3065.335560  	76.340901 
3065.692867  	76.594385 
3066.050174  	76.531051 
3066.407481  	76.499103 
3066.764788  	76.596041 
3067.122095  	76.644353 
3067.479402  	76.561067 
3067.836708  	76.538473 
3068.194015  	76.764082 
3068.551322  	76.869891 
3068.908629  	76.667549 
3069.265936  	76.697499 
3069.623243  	77.034452 
3069.980550  	77.112757 
3070.337857  	77.032470 
3070.695163  	77.221419 
3071.052470  	77.399850 
3071.409777  	77.382551 
3071.767084  	77.393210 
3072.124391  	77.370150 
3072.481698  	77.465901 
3072.839005  	77.719111 
3073.196311  	77.616812 
3073.553618  	77.389992 
3073.910925  	77.488414 
3074.268232  	77.609037 
3074.625539  	77.721084 
3074.982846  	77.932081 
3075.340153  	77.971563 
3075.697459  	77.982607 
3076.054766  	78.071252 
3076.412073  	77.936739 
3076.769380  	77.998784 
3077.126687  	78.322906 
3077.483994  	78.299579 
3077.841301  	78.442536 
3078.198607  	78.703538 
3078.555914  	78.366816 
3078.913221  	78.159754 
3079.270528  	78.433043 
3079.627835  	78.646560 
3079.985142  	78.541310 
3080.342449  	78.210494 
3080.699755  	78.130541 
3081.057062  	78.185018 
3081.414369  	78.119739 
3081.771676  	78.307727 
3082.128983  	78.685330 
3082.486290  	78.744757 
3082.843597  	78.467522 
3083.200904  	78.489966 
3083.558210  	78.874696 
3083.915517  	78.960061 
3084.272824  	78.842439 
3084.630131  	78.886524 
3084.987438  	78.902494 
3085.344745  	78.770422 
3085.702052  	78.822648 
3086.059358  	79.291170 
3086.416665  	79.565795 
3086.773972  	79.325167 
3087.131279  	79.327812 
3087.488586  	79.565736 
3087.845893  	79.344102 
3088.203200  	78.998487 
3088.560506  	78.989086 
3088.917813  	79.250350 
3089.275120  	79.654882 
3089.632427  	79.682372 
3089.989734  	79.316190 
3090.347041  	79.234557 
3090.704348  	79.503366 
3091.061654  	79.755223 
3091.418961  	79.789849 
3091.776268  	79.782476 
3092.133575  	79.885937 
3092.490882  	79.946426 
3092.848189  	80.019290 
3093.205496  	79.967967 
3093.562802  	79.731134 
3093.920109  	79.779903 
3094.277416  	79.921273 
3094.634723  	79.735181 
3094.992030  	79.667076 
3095.349337  	79.854991 
3095.706644  	79.832356 
3096.063950  	79.695757 
3096.421257  	79.716642 
3096.778564  	79.812918 
3097.135871  	79.943013 
3097.493178  	80.062737 
3097.850485  	80.190523 
3098.207792  	80.284499 
3098.565099  	80.257292 
3098.922405  	80.233954 
3099.279712  	80.241730 
3099.637019  	80.285678 
3099.994326  	80.336005 
3100.351633  	80.321335 
3100.708940  	80.263082 
3101.066247  	80.156341 
3101.423553  	80.241499 
3101.780860  	80.469082 
3102.138167  	80.427310 
3102.495474  	80.220799 
3102.852781  	80.120903 
3103.210088  	80.161145 
3103.567395  	80.268402 
3103.924701  	80.408463 
3104.282008  	80.420210 
3104.639315  	80.213152 
3104.996622  	80.244118 
3105.353929  	80.527739 
3105.711236  	80.536457 
3106.068543  	80.389692 
3106.425849  	80.490273 
3106.783156  	80.662397 
3107.140463  	80.584070 
3107.497770  	80.443998 
3107.855077  	80.397335 
3108.212384  	80.421790 
3108.569691  	80.472849 
3108.926997  	80.486309 
3109.284304  	80.726764 
3109.641611  	80.984444 
3109.998918  	80.898282 
3110.356225  	80.746828 
3110.713532  	80.658998 
3111.070839  	80.788654 
3111.428146  	80.992273 
3111.785452  	80.886132 
3112.142759  	80.601301 
3112.500066  	80.357476 
3112.857373  	80.532850 
3113.214680  	80.843594 
3113.571987  	80.761124 
3113.929294  	80.722473 
3114.286600  	80.795105 
3114.643907  	80.985285 
3115.001214  	81.237755 
3115.358521  	80.998876 
3115.715828  	80.786429 
3116.073135  	80.846733 
3116.430442  	80.784436 
3116.787748  	81.006905 
3117.145055  	81.215013 
3117.502362  	80.972723 
3117.859669  	80.820104 
3118.216976  	80.787379 
3118.574283  	80.770312 
3118.931590  	81.003977 
3119.288896  	81.219163 
3119.646203  	81.182935 
3120.003510  	81.096057 
3120.360817  	81.135288 
3120.718124  	81.347774 
3121.075431  	81.503381 
3121.432738  	81.442666 
3121.790044  	81.424434 
3122.147351  	81.387525 
3122.504658  	81.171023 
3122.861965  	81.080828 
3123.219272  	81.124023 
3123.576579  	81.178520 
3123.933886  	81.226184 
3124.291193  	81.185603 
3124.648499  	81.264074 
3125.005806  	81.298976 
3125.363113  	81.223762 
3125.720420  	81.292234 
3126.077727  	81.201313 
3126.435034  	81.281289 
3126.792341  	81.608677 
3127.149647  	81.333162 
3127.506954  	81.040471 
3127.864261  	81.367803 
3128.221568  	81.583333 
3128.578875  	81.479052 
3128.936182  	81.463314 
3129.293489  	81.477168 
3129.650795  	81.414165 
3130.008102  	81.554045 
3130.365409  	81.635398 
3130.722716  	81.410503 
3131.080023  	81.344274 
3131.437330  	81.402858 
3131.794637  	81.531444 
3132.151943  	81.780474 
3132.509250  	81.646401 
3132.866557  	81.412196 
3133.223864  	81.547826 
3133.581171  	81.488237 
3133.938478  	81.436024 
3134.295785  	81.884376 
3134.653091  	81.926997 
3135.010398  	81.538704 
3135.367705  	81.615558 
3135.725012  	81.787072 
3136.082319  	81.787396 
3136.439626  	81.791445 
3136.796933  	81.779540 
3137.154240  	81.831995 
3137.511546  	81.724665 
3137.868853  	81.548012 
3138.226160  	81.633243 
3138.583467  	81.922210 
3138.940774  	82.044599 
3139.298081  	81.761500 
3139.655388  	81.694280 
3140.012694  	82.051567 
3140.370001  	82.195545 
3140.727308  	81.984378 
3141.084615  	81.861537 
3141.441922  	82.105933 
3141.799229  	82.291708 
3142.156536  	82.269278 
3142.513842  	82.262432 
3142.871149  	82.187570 
3143.228456  	82.058462 
3143.585763  	81.899199 
3143.943070  	81.990681 
3144.300377  	82.216483 
3144.657684  	82.155967 
3145.014990  	82.020803 
3145.372297  	81.832589 
3145.729604  	81.861440 
3146.086911  	82.083233 
3146.444218  	82.018821 
3146.801525  	82.019330 
3147.158832  	82.110367 
3147.516138  	82.204720 
3147.873445  	82.187707 
3148.230752  	81.915162 
3148.588059  	81.981301 
3148.945366  	82.089562 
3149.302673  	82.033692 
3149.659980  	82.168767 
3150.017287  	82.097341 
3150.374593  	82.063355 
3150.731900  	82.116102 
3151.089207  	81.857188 
3151.446514  	81.858958 
3151.803821  	82.233461 
3152.161128  	82.447721 
3152.518435  	82.508555 
3152.875741  	82.655749 
3153.233048  	82.754918 
3153.590355  	82.674620 
3153.947662  	82.607977 
3154.304969  	82.422638 
3154.662276  	82.021218 
3155.019583  	81.897750 
3155.376889  	82.176433 
3155.734196  	82.370843 
3156.091503  	82.312704 
3156.448810  	82.294164 
3156.806117  	82.319152 
3157.163424  	82.273853 
3157.520731  	82.405609 
3157.878037  	82.581009 
3158.235344  	82.470465 
3158.592651  	82.414439 
3158.949958  	82.605785 
3159.307265  	82.753160 
3159.664572  	82.633629 
3160.021879  	82.430801 
3160.379185  	82.565530 
3160.736492  	82.680453 
3161.093799  	82.590427 
3161.451106  	82.642070 
3161.808413  	82.511568 
3162.165720  	82.467069 
3162.523027  	82.749858 
3162.880334  	82.781772 
3163.237640  	82.806833 
3163.594947  	82.803783 
3163.952254  	82.520442 
3164.309561  	82.405656 
3164.666868  	82.351179 
3165.024175  	82.295531 
3165.381482  	82.539825 
3165.738788  	82.707030 
3166.096095  	82.584628 
3166.453402  	82.695328 
3166.810709  	82.905463 
3167.168016  	82.732563 
3167.525323  	82.569406 
3167.882630  	82.614145 
3168.239936  	82.687858 
3168.597243  	82.706727 
3168.954550  	82.546017 
3169.311857  	82.395256 
3169.669164  	82.295661 
3170.026471  	82.319806 
3170.383778  	82.563805 
3170.741084  	82.718379 
3171.098391  	82.771303 
3171.455698  	82.701303 
3171.813005  	82.608387 
3172.170312  	82.686187 
3172.527619  	82.662427 
3172.884926  	82.681541 
3173.242232  	82.767764 
3173.599539  	82.621596 
3173.956846  	82.535398 
3174.314153  	82.581287 
3174.671460  	82.569973 
3175.028767  	82.550487 
3175.386074  	82.464684 
3175.743380  	82.514808 
3176.100687  	82.886473 
3176.457994  	83.161355 
3176.815301  	83.162168 
3177.172608  	83.027317 
3177.529915  	82.861113 
3177.887222  	82.854336 
3178.244529  	82.788835 
3178.601835  	82.699920 
3178.959142  	82.793670 
3179.316449  	82.700541 
3179.673756  	82.498066 
3180.031063  	82.294789 
3180.388370  	82.115287 
3180.745677  	82.294871 
3181.102983  	82.543652 
3181.460290  	82.617331 
3181.817597  	82.577336 
3182.174904  	82.493419 
3182.532211  	82.597837 
3182.889518  	82.545952 
3183.246825  	82.304546 
3183.604131  	82.289089 
3183.961438  	82.183295 
3184.318745  	82.114696 
3184.676052  	82.367465 
3185.033359  	82.412730 
3185.390666  	82.378780 
3185.747973  	82.407427 
3186.105279  	82.279237 
3186.462586  	82.489655 
3186.819893  	82.682569 
3187.177200  	82.440803 
3187.534507  	82.285264 
3187.891814  	82.110572 
3188.249121  	82.128087 
3188.606427  	82.345751 
3188.963734  	82.280342 
3189.321041  	82.348218 
3189.678348  	82.523239 
3190.035655  	82.536335 
3190.392962  	82.315669 
3190.750269  	81.916192 
3191.107576  	81.943589 
3191.464882  	82.106074 
3191.822189  	81.930894 
3192.179496  	81.795294 
3192.536803  	81.956682 
3192.894110  	82.096890 
3193.251417  	81.907799 
3193.608724  	81.907734 
3193.966030  	81.972193 
3194.323337  	81.728842 
3194.680644  	81.774020 
3195.037951  	81.951813 
3195.395258  	81.919589 
3195.752565  	81.909743 
3196.109872  	81.864280 
3196.467178  	81.765893 
3196.824485  	81.800665 
3197.181792  	81.945499 
3197.539099  	81.884137 
3197.896406  	81.649967 
3198.253713  	81.495012 
3198.611020  	81.520013 
3198.968326  	81.503765 
3199.325633  	81.198557 
3199.682940  	81.188861 
3200.040247  	81.452362 
3200.397554  	81.521685 
3200.754861  	81.644458 
3201.112168  	81.644045 
3201.469474  	81.567732 
3201.826781  	81.553587 
3202.184088  	81.435275 
3202.541395  	81.343863 
3202.898702  	81.077550 
3203.256009  	80.831001 
3203.613316  	80.896470 
3203.970623  	80.956908 
3204.327929  	80.899286 
3204.685236  	80.710036 
3205.042543  	80.571757 
3205.399850  	80.685049 
3205.757157  	80.756816 
3206.114464  	80.516604 
3206.471771  	80.463316 
3206.829077  	80.689897 
3207.186384  	80.433266 
3207.543691  	80.122979 
3207.900998  	80.209584 
3208.258305  	80.348448 
3208.615612  	80.505780 
3208.972919  	80.322143 
3209.330225  	80.081378 
3209.687532  	80.125472 
3210.044839  	80.039323 
3210.402146  	79.996546 
3210.759453  	80.113561 
3211.116760  	80.117058 
3211.474067  	79.640285 
3211.831373  	79.188392 
3212.188680  	79.371736 
3212.545987  	79.323544 
3212.903294  	79.177590 
3213.260601  	79.365264 
3213.617908  	79.206036 
3213.975215  	79.036228 
3214.332521  	79.143339 
3214.689828  	79.095013 
3215.047135  	78.990393 
3215.404442  	78.877330 
3215.761749  	78.491967 
3216.119056  	78.254780 
3216.476363  	78.507293 
3216.833670  	78.483657 
3217.190976  	78.289558 
3217.548283  	78.332738 
3217.905590  	78.141644 
3218.262897  	78.102373 
3218.620204  	78.355625 
3218.977511  	78.341045 
3219.334818  	78.066218 
3219.692124  	77.718997 
3220.049431  	77.467685 
3220.406738  	77.321493 
3220.764045  	77.348046 
3221.121352  	77.441231 
3221.478659  	77.332676 
3221.835966  	77.191174 
3222.193272  	77.143049 
3222.550579  	77.264453 
3222.907886  	77.279787 
3223.265193  	77.159391 
3223.622500  	77.301076 
3223.979807  	77.129056 
3224.337114  	76.684424 
3224.694420  	76.718992 
3225.051727  	76.904875 
3225.409034  	76.846586 
3225.766341  	76.582013 
3226.123648  	76.415892 
3226.480955  	76.499916 
3226.838262  	76.518667 
3227.195568  	76.352981 
3227.552875  	76.012493 
3227.910182  	75.822785 
3228.267489  	75.972218 
3228.624796  	76.001706 
3228.982103  	75.950492 
3229.339410  	76.104694 
3229.696717  	76.218041 
3230.054023  	76.129565 
3230.411330  	76.066144 
3230.768637  	76.163069 
3231.125944  	76.269106 
3231.483251  	76.206706 
3231.840558  	75.888490 
3232.197865  	75.649388 
3232.555171  	75.766795 
3232.912478  	75.872683 
3233.269785  	75.873462 
3233.627092  	75.850192 
3233.984399  	75.787617 
3234.341706  	75.846203 
3234.699013  	75.897922 
3235.056319  	76.103896 
3235.413626  	76.471952 
3235.770933  	76.426979 
3236.128240  	76.362491 
3236.485547  	76.584222 
3236.842854  	76.593971 
3237.200161  	76.555416 
3237.557467  	76.655214 
3237.914774  	76.760039 
3238.272081  	76.922726 
3238.629388  	77.090471 
3238.986695  	77.137348 
3239.344002  	77.122117 
3239.701309  	77.237669 
3240.058615  	77.288046 
3240.415922  	77.187784 
3240.773229  	77.310243 
3241.130536  	77.551941 
3241.487843  	77.680140 
3241.845150  	77.740941 
3242.202457  	77.808969 
3242.559764  	77.953318 
3242.917070  	78.073546 
3243.274377  	78.149353 
3243.631684  	78.152474 
3243.988991  	78.191308 
3244.346298  	78.402119 
3244.703605  	78.540041 
3245.060912  	78.750517 
3245.418218  	78.988049 
3245.775525  	78.909478 
3246.132832  	78.933152 
3246.490139  	79.160756 
3246.847446  	79.283277 
3247.204753  	79.396105 
3247.562060  	79.594035 
3247.919366  	79.777956 
3248.276673  	79.926693 
3248.633980  	80.187387 
3248.991287  	80.378061 
3249.348594  	80.384023 
3249.705901  	80.503637 
3250.063208  	80.621692 
3250.420514  	80.659276 
3250.777821  	80.907504 
3251.135128  	81.240622 
3251.492435  	81.281280 
3251.849742  	81.191364 
3252.207049  	81.270252 
3252.564356  	81.321934 
3252.921662  	81.426539 
3253.278969  	81.772263 
3253.636276  	82.064692 
3253.993583  	82.163971 
3254.350890  	82.147148 
3254.708197  	82.198825 
3255.065504  	82.363308 
3255.422810  	82.658190 
3255.780117  	82.960824 
3256.137424  	82.828479 
3256.494731  	82.884382 
3256.852038  	83.299648 
3257.209345  	83.200660 
3257.566652  	83.231573 
3257.923959  	83.565992 
3258.281265  	83.720268 
3258.638572  	84.193102 
3258.995879  	84.528981 
3259.353186  	84.442000 
3259.710493  	84.397022 
3260.067800  	84.241015 
3260.425107  	84.104099 
3260.782413  	84.134568 
3261.139720  	84.415260 
3261.497027  	84.860149 
3261.854334  	84.909699 
3262.211641  	84.868028 
3262.568948  	85.257625 
3262.926255  	85.748776 
3263.283561  	85.840596 
3263.640868  	85.558002 
3263.998175  	85.449601 
3264.355482  	85.672933 
3264.712789  	85.976645 
3265.070096  	86.107426 
3265.427403  	85.915513 
3265.784709  	85.775919 
3266.142016  	85.988749 
3266.499323  	86.236982 
3266.856630  	86.235794 
3267.213937  	86.376299 
3267.571244  	86.808219 
3267.928551  	86.914662 
3268.285857  	86.869847 
3268.643164  	87.022078 
3269.000471  	86.989005 
3269.357778  	86.952851 
3269.715085  	87.089186 
3270.072392  	87.188962 
3270.429699  	87.358863 
3270.787006  	87.530096 
3271.144312  	87.540374 
3271.501619  	87.576962 
3271.858926  	87.768343 
3272.216233  	87.882938 
3272.573540  	87.900574 
3272.930847  	87.884060 
3273.288154  	87.783271 
3273.645460  	87.984373 
3274.002767  	88.245816 
3274.360074  	88.134567 
3274.717381  	88.185247 
3275.074688  	88.327061 
3275.431995  	88.360872 
3275.789302  	88.462831 
3276.146608  	88.326092 
3276.503915  	88.121778 
3276.861222  	88.101036 
3277.218529  	88.272616 
3277.575836  	88.758258 
3277.933143  	88.905300 
3278.290450  	88.693690 
3278.647756  	88.977739 
3279.005063  	89.155382 
3279.362370  	88.887267 
3279.719677  	89.024993 
3280.076984  	89.111655 
3280.434291  	88.981092 
3280.791598  	89.323283 
3281.148904  	89.554232 
3281.506211  	89.592007 
3281.863518  	89.817194 
3282.220825  	89.811429 
3282.578132  	89.647638 
3282.935439  	89.604837 
3283.292746  	89.760232 
3283.650053  	89.746052 
3284.007359  	89.607078 
3284.364666  	89.881256 
3284.721973  	89.738420 
3285.079280  	89.479103 
3285.436587  	89.998926 
3285.793894  	90.267245 
3286.151201  	90.346085 
3286.508507  	90.538379 
3286.865814  	90.384117 
3287.223121  	90.284102 
3287.580428  	90.199829 
3287.937735  	90.282056 
3288.295042  	90.599421 
3288.652349  	90.516385 
3289.009655  	90.377612 
3289.366962  	90.388004 
3289.724269  	90.310245 
3290.081576  	90.404895 
3290.438883  	90.583817 
3290.796190  	90.569990 
3291.153497  	90.580178 
3291.510803  	90.751657 
3291.868110  	90.821103 
3292.225417  	90.901425 
3292.582724  	90.991891 
3292.940031  	90.847412 
3293.297338  	90.943905 
3293.654645  	91.101774 
3294.011951  	90.830081 
3294.369258  	90.815819 
3294.726565  	91.075991 
3295.083872  	91.028429 
3295.441179  	91.077410 
3295.798486  	91.279332 
3296.155793  	91.143172 
3296.513100  	90.967260 
3296.870406  	90.987193 
3297.227713  	90.997604 
3297.585020  	91.232341 
3297.942327  	91.574438 
3298.299634  	91.429386 
3298.656941  	91.143490 
3299.014248  	91.303290 
3299.371554  	91.520979 
3299.728861  	91.562968 
3300.086168  	91.538949 
3300.443475  	91.205065 
3300.800782  	91.012380 
3301.158089  	91.384277 
3301.515396  	91.629474 
3301.872702  	91.467376 
3302.230009  	91.321174 
3302.587316  	91.411324 
3302.944623  	91.568772 
3303.301930  	91.730153 
3303.659237  	91.984091 
3304.016544  	92.107635 
3304.373850  	91.999861 
3304.731157  	91.641064 
3305.088464  	91.406419 
3305.445771  	91.607243 
3305.803078  	91.733245 
3306.160385  	91.908258 
3306.517692  	91.967194 
3306.874998  	91.589997 
3307.232305  	91.594022 
3307.589612  	91.743461 
3307.946919  	91.669875 
3308.304226  	91.796520 
3308.661533  	91.844877 
3309.018840  	91.687966 
3309.376147  	91.648915 
3309.733453  	91.903732 
3310.090760  	92.125033 
3310.448067  	92.218265 
3310.805374  	92.413857 
3311.162681  	92.218668 
3311.519988  	91.723151 
3311.877295  	91.591548 
3312.234601  	91.862187 
3312.591908  	91.903946 
3312.949215  	91.462705 
3313.306522  	91.477125 
3313.663829  	91.765806 
3314.021136  	91.901648 
3314.378443  	92.393190 
3314.735749  	92.446291 
3315.093056  	91.964023 
3315.450363  	91.848845 
3315.807670  	91.904778 
3316.164977  	91.772772 
3316.522284  	91.545541 
3316.879591  	91.694849 
3317.236897  	91.932126 
3317.594204  	91.823876 
3317.951511  	91.873538 
3318.308818  	91.902503 
3318.666125  	91.818536 
3319.023432  	91.912945 
3319.380739  	91.944693 
3319.738045  	91.977459 
3320.095352  	91.998723 
3320.452659  	92.022365 
3320.809966  	92.255147 
3321.167273  	92.376436 
3321.524580  	92.340003 
3321.881887  	92.279383 
3322.239194  	92.098946 
3322.596500  	92.118592 
3322.953807  	92.346915 
3323.311114  	92.350807 
3323.668421  	92.168348 
3324.025728  	91.909491 
3324.383035  	91.746453 
3324.740342  	91.916093 
3325.097648  	92.201073 
3325.454955  	92.387114 
3325.812262  	92.390954 
3326.169569  	92.321447 
3326.526876  	92.422534 
3326.884183  	92.490225 
3327.241490  	92.328438 
3327.598796  	92.155732 
3327.956103  	92.285449 
3328.313410  	92.557165 
3328.670717  	92.549284 
3329.028024  	92.480782 
3329.385331  	92.607585 
3329.742638  	92.658304 
3330.099944  	92.553465 
3330.457251  	92.607995 
3330.814558  	92.723796 
3331.171865  	92.543638 
3331.529172  	92.434531 
3331.886479  	92.522168 
3332.243786  	92.451106 
3332.601092  	92.420349 
3332.958399  	92.524549 
3333.315706  	92.575456 
3333.673013  	92.674888 
3334.030320  	92.984341 
3334.387627  	93.057635 
3334.744934  	92.487076 
3335.102240  	92.020877 
3335.459547  	92.089856 
3335.816854  	92.232388 
3336.174161  	92.284615 
3336.531468  	92.418045 
3336.888775  	92.698904 
3337.246082  	92.714939 
3337.603389  	92.475320 
3337.960695  	92.589221 
3338.318002  	92.842661 
3338.675309  	92.812383 
3339.032616  	92.805858 
3339.389923  	92.972175 
3339.747230  	92.940721 
3340.104537  	92.912001 
3340.461843  	93.130953 
3340.819150  	93.027506 
3341.176457  	92.703389 
3341.533764  	92.649728 
3341.891071  	92.760070 
3342.248378  	92.999875 
3342.605685  	93.235469 
3342.962991  	93.233220 
3343.320298  	92.992752 
3343.677605  	92.761024 
3344.034912  	92.735690 
3344.392219  	92.797241 
3344.749526  	93.077213 
3345.106833  	93.378340 
3345.464139  	93.110443 
3345.821446  	92.754512 
3346.178753  	92.833572 
3346.536060  	92.848364 
3346.893367  	92.831734 
3347.250674  	93.066886 
3347.607981  	93.057268 
3347.965287  	93.033714 
3348.322594  	93.395544 
3348.679901  	93.501387 
3349.037208  	93.381296 
3349.394515  	93.355645 
3349.751822  	93.166962 
3350.109129  	93.116492 
3350.466436  	93.307707 
3350.823742  	93.172636 
3351.181049  	92.939487 
3351.538356  	93.063215 
3351.895663  	93.094543 
3352.252970  	93.013065 
3352.610277  	93.124006 
3352.967584  	93.152820 
3353.324890  	93.164847 
3353.682197  	93.132789 
3354.039504  	93.132435 
3354.396811  	93.452162 
3354.754118  	93.415350 
3355.111425  	93.067011 
3355.468732  	93.100048 
3355.826038  	93.156248 
3356.183345  	93.065107 
3356.540652  	93.130239 
3356.897959  	93.367497 
3357.255266  	93.444605 
3357.612573  	93.188814 
3357.969880  	93.098313 
3358.327186  	93.486470 
3358.684493  	93.962990 
3359.041800  	93.997337 
3359.399107  	93.766968 
3359.756414  	93.682248 
3360.113721  	93.461202 
3360.471028  	93.294810 
3360.828334  	93.546712 
3361.185641  	93.657648 
3361.542948  	93.541053 
3361.900255  	93.489156 
3362.257562  	93.399557 
3362.614869  	93.431701 
3362.972176  	93.489906 
3363.329483  	93.506510 
3363.686789  	93.705761 
3364.044096  	93.666680 
3364.401403  	93.559433 
3364.758710  	93.877089 
3365.116017  	94.018630 
3365.473324  	93.876235 
3365.830631  	93.736490 
3366.187937  	93.472781 
3366.545244  	93.348619 
3366.902551  	93.463688 
3367.259858  	93.523166 
3367.617165  	93.597228 
3367.974472  	93.824862 
3368.331779  	93.809466 
3368.689085  	93.619325 
3369.046392  	93.675874 
3369.403699  	93.652326 
3369.761006  	93.649278 
3370.118313  	93.760213 
3370.475620  	93.721735 
3370.832927  	93.843054 
3371.190233  	93.886481 
3371.547540  	93.823265 
3371.904847  	93.866839 
3372.262154  	93.702905 
3372.619461  	93.662673 
3372.976768  	93.723930 
3373.334075  	93.635726 
3373.691381  	93.512216 
3374.048688  	93.445078 
3374.405995  	93.835276 
3374.763302  	94.162220 
3375.120609  	94.068554 
3375.477916  	94.060268 
3375.835223  	93.930927 
3376.192530  	93.795974 
3376.549836  	93.854777 
3376.907143  	94.032526 
3377.264450  	94.279523 
3377.621757  	94.097207 
3377.979064  	93.814658 
3378.336371  	93.954352 
3378.693678  	94.101421 
3379.050984  	94.027827 
3379.408291  	93.924734 
3379.765598  	94.097471 
3380.122905  	94.374438 
3380.480212  	94.181106 
3380.837519  	93.784797 
3381.194826  	93.893307 
3381.552132  	94.172203 
3381.909439  	94.019929 
3382.266746  	93.962065 
3382.624053  	94.135018 
3382.981360  	94.044919 
3383.338667  	94.073504 
3383.695974  	94.320643 
3384.053280  	94.282987 
3384.410587  	94.016067 
3384.767894  	93.799831 
3385.125201  	93.836107 
3385.482508  	94.046460 
3385.839815  	94.054889 
3386.197122  	94.056071 
3386.554428  	94.352346 
3386.911735  	94.292647 
3387.269042  	93.802396 
3387.626349  	93.767364 
3387.983656  	93.882797 
3388.340963  	93.797285 
3388.698270  	94.102095 
3389.055577  	94.317541 
3389.412883  	94.001504 
3389.770190  	93.989179 
3390.127497  	94.343114 
3390.484804  	94.306875 
3390.842111  	94.112480 
3391.199418  	94.370706 
3391.556725  	94.628802 
3391.914031  	94.319900 
3392.271338  	93.794171 
3392.628645  	93.700412 
3392.985952  	94.091257 
3393.343259  	94.270217 
3393.700566  	94.236979 
3394.057873  	94.387147 
3394.415179  	94.312794 
3394.772486  	94.201011 
3395.129793  	94.303805 
3395.487100  	94.193287 
3395.844407  	94.159040 
3396.201714  	94.327311 
3396.559021  	94.392399 
3396.916327  	94.515340 
3397.273634  	94.523651 
3397.630941  	94.237347 
3397.988248  	93.945473 
3398.345555  	93.670447 
3398.702862  	93.525096 
3399.060169  	93.704127 
3399.417475  	93.733024 
3399.774782  	93.593584 
3400.132089  	93.845921 
3400.489396  	94.134751 
3400.846703  	94.222404 
3401.204010  	94.336346 
3401.561317  	94.317034 
3401.918624  	94.129413 
3402.275930  	93.693766 
3402.633237  	93.456262 
3402.990544  	93.883192 
3403.347851  	94.175170 
3403.705158  	94.042630 
3404.062465  	93.998902 
3404.419772  	94.033328 
3404.777078  	93.806133 
3405.134385  	93.466203 
3405.491692  	93.663334 
3405.848999  	93.922482 
3406.206306  	93.692598 
3406.563613  	93.665101 
3406.920920  	93.853291 
3407.278226  	94.026532 
3407.635533  	94.321146 
3407.992840  	94.340701 
3408.350147  	94.213772 
3408.707454  	94.419389 
3409.064761  	94.550565 
3409.422068  	94.319295 
3409.779374  	94.133581 
3410.136681  	94.097366 
3410.493988  	94.054088 
3410.851295  	94.020906 
3411.208602  	94.043456 
3411.565909  	94.035765 
3411.923216  	93.882616 
3412.280522  	93.937663 
3412.637829  	94.247150 
3412.995136  	94.361604 
3413.352443  	94.358526 
3413.709750  	94.278130 
3414.067057  	94.136326 
3414.424364  	94.030282 
3414.781671  	93.977609 
3415.138977  	94.207471 
3415.496284  	94.314286 
3415.853591  	94.066357 
3416.210898  	93.902067 
3416.568205  	93.936464 
3416.925512  	94.150154 
3417.282819  	94.132589 
3417.640125  	93.950960 
3417.997432  	94.120237 
3418.354739  	94.233176 
3418.712046  	94.131128 
3419.069353  	94.172138 
3419.426660  	94.358322 
3419.783967  	94.361355 
3420.141273  	94.184408 
3420.498580  	94.215297 
3420.855887  	94.090391 
3421.213194  	93.859123 
3421.570501  	93.991873 
3421.927808  	93.997442 
3422.285115  	93.841161 
3422.642421  	93.647787 
3422.999728  	93.377395 
3423.357035  	93.649780 
3423.714342  	94.264032 
3424.071649  	94.363269 
3424.428956  	94.128095 
3424.786263  	94.088490 
3425.143569  	94.125022 
3425.500876  	94.021746 
3425.858183  	94.068770 
3426.215490  	94.417768 
3426.572797  	94.429136 
3426.930104  	94.011813 
3427.287411  	93.927312 
3427.644717  	94.045587 
3428.002024  	94.088933 
3428.359331  	94.275275 
3428.716638  	94.480918 
3429.073945  	94.541560 
3429.431252  	94.365386 
3429.788559  	94.541446 
3430.145866  	94.881041 
3430.503172  	94.267120 
3430.860479  	93.942273 
3431.217786  	94.353416 
3431.575093  	94.150224 
3431.932400  	94.107817 
3432.289707  	94.508152 
3432.647014  	94.360903 
3433.004320  	94.070102 
3433.361627  	94.404122 
3433.718934  	94.706681 
3434.076241  	94.182703 
3434.433548  	93.884550 
3434.790855  	94.142578 
3435.148162  	94.144255 
3435.505468  	94.154658 
3435.862775  	94.302268 
3436.220082  	94.262927 
3436.577389  	93.910548 
3436.934696  	93.869991 
3437.292003  	94.359920 
3437.649310  	94.335990 
3438.006616  	94.128888 
3438.363923  	94.306793 
3438.721230  	94.529368 
3439.078537  	94.568160 
3439.435844  	94.167529 
3439.793151  	94.128339 
3440.150458  	94.485439 
3440.507764  	94.544270 
3440.865071  	94.488519 
3441.222378  	94.116502 
3441.579685  	94.061162 
3441.936992  	94.435604 
3442.294299  	94.300935 
3442.651606  	94.001687 
3443.008913  	93.734757 
3443.366219  	93.844615 
3443.723526  	94.215497 
3444.080833  	94.129535 
3444.438140  	94.242196 
3444.795447  	94.476799 
3445.152754  	94.363072 
3445.510061  	94.400841 
3445.867367  	94.632630 
3446.224674  	94.791926 
3446.581981  	94.707227 
3446.939288  	94.386573 
3447.296595  	93.775599 
3447.653902  	93.200042 
3448.011209  	93.431981 
3448.368515  	94.079899 
3448.725822  	94.428796 
3449.083129  	94.355371 
3449.440436  	94.221840 
3449.797743  	94.217124 
3450.155050  	94.210661 
3450.512357  	94.341646 
3450.869663  	94.275371 
3451.226970  	94.102373 
3451.584277  	94.154873 
3451.941584  	93.907528 
3452.298891  	93.781231 
3452.656198  	94.055754 
3453.013505  	94.043597 
3453.370811  	93.929671 
3453.728118  	94.093829 
3454.085425  	94.438214 
3454.442732  	94.416718 
3454.800039  	93.827673 
3455.157346  	93.588369 
3455.514653  	93.972041 
3455.871960  	94.240246 
3456.229266  	94.097450 
3456.586573  	93.833810 
3456.943880  	93.702848 
3457.301187  	93.778393 
3457.658494  	94.000413 
3458.015801  	94.227656 
3458.373108  	94.474912 
3458.730414  	94.443910 
3459.087721  	94.050610 
3459.445028  	94.045919 
3459.802335  	94.170698 
3460.159642  	93.805384 
3460.516949  	93.529895 
3460.874256  	93.626538 
3461.231562  	93.928525 
3461.588869  	94.162402 
3461.946176  	94.092112 
3462.303483  	94.199541 
3462.660790  	94.344959 
3463.018097  	94.059711 
3463.375404  	93.906001 
3463.732710  	94.106884 
3464.090017  	94.176372 
3464.447324  	93.939946 
3464.804631  	93.696752 
3465.161938  	93.707249 
3465.519245  	93.981654 
3465.876552  	94.366392 
3466.233858  	94.320076 
3466.591165  	94.053833 
3466.948472  	94.270443 
3467.305779  	94.423447 
3467.663086  	94.126802 
3468.020393  	93.904797 
3468.377700  	93.939106 
3468.735007  	93.942118 
3469.092313  	93.723005 
3469.449620  	93.677241 
3469.806927  	93.914123 
3470.164234  	94.026857 
3470.521541  	93.964311 
3470.878848  	93.862124 
3471.236155  	93.839063 
3471.593461  	93.932252 
3471.950768  	94.096342 
3472.308075  	94.058162 
3472.665382  	93.855478 
3473.022689  	93.990246 
3473.379996  	94.046177 
3473.737303  	93.897799 
3474.094609  	94.120587 
3474.451916  	94.290563 
3474.809223  	94.283838 
3475.166530  	94.301463 
3475.523837  	94.053877 
3475.881144  	93.792233 
3476.238451  	93.735836 
3476.595757  	93.866676 
3476.953064  	94.129292 
3477.310371  	94.107358 
3477.667678  	93.892500 
3478.024985  	93.997537 
3478.382292  	94.260277 
3478.739599  	94.195703 
3479.096905  	93.994895 
3479.454212  	94.067914 
3479.811519  	94.074733 
3480.168826  	93.926747 
3480.526133  	94.018413 
3480.883440  	93.864714 
3481.240747  	93.557123 
3481.598054  	93.750086 
3481.955360  	93.815085 
3482.312667  	93.952765 
3482.669974  	94.314714 
3483.027281  	93.968271 
3483.384588  	93.836830 
3483.741895  	94.053429 
3484.099202  	93.790145 
3484.456508  	93.838639 
3484.813815  	93.944967 
3485.171122  	93.530499 
3485.528429  	93.454866 
3485.885736  	93.775455 
3486.243043  	93.748355 
3486.600350  	93.303938 
3486.957656  	93.323619 
3487.314963  	93.995654 
3487.672270  	94.124531 
3488.029577  	93.521076 
3488.386884  	93.295993 
3488.744191  	93.459572 
3489.101498  	93.386265 
3489.458804  	93.389733 
3489.816111  	93.561641 
3490.173418  	93.749785 
3490.530725  	93.988410 
3490.888032  	93.799374 
3491.245339  	93.546697 
3491.602646  	93.714583 
3491.959952  	93.555727 
3492.317259  	93.306277 
3492.674566  	93.569654 
3493.031873  	93.728785 
3493.389180  	93.616135 
3493.746487  	93.672024 
3494.103794  	93.752775 
3494.461101  	93.796935 
3494.818407  	93.814899 
3495.175714  	93.556598 
3495.533021  	93.525713 
3495.890328  	93.839037 
3496.247635  	93.852454 
3496.604942  	93.652754 
3496.962249  	93.414871 
3497.319555  	93.397102 
3497.676862  	93.505201 
3498.034169  	93.265198 
3498.391476  	93.034990 
3498.748783  	92.970231 
3499.106090  	93.180892 
3499.463397  	93.647194 
3499.820703  	93.691114 
3500.178010  	93.507830 
3500.535317  	93.458194 
3500.892624  	93.442549 
3501.249931  	93.451217 
3501.607238  	93.515463 
3501.964545  	93.657135 
3502.321851  	93.395565 
3502.679158  	93.123563 
3503.036465  	93.417868 
3503.393772  	93.403582 
3503.751079  	93.268347 
3504.108386  	93.495198 
3504.465693  	93.362532 
3504.822999  	93.176173 
3505.180306  	93.540561 
3505.537613  	93.857623 
3505.894920  	93.582735 
3506.252227  	93.245353 
3506.609534  	93.445345 
3506.966841  	93.637785 
3507.324147  	93.343396 
3507.681454  	93.300440 
3508.038761  	93.617151 
3508.396068  	93.664675 
3508.753375  	93.659651 
3509.110682  	93.579085 
3509.467989  	93.147851 
3509.825296  	92.882275 
3510.182602  	93.069762 
3510.539909  	93.351081 
3510.897216  	93.227501 
3511.254523  	92.954951 
3511.611830  	93.116030 
3511.969137  	93.291808 
3512.326444  	93.294199 
3512.683750  	93.454756 
3513.041057  	93.453637 
3513.398364  	93.082978 
3513.755671  	92.880457 
3514.112978  	93.173818 
3514.470285  	93.376327 
3514.827592  	93.249806 
3515.184898  	93.195149 
3515.542205  	93.154501 
3515.899512  	93.159545 
3516.256819  	93.329453 
3516.614126  	93.461316 
3516.971433  	93.527379 
3517.328740  	93.448570 
3517.686046  	93.182670 
3518.043353  	93.050592 
3518.400660  	93.262449 
3518.757967  	93.504820 
3519.115274  	93.376979 
3519.472581  	93.216477 
3519.829888  	93.414042 
3520.187194  	93.497613 
3520.544501  	93.311403 
3520.901808  	93.338440 
3521.259115  	93.571396 
3521.616422  	93.763731 
3521.973729  	93.696607 
3522.331036  	93.408618 
3522.688343  	93.642220 
3523.045649  	94.192257 
3523.402956  	93.904233 
3523.760263  	93.146761 
3524.117570  	93.084390 
3524.474877  	93.518317 
3524.832184  	93.457718 
3525.189491  	93.208048 
3525.546797  	93.437042 
3525.904104  	93.492834 
3526.261411  	93.515808 
3526.618718  	93.739704 
3526.976025  	93.472425 
3527.333332  	93.338321 
3527.690639  	93.619300 
3528.047945  	93.644064 
3528.405252  	93.679746 
3528.762559  	93.674322 
3529.119866  	93.431540 
3529.477173  	93.310466 
3529.834480  	93.374308 
3530.191787  	93.501871 
3530.549093  	93.661243 
3530.906400  	93.796184 
3531.263707  	93.827747 
3531.621014  	93.802826 
3531.978321  	93.665607 
3532.335628  	93.345136 
3532.692935  	93.125742 
3533.050241  	93.182558 
3533.407548  	93.430097 
3533.764855  	93.581185 
3534.122162  	93.555262 
3534.479469  	93.616648 
3534.836776  	93.627872 
3535.194083  	93.612135 
3535.551390  	93.694330 
3535.908696  	93.570945 
3536.266003  	93.352908 
3536.623310  	93.324599 
3536.980617  	93.424710 
3537.337924  	93.437226 
3537.695231  	93.443443 
3538.052538  	93.620790 
3538.409844  	93.646386 
3538.767151  	93.555398 
3539.124458  	93.478713 
3539.481765  	93.381837 
3539.839072  	93.662398 
3540.196379  	93.920143 
3540.553686  	93.809552 
3540.910992  	93.722714 
3541.268299  	93.488048 
3541.625606  	93.430536 
3541.982913  	93.821079 
3542.340220  	93.894455 
3542.697527  	93.711593 
3543.054834  	93.715760 
3543.412140  	93.625275 
3543.769447  	93.562026 
3544.126754  	93.759187 
3544.484061  	94.046225 
3544.841368  	94.246762 
3545.198675  	93.830182 
3545.555982  	93.123878 
3545.913288  	93.302948 
3546.270595  	94.060081 
3546.627902  	94.485032 
3546.985209  	94.047037 
3547.342516  	93.118754 
3547.699823  	93.053526 
3548.057130  	93.488342 
3548.414437  	93.436657 
3548.771743  	93.085677 
3549.129050  	93.056076 
3549.486357  	93.609650 
3549.843664  	93.828840 
3550.200971  	93.520029 
3550.558278  	93.654233 
3550.915585  	94.224818 
3551.272891  	94.491735 
3551.630198  	94.419773 
3551.987505  	94.363525 
3552.344812  	93.854923 
3552.702119  	93.234785 
3553.059426  	93.646787 
3553.416733  	94.145807 
3553.774039  	94.129632 
3554.131346  	94.046686 
3554.488653  	93.764248 
3554.845960  	93.475220 
3555.203267  	93.454335 
3555.560574  	93.529504 
3555.917881  	93.586159 
3556.275187  	93.713718 
3556.632494  	93.810507 
3556.989801  	93.771018 
3557.347108  	93.836826 
3557.704415  	93.872022 
3558.061722  	93.907405 
3558.419029  	94.156327 
3558.776335  	94.330068 
3559.133642  	94.321097 
3559.490949  	94.084462 
3559.848256  	93.786327 
3560.205563  	93.506907 
3560.562870  	93.066543 
3560.920177  	93.045334 
3561.277484  	93.503740 
3561.634790  	93.806562 
3561.992097  	93.707237 
3562.349404  	93.381859 
3562.706711  	93.426705 
3563.064018  	93.798815 
3563.421325  	93.978152 
3563.778632  	93.935538 
3564.135938  	93.789617 
3564.493245  	93.790822 
3564.850552  	94.148139 
3565.207859  	94.507456 
3565.565166  	94.376247 
3565.922473  	94.034070 
3566.279780  	93.950607 
3566.637086  	93.968591 
3566.994393  	93.842744 
3567.351700  	93.659180 
3567.709007  	93.691938 
3568.066314  	93.427499 
3568.423621  	92.661136 
3568.780928  	92.605185 
3569.138234  	93.189170 
3569.495541  	93.539387 
3569.852848  	93.587053 
3570.210155  	93.688818 
3570.567462  	93.927638 
3570.924769  	93.748964 
3571.282076  	93.469992 
3571.639382  	93.494278 
3571.996689  	93.615245 
3572.353996  	93.740119 
3572.711303  	93.589594 
3573.068610  	93.451083 
3573.425917  	93.681127 
3573.783224  	94.008762 
3574.140531  	94.112231 
3574.497837  	93.945808 
3574.855144  	93.837003 
3575.212451  	93.701125 
3575.569758  	93.532786 
3575.927065  	93.457882 
3576.284372  	93.476698 
3576.641679  	93.714955 
3576.998985  	93.660676 
3577.356292  	93.487823 
3577.713599  	93.353095 
3578.070906  	92.944721 
3578.428213  	93.165222 
3578.785520  	93.654228 
3579.142827  	93.897453 
3579.500133  	94.272350 
3579.857440  	94.171876 
3580.214747  	93.873671 
3580.572054  	93.643115 
3580.929361  	93.498372 
3581.286668  	93.836032 
3581.643975  	93.865532 
3582.001281  	93.726002 
3582.358588  	93.707586 
3582.715895  	93.376996 
3583.073202  	93.363603 
3583.430509  	93.706121 
3583.787816  	93.823874 
3584.145123  	93.833404 
3584.502429  	93.973556 
3584.859736  	94.033931 
3585.217043  	94.063108 
3585.574350  	94.789147 
3585.931657  	95.352586 
3586.288964  	94.697990 
3586.646271  	93.993258 
3587.003577  	93.382856 
3587.360884  	92.968033 
3587.718191  	93.515664 
3588.075498  	93.855259 
3588.432805  	93.713845 
3588.790112  	93.330285 
3589.147419  	92.548977 
3589.504726  	92.307244 
3589.862032  	92.884401 
3590.219339  	93.482972 
3590.576646  	93.815671 
3590.933953  	93.706520 
3591.291260  	93.315245 
3591.648567  	93.190453 
3592.005874  	93.678008 
3592.363180  	94.235089 
3592.720487  	93.985711 
3593.077794  	93.495771 
3593.435101  	93.421639 
3593.792408  	93.220245 
3594.149715  	93.150445 
3594.507022  	93.413733 
3594.864328  	93.656799 
3595.221635  	93.775276 
3595.578942  	93.595697 
3595.936249  	93.512095 
3596.293556  	93.521118 
3596.650863  	93.475701 
3597.008170  	93.787838 
3597.365476  	94.092963 
3597.722783  	94.228774 
3598.080090  	94.208122 
3598.437397  	93.810940 
3598.794704  	93.501258 
3599.152011  	93.598259 
3599.509318  	94.003554 
3599.866624  	94.148201 
3600.223931  	93.541398 
3600.581238  	93.086236 
3600.938545  	93.286393 
3601.295852  	93.212570 
3601.653159  	92.973718 
3602.010466  	93.410929 
3602.367773  	93.768653 
3602.725079  	93.726743 
3603.082386  	93.792085 
3603.439693  	93.364831 
3603.797000  	93.048049 
3604.154307  	93.620094 
3604.511614  	93.814106 
3604.868921  	93.716574 
3605.226227  	93.961437 
3605.583534  	94.050003 
3605.940841  	94.264463 
3606.298148  	94.522780 
3606.655455  	94.176799 
3607.012762  	93.710072 
3607.370069  	93.450906 
3607.727375  	93.345448 
3608.084682  	93.962907 
3608.441989  	94.667074 
3608.799296  	94.534707 
3609.156603  	93.784615 
3609.513910  	92.724094 
3609.871217  	92.172831 
3610.228523  	92.742444 
3610.585830  	93.091303 
3610.943137  	93.175704 
3611.300444  	93.651103 
3611.657751  	94.321779 
3612.015058  	94.619942 
3612.372365  	94.228329 
3612.729671  	93.428989 
3613.086978  	92.613376 
3613.444285  	92.540905 
3613.801592  	93.498996 
3614.158899  	94.446633 
3614.516206  	94.375341 
3614.873513  	93.441332 
3615.230820  	92.964694 
3615.588126  	93.252528 
3615.945433  	93.620745 
3616.302740  	94.043415 
3616.660047  	94.163999 
3617.017354  	94.106283 
3617.374661  	94.336799 
3617.731968  	94.049011 
3618.089274  	93.300637 
3618.446581  	93.517650 
3618.803888  	94.159411 
3619.161195  	94.181750 
3619.518502  	93.735553 
3619.875809  	92.820497 
3620.233116  	92.003855 
3620.590422  	92.344935 
3620.947729  	93.051959 
3621.305036  	93.229212 
3621.662343  	93.043726 
3622.019650  	93.148414 
3622.376957  	93.398816 
3622.734264  	93.279071 
3623.091570  	93.161299 
3623.448877  	93.384639 
3623.806184  	93.588061 
3624.163491  	93.568835 
3624.520798  	93.517062 
3624.878105  	93.567277 
3625.235412  	93.680209 
3625.592718  	93.938896 
3625.950025  	94.017177 
3626.307332  	93.613053 
3626.664639  	93.461088 
3627.021946  	93.970788 
3627.379253  	94.543291 
3627.736560  	94.786955 
3628.093867  	95.047288 
3628.451173  	95.155732 
3628.808480  	94.161937 
3629.165787  	93.286938 
3629.523094  	93.038124 
3629.880401  	91.782818 
3630.237708  	91.263219 
3630.595015  	92.320495 
3630.952321  	93.093003 
3631.309628  	93.415798 
3631.666935  	93.714583 
3632.024242  	93.596340 
3632.381549  	93.589947 
3632.738856  	94.275007 
3633.096163  	94.236345 
3633.453469  	93.426188 
3633.810776  	93.046962 
3634.168083  	92.670168 
3634.525390  	92.433294 
3634.882697  	92.745262 
3635.240004  	93.318781 
3635.597311  	93.812385 
3635.954617  	93.933305 
3636.311924  	94.031833 
3636.669231  	93.961647 
3637.026538  	93.618089 
3637.383845  	93.474033 
3637.741152  	93.407982 
3638.098459  	93.337762 
3638.455765  	93.333059 
3638.813072  	93.395988 
3639.170379  	93.547219 
3639.527686  	93.776173 
3639.884993  	93.886878 
3640.242300  	93.578972 
3640.599607  	93.482500 
3640.956914  	93.776401 
3641.314220  	93.707418 
3641.671527  	93.555579 
3642.028834  	93.648902 
3642.386141  	93.647801 
3642.743448  	93.422471 
3643.100755  	93.112800 
3643.458062  	93.117892 
3643.815368  	93.493779 
3644.172675  	93.931009 
3644.529982  	94.257196 
3644.887289  	94.221283 
3645.244596  	93.868760 
3645.601903  	93.812262 
3645.959210  	94.288499 
3646.316516  	94.766994 
3646.673823  	94.881062 
3647.031130  	94.690195 
3647.388437  	93.641770 
3647.745744  	91.956170 
3648.103051  	92.372999 
3648.460358  	94.553687 
3648.817664  	95.445583 
3649.174971  	95.007434 
3649.532278  	94.100892 
3649.889585  	93.297542 
3650.246892  	93.896655 
3650.604199  	94.308331 
3650.961506  	92.997742 
3651.318812  	91.515884 
3651.676119  	91.690508 
3652.033426  	92.199075 
3652.390733  	92.818333 
3652.748040  	93.365956 
3653.105347  	93.306057 
3653.462654  	93.432065 
3653.819961  	93.849059 
3654.177267  	93.824138 
3654.534574  	93.748802 
3654.891881  	93.646689 
3655.249188  	93.751894 
3655.606495  	94.474160 
3655.963802  	94.813112 
3656.321109  	94.002698 
3656.678415  	92.235833 
3657.035722  	91.361009 
3657.393029  	92.382365 
3657.750336  	93.181350 
3658.107643  	93.395360 
3658.464950  	93.621679 
3658.822257  	93.622463 
3659.179563  	93.354180 
3659.536870  	93.395189 
3659.894177  	93.865980 
3660.251484  	94.062515 
3660.608791  	93.633760 
3660.966098  	93.433323 
3661.323405  	93.972720 
3661.680711  	94.354295 
3662.038018  	93.990149 
3662.395325  	93.472705 
3662.752632  	93.386860 
3663.109939  	93.629523 
3663.467246  	93.599242 
3663.824553  	93.454007 
3664.181859  	93.538056 
3664.539166  	93.344173 
3664.896473  	93.329703 
3665.253780  	93.792681 
3665.611087  	93.643452 
3665.968394  	93.267259 
3666.325701  	93.485612 
3666.683008  	93.454705 
3667.040314  	93.245919 
3667.397621  	93.699462 
3667.754928  	94.182269 
3668.112235  	94.489003 
3668.469542  	94.924291 
3668.826849  	94.339138 
3669.184156  	92.938743 
3669.541462  	93.065175 
3669.898769  	94.816922 
3670.256076  	95.969440 
3670.613383  	94.858578 
3670.970690  	92.430215 
3671.327997  	91.317286 
3671.685304  	91.765323 
3672.042610  	92.640932 
3672.399917  	93.321597 
3672.757224  	93.749698 
3673.114531  	93.984084 
3673.471838  	94.201148 
3673.829145  	94.814305 
3674.186452  	95.789678 
3674.543758  	96.453484 
3674.901065  	95.915898 
3675.258372  	93.819053 
3675.615679  	91.584157 
3675.972986  	91.393665 
3676.330293  	91.821987 
3676.687600  	91.565379 
3677.044906  	91.883175 
3677.402213  	92.788261 
3677.759520  	93.261314 
3678.116827  	93.379883 
3678.474134  	93.746088 
3678.831441  	93.957920 
3679.188748  	93.565249 
3679.546054  	93.074776 
3679.903361  	92.589215 
3680.260668  	92.528889 
3680.617975  	93.158696 
3680.975282  	93.369620 
3681.332589  	93.256688 
3681.689896  	93.346010 
3682.047203  	93.509399 
3682.404509  	93.698071 
3682.761816  	93.489628 
3683.119123  	93.210739 
3683.476430  	93.514150 
3683.833737  	93.851181 
3684.191044  	93.822956 
3684.548351  	93.765118 
3684.905657  	93.824708 
3685.262964  	93.802128 
3685.620271  	93.845952 
3685.977578  	93.808338 
3686.334885  	93.458871 
3686.692192  	93.534387 
3687.049499  	94.119782 
3687.406805  	94.780904 
3687.764112  	95.407180 
3688.121419  	95.144425 
3688.478726  	93.344437 
3688.836033  	91.026945 
3689.193340  	90.584840 
3689.550647  	92.166626 
3689.907953  	93.774596 
3690.265260  	94.474231 
3690.622567  	94.274989 
3690.979874  	94.029529 
3691.337181  	93.391392 
3691.694488  	92.036560 
3692.051795  	92.032047 
3692.409101  	93.039259 
3692.766408  	93.598223 
3693.123715  	93.866617 
3693.481022  	93.699980 
3693.838329  	93.376206 
3694.195636  	93.688358 
3694.552943  	93.954705 
3694.910250  	93.803942 
3695.267556  	93.984234 
3695.624863  	93.904266 
3695.982170  	93.339201 
3696.339477  	93.111237 
3696.696784  	93.018168 
3697.054091  	93.006634 
3697.411398  	93.309019 
3697.768704  	93.586074 
3698.126011  	93.488396 
3698.483318  	93.117213 
3698.840625  	93.103694 
3699.197932  	93.284271 
3699.555239  	93.257148 
3699.912546  	93.338101 
3700.269852  	93.536529 
3700.627159  	93.813211 
3700.984466  	94.178576 
3701.341773  	94.309982 
3701.699080  	93.958334 
3702.056387  	93.093034 
3702.413694  	92.356214 
3702.771000  	92.654307 
3703.128307  	93.094572 
3703.485614  	93.029320 
3703.842921  	93.292791 
3704.200228  	93.605654 
3704.557535  	93.395757 
3704.914842  	93.463182 
3705.272148  	93.674148 
3705.629455  	93.753612 
3705.986762  	93.648816 
3706.344069  	93.371381 
3706.701376  	93.564788 
3707.058683  	93.569870 
3707.415990  	93.470041 
3707.773297  	94.086748 
3708.130603  	94.483413 
3708.487910  	94.491897 
3708.845217  	94.734740 
3709.202524  	94.711123 
3709.559831  	93.571250 
3709.917138  	92.175970 
3710.274445  	92.218493 
3710.631751  	93.072258 
3710.989058  	93.954431 
3711.346365  	94.542793 
3711.703672  	94.808610 
3712.060979  	94.507459 
3712.418286  	92.522836 
3712.775593  	90.838454 
3713.132899  	91.162119 
3713.490206  	92.368051 
3713.847513  	93.642937 
3714.204820  	93.991632 
3714.562127  	93.799291 
3714.919434  	93.538384 
3715.276741  	93.052172 
3715.634047  	93.017973 
3715.991354  	93.384241 
3716.348661  	93.555379 
3716.705968  	93.440923 
3717.063275  	93.335498 
3717.420582  	93.438904 
3717.777889  	93.722730 
3718.135195  	94.000965 
3718.492502  	94.006891 
3718.849809  	93.956594 
3719.207116  	93.483163 
3719.564423  	92.747265 
3719.921730  	92.871921 
3720.279037  	93.271465 
3720.636344  	93.607626 
3720.993650  	93.824083 
3721.350957  	93.689632 
3721.708264  	93.641191 
3722.065571  	93.763177 
3722.422878  	93.946852 
3722.780185  	93.440021 
3723.137492  	92.621037 
3723.494798  	93.007251 
3723.852105  	93.676768 
3724.209412  	93.740682 
3724.566719  	93.440684 
3724.924026  	93.209180 
3725.281333  	93.286589 
3725.638640  	93.418763 
3725.995946  	93.577231 
3726.353253  	93.866493 
3726.710560  	93.830966 
3727.067867  	93.034044 
3727.425174  	92.745716 
3727.782481  	93.287925 
3728.139788  	93.172573 
3728.497094  	92.999331 
3728.854401  	93.272616 
3729.211708  	93.392697 
3729.569015  	93.596569 
3729.926322  	93.587220 
3730.283629  	93.312589 
3730.640936  	93.663507 
3730.998242  	94.452888 
3731.355549  	94.798907 
3731.712856  	94.572715 
3732.070163  	93.991065 
3732.427470  	92.598661 
3732.784777  	91.387453 
3733.142084  	92.162183 
3733.499391  	93.770273 
3733.856697  	95.203150 
3734.214004  	95.857350 
3734.571311  	95.524613 
3734.928618  	94.112997 
3735.285925  	92.261999 
3735.643232  	92.133765 
3736.000539  	92.787455 
3736.357845  	92.944942 
3736.715152  	92.660769 
3737.072459  	92.419279 
3737.429766  	92.975945 
3737.787073  	93.642115 
3738.144380  	93.869349 
3738.501687  	93.565709 
3738.858993  	92.960943 
3739.216300  	92.771352 
3739.573607  	92.815228 
3739.930914  	93.414705 
3740.288221  	94.221575 
3740.645528  	93.943220 
3741.002835  	93.395923 
3741.360141  	93.281786 
3741.717448  	92.877662 
3742.074755  	92.765308 
3742.432062  	93.261479 
3742.789369  	93.984573 
3743.146676  	94.844935 
3743.503983  	95.568463 
3743.861289  	95.981704 
3744.218596  	95.344134 
3744.575903  	92.137869 
3744.933210  	89.132689 
3745.290517  	89.424676 
3745.647824  	90.891216 
3746.005131  	92.349103 
3746.362438  	92.998400 
3746.719744  	93.289137 
3747.077051  	93.590652 
3747.434358  	93.966799 
3747.791665  	94.347988 
3748.148972  	94.434940 
3748.506279  	94.704607 
3748.863586  	95.141316 
3749.220892  	94.466417 
3749.578199  	92.004907 
3749.935506  	89.810109 
3750.292813  	90.935504 
3750.650120  	93.283997 
3751.007427  	94.841420 
3751.364734  	95.348810 
3751.722040  	94.896839 
3752.079347  	94.069042 
3752.436654  	92.512304 
3752.793961  	90.681247 
3753.151268  	90.620038 
3753.508575  	91.652435 
3753.865882  	92.613904 
3754.223188  	92.790435 
3754.580495  	92.838489 
3754.937802  	93.312781 
3755.295109  	93.571957 
3755.652416  	93.723875 
3756.009723  	93.753594 
3756.367030  	93.500763 
3756.724336  	93.084754 
3757.081643  	92.420562 
3757.438950  	92.409256 
3757.796257  	92.946535 
3758.153564  	93.183809 
3758.510871  	93.411443 
3758.868178  	93.867430 
3759.225484  	94.047376 
3759.582791  	93.507267 
3759.940098  	92.856701 
3760.297405  	92.149276 
3760.654712  	91.591277 
3761.012019  	92.037088 
3761.369326  	92.567405 
3761.726633  	92.985907 
3762.083939  	93.482185 
3762.441246  	93.614956 
3762.798553  	93.561634 
3763.155860  	93.340474 
3763.513167  	93.231333 
3763.870474  	93.486245 
3764.227781  	93.745576 
3764.585087  	94.099700 
3764.942394  	94.071270 
3765.299701  	93.618220 
3765.657008  	93.342376 
3766.014315  	92.588421 
3766.371622  	91.676202 
3766.728929  	91.957799 
3767.086235  	92.904000 
3767.443542  	93.414109 
3767.800849  	93.377120 
3768.158156  	93.489225 
3768.515463  	93.752052 
3768.872770  	94.178407 
3769.230077  	94.824461 
3769.587383  	94.610933 
3769.944690  	93.580232 
3770.301997  	92.781760 
3770.659304  	92.169525 
3771.016611  	92.369686 
3771.373918  	93.169866 
3771.731225  	93.444302 
3772.088531  	93.377621 
3772.445838  	93.455549 
3772.803145  	93.332137 
3773.160452  	93.140416 
3773.517759  	92.997948 
3773.875066  	93.040611 
3774.232373  	93.309930 
3774.589680  	93.262319 
3774.946986  	93.060447 
3775.304293  	92.962777 
3775.661600  	93.127565 
3776.018907  	93.323410 
3776.376214  	93.014570 
3776.733521  	93.003347 
3777.090828  	93.116639 
3777.448134  	92.905935 
3777.805441  	93.266545 
3778.162748  	93.689326 
3778.520055  	93.702274 
3778.877362  	93.710340 
3779.234669  	93.607369 
3779.591976  	92.985479 
3779.949282  	91.797310 
3780.306589  	91.609287 
3780.663896  	92.333824 
3781.021203  	92.912286 
3781.378510  	93.204071 
3781.735817  	93.024050 
3782.093124  	93.030090 
3782.450430  	93.036864 
3782.807737  	92.827467 
3783.165044  	93.119869 
3783.522351  	93.510194 
3783.879658  	93.872143 
3784.236965  	93.918958 
3784.594272  	93.336378 
3784.951578  	92.971393 
3785.308885  	92.802762 
3785.666192  	92.883748 
3786.023499  	93.217217 
3786.380806  	93.124674 
3786.738113  	92.844857 
3787.095420  	92.977797 
3787.452727  	93.321457 
3787.810033  	93.313411 
3788.167340  	93.309814 
3788.524647  	93.441866 
3788.881954  	93.175630 
3789.239261  	92.885475 
3789.596568  	92.772280 
3789.953875  	92.593985 
3790.311181  	92.612805 
3790.668488  	92.986198 
3791.025795  	93.335710 
3791.383102  	93.398208 
3791.740409  	93.524266 
3792.097716  	93.590764 
3792.455023  	93.267520 
3792.812329  	93.016255 
3793.169636  	93.206933 
3793.526943  	93.466925 
3793.884250  	93.426896 
3794.241557  	93.511163 
3794.598864  	93.547696 
3794.956171  	93.261652 
3795.313477  	93.425068 
3795.670784  	93.695268 
3796.028091  	93.600915 
3796.385398  	93.505293 
3796.742705  	92.783546 
3797.100012  	91.894730 
3797.457319  	92.091857 
3797.814625  	92.563417 
3798.171932  	92.695702 
3798.529239  	92.680749 
3798.886546  	92.834945 
3799.243853  	93.190308 
3799.601160  	93.525262 
3799.958467  	93.989537 
3800.315774  	94.844553 
3800.673080  	95.418142 
3801.030387  	94.941672 
3801.387694  	93.573398 
3801.745001  	91.863315 
3802.102308  	91.354349 
3802.459615  	91.868106 
3802.816922  	92.017949 
3803.174228  	91.962635 
3803.531535  	92.086098 
3803.888842  	92.543679 
3804.246149  	92.871338 
3804.603456  	92.759286 
3804.960763  	92.829758 
3805.318070  	93.359324 
3805.675376  	93.932698 
3806.032683  	94.291138 
3806.389990  	94.559863 
3806.747297  	94.585017 
3807.104604  	93.577362 
3807.461911  	91.903575 
3807.819218  	91.546135 
3808.176524  	92.519840 
3808.533831  	93.178558 
3808.891138  	93.133441 
3809.248445  	92.790189 
3809.605752  	92.692861 
3809.963059  	93.053274 
3810.320366  	93.294391 
3810.677672  	93.213707 
3811.034979  	93.048467 
3811.392286  	92.847815 
3811.749593  	92.899085 
3812.106900  	93.029971 
3812.464207  	93.200199 
3812.821514  	93.375087 
3813.178821  	93.197240 
3813.536127  	93.163216 
3813.893434  	93.324022 
3814.250741  	93.623992 
3814.608048  	94.251718 
3814.965355  	94.536907 
3815.322662  	94.491466 
3815.679969  	94.267847 
3816.037275  	93.372691 
3816.394582  	91.996745 
3816.751889  	90.979726 
3817.109196  	91.335599 
3817.466503  	92.434352 
3817.823810  	93.208201 
3818.181117  	93.387768 
3818.538423  	93.376452 
3818.895730  	93.569665 
3819.253037  	93.871505 
3819.610344  	94.170074 
3819.967651  	94.120727 
3820.324958  	93.911550 
3820.682265  	94.345229 
3821.039571  	94.372310 
3821.396878  	92.637765 
3821.754185  	90.922413 
3822.111492  	90.895594 
3822.468799  	91.882416 
3822.826106  	92.709830 
3823.183413  	93.006230 
3823.540719  	93.144681 
3823.898026  	93.119979 
3824.255333  	93.097537 
3824.612640  	93.290498 
3824.969947  	93.270284 
3825.327254  	93.245003 
3825.684561  	93.544179 
3826.041868  	93.298586 
3826.399174  	92.970313 
3826.756481  	93.403318 
3827.113788  	93.270951 
3827.471095  	92.607986 
3827.828402  	92.700813 
3828.185709  	93.005930 
3828.543016  	92.910435 
3828.900322  	92.702684 
3829.257629  	92.768645 
3829.614936  	92.979169 
3829.972243  	93.238818 
3830.329550  	93.562045 
3830.686857  	93.967193 
3831.044164  	94.068415 
3831.401470  	93.489106 
3831.758777  	92.912332 
3832.116084  	92.057277 
3832.473391  	91.269022 
3832.830698  	91.901506 
3833.188005  	92.840705 
3833.545312  	93.511530 
3833.902618  	93.827390 
3834.259925  	93.639114 
3834.617232  	93.518767 
3834.974539  	93.214917 
3835.331846  	92.448074 
3835.689153  	92.115520 
3836.046460  	92.704207 
3836.403766  	93.653484 
3836.761073  	94.437932 
3837.118380  	95.054307 
3837.475687  	95.099769 
3837.832994  	93.925119 
3838.190301  	91.910447 
3838.547608  	90.896489 
3838.904914  	92.098688 
3839.262221  	93.261076 
3839.619528  	93.571749 
3839.976835  	93.722404 
3840.334142  	93.388046 
3840.691449  	92.621650 
3841.048756  	92.214277 
3841.406063  	91.865910 
3841.763369  	92.024691 
3842.120676  	92.971126 
3842.477983  	93.694289 
3842.835290  	93.876629 
3843.192597  	93.828420 
3843.549904  	93.585594 
3843.907211  	92.679680 
3844.264517  	91.589897 
3844.621824  	91.780012 
3844.979131  	92.494962 
3845.336438  	92.558276 
3845.693745  	92.584834 
3846.051052  	92.802959 
3846.408359  	92.720450 
3846.765665  	92.736839 
3847.122972  	93.029296 
3847.480279  	93.100319 
3847.837586  	93.022507 
3848.194893  	93.045403 
3848.552200  	93.047445 
3848.909507  	92.918067 
3849.266813  	92.628993 
3849.624120  	92.439989 
3849.981427  	92.630383 
3850.338734  	92.928955 
3850.696041  	93.446342 
3851.053348  	94.251083 
3851.410655  	94.791678 
3851.767961  	94.924113 
3852.125268  	93.883777 
3852.482575  	92.047221 
3852.839882  	92.902066 
3853.197189  	94.915825 
3853.554496  	95.334048 
3853.911803  	94.940051 
3854.269110  	92.528536 
3854.626416  	88.852565 
3854.983723  	88.889584 
3855.341030  	90.673581 
3855.698337  	92.238239 
3856.055644  	93.118168 
3856.412951  	93.457667 
3856.770258  	93.574472 
3857.127564  	93.300825 
3857.484871  	92.680612 
3857.842178  	92.315332 
3858.199485  	92.463785 
3858.556792  	93.045565 
3858.914099  	93.421710 
3859.271406  	93.042760 
3859.628712  	92.691411 
3859.986019  	92.853741 
3860.343326  	93.087601 
3860.700633  	93.487807 
3861.057940  	93.980426 
3861.415247  	94.054411 
3861.772554  	93.529919 
3862.129860  	92.568325 
3862.487167  	92.071248 
3862.844474  	92.694561 
3863.201781  	93.447379 
3863.559088  	93.708205 
3863.916395  	93.860642 
3864.273702  	94.059453 
3864.631008  	93.774175 
3864.988315  	93.087160 
3865.345622  	92.107476 
3865.702929  	90.653803 
3866.060236  	90.619617 
3866.417543  	92.067027 
3866.774850  	92.930524 
3867.132157  	92.989236 
3867.489463  	93.019396 
3867.846770  	93.145719 
3868.204077  	93.396445 
3868.561384  	93.817086 
3868.918691  	94.479524 
3869.275998  	94.941437 
3869.633305  	94.261832 
3869.990611  	92.914803 
3870.347918  	91.806041 
3870.705225  	91.184384 
3871.062532  	91.732254 
3871.419839  	92.573960 
3871.777146  	92.937983 
3872.134453  	92.997331 
3872.491759  	93.066358 
3872.849066  	93.444838 
3873.206373  	93.841707 
3873.563680  	93.933468 
3873.920987  	93.789269 
3874.278294  	93.011178 
3874.635601  	91.549564 
3874.992907  	91.159744 
3875.350214  	92.086359 
3875.707521  	92.693863 
3876.064828  	92.755723 
3876.422135  	92.817975 
3876.779442  	92.728727 
3877.136749  	92.447491 
3877.494055  	92.581484 
3877.851362  	92.996433 
3878.208669  	92.891552 
3878.565976  	92.686780 
3878.923283  	93.146557 
3879.280590  	93.781976 
3879.637897  	94.157280 
3879.995204  	94.265373 
3880.352510  	93.472300 
3880.709817  	91.803676 
3881.067124  	91.126998 
3881.424431  	91.576199 
3881.781738  	91.986354 
3882.139045  	92.498800 
3882.496352  	93.056451 
3882.853658  	93.269917 
3883.210965  	92.991806 
3883.568272  	92.382521 
3883.925579  	92.251303 
3884.282886  	92.996686 
3884.640193  	93.938120 
3884.997500  	94.488252 
3885.354806  	94.240749 
3885.712113  	93.021953 
3886.069420  	91.003269 
3886.426727  	90.029119 
3886.784034  	91.372744 
3887.141341  	92.654263 
3887.498648  	93.026324 
3887.855954  	93.087869 
3888.213261  	92.949714 
3888.570568  	92.741692 
3888.927875  	92.719614 
3889.285182  	92.881965 
3889.642489  	93.102408 
3889.999796  	93.372113 
3890.357102  	93.727563 
3890.714409  	93.741084 
3891.071716  	93.170782 
3891.429023  	92.338829 
3891.786330  	91.374198 
3892.143637  	91.056924 
3892.500944  	91.725059 
3892.858251  	92.412734 
3893.215557  	92.783928 
3893.572864  	93.079285 
3893.930171  	93.166096 
3894.287478  	92.675493 
3894.644785  	92.140224 
3895.002092  	92.112745 
3895.359399  	92.379409 
3895.716705  	92.678382 
3896.074012  	92.596928 
3896.431319  	92.504187 
3896.788626  	93.038551 
3897.145933  	93.423178 
3897.503240  	93.447494 
3897.860547  	93.656120 
3898.217853  	93.798539 
3898.575160  	93.817520 
3898.932467  	93.554799 
3899.289774  	92.712719 
3899.647081  	91.670117 
3900.004388  	91.101113 
3900.361695  	91.870706 
3900.719001  	93.131430 
3901.076308  	93.730871 
3901.433615  	93.670583 
3901.790922  	93.368395 
3902.148229  	92.349146 
3902.505536  	91.130493 
3902.862843  	91.937537 
3903.220149  	93.511854 
3903.577456  	93.969943 
3903.934763  	93.543978 
3904.292070  	92.817664 
3904.649377  	92.221947 
3905.006684  	92.361225 
3905.363991  	92.771120 
3905.721298  	92.878901 
3906.078604  	92.762029 
3906.435911  	92.535859 
3906.793218  	92.282923 
3907.150525  	92.366050 
3907.507832  	92.768614 
3907.865139  	92.937322 
3908.222446  	92.829839 
3908.579752  	92.752018 
3908.937059  	92.758948 
3909.294366  	92.876310 
3909.651673  	92.938693 
3910.008980  	92.796555 
3910.366287  	92.560705 
3910.723594  	92.401898 
3911.080900  	92.572087 
3911.438207  	92.798065 
3911.795514  	92.715303 
3912.152821  	92.728229 
3912.510128  	92.938379 
3912.867435  	93.141415 
3913.224742  	93.189420 
3913.582048  	92.747618 
3913.939355  	92.311984 
3914.296662  	92.321325 
3914.653969  	92.392613 
3915.011276  	92.657484 
3915.368583  	93.110197 
3915.725890  	93.267917 
3916.083196  	93.200880 
3916.440503  	93.092359 
3916.797810  	92.852718 
3917.155117  	92.588956 
3917.512424  	92.383059 
3917.869731  	92.038250 
3918.227038  	91.882418 
3918.584344  	92.173642 
3918.941651  	92.648978 
3919.298958  	93.076298 
3919.656265  	93.044465 
3920.013572  	92.722473 
3920.370879  	92.307673 
3920.728186  	91.720422 
3921.085493  	91.798561 
3921.442799  	92.302841 
3921.800106  	92.448933 
3922.157413  	92.578795 
3922.514720  	92.879977 
3922.872027  	93.109388 
3923.229334  	93.236432 
3923.586641  	93.294937 
3923.943947  	93.095008 
3924.301254  	92.800899 
3924.658561  	92.821577 
3925.015868  	92.678728 
3925.373175  	92.134083 
3925.730482  	91.767728 
3926.087789  	92.013247 
3926.445095  	92.488586 
3926.802402  	92.562412 
3927.159709  	92.494741 
3927.517016  	92.522809 
3927.874323  	92.573520 
3928.231630  	92.648791 
3928.588937  	92.547916 
3928.946243  	92.518634 
3929.303550  	92.544813 
3929.660857  	92.415149 
3930.018164  	92.411728 
3930.375471  	92.662909 
3930.732778  	93.055886 
3931.090085  	92.920408 
3931.447391  	92.560438 
3931.804698  	92.741712 
3932.162005  	92.680895 
3932.519312  	92.315622 
3932.876619  	92.064098 
3933.233926  	92.021638 
3933.591233  	92.353712 
3933.948540  	92.572215 
3934.305846  	92.708299 
3934.663153  	92.726814 
3935.020460  	92.615693 
3935.377767  	92.784780 
3935.735074  	92.808173 
3936.092381  	92.664361 
3936.449688  	92.685950 
3936.806994  	92.695287 
3937.164301  	92.755144 
3937.521608  	92.876561 
3937.878915  	92.860638 
3938.236222  	92.619541 
3938.593529  	92.584043 
3938.950836  	92.964887 
3939.308142  	92.929756 
3939.665449  	92.522666 
3940.022756  	92.546731 
3940.380063  	92.639193 
3940.737370  	92.589277 
3941.094677  	92.853566 
3941.451984  	93.119496 
3941.809290  	93.170483 
3942.166597  	93.164089 
3942.523904  	93.007479 
3942.881211  	92.789568 
3943.238518  	92.268806 
3943.595825  	91.983732 
3943.953132  	92.403320 
3944.310438  	92.435518 
3944.667745  	92.318004 
3945.025052  	92.663938 
3945.382359  	92.780624 
3945.739666  	92.618943 
3946.096973  	92.621876 
3946.454280  	92.840723 
3946.811587  	93.114071 
3947.168893  	93.112568 
3947.526200  	92.613819 
3947.883507  	92.055634 
3948.240814  	92.214345 
3948.598121  	92.667547 
3948.955428  	93.008365 
3949.312735  	93.424784 
3949.670041  	93.541631 
3950.027348  	93.238548 
3950.384655  	92.639474 
3950.741962  	92.369211 
3951.099269  	92.790037 
3951.456576  	92.883622 
3951.813883  	92.706870 
3952.171189  	92.867851 
3952.528496  	92.927125 
3952.885803  	92.765844 
3953.243110  	92.639302 
3953.600417  	92.548221 
3953.957724  	92.613314 
3954.315031  	92.780834 
3954.672337  	92.829022 
3955.029644  	92.770454 
3955.386951  	92.631926 
3955.744258  	92.606513 
3956.101565  	92.925279 
3956.458872  	93.230927 
3956.816179  	93.195153 
3957.173485  	92.887633 
3957.530792  	92.642487 
3957.888099  	92.673373 
3958.245406  	92.511496 
3958.602713  	92.235060 
3958.960020  	92.361548 
3959.317327  	92.675124 
3959.674634  	92.948351 
3960.031940  	93.076702 
3960.389247  	93.009207 
3960.746554  	92.983787 
3961.103861  	93.044006 
3961.461168  	93.017976 
3961.818475  	92.815135 
3962.175782  	92.573628 
3962.533088  	92.396263 
3962.890395  	92.402201 
3963.247702  	92.754441 
3963.605009  	93.053807 
3963.962316  	92.831389 
3964.319623  	92.488031 
3964.676930  	92.627312 
3965.034236  	92.855981 
3965.391543  	92.740434 
3965.748850  	92.713415 
3966.106157  	92.818133 
3966.463464  	92.673666 
3966.820771  	92.482376 
3967.178078  	92.574688 
3967.535384  	92.718900 
3967.892691  	92.626701 
3968.249998  	92.557269 
3968.607305  	92.671246 
3968.964612  	92.766167 
3969.321919  	92.720097 
3969.679226  	92.489837 
3970.036532  	92.326699 
3970.393839  	92.563631 
3970.751146  	92.923061 
3971.108453  	92.859896 
3971.465760  	92.642654 
3971.823067  	92.790028 
3972.180374  	92.917181 
3972.537681  	92.777800 
3972.894987  	92.519098 
3973.252294  	92.331225 
3973.609601  	92.638615 
3973.966908  	92.927572 
3974.324215  	92.792945 
3974.681522  	92.910863 
3975.038829  	93.049356 
3975.396135  	92.955033 
3975.753442  	93.132552 
3976.110749  	93.138364 
3976.468056  	92.770420 
3976.825363  	92.797111 
3977.182670  	93.213140 
3977.539977  	93.260639 
3977.897283  	92.867784 
3978.254590  	92.773654 
3978.611897  	92.977419 
3978.969204  	92.906528 
3979.326511  	92.748377 
3979.683818  	92.596806 
3980.041125  	92.509136 
3980.398431  	92.623654 
3980.755738  	92.610493 
3981.113045  	92.690371 
3981.470352  	92.863618 
3981.827659  	92.720486 
3982.184966  	92.648830 
3982.542273  	92.766134 
3982.899579  	92.739753 
3983.256886  	92.562238 
3983.614193  	92.609886 
3983.971500  	92.865356 
3984.328807  	92.757466 
3984.686114  	92.563280 
3985.043421  	92.486479 
3985.400728  	92.410096 
3985.758034  	92.649027 
3986.115341  	92.643665 
3986.472648  	92.341404 
3986.829955  	92.586529 
3987.187262  	92.909816 
3987.544569  	92.747626 
3987.901876  	92.679066 
3988.259182  	92.933942 
3988.616489  	93.109796 
3988.973796  	93.330836 
3989.331103  	93.408983 
3989.688410  	92.900073 
3990.045717  	92.678728 
3990.403024  	92.892752 
3990.760330  	92.804646 
3991.117637  	92.881342 
3991.474944  	93.115070 
3991.832251  	93.006185 
3992.189558  	92.785855 
3992.546865  	92.591397 
3992.904172  	92.615834 
3993.261478  	92.862362 
3993.618785  	92.918634 
3993.976092  	92.915766 
3994.333399  	92.952714 
3994.690706  	92.784481 
3995.048013  	92.757056 
3995.405320  	92.952300 
3995.762626  	92.968253 
3996.119933  	92.945951 
3996.477240  	93.071220 
3996.834547  	93.253728 
3997.191854  	93.234898 
3997.549161  	93.073887 
3997.906468  	93.074856 
3998.263775  	93.013399 
3998.621081  	92.978518 
3998.978388  	93.014876 
3999.335695  	92.932983 
3999.693002  	92.926400 
4000.050309  	92.736645 