##TITLE=N58_o-toluidine_2
##DATA TYPE=INFRARED SPECTRUM
##XUNITS=1/CM
##YUNITS=%T
399.826377  	62.524294 
400.183684  	57.753148 
400.540991  	54.982772 
400.898298  	63.132046 
401.255605  	63.479780 
401.612912  	61.193351 
401.970219  	62.279286 
402.327525  	62.708952 
402.684832  	61.941199 
403.042139  	60.806030 
403.399446  	61.184160 
403.756753  	62.146843 
404.114060  	62.660116 
404.471367  	64.283484 
404.828674  	63.401918 
405.185980  	60.034687 
405.543287  	57.340942 
405.900594  	56.428714 
406.257901  	57.218720 
406.615208  	57.262838 
406.972515  	58.584884 
407.329822  	61.797543 
407.687128  	60.676942 
408.044435  	58.163157 
408.401742  	59.591550 
408.759049  	58.878112 
409.116356  	56.317919 
409.473663  	58.542164 
409.830970  	60.997422 
410.188276  	61.220487 
410.545583  	61.501498 
410.902890  	60.337069 
411.260197  	59.760318 
411.617504  	59.266363 
411.974811  	58.394390 
412.332118  	59.671145 
412.689424  	59.460659 
413.046731  	57.909953 
413.404038  	58.006652 
413.761345  	58.591038 
414.118652  	59.873005 
414.475959  	60.018224 
414.833266  	57.243513 
415.190572  	55.561653 
415.547879  	56.913775 
415.905186  	58.502104 
416.262493  	58.970935 
416.619800  	56.455967 
416.977107  	53.405433 
417.334414  	54.762382 
417.691720  	57.316757 
418.049027  	54.662172 
418.406334  	50.489428 
418.763641  	51.931305 
419.120948  	57.524072 
419.478255  	56.578396 
419.835562  	50.619670 
420.192869  	51.000972 
420.550175  	52.995573 
420.907482  	54.362836 
421.264789  	54.258187 
421.622096  	53.025559 
421.979403  	53.456627 
422.336710  	54.062579 
422.694017  	52.782312 
423.051323  	52.575559 
423.408630  	55.678579 
423.765937  	55.765666 
424.123244  	54.477214 
424.480551  	54.471614 
424.837858  	53.717961 
425.195165  	52.279711 
425.552471  	54.636591 
425.909778  	58.021375 
426.267085  	57.144064 
426.624392  	52.920910 
426.981699  	52.980149 
427.339006  	55.068472 
427.696313  	54.290733 
428.053619  	53.969939 
428.410926  	54.131426 
428.768233  	53.821236 
429.125540  	53.910435 
429.482847  	53.751218 
429.840154  	54.506166 
430.197461  	54.315861 
430.554767  	51.770927 
430.912074  	50.281917 
431.269381  	51.691413 
431.626688  	52.956223 
431.983995  	52.169911 
432.341302  	52.198850 
432.698609  	52.661245 
433.055916  	50.558938 
433.413222  	47.971448 
433.770529  	46.024997 
434.127836  	44.222706 
434.485143  	43.696386 
434.842450  	42.466673 
435.199757  	39.550265 
435.557064  	39.013797 
435.914370  	40.997695 
436.271677  	41.363752 
436.628984  	37.100205 
436.986291  	33.578365 
437.343598  	32.367952 
437.700905  	31.983946 
438.058212  	31.291152 
438.415518  	30.475582 
438.772825  	30.568853 
439.130132  	31.994727 
439.487439  	33.010415 
439.844746  	32.937269 
440.202053  	35.354619 
440.559360  	38.926757 
440.916666  	39.479787 
441.273973  	40.415261 
441.631280  	43.756675 
441.988587  	45.824212 
442.345894  	46.464378 
442.703201  	49.190765 
443.060508  	52.291671 
443.417814  	54.566384 
443.775121  	56.818229 
444.132428  	57.146516 
444.489735  	57.703350 
444.847042  	59.828747 
445.204349  	61.633410 
445.561656  	64.630729 
445.918963  	68.198435 
446.276269  	68.026047 
446.633576  	67.015938 
446.990883  	67.985665 
447.348190  	68.269229 
447.705497  	68.914969 
448.062804  	69.160393 
448.420111  	68.742763 
448.777417  	69.629730 
449.134724  	69.559317 
449.492031  	67.768051 
449.849338  	67.379159 
450.206645  	69.571338 
450.563952  	71.808109 
450.921259  	71.911364 
451.278565  	71.187516 
451.635872  	69.235558 
451.993179  	67.893191 
452.350486  	70.615863 
452.707793  	73.891584 
453.065100  	73.339949 
453.422407  	72.131417 
453.779713  	71.495398 
454.137020  	71.195592 
454.494327  	71.863716 
454.851634  	71.286703 
455.208941  	69.127198 
455.566248  	69.270460 
455.923555  	70.621484 
456.280861  	70.825673 
456.638168  	71.104503 
456.995475  	70.011833 
457.352782  	68.421984 
457.710089  	66.373648 
458.067396  	67.017520 
458.424703  	70.764477 
458.782010  	70.154909 
459.139316  	67.845744 
459.496623  	68.974307 
459.853930  	69.198109 
460.211237  	67.438343 
460.568544  	67.396920 
460.925851  	68.384155 
461.283158  	68.975891 
461.640464  	69.398877 
461.997771  	69.341305 
462.355078  	68.007770 
462.712385  	67.214144 
463.069692  	67.083271 
463.426999  	66.506397 
463.784306  	67.780337 
464.141612  	67.687108 
464.498919  	65.513878 
464.856226  	66.769169 
465.213533  	68.930850 
465.570840  	68.823390 
465.928147  	67.533469 
466.285454  	66.375817 
466.642760  	66.613725 
467.000067  	66.504604 
467.357374  	66.490534 
467.714681  	67.410739 
468.071988  	66.190125 
468.429295  	64.912909 
468.786602  	65.660884 
469.143908  	66.109656 
469.501215  	65.115074 
469.858522  	64.591423 
470.215829  	65.646824 
470.573136  	66.620006 
470.930443  	66.743550 
471.287750  	65.674813 
471.645057  	65.404752 
472.002363  	67.891997 
472.359670  	68.519023 
472.716977  	65.944685 
473.074284  	65.096749 
473.431591  	65.060525 
473.788898  	65.635264 
474.146205  	65.188804 
474.503511  	64.255475 
474.860818  	63.552283 
475.218125  	62.888728 
475.575432  	64.660736 
475.932739  	66.087352 
476.290046  	65.657252 
476.647353  	66.138183 
477.004659  	64.953175 
477.361966  	63.845152 
477.719273  	65.177350 
478.076580  	65.682218 
478.433887  	65.521523 
478.791194  	65.115585 
479.148501  	63.552291 
479.505807  	63.901563 
479.863114  	65.617779 
480.220421  	64.945599 
480.577728  	64.197830 
480.935035  	64.758034 
481.292342  	63.793766 
481.649649  	63.113040 
482.006955  	64.563467 
482.364262  	64.468162 
482.721569  	62.088938 
483.078876  	61.642910 
483.436183  	62.927599 
483.793490  	62.932404 
484.150797  	62.305395 
484.508104  	62.653034 
484.865410  	63.065352 
485.222717  	62.450142 
485.580024  	61.991919 
485.937331  	63.461456 
486.294638  	64.520147 
486.651945  	63.913395 
487.009252  	63.075401 
487.366558  	62.689885 
487.723865  	63.485442 
488.081172  	63.636961 
488.438479  	63.545666 
488.795786  	64.159532 
489.153093  	63.138099 
489.510400  	62.124276 
489.867706  	62.305103 
490.225013  	61.827571 
490.582320  	61.612162 
490.939627  	61.789219 
491.296934  	61.647524 
491.654241  	62.249382 
492.011548  	62.907311 
492.368854  	61.570351 
492.726161  	60.142507 
493.083468  	60.285940 
493.440775  	61.623246 
493.798082  	62.680991 
494.155389  	61.036770 
494.512696  	59.520328 
494.870002  	60.858287 
495.227309  	60.571267 
495.584616  	59.634453 
495.941923  	61.057289 
496.299230  	61.320125 
496.656537  	60.843693 
497.013844  	61.189110 
497.371151  	60.880353 
497.728457  	60.652741 
498.085764  	60.157226 
498.443071  	59.727896 
498.800378  	60.805933 
499.157685  	61.102568 
499.514992  	59.967297 
499.872299  	59.206254 
500.229605  	58.232599 
500.586912  	57.312130 
500.944219  	58.069196 
501.301526  	59.760173 
501.658833  	60.426163 
502.016140  	59.629883 
502.373447  	57.743645 
502.730753  	57.087131 
503.088060  	57.905777 
503.445367  	58.585940 
503.802674  	58.740215 
504.159981  	59.027023 
504.517288  	58.660317 
504.874595  	58.360887 
505.231901  	58.550771 
505.589208  	58.238412 
505.946515  	57.840088 
506.303822  	57.628968 
506.661129  	57.462968 
507.018436  	56.856499 
507.375743  	56.841574 
507.733049  	57.385171 
508.090356  	56.117590 
508.447663  	54.992136 
508.804970  	55.636131 
509.162277  	56.090589 
509.519584  	56.596763 
509.876891  	56.298095 
510.234197  	55.082134 
510.591504  	54.602968 
510.948811  	54.124709 
511.306118  	53.826483 
511.663425  	54.020189 
512.020732  	54.134139 
512.378039  	54.326667 
512.735346  	54.382237 
513.092652  	54.643650 
513.449959  	54.824661 
513.807266  	54.007145 
514.164573  	53.068908 
514.521880  	53.042581 
514.879187  	54.191428 
515.236494  	55.531901 
515.593800  	55.130324 
515.951107  	54.559461 
516.308414  	55.232854 
516.665721  	55.277688 
517.023028  	56.043546 
517.380335  	57.527341 
517.737642  	57.361701 
518.094948  	57.151533 
518.452255  	57.386907 
518.809562  	56.983391 
519.166869  	56.877164 
519.524176  	57.778750 
519.881483  	58.988576 
520.238790  	58.677098 
520.596096  	58.079606 
520.953403  	58.080772 
521.310710  	57.769388 
521.668017  	57.839306 
522.025324  	57.505704 
522.382631  	56.630467 
522.739938  	57.060090 
523.097244  	57.344978 
523.454551  	57.143271 
523.811858  	56.869672 
524.169165  	55.948960 
524.526472  	55.294868 
524.883779  	54.908178 
525.241086  	55.235148 
525.598393  	55.976086 
525.955699  	55.777511 
526.313006  	55.096914 
526.670313  	54.036413 
527.027620  	53.219295 
527.384927  	53.621724 
527.742234  	53.865854 
528.099541  	53.665659 
528.456847  	53.236045 
528.814154  	52.391022 
529.171461  	52.361566 
529.528768  	52.484540 
529.886075  	51.450028 
530.243382  	51.032891 
530.600689  	51.392922 
530.957995  	50.976870 
531.315302  	50.223137 
531.672609  	49.441404 
532.029916  	49.451405 
532.387223  	50.392553 
532.744530  	50.596112 
533.101837  	50.100210 
533.459143  	49.456806 
533.816450  	48.942390 
534.173757  	49.013551 
534.531064  	49.147645 
534.888371  	48.913079 
535.245678  	48.371232 
535.602985  	48.146965 
535.960291  	48.273154 
536.317598  	48.826258 
536.674905  	49.800855 
537.032212  	49.299741 
537.389519  	48.763958 
537.746826  	50.034663 
538.104133  	50.635429 
538.461440  	50.459848 
538.818746  	50.796430 
539.176053  	51.609508 
539.533360  	52.888710 
539.890667  	53.615538 
540.247974  	54.007551 
540.605281  	54.662400 
540.962588  	55.286228 
541.319894  	56.014208 
541.677201  	56.772971 
542.034508  	57.777944 
542.391815  	58.687815 
542.749122  	59.402909 
543.106429  	60.783397 
543.463736  	62.056664 
543.821042  	62.638072 
544.178349  	63.093622 
544.535656  	63.528656 
544.892963  	64.221416 
545.250270  	65.005058 
545.607577  	65.305466 
545.964884  	65.358567 
546.322190  	65.783163 
546.679497  	66.662095 
547.036804  	66.969061 
547.394111  	66.675446 
547.751418  	67.051701 
548.108725  	67.975884 
548.466032  	68.196562 
548.823338  	67.518835 
549.180645  	66.872024 
549.537952  	67.092655 
549.895259  	67.570017 
550.252566  	67.443282 
550.609873  	66.899755 
550.967180  	66.624938 
551.324487  	66.654866 
551.681793  	66.328784 
552.039100  	66.266266 
552.396407  	66.576880 
552.753714  	66.289772 
553.111021  	66.246071 
553.468328  	66.274865 
553.825635  	65.716490 
554.182941  	65.925456 
554.540248  	66.419713 
554.897555  	65.622193 
555.254862  	64.609573 
555.612169  	64.421557 
555.969476  	64.335911 
556.326783  	64.271598 
556.684089  	64.423499 
557.041396  	64.423787 
557.398703  	64.719987 
557.756010  	64.555067 
558.113317  	63.861903 
558.470624  	64.368393 
558.827931  	64.448963 
559.185237  	63.578918 
559.542544  	63.925357 
559.899851  	64.198627 
560.257158  	63.550254 
560.614465  	63.425904 
560.971772  	63.685236 
561.329079  	63.640045 
561.686385  	63.117734 
562.043692  	62.545420 
562.400999  	62.501147 
562.758306  	62.603390 
563.115613  	62.604854 
563.472920  	62.733956 
563.830227  	62.369952 
564.187534  	61.608764 
564.544840  	61.527962 
564.902147  	61.687100 
565.259454  	61.658819 
565.616761  	61.486058 
565.974068  	60.777507 
566.331375  	60.556035 
566.688682  	60.927345 
567.045988  	60.697895 
567.403295  	60.550751 
567.760602  	61.035528 
568.117909  	61.359793 
568.475216  	61.083813 
568.832523  	60.724372 
569.189830  	60.707438 
569.547136  	60.467130 
569.904443  	60.421256 
570.261750  	60.949244 
570.619057  	61.086045 
570.976364  	60.495447 
571.333671  	59.550829 
571.690978  	59.020482 
572.048284  	59.181232 
572.405591  	59.337044 
572.762898  	59.392945 
573.120205  	59.261195 
573.477512  	59.067574 
573.834819  	59.524796 
574.192126  	59.771953 
574.549432  	59.512264 
574.906739  	59.881214 
575.264046  	59.909821 
575.621353  	59.147915 
575.978660  	58.611880 
576.335967  	58.087104 
576.693274  	58.199615 
577.050581  	59.063248 
577.407887  	59.241134 
577.765194  	58.814946 
578.122501  	58.821185 
578.479808  	58.930390 
578.837115  	58.540862 
579.194422  	57.942210 
579.551729  	57.717896 
579.909035  	57.761344 
580.266342  	57.697095 
580.623649  	57.535860 
580.980956  	57.688842 
581.338263  	57.839979 
581.695570  	57.590494 
582.052877  	57.676465 
582.410183  	57.970279 
582.767490  	57.851689 
583.124797  	57.816013 
583.482104  	57.854925 
583.839411  	57.989495 
584.196718  	58.450640 
584.554025  	58.791756 
584.911331  	59.181098 
585.268638  	59.850881 
585.625945  	60.150519 
585.983252  	60.326808 
586.340559  	60.857328 
586.697866  	61.184055 
587.055173  	61.519396 
587.412479  	61.727583 
587.769786  	61.123570 
588.127093  	61.062113 
588.484400  	61.455206 
588.841707  	61.026405 
589.199014  	60.754943 
589.556321  	60.421754 
589.913627  	59.745999 
590.270934  	59.591601 
590.628241  	59.493746 
590.985548  	59.839445 
591.342855  	60.521829 
591.700162  	59.990397 
592.057469  	59.089673 
592.414776  	59.211200 
592.772082  	59.725761 
593.129389  	60.106376 
593.486696  	59.996725 
593.844003  	59.644320 
594.201310  	59.339536 
594.558617  	59.136461 
594.915924  	59.103297 
595.273230  	58.585076 
595.630537  	58.052409 
595.987844  	58.786483 
596.345151  	59.658275 
596.702458  	59.360717 
597.059765  	58.997017 
597.417072  	58.943493 
597.774378  	58.495653 
598.131685  	58.272055 
598.488992  	58.572486 
598.846299  	58.684660 
599.203606  	58.914902 
599.560913  	59.282358 
599.918220  	59.321184 
600.275526  	59.218192 
600.632833  	58.952897 
600.990140  	58.754279 
601.347447  	58.743299 
601.704754  	58.682055 
602.062061  	58.703617 
602.419368  	58.685924 
602.776674  	58.690631 
603.133981  	58.552103 
603.491288  	58.216207 
603.848595  	58.270858 
604.205902  	58.140821 
604.563209  	57.815850 
604.920516  	57.991627 
605.277823  	58.213801 
605.635129  	58.209909 
605.992436  	57.817550 
606.349743  	57.703112 
606.707050  	58.140355 
607.064357  	57.996772 
607.421664  	57.949315 
607.778971  	58.268305 
608.136277  	57.984936 
608.493584  	57.818922 
608.850891  	57.661384 
609.208198  	57.244064 
609.565505  	57.657264 
609.922812  	58.025402 
610.280119  	57.784307 
610.637425  	58.106009 
610.994732  	58.126534 
611.352039  	57.432339 
611.709346  	57.436056 
612.066653  	57.879488 
612.423960  	58.093464 
612.781267  	58.136028 
613.138573  	58.038572 
613.495880  	57.810831 
613.853187  	57.571504 
614.210494  	57.796767 
614.567801  	57.932671 
614.925108  	57.723147 
615.282415  	57.876755 
615.639721  	57.898801 
615.997028  	57.700940 
616.354335  	57.556150 
616.711642  	57.373197 
617.068949  	57.577889 
617.426256  	58.009448 
617.783563  	58.235571 
618.140870  	57.923510 
618.498176  	57.433801 
618.855483  	57.380491 
619.212790  	57.441958 
619.570097  	57.787204 
619.927404  	58.290510 
620.284711  	58.278238 
620.642018  	57.966617 
620.999324  	57.658809 
621.356631  	57.581807 
621.713938  	57.561421 
622.071245  	57.494139 
622.428552  	57.776281 
622.785859  	58.055849 
623.143166  	57.893027 
623.500472  	57.639921 
623.857779  	57.633165 
624.215086  	57.582378 
624.572393  	57.621829 
624.929700  	57.902204 
625.287007  	57.720014 
625.644314  	57.346864 
626.001620  	57.290502 
626.358927  	57.400452 
626.716234  	57.477689 
627.073541  	57.223935 
627.430848  	57.208007 
627.788155  	57.479573 
628.145462  	57.752417 
628.502768  	58.100336 
628.860075  	57.817057 
629.217382  	57.583150 
629.574689  	58.013210 
629.931996  	57.981151 
630.289303  	57.701287 
630.646610  	57.570094 
631.003917  	57.212757 
631.361223  	57.126973 
631.718530  	57.590171 
632.075837  	58.018944 
632.433144  	58.105566 
632.790451  	57.893331 
633.147758  	57.511301 
633.505065  	57.671483 
633.862371  	58.273613 
634.219678  	58.494567 
634.576985  	58.577624 
634.934292  	58.597353 
635.291599  	58.294186 
635.648906  	57.990090 
636.006213  	57.854970 
636.363519  	57.882203 
636.720826  	57.790560 
637.078133  	57.452672 
637.435440  	57.657386 
637.792747  	58.204820 
638.150054  	58.117679 
638.507361  	57.698913 
638.864667  	57.678084 
639.221974  	57.948878 
639.579281  	58.058800 
639.936588  	57.889901 
640.293895  	57.927337 
640.651202  	58.118385 
641.008509  	58.211421 
641.365815  	58.110224 
641.723122  	57.694309 
642.080429  	57.706435 
642.437736  	58.047753 
642.795043  	58.035865 
643.152350  	58.184423 
643.509657  	58.377117 
643.866964  	58.488594 
644.224270  	58.595009 
644.581577  	58.267988 
644.938884  	58.113010 
645.296191  	58.229325 
645.653498  	58.294301 
646.010805  	58.362140 
646.368112  	58.428532 
646.725418  	58.641443 
647.082725  	58.451456 
647.440032  	57.973575 
647.797339  	57.869147 
648.154646  	57.730456 
648.511953  	57.935976 
648.869260  	58.466777 
649.226566  	58.547385 
649.583873  	58.315788 
649.941180  	58.024234 
650.298487  	58.170208 
650.655794  	58.396022 
651.013101  	58.077468 
651.370408  	57.947035 
651.727714  	58.268665 
652.085021  	58.599189 
652.442328  	58.584457 
652.799635  	58.423992 
653.156942  	58.305841 
653.514249  	58.196851 
653.871556  	58.051625 
654.228862  	57.821987 
654.586169  	58.076420 
654.943476  	58.678754 
655.300783  	58.437486 
655.658090  	58.028203 
656.015397  	58.308657 
656.372704  	58.894598 
656.730011  	59.092728 
657.087317  	58.788838 
657.444624  	58.749121 
657.801931  	59.135038 
658.159238  	59.315681 
658.516545  	58.955484 
658.873852  	58.396255 
659.231159  	58.131258 
659.588465  	58.403579 
659.945772  	58.667406 
660.303079  	58.677030 
660.660386  	58.756702 
661.017693  	58.642631 
661.375000  	58.649899 
661.732307  	59.170743 
662.089613  	59.227294 
662.446920  	59.002099 
662.804227  	58.951908 
663.161534  	58.589581 
663.518841  	58.502137 
663.876148  	58.704657 
664.233455  	58.745686 
664.590761  	58.668918 
664.948068  	58.526783 
665.305375  	58.954140 
665.662682  	59.404510 
666.019989  	59.018023 
666.377296  	58.763190 
666.734603  	59.101177 
667.091909  	59.503710 
667.449216  	59.387103 
667.806523  	57.985318 
668.163830  	60.092723 
668.521137  	60.196796 
668.878444  	59.473929 
669.235751  	58.778347 
669.593057  	58.751685 
669.950364  	59.255486 
670.307671  	59.144695 
670.664978  	59.180774 
671.022285  	59.815558 
671.379592  	59.815824 
671.736899  	59.451029 
672.094206  	59.505831 
672.451512  	59.550909 
672.808819  	59.258319 
673.166126  	58.974247 
673.523433  	59.368620 
673.880740  	60.005851 
674.238047  	59.891469 
674.595354  	59.626838 
674.952660  	59.909379 
675.309967  	59.666154 
675.667274  	59.213532 
676.024581  	59.428173 
676.381888  	59.801319 
676.739195  	60.124578 
677.096502  	60.131958 
677.453808  	59.957995 
677.811115  	60.061178 
678.168422  	59.800004 
678.525729  	59.670625 
678.883036  	59.773648 
679.240343  	59.638615 
679.597650  	59.781968 
679.954956  	59.698870 
680.312263  	59.706998 
680.669570  	60.287389 
681.026877  	60.377365 
681.384184  	60.335255 
681.741491  	60.601116 
682.098798  	60.751961 
682.456104  	60.461684 
682.813411  	60.135573 
683.170718  	60.506623 
683.528025  	60.640710 
683.885332  	60.268562 
684.242639  	60.199967 
684.599946  	60.311166 
684.957253  	60.969926 
685.314559  	61.368292 
685.671866  	60.659372 
686.029173  	60.359345 
686.386480  	60.302828 
686.743787  	60.220436 
687.101094  	60.398116 
687.458401  	60.327728 
687.815707  	60.301816 
688.173014  	60.402367 
688.530321  	60.352043 
688.887628  	60.052583 
689.244935  	60.022965 
689.602242  	60.515307 
689.959549  	60.641380 
690.316855  	60.579648 
690.674162  	60.678982 
691.031469  	60.768345 
691.388776  	61.117668 
691.746083  	60.870682 
692.103390  	60.260546 
692.460697  	60.325642 
692.818003  	60.268708 
693.175310  	60.191525 
693.532617  	60.428283 
693.889924  	60.564098 
694.247231  	60.455511 
694.604538  	60.293662 
694.961845  	60.346133 
695.319151  	60.298216 
695.676458  	60.356173 
696.033765  	60.801765 
696.391072  	61.134713 
696.748379  	61.224957 
697.105686  	60.961837 
697.462993  	60.611063 
697.820300  	60.391734 
698.177606  	60.211964 
698.534913  	60.383348 
698.892220  	60.593941 
699.249527  	60.639349 
699.606834  	60.534063 
699.964141  	60.096347 
700.321448  	59.960970 
700.678754  	60.361829 
701.036061  	60.577976 
701.393368  	60.284898 
701.750675  	59.983408 
702.107982  	59.870366 
702.465289  	59.694648 
702.822596  	59.770755 
703.179902  	59.874497 
703.537209  	59.743855 
703.894516  	59.725718 
704.251823  	59.644075 
704.609130  	59.601927 
704.966437  	59.585434 
705.323744  	59.199693 
705.681050  	58.877962 
706.038357  	58.775067 
706.395664  	58.313530 
706.752971  	57.983812 
707.110278  	58.628266 
707.467585  	58.951816 
707.824892  	58.116779 
708.182198  	57.704403 
708.539505  	57.840724 
708.896812  	57.503597 
709.254119  	57.070390 
709.611426  	56.957090 
709.968733  	56.910585 
710.326040  	56.514283 
710.683347  	55.644280 
711.040653  	54.885133 
711.397960  	54.461302 
711.755267  	53.869692 
712.112574  	53.353816 
712.469881  	53.155139 
712.827188  	52.807032 
713.184495  	52.388608 
713.541801  	51.960820 
713.899108  	51.708784 
714.256415  	51.935033 
714.613722  	52.222546 
714.971029  	52.605835 
715.328336  	53.237836 
715.685643  	53.922463 
716.042949  	54.472616 
716.400256  	55.133257 
716.757563  	56.596697 
717.114870  	58.065151 
717.472177  	59.020423 
717.829484  	60.108774 
718.186791  	60.743473 
718.544097  	61.195055 
718.901404  	62.054812 
719.258711  	62.677282 
719.616018  	63.256701 
719.973325  	63.703940 
720.330632  	63.735240 
720.687939  	64.108065 
721.045245  	64.579758 
721.402552  	64.373630 
721.759859  	64.050209 
722.117166  	64.000640 
722.474473  	63.693351 
722.831780  	63.378041 
723.189087  	63.351426 
723.546394  	63.137880 
723.903700  	62.893620 
724.261007  	62.966028 
724.618314  	63.111823 
724.975621  	63.036472 
725.332928  	62.755675 
725.690235  	62.526055 
726.047542  	62.289184 
726.404848  	61.728445 
726.762155  	61.167310 
727.119462  	60.903923 
727.476769  	60.424923 
727.834076  	59.924052 
728.191383  	59.652200 
728.548690  	59.150171 
728.905996  	58.786020 
729.263303  	58.540274 
729.620610  	58.007330 
729.977917  	57.510566 
730.335224  	57.047769 
730.692531  	56.533459 
731.049838  	55.840367 
731.407144  	55.101533 
731.764451  	54.570911 
732.121758  	53.973734 
732.479065  	53.415953 
732.836372  	52.605407 
733.193679  	51.441239 
733.550986  	50.604757 
733.908292  	49.882705 
734.265599  	49.137457 
734.622906  	48.343289 
734.980213  	47.230662 
735.337520  	46.198548 
735.694827  	45.216592 
736.052134  	43.980681 
736.409441  	42.857530 
736.766747  	41.870593 
737.124054  	40.576697 
737.481361  	39.206144 
737.838668  	38.119978 
738.195975  	36.851109 
738.553282  	35.036137 
738.910589  	33.158803 
739.267895  	31.758988 
739.625202  	30.652979 
739.982509  	29.447506 
740.339816  	28.083648 
740.697123  	26.742905 
741.054430  	25.646489 
741.411737  	24.565786 
741.769043  	23.367487 
742.126350  	22.090894 
742.483657  	21.046319 
742.840964  	20.751750 
743.198271  	20.465829 
743.555578  	19.943972 
743.912885  	19.717629 
744.270191  	19.468305 
744.627498  	19.349732 
744.984805  	19.190628 
745.342112  	19.003952 
745.699419  	19.610315 
746.056726  	20.257742 
746.414033  	20.491691 
746.771339  	20.836072 
747.128646  	21.129458 
747.485953  	21.372762 
747.843260  	21.738007 
748.200567  	22.490464 
748.557874  	23.327580 
748.915181  	23.728836 
749.272488  	24.139967 
749.629794  	24.622382 
749.987101  	25.206112 
750.344408  	26.056484 
750.701715  	26.820421 
751.059022  	27.658188 
751.416329  	28.646770 
751.773636  	29.642205 
752.130942  	30.737228 
752.488249  	31.865762 
752.845556  	32.978602 
753.202863  	33.682532 
753.560170  	34.130851 
753.917477  	35.228522 
754.274784  	36.720194 
754.632090  	37.862761 
754.989397  	38.950542 
755.346704  	40.358359 
755.704011  	41.597561 
756.061318  	42.537944 
756.418625  	43.634965 
756.775932  	44.725190 
757.133238  	45.923619 
757.490545  	47.425773 
757.847852  	48.638806 
758.205159  	49.439376 
758.562466  	50.241540 
758.919773  	51.260206 
759.277080  	52.448290 
759.634386  	53.524669 
759.991693  	54.462614 
760.349000  	55.462228 
760.706307  	56.352445 
761.063614  	57.031918 
761.420921  	58.011256 
761.778228  	59.215695 
762.135534  	60.078465 
762.492841  	60.990621 
762.850148  	62.173192 
763.207455  	63.058156 
763.564762  	63.592878 
763.922069  	64.364265 
764.279376  	65.622280 
764.636683  	66.487016 
764.993989  	66.478073 
765.351296  	66.715093 
765.708603  	67.692852 
766.065910  	68.606941 
766.423217  	68.990958 
766.780524  	69.166259 
767.137831  	69.683189 
767.495137  	70.387115 
767.852444  	70.828340 
768.209751  	71.299217 
768.567058  	71.867389 
768.924365  	72.353242 
769.281672  	72.885135 
769.638979  	73.037587 
769.996285  	73.093790 
770.353592  	73.882719 
770.710899  	74.469668 
771.068206  	74.291461 
771.425513  	74.375349 
771.782820  	74.822261 
772.140127  	75.148933 
772.497433  	75.375431 
772.854740  	75.576289 
773.212047  	75.775342 
773.569354  	75.979593 
773.926661  	76.293627 
774.283968  	76.573423 
774.641275  	76.729681 
774.998581  	77.166674 
775.355888  	77.622432 
775.713195  	77.670342 
776.070502  	77.820835 
776.427809  	78.289142 
776.785116  	78.581188 
777.142423  	78.506295 
777.499730  	78.338736 
777.857036  	78.236442 
778.214343  	78.222447 
778.571650  	78.249243 
778.928957  	78.181605 
779.286264  	78.335144 
779.643571  	78.831869 
780.000878  	79.200716 
780.358184  	79.414387 
780.715491  	79.528943 
781.072798  	79.457833 
781.430105  	79.412181 
781.787412  	79.607196 
782.144719  	80.098022 
782.502026  	80.505375 
782.859332  	80.617308 
783.216639  	80.628297 
783.573946  	80.456354 
783.931253  	80.469539 
784.288560  	80.795539 
784.645867  	80.916677 
785.003174  	81.219629 
785.360480  	81.471848 
785.717787  	81.064778 
786.075094  	81.047276 
786.432401  	81.463822 
786.789708  	81.483862 
787.147015  	81.510500 
787.504322  	81.563670 
787.861628  	81.684559 
788.218935  	82.010741 
788.576242  	81.867275 
788.933549  	81.640014 
789.290856  	82.044414 
789.648163  	82.426305 
790.005470  	82.295190 
790.362777  	82.220949 
790.720083  	82.633616 
791.077390  	83.009244 
791.434697  	82.838691 
791.792004  	82.490389 
792.149311  	82.409106 
792.506618  	82.534671 
792.863925  	82.831761 
793.221231  	83.292922 
793.578538  	83.325634 
793.935845  	82.817787 
794.293152  	82.793102 
794.650459  	83.470179 
795.007766  	83.843484 
795.365073  	83.712822 
795.722379  	83.639045 
796.079686  	83.551447 
796.436993  	83.657206 
796.794300  	84.143052 
797.151607  	84.347738 
797.508914  	84.400508 
797.866221  	84.313884 
798.223527  	83.867843 
798.580834  	83.945641 
798.938141  	84.201748 
799.295448  	84.073075 
799.652755  	84.460796 
800.010062  	84.937967 
800.367369  	84.673624 
800.724675  	84.368183 
801.081982  	84.364468 
801.439289  	84.546769 
801.796596  	85.015974 
802.153903  	85.204020 
802.511210  	84.978945 
802.868517  	84.941012 
803.225824  	85.093341 
803.583130  	85.423981 
803.940437  	85.619251 
804.297744  	85.427766 
804.655051  	85.378590 
805.012358  	85.436349 
805.369665  	85.655052 
805.726972  	86.042361 
806.084278  	85.997959 
806.441585  	85.665750 
806.798892  	85.520090 
807.156199  	85.687945 
807.513506  	85.737715 
807.870813  	85.733774 
808.228120  	86.289084 
808.585426  	86.687839 
808.942733  	86.541726 
809.300040  	86.529610 
809.657347  	86.830502 
810.014654  	87.036357 
810.371961  	86.763517 
810.729268  	86.665372 
811.086574  	86.977216 
811.443881  	87.150676 
811.801188  	87.286762 
812.158495  	87.432783 
812.515802  	87.559902 
812.873109  	87.367712 
813.230416  	86.873731 
813.587722  	86.980196 
813.945029  	87.439591 
814.302336  	87.448366 
814.659643  	87.269353 
815.016950  	87.182059 
815.374257  	86.952920 
815.731564  	86.846424 
816.088871  	87.045497 
816.446177  	87.028663 
816.803484  	87.195188 
817.160791  	87.727248 
817.518098  	87.710571 
817.875405  	87.274033 
818.232712  	87.215743 
818.590019  	87.615036 
818.947325  	87.773396 
819.304632  	87.668139 
819.661939  	87.866199 
820.019246  	88.051427 
820.376553  	88.078531 
820.733860  	87.946785 
821.091167  	87.768624 
821.448473  	88.003668 
821.805780  	88.141531 
822.163087  	87.912108 
822.520394  	87.844879 
822.877701  	87.906263 
823.235008  	87.625053 
823.592315  	87.374435 
823.949621  	87.774246 
824.306928  	88.089378 
824.664235  	88.268968 
825.021542  	88.599951 
825.378849  	88.396248 
825.736156  	88.370544 
826.093463  	88.668221 
826.450769  	88.387773 
826.808076  	88.085594 
827.165383  	88.140736 
827.522690  	88.268870 
827.879997  	88.229633 
828.237304  	87.999265 
828.594611  	87.891184 
828.951918  	87.924644 
829.309224  	88.266834 
829.666531  	88.607950 
830.023838  	88.150588 
830.381145  	87.654033 
830.738452  	87.934952 
831.095759  	88.155849 
831.453066  	88.085234 
831.810372  	88.357580 
832.167679  	88.579124 
832.524986  	88.426561 
832.882293  	88.337114 
833.239600  	88.357730 
833.596907  	88.121585 
833.954214  	87.756064 
834.311520  	87.794527 
834.668827  	87.822922 
835.026134  	87.639236 
835.383441  	87.734870 
835.740748  	87.596278 
836.098055  	87.266947 
836.455362  	87.203837 
836.812668  	87.029318 
837.169975  	87.024405 
837.527282  	87.395244 
837.884589  	87.360555 
838.241896  	86.358425 
838.599203  	85.389051 
838.956510  	85.538081 
839.313816  	85.704074 
839.671123  	85.200419 
840.028430  	84.677896 
840.385737  	84.186637 
840.743044  	84.053644 
841.100351  	84.209488 
841.457658  	83.947942 
841.814964  	83.454886 
842.172271  	82.968315 
842.529578  	82.355034 
842.886885  	81.749577 
843.244192  	81.486490 
843.601499  	81.552511 
843.958806  	81.386204 
844.316113  	81.014528 
844.673419  	81.055746 
845.030726  	81.295099 
845.388033  	81.353588 
845.745340  	81.391139 
846.102647  	81.308394 
846.459954  	81.389993 
846.817261  	81.916719 
847.174567  	82.177400 
847.531874  	82.113428 
847.889181  	82.356888 
848.246488  	82.889555 
848.603795  	83.191600 
848.961102  	83.076525 
849.318409  	83.098654 
849.675715  	83.331623 
850.033022  	83.521585 
850.390329  	83.684563 
850.747636  	83.814596 
851.104943  	84.134664 
851.462250  	84.153010 
851.819557  	83.857309 
852.176863  	84.088855 
852.534170  	84.375582 
852.891477  	84.586735 
853.248784  	84.978342 
853.606091  	84.974798 
853.963398  	84.764960 
854.320705  	84.839762 
854.678011  	84.921139 
855.035318  	84.561585 
855.392625  	84.196056 
855.749932  	84.280971 
856.107239  	84.697950 
856.464546  	85.526517 
856.821853  	85.970594 
857.179160  	85.883976 
857.536466  	86.237287 
857.893773  	86.531618 
858.251080  	86.429791 
858.608387  	86.266608 
858.965694  	86.401415 
859.323001  	86.910579 
859.680308  	86.975311 
860.037614  	87.081756 
860.394921  	87.724115 
860.752228  	88.085340 
861.109535  	88.192491 
861.466842  	88.223964 
861.824149  	88.078167 
862.181456  	87.955727 
862.538762  	88.186732 
862.896069  	88.639203 
863.253376  	88.776226 
863.610683  	88.643853 
863.967990  	88.431696 
864.325297  	88.489516 
864.682604  	88.768477 
865.039910  	88.794638 
865.397217  	88.831098 
865.754524  	88.825978 
866.111831  	88.933757 
866.469138  	89.172617 
866.826445  	89.150872 
867.183752  	89.654571 
867.541058  	90.339522 
867.898365  	90.392431 
868.255672  	90.362967 
868.612979  	90.223189 
868.970286  	89.956716 
869.327593  	89.919175 
869.684900  	90.219179 
870.042207  	90.403366 
870.399513  	90.005506 
870.756820  	89.793978 
871.114127  	89.963887 
871.471434  	89.806513 
871.828741  	89.456270 
872.186048  	89.614580 
872.543355  	90.372513 
872.900661  	90.905551 
873.257968  	90.812449 
873.615275  	90.448527 
873.972582  	90.261867 
874.329889  	90.362492 
874.687196  	90.656513 
875.044503  	90.950880 
875.401809  	90.619913 
875.759116  	90.386032 
876.116423  	90.885963 
876.473730  	90.922021 
876.831037  	90.568904 
877.188344  	90.561944 
877.545651  	90.960980 
877.902957  	91.223359 
878.260264  	90.701150 
878.617571  	90.510741 
878.974878  	90.566326 
879.332185  	90.219921 
879.689492  	90.638108 
880.046799  	90.956726 
880.404105  	90.444011 
880.761412  	90.653834 
881.118719  	91.266596 
881.476026  	91.042197 
881.833333  	90.587059 
882.190640  	90.814029 
882.547947  	91.215648 
882.905254  	91.257854 
883.262560  	91.375575 
883.619867  	91.433909 
883.977174  	91.190095 
884.334481  	91.477273 
884.691788  	92.369861 
885.049095  	92.530817 
885.406402  	91.811026 
885.763708  	91.292821 
886.121015  	91.258078 
886.478322  	91.588994 
886.835629  	91.898784 
887.192936  	91.637665 
887.550243  	91.230477 
887.907550  	91.249492 
888.264856  	91.560470 
888.622163  	91.866778 
888.979470  	91.901071 
889.336777  	91.743086 
889.694084  	91.948487 
890.051391  	92.297662 
890.408698  	92.159191 
890.766004  	91.847579 
891.123311  	91.740355 
891.480618  	91.766312 
891.837925  	91.907998 
892.195232  	92.113956 
892.552539  	91.988386 
892.909846  	91.353551 
893.267152  	91.155221 
893.624459  	91.516932 
893.981766  	91.465597 
894.339073  	91.530785 
894.696380  	92.240071 
895.053687  	92.684266 
895.410994  	92.532951 
895.768301  	92.401413 
896.125607  	92.254729 
896.482914  	91.897300 
896.840221  	91.977297 
897.197528  	92.133992 
897.554835  	92.085186 
897.912142  	92.607305 
898.269449  	92.738956 
898.626755  	92.159631 
898.984062  	92.186491 
899.341369  	92.363685 
899.698676  	92.145713 
900.055983  	92.247351 
900.413290  	92.598993 
900.770597  	92.453536 
901.127903  	92.279110 
901.485210  	92.585642 
901.842517  	92.466396 
902.199824  	92.068346 
902.557131  	92.185895 
902.914438  	92.506261 
903.271745  	92.774666 
903.629051  	92.798964 
903.986358  	92.543064 
904.343665  	92.299650 
904.700972  	92.308660 
905.058279  	92.521963 
905.415586  	92.486816 
905.772893  	92.332531 
906.130199  	92.396094 
906.487506  	92.439755 
906.844813  	92.256276 
907.202120  	92.215321 
907.559427  	92.537305 
907.916734  	92.328730 
908.274041  	91.780782 
908.631348  	91.930306 
908.988654  	92.127871 
909.345961  	92.221261 
909.703268  	92.661359 
910.060575  	92.707862 
910.417882  	92.368567 
910.775189  	92.410262 
911.132496  	92.512465 
911.489802  	92.359488 
911.847109  	92.384007 
912.204416  	92.359225 
912.561723  	92.189967 
912.919030  	92.392145 
913.276337  	92.603605 
913.633644  	92.477116 
913.990950  	92.081527 
914.348257  	91.854139 
914.705564  	92.324631 
915.062871  	92.591842 
915.420178  	92.318675 
915.777485  	92.204069 
916.134792  	92.073383 
916.492098  	92.010654 
916.849405  	92.083638 
917.206712  	91.933351 
917.564019  	91.736706 
917.921326  	91.628896 
918.278633  	91.385770 
918.635940  	90.977534 
918.993246  	90.743562 
919.350553  	90.781307 
919.707860  	90.847236 
920.065167  	90.633662 
920.422474  	90.239485 
920.779781  	90.301993 
921.137088  	90.263927 
921.494394  	89.545973 
921.851701  	89.116418 
922.209008  	88.837674 
922.566315  	88.282326 
922.923622  	88.142422 
923.280929  	88.043726 
923.638236  	87.445267 
923.995543  	86.903571 
924.352849  	86.529363 
924.710156  	86.172326 
925.067463  	85.921853 
925.424770  	85.707706 
925.782077  	85.730097 
926.139384  	85.821921 
926.496691  	85.591852 
926.853997  	85.326974 
927.211304  	84.971372 
927.568611  	84.792428 
927.925918  	85.123222 
928.283225  	85.245534 
928.640532  	85.558195 
928.997839  	86.339499 
929.355145  	86.436823 
929.712452  	86.084253 
930.069759  	86.056940 
930.427066  	86.211694 
930.784373  	86.544229 
931.141680  	87.027761 
931.498987  	87.288814 
931.856293  	87.561429 
932.213600  	88.210371 
932.570907  	88.392482 
932.928214  	88.268300 
933.285521  	88.880136 
933.642828  	89.280093 
934.000135  	89.104463 
934.357441  	89.290220 
934.714748  	89.760495 
935.072055  	90.361552 
935.429362  	90.728807 
935.786669  	90.678596 
936.143976  	90.988935 
936.501283  	91.311768 
936.858590  	91.113507 
937.215896  	91.200070 
937.573203  	91.557618 
937.930510  	91.636247 
938.287817  	91.717256 
938.645124  	91.861099 
939.002431  	92.053046 
939.359738  	92.167890 
939.717044  	91.989507 
940.074351  	91.905321 
940.431658  	91.814725 
940.788965  	91.826054 
941.146272  	92.340060 
941.503579  	92.674341 
941.860886  	92.691421 
942.218192  	92.647671 
942.575499  	92.580403 
942.932806  	92.557843 
943.290113  	92.220222 
943.647420  	92.242385 
944.004727  	92.711362 
944.362034  	92.532187 
944.719340  	92.130690 
945.076647  	92.112794 
945.433954  	92.471105 
945.791261  	92.737473 
946.148568  	92.635944 
946.505875  	92.919531 
946.863182  	93.032820 
947.220488  	92.691065 
947.577795  	92.718497 
947.935102  	92.796463 
948.292409  	92.925003 
948.649716  	93.003899 
949.007023  	92.998539 
949.364330  	93.288204 
949.721637  	93.050801 
950.078943  	92.826331 
950.436250  	93.138653 
950.793557  	92.784908 
951.150864  	92.564381 
951.508171  	92.998693 
951.865478  	92.991059 
952.222785  	92.929371 
952.580091  	93.078552 
952.937398  	92.989015 
953.294705  	92.956368 
953.652012  	93.059011 
954.009319  	93.056186 
954.366626  	92.914262 
954.723933  	92.693031 
955.081239  	92.732835 
955.438546  	93.084710 
955.795853  	93.121632 
956.153160  	92.658737 
956.510467  	92.237235 
956.867774  	92.206941 
957.225081  	92.387989 
957.582387  	92.513790 
957.939694  	92.732848 
958.297001  	92.862397 
958.654308  	92.404528 
959.011615  	92.019669 
959.368922  	92.396275 
959.726229  	92.777936 
960.083535  	92.496645 
960.440842  	92.072024 
960.798149  	92.183667 
961.155456  	92.509246 
961.512763  	92.467247 
961.870070  	92.440858 
962.227377  	92.738970 
962.584684  	92.992940 
962.941990  	92.952319 
963.299297  	92.635911 
963.656604  	92.351327 
964.013911  	92.328814 
964.371218  	92.337860 
964.728525  	92.212176 
965.085832  	92.138586 
965.443138  	92.067629 
965.800445  	91.717448 
966.157752  	91.626207 
966.515059  	92.144945 
966.872366  	92.332383 
967.229673  	92.038135 
967.586980  	92.004894 
967.944286  	92.063601 
968.301593  	91.863515 
968.658900  	91.762916 
969.016207  	91.969180 
969.373514  	92.105404 
969.730821  	92.154764 
970.088128  	92.202833 
970.445434  	92.037761 
970.802741  	91.854501 
971.160048  	91.621401 
971.517355  	91.461373 
971.874662  	91.662769 
972.231969  	91.713156 
972.589276  	91.540339 
972.946582  	91.248981 
973.303889  	90.991868 
973.661196  	91.212459 
974.018503  	91.350456 
974.375810  	91.161583 
974.733117  	90.957816 
975.090424  	90.710493 
975.447731  	90.539557 
975.805037  	90.370319 
976.162344  	90.361502 
976.519651  	90.371433 
976.876958  	90.050139 
977.234265  	89.741692 
977.591572  	89.483956 
977.948879  	89.379308 
978.306185  	89.199317 
978.663492  	88.853012 
979.020799  	89.088031 
979.378106  	89.050074 
979.735413  	88.198182 
980.092720  	87.570422 
980.450027  	87.202259 
980.807333  	87.035047 
981.164640  	87.099685 
981.521947  	86.874526 
981.879254  	86.303078 
982.236561  	85.871221 
982.593868  	85.768199 
982.951175  	85.494591 
983.308481  	85.101815 
983.665788  	84.868158 
984.023095  	84.352201 
984.380402  	83.762474 
984.737709  	83.535462 
985.095016  	83.555300 
985.452323  	83.644851 
985.809629  	83.457792 
986.166936  	83.262610 
986.524243  	83.496637 
986.881550  	83.566237 
987.238857  	83.541341 
987.596164  	84.155388 
987.953471  	84.846118 
988.310778  	85.092292 
988.668084  	85.375902 
989.025391  	85.786130 
989.382698  	86.131955 
989.740005  	86.582604 
990.097312  	87.261385 
990.454619  	87.950526 
990.811926  	88.516371 
991.169232  	89.134261 
991.526539  	89.832479 
991.883846  	90.347065 
992.241153  	90.440797 
992.598460  	90.404668 
992.955767  	90.681715 
993.313074  	91.138680 
993.670380  	91.511006 
994.027687  	91.875328 
994.384994  	92.301257 
994.742301  	92.338794 
995.099608  	92.076022 
995.456915  	92.335306 
995.814222  	92.666390 
996.171528  	92.613367 
996.528835  	92.623166 
996.886142  	92.445472 
997.243449  	92.361059 
997.600756  	92.697138 
997.958063  	92.749798 
998.315370  	92.680574 
998.672676  	92.859208 
999.029983  	92.971698 
999.387290  	93.066623 
999.744597  	93.178886 
1000.101904  	93.110114 
1000.459211  	93.109147 
1000.816518  	93.296328 
1001.173824  	93.300112 
1001.531131  	93.382078 
1001.888438  	93.693655 
1002.245745  	93.621915 
1002.603052  	93.513379 
1002.960359  	93.650671 
1003.317666  	93.356586 
1003.674973  	93.008702 
1004.032279  	93.172892 
1004.389586  	93.397007 
1004.746893  	93.494988 
1005.104200  	93.508388 
1005.461507  	93.312427 
1005.818814  	93.072797 
1006.176121  	93.086014 
1006.533427  	93.420477 
1006.890734  	93.661323 
1007.248041  	93.395454 
1007.605348  	92.982622 
1007.962655  	92.938141 
1008.319962  	93.223708 
1008.677269  	93.455803 
1009.034575  	93.397664 
1009.391882  	93.322229 
1009.749189  	93.386936 
1010.106496  	93.239218 
1010.463803  	92.928383 
1010.821110  	92.859687 
1011.178417  	92.857525 
1011.535723  	92.781871 
1011.893030  	92.878719 
1012.250337  	92.974324 
1012.607644  	93.025602 
1012.964951  	93.204073 
1013.322258  	93.156307 
1013.679565  	92.764596 
1014.036871  	92.540730 
1014.394178  	92.681213 
1014.751485  	92.645850 
1015.108792  	92.432826 
1015.466099  	92.573048 
1015.823406  	92.553294 
1016.180713  	92.408262 
1016.538020  	92.727990 
1016.895326  	92.732670 
1017.252633  	92.507279 
1017.609940  	92.767959 
1017.967247  	92.713092 
1018.324554  	92.116393 
1018.681861  	91.846685 
1019.039168  	92.039031 
1019.396474  	92.167407 
1019.753781  	91.994968 
1020.111088  	91.800306 
1020.468395  	91.713623 
1020.825702  	91.668423 
1021.183009  	91.567003 
1021.540316  	91.196839 
1021.897622  	90.806338 
1022.254929  	90.648061 
1022.612236  	90.623200 
1022.969543  	90.707842 
1023.326850  	90.518704 
1023.684157  	90.270123 
1024.041464  	90.396017 
1024.398770  	90.176565 
1024.756077  	89.718325 
1025.113384  	89.336303 
1025.470691  	88.708914 
1025.827998  	88.336721 
1026.185305  	87.992272 
1026.542612  	87.611928 
1026.899918  	87.626301 
1027.257225  	87.106291 
1027.614532  	86.233943 
1027.971839  	85.858120 
1028.329146  	85.706773 
1028.686453  	85.469175 
1029.043760  	84.877542 
1029.401067  	84.186552 
1029.758373  	83.500555 
1030.115680  	82.821948 
1030.472987  	82.302957 
1030.830294  	81.321295 
1031.187601  	80.606072 
1031.544908  	80.769652 
1031.902215  	80.415858 
1032.259521  	79.686943 
1032.616828  	79.357286 
1032.974135  	79.123064 
1033.331442  	79.256675 
1033.688749  	79.584335 
1034.046056  	79.368378 
1034.403363  	78.907708 
1034.760669  	78.800076 
1035.117976  	79.079154 
1035.475283  	79.503892 
1035.832590  	79.828062 
1036.189897  	80.102335 
1036.547204  	80.485891 
1036.904511  	80.784397 
1037.261817  	81.022550 
1037.619124  	81.562546 
1037.976431  	82.215293 
1038.333738  	82.607170 
1038.691045  	83.025760 
1039.048352  	83.701802 
1039.405659  	84.040096 
1039.762965  	83.997279 
1040.120272  	84.578399 
1040.477579  	85.513517 
1040.834886  	85.894662 
1041.192193  	86.354399 
1041.549500  	87.020906 
1041.906807  	87.302223 
1042.264114  	87.752788 
1042.621420  	88.447244 
1042.978727  	88.853602 
1043.336034  	89.048679 
1043.693341  	89.019364 
1044.050648  	89.092570 
1044.407955  	89.578413 
1044.765262  	89.864280 
1045.122568  	89.932153 
1045.479875  	90.306209 
1045.837182  	90.557282 
1046.194489  	90.317803 
1046.551796  	90.089056 
1046.909103  	90.282442 
1047.266410  	90.730525 
1047.623716  	90.699871 
1047.981023  	90.250483 
1048.338330  	90.447579 
1048.695637  	90.950277 
1049.052944  	90.929500 
1049.410251  	90.850193 
1049.767558  	91.054503 
1050.124864  	91.283588 
1050.482171  	91.100075 
1050.839478  	90.651637 
1051.196785  	90.530443 
1051.554092  	90.484331 
1051.911399  	90.358799 
1052.268706  	90.499481 
1052.626012  	90.768817 
1052.983319  	90.746120 
1053.340626  	90.352368 
1053.697933  	90.159342 
1054.055240  	90.368965 
1054.412547  	90.577909 
1054.769854  	90.770205 
1055.127161  	90.770002 
1055.484467  	90.138439 
1055.841774  	89.388117 
1056.199081  	89.390348 
1056.556388  	89.644768 
1056.913695  	89.387008 
1057.271002  	89.039120 
1057.628309  	88.806539 
1057.985615  	88.925642 
1058.342922  	89.356386 
1058.700229  	88.823101 
1059.057536  	87.827666 
1059.414843  	87.834304 
1059.772150  	88.094766 
1060.129457  	87.861656 
1060.486763  	87.515033 
1060.844070  	87.370096 
1061.201377  	87.426979 
1061.558684  	87.443972 
1061.915991  	87.435067 
1062.273298  	87.344591 
1062.630605  	87.463368 
1062.987911  	87.673355 
1063.345218  	87.049044 
1063.702525  	86.642173 
1064.059832  	86.952413 
1064.417139  	86.795772 
1064.774446  	86.883248 
1065.131753  	87.240174 
1065.489059  	87.009564 
1065.846366  	86.805262 
1066.203673  	86.820999 
1066.560980  	86.982397 
1066.918287  	87.223672 
1067.275594  	87.470082 
1067.632901  	87.748690 
1067.990208  	87.657520 
1068.347514  	87.445653 
1068.704821  	87.518824 
1069.062128  	87.955982 
1069.419435  	88.506918 
1069.776742  	88.672212 
1070.134049  	88.702370 
1070.491356  	88.481125 
1070.848662  	88.178518 
1071.205969  	88.527131 
1071.563276  	88.863261 
1071.920583  	88.825188 
1072.277890  	89.110239 
1072.635197  	89.628064 
1072.992504  	89.852052 
1073.349810  	89.926248 
1073.707117  	90.140091 
1074.064424  	90.391849 
1074.421731  	90.722873 
1074.779038  	90.947272 
1075.136345  	90.897014 
1075.493652  	90.968016 
1075.850958  	91.296684 
1076.208265  	91.372196 
1076.565572  	91.086121 
1076.922879  	91.262521 
1077.280186  	91.610895 
1077.637493  	91.544371 
1077.994800  	91.642968 
1078.352106  	91.644395 
1078.709413  	91.673179 
1079.066720  	92.055507 
1079.424027  	92.281039 
1079.781334  	92.509653 
1080.138641  	92.416173 
1080.495948  	92.267153 
1080.853255  	92.673047 
1081.210561  	92.787991 
1081.567868  	92.718299 
1081.925175  	92.786205 
1082.282482  	92.655634 
1082.639789  	92.696111 
1082.997096  	92.876168 
1083.354403  	92.705632 
1083.711709  	92.497358 
1084.069016  	92.756239 
1084.426323  	92.989412 
1084.783630  	93.024610 
1085.140937  	93.521040 
1085.498244  	94.087928 
1085.855551  	93.893288 
1086.212857  	93.362129 
1086.570164  	93.337745 
1086.927471  	93.596940 
1087.284778  	93.697097 
1087.642085  	93.593322 
1087.999392  	93.478345 
1088.356699  	93.835512 
1088.714005  	93.989594 
1089.071312  	93.721068 
1089.428619  	93.855645 
1089.785926  	93.938004 
1090.143233  	93.982768 
1090.500540  	94.150634 
1090.857847  	94.037920 
1091.215153  	94.116469 
1091.572460  	94.338787 
1091.929767  	94.342695 
1092.287074  	94.181399 
1092.644381  	94.017733 
1093.001688  	93.995297 
1093.358995  	94.018244 
1093.716301  	94.108679 
1094.073608  	93.978170 
1094.430915  	93.805626 
1094.788222  	94.060235 
1095.145529  	94.332973 
1095.502836  	94.363538 
1095.860143  	94.142472 
1096.217450  	94.107377 
1096.574756  	94.475150 
1096.932063  	94.467592 
1097.289370  	94.132182 
1097.646677  	94.103425 
1098.003984  	94.305104 
1098.361291  	94.349237 
1098.718598  	94.268457 
1099.075904  	94.334956 
1099.433211  	94.473743 
1099.790518  	94.571423 
1100.147825  	94.390862 
1100.505132  	94.000847 
1100.862439  	94.081556 
1101.219746  	94.681547 
1101.577052  	94.914800 
1101.934359  	94.511583 
1102.291666  	94.311861 
1102.648973  	94.396507 
1103.006280  	94.407207 
1103.363587  	94.435097 
1103.720894  	94.258294 
1104.078200  	94.139452 
1104.435507  	94.272006 
1104.792814  	94.153536 
1105.150121  	93.868995 
1105.507428  	93.975362 
1105.864735  	94.328680 
1106.222042  	94.287028 
1106.579348  	94.309124 
1106.936655  	94.622561 
1107.293962  	94.532844 
1107.651269  	94.380385 
1108.008576  	94.436397 
1108.365883  	94.536410 
1108.723190  	94.541783 
1109.080497  	94.168113 
1109.437803  	93.889617 
1109.795110  	94.027439 
1110.152417  	94.153206 
1110.509724  	94.036545 
1110.867031  	94.066697 
1111.224338  	94.313682 
1111.581645  	94.287509 
1111.938951  	94.319956 
1112.296258  	94.597569 
1112.653565  	94.774350 
1113.010872  	94.748797 
1113.368179  	94.434761 
1113.725486  	94.202336 
1114.082793  	94.151811 
1114.440099  	93.990680 
1114.797406  	93.749082 
1115.154713  	93.775798 
1115.512020  	94.117750 
1115.869327  	93.999160 
1116.226634  	93.716311 
1116.583941  	93.888741 
1116.941247  	93.927958 
1117.298554  	93.885996 
1117.655861  	94.045470 
1118.013168  	94.275447 
1118.370475  	94.243269 
1118.727782  	93.705603 
1119.085089  	93.396719 
1119.442395  	93.568758 
1119.799702  	93.711667 
1120.157009  	93.675677 
1120.514316  	93.289541 
1120.871623  	92.894989 
1121.228930  	93.106884 
1121.586237  	93.364509 
1121.943544  	93.291980 
1122.300850  	93.369089 
1122.658157  	93.304228 
1123.015464  	93.096997 
1123.372771  	93.047614 
1123.730078  	92.877509 
1124.087385  	92.910355 
1124.444692  	92.946653 
1124.801998  	92.636749 
1125.159305  	92.452597 
1125.516612  	92.380534 
1125.873919  	92.492183 
1126.231226  	92.690690 
1126.588533  	92.692138 
1126.945840  	92.647155 
1127.303146  	92.455542 
1127.660453  	92.130757 
1128.017760  	91.800483 
1128.375067  	91.834715 
1128.732374  	92.242994 
1129.089681  	92.250613 
1129.446988  	91.914366 
1129.804294  	91.653185 
1130.161601  	91.571694 
1130.518908  	91.557921 
1130.876215  	91.341639 
1131.233522  	91.137583 
1131.590829  	91.019559 
1131.948136  	90.784834 
1132.305442  	90.431413 
1132.662749  	90.196226 
1133.020056  	90.216503 
1133.377363  	90.130571 
1133.734670  	89.695375 
1134.091977  	89.132849 
1134.449284  	88.974292 
1134.806591  	88.987834 
1135.163897  	88.524693 
1135.521204  	88.155033 
1135.878511  	88.063529 
1136.235818  	87.655740 
1136.593125  	86.969762 
1136.950432  	86.198576 
1137.307739  	85.518465 
1137.665045  	85.208324 
1138.022352  	85.312445 
1138.379659  	85.161203 
1138.736966  	84.404195 
1139.094273  	83.679334 
1139.451580  	83.172365 
1139.808887  	82.784992 
1140.166193  	82.493358 
1140.523500  	82.161544 
1140.880807  	81.743004 
1141.238114  	81.174190 
1141.595421  	80.873364 
1141.952728  	80.839209 
1142.310035  	80.603700 
1142.667341  	80.690280 
1143.024648  	81.136332 
1143.381955  	81.097924 
1143.739262  	80.798911 
1144.096569  	81.047144 
1144.453876  	81.806463 
1144.811183  	82.423420 
1145.168489  	82.506503 
1145.525796  	82.292230 
1145.883103  	82.420197 
1146.240410  	83.117190 
1146.597717  	83.739698 
1146.955024  	83.820460 
1147.312331  	83.849148 
1147.669638  	84.097409 
1148.026944  	84.213078 
1148.384251  	84.431838 
1148.741558  	84.988277 
1149.098865  	85.305739 
1149.456172  	85.220800 
1149.813479  	85.183868 
1150.170786  	85.302263 
1150.528092  	85.388418 
1150.885399  	85.322975 
1151.242706  	85.098181 
1151.600013  	84.965336 
1151.957320  	84.971289 
1152.314627  	84.854356 
1152.671934  	84.715579 
1153.029240  	84.535465 
1153.386547  	84.276517 
1153.743854  	84.161080 
1154.101161  	84.004492 
1154.458468  	83.756598 
1154.815775  	83.568136 
1155.173082  	83.458826 
1155.530388  	83.523521 
1155.887695  	83.793616 
1156.245002  	84.240355 
1156.602309  	84.545379 
1156.959616  	84.807088 
1157.316923  	85.439004 
1157.674230  	86.066475 
1158.031536  	86.624980 
1158.388843  	87.395174 
1158.746150  	87.978291 
1159.103457  	88.333651 
1159.460764  	88.963927 
1159.818071  	89.424027 
1160.175378  	89.354230 
1160.532685  	89.722862 
1160.889991  	90.524547 
1161.247298  	91.019274 
1161.604605  	91.235502 
1161.961912  	91.317281 
1162.319219  	91.766321 
1162.676526  	92.240569 
1163.033833  	92.328273 
1163.391139  	92.656673 
1163.748446  	92.780950 
1164.105753  	92.755533 
1164.463060  	93.124283 
1164.820367  	93.232949 
1165.177674  	93.152694 
1165.534981  	93.279238 
1165.892287  	93.417748 
1166.249594  	93.358660 
1166.606901  	93.369075 
1166.964208  	93.845744 
1167.321515  	94.124384 
1167.678822  	93.940993 
1168.036129  	93.870998 
1168.393435  	93.928759 
1168.750742  	94.061154 
1169.108049  	94.139933 
1169.465356  	93.993184 
1169.822663  	93.852684 
1170.179970  	93.948862 
1170.537277  	94.199361 
1170.894583  	94.349705 
1171.251890  	94.426668 
1171.609197  	94.498765 
1171.966504  	94.530636 
1172.323811  	94.634479 
1172.681118  	94.672808 
1173.038425  	94.576868 
1173.395731  	94.624212 
1173.753038  	94.756176 
1174.110345  	94.931259 
1174.467652  	95.154714 
1174.824959  	95.049462 
1175.182266  	94.876747 
1175.539573  	94.916198 
1175.896880  	94.824595 
1176.254186  	94.883978 
1176.611493  	95.011465 
1176.968800  	94.756862 
1177.326107  	94.696282 
1177.683414  	95.033422 
1178.040721  	95.320180 
1178.398028  	95.337621 
1178.755334  	94.982744 
1179.112641  	94.701695 
1179.469948  	94.775103 
1179.827255  	94.734924 
1180.184562  	94.722448 
1180.541869  	95.046638 
1180.899176  	95.154908 
1181.256482  	94.947303 
1181.613789  	94.857605 
1181.971096  	94.954596 
1182.328403  	94.962313 
1182.685710  	94.606088 
1183.043017  	94.515146 
1183.400324  	94.907961 
1183.757630  	94.996350 
1184.114937  	94.958029 
1184.472244  	94.967654 
1184.829551  	94.766801 
1185.186858  	94.768954 
1185.544165  	94.948542 
1185.901472  	94.830957 
1186.258778  	94.622283 
1186.616085  	94.816450 
1186.973392  	95.146841 
1187.330699  	95.142080 
1187.688006  	94.927058 
1188.045313  	94.655217 
1188.402620  	94.579691 
1188.759927  	94.721047 
1189.117233  	94.810366 
1189.474540  	94.850311 
1189.831847  	94.738299 
1190.189154  	94.691075 
1190.546461  	94.859457 
1190.903768  	94.803278 
1191.261075  	94.639348 
1191.618381  	94.747385 
1191.975688  	94.802772 
1192.332995  	94.508424 
1192.690302  	94.371234 
1193.047609  	94.561673 
1193.404916  	94.521682 
1193.762223  	94.201559 
1194.119529  	94.100387 
1194.476836  	94.520849 
1194.834143  	94.763632 
1195.191450  	94.408552 
1195.548757  	94.322956 
1195.906064  	94.422275 
1196.263371  	94.294779 
1196.620677  	94.311524 
1196.977984  	94.343523 
1197.335291  	94.267597 
1197.692598  	94.129679 
1198.049905  	94.062275 
1198.407212  	94.121670 
1198.764519  	93.931747 
1199.121825  	93.739024 
1199.479132  	93.786339 
1199.836439  	93.783926 
1200.193746  	93.698238 
1200.551053  	93.548132 
1200.908360  	93.428009 
1201.265667  	93.324374 
1201.622974  	93.233453 
1201.980280  	93.245724 
1202.337587  	93.106265 
1202.694894  	93.014946 
1203.052201  	93.151316 
1203.409508  	93.108884 
1203.766815  	93.008716 
1204.124122  	93.070838 
1204.481428  	93.276841 
1204.838735  	93.526919 
1205.196042  	93.514475 
1205.553349  	93.468668 
1205.910656  	93.544659 
1206.267963  	93.586825 
1206.625270  	93.877157 
1206.982576  	94.215733 
1207.339883  	94.192628 
1207.697190  	94.051773 
1208.054497  	94.053065 
1208.411804  	94.202414 
1208.769111  	94.299631 
1209.126418  	94.306789 
1209.483724  	94.284631 
1209.841031  	94.128612 
1210.198338  	94.133454 
1210.555645  	94.402953 
1210.912952  	94.397910 
1211.270259  	94.147787 
1211.627566  	94.141956 
1211.984872  	94.210807 
1212.342179  	94.171066 
1212.699486  	94.223175 
1213.056793  	94.196900 
1213.414100  	94.183193 
1213.771407  	94.424833 
1214.128714  	94.529505 
1214.486021  	94.407778 
1214.843327  	94.280022 
1215.200634  	94.229594 
1215.557941  	94.304972 
1215.915248  	94.299398 
1216.272555  	94.198456 
1216.629862  	94.200009 
1216.987169  	94.378911 
1217.344475  	94.457773 
1217.701782  	94.080404 
1218.059089  	93.884641 
1218.416396  	94.239902 
1218.773703  	94.358760 
1219.131010  	94.137003 
1219.488317  	94.028006 
1219.845623  	94.055536 
1220.202930  	94.108791 
1220.560237  	93.978992 
1220.917544  	93.741680 
1221.274851  	93.699876 
1221.632158  	93.801330 
1221.989465  	93.869970 
1222.346771  	93.839319 
1222.704078  	93.812937 
1223.061385  	93.869798 
1223.418692  	93.909325 
1223.775999  	93.993746 
1224.133306  	94.107836 
1224.490613  	94.057251 
1224.847919  	93.798083 
1225.205226  	93.487010 
1225.562533  	93.436073 
1225.919840  	93.490076 
1226.277147  	93.355437 
1226.634454  	93.269988 
1226.991761  	93.288458 
1227.349068  	93.252660 
1227.706374  	93.114464 
1228.063681  	92.957617 
1228.420988  	93.021048 
1228.778295  	93.141315 
1229.135602  	93.070905 
1229.492909  	92.897686 
1229.850216  	92.740145 
1230.207522  	92.801527 
1230.564829  	92.998760 
1230.922136  	93.000057 
1231.279443  	92.916238 
1231.636750  	92.885505 
1231.994057  	92.796080 
1232.351364  	92.751135 
1232.708670  	92.733054 
1233.065977  	92.568048 
1233.423284  	92.452383 
1233.780591  	92.489889 
1234.137898  	92.443083 
1234.495205  	92.203407 
1234.852512  	92.011582 
1235.209818  	92.051637 
1235.567125  	92.113281 
1235.924432  	92.074561 
1236.281739  	91.813716 
1236.639046  	91.455177 
1236.996353  	91.454985 
1237.353660  	91.518168 
1237.710966  	91.472646 
1238.068273  	91.464578 
1238.425580  	91.242452 
1238.782887  	91.139034 
1239.140194  	91.207886 
1239.497501  	90.988240 
1239.854808  	90.692652 
1240.212115  	90.434209 
1240.569421  	90.283631 
1240.926728  	90.408840 
1241.284035  	90.403136 
1241.641342  	90.165918 
1241.998649  	89.979238 
1242.355956  	89.595105 
1242.713263  	89.217402 
1243.070569  	89.280646 
1243.427876  	89.172613 
1243.785183  	88.948783 
1244.142490  	89.079572 
1244.499797  	88.965798 
1244.857104  	88.615748 
1245.214411  	88.272041 
1245.571717  	87.929774 
1245.929024  	87.840195 
1246.286331  	87.595762 
1246.643638  	87.215712 
1247.000945  	87.049612 
1247.358252  	86.801065 
1247.715559  	86.503095 
1248.072865  	86.112926 
1248.430172  	85.637605 
1248.787479  	85.395164 
1249.144786  	85.133516 
1249.502093  	84.781054 
1249.859400  	84.553515 
1250.216707  	84.185938 
1250.574013  	83.648204 
1250.931320  	83.322059 
1251.288627  	83.145993 
1251.645934  	82.773238 
1252.003241  	82.102462 
1252.360548  	81.332800 
1252.717855  	80.778590 
1253.075161  	80.347152 
1253.432468  	79.819123 
1253.789775  	79.208723 
1254.147082  	78.609093 
1254.504389  	78.218542 
1254.861696  	77.747941 
1255.219003  	77.023850 
1255.576310  	76.521623 
1255.933616  	76.131860 
1256.290923  	75.576761 
1256.648230  	74.924285 
1257.005537  	74.252561 
1257.362844  	73.712381 
1257.720151  	73.136018 
1258.077458  	72.438119 
1258.434764  	71.764272 
1258.792071  	71.161532 
1259.149378  	70.737464 
1259.506685  	70.340375 
1259.863992  	69.850293 
1260.221299  	69.371175 
1260.578606  	68.953787 
1260.935912  	68.579917 
1261.293219  	68.075932 
1261.650526  	67.573975 
1262.007833  	67.240197 
1262.365140  	66.910211 
1262.722447  	66.611820 
1263.079754  	66.262367 
1263.437060  	65.776245 
1263.794367  	65.462468 
1264.151674  	65.369357 
1264.508981  	65.183151 
1264.866288  	64.824516 
1265.223595  	64.544973 
1265.580902  	64.489111 
1265.938208  	64.491351 
1266.295515  	64.402984 
1266.652822  	64.228895 
1267.010129  	64.005438 
1267.367436  	63.855329 
1267.724743  	63.822081 
1268.082050  	63.788310 
1268.439357  	63.811619 
1268.796663  	63.882297 
1269.153970  	63.832422 
1269.511277  	63.840965 
1269.868584  	64.037151 
1270.225891  	64.201678 
1270.583198  	64.303504 
1270.940505  	64.478257 
1271.297811  	64.793842 
1271.655118  	65.161121 
1272.012425  	65.235655 
1272.369732  	65.158487 
1272.727039  	65.400031 
1273.084346  	65.761490 
1273.441653  	66.111990 
1273.798959  	66.576066 
1274.156266  	66.920762 
1274.513573  	67.310770 
1274.870880  	67.871833 
1275.228187  	68.262397 
1275.585494  	68.660666 
1275.942801  	69.230344 
1276.300107  	69.895014 
1276.657414  	70.730846 
1277.014721  	71.508964 
1277.372028  	72.163703 
1277.729335  	72.839835 
1278.086642  	73.517458 
1278.443949  	74.297150 
1278.801255  	74.994940 
1279.158562  	75.580928 
1279.515869  	76.369747 
1279.873176  	77.133646 
1280.230483  	77.798814 
1280.587790  	78.470223 
1280.945097  	79.181210 
1281.302404  	80.153742 
1281.659710  	80.894483 
1282.017017  	81.301846 
1282.374324  	81.972807 
1282.731631  	82.634480 
1283.088938  	83.215716 
1283.446245  	83.914326 
1283.803552  	84.437326 
1284.160858  	84.894143 
1284.518165  	85.460420 
1284.875472  	85.914910 
1285.232779  	86.187654 
1285.590086  	86.523429 
1285.947393  	87.080495 
1286.304700  	87.649340 
1286.662006  	88.052238 
1287.019313  	88.347548 
1287.376620  	88.534611 
1287.733927  	88.708142 
1288.091234  	88.953217 
1288.448541  	89.094737 
1288.805848  	89.316205 
1289.163154  	89.586049 
1289.520461  	89.478855 
1289.877768  	89.351923 
1290.235075  	89.419038 
1290.592382  	89.488644 
1290.949689  	89.586739 
1291.306996  	89.532096 
1291.664302  	89.418918 
1292.021609  	89.287653 
1292.378916  	89.046816 
1292.736223  	88.797317 
1293.093530  	88.420288 
1293.450837  	88.097071 
1293.808144  	87.803704 
1294.165451  	87.356427 
1294.522757  	86.935475 
1294.880064  	86.337534 
1295.237371  	85.681507 
1295.594678  	85.223320 
1295.951985  	84.608766 
1296.309292  	83.757635 
1296.666599  	82.868918 
1297.023905  	81.918396 
1297.381212  	80.793234 
1297.738519  	79.640107 
1298.095826  	78.520388 
1298.453133  	77.283924 
1298.810440  	75.996306 
1299.167747  	74.571757 
1299.525053  	73.100003 
1299.882360  	71.852967 
1300.239667  	70.557260 
1300.596974  	69.163763 
1300.954281  	68.042890 
1301.311588  	67.211215 
1301.668895  	66.442939 
1302.026201  	65.815321 
1302.383508  	65.564120 
1302.740815  	65.626251 
1303.098122  	66.029200 
1303.455429  	66.804486 
1303.812736  	67.787185 
1304.170043  	68.974872 
1304.527349  	70.275593 
1304.884656  	71.617965 
1305.241963  	73.104378 
1305.599270  	74.651322 
1305.956577  	76.137779 
1306.313884  	77.734018 
1306.671191  	79.360308 
1307.028498  	80.631042 
1307.385804  	81.743478 
1307.743111  	82.894070 
1308.100418  	83.996043 
1308.457725  	85.084680 
1308.815032  	85.875175 
1309.172339  	86.345661 
1309.529646  	86.745690 
1309.886952  	87.075968 
1310.244259  	87.478635 
1310.601566  	87.824380 
1310.958873  	87.854985 
1311.316180  	87.929345 
1311.673487  	88.010068 
1312.030794  	87.698119 
1312.388100  	87.345051 
1312.745407  	87.135160 
1313.102714  	86.770247 
1313.460021  	86.251484 
1313.817328  	85.681897 
1314.174635  	85.198934 
1314.531942  	84.696183 
1314.889248  	84.138667 
1315.246555  	83.765636 
1315.603862  	83.598148 
1315.961169  	83.654273 
1316.318476  	83.773846 
1316.675783  	83.721542 
1317.033090  	83.687293 
1317.390396  	83.969062 
1317.747703  	84.595827 
1318.105010  	85.299156 
1318.462317  	85.821155 
1318.819624  	86.351977 
1319.176931  	87.174608 
1319.534238  	88.157595 
1319.891545  	88.913908 
1320.248851  	89.322626 
1320.606158  	89.762287 
1320.963465  	90.408098 
1321.320772  	91.127301 
1321.678079  	91.715238 
1322.035386  	92.057326 
1322.392693  	92.467927 
1322.749999  	93.037068 
1323.107306  	93.436570 
1323.464613  	93.714406 
1323.821920  	93.975224 
1324.179227  	94.074839 
1324.536534  	94.285860 
1324.893841  	94.685369 
1325.251147  	94.725019 
1325.608454  	94.449440 
1325.965761  	94.472342 
1326.323068  	94.881506 
1326.680375  	95.203510 
1327.037682  	95.358616 
1327.394989  	95.457838 
1327.752295  	95.388883 
1328.109602  	95.601957 
1328.466909  	95.963283 
1328.824216  	95.849960 
1329.181523  	95.664175 
1329.538830  	95.614923 
1329.896137  	95.703018 
1330.253443  	95.842936 
1330.610750  	95.763518 
1330.968057  	95.913214 
1331.325364  	96.176856 
1331.682671  	96.155900 
1332.039978  	96.097235 
1332.397285  	96.072305 
1332.754592  	96.212476 
1333.111898  	96.361426 
1333.469205  	96.246178 
1333.826512  	96.130003 
1334.183819  	96.156689 
1334.541126  	96.252963 
1334.898433  	96.246216 
1335.255740  	96.233364 
1335.613046  	96.445182 
1335.970353  	96.614371 
1336.327660  	96.767103 
1336.684967  	96.992131 
1337.042274  	96.799105 
1337.399581  	96.661532 
1337.756888  	96.779894 
1338.114194  	96.623023 
1338.471501  	96.497463 
1338.828808  	96.639292 
1339.186115  	96.780634 
1339.543422  	96.998723 
1339.900729  	96.898276 
1340.258036  	96.661062 
1340.615342  	96.582011 
1340.972649  	96.456422 
1341.329956  	96.646934 
1341.687263  	96.864108 
1342.044570  	96.769929 
1342.401877  	96.740908 
1342.759184  	96.831072 
1343.116490  	96.921787 
1343.473797  	96.856557 
1343.831104  	96.801164 
1344.188411  	96.955517 
1344.545718  	96.996334 
1344.903025  	96.929557 
1345.260332  	96.788945 
1345.617638  	96.587038 
1345.974945  	96.593490 
1346.332252  	96.672955 
1346.689559  	96.672069 
1347.046866  	96.745484 
1347.404173  	96.904700 
1347.761480  	96.991099 
1348.118787  	96.977644 
1348.476093  	96.918294 
1348.833400  	96.795768 
1349.190707  	96.765078 
1349.548014  	96.878303 
1349.905321  	96.900032 
1350.262628  	96.827050 
1350.619935  	96.804246 
1350.977241  	96.853865 
1351.334548  	96.850305 
1351.691855  	96.650689 
1352.049162  	96.532047 
1352.406469  	96.702776 
1352.763776  	96.727150 
1353.121083  	96.587351 
1353.478389  	96.531520 
1353.835696  	96.380393 
1354.193003  	96.411573 
1354.550310  	96.670880 
1354.907617  	96.598004 
1355.264924  	96.354971 
1355.622231  	96.401276 
1355.979537  	96.656860 
1356.336844  	96.769438 
1356.694151  	96.560886 
1357.051458  	96.355898 
1357.408765  	96.441933 
1357.766072  	96.649657 
1358.123379  	96.687730 
1358.480685  	96.590993 
1358.837992  	96.483341 
1359.195299  	96.404604 
1359.552606  	96.413735 
1359.909913  	96.454585 
1360.267220  	96.477315 
1360.624527  	96.454633 
1360.981834  	96.510148 
1361.339140  	96.445401 
1361.696447  	96.184678 
1362.053754  	96.316779 
1362.411061  	96.477775 
1362.768368  	96.167204 
1363.125675  	95.767265 
1363.482982  	95.650237 
1363.840288  	95.931522 
1364.197595  	96.108917 
1364.554902  	96.067120 
1364.912209  	96.087692 
1365.269516  	96.010862 
1365.626823  	96.006441 
1365.984130  	96.154433 
1366.341436  	96.219382 
1366.698743  	96.252716 
1367.056050  	96.117670 
1367.413357  	96.017410 
1367.770664  	95.982413 
1368.127971  	95.881860 
1368.485278  	96.083647 
1368.842584  	96.095793 
1369.199891  	95.659928 
1369.557198  	95.565537 
1369.914505  	95.634820 
1370.271812  	95.522611 
1370.629119  	95.391342 
1370.986426  	95.251194 
1371.343732  	95.182025 
1371.701039  	95.208745 
1372.058346  	95.126925 
1372.415653  	95.078617 
1372.772960  	95.057832 
1373.130267  	94.960945 
1373.487574  	94.939814 
1373.844881  	94.584854 
1374.202187  	94.043332 
1374.559494  	93.883826 
1374.916801  	93.633037 
1375.274108  	93.237515 
1375.631415  	92.852018 
1375.988722  	92.533486 
1376.346029  	92.283732 
1376.703335  	91.780084 
1377.060642  	91.146399 
1377.417949  	90.682675 
1377.775256  	90.207582 
1378.132563  	89.576600 
1378.489870  	89.007923 
1378.847177  	88.696478 
1379.204483  	88.489172 
1379.561790  	88.395203 
1379.919097  	88.511053 
1380.276404  	88.627813 
1380.633711  	88.741297 
1380.991018  	88.834064 
1381.348325  	88.923952 
1381.705631  	89.333277 
1382.062938  	90.051138 
1382.420245  	90.645761 
1382.777552  	90.955215 
1383.134859  	91.236065 
1383.492166  	91.483379 
1383.849473  	91.680923 
1384.206779  	92.081762 
1384.564086  	92.463421 
1384.921393  	92.639048 
1385.278700  	92.889089 
1385.636007  	93.215739 
1385.993314  	93.416519 
1386.350621  	93.491656 
1386.707928  	93.677847 
1387.065234  	93.967558 
1387.422541  	93.890342 
1387.779848  	93.728409 
1388.137155  	94.050462 
1388.494462  	94.134077 
1388.851769  	94.068138 
1389.209076  	94.154165 
1389.566382  	94.329707 
1389.923689  	94.421232 
1390.280996  	94.288025 
1390.638303  	94.267140 
1390.995610  	94.560497 
1391.352917  	94.685834 
1391.710224  	94.497973 
1392.067530  	94.486761 
1392.424837  	94.710598 
1392.782144  	94.656816 
1393.139451  	94.633204 
1393.496758  	94.855124 
1393.854065  	94.765289 
1394.211372  	94.742627 
1394.568678  	95.002412 
1394.925985  	94.907977 
1395.283292  	95.075001 
1395.640599  	95.149130 
1395.997906  	94.985714 
1396.355213  	94.982043 
1396.712520  	94.869210 
1397.069826  	94.800219 
1397.427133  	94.802406 
1397.784440  	94.660948 
1398.141747  	94.505629 
1398.499054  	94.441213 
1398.856361  	94.730314 
1399.213668  	95.378517 
1399.570975  	95.183298 
1399.928281  	94.898094 
1400.285588  	94.891524 
1400.642895  	94.823070 
1401.000202  	94.814285 
1401.357509  	94.885320 
1401.714816  	94.913760 
1402.072123  	94.914940 
1402.429429  	94.800777 
1402.786736  	94.762070 
1403.144043  	94.921879 
1403.501350  	94.963426 
1403.858657  	94.813142 
1404.215964  	94.778952 
1404.573271  	95.020474 
1404.930577  	95.166143 
1405.287884  	94.899494 
1405.645191  	94.750535 
1406.002498  	94.658307 
1406.359805  	94.658822 
1406.717112  	94.769753 
1407.074419  	94.802170 
1407.431725  	94.838160 
1407.789032  	94.826514 
1408.146339  	94.716421 
1408.503646  	94.710575 
1408.860953  	94.811374 
1409.218260  	94.757671 
1409.575567  	94.622052 
1409.932873  	94.720024 
1410.290180  	94.855869 
1410.647487  	94.777050 
1411.004794  	94.584289 
1411.362101  	94.455516 
1411.719408  	94.562995 
1412.076715  	94.675562 
1412.434022  	94.591920 
1412.791328  	94.459363 
1413.148635  	94.358615 
1413.505942  	94.265640 
1413.863249  	94.192201 
1414.220556  	94.190499 
1414.577863  	94.214029 
1414.935170  	94.292481 
1415.292476  	94.295582 
1415.649783  	94.130902 
1416.007090  	94.104345 
1416.364397  	94.075777 
1416.721704  	94.024012 
1417.079011  	94.186619 
1417.436318  	94.032964 
1417.793624  	93.615888 
1418.150931  	93.605925 
1418.508238  	93.602189 
1418.865545  	93.753583 
1419.222852  	94.650610 
1419.580159  	94.155089 
1419.937466  	93.064638 
1420.294772  	93.064983 
1420.652079  	93.128513 
1421.009386  	93.041669 
1421.366693  	92.927722 
1421.724000  	92.794071 
1422.081307  	92.628678 
1422.438614  	92.454553 
1422.795920  	92.365201 
1423.153227  	92.335133 
1423.510534  	92.278561 
1423.867841  	92.154701 
1424.225148  	91.743099 
1424.582455  	91.502650 
1424.939762  	91.530641 
1425.297068  	91.416310 
1425.654375  	91.292568 
1426.011682  	91.253934 
1426.368989  	90.939070 
1426.726296  	90.568748 
1427.083603  	90.489324 
1427.440910  	90.459329 
1427.798217  	90.363722 
1428.155523  	90.220106 
1428.512830  	90.045791 
1428.870137  	89.964310 
1429.227444  	89.924527 
1429.584751  	89.941632 
1429.942058  	89.678317 
1430.299365  	89.129918 
1430.656671  	89.186588 
1431.013978  	89.088054 
1431.371285  	88.635971 
1431.728592  	88.429107 
1432.085899  	88.226871 
1432.443206  	87.920168 
1432.800513  	87.687239 
1433.157819  	87.275465 
1433.515126  	86.713724 
1433.872433  	86.207923 
1434.229740  	85.715483 
1434.587047  	85.232902 
1434.944354  	84.917273 
1435.301661  	84.551061 
1435.658967  	83.846843 
1436.016274  	83.396911 
1436.373581  	83.766545 
1436.730888  	83.731961 
1437.088195  	80.083372 
1437.445502  	79.279801 
1437.802809  	78.979764 
1438.160115  	78.352944 
1438.517422  	77.730467 
1438.874729  	77.154135 
1439.232036  	76.446729 
1439.589343  	75.926589 
1439.946650  	75.636873 
1440.303957  	75.437410 
1440.661264  	75.372972 
1441.018570  	75.392532 
1441.375877  	75.367578 
1441.733184  	75.369798 
1442.090491  	75.526197 
1442.447798  	75.650071 
1442.805105  	75.682843 
1443.162412  	75.777548 
1443.519718  	75.936760 
1443.877025  	76.190333 
1444.234332  	76.558568 
1444.591639  	76.890079 
1444.948946  	77.129193 
1445.306253  	77.452714 
1445.663560  	77.811183 
1446.020866  	78.158883 
1446.378173  	78.652847 
1446.735480  	79.128041 
1447.092787  	79.508658 
1447.450094  	80.012266 
1447.807401  	80.775093 
1448.164708  	81.026740 
1448.522014  	80.696220 
1448.879321  	80.897982 
1449.236628  	81.184480 
1449.593935  	81.360980 
1449.951242  	81.588553 
1450.308549  	81.630526 
1450.665856  	81.648045 
1451.023162  	81.525981 
1451.380469  	81.433442 
1451.737776  	81.791379 
1452.095083  	81.817828 
1452.452390  	81.454116 
1452.809697  	81.370588 
1453.167004  	81.280745 
1453.524311  	81.018407 
1453.881617  	80.627542 
1454.238924  	80.383632 
1454.596231  	80.180167 
1454.953538  	79.978645 
1455.310845  	79.663199 
1455.668152  	78.868512 
1456.025459  	78.790458 
1456.382765  	79.600756 
1456.740072  	80.271277 
1457.097379  	76.388045 
1457.454686  	75.499721 
1457.811993  	76.125059 
1458.169300  	76.319726 
1458.526607  	74.448643 
1458.883913  	73.774080 
1459.241220  	73.573327 
1459.598527  	72.597735 
1459.955834  	71.988574 
1460.313141  	71.465092 
1460.670448  	70.759805 
1461.027755  	70.056406 
1461.385061  	69.303440 
1461.742368  	68.426433 
1462.099675  	67.368200 
1462.456982  	66.455742 
1462.814289  	65.701285 
1463.171596  	64.702605 
1463.528903  	63.624914 
1463.886209  	62.665758 
1464.243516  	62.073775 
1464.600823  	62.014479 
1464.958130  	60.503278 
1465.315437  	57.705096 
1465.672744  	57.173763 
1466.030051  	56.724068 
1466.387358  	55.948301 
1466.744664  	55.355737 
1467.101971  	54.831728 
1467.459278  	54.486166 
1467.816585  	54.322268 
1468.173892  	54.307114 
1468.531199  	54.595082 
1468.888506  	55.073869 
1469.245812  	56.011621 
1469.603119  	57.245257 
1469.960426  	58.423151 
1470.317733  	59.741375 
1470.675040  	61.136105 
1471.032347  	62.650123 
1471.389654  	64.384468 
1471.746960  	66.292775 
1472.104267  	68.285304 
1472.461574  	69.487710 
1472.818881  	70.778005 
1473.176188  	72.317327 
1473.533495  	73.636468 
1473.890802  	74.774405 
1474.248108  	75.909611 
1474.605415  	76.700805 
1474.962722  	77.373705 
1475.320029  	78.129208 
1475.677336  	78.948797 
1476.034643  	79.659156 
1476.391950  	79.924276 
1476.749256  	80.173687 
1477.106563  	80.404043 
1477.463870  	80.658647 
1477.821177  	80.961968 
1478.178484  	81.043738 
1478.535791  	81.047712 
1478.893098  	80.955951 
1479.250405  	80.704717 
1479.607711  	80.535022 
1479.965018  	80.454106 
1480.322325  	80.163055 
1480.679632  	79.754220 
1481.036939  	79.491003 
1481.394246  	78.682436 
1481.751553  	77.596041 
1482.108859  	77.120203 
1482.466166  	76.634701 
1482.823473  	75.776300 
1483.180780  	74.665593 
1483.538087  	73.508151 
1483.895394  	72.477060 
1484.252701  	71.412963 
1484.610007  	70.208043 
1484.967314  	68.878209 
1485.324621  	67.557439 
1485.681928  	66.332558 
1486.039235  	64.920859 
1486.396542  	63.271979 
1486.753849  	62.244778 
1487.111155  	61.659897 
1487.468462  	59.798969 
1487.825769  	57.707469 
1488.183076  	56.832904 
1488.540383  	56.374062 
1488.897690  	55.926148 
1489.254997  	55.172068 
1489.612303  	54.511992 
1489.969610  	53.423499 
1490.326917  	52.831698 
1490.684224  	53.410742 
1491.041531  	53.114304 
1491.398838  	52.703120 
1491.756145  	52.823382 
1492.113452  	52.578390 
1492.470758  	52.494765 
1492.828065  	52.358312 
1493.185372  	51.971776 
1493.542679  	51.683041 
1493.899986  	51.189128 
1494.257293  	50.836568 
1494.614600  	50.544996 
1494.971906  	50.095811 
1495.329213  	49.702040 
1495.686520  	49.636879 
1496.043827  	50.457571 
1496.401134  	50.045474 
1496.758441  	48.891248 
1497.115748  	49.376580 
1497.473054  	49.942500 
1497.830361  	50.526439 
1498.187668  	51.276023 
1498.544975  	52.476726 
1498.902282  	53.822283 
1499.259589  	54.291596 
1499.616896  	55.190187 
1499.974202  	56.259838 
1500.331509  	57.166609 
1500.688816  	58.012565 
1501.046123  	58.904096 
1501.403430  	59.791021 
1501.760737  	60.552564 
1502.118044  	61.273310 
1502.475350  	61.719248 
1502.832657  	62.034678 
1503.189964  	62.385555 
1503.547271  	62.598112 
1503.904578  	62.839905 
1504.261885  	62.918680 
1504.619192  	63.028446 
1504.976498  	63.526961 
1505.333805  	64.378413 
1505.691112  	65.277264 
1506.048419  	63.971934 
1506.405726  	64.346159 
1506.763033  	65.424610 
1507.120340  	64.811823 
1507.477647  	65.962534 
1507.834953  	66.949237 
1508.192260  	68.038260 
1508.549567  	69.328228 
1508.906874  	70.165337 
1509.264181  	71.165965 
1509.621488  	72.378535 
1509.978795  	73.697856 
1510.336101  	74.778585 
1510.693408  	75.940791 
1511.050715  	77.000521 
1511.408022  	77.749071 
1511.765329  	78.772494 
1512.122636  	80.276344 
1512.479943  	81.855257 
1512.837249  	82.503106 
1513.194556  	83.108071 
1513.551863  	83.810688 
1513.909170  	84.461214 
1514.266477  	85.597169 
1514.623784  	86.630049 
1514.981091  	86.954789 
1515.338397  	87.469763 
1515.695704  	88.210234 
1516.053011  	88.892179 
1516.410318  	89.277254 
1516.767625  	89.695378 
1517.124932  	90.664232 
1517.482239  	91.099482 
1517.839545  	91.455030 
1518.196852  	91.775988 
1518.554159  	92.068549 
1518.911466  	92.312173 
1519.268773  	92.301051 
1519.626080  	92.670077 
1519.983387  	93.238615 
1520.340694  	93.283280 
1520.698000  	93.653330 
1521.055307  	93.880277 
1521.412614  	93.619359 
1521.769921  	94.118793 
1522.127228  	94.489014 
1522.484535  	94.527456 
1522.841842  	94.180899 
1523.199148  	94.378989 
1523.556455  	94.673689 
1523.913762  	94.728368 
1524.271069  	94.733488 
1524.628376  	94.797943 
1524.985683  	95.100596 
1525.342990  	95.466440 
1525.700296  	95.466312 
1526.057603  	95.541417 
1526.414910  	95.658741 
1526.772217  	95.784236 
1527.129524  	95.938556 
1527.486831  	95.852555 
1527.844138  	95.764198 
1528.201444  	95.866808 
1528.558751  	95.780067 
1528.916058  	95.507059 
1529.273365  	95.557248 
1529.630672  	95.815147 
1529.987979  	95.994231 
1530.345286  	96.019921 
1530.702592  	96.068710 
1531.059899  	96.167618 
1531.417206  	96.193208 
1531.774513  	96.081078 
1532.131820  	95.945251 
1532.489127  	96.004064 
1532.846434  	96.358761 
1533.203741  	96.823850 
1533.561047  	96.676682 
1533.918354  	96.309277 
1534.275661  	96.152887 
1534.632968  	96.056439 
1534.990275  	96.161287 
1535.347582  	96.227691 
1535.704889  	96.049088 
1536.062195  	95.947054 
1536.419502  	96.055908 
1536.776809  	96.253664 
1537.134116  	96.233234 
1537.491423  	95.998907 
1537.848730  	95.973782 
1538.206037  	96.127250 
1538.563343  	96.223141 
1538.920650  	96.306864 
1539.277957  	96.071133 
1539.635264  	96.049884 
1539.992571  	96.482823 
1540.349878  	96.442504 
1540.707185  	95.440966 
1541.064491  	95.429799 
1541.421798  	95.862490 
1541.779105  	96.410284 
1542.136412  	96.964134 
1542.493719  	96.559051 
1542.851026  	96.178894 
1543.208333  	96.100912 
1543.565639  	96.120143 
1543.922946  	95.871338 
1544.280253  	95.711192 
1544.637560  	96.020587 
1544.994867  	96.532230 
1545.352174  	96.614069 
1545.709481  	96.053605 
1546.066788  	95.619190 
1546.424094  	95.553671 
1546.781401  	95.436216 
1547.138708  	95.254709 
1547.496015  	95.482186 
1547.853322  	95.619982 
1548.210629  	95.429233 
1548.567936  	95.363217 
1548.925242  	95.430296 
1549.282549  	95.578975 
1549.639856  	95.717419 
1549.997163  	95.557725 
1550.354470  	95.076877 
1550.711777  	94.734801 
1551.069084  	94.788373 
1551.426390  	94.956181 
1551.783697  	94.948917 
1552.141004  	94.913336 
1552.498311  	94.974933 
1552.855618  	95.022423 
1553.212925  	95.047201 
1553.570232  	95.053523 
1553.927538  	95.202687 
1554.284845  	95.493299 
1554.642152  	94.408485 
1554.999459  	93.924129 
1555.356766  	94.255221 
1555.714073  	94.373424 
1556.071380  	94.166010 
1556.428686  	94.010969 
1556.785993  	93.969688 
1557.143300  	94.167120 
1557.500607  	94.415611 
1557.857914  	94.135630 
1558.215221  	94.089101 
1558.572528  	93.302956 
1558.929835  	93.050094 
1559.287141  	93.676909 
1559.644448  	93.749824 
1560.001755  	93.072153 
1560.359062  	91.626993 
1560.716369  	91.844806 
1561.073676  	92.356240 
1561.430983  	92.405150 
1561.788289  	92.190755 
1562.145596  	92.160714 
1562.502903  	92.065719 
1562.860210  	91.748480 
1563.217517  	91.643928 
1563.574824  	91.668996 
1563.932131  	91.474597 
1564.289437  	91.329178 
1564.646744  	91.205728 
1565.004051  	90.703708 
1565.361358  	90.364577 
1565.718665  	90.320439 
1566.075972  	90.289347 
1566.433279  	90.156205 
1566.790585  	89.867749 
1567.147892  	89.629811 
1567.505199  	89.348386 
1567.862506  	89.016943 
1568.219813  	89.026705 
1568.577120  	89.067786 
1568.934427  	88.655052 
1569.291733  	88.268874 
1569.649040  	88.089246 
1570.006347  	87.419866 
1570.363654  	86.903600 
1570.720961  	86.666944 
1571.078268  	86.601032 
1571.435575  	86.525520 
1571.792882  	86.114895 
1572.150188  	85.533148 
1572.507495  	85.187710 
1572.864802  	85.132823 
1573.222109  	84.884536 
1573.579416  	84.426439 
1573.936723  	84.112391 
1574.294030  	83.721672 
1574.651336  	83.349303 
1575.008643  	83.161496 
1575.365950  	83.052643 
1575.723257  	83.321012 
1576.080564  	83.282113 
1576.437871  	80.179250 
1576.795178  	79.716879 
1577.152484  	79.964173 
1577.509791  	79.751373 
1577.867098  	79.197745 
1578.224405  	78.608557 
1578.581712  	77.971042 
1578.939019  	77.348124 
1579.296326  	76.703498 
1579.653632  	75.885666 
1580.010939  	75.160049 
1580.368246  	74.521330 
1580.725553  	73.791698 
1581.082860  	72.953340 
1581.440167  	72.000596 
1581.797474  	71.250998 
1582.154780  	70.696034 
1582.512087  	70.080487 
1582.869394  	69.585525 
1583.226701  	69.216337 
1583.584008  	68.810841 
1583.941315  	68.686421 
1584.298622  	68.942064 
1584.655928  	69.134083 
1585.013235  	69.315432 
1585.370542  	69.740802 
1585.727849  	70.304261 
1586.085156  	70.993468 
1586.442463  	71.786219 
1586.799770  	72.497998 
1587.157077  	73.167550 
1587.514383  	73.969520 
1587.871690  	74.735745 
1588.228997  	75.442314 
1588.586304  	76.165348 
1588.943611  	76.712493 
1589.300918  	77.221052 
1589.658225  	77.683061 
1590.015531  	77.901562 
1590.372838  	78.154885 
1590.730145  	78.502652 
1591.087452  	78.715132 
1591.444759  	78.766484 
1591.802066  	78.843170 
1592.159373  	79.079876 
1592.516679  	79.308916 
1592.873986  	79.446066 
1593.231293  	79.557010 
1593.588600  	79.548010 
1593.945907  	79.488514 
1594.303214  	79.661684 
1594.660521  	79.774705 
1595.017827  	79.506993 
1595.375134  	79.327099 
1595.732441  	79.377813 
1596.089748  	79.477985 
1596.447055  	79.414606 
1596.804362  	79.181625 
1597.161669  	78.942475 
1597.518975  	78.558865 
1597.876282  	78.296699 
1598.233589  	78.224421 
1598.590896  	77.936326 
1598.948203  	77.626202 
1599.305510  	77.225526 
1599.662817  	76.695824 
1600.020124  	76.381193 
1600.377430  	76.075750 
1600.734737  	75.640142 
1601.092044  	75.068874 
1601.449351  	74.450553 
1601.806658  	73.978086 
1602.163965  	73.483093 
1602.521272  	73.048205 
1602.878578  	72.661276 
1603.235885  	71.975421 
1603.593192  	71.385260 
1603.950499  	71.296631 
1604.307806  	71.080927 
1604.665113  	70.528005 
1605.022420  	70.198560 
1605.379726  	70.083624 
1605.737033  	69.932830 
1606.094340  	69.582423 
1606.451647  	68.981936 
1606.808954  	68.717102 
1607.166261  	68.780608 
1607.523568  	68.484409 
1607.880874  	68.034855 
1608.238181  	67.671740 
1608.595488  	67.217880 
1608.952795  	66.864343 
1609.310102  	66.610704 
1609.667409  	65.919676 
1610.024716  	65.102612 
1610.382022  	64.521679 
1610.739329  	63.907615 
1611.096636  	63.255473 
1611.453943  	62.533062 
1611.811250  	61.816164 
1612.168557  	61.034530 
1612.525864  	60.038332 
1612.883171  	59.112950 
1613.240477  	58.329021 
1613.597784  	57.659680 
1613.955091  	56.814116 
1614.312398  	55.714445 
1614.669705  	54.835701 
1615.027012  	54.021547 
1615.384319  	53.140601 
1615.741625  	52.394102 
1616.098932  	51.981365 
1616.456239  	51.942777 
1616.813546  	50.225740 
1617.170853  	48.598929 
1617.528160  	48.757794 
1617.885467  	48.693371 
1618.242773  	48.476704 
1618.600080  	48.143036 
1618.957387  	47.771423 
1619.314694  	47.733385 
1619.672001  	47.884466 
1620.029308  	47.834204 
1620.386615  	47.888118 
1620.743921  	48.147547 
1621.101228  	48.419333 
1621.458535  	48.865800 
1621.815842  	49.366932 
1622.173149  	49.921056 
1622.530456  	50.476668 
1622.887763  	50.936477 
1623.245069  	51.948564 
1623.602376  	53.067543 
1623.959683  	53.149856 
1624.316990  	53.789874 
1624.674297  	54.701367 
1625.031604  	55.570210 
1625.388911  	56.420167 
1625.746218  	57.073635 
1626.103524  	57.778329 
1626.460831  	58.674356 
1626.818138  	59.549291 
1627.175445  	60.524520 
1627.532752  	61.494548 
1627.890059  	62.285830 
1628.247366  	62.920164 
1628.604672  	63.496087 
1628.961979  	64.366830 
1629.319286  	65.271633 
1629.676593  	65.843129 
1630.033900  	66.415168 
1630.391207  	67.056795 
1630.748514  	67.816688 
1631.105820  	68.704744 
1631.463127  	69.450473 
1631.820434  	70.031172 
1632.177741  	70.584057 
1632.535048  	71.364612 
1632.892355  	72.214779 
1633.249662  	72.782379 
1633.606968  	73.218004 
1633.964275  	73.652317 
1634.321582  	74.146950 
1634.678889  	74.849371 
1635.036196  	76.118786 
1635.393503  	78.064465 
1635.750810  	77.805367 
1636.108116  	77.192113 
1636.465423  	77.392790 
1636.822730  	77.956343 
1637.180037  	78.947520 
1637.537344  	79.745280 
1637.894651  	79.717647 
1638.251958  	80.110182 
1638.609265  	80.834689 
1638.966571  	81.277649 
1639.323878  	81.601376 
1639.681185  	82.103068 
1640.038492  	82.624865 
1640.395799  	83.030608 
1640.753106  	83.493738 
1641.110413  	84.058671 
1641.467719  	84.469689 
1641.825026  	84.751018 
1642.182333  	85.106427 
1642.539640  	85.523699 
1642.896947  	85.903532 
1643.254254  	86.171429 
1643.611561  	86.379506 
1643.968867  	86.638894 
1644.326174  	87.072049 
1644.683481  	87.540682 
1645.040788  	87.934027 
1645.398095  	88.393908 
1645.755402  	88.556805 
1646.112709  	88.635560 
1646.470015  	89.365747 
1646.827322  	89.547664 
1647.184629  	89.873844 
1647.541936  	90.129506 
1647.899243  	90.048076 
1648.256550  	90.493981 
1648.613857  	90.612408 
1648.971163  	90.585084 
1649.328470  	90.882844 
1649.685777  	91.093186 
1650.043084  	91.226446 
1650.400391  	91.415688 
1650.757698  	91.707168 
1651.115005  	92.002330 
1651.472312  	92.194684 
1651.829618  	92.604266 
1652.186925  	93.172513 
1652.544232  	93.090395 
1652.901539  	93.621772 
1653.258846  	93.606445 
1653.616153  	92.454173 
1653.973460  	92.763467 
1654.330766  	93.397637 
1654.688073  	93.698483 
1655.045380  	93.260612 
1655.402687  	93.118000 
1655.759994  	93.481597 
1656.117301  	93.933869 
1656.474608  	94.152044 
1656.831914  	94.043362 
1657.189221  	93.902031 
1657.546528  	94.141841 
1657.903835  	94.267951 
1658.261142  	94.287516 
1658.618449  	94.531618 
1658.975756  	94.636748 
1659.333062  	94.748451 
1659.690369  	94.908915 
1660.047676  	94.809100 
1660.404983  	94.699016 
1660.762290  	94.845713 
1661.119597  	95.067694 
1661.476904  	95.084020 
1661.834210  	95.101818 
1662.191517  	95.185092 
1662.548824  	95.228403 
1662.906131  	95.563372 
1663.263438  	95.543579 
1663.620745  	95.330117 
1663.978052  	95.460775 
1664.335359  	95.734428 
1664.692665  	95.813240 
1665.049972  	95.714264 
1665.407279  	95.700321 
1665.764586  	95.663128 
1666.121893  	95.656798 
1666.479200  	95.845580 
1666.836507  	95.927756 
1667.193813  	95.927289 
1667.551120  	95.996034 
1667.908427  	96.155736 
1668.265734  	96.303542 
1668.623041  	96.083821 
1668.980348  	95.956298 
1669.337655  	96.425488 
1669.694961  	96.712601 
1670.052268  	96.488548 
1670.409575  	96.387441 
1670.766882  	96.476591 
1671.124189  	96.484926 
1671.481496  	96.298067 
1671.838803  	96.441764 
1672.196109  	96.443269 
1672.553416  	96.240483 
1672.910723  	96.372743 
1673.268030  	96.601484 
1673.625337  	96.514609 
1673.982644  	96.455241 
1674.339951  	96.589983 
1674.697257  	96.830911 
1675.054564  	97.243533 
1675.411871  	97.182658 
1675.769178  	96.756048 
1676.126485  	96.686695 
1676.483792  	96.472865 
1676.841099  	96.464570 
1677.198405  	96.712143 
1677.555712  	96.886372 
1677.913019  	97.024211 
1678.270326  	97.003055 
1678.627633  	96.728392 
1678.984940  	96.583379 
1679.342247  	96.612097 
1679.699554  	96.666407 
1680.056860  	96.877711 
1680.414167  	96.985234 
1680.771474  	97.004400 
1681.128781  	97.183880 
1681.486088  	97.315756 
1681.843395  	97.359874 
1682.200702  	97.213820 
1682.558008  	96.923845 
1682.915315  	96.648496 
1683.272622  	96.226701 
1683.629929  	96.305810 
1683.987236  	97.140841 
1684.344543  	97.714922 
1684.701850  	96.598013 
1685.059156  	95.669023 
1685.416463  	96.687757 
1685.773770  	97.086186 
1686.131077  	97.169201 
1686.488384  	97.129416 
1686.845691  	97.033022 
1687.202998  	97.049262 
1687.560304  	97.069603 
1687.917611  	97.259343 
1688.274918  	97.568773 
1688.632225  	97.365918 
1688.989532  	97.076296 
1689.346839  	97.202466 
1689.704146  	97.420815 
1690.061452  	97.311155 
1690.418759  	97.127096 
1690.776066  	97.198474 
1691.133373  	97.292961 
1691.490680  	97.475742 
1691.847987  	97.611397 
1692.205294  	97.569309 
1692.562601  	97.411534 
1692.919907  	97.273511 
1693.277214  	97.344518 
1693.634521  	97.379732 
1693.991828  	97.269623 
1694.349135  	97.151809 
1694.706442  	97.174569 
1695.063749  	97.532387 
1695.421055  	97.797498 
1695.778362  	97.443371 
1696.135669  	97.627889 
1696.492976  	97.449558 
1696.850283  	97.338277 
1697.207590  	97.570731 
1697.564897  	97.889672 
1697.922203  	97.766031 
1698.279510  	97.490197 
1698.636817  	97.547836 
1698.994124  	97.876703 
1699.351431  	98.164576 
1699.708738  	97.988827 
1700.066045  	97.663595 
1700.423351  	99.224024 
1700.780658  	98.578096 
1701.137965  	98.017292 
1701.495272  	97.996377 
1701.852579  	98.144969 
1702.209886  	98.247761 
1702.567193  	98.047562 
1702.924499  	97.960032 
1703.281806  	98.115548 
1703.639113  	98.105310 
1703.996420  	97.941112 
1704.353727  	97.889311 
1704.711034  	98.016678 
1705.068341  	98.015723 
1705.425648  	98.107970 
1705.782954  	98.357564 
1706.140261  	98.331761 
1706.497568  	97.802766 
1706.854875  	97.826200 
1707.212182  	98.190035 
1707.569489  	98.161972 
1707.926796  	97.992030 
1708.284102  	98.092543 
1708.641409  	98.169053 
1708.998716  	98.090978 
1709.356023  	98.130858 
1709.713330  	98.182212 
1710.070637  	98.013636 
1710.427944  	97.872857 
1710.785250  	97.931063 
1711.142557  	98.154965 
1711.499864  	98.426772 
1711.857171  	98.264335 
1712.214478  	98.043921 
1712.571785  	98.210387 
1712.929092  	98.275323 
1713.286398  	98.304340 
1713.643705  	98.303236 
1714.001012  	98.049211 
1714.358319  	98.151924 
1714.715626  	98.600188 
1715.072933  	98.858533 
1715.430240  	98.514825 
1715.787546  	98.263060 
1716.144853  	98.352197 
1716.502160  	98.194544 
1716.859467  	98.120417 
1717.216774  	98.863193 
1717.574081  	99.664873 
1717.931388  	98.742468 
1718.288695  	98.328096 
1718.646001  	98.543499 
1719.003308  	98.206394 
1719.360615  	97.685989 
1719.717922  	97.825701 
1720.075229  	98.082348 
1720.432536  	98.111967 
1720.789843  	98.110063 
1721.147149  	98.098257 
1721.504456  	98.122065 
1721.861763  	98.264088 
1722.219070  	98.440778 
1722.576377  	98.431554 
1722.933684  	98.363360 
1723.290991  	98.579332 
1723.648297  	98.686315 
1724.005604  	98.493640 
1724.362911  	98.287187 
1724.720218  	98.250779 
1725.077525  	98.666272 
1725.434832  	98.758540 
1725.792139  	98.439633 
1726.149445  	98.483482 
1726.506752  	98.383147 
1726.864059  	98.309194 
1727.221366  	98.593871 
1727.578673  	98.615710 
1727.935980  	98.581183 
1728.293287  	98.593931 
1728.650593  	98.643755 
1729.007900  	98.800760 
1729.365207  	98.650214 
1729.722514  	98.511054 
1730.079821  	98.706859 
1730.437128  	98.660100 
1730.794435  	98.507372 
1731.151742  	98.488128 
1731.509048  	98.573705 
1731.866355  	98.519473 
1732.223662  	98.384899 
1732.580969  	98.360998 
1732.938276  	98.163887 
1733.295583  	97.929059 
1733.652890  	98.215547 
1734.010196  	98.831132 
1734.367503  	99.682688 
1734.724810  	99.543912 
1735.082117  	98.458406 
1735.439424  	98.458854 
1735.796731  	98.486842 
1736.154038  	98.360890 
1736.511344  	98.249995 
1736.868651  	98.281736 
1737.225958  	98.341515 
1737.583265  	98.223956 
1737.940572  	98.183345 
1738.297879  	98.430669 
1738.655186  	98.646215 
1739.012492  	98.666660 
1739.369799  	98.619046 
1739.727106  	98.537112 
1740.084413  	98.597714 
1740.441720  	98.796590 
1740.799027  	98.738246 
1741.156334  	98.645607 
1741.513640  	98.685676 
1741.870947  	98.594758 
1742.228254  	98.580438 
1742.585561  	98.743997 
1742.942868  	98.586333 
1743.300175  	98.391314 
1743.657482  	98.455743 
1744.014789  	98.491033 
1744.372095  	98.716594 
1744.729402  	98.806276 
1745.086709  	98.664808 
1745.444016  	98.716089 
1745.801323  	98.791440 
1746.158630  	98.635357 
1746.515937  	98.537739 
1746.873243  	98.636344 
1747.230550  	98.507461 
1747.587857  	98.313881 
1747.945164  	98.465525 
1748.302471  	98.657706 
1748.659778  	98.939853 
1749.017085  	98.886978 
1749.374391  	98.481776 
1749.731698  	98.560060 
1750.089005  	98.771504 
1750.446312  	98.890445 
1750.803619  	98.990680 
1751.160926  	98.887811 
1751.518233  	98.749298 
1751.875539  	98.776216 
1752.232846  	98.819035 
1752.590153  	98.672334 
1752.947460  	98.428752 
1753.304767  	98.499961 
1753.662074  	98.551177 
1754.019381  	98.492249 
1754.376687  	98.546888 
1754.733994  	98.509475 
1755.091301  	98.481959 
1755.448608  	98.515302 
1755.805915  	98.572091 
1756.163222  	98.984153 
1756.520529  	99.503806 
1756.877835  	99.151690 
1757.235142  	98.385118 
1757.592449  	98.399562 
1757.949756  	98.482007 
1758.307063  	98.456755 
1758.664370  	98.615805 
1759.021677  	98.755794 
1759.378984  	98.641509 
1759.736290  	98.554583 
1760.093597  	98.593780 
1760.450904  	98.610999 
1760.808211  	98.571298 
1761.165518  	98.483807 
1761.522825  	98.466004 
1761.880132  	98.559061 
1762.237438  	98.434397 
1762.594745  	98.243428 
1762.952052  	98.093618 
1763.309359  	98.053871 
1763.666666  	98.120483 
1764.023973  	98.098594 
1764.381280  	98.027542 
1764.738586  	98.060825 
1765.095893  	98.234106 
1765.453200  	98.223588 
1765.810507  	97.941481 
1766.167814  	97.905559 
1766.525121  	98.143854 
1766.882428  	98.366200 
1767.239734  	98.411247 
1767.597041  	98.241654 
1767.954348  	98.143509 
1768.311655  	98.089103 
1768.668962  	97.992662 
1769.026269  	97.961994 
1769.383576  	97.929404 
1769.740882  	97.978392 
1770.098189  	97.923889 
1770.455496  	97.868340 
1770.812803  	97.830488 
1771.170110  	97.538460 
1771.527417  	97.855090 
1771.884724  	98.294706 
1772.242031  	98.207030 
1772.599337  	98.325700 
1772.956644  	97.774802 
1773.313951  	97.312365 
1773.671258  	97.594059 
1774.028565  	97.837360 
1774.385872  	97.900871 
1774.743179  	97.756385 
1775.100485  	97.746909 
1775.457792  	98.008537 
1775.815099  	98.023599 
1776.172406  	97.930953 
1776.529713  	97.907562 
1776.887020  	97.967624 
1777.244327  	98.030340 
1777.601633  	97.915402 
1777.958940  	98.185599 
1778.316247  	98.433073 
1778.673554  	98.034487 
1779.030861  	97.812534 
1779.388168  	97.774762 
1779.745475  	97.769335 
1780.102781  	98.016332 
1780.460088  	98.066312 
1780.817395  	98.194390 
1781.174702  	98.215576 
1781.532009  	97.873734 
1781.889316  	97.980893 
1782.246623  	98.117371 
1782.603929  	98.015846 
1782.961236  	98.277006 
1783.318543  	98.313838 
1783.675850  	98.157003 
1784.033157  	98.406364 
1784.390464  	98.327795 
1784.747771  	98.081625 
1785.105078  	98.247488 
1785.462384  	98.057384 
1785.819691  	98.156949 
1786.176998  	98.522051 
1786.534305  	98.339545 
1786.891612  	98.286737 
1787.248919  	98.483964 
1787.606226  	98.222843 
1787.963532  	97.996228 
1788.320839  	98.092378 
1788.678146  	98.243789 
1789.035453  	98.418453 
1789.392760  	98.456736 
1789.750067  	98.386836 
1790.107374  	98.440246 
1790.464680  	98.512662 
1790.821987  	98.381666 
1791.179294  	98.263313 
1791.536601  	98.515669 
1791.893908  	98.581782 
1792.251215  	98.323606 
1792.608522  	98.467534 
1792.965828  	98.820280 
1793.323135  	98.417700 
1793.680442  	98.279460 
1794.037749  	98.270591 
1794.395056  	98.394025 
1794.752363  	98.723787 
1795.109670  	98.827141 
1795.466976  	98.577566 
1795.824283  	98.314573 
1796.181590  	98.460584 
1796.538897  	98.574068 
1796.896204  	98.434327 
1797.253511  	98.535827 
1797.610818  	98.427495 
1797.968125  	98.291962 
1798.325431  	98.468294 
1798.682738  	98.393947 
1799.040045  	98.567949 
1799.397352  	98.938941 
1799.754659  	98.767278 
1800.111966  	98.637038 
1800.469273  	98.449813 
1800.826579  	98.320850 
1801.183886  	98.518071 
1801.541193  	98.498132 
1801.898500  	98.258093 
1802.255807  	98.381898 
1802.613114  	98.785438 
1802.970421  	98.727274 
1803.327727  	98.554404 
1803.685034  	98.583879 
1804.042341  	98.513718 
1804.399648  	98.425351 
1804.756955  	98.144216 
1805.114262  	97.943679 
1805.471569  	98.197447 
1805.828875  	98.352757 
1806.186182  	98.477115 
1806.543489  	98.599362 
1806.900796  	98.276613 
1807.258103  	97.824214 
1807.615410  	97.935497 
1807.972717  	98.424393 
1808.330023  	98.380456 
1808.687330  	98.311552 
1809.044637  	98.668899 
1809.401944  	98.759219 
1809.759251  	98.553559 
1810.116558  	98.391820 
1810.473865  	98.368670 
1810.831172  	98.509642 
1811.188478  	98.760207 
1811.545785  	98.975060 
1811.903092  	98.902551 
1812.260399  	98.823791 
1812.617706  	98.803179 
1812.975013  	98.682499 
1813.332320  	98.688955 
1813.689626  	98.553120 
1814.046933  	98.623083 
1814.404240  	98.937488 
1814.761547  	98.664156 
1815.118854  	98.328685 
1815.476161  	98.268941 
1815.833468  	98.386404 
1816.190774  	98.882960 
1816.548081  	98.819827 
1816.905388  	98.141963 
1817.262695  	97.927799 
1817.620002  	98.372072 
1817.977309  	99.019577 
1818.334616  	99.081193 
1818.691922  	98.988668 
1819.049229  	99.345205 
1819.406536  	99.257170 
1819.763843  	98.713652 
1820.121150  	98.287644 
1820.478457  	98.112382 
1820.835764  	98.524898 
1821.193070  	98.822038 
1821.550377  	98.606432 
1821.907684  	98.627716 
1822.264991  	98.926141 
1822.622298  	99.102178 
1822.979605  	99.067235 
1823.336912  	99.011417 
1823.694219  	98.841696 
1824.051525  	98.693611 
1824.408832  	98.863512 
1824.766139  	98.722435 
1825.123446  	98.432222 
1825.480753  	98.924423 
1825.838060  	99.209841 
1826.195367  	99.300046 
1826.552673  	99.285729 
1826.909980  	98.992562 
1827.267287  	98.770184 
1827.624594  	98.752765 
1827.981901  	98.876913 
1828.339208  	98.962320 
1828.696515  	99.141749 
1829.053821  	99.274020 
1829.411128  	98.962443 
1829.768435  	99.078887 
1830.125742  	99.399562 
1830.483049  	99.009281 
1830.840356  	98.968973 
1831.197663  	99.131556 
1831.554969  	98.982230 
1831.912276  	98.749545 
1832.269583  	98.864295 
1832.626890  	99.130597 
1832.984197  	99.086493 
1833.341504  	99.091044 
1833.698811  	99.265001 
1834.056117  	99.084650 
1834.413424  	98.958590 
1834.770731  	99.092424 
1835.128038  	98.975993 
1835.485345  	99.062633 
1835.842652  	99.299105 
1836.199959  	98.998819 
1836.557265  	98.958437 
1836.914572  	99.287082 
1837.271879  	99.301652 
1837.629186  	99.413330 
1837.986493  	99.390086 
1838.343800  	99.164326 
1838.701107  	99.063758 
1839.058414  	98.777396 
1839.415720  	98.625765 
1839.773027  	98.724480 
1840.130334  	98.599706 
1840.487641  	98.386907 
1840.844948  	98.313283 
1841.202255  	98.732651 
1841.559562  	99.412186 
1841.916868  	99.370453 
1842.274175  	98.944402 
1842.631482  	98.757522 
1842.988789  	98.261884 
1843.346096  	97.938005 
1843.703403  	98.745567 
1844.060710  	100.146239 
1844.418016  	100.225652 
1844.775323  	98.818520 
1845.132630  	98.434178 
1845.489937  	98.806528 
1845.847244  	99.002306 
1846.204551  	98.628792 
1846.561858  	98.521541 
1846.919164  	98.721885 
1847.276471  	98.646609 
1847.633778  	98.512223 
1847.991085  	98.320907 
1848.348392  	97.900204 
1848.705699  	98.078706 
1849.063006  	98.519938 
1849.420312  	98.402637 
1849.777619  	98.406962 
1850.134926  	98.632731 
1850.492233  	98.848394 
1850.849540  	99.182819 
1851.206847  	98.782597 
1851.564154  	98.025593 
1851.921461  	98.022020 
1852.278767  	98.412052 
1852.636074  	98.696161 
1852.993381  	98.665546 
1853.350688  	98.625452 
1853.707995  	98.883057 
1854.065302  	98.946871 
1854.422609  	98.913927 
1854.779915  	99.050192 
1855.137222  	98.860609 
1855.494529  	98.530938 
1855.851836  	98.724440 
1856.209143  	98.883481 
1856.566450  	98.604502 
1856.923757  	98.739295 
1857.281063  	99.050884 
1857.638370  	98.622040 
1857.995677  	98.221437 
1858.352984  	98.637544 
1858.710291  	98.859249 
1859.067598  	98.505693 
1859.424905  	98.754955 
1859.782211  	99.261851 
1860.139518  	99.216590 
1860.496825  	99.070079 
1860.854132  	98.771488 
1861.211439  	98.608633 
1861.568746  	98.871604 
1861.926053  	98.709607 
1862.283359  	98.574455 
1862.640666  	99.128830 
1862.997973  	99.515793 
1863.355280  	99.447132 
1863.712587  	99.277704 
1864.069894  	98.884864 
1864.427201  	98.600966 
1864.784508  	98.742730 
1865.141814  	98.949427 
1865.499121  	99.115089 
1865.856428  	98.743444 
1866.213735  	97.973121 
1866.571042  	98.309866 
1866.928349  	99.126129 
1867.285656  	99.310216 
1867.642962  	99.458746 
1868.000269  	99.501608 
1868.357576  	99.207915 
1868.714883  	98.548312 
1869.072190  	98.101838 
1869.429497  	99.266756 
1869.786804  	100.091629 
1870.144110  	99.080968 
1870.501417  	98.388189 
1870.858724  	98.717585 
1871.216031  	98.948434 
1871.573338  	98.540722 
1871.930645  	98.514676 
1872.287952  	98.682015 
1872.645258  	98.715643 
1873.002565  	98.949246 
1873.359872  	98.548415 
1873.717179  	97.831355 
1874.074486  	97.951300 
1874.431793  	98.165181 
1874.789100  	98.254482 
1875.146406  	98.378464 
1875.503713  	97.825721 
1875.861020  	97.609413 
1876.218327  	98.457362 
1876.575634  	99.191858 
1876.932941  	98.873850 
1877.290248  	97.483698 
1877.647555  	96.946241 
1878.004861  	97.675064 
1878.362168  	97.662186 
1878.719475  	97.353367 
1879.076782  	97.258228 
1879.434089  	97.139849 
1879.791396  	97.577999 
1880.148703  	97.634686 
1880.506009  	97.097752 
1880.863316  	97.023776 
1881.220623  	97.517049 
1881.577930  	97.713450 
1881.935237  	97.158819 
1882.292544  	97.196240 
1882.649851  	98.138914 
1883.007157  	98.573518 
1883.364464  	97.918180 
1883.721771  	97.264667 
1884.079078  	97.893548 
1884.436385  	98.230012 
1884.793692  	97.351687 
1885.150999  	97.235735 
1885.508305  	97.625829 
1885.865612  	97.382744 
1886.222919  	97.148504 
1886.580226  	97.192817 
1886.937533  	97.037138 
1887.294840  	97.063472 
1887.652147  	97.872486 
1888.009453  	98.704616 
1888.366760  	98.779205 
1888.724067  	98.466000 
1889.081374  	98.363660 
1889.438681  	98.365270 
1889.795988  	98.171040 
1890.153295  	97.907667 
1890.510602  	97.560089 
1890.867908  	97.614144 
1891.225215  	97.735232 
1891.582522  	97.476857 
1891.939829  	97.225738 
1892.297136  	96.763892 
1892.654443  	97.301061 
1893.011750  	98.120310 
1893.369056  	97.218706 
1893.726363  	96.963459 
1894.083670  	97.685146 
1894.440977  	97.521767 
1894.798284  	96.943711 
1895.155591  	96.571457 
1895.512898  	97.072385 
1895.870204  	97.636301 
1896.227511  	97.976260 
1896.584818  	98.347345 
1896.942125  	98.015496 
1897.299432  	98.002636 
1897.656739  	98.326969 
1898.014046  	98.159949 
1898.371352  	98.136246 
1898.728659  	98.329217 
1899.085966  	98.292016 
1899.443273  	97.607184 
1899.800580  	97.464221 
1900.157887  	98.184038 
1900.515194  	97.998343 
1900.872500  	97.609132 
1901.229807  	97.946444 
1901.587114  	98.258216 
1901.944421  	98.329007 
1902.301728  	98.256727 
1902.659035  	98.301876 
1903.016342  	98.370249 
1903.373649  	98.210190 
1903.730955  	98.094706 
1904.088262  	98.768832 
1904.445569  	99.497193 
1904.802876  	98.482754 
1905.160183  	97.519808 
1905.517490  	97.961833 
1905.874797  	98.132876 
1906.232103  	97.981268 
1906.589410  	97.730454 
1906.946717  	97.321270 
1907.304024  	97.381347 
1907.661331  	97.702632 
1908.018638  	98.187728 
1908.375945  	98.511149 
1908.733251  	98.798345 
1909.090558  	99.248292 
1909.447865  	98.655106 
1909.805172  	98.066385 
1910.162479  	98.798029 
1910.519786  	98.725310 
1910.877093  	97.878789 
1911.234399  	97.810748 
1911.591706  	98.371707 
1911.949013  	98.739415 
1912.306320  	98.626053 
1912.663627  	98.553811 
1913.020934  	98.615067 
1913.378241  	98.873710 
1913.735547  	98.824865 
1914.092854  	98.147983 
1914.450161  	98.358555 
1914.807468  	98.756908 
1915.164775  	98.597211 
1915.522082  	98.909528 
1915.879389  	98.440539 
1916.236696  	97.832833 
1916.594002  	98.560632 
1916.951309  	99.258282 
1917.308616  	99.560294 
1917.665923  	99.532256 
1918.023230  	99.280932 
1918.380537  	98.781907 
1918.737844  	97.756088 
1919.095150  	97.185417 
1919.452457  	96.998724 
1919.809764  	97.239443 
1920.167071  	97.835558 
1920.524378  	98.156103 
1920.881685  	98.494744 
1921.238992  	98.428163 
1921.596298  	98.024811 
1921.953605  	98.292784 
1922.310912  	98.767391 
1922.668219  	98.897667 
1923.025526  	98.807769 
1923.382833  	98.484799 
1923.740140  	98.154145 
1924.097446  	98.460799 
1924.454753  	98.742628 
1924.812060  	97.758663 
1925.169367  	97.088828 
1925.526674  	98.206431 
1925.883981  	99.408889 
1926.241288  	99.045587 
1926.598594  	98.131778 
1926.955901  	98.361243 
1927.313208  	98.346293 
1927.670515  	97.549222 
1928.027822  	98.140100 
1928.385129  	99.378224 
1928.742436  	99.613951 
1929.099742  	99.249654 
1929.457049  	98.818227 
1929.814356  	98.591942 
1930.171663  	98.611170 
1930.528970  	99.091921 
1930.886277  	99.340001 
1931.243584  	99.171078 
1931.600891  	99.417364 
1931.958197  	98.602198 
1932.315504  	97.394103 
1932.672811  	97.296353 
1933.030118  	96.938015 
1933.387425  	97.605660 
1933.744732  	98.301641 
1934.102039  	96.856169 
1934.459345  	97.099744 
1934.816652  	99.201589 
1935.173959  	100.151808 
1935.531266  	99.769289 
1935.888573  	98.355893 
1936.245880  	97.867127 
1936.603187  	98.339268 
1936.960493  	98.283919 
1937.317800  	98.156234 
1937.675107  	97.796730 
1938.032414  	98.033540 
1938.389721  	98.810926 
1938.747028  	98.800498 
1939.104335  	98.020766 
1939.461641  	97.001507 
1939.818948  	97.105801 
1940.176255  	97.675361 
1940.533562  	98.596323 
1940.890869  	100.094189 
1941.248176  	99.544919 
1941.605483  	99.501359 
1941.962789  	101.065034 
1942.320096  	99.853876 
1942.677403  	98.214385 
1943.034710  	99.414801 
1943.392017  	99.849922 
1943.749324  	99.429710 
1944.106631  	99.437450 
1944.463938  	99.764329 
1944.821244  	99.801323 
1945.178551  	99.268298 
1945.535858  	98.487095 
1945.893165  	99.268023 
1946.250472  	100.694413 
1946.607779  	99.806882 
1946.965086  	97.890280 
1947.322392  	97.242045 
1947.679699  	98.143270 
1948.037006  	98.023924 
1948.394313  	96.392457 
1948.751620  	97.233046 
1949.108927  	98.941128 
1949.466234  	99.033979 
1949.823540  	99.093254 
1950.180847  	98.573494 
1950.538154  	97.601354 
1950.895461  	97.503575 
1951.252768  	98.771844 
1951.610075  	99.988890 
1951.967382  	100.068225 
1952.324688  	100.236191 
1952.681995  	99.353980 
1953.039302  	97.800834 
1953.396609  	97.402340 
1953.753916  	97.948356 
1954.111223  	99.221921 
1954.468530  	99.320870 
1954.825836  	98.360005 
1955.183143  	97.888963 
1955.540450  	97.751688 
1955.897757  	98.922047 
1956.255064  	100.238907 
1956.612371  	100.680570 
1956.969678  	100.860412 
1957.326985  	100.279855 
1957.684291  	100.203115 
1958.041598  	100.902502 
1958.398905  	100.173419 
1958.756212  	98.392531 
1959.113519  	98.250198 
1959.470826  	98.549933 
1959.828133  	98.153624 
1960.185439  	100.367218 
1960.542746  	102.784896 
1960.900053  	101.441730 
1961.257360  	99.417034 
1961.614667  	99.263445 
1961.971974  	100.080032 
1962.329281  	99.831764 
1962.686587  	98.578093 
1963.043894  	97.977945 
1963.401201  	98.292809 
1963.758508  	98.615862 
1964.115815  	97.339280 
1964.473122  	97.518729 
1964.830429  	99.867957 
1965.187735  	98.572048 
1965.545042  	95.054567 
1965.902349  	95.093673 
1966.259656  	98.520195 
1966.616963  	99.915517 
1966.974270  	98.724558 
1967.331577  	99.278618 
1967.688883  	99.401129 
1968.046190  	98.611305 
1968.403497  	100.080720 
1968.760804  	100.522121 
1969.118111  	99.453612 
1969.475418  	99.641837 
1969.832725  	99.807279 
1970.190032  	101.212699 
1970.547338  	103.575448 
1970.904645  	102.500922 
1971.261952  	100.535440 
1971.619259  	99.163071 
1971.976566  	97.237073 
1972.333873  	97.249045 
1972.691180  	97.660494 
1973.048486  	97.987354 
1973.405793  	99.502986 
1973.763100  	100.973068 
1974.120407  	101.470046 
1974.477714  	100.128409 
1974.835021  	101.587030 
1975.192328  	103.067419 
1975.549634  	99.164986 
1975.906941  	98.797782 
1976.264248  	101.158654 
1976.621555  	102.491530 
1976.978862  	104.441664 
1977.336169  	102.402818 
1977.693476  	100.275622 
1978.050782  	99.775958 
1978.408089  	99.047806 
1978.765396  	99.796861 
1979.122703  	98.471186 
1979.480010  	97.411574 
1979.837317  	98.949114 
1980.194624  	99.706819 
1980.551930  	99.795946 
1980.909237  	99.136728 
1981.266544  	98.284029 
1981.623851  	98.826957 
1981.981158  	100.322436 
1982.338465  	100.576231 
1982.695772  	100.525482 
1983.053079  	100.618138 
1983.410385  	99.091109 
1983.767692  	100.124693 
1984.124999  	102.143577 
1984.482306  	99.941937 
1984.839613  	98.747831 
1985.196920  	99.844809 
1985.554227  	100.156944 
1985.911533  	100.211676 
1986.268840  	98.638552 
1986.626147  	96.137670 
1986.983454  	96.879544 
1987.340761  	99.310556 
1987.698068  	98.692866 
1988.055375  	97.724122 
1988.412681  	99.060927 
1988.769988  	99.601810 
1989.127295  	99.004628 
1989.484602  	98.732626 
1989.841909  	99.451977 
1990.199216  	99.024971 
1990.556523  	97.340467 
1990.913829  	98.432318 
1991.271136  	100.020544 
1991.628443  	98.729050 
1991.985750  	96.158883 
1992.343057  	95.676271 
1992.700364  	97.261960 
1993.057671  	98.326940 
1993.414977  	99.801948 
1993.772284  	98.994323 
1994.129591  	96.428988 
1994.486898  	97.439314 
1994.844205  	97.843102 
1995.201512  	96.199971 
1995.558819  	96.581096 
1995.916126  	97.558109 
1996.273432  	97.393724 
1996.630739  	96.128052 
1996.988046  	95.428711 
1997.345353  	96.242281 
1997.702660  	98.354865 
1998.059967  	101.236872 
1998.417274  	101.391357 
1998.774580  	99.105166 
1999.131887  	97.651046 
1999.489194  	97.145274 
1999.846501  	97.918035 
2000.203808  	100.456363 
2000.561115  	102.215420 
2000.918422  	101.156657 
2001.275728  	99.104904 
2001.633035  	98.503458 
2001.990342  	99.989216 
2002.347649  	100.143210 
2002.704956  	98.047952 
2003.062263  	97.257199 
2003.419570  	97.207630 
2003.776876  	97.123764 
2004.134183  	96.457070 
2004.491490  	95.682295 
2004.848797  	97.386984 
2005.206104  	98.986988 
2005.563411  	100.380063 
2005.920718  	101.108752 
2006.278024  	98.395474 
2006.635331  	96.932006 
2006.992638  	96.915027 
2007.349945  	95.997229 
2007.707252  	95.406674 
2008.064559  	94.668675 
2008.421866  	95.387987 
2008.779172  	98.811174 
2009.136479  	101.409031 
2009.493786  	99.600799 
2009.851093  	97.722846 
2010.208400  	98.392832 
2010.565707  	98.058928 
2010.923014  	99.500079 
2011.280321  	101.288541 
2011.637627  	99.534404 
2011.994934  	98.362724 
2012.352241  	98.577226 
2012.709548  	98.720307 
2013.066855  	97.682141 
2013.424162  	97.250345 
2013.781469  	98.772436 
2014.138775  	98.744996 
2014.496082  	97.734187 
2014.853389  	97.329420 
2015.210696  	97.772696 
2015.568003  	97.858730 
2015.925310  	98.124943 
2016.282617  	101.176308 
2016.639923  	100.378597 
2016.997230  	96.408634 
2017.354537  	95.346563 
2017.711844  	94.536395 
2018.069151  	97.581615 
2018.426458  	101.971428 
2018.783765  	100.492500 
2019.141071  	96.758771 
2019.498378  	94.835608 
2019.855685  	97.110382 
2020.212992  	100.969402 
2020.570299  	102.145689 
2020.927606  	100.636828 
2021.284913  	98.425117 
2021.642219  	99.573490 
2021.999526  	100.755668 
2022.356833  	98.482183 
2022.714140  	97.213085 
2023.071447  	97.749265 
2023.428754  	98.059845 
2023.786061  	97.936421 
2024.143368  	99.040008 
2024.500674  	101.152627 
2024.857981  	101.472606 
2025.215288  	100.780749 
2025.572595  	100.016227 
2025.929902  	98.095577 
2026.287209  	96.241636 
2026.644516  	97.408330 
2027.001822  	100.488523 
2027.359129  	100.404524 
2027.716436  	99.261230 
2028.073743  	98.436189 
2028.431050  	95.874936 
2028.788357  	96.868586 
2029.145664  	102.092413 
2029.502970  	103.664955 
2029.860277  	99.679359 
2030.217584  	94.984709 
2030.574891  	95.440012 
2030.932198  	98.295560 
2031.289505  	98.137991 
2031.646812  	98.482762 
2032.004118  	98.411824 
2032.361425  	97.451567 
2032.718732  	98.834081 
2033.076039  	99.724977 
2033.433346  	99.840730 
2033.790653  	98.958219 
2034.147960  	98.163644 
2034.505266  	101.368350 
2034.862573  	101.947830 
2035.219880  	97.960243 
2035.577187  	95.782619 
2035.934494  	96.136567 
2036.291801  	97.661085 
2036.649108  	98.319449 
2037.006415  	98.832730 
2037.363721  	100.151107 
2037.721028  	101.150601 
2038.078335  	102.171272 
2038.435642  	100.625029 
2038.792949  	98.323709 
2039.150256  	98.334710 
2039.507563  	98.217848 
2039.864869  	99.436386 
2040.222176  	100.874086 
2040.579483  	99.105644 
2040.936790  	96.861277 
2041.294097  	97.305280 
2041.651404  	99.064573 
2042.008711  	98.561776 
2042.366017  	97.669531 
2042.723324  	97.488521 
2043.080631  	95.465345 
2043.437938  	95.441436 
2043.795245  	98.479841 
2044.152552  	99.307982 
2044.509859  	99.101592 
2044.867165  	100.181718 
2045.224472  	101.310017 
2045.581779  	102.028178 
2045.939086  	101.349558 
2046.296393  	99.722725 
2046.653700  	98.806772 
2047.011007  	99.363954 
2047.368313  	101.427810 
2047.725620  	101.701427 
2048.082927  	100.031515 
2048.440234  	99.113543 
2048.797541  	97.608631 
2049.154848  	97.618299 
2049.512155  	99.565307 
2049.869462  	98.766773 
2050.226768  	98.078765 
2050.584075  	99.504052 
2050.941382  	99.940116 
2051.298689  	99.666265 
2051.655996  	99.450781 
2052.013303  	98.991076 
2052.370610  	98.577965 
2052.727916  	98.900010 
2053.085223  	99.283066 
2053.442530  	98.450103 
2053.799837  	98.562925 
2054.157144  	100.494376 
2054.514451  	101.325837 
2054.871758  	100.488152 
2055.229064  	99.484034 
2055.586371  	98.899090 
2055.943678  	98.271810 
2056.300985  	97.153290 
2056.658292  	96.664067 
2057.015599  	96.823280 
2057.372906  	96.568892 
2057.730212  	97.389967 
2058.087519  	98.967955 
2058.444826  	98.475706 
2058.802133  	98.139643 
2059.159440  	100.015862 
2059.516747  	101.730917 
2059.874054  	101.580677 
2060.231360  	99.686973 
2060.588667  	97.726497 
2060.945974  	96.907293 
2061.303281  	97.301137 
2061.660588  	98.663910 
2062.017895  	99.437278 
2062.375202  	99.556971 
2062.732509  	100.052696 
2063.089815  	100.220960 
2063.447122  	99.808536 
2063.804429  	100.387853 
2064.161736  	101.744254 
2064.519043  	100.980449 
2064.876350  	99.885778 
2065.233657  	100.865820 
2065.590963  	100.930062 
2065.948270  	100.312034 
2066.305577  	100.525922 
2066.662884  	100.723857 
2067.020191  	99.860582 
2067.377498  	98.625369 
2067.734805  	100.098848 
2068.092111  	101.128070 
2068.449418  	98.875613 
2068.806725  	98.078966 
2069.164032  	99.379841 
2069.521339  	100.889429 
2069.878646  	100.745925 
2070.235953  	98.698233 
2070.593259  	98.669915 
2070.950566  	100.062124 
2071.307873  	100.242320 
2071.665180  	99.392019 
2072.022487  	98.621120 
2072.379794  	98.832672 
2072.737101  	98.342587 
2073.094407  	98.326780 
2073.451714  	100.056275 
2073.809021  	100.452210 
2074.166328  	99.400819 
2074.523635  	98.037856 
2074.880942  	97.408809 
2075.238249  	98.495590 
2075.595556  	99.177478 
2075.952862  	98.799503 
2076.310169  	98.776066 
2076.667476  	99.138060 
2077.024783  	99.138296 
2077.382090  	98.509827 
2077.739397  	97.996758 
2078.096704  	98.313148 
2078.454010  	99.141249 
2078.811317  	99.105090 
2079.168624  	98.805210 
2079.525931  	99.316720 
2079.883238  	99.292731 
2080.240545  	99.234113 
2080.597852  	99.620467 
2080.955158  	99.503763 
2081.312465  	99.315125 
2081.669772  	98.878116 
2082.027079  	99.002144 
2082.384386  	100.219752 
2082.741693  	100.663294 
2083.099000  	100.196274 
2083.456306  	99.874270 
2083.813613  	99.920666 
2084.170920  	99.750070 
2084.528227  	99.407648 
2084.885534  	99.173451 
2085.242841  	98.381751 
2085.600148  	98.289922 
2085.957454  	99.343131 
2086.314761  	99.241357 
2086.672068  	98.376711 
2087.029375  	98.792613 
2087.386682  	100.056771 
2087.743989  	100.151074 
2088.101296  	99.131435 
2088.458602  	98.831492 
2088.815909  	99.045972 
2089.173216  	98.728838 
2089.530523  	98.605418 
2089.887830  	99.156895 
2090.245137  	99.356541 
2090.602444  	99.296298 
2090.959751  	100.306574 
2091.317057  	101.136320 
2091.674364  	100.108070 
2092.031671  	99.077868 
2092.388978  	99.629571 
2092.746285  	99.906535 
2093.103592  	99.319020 
2093.460899  	99.350235 
2093.818205  	98.848139 
2094.175512  	98.170826 
2094.532819  	98.510077 
2094.890126  	97.392361 
2095.247433  	96.754977 
2095.604740  	98.591177 
2095.962047  	98.978986 
2096.319353  	98.619828 
2096.676660  	99.699023 
2097.033967  	99.456785 
2097.391274  	98.317974 
2097.748581  	98.631837 
2098.105888  	99.049522 
2098.463195  	99.193945 
2098.820501  	99.414481 
2099.177808  	98.385750 
2099.535115  	97.938772 
2099.892422  	98.782283 
2100.249729  	98.815277 
2100.607036  	99.186846 
2100.964343  	99.823800 
2101.321649  	100.259787 
2101.678956  	100.550480 
2102.036263  	98.703653 
2102.393570  	96.921003 
2102.750877  	97.394216 
2103.108184  	98.926892 
2103.465491  	100.051403 
2103.822798  	99.090315 
2104.180104  	98.071434 
2104.537411  	98.781667 
2104.894718  	99.791246 
2105.252025  	99.884269 
2105.609332  	98.725980 
2105.966639  	98.601820 
2106.323946  	99.176836 
2106.681252  	99.140075 
2107.038559  	99.993108 
2107.395866  	99.858402 
2107.753173  	98.882585 
2108.110480  	99.332528 
2108.467787  	99.166792 
2108.825094  	98.108898 
2109.182400  	98.141257 
2109.539707  	99.140515 
2109.897014  	99.267768 
2110.254321  	98.564861 
2110.611628  	98.931221 
2110.968935  	99.157366 
2111.326242  	98.852085 
2111.683548  	99.327948 
2112.040855  	99.354197 
2112.398162  	98.589163 
2112.755469  	98.182895 
2113.112776  	98.592167 
2113.470083  	99.369686 
2113.827390  	99.466141 
2114.184696  	99.471436 
2114.542003  	100.008779 
2114.899310  	99.738678 
2115.256617  	98.836918 
2115.613924  	98.620665 
2115.971231  	98.368294 
2116.328538  	98.203145 
2116.685845  	98.978761 
2117.043151  	99.876434 
2117.400458  	100.217189 
2117.757765  	99.602023 
2118.115072  	99.188116 
2118.472379  	99.718799 
2118.829686  	99.299306 
2119.186993  	98.629207 
2119.544299  	98.683085 
2119.901606  	98.658945 
2120.258913  	99.134553 
2120.616220  	99.860714 
2120.973527  	100.462717 
2121.330834  	100.259653 
2121.688141  	98.957668 
2122.045447  	98.598546 
2122.402754  	98.768548 
2122.760061  	98.341112 
2123.117368  	98.364253 
2123.474675  	99.236195 
2123.831982  	100.362065 
2124.189289  	100.167438 
2124.546595  	98.915460 
2124.903902  	98.727316 
2125.261209  	99.356011 
2125.618516  	99.412625 
2125.975823  	99.213596 
2126.333130  	99.468037 
2126.690437  	99.397147 
2127.047743  	98.857716 
2127.405050  	99.096391 
2127.762357  	99.695370 
2128.119664  	99.708099 
2128.476971  	99.426518 
2128.834278  	98.711816 
2129.191585  	97.752658 
2129.548892  	98.144338 
2129.906198  	99.819820 
2130.263505  	100.245780 
2130.620812  	98.793746 
2130.978119  	97.820904 
2131.335426  	98.740994 
2131.692733  	99.835576 
2132.050040  	100.145884 
2132.407346  	100.223549 
2132.764653  	99.578875 
2133.121960  	99.700383 
2133.479267  	100.534868 
2133.836574  	99.725253 
2134.193881  	99.126207 
2134.551188  	99.395148 
2134.908494  	99.725064 
2135.265801  	100.434322 
2135.623108  	100.066079 
2135.980415  	99.188856 
2136.337722  	98.508318 
2136.695029  	97.546023 
2137.052336  	97.401777 
2137.409642  	98.207217 
2137.766949  	99.702306 
2138.124256  	100.815986 
2138.481563  	100.164341 
2138.838870  	98.572704 
2139.196177  	97.677138 
2139.553484  	98.238421 
2139.910790  	98.642135 
2140.268097  	97.459349 
2140.625404  	96.785742 
2140.982711  	97.488843 
2141.340018  	97.793809 
2141.697325  	98.044442 
2142.054632  	98.851962 
2142.411939  	98.604129 
2142.769245  	98.516296 
2143.126552  	98.916804 
2143.483859  	98.054973 
2143.841166  	97.983775 
2144.198473  	97.899896 
2144.555780  	96.962871 
2144.913087  	97.479443 
2145.270393  	98.421187 
2145.627700  	99.998831 
2145.985007  	101.666244 
2146.342314  	101.261320 
2146.699621  	99.489195 
2147.056928  	96.590706 
2147.414235  	95.758811 
2147.771541  	97.515801 
2148.128848  	98.778121 
2148.486155  	100.106589 
2148.843462  	100.157909 
2149.200769  	98.777131 
2149.558076  	99.218513 
2149.915383  	100.717931 
2150.272689  	100.875241 
2150.629996  	99.800434 
2150.987303  	99.132646 
2151.344610  	99.022843 
2151.701917  	98.993573 
2152.059224  	98.521338 
2152.416531  	97.425212 
2152.773837  	96.761811 
2153.131144  	96.333686 
2153.488451  	96.626602 
2153.845758  	97.773846 
2154.203065  	98.995940 
2154.560372  	99.333898 
2154.917679  	97.347080 
2155.274986  	97.141360 
2155.632292  	99.396948 
2155.989599  	100.754917 
2156.346906  	103.414251 
2156.704213  	105.110601 
2157.061520  	103.981755 
2157.418827  	102.435377 
2157.776134  	99.758652 
2158.133440  	98.415104 
2158.490747  	97.486638 
2158.848054  	95.506964 
2159.205361  	95.661752 
2159.562668  	97.748294 
2159.919975  	100.586954 
2160.277282  	102.229035 
2160.634588  	102.550930 
2160.991895  	102.887922 
2161.349202  	103.637510 
2161.706509  	102.909544 
2162.063816  	99.644494 
2162.421123  	99.786394 
2162.778430  	101.850651 
2163.135736  	99.421695 
2163.493043  	96.523409 
2163.850350  	95.343881 
2164.207657  	96.530048 
2164.564964  	100.244234 
2164.922271  	101.463589 
2165.279578  	99.469496 
2165.636884  	98.158589 
2165.994191  	99.183458 
2166.351498  	100.514583 
2166.708805  	101.364685 
2167.066112  	100.515271 
2167.423419  	97.439071 
2167.780726  	98.049135 
2168.138032  	100.408217 
2168.495339  	100.788804 
2168.852646  	102.820266 
2169.209953  	102.605907 
2169.567260  	98.739003 
2169.924567  	97.263782 
2170.281874  	100.180409 
2170.639181  	103.669395 
2170.996487  	102.533597 
2171.353794  	100.926520 
2171.711101  	101.098056 
2172.068408  	98.936364 
2172.425715  	96.394018 
2172.783022  	96.215100 
2173.140329  	98.573110 
2173.497635  	100.294291 
2173.854942  	99.451456 
2174.212249  	98.978922 
2174.569556  	98.454824 
2174.926863  	97.919468 
2175.284170  	99.352176 
2175.641477  	101.675399 
2175.998783  	101.669106 
2176.356090  	99.197680 
2176.713397  	98.682814 
2177.070704  	99.992485 
2177.428011  	100.396276 
2177.785318  	99.080409 
2178.142625  	98.698188 
2178.499931  	100.896401 
2178.857238  	100.607366 
2179.214545  	99.763217 
2179.571852  	99.732828 
2179.929159  	97.149058 
2180.286466  	96.881080 
2180.643773  	97.375849 
2181.001079  	96.585159 
2181.358386  	97.498665 
2181.715693  	98.644889 
2182.073000  	101.205041 
2182.430307  	101.494755 
2182.787614  	98.586869 
2183.144921  	99.268508 
2183.502228  	100.619193 
2183.859534  	98.718873 
2184.216841  	96.893473 
2184.574148  	98.545354 
2184.931455  	100.404148 
2185.288762  	98.676245 
2185.646069  	98.441752 
2186.003376  	99.017510 
2186.360682  	98.760718 
2186.717989  	99.914110 
2187.075296  	98.082753 
2187.432603  	96.869897 
2187.789910  	100.481573 
2188.147217  	100.675952 
2188.504524  	97.102698 
2188.861830  	96.451207 
2189.219137  	98.618885 
2189.576444  	99.977284 
2189.933751  	99.517973 
2190.291058  	99.673496 
2190.648365  	99.729207 
2191.005672  	98.753929 
2191.362978  	99.291481 
2191.720285  	99.869067 
2192.077592  	99.888225 
2192.434899  	100.366492 
2192.792206  	99.049587 
2193.149513  	97.679725 
2193.506820  	98.123944 
2193.864126  	99.771727 
2194.221433  	101.386264 
2194.578740  	100.403251 
2194.936047  	100.234004 
2195.293354  	100.729580 
2195.650661  	98.838671 
2196.007968  	98.180644 
2196.365275  	98.088737 
2196.722581  	98.718986 
2197.079888  	100.548597 
2197.437195  	100.416552 
2197.794502  	100.953275 
2198.151809  	100.408563 
2198.509116  	97.643189 
2198.866423  	97.607978 
2199.223729  	99.766759 
2199.581036  	101.328549 
2199.938343  	99.794489 
2200.295650  	97.557404 
2200.652957  	98.222652 
2201.010264  	98.689674 
2201.367571  	98.039723 
2201.724877  	97.246954 
2202.082184  	97.390129 
2202.439491  	98.959259 
2202.796798  	98.410839 
2203.154105  	97.206098 
2203.511412  	99.343891 
2203.868719  	100.816600 
2204.226025  	98.648696 
2204.583332  	97.356857 
2204.940639  	97.933888 
2205.297946  	98.168424 
2205.655253  	98.949211 
2206.012560  	99.750032 
2206.369867  	99.614453 
2206.727173  	99.167558 
2207.084480  	99.414282 
2207.441787  	100.948357 
2207.799094  	100.301223 
2208.156401  	98.312352 
2208.513708  	98.887260 
2208.871015  	99.868775 
2209.228322  	100.404225 
2209.585628  	101.546474 
2209.942935  	101.728710 
2210.300242  	100.167079 
2210.657549  	99.305590 
2211.014856  	100.604377 
2211.372163  	100.040037 
2211.729470  	97.327164 
2212.086776  	97.477791 
2212.444083  	99.079418 
2212.801390  	98.460001 
2213.158697  	97.892556 
2213.516004  	98.929206 
2213.873311  	99.300403 
2214.230618  	98.784952 
2214.587924  	98.882829 
2214.945231  	99.939958 
2215.302538  	100.541173 
2215.659845  	99.446547 
2216.017152  	98.631428 
2216.374459  	99.306742 
2216.731766  	100.327039 
2217.089072  	100.737207 
2217.446379  	99.949754 
2217.803686  	99.056915 
2218.160993  	99.240232 
2218.518300  	100.194249 
2218.875607  	100.756497 
2219.232914  	100.729950 
2219.590220  	100.266163 
2219.947527  	99.335775 
2220.304834  	99.527711 
2220.662141  	99.127154 
2221.019448  	98.186405 
2221.376755  	99.257074 
2221.734062  	98.503373 
2222.091369  	97.091651 
2222.448675  	97.951233 
2222.805982  	98.706005 
2223.163289  	99.523326 
2223.520596  	99.086081 
2223.877903  	98.860595 
2224.235210  	99.481834 
2224.592517  	97.321937 
2224.949823  	96.416037 
2225.307130  	97.565355 
2225.664437  	97.803510 
2226.021744  	98.472391 
2226.379051  	98.315000 
2226.736358  	97.806678 
2227.093665  	98.788248 
2227.450971  	100.224025 
2227.808278  	100.465780 
2228.165585  	99.615030 
2228.522892  	100.058016 
2228.880199  	100.688874 
2229.237506  	99.899620 
2229.594813  	98.908680 
2229.952119  	98.957973 
2230.309426  	100.197693 
2230.666733  	99.903833 
2231.024040  	98.985546 
2231.381347  	99.508954 
2231.738654  	98.647485 
2232.095961  	97.664301 
2232.453267  	98.781076 
2232.810574  	99.737987 
2233.167881  	99.543967 
2233.525188  	99.256907 
2233.882495  	99.430307 
2234.239802  	99.552484 
2234.597109  	98.893186 
2234.954416  	98.249962 
2235.311722  	98.489087 
2235.669029  	99.023441 
2236.026336  	99.427371 
2236.383643  	99.677452 
2236.740950  	99.839352 
2237.098257  	100.230474 
2237.455564  	100.108949 
2237.812870  	99.792190 
2238.170177  	100.236336 
2238.527484  	100.502677 
2238.884791  	100.535043 
2239.242098  	99.966035 
2239.599405  	98.821064 
2239.956712  	98.624319 
2240.314018  	98.620858 
2240.671325  	98.816854 
2241.028632  	99.385665 
2241.385939  	99.289233 
2241.743246  	99.496025 
2242.100553  	99.472690 
2242.457860  	99.531038 
2242.815166  	100.184994 
2243.172473  	99.333420 
2243.529780  	99.152242 
2243.887087  	99.508814 
2244.244394  	97.577857 
2244.601701  	97.296860 
2244.959008  	99.207170 
2245.316314  	99.808799 
2245.673621  	99.273575 
2246.030928  	98.530345 
2246.388235  	98.246975 
2246.745542  	97.891255 
2247.102849  	98.279308 
2247.460156  	99.702229 
2247.817463  	99.415452 
2248.174769  	99.139871 
2248.532076  	100.027053 
2248.889383  	100.161429 
2249.246690  	100.311859 
2249.603997  	100.464063 
2249.961304  	100.354905 
2250.318611  	99.610380 
2250.675917  	98.126282 
2251.033224  	97.928025 
2251.390531  	99.157130 
2251.747838  	100.095593 
2252.105145  	99.233676 
2252.462452  	98.414948 
2252.819759  	99.393983 
2253.177065  	99.139761 
2253.534372  	98.144338 
2253.891679  	98.683956 
2254.248986  	99.039869 
2254.606293  	98.837682 
2254.963600  	99.076256 
2255.320907  	99.795526 
2255.678213  	100.216356 
2256.035520  	100.187105 
2256.392827  	100.149010 
2256.750134  	99.526069 
2257.107441  	98.978179 
2257.464748  	99.175814 
2257.822055  	98.950150 
2258.179361  	98.477608 
2258.536668  	98.855644 
2258.893975  	99.136641 
2259.251282  	98.721870 
2259.608589  	98.810238 
2259.965896  	99.408661 
2260.323203  	100.115507 
2260.680509  	100.039952 
2261.037816  	98.790841 
2261.395123  	98.690942 
2261.752430  	99.073933 
2262.109737  	99.014073 
2262.467044  	100.174334 
2262.824351  	100.657891 
2263.181658  	99.859041 
2263.538964  	99.678661 
2263.896271  	99.097892 
2264.253578  	98.476070 
2264.610885  	98.783709 
2264.968192  	98.784364 
2265.325499  	99.104988 
2265.682806  	100.505566 
2266.040112  	100.376587 
2266.397419  	98.874097 
2266.754726  	98.761995 
2267.112033  	99.303958 
2267.469340  	99.424241 
2267.826647  	99.719956 
2268.183954  	100.106708 
2268.541260  	99.854335 
2268.898567  	99.031574 
2269.255874  	98.777122 
2269.613181  	98.657630 
2269.970488  	98.491562 
2270.327795  	99.339884 
2270.685102  	100.213415 
2271.042408  	100.212202 
2271.399715  	99.898599 
2271.757022  	99.583235 
2272.114329  	99.308294 
2272.471636  	99.164572 
2272.828943  	99.737765 
2273.186250  	100.456716 
2273.543556  	99.979597 
2273.900863  	99.201667 
2274.258170  	99.587473 
2274.615477  	100.227299 
2274.972784  	100.219250 
2275.330091  	100.002653 
2275.687398  	99.579843 
2276.044705  	99.202987 
2276.402011  	98.906476 
2276.759318  	98.815580 
2277.116625  	99.285215 
2277.473932  	99.251860 
2277.831239  	99.319234 
2278.188546  	100.001334 
2278.545853  	99.888367 
2278.903159  	99.776335 
2279.260466  	99.932959 
2279.617773  	99.444006 
2279.975080  	98.946477 
2280.332387  	98.991587 
2280.689694  	99.138753 
2281.047001  	98.777074 
2281.404307  	98.822195 
2281.761614  	99.205744 
2282.118921  	98.926211 
2282.476228  	99.146890 
2282.833535  	99.761559 
2283.190842  	99.674288 
2283.548149  	99.130307 
2283.905455  	98.846111 
2284.262762  	99.420269 
2284.620069  	99.904083 
2284.977376  	99.815640 
2285.334683  	99.729025 
2285.691990  	99.488437 
2286.049297  	99.152231 
2286.406603  	98.967858 
2286.763910  	99.508323 
2287.121217  	100.382190 
2287.478524  	100.454475 
2287.835831  	100.100262 
2288.193138  	99.644590 
2288.550445  	99.632593 
2288.907752  	100.035409 
2289.265058  	99.539820 
2289.622365  	99.233422 
2289.979672  	99.998879 
2290.336979  	100.107116 
2290.694286  	99.614281 
2291.051593  	99.600031 
2291.408900  	99.413308 
2291.766206  	98.963745 
2292.123513  	99.080094 
2292.480820  	99.610447 
2292.838127  	100.065715 
2293.195434  	100.140206 
2293.552741  	99.753220 
2293.910048  	99.357854 
2294.267354  	99.266976 
2294.624661  	99.344351 
2294.981968  	99.322905 
2295.339275  	99.361133 
2295.696582  	99.547619 
2296.053889  	99.518045 
2296.411196  	99.527285 
2296.768502  	99.721889 
2297.125809  	99.892902 
2297.483116  	100.114723 
2297.840423  	100.046194 
2298.197730  	99.898042 
2298.555037  	99.915995 
2298.912344  	99.455635 
2299.269650  	98.972894 
2299.626957  	99.076725 
2299.984264  	99.504237 
2300.341571  	99.777214 
2300.698878  	99.501051 
2301.056185  	99.219326 
2301.413492  	99.407723 
2301.770799  	99.648704 
2302.128105  	99.640697 
2302.485412  	99.685584 
2302.842719  	100.071085 
2303.200026  	100.050887 
2303.557333  	99.644862 
2303.914640  	99.528686 
2304.271947  	99.528127 
2304.629253  	99.495766 
2304.986560  	99.223269 
2305.343867  	99.159539 
2305.701174  	99.379427 
2306.058481  	99.294670 
2306.415788  	99.699758 
2306.773095  	99.777837 
2307.130401  	98.733866 
2307.487708  	98.677444 
2307.845015  	98.990985 
2308.202322  	99.027562 
2308.559629  	99.222499 
2308.916936  	98.872609 
2309.274243  	98.850333 
2309.631549  	99.357898 
2309.988856  	99.313687 
2310.346163  	99.192055 
2310.703470  	99.400139 
2311.060777  	99.817854 
2311.418084  	99.790986 
2311.775391  	99.200691 
2312.132697  	98.447833 
2312.490004  	97.973255 
2312.847311  	98.478830 
2313.204618  	99.242404 
2313.561925  	99.415562 
2313.919232  	99.350821 
2314.276539  	99.172669 
2314.633846  	99.176710 
2314.991152  	99.519167 
2315.348459  	99.784962 
2315.705766  	99.471315 
2316.063073  	99.291818 
2316.420380  	99.494983 
2316.777687  	99.236249 
2317.134994  	98.816104 
2317.492300  	98.977084 
2317.849607  	99.051186 
2318.206914  	98.872249 
2318.564221  	98.903162 
2318.921528  	99.490746 
2319.278835  	100.099497 
2319.636142  	99.641843 
2319.993448  	99.103229 
2320.350755  	99.133030 
2320.708062  	99.267032 
2321.065369  	98.878583 
2321.422676  	98.516226 
2321.779983  	98.815732 
2322.137290  	99.128541 
2322.494596  	99.475792 
2322.851903  	99.394707 
2323.209210  	99.414598 
2323.566517  	99.951525 
2323.923824  	99.370694 
2324.281131  	99.025019 
2324.638438  	99.374415 
2324.995744  	99.276052 
2325.353051  	99.595941 
2325.710358  	99.937645 
2326.067665  	99.543624 
2326.424972  	99.540817 
2326.782279  	99.673595 
2327.139586  	99.173718 
2327.496893  	99.040890 
2327.854199  	99.115964 
2328.211506  	99.178345 
2328.568813  	99.366114 
2328.926120  	99.283270 
2329.283427  	98.984330 
2329.640734  	98.891349 
2329.998041  	98.917857 
2330.355347  	99.063776 
2330.712654  	99.269970 
2331.069961  	99.148628 
2331.427268  	98.795469 
2331.784575  	98.607178 
2332.141882  	98.815283 
2332.499189  	99.207771 
2332.856495  	98.727730 
2333.213802  	98.210774 
2333.571109  	98.437289 
2333.928416  	98.947261 
2334.285723  	98.948701 
2334.643030  	98.907324 
2335.000337  	99.256269 
2335.357643  	99.482589 
2335.714950  	99.563036 
2336.072257  	99.552252 
2336.429564  	99.205113 
2336.786871  	99.127553 
2337.144178  	99.388952 
2337.501485  	99.485635 
2337.858791  	99.312335 
2338.216098  	99.066134 
2338.573405  	98.953909 
2338.930712  	99.048777 
2339.288019  	99.139799 
2339.645326  	98.665953 
2340.002633  	98.383274 
2340.359939  	98.910605 
2340.717246  	99.145443 
2341.074553  	98.588301 
2341.431860  	98.427963 
2341.789167  	98.700404 
2342.146474  	99.034422 
2342.503781  	99.339692 
2342.861088  	99.596172 
2343.218394  	100.311173 
2343.575701  	99.965776 
2343.933008  	99.386575 
2344.290315  	99.782559 
2344.647622  	99.684690 
2345.004929  	99.010114 
2345.362236  	99.140209 
2345.719542  	99.643137 
2346.076849  	99.791632 
2346.434156  	98.943461 
2346.791463  	98.624048 
2347.148770  	99.016496 
2347.506077  	99.399723 
2347.863384  	99.724333 
2348.220690  	100.199716 
2348.577997  	100.415251 
2348.935304  	99.849030 
2349.292611  	99.081393 
2349.649918  	98.975975 
2350.007225  	99.451957 
2350.364532  	100.007266 
2350.721838  	100.185447 
2351.079145  	99.995984 
2351.436452  	99.644639 
2351.793759  	99.955247 
2352.151066  	100.263443 
2352.508373  	99.411779 
2352.865680  	98.880021 
2353.222986  	99.286665 
2353.580293  	99.206474 
2353.937600  	99.583489 
2354.294907  	100.091159 
2354.652214  	99.401736 
2355.009521  	99.184785 
2355.366828  	99.753329 
2355.724135  	100.066337 
2356.081441  	100.069769 
2356.438748  	99.538787 
2356.796055  	99.267361 
2357.153362  	99.478326 
2357.510669  	99.572486 
2357.867976  	99.447481 
2358.225283  	99.636507 
2358.582589  	99.499601 
2358.939896  	98.757738 
2359.297203  	99.094089 
2359.654510  	99.910933 
2360.011817  	99.718074 
2360.369124  	99.185626 
2360.726431  	99.140642 
2361.083737  	98.933778 
2361.441044  	98.919660 
2361.798351  	99.241548 
2362.155658  	99.563244 
2362.512965  	99.815570 
2362.870272  	99.499524 
2363.227579  	99.291788 
2363.584885  	99.555025 
2363.942192  	99.652577 
2364.299499  	99.756269 
2364.656806  	99.560932 
2365.014113  	99.214098 
2365.371420  	99.252238 
2365.728727  	99.909465 
2366.086033  	100.022438 
2366.443340  	99.610280 
2366.800647  	99.514876 
2367.157954  	99.184447 
2367.515261  	99.006228 
2367.872568  	99.222958 
2368.229875  	98.988582 
2368.587182  	99.198689 
2368.944488  	99.830625 
2369.301795  	100.145242 
2369.659102  	100.021808 
2370.016409  	99.878097 
2370.373716  	99.843828 
2370.731023  	98.976848 
2371.088330  	98.323098 
2371.445636  	98.697473 
2371.802943  	98.731733 
2372.160250  	98.720647 
2372.517557  	99.203717 
2372.874864  	99.413549 
2373.232171  	99.430819 
2373.589478  	99.629963 
2373.946784  	99.880376 
2374.304091  	99.497634 
2374.661398  	98.820442 
2375.018705  	98.923405 
2375.376012  	99.506349 
2375.733319  	99.689213 
2376.090626  	99.557829 
2376.447932  	99.185826 
2376.805239  	99.208029 
2377.162546  	99.728937 
2377.519853  	99.806412 
2377.877160  	99.715685 
2378.234467  	99.903061 
2378.591774  	99.695765 
2378.949080  	99.469953 
2379.306387  	99.640865 
2379.663694  	99.885609 
2380.021001  	99.909844 
2380.378308  	99.533854 
2380.735615  	99.715470 
2381.092922  	100.207114 
2381.450229  	99.739675 
2381.807535  	99.340984 
2382.164842  	99.522227 
2382.522149  	99.650207 
2382.879456  	99.638231 
2383.236763  	99.377879 
2383.594070  	99.444300 
2383.951377  	99.996617 
2384.308683  	100.290849 
2384.665990  	99.998988 
2385.023297  	99.385018 
2385.380604  	99.287443 
2385.737911  	99.592047 
2386.095218  	99.560434 
2386.452525  	99.261750 
2386.809831  	98.932741 
2387.167138  	98.958147 
2387.524445  	99.385853 
2387.881752  	99.581527 
2388.239059  	99.406818 
2388.596366  	99.505164 
2388.953673  	99.891974 
2389.310979  	99.917464 
2389.668286  	99.950665 
2390.025593  	100.091791 
2390.382900  	99.692633 
2390.740207  	99.207051 
2391.097514  	99.218322 
2391.454821  	99.611287 
2391.812127  	99.877499 
2392.169434  	99.697311 
2392.526741  	99.438585 
2392.884048  	99.511522 
2393.241355  	99.819355 
2393.598662  	99.766834 
2393.955969  	99.803035 
2394.313276  	100.203944 
2394.670582  	99.944194 
2395.027889  	99.595965 
2395.385196  	99.625144 
2395.742503  	99.684719 
2396.099810  	99.910469 
2396.457117  	99.476122 
2396.814424  	99.240905 
2397.171730  	99.927606 
2397.529037  	99.769833 
2397.886344  	99.468639 
2398.243651  	99.842601 
2398.600958  	99.629087 
2398.958265  	99.359689 
2399.315572  	99.564215 
2399.672878  	99.657723 
2400.030185  	99.752625 
2400.387492  	99.754439 
2400.744799  	99.645491 
2401.102106  	99.749791 
2401.459413  	99.826626 
2401.816720  	99.897028 
2402.174026  	99.961039 
2402.531333  	99.866095 
2402.888640  	99.878835 
2403.245947  	99.505635 
2403.603254  	98.974326 
2403.960561  	99.310514 
2404.317868  	99.764870 
2404.675174  	99.876066 
2405.032481  	100.084623 
2405.389788  	100.056345 
2405.747095  	99.817597 
2406.104402  	99.647146 
2406.461709  	99.448655 
2406.819016  	99.366967 
2407.176323  	99.558613 
2407.533629  	99.873949 
2407.890936  	100.117088 
2408.248243  	99.982781 
2408.605550  	99.701770 
2408.962857  	99.889446 
2409.320164  	99.983867 
2409.677471  	99.790007 
2410.034777  	99.851239 
2410.392084  	99.895329 
2410.749391  	99.883196 
2411.106698  	99.614571 
2411.464005  	99.373002 
2411.821312  	99.710049 
2412.178619  	99.455891 
2412.535925  	98.734162 
2412.893232  	98.830962 
2413.250539  	99.269422 
2413.607846  	99.461265 
2413.965153  	99.601801 
2414.322460  	99.595424 
2414.679767  	99.214749 
2415.037073  	99.079854 
2415.394380  	99.497283 
2415.751687  	99.936851 
2416.108994  	100.149894 
2416.466301  	99.880879 
2416.823608  	99.625877 
2417.180915  	99.800080 
2417.538221  	99.873818 
2417.895528  	99.789918 
2418.252835  	99.671656 
2418.610142  	99.731553 
2418.967449  	99.606492 
2419.324756  	99.219540 
2419.682063  	99.406170 
2420.039369  	99.685001 
2420.396676  	99.762049 
2420.753983  	99.827569 
2421.111290  	99.808221 
2421.468597  	99.910157 
2421.825904  	99.595669 
2422.183211  	99.326143 
2422.540518  	99.534504 
2422.897824  	99.389966 
2423.255131  	99.214226 
2423.612438  	99.180200 
2423.969745  	99.219599 
2424.327052  	99.558478 
2424.684359  	99.835282 
2425.041666  	99.921655 
2425.398972  	99.770189 
2425.756279  	99.439668 
2426.113586  	98.985527 
2426.470893  	98.701181 
2426.828200  	99.155663 
2427.185507  	99.848621 
2427.542814  	100.214640 
2427.900120  	100.222049 
2428.257427  	99.968771 
2428.614734  	99.880322 
2428.972041  	99.683299 
2429.329348  	99.151691 
2429.686655  	99.178294 
2430.043962  	99.746219 
2430.401268  	99.754107 
2430.758575  	99.450956 
2431.115882  	99.591258 
2431.473189  	99.896984 
2431.830496  	99.791124 
2432.187803  	99.364070 
2432.545110  	99.599721 
2432.902416  	100.085069 
2433.259723  	99.926452 
2433.617030  	99.957811 
2433.974337  	100.017458 
2434.331644  	99.784320 
2434.688951  	99.593783 
2435.046258  	99.005558 
2435.403565  	98.718522 
2435.760871  	99.226455 
2436.118178  	99.581879 
2436.475485  	99.477341 
2436.832792  	99.315178 
2437.190099  	99.303513 
2437.547406  	99.228256 
2437.904713  	99.259728 
2438.262019  	99.537386 
2438.619326  	99.737049 
2438.976633  	99.754278 
2439.333940  	99.587541 
2439.691247  	99.567219 
2440.048554  	99.624676 
2440.405861  	99.697332 
2440.763167  	99.924132 
2441.120474  	99.477852 
2441.477781  	98.941072 
2441.835088  	99.505807 
2442.192395  	100.228288 
2442.549702  	100.096875 
2442.907009  	99.430571 
2443.264315  	99.225090 
2443.621622  	99.645679 
2443.978929  	99.828409 
2444.336236  	99.741205 
2444.693543  	99.856246 
2445.050850  	100.097482 
2445.408157  	100.185536 
2445.765463  	100.124802 
2446.122770  	99.776398 
2446.480077  	99.204975 
2446.837384  	99.133673 
2447.194691  	99.373460 
2447.551998  	99.394577 
2447.909305  	99.365598 
2448.266612  	99.529623 
2448.623918  	100.036377 
2448.981225  	100.136309 
2449.338532  	99.879103 
2449.695839  	100.012451 
2450.053146  	99.897210 
2450.410453  	99.947544 
2450.767760  	100.269316 
2451.125066  	99.690339 
2451.482373  	99.168234 
2451.839680  	99.307051 
2452.196987  	99.395537 
2452.554294  	99.475159 
2452.911601  	99.544619 
2453.268908  	99.591036 
2453.626214  	99.434286 
2453.983521  	99.179462 
2454.340828  	99.225653 
2454.698135  	99.374349 
2455.055442  	99.505737 
2455.412749  	99.379788 
2455.770056  	99.281942 
2456.127362  	99.488835 
2456.484669  	99.650638 
2456.841976  	100.060287 
2457.199283  	100.135502 
2457.556590  	99.737251 
2457.913897  	99.661989 
2458.271204  	99.552665 
2458.628510  	99.830264 
2458.985817  	100.202034 
2459.343124  	99.976269 
2459.700431  	99.910710 
2460.057738  	99.666126 
2460.415045  	99.530724 
2460.772352  	99.690703 
2461.129659  	99.202971 
2461.486965  	98.996096 
2461.844272  	99.436359 
2462.201579  	99.624323 
2462.558886  	99.526985 
2462.916193  	99.572405 
2463.273500  	99.741095 
2463.630807  	99.638963 
2463.988113  	99.912880 
2464.345420  	100.345376 
2464.702727  	99.988222 
2465.060034  	99.523334 
2465.417341  	99.075374 
2465.774648  	98.753400 
2466.131955  	99.215919 
2466.489261  	99.859396 
2466.846568  	99.873098 
2467.203875  	99.332474 
2467.561182  	99.262266 
2467.918489  	99.685861 
2468.275796  	99.632642 
2468.633103  	99.652198 
2468.990409  	99.941954 
2469.347716  	100.012377 
2469.705023  	100.175304 
2470.062330  	99.999554 
2470.419637  	99.336032 
2470.776944  	99.280860 
2471.134251  	99.824795 
2471.491557  	99.927532 
2471.848864  	99.411237 
2472.206171  	99.064995 
2472.563478  	99.346940 
2472.920785  	99.550879 
2473.278092  	99.283312 
2473.635399  	99.397468 
2473.992706  	100.056434 
2474.350012  	100.328876 
2474.707319  	99.936699 
2475.064626  	99.520053 
2475.421933  	99.531949 
2475.779240  	99.806677 
2476.136547  	100.006368 
2476.493854  	99.824574 
2476.851160  	99.519149 
2477.208467  	99.695039 
2477.565774  	99.911375 
2477.923081  	99.671613 
2478.280388  	99.609259 
2478.637695  	99.807948 
2478.995002  	99.789547 
2479.352308  	99.773088 
2479.709615  	99.736107 
2480.066922  	99.517410 
2480.424229  	99.413646 
2480.781536  	99.350277 
2481.138843  	99.434223 
2481.496150  	99.662661 
2481.853456  	99.540248 
2482.210763  	99.439743 
2482.568070  	99.633882 
2482.925377  	99.675975 
2483.282684  	99.544259 
2483.639991  	99.697145 
2483.997298  	100.098577 
2484.354604  	99.802840 
2484.711911  	99.251911 
2485.069218  	99.570773 
2485.426525  	99.789044 
2485.783832  	99.388465 
2486.141139  	99.281672 
2486.498446  	99.411199 
2486.855753  	99.444964 
2487.213059  	99.698952 
2487.570366  	99.878985 
2487.927673  	99.541812 
2488.284980  	99.368096 
2488.642287  	99.385980 
2488.999594  	99.120027 
2489.356901  	99.221799 
2489.714207  	99.530177 
2490.071514  	99.453353 
2490.428821  	99.445756 
2490.786128  	99.719255 
2491.143435  	100.139035 
2491.500742  	100.380357 
2491.858049  	100.333918 
2492.215355  	100.320728 
2492.572662  	100.116445 
2492.929969  	99.913788 
2493.287276  	99.933574 
2493.644583  	99.610553 
2494.001890  	99.586393 
2494.359197  	100.247035 
2494.716503  	100.470831 
2495.073810  	100.175972 
2495.431117  	99.828119 
2495.788424  	99.772180 
2496.145731  	100.178341 
2496.503038  	100.164797 
2496.860345  	99.728782 
2497.217651  	99.615873 
2497.574958  	99.582290 
2497.932265  	99.442451 
2498.289572  	99.510264 
2498.646879  	99.706623 
2499.004186  	99.511509 
2499.361493  	99.454131 
2499.718800  	99.764477 
2500.076106  	99.484801 
2500.433413  	99.331250 
2500.790720  	99.597541 
2501.148027  	99.261944 
2501.505334  	99.163657 
2501.862641  	99.818436 
2502.219948  	100.125232 
2502.577254  	99.789626 
2502.934561  	99.563506 
2503.291868  	99.593130 
2503.649175  	99.419936 
2504.006482  	99.205017 
2504.363789  	99.319644 
2504.721096  	99.782277 
2505.078402  	99.927240 
2505.435709  	99.544562 
2505.793016  	99.477403 
2506.150323  	99.639608 
2506.507630  	99.823401 
2506.864937  	99.758441 
2507.222244  	99.196475 
2507.579550  	99.051094 
2507.936857  	99.129712 
2508.294164  	99.374707 
2508.651471  	100.070954 
2509.008778  	99.905033 
2509.366085  	99.352615 
2509.723392  	99.481319 
2510.080698  	99.374570 
2510.438005  	99.064542 
2510.795312  	99.333710 
2511.152619  	99.835402 
2511.509926  	99.996367 
2511.867233  	99.812135 
2512.224540  	99.624343 
2512.581846  	99.739893 
2512.939153  	99.929590 
2513.296460  	99.970067 
2513.653767  	100.048862 
2514.011074  	100.015185 
2514.368381  	99.943744 
2514.725688  	100.014984 
2515.082995  	99.977858 
2515.440301  	99.733888 
2515.797608  	99.521478 
2516.154915  	99.749980 
2516.512222  	99.802129 
2516.869529  	99.348285 
2517.226836  	99.340507 
2517.584143  	99.358150 
2517.941449  	99.152558 
2518.298756  	99.603704 
2518.656063  	99.877615 
2519.013370  	99.253994 
2519.370677  	99.059961 
2519.727984  	99.625826 
2520.085291  	99.710734 
2520.442597  	99.451610 
2520.799904  	99.469404 
2521.157211  	99.391047 
2521.514518  	99.149738 
2521.871825  	98.897928 
2522.229132  	98.998605 
2522.586439  	99.459812 
2522.943745  	99.433048 
2523.301052  	99.094869 
2523.658359  	99.431460 
2524.015666  	100.044260 
2524.372973  	99.814705 
2524.730280  	99.289631 
2525.087587  	99.286911 
2525.444893  	99.590519 
2525.802200  	99.950443 
2526.159507  	99.891412 
2526.516814  	99.842809 
2526.874121  	99.996450 
2527.231428  	99.870538 
2527.588735  	100.085560 
2527.946042  	100.074596 
2528.303348  	99.585301 
2528.660655  	99.568480 
2529.017962  	99.686559 
2529.375269  	99.736501 
2529.732576  	99.465028 
2530.089883  	99.272529 
2530.447190  	99.645992 
2530.804496  	99.426479 
2531.161803  	99.121515 
2531.519110  	99.542030 
2531.876417  	99.727327 
2532.233724  	99.536398 
2532.591031  	99.482711 
2532.948338  	99.559044 
2533.305644  	99.736891 
2533.662951  	100.021833 
2534.020258  	99.996906 
2534.377565  	99.696661 
2534.734872  	99.313069 
2535.092179  	99.094397 
2535.449486  	99.448314 
2535.806792  	99.380693 
2536.164099  	99.223285 
2536.521406  	99.788255 
2536.878713  	99.781174 
2537.236020  	99.639468 
2537.593327  	99.872740 
2537.950634  	99.775326 
2538.307940  	99.598777 
2538.665247  	99.366423 
2539.022554  	99.343704 
2539.379861  	99.490211 
2539.737168  	99.584329 
2540.094475  	99.820982 
2540.451782  	99.751185 
2540.809089  	99.258018 
2541.166395  	98.885096 
2541.523702  	99.319725 
2541.881009  	99.796997 
2542.238316  	99.481742 
2542.595623  	99.317620 
2542.952930  	99.302875 
2543.310237  	99.539962 
2543.667543  	99.794247 
2544.024850  	99.232958 
2544.382157  	99.147957 
2544.739464  	99.654344 
2545.096771  	99.884251 
2545.454078  	99.968032 
2545.811385  	99.740204 
2546.168691  	99.422374 
2546.525998  	99.034912 
2546.883305  	99.039436 
2547.240612  	99.708734 
2547.597919  	99.875244 
2547.955226  	99.579185 
2548.312533  	99.618970 
2548.669839  	99.913337 
2549.027146  	99.956294 
2549.384453  	99.640202 
2549.741760  	99.432617 
2550.099067  	99.260770 
2550.456374  	99.141789 
2550.813681  	99.467550 
2551.170987  	100.062494 
2551.528294  	100.322583 
2551.885601  	100.109045 
2552.242908  	100.039569 
2552.600215  	100.059305 
2552.957522  	99.783692 
2553.314829  	99.572738 
2553.672136  	99.651553 
2554.029442  	99.795262 
2554.386749  	99.602648 
2554.744056  	99.337406 
2555.101363  	99.604013 
2555.458670  	99.972394 
2555.815977  	99.938044 
2556.173284  	99.912930 
2556.530590  	99.992803 
2556.887897  	99.686069 
2557.245204  	99.454353 
2557.602511  	99.627537 
2557.959818  	99.347182 
2558.317125  	98.995132 
2558.674432  	99.266122 
2559.031738  	99.444387 
2559.389045  	99.286193 
2559.746352  	99.058151 
2560.103659  	99.009182 
2560.460966  	99.352096 
2560.818273  	99.688511 
2561.175580  	99.821890 
2561.532886  	99.871188 
2561.890193  	99.785071 
2562.247500  	99.583287 
2562.604807  	99.378079 
2562.962114  	99.280778 
2563.319421  	99.161887 
2563.676728  	99.147248 
2564.034034  	99.370550 
2564.391341  	99.640550 
2564.748648  	100.275135 
2565.105955  	100.673862 
2565.463262  	100.068858 
2565.820569  	99.526568 
2566.177876  	99.481689 
2566.535183  	99.645649 
2566.892489  	99.705246 
2567.249796  	99.386303 
2567.607103  	99.404237 
2567.964410  	99.447131 
2568.321717  	99.180835 
2568.679024  	99.478945 
2569.036331  	99.843981 
2569.393637  	99.663258 
2569.750944  	99.488520 
2570.108251  	99.679246 
2570.465558  	99.778915 
2570.822865  	99.565670 
2571.180172  	99.625046 
2571.537479  	99.604275 
2571.894785  	99.511493 
2572.252092  	99.832907 
2572.609399  	99.724671 
2572.966706  	99.566576 
2573.324013  	99.906735 
2573.681320  	99.759058 
2574.038627  	99.452685 
2574.395933  	99.644591 
2574.753240  	99.753507 
2575.110547  	99.704409 
2575.467854  	99.821683 
2575.825161  	99.850708 
2576.182468  	99.606223 
2576.539775  	99.404343 
2576.897081  	99.588540 
2577.254388  	99.671813 
2577.611695  	99.306540 
2577.969002  	99.359036 
2578.326309  	99.537874 
2578.683616  	99.254187 
2579.040923  	99.450344 
2579.398230  	99.832463 
2579.755536  	99.660402 
2580.112843  	99.341851 
2580.470150  	99.110383 
2580.827457  	99.097900 
2581.184764  	99.337156 
2581.542071  	99.526681 
2581.899378  	99.243700 
2582.256684  	98.986751 
2582.613991  	99.135642 
2582.971298  	99.080880 
2583.328605  	99.422130 
2583.685912  	99.941077 
2584.043219  	99.632540 
2584.400526  	99.357764 
2584.757832  	99.244004 
2585.115139  	99.119392 
2585.472446  	99.301768 
2585.829753  	99.302665 
2586.187060  	99.256443 
2586.544367  	99.404159 
2586.901674  	99.411532 
2587.258980  	99.274024 
2587.616287  	99.379238 
2587.973594  	99.714031 
2588.330901  	99.587156 
2588.688208  	99.063415 
2589.045515  	98.907927 
2589.402822  	99.298292 
2589.760128  	99.605841 
2590.117435  	99.481793 
2590.474742  	99.533429 
2590.832049  	99.781249 
2591.189356  	99.616207 
2591.546663  	99.141117 
2591.903970  	99.062367 
2592.261276  	99.499315 
2592.618583  	99.521292 
2592.975890  	99.189362 
2593.333197  	99.336143 
2593.690504  	99.581652 
2594.047811  	99.495591 
2594.405118  	99.297204 
2594.762425  	99.078307 
2595.119731  	99.014064 
2595.477038  	99.298699 
2595.834345  	99.514487 
2596.191652  	99.407118 
2596.548959  	99.415777 
2596.906266  	99.551106 
2597.263573  	99.733309 
2597.620879  	99.828686 
2597.978186  	99.366514 
2598.335493  	99.093818 
2598.692800  	99.573766 
2599.050107  	99.715083 
2599.407414  	99.450723 
2599.764721  	99.665664 
2600.122027  	99.929825 
2600.479334  	99.702365 
2600.836641  	99.240092 
2601.193948  	99.005608 
2601.551255  	99.269444 
2601.908562  	99.512207 
2602.265869  	99.440964 
2602.623175  	99.415088 
2602.980482  	99.478378 
2603.337789  	99.529738 
2603.695096  	99.498930 
2604.052403  	99.511524 
2604.409710  	99.521947 
2604.767017  	99.400950 
2605.124323  	99.322088 
2605.481630  	99.240799 
2605.838937  	99.491420 
2606.196244  	99.756529 
2606.553551  	99.392164 
2606.910858  	99.301279 
2607.268165  	99.402780 
2607.625472  	99.201225 
2607.982778  	99.346444 
2608.340085  	99.494465 
2608.697392  	99.316983 
2609.054699  	99.186016 
2609.412006  	99.225636 
2609.769313  	99.501324 
2610.126620  	99.586029 
2610.483926  	99.138695 
2610.841233  	98.908259 
2611.198540  	99.350091 
2611.555847  	99.509854 
2611.913154  	99.126286 
2612.270461  	98.968776 
2612.627768  	98.975481 
2612.985074  	99.013186 
2613.342381  	99.134239 
2613.699688  	99.104805 
2614.056995  	98.851021 
2614.414302  	98.655319 
2614.771609  	98.808623 
2615.128916  	99.015017 
2615.486222  	99.163901 
2615.843529  	99.219635 
2616.200836  	99.021309 
2616.558143  	98.974832 
2616.915450  	98.965867 
2617.272757  	98.871805 
2617.630064  	99.046206 
2617.987370  	99.176624 
2618.344677  	98.995096 
2618.701984  	98.736139 
2619.059291  	98.660680 
2619.416598  	98.696553 
2619.773905  	98.684415 
2620.131212  	98.727711 
2620.488519  	98.919247 
2620.845825  	99.104210 
2621.203132  	98.885281 
2621.560439  	98.663749 
2621.917746  	98.931867 
2622.275053  	99.248533 
2622.632360  	99.350649 
2622.989667  	99.010172 
2623.346973  	98.634584 
2623.704280  	98.820347 
2624.061587  	98.881755 
2624.418894  	98.712707 
2624.776201  	98.812774 
2625.133508  	98.996876 
2625.490815  	98.937742 
2625.848121  	98.796470 
2626.205428  	98.895515 
2626.562735  	98.786599 
2626.920042  	98.615213 
2627.277349  	98.875950 
2627.634656  	98.934465 
2627.991963  	98.786885 
2628.349269  	98.806208 
2628.706576  	98.826068 
2629.063883  	98.971835 
2629.421190  	99.157267 
2629.778497  	99.090461 
2630.135804  	98.850291 
2630.493111  	98.701250 
2630.850417  	98.771883 
2631.207724  	98.943412 
2631.565031  	99.024009 
2631.922338  	99.025920 
2632.279645  	99.058485 
2632.636952  	98.926057 
2632.994259  	98.674261 
2633.351566  	98.673571 
2633.708872  	98.947879 
2634.066179  	99.273948 
2634.423486  	99.274250 
2634.780793  	99.038627 
2635.138100  	99.018766 
2635.495407  	99.141283 
2635.852714  	99.334173 
2636.210020  	99.338500 
2636.567327  	98.922484 
2636.924634  	98.809655 
2637.281941  	99.148931 
2637.639248  	99.219407 
2637.996555  	99.071760 
2638.353862  	99.032489 
2638.711168  	99.109653 
2639.068475  	99.312671 
2639.425782  	99.353574 
2639.783089  	99.103218 
2640.140396  	99.005321 
2640.497703  	99.236719 
2640.855010  	99.342246 
2641.212316  	99.187536 
2641.569623  	99.310554 
2641.926930  	99.582832 
2642.284237  	99.458498 
2642.641544  	99.273736 
2642.998851  	99.237178 
2643.356158  	99.147204 
2643.713464  	99.189931 
2644.070771  	99.382918 
2644.428078  	99.346174 
2644.785385  	99.133072 
2645.142692  	99.232485 
2645.499999  	99.357616 
2645.857306  	99.141501 
2646.214613  	99.138729 
2646.571919  	99.339558 
2646.929226  	99.347508 
2647.286533  	99.294138 
2647.643840  	99.164224 
2648.001147  	99.093865 
2648.358454  	99.268786 
2648.715761  	99.345131 
2649.073067  	99.250836 
2649.430374  	99.360530 
2649.787681  	99.560349 
2650.144988  	99.559556 
2650.502295  	99.535130 
2650.859602  	99.505175 
2651.216909  	99.417166 
2651.574215  	99.382620 
2651.931522  	99.320261 
2652.288829  	99.274245 
2652.646136  	99.224952 
2653.003443  	99.209395 
2653.360750  	99.413317 
2653.718057  	99.471954 
2654.075363  	99.329444 
2654.432670  	99.399488 
2654.789977  	99.518135 
2655.147284  	99.413317 
2655.504591  	99.217901 
2655.861898  	99.197180 
2656.219205  	99.324381 
2656.576511  	99.383547 
2656.933818  	99.339681 
2657.291125  	99.261687 
2657.648432  	99.314752 
2658.005739  	99.348582 
2658.363046  	99.209997 
2658.720353  	99.173796 
2659.077660  	99.128938 
2659.434966  	99.112974 
2659.792273  	99.299950 
2660.149580  	99.333918 
2660.506887  	99.411680 
2660.864194  	99.625559 
2661.221501  	99.506792 
2661.578808  	99.367418 
2661.936114  	99.474398 
2662.293421  	99.448197 
2662.650728  	99.264617 
2663.008035  	99.291095 
2663.365342  	99.470682 
2663.722649  	99.384973 
2664.079956  	99.198242 
2664.437262  	99.202197 
2664.794569  	99.281660 
2665.151876  	99.455590 
2665.509183  	99.648687 
2665.866490  	99.730201 
2666.223797  	99.668932 
2666.581104  	99.359230 
2666.938410  	99.127056 
2667.295717  	99.314727 
2667.653024  	99.531152 
2668.010331  	99.464430 
2668.367638  	99.378028 
2668.724945  	99.387626 
2669.082252  	99.338762 
2669.439558  	99.252725 
2669.796865  	99.212859 
2670.154172  	99.224489 
2670.511479  	99.362503 
2670.868786  	99.615176 
2671.226093  	99.737308 
2671.583400  	99.569811 
2671.940706  	99.263627 
2672.298013  	99.232093 
2672.655320  	99.532162 
2673.012627  	99.595677 
2673.369934  	99.511192 
2673.727241  	99.665405 
2674.084548  	99.650709 
2674.441855  	99.474569 
2674.799161  	99.420738 
2675.156468  	99.397824 
2675.513775  	99.443381 
2675.871082  	99.473593 
2676.228389  	99.479816 
2676.585696  	99.476170 
2676.943003  	99.427141 
2677.300309  	99.463995 
2677.657616  	99.466026 
2678.014923  	99.450272 
2678.372230  	99.415493 
2678.729537  	99.262390 
2679.086844  	99.308821 
2679.444151  	99.481663 
2679.801457  	99.448868 
2680.158764  	99.364944 
2680.516071  	99.411350 
2680.873378  	99.446603 
2681.230685  	99.428569 
2681.587992  	99.514622 
2681.945299  	99.597125 
2682.302605  	99.597868 
2682.659912  	99.488672 
2683.017219  	99.303396 
2683.374526  	99.294899 
2683.731833  	99.356094 
2684.089140  	99.318545 
2684.446447  	99.117553 
2684.803753  	98.964377 
2685.161060  	99.061591 
2685.518367  	98.999454 
2685.875674  	98.982420 
2686.232981  	99.154683 
2686.590288  	99.279818 
2686.947595  	99.526668 
2687.304902  	99.403681 
2687.662208  	99.067305 
2688.019515  	99.069233 
2688.376822  	99.151727 
2688.734129  	99.416129 
2689.091436  	99.489644 
2689.448743  	99.298238 
2689.806050  	99.319490 
2690.163356  	99.283158 
2690.520663  	99.346918 
2690.877970  	99.498804 
2691.235277  	99.513439 
2691.592584  	99.495813 
2691.949891  	99.321544 
2692.307198  	99.439262 
2692.664504  	99.741052 
2693.021811  	99.589788 
2693.379118  	99.356243 
2693.736425  	99.337081 
2694.093732  	99.475926 
2694.451039  	99.517517 
2694.808346  	99.341002 
2695.165652  	99.359904 
2695.522959  	99.446258 
2695.880266  	99.352698 
2696.237573  	99.372919 
2696.594880  	99.421490 
2696.952187  	99.305085 
2697.309494  	99.433906 
2697.666800  	99.775623 
2698.024107  	99.707601 
2698.381414  	99.470707 
2698.738721  	99.355654 
2699.096028  	99.127897 
2699.453335  	99.055272 
2699.810642  	99.174188 
2700.167949  	99.336658 
2700.525255  	99.545669 
2700.882562  	99.382283 
2701.239869  	99.106151 
2701.597176  	99.224279 
2701.954483  	99.348950 
2702.311790  	99.280117 
2702.669097  	99.148540 
2703.026403  	99.093150 
2703.383710  	99.275126 
2703.741017  	99.475850 
2704.098324  	99.438633 
2704.455631  	99.289748 
2704.812938  	99.317569 
2705.170245  	99.386181 
2705.527551  	99.305133 
2705.884858  	99.331402 
2706.242165  	99.360116 
2706.599472  	99.320695 
2706.956779  	99.321232 
2707.314086  	99.221759 
2707.671393  	99.376469 
2708.028699  	99.672136 
2708.386006  	99.577654 
2708.743313  	99.396431 
2709.100620  	99.267633 
2709.457927  	99.260013 
2709.815234  	99.429042 
2710.172541  	99.438472 
2710.529847  	99.385656 
2710.887154  	99.346568 
2711.244461  	99.285807 
2711.601768  	99.282887 
2711.959075  	99.217130 
2712.316382  	99.169621 
2712.673689  	99.219064 
2713.030996  	99.381549 
2713.388302  	99.493430 
2713.745609  	99.363071 
2714.102916  	99.453582 
2714.460223  	99.576198 
2714.817530  	99.298140 
2715.174837  	99.229605 
2715.532144  	99.238437 
2715.889450  	99.002109 
2716.246757  	99.203565 
2716.604064  	99.669435 
2716.961371  	99.666422 
2717.318678  	99.373831 
2717.675985  	99.196686 
2718.033292  	99.257322 
2718.390598  	99.479704 
2718.747905  	99.513411 
2719.105212  	99.339985 
2719.462519  	99.295480 
2719.819826  	99.154425 
2720.177133  	98.900062 
2720.534440  	98.980591 
2720.891746  	99.109855 
2721.249053  	99.109832 
2721.606360  	99.184618 
2721.963667  	99.185944 
2722.320974  	99.188935 
2722.678281  	99.268963 
2723.035588  	99.364782 
2723.392894  	99.421979 
2723.750201  	99.341058 
2724.107508  	99.334924 
2724.464815  	99.326902 
2724.822122  	99.194335 
2725.179429  	99.157557 
2725.536736  	99.079391 
2725.894043  	98.992399 
2726.251349  	99.050164 
2726.608656  	99.079150 
2726.965963  	99.076844 
2727.323270  	99.111003 
2727.680577  	99.121552 
2728.037884  	98.930754 
2728.395191  	98.649047 
2728.752497  	98.634842 
2729.109804  	98.660597 
2729.467111  	98.475792 
2729.824418  	98.440814 
2730.181725  	98.684260 
2730.539032  	98.832217 
2730.896339  	98.745959 
2731.253645  	98.673525 
2731.610952  	98.684895 
2731.968259  	98.605974 
2732.325566  	98.412302 
2732.682873  	98.272938 
2733.040180  	98.193571 
2733.397487  	98.075312 
2733.754793  	98.040596 
2734.112100  	98.147029 
2734.469407  	98.272000 
2734.826714  	98.350568 
2735.184021  	98.362967 
2735.541328  	98.283710 
2735.898635  	98.153062 
2736.255941  	98.152230 
2736.613248  	98.261894 
2736.970555  	98.301163 
2737.327862  	98.334257 
2737.685169  	98.335667 
2738.042476  	98.283705 
2738.399783  	98.427797 
2738.757090  	98.631660 
2739.114396  	98.616776 
2739.471703  	98.620040 
2739.829010  	98.696112 
2740.186317  	98.695137 
2740.543624  	98.743393 
2740.900931  	98.732915 
2741.258238  	98.659115 
2741.615544  	98.727237 
2741.972851  	98.792068 
2742.330158  	98.823640 
2742.687465  	98.820304 
2743.044772  	98.778751 
2743.402079  	98.889408 
2743.759386  	99.013957 
2744.116692  	99.027274 
2744.473999  	99.032266 
2744.831306  	99.125646 
2745.188613  	99.351530 
2745.545920  	99.484355 
2745.903227  	99.477160 
2746.260534  	99.495809 
2746.617840  	99.414072 
2746.975147  	99.226615 
2747.332454  	99.224457 
2747.689761  	99.288633 
2748.047068  	99.080898 
2748.404375  	98.900779 
2748.761682  	99.057589 
2749.118988  	99.232676 
2749.476295  	99.211850 
2749.833602  	99.243865 
2750.190909  	99.438143 
2750.548216  	99.511085 
2750.905523  	99.457410 
2751.262830  	99.313533 
2751.620136  	99.058316 
2751.977443  	99.156415 
2752.334750  	99.361749 
2752.692057  	99.111628 
2753.049364  	98.964917 
2753.406671  	99.197593 
2753.763978  	99.341637 
2754.121285  	99.308295 
2754.478591  	99.298795 
2754.835898  	99.307260 
2755.193205  	99.175712 
2755.550512  	98.978551 
2755.907819  	99.036903 
2756.265126  	99.361418 
2756.622433  	99.448191 
2756.979739  	99.156020 
2757.337046  	99.028643 
2757.694353  	99.233978 
2758.051660  	99.284500 
2758.408967  	99.066502 
2758.766274  	99.074985 
2759.123581  	99.248540 
2759.480887  	99.245911 
2759.838194  	99.306199 
2760.195501  	99.417263 
2760.552808  	99.415043 
2760.910115  	99.355965 
2761.267422  	99.222687 
2761.624729  	99.156525 
2761.982035  	99.179530 
2762.339342  	99.217360 
2762.696649  	99.230624 
2763.053956  	99.216173 
2763.411263  	99.308709 
2763.768570  	99.286708 
2764.125877  	99.135204 
2764.483183  	99.212426 
2764.840490  	99.345715 
2765.197797  	99.318458 
2765.555104  	99.249979 
2765.912411  	99.160683 
2766.269718  	99.085370 
2766.627025  	99.233921 
2766.984332  	99.383641 
2767.341638  	99.125391 
2767.698945  	98.876105 
2768.056252  	98.886872 
2768.413559  	98.798951 
2768.770866  	98.760052 
2769.128173  	98.966588 
2769.485480  	99.270177 
2769.842786  	99.559717 
2770.200093  	99.612006 
2770.557400  	99.525895 
2770.914707  	99.573188 
2771.272014  	99.343404 
2771.629321  	98.889034 
2771.986628  	98.955123 
2772.343934  	99.278083 
2772.701241  	99.370065 
2773.058548  	99.280969 
2773.415855  	98.994573 
2773.773162  	98.914552 
2774.130469  	99.150304 
2774.487776  	99.183873 
2774.845082  	99.070348 
2775.202389  	99.100292 
2775.559696  	99.188913 
2775.917003  	99.269322 
2776.274310  	99.426795 
2776.631617  	99.488893 
2776.988924  	99.355984 
2777.346230  	99.320596 
2777.703537  	99.291072 
2778.060844  	99.199344 
2778.418151  	99.291718 
2778.775458  	99.342704 
2779.132765  	99.211936 
2779.490072  	99.189374 
2779.847379  	99.332431 
2780.204685  	99.321439 
2780.561992  	99.145670 
2780.919299  	99.226732 
2781.276606  	99.307249 
2781.633913  	99.104086 
2781.991220  	99.109032 
2782.348527  	99.287557 
2782.705833  	99.402835 
2783.063140  	99.478934 
2783.420447  	99.312264 
2783.777754  	99.259035 
2784.135061  	99.483318 
2784.492368  	99.391475 
2784.849675  	99.165206 
2785.206981  	99.216614 
2785.564288  	99.205118 
2785.921595  	99.021594 
2786.278902  	99.024438 
2786.636209  	99.058079 
2786.993516  	98.918532 
2787.350823  	99.019292 
2787.708129  	99.159138 
2788.065436  	99.121863 
2788.422743  	99.245671 
2788.780050  	99.242983 
2789.137357  	99.298863 
2789.494664  	99.518371 
2789.851971  	99.335377 
2790.209277  	99.200066 
2790.566584  	99.253049 
2790.923891  	99.213884 
2791.281198  	99.289714 
2791.638505  	99.270748 
2791.995812  	99.222754 
2792.353119  	99.326645 
2792.710426  	99.417813 
2793.067732  	99.459193 
2793.425039  	99.365902 
2793.782346  	99.266633 
2794.139653  	99.268366 
2794.496960  	99.293166 
2794.854267  	99.295122 
2795.211574  	99.183596 
2795.568880  	99.021342 
2795.926187  	98.905627 
2796.283494  	99.009430 
2796.640801  	99.263560 
2796.998108  	99.220549 
2797.355415  	99.045036 
2797.712722  	99.173662 
2798.070028  	99.271806 
2798.427335  	99.043816 
2798.784642  	98.952727 
2799.141949  	99.070026 
2799.499256  	99.069199 
2799.856563  	99.048168 
2800.213870  	99.051699 
2800.571176  	99.130687 
2800.928483  	99.177779 
2801.285790  	99.016595 
2801.643097  	99.046108 
2802.000404  	99.267925 
2802.357711  	99.227570 
2802.715018  	98.954819 
2803.072324  	98.825976 
2803.429631  	98.913362 
2803.786938  	98.982715 
2804.144245  	99.105959 
2804.501552  	99.151277 
2804.858859  	99.004365 
2805.216166  	98.997774 
2805.573473  	99.029797 
2805.930779  	99.058642 
2806.288086  	99.126980 
2806.645393  	99.030239 
2807.002700  	98.927074 
2807.360007  	98.866084 
2807.717314  	98.870747 
2808.074621  	99.068440 
2808.431927  	99.060908 
2808.789234  	98.768197 
2809.146541  	98.754498 
2809.503848  	98.887199 
2809.861155  	98.788030 
2810.218462  	98.793478 
2810.575769  	98.872441 
2810.933075  	98.906119 
2811.290382  	99.086941 
2811.647689  	99.052588 
2812.004996  	98.906508 
2812.362303  	98.984349 
2812.719610  	98.904436 
2813.076917  	98.696819 
2813.434223  	98.669272 
2813.791530  	98.775496 
2814.148837  	98.930001 
2814.506144  	99.001310 
2814.863451  	98.811431 
2815.220758  	98.522753 
2815.578065  	98.508056 
2815.935371  	98.578012 
2816.292678  	98.474337 
2816.649985  	98.459145 
2817.007292  	98.641077 
2817.364599  	98.850694 
2817.721906  	98.903497 
2818.079213  	98.790921 
2818.436520  	98.646218 
2818.793826  	98.514814 
2819.151133  	98.473374 
2819.508440  	98.595416 
2819.865747  	98.796594 
2820.223054  	98.844582 
2820.580361  	98.649948 
2820.937668  	98.396142 
2821.294974  	98.259411 
2821.652281  	98.290683 
2822.009588  	98.373145 
2822.366895  	98.456507 
2822.724202  	98.565617 
2823.081509  	98.597040 
2823.438816  	98.628872 
2823.796122  	98.731676 
2824.153429  	98.682585 
2824.510736  	98.473085 
2824.868043  	98.416333 
2825.225350  	98.480435 
2825.582657  	98.456930 
2825.939964  	98.591166 
2826.297270  	98.836977 
2826.654577  	98.774271 
2827.011884  	98.574654 
2827.369191  	98.513503 
2827.726498  	98.476186 
2828.083805  	98.419383 
2828.441112  	98.467873 
2828.798418  	98.547302 
2829.155725  	98.463433 
2829.513032  	98.432917 
2829.870339  	98.587209 
2830.227646  	98.625695 
2830.584953  	98.498180 
2830.942260  	98.427041 
2831.299567  	98.559025 
2831.656873  	98.674989 
2832.014180  	98.465088 
2832.371487  	98.255174 
2832.728794  	98.282706 
2833.086101  	98.257409 
2833.443408  	98.172117 
2833.800715  	98.215831 
2834.158021  	98.327646 
2834.515328  	98.287010 
2834.872635  	98.189482 
2835.229942  	98.215150 
2835.587249  	98.062955 
2835.944556  	97.839263 
2836.301863  	97.849757 
2836.659169  	97.898149 
2837.016476  	98.033353 
2837.373783  	98.048382 
2837.731090  	97.709485 
2838.088397  	97.533117 
2838.445704  	97.544352 
2838.803011  	97.401162 
2839.160317  	97.249425 
2839.517624  	97.194283 
2839.874931  	97.139878 
2840.232238  	97.231946 
2840.589545  	97.526725 
2840.946852  	97.518317 
2841.304159  	97.209975 
2841.661465  	97.136482 
2842.018772  	97.217781 
2842.376079  	97.178986 
2842.733386  	96.926057 
2843.090693  	96.705811 
2843.448000  	96.741797 
2843.805307  	96.734743 
2844.162613  	96.683954 
2844.519920  	96.636114 
2844.877227  	96.516956 
2845.234534  	96.581543 
2845.591841  	96.684545 
2845.949148  	96.575004 
2846.306455  	96.351345 
2846.663762  	96.157659 
2847.021068  	96.172326 
2847.378375  	96.180647 
2847.735682  	95.954116 
2848.092989  	95.776951 
2848.450296  	95.757486 
2848.807603  	95.765884 
2849.164910  	95.735998 
2849.522216  	95.601266 
2849.879523  	95.373522 
2850.236830  	95.142355 
2850.594137  	94.933338 
2850.951444  	94.645426 
2851.308751  	94.475169 
2851.666058  	94.520658 
2852.023364  	94.329268 
2852.380671  	94.081356 
2852.737978  	94.017394 
2853.095285  	93.867690 
2853.452592  	93.855490 
2853.809899  	93.770398 
2854.167206  	93.429856 
2854.524512  	93.266215 
2854.881819  	93.097249 
2855.239126  	92.939151 
2855.596433  	92.923418 
2855.953740  	92.890243 
2856.311047  	92.904088 
2856.668354  	92.855186 
2857.025660  	92.872621 
2857.382967  	92.974642 
2857.740274  	92.918711 
2858.097581  	92.835504 
2858.454888  	92.825556 
2858.812195  	93.072660 
2859.169502  	93.384835 
2859.526809  	93.421448 
2859.884115  	93.527344 
2860.241422  	93.765695 
2860.598729  	93.813507 
2860.956036  	93.717142 
2861.313343  	93.724750 
2861.670650  	93.756141 
2862.027957  	93.828621 
2862.385263  	94.147951 
2862.742570  	94.395673 
2863.099877  	94.488200 
2863.457184  	94.565605 
2863.814491  	94.598900 
2864.171798  	94.740644 
2864.529105  	94.957429 
2864.886411  	95.126573 
2865.243718  	95.076749 
2865.601025  	95.065403 
2865.958332  	95.308611 
2866.315639  	95.341183 
2866.672946  	95.378599 
2867.030253  	95.482926 
2867.387559  	95.418202 
2867.744866  	95.514483 
2868.102173  	95.632189 
2868.459480  	95.593749 
2868.816787  	95.477956 
2869.174094  	95.493125 
2869.531401  	95.558807 
2869.888707  	95.386200 
2870.246014  	95.432021 
2870.603321  	95.603183 
2870.960628  	95.642663 
2871.317935  	95.807457 
2871.675242  	95.929845 
2872.032549  	95.932088 
2872.389856  	95.734849 
2872.747162  	95.648674 
2873.104469  	95.811056 
2873.461776  	95.729550 
2873.819083  	95.607766 
2874.176390  	95.511425 
2874.533697  	95.476316 
2874.891004  	95.624368 
2875.248310  	95.611149 
2875.605617  	95.573646 
2875.962924  	95.555052 
2876.320231  	95.458974 
2876.677538  	95.405995 
2877.034845  	95.468103 
2877.392152  	95.625286 
2877.749458  	95.476056 
2878.106765  	95.118155 
2878.464072  	94.973012 
2878.821379  	95.133975 
2879.178686  	95.364992 
2879.535993  	95.307076 
2879.893300  	95.350952 
2880.250606  	95.357925 
2880.607913  	94.963429 
2880.965220  	94.908760 
2881.322527  	95.156938 
2881.679834  	95.200461 
2882.037141  	95.174307 
2882.394448  	95.124588 
2882.751754  	95.101505 
2883.109061  	95.040632 
2883.466368  	94.854375 
2883.823675  	94.808168 
2884.180982  	94.868330 
2884.538289  	94.816677 
2884.895596  	94.899840 
2885.252903  	94.953745 
2885.610209  	94.750579 
2885.967516  	94.861192 
2886.324823  	95.149769 
2886.682130  	95.066000 
2887.039437  	94.766215 
2887.396744  	94.608275 
2887.754051  	94.759955 
2888.111357  	94.708070 
2888.468664  	94.415460 
2888.825971  	94.422906 
2889.183278  	94.405894 
2889.540585  	94.247948 
2889.897892  	94.328379 
2890.255199  	94.614127 
2890.612505  	94.635246 
2890.969812  	94.308906 
2891.327119  	94.269957 
2891.684426  	94.423680 
2892.041733  	94.502751 
2892.399040  	94.764194 
2892.756347  	94.894314 
2893.113653  	94.726054 
2893.470960  	94.533355 
2893.828267  	94.348364 
2894.185574  	94.252022 
2894.542881  	94.381047 
2894.900188  	94.517961 
2895.257495  	94.500349 
2895.614801  	94.640334 
2895.972108  	94.714329 
2896.329415  	94.455575 
2896.686722  	94.323336 
2897.044029  	94.377245 
2897.401336  	94.560299 
2897.758643  	94.750531 
2898.115950  	94.704490 
2898.473256  	94.608797 
2898.830563  	94.402325 
2899.187870  	94.244167 
2899.545177  	94.248010 
2899.902484  	94.189025 
2900.259791  	94.383528 
2900.617098  	94.519989 
2900.974404  	94.355134 
2901.331711  	94.317944 
2901.689018  	94.207962 
2902.046325  	94.146185 
2902.403632  	94.155003 
2902.760939  	94.061174 
2903.118246  	94.112504 
2903.475552  	93.954955 
2903.832859  	93.839423 
2904.190166  	94.022999 
2904.547473  	93.859656 
2904.904780  	93.785734 
2905.262087  	93.899274 
2905.619394  	93.547004 
2905.976700  	93.326099 
2906.334007  	93.620002 
2906.691314  	93.672106 
2907.048621  	93.352428 
2907.405928  	93.317023 
2907.763235  	93.392879 
2908.120542  	93.175344 
2908.477848  	92.918169 
2908.835155  	92.719353 
2909.192462  	92.753139 
2909.549769  	92.853180 
2909.907076  	92.734330 
2910.264383  	92.868277 
2910.621690  	93.042598 
2910.978997  	92.837516 
2911.336303  	92.599655 
2911.693610  	92.470175 
2912.050917  	92.343449 
2912.408224  	92.039034 
2912.765531  	91.763422 
2913.122838  	91.880053 
2913.480145  	92.121908 
2913.837451  	92.194403 
2914.194758  	92.164421 
2914.552065  	92.224727 
2914.909372  	92.258172 
2915.266679  	92.116638 
2915.623986  	92.035814 
2915.981293  	91.976313 
2916.338599  	92.024488 
2916.695906  	92.471374 
2917.053213  	92.873650 
2917.410520  	92.783700 
2917.767827  	92.564395 
2918.125134  	92.684224 
2918.482441  	93.019434 
2918.839747  	93.181877 
2919.197054  	93.174289 
2919.554361  	93.291313 
2919.911668  	93.555754 
2920.268975  	93.577838 
2920.626282  	93.254942 
2920.983589  	93.143994 
2921.340895  	93.385706 
2921.698202  	93.469170 
2922.055509  	93.473269 
2922.412816  	93.509731 
2922.770123  	93.261288 
2923.127430  	93.130679 
2923.484737  	93.265433 
2923.842043  	93.132629 
2924.199350  	92.922164 
2924.556657  	92.944482 
2924.913964  	92.961145 
2925.271271  	92.862061 
2925.628578  	92.911880 
2925.985885  	93.121995 
2926.343192  	93.160687 
2926.700498  	93.014050 
2927.057805  	92.714121 
2927.415112  	92.491959 
2927.772419  	92.663266 
2928.129726  	92.778219 
2928.487033  	92.571514 
2928.844340  	92.288243 
2929.201646  	92.002589 
2929.558953  	91.978161 
2929.916260  	92.364437 
2930.273567  	92.629811 
2930.630874  	92.420915 
2930.988181  	92.272890 
2931.345488  	92.393915 
2931.702794  	92.286897 
2932.060101  	92.105160 
2932.417408  	92.209231 
2932.774715  	92.295225 
2933.132022  	92.245603 
2933.489329  	92.186447 
2933.846636  	92.110435 
2934.203942  	92.256697 
2934.561249  	92.523691 
2934.918556  	92.617991 
2935.275863  	92.756186 
2935.633170  	92.774474 
2935.990477  	92.742342 
2936.347784  	93.043972 
2936.705090  	93.168719 
2937.062397  	93.043535 
2937.419704  	93.127473 
2937.777011  	93.414048 
2938.134318  	93.722890 
2938.491625  	93.776170 
2938.848932  	93.668115 
2939.206239  	93.691592 
2939.563545  	93.925102 
2939.920852  	94.192824 
2940.278159  	94.361763 
2940.635466  	94.553657 
2940.992773  	94.498891 
2941.350080  	94.419117 
2941.707387  	94.655584 
2942.064693  	94.790689 
2942.422000  	95.011833 
2942.779307  	95.294389 
2943.136614  	95.343718 
2943.493921  	95.408233 
2943.851228  	95.466041 
2944.208535  	95.569480 
2944.565841  	95.550007 
2944.923148  	95.416172 
2945.280455  	95.671948 
2945.637762  	96.039843 
2945.995069  	96.213898 
2946.352376  	96.351777 
2946.709683  	96.487312 
2947.066989  	96.477421 
2947.424296  	96.275687 
2947.781603  	96.242717 
2948.138910  	96.419119 
2948.496217  	96.543289 
2948.853524  	96.500944 
2949.210831  	96.407055 
2949.568137  	96.522141 
2949.925444  	96.527930 
2950.282751  	96.261883 
2950.640058  	96.189605 
2950.997365  	96.345817 
2951.354672  	96.461696 
2951.711979  	96.499073 
2952.069286  	96.367448 
2952.426592  	96.175973 
2952.783899  	96.363947 
2953.141206  	96.527513 
2953.498513  	96.300228 
2953.855820  	96.294298 
2954.213127  	96.325222 
2954.570434  	96.177210 
2954.927740  	96.226341 
2955.285047  	96.247010 
2955.642354  	96.229928 
2955.999661  	96.168318 
2956.356968  	95.919269 
2956.714275  	95.917076 
2957.071582  	96.174374 
2957.428888  	96.172472 
2957.786195  	95.847355 
2958.143502  	95.644970 
2958.500809  	95.695645 
2958.858116  	95.670662 
2959.215423  	95.583599 
2959.572730  	95.610560 
2959.930036  	95.630972 
2960.287343  	95.624103 
2960.644650  	95.744816 
2961.001957  	95.627458 
2961.359264  	95.121298 
2961.716571  	95.091123 
2962.073878  	95.519304 
2962.431184  	95.652036 
2962.788491  	95.548392 
2963.145798  	95.273850 
2963.503105  	95.094494 
2963.860412  	95.098785 
2964.217719  	94.867970 
2964.575026  	94.846458 
2964.932333  	94.948584 
2965.289639  	94.657702 
2965.646946  	94.689652 
2966.004253  	94.913554 
2966.361560  	94.647548 
2966.718867  	94.364474 
2967.076174  	94.351716 
2967.433481  	94.520428 
2967.790787  	94.588071 
2968.148094  	94.376637 
2968.505401  	94.242728 
2968.862708  	94.084844 
2969.220015  	93.980377 
2969.577322  	94.112886 
2969.934629  	93.901235 
2970.291935  	93.636585 
2970.649242  	93.729716 
2971.006549  	93.745773 
2971.363856  	93.868649 
2971.721163  	93.939507 
2972.078470  	93.653057 
2972.435777  	93.631305 
2972.793083  	93.717224 
2973.150390  	93.634139 
2973.507697  	93.760129 
2973.865004  	93.902893 
2974.222311  	93.976670 
2974.579618  	93.889337 
2974.936925  	93.751867 
2975.294231  	94.213171 
2975.651538  	94.578751 
2976.008845  	94.318660 
2976.366152  	94.245940 
2976.723459  	94.400339 
2977.080766  	94.494384 
2977.438073  	94.576766 
2977.795380  	94.702801 
2978.152686  	94.715448 
2978.509993  	94.529338 
2978.867300  	94.706794 
2979.224607  	95.098780 
2979.581914  	95.191332 
2979.939221  	95.208895 
2980.296528  	95.283247 
2980.653834  	95.405565 
2981.011141  	95.408146 
2981.368448  	95.422579 
2981.725755  	95.559708 
2982.083062  	95.457616 
2982.440369  	95.371939 
2982.797676  	95.360246 
2983.154982  	95.374934 
2983.512289  	95.642228 
2983.869596  	95.691108 
2984.226903  	95.475345 
2984.584210  	95.528581 
2984.941517  	95.946869 
2985.298824  	96.253649 
2985.656130  	96.149768 
2986.013437  	96.000806 
2986.370744  	95.783509 
2986.728051  	95.671124 
2987.085358  	95.972188 
2987.442665  	96.270110 
2987.799972  	96.485317 
2988.157278  	96.529790 
2988.514585  	96.384565 
2988.871892  	96.400361 
2989.229199  	96.449578 
2989.586506  	96.424220 
2989.943813  	96.362474 
2990.301120  	96.418512 
2990.658427  	96.616838 
2991.015733  	96.657369 
2991.373040  	96.679049 
2991.730347  	96.752256 
2992.087654  	96.687345 
2992.444961  	96.599431 
2992.802268  	96.689229 
2993.159575  	96.890047 
2993.516881  	96.893450 
2993.874188  	96.722601 
2994.231495  	96.614669 
2994.588802  	96.638413 
2994.946109  	96.643788 
2995.303416  	96.498466 
2995.660723  	96.503156 
2996.018029  	96.616771 
2996.375336  	96.491611 
2996.732643  	96.336006 
2997.089950  	96.404842 
2997.447257  	96.492421 
2997.804564  	96.295974 
2998.161871  	96.145957 
2998.519177  	96.381580 
2998.876484  	96.448278 
2999.233791  	96.096962 
2999.591098  	95.806718 
2999.948405  	95.691977 
3000.305712  	95.705306 
3000.663019  	95.799014 
3001.020325  	95.523096 
3001.377632  	95.219184 
3001.734939  	95.440557 
3002.092246  	95.473427 
3002.449553  	95.369122 
3002.806860  	95.515588 
3003.164167  	95.350317 
3003.521473  	95.175651 
3003.878780  	95.219389 
3004.236087  	95.138504 
3004.593394  	94.996259 
3004.950701  	94.807669 
3005.308008  	94.729754 
3005.665315  	94.625664 
3006.022622  	94.383089 
3006.379928  	94.279625 
3006.737235  	94.272602 
3007.094542  	94.278094 
3007.451849  	94.200741 
3007.809156  	94.276645 
3008.166463  	94.408170 
3008.523770  	94.181734 
3008.881076  	94.062725 
3009.238383  	93.939092 
3009.595690  	93.746802 
3009.952997  	93.825304 
3010.310304  	93.674231 
3010.667611  	93.452312 
3011.024918  	93.306862 
3011.382224  	93.087326 
3011.739531  	93.123552 
3012.096838  	93.116387 
3012.454145  	92.916963 
3012.811452  	92.731903 
3013.168759  	92.532918 
3013.526066  	92.201055 
3013.883372  	91.849443 
3014.240679  	91.841536 
3014.597986  	91.631583 
3014.955293  	91.155565 
3015.312600  	91.077687 
3015.669907  	91.020117 
3016.027214  	90.815895 
3016.384520  	90.611060 
3016.741827  	90.413864 
3017.099134  	90.142514 
3017.456441  	89.678359 
3017.813748  	89.651078 
3018.171055  	89.949987 
3018.528362  	89.894282 
3018.885669  	89.583665 
3019.242975  	89.289273 
3019.600282  	89.261919 
3019.957589  	89.303184 
3020.314896  	89.417317 
3020.672203  	89.653192 
3021.029510  	89.670428 
3021.386817  	89.826732 
3021.744123  	89.964404 
3022.101430  	89.900927 
3022.458737  	90.049324 
3022.816044  	90.142846 
3023.173351  	90.298454 
3023.530658  	90.558026 
3023.887965  	90.684651 
3024.245271  	90.724224 
3024.602578  	90.625931 
3024.959885  	91.030355 
3025.317192  	91.625314 
3025.674499  	91.523065 
3026.031806  	91.402369 
3026.389113  	91.449380 
3026.746419  	91.484465 
3027.103726  	91.569256 
3027.461033  	91.418031 
3027.818340  	91.494367 
3028.175647  	91.785821 
3028.532954  	91.650269 
3028.890261  	91.551386 
3029.247567  	91.758168 
3029.604874  	91.811029 
3029.962181  	91.769307 
3030.319488  	91.827539 
3030.676795  	91.891738 
3031.034102  	91.965461 
3031.391409  	91.933371 
3031.748716  	91.764414 
3032.106022  	91.807980 
3032.463329  	92.084104 
3032.820636  	92.284144 
3033.177943  	92.288894 
3033.535250  	92.223624 
3033.892557  	92.421266 
3034.249864  	92.832926 
3034.607170  	93.028991 
3034.964477  	93.140821 
3035.321784  	93.450434 
3035.679091  	93.619598 
3036.036398  	93.510974 
3036.393705  	93.537718 
3036.751012  	93.733219 
3037.108318  	93.772457 
3037.465625  	93.712609 
3037.822932  	93.770531 
3038.180239  	93.872176 
3038.537546  	93.951881 
3038.894853  	94.073887 
3039.252160  	94.197477 
3039.609466  	94.342394 
3039.966773  	94.515923 
3040.324080  	94.527464 
3040.681387  	94.380495 
3041.038694  	94.310568 
3041.396001  	94.351399 
3041.753308  	94.423405 
3042.110614  	94.620591 
3042.467921  	94.854177 
3042.825228  	94.829807 
3043.182535  	94.624446 
3043.539842  	94.422667 
3043.897149  	94.233996 
3044.254456  	94.166899 
3044.611763  	94.180886 
3044.969069  	94.146804 
3045.326376  	94.252245 
3045.683683  	94.450805 
3046.040990  	94.389959 
3046.398297  	94.199269 
3046.755604  	94.087484 
3047.112911  	94.088098 
3047.470217  	94.312314 
3047.827524  	94.402248 
3048.184831  	94.179096 
3048.542138  	94.069234 
3048.899445  	94.027912 
3049.256752  	93.906790 
3049.614059  	93.813339 
3049.971365  	93.724075 
3050.328672  	93.786120 
3050.685979  	93.863034 
3051.043286  	93.569037 
3051.400593  	93.324550 
3051.757900  	93.501874 
3052.115207  	93.671489 
3052.472513  	93.715509 
3052.829820  	93.703567 
3053.187127  	93.624962 
3053.544434  	93.679069 
3053.901741  	93.641323 
3054.259048  	93.560731 
3054.616355  	93.805338 
3054.973661  	94.112100 
3055.330968  	94.295503 
3055.688275  	94.115685 
3056.045582  	93.745358 
3056.402889  	93.883650 
3056.760196  	94.109266 
3057.117503  	94.100103 
3057.474810  	94.243236 
3057.832116  	94.419260 
3058.189423  	94.414531 
3058.546730  	94.313084 
3058.904037  	94.531062 
3059.261344  	94.820913 
3059.618651  	94.721705 
3059.975958  	94.869616 
3060.333264  	95.183869 
3060.690571  	95.107901 
3061.047878  	94.967183 
3061.405185  	94.934912 
3061.762492  	95.116548 
3062.119799  	95.247961 
3062.477106  	94.883248 
3062.834412  	94.687889 
3063.191719  	94.960815 
3063.549026  	95.004179 
3063.906333  	95.007069 
3064.263640  	95.301701 
3064.620947  	95.179818 
3064.978254  	94.796295 
3065.335560  	94.897846 
3065.692867  	95.013751 
3066.050174  	94.834756 
3066.407481  	94.760755 
3066.764788  	94.896023 
3067.122095  	94.967979 
3067.479402  	94.831974 
3067.836708  	94.916593 
3068.194015  	95.123639 
3068.551322  	95.083768 
3068.908629  	95.138049 
3069.265936  	95.040240 
3069.623243  	94.667131 
3069.980550  	94.628581 
3070.337857  	94.863022 
3070.695163  	95.139499 
3071.052470  	95.219657 
3071.409777  	95.106587 
3071.767084  	95.351977 
3072.124391  	95.615583 
3072.481698  	95.574217 
3072.839005  	95.676807 
3073.196311  	95.730110 
3073.553618  	95.627788 
3073.910925  	95.701619 
3074.268232  	95.801173 
3074.625539  	95.860722 
3074.982846  	96.007368 
3075.340153  	96.103923 
3075.697459  	96.175980 
3076.054766  	96.346620 
3076.412073  	96.431269 
3076.769380  	96.505636 
3077.126687  	96.754727 
3077.483994  	96.689455 
3077.841301  	96.341555 
3078.198607  	96.370019 
3078.555914  	96.406989 
3078.913221  	96.191179 
3079.270528  	96.253757 
3079.627835  	96.458243 
3079.985142  	96.476245 
3080.342449  	96.416905 
3080.699755  	96.405982 
3081.057062  	96.462692 
3081.414369  	96.499045 
3081.771676  	96.549307 
3082.128983  	96.523111 
3082.486290  	96.382673 
3082.843597  	96.467596 
3083.200904  	96.734247 
3083.558210  	96.931065 
3083.915517  	97.040546 
3084.272824  	97.042884 
3084.630131  	97.028372 
3084.987438  	97.069205 
3085.344745  	97.177125 
3085.702052  	97.282865 
3086.059358  	97.231695 
3086.416665  	97.099150 
3086.773972  	97.020490 
3087.131279  	97.033530 
3087.488586  	97.136788 
3087.845893  	97.282684 
3088.203200  	97.344853 
3088.560506  	97.255610 
3088.917813  	97.223025 
3089.275120  	97.340681 
3089.632427  	97.505480 
3089.989734  	97.639471 
3090.347041  	97.679045 
3090.704348  	97.651389 
3091.061654  	97.638138 
3091.418961  	97.887531 
3091.776268  	98.188436 
3092.133575  	98.009386 
3092.490882  	97.755232 
3092.848189  	97.776244 
3093.205496  	97.827298 
3093.562802  	97.877721 
3093.920109  	97.916266 
3094.277416  	97.877685 
3094.634723  	97.679556 
3094.992030  	97.546860 
3095.349337  	97.718542 
3095.706644  	98.001605 
3096.063950  	98.418254 
3096.421257  	98.655181 
3096.778564  	98.368086 
3097.135871  	98.018849 
3097.493178  	97.880676 
3097.850485  	98.095862 
3098.207792  	98.538086 
3098.565099  	98.533473 
3098.922405  	98.157257 
3099.279712  	98.029833 
3099.637019  	98.132495 
3099.994326  	98.212560 
3100.351633  	98.265009 
3100.708940  	98.233586 
3101.066247  	98.157500 
3101.423553  	98.050283 
3101.780860  	97.986319 
3102.138167  	98.202938 
3102.495474  	98.239559 
3102.852781  	97.993843 
3103.210088  	98.032671 
3103.567395  	98.209794 
3103.924701  	98.409664 
3104.282008  	98.481217 
3104.639315  	98.326061 
3104.996622  	98.340465 
3105.353929  	98.404842 
3105.711236  	98.432851 
3106.068543  	98.356694 
3106.425849  	98.230844 
3106.783156  	98.317361 
3107.140463  	98.242240 
3107.497770  	98.249127 
3107.855077  	98.377774 
3108.212384  	98.213536 
3108.569691  	98.196445 
3108.926997  	98.194287 
3109.284304  	98.362506 
3109.641611  	98.739554 
3109.998918  	98.489021 
3110.356225  	98.190561 
3110.713532  	98.275150 
3111.070839  	98.335752 
3111.428146  	98.320991 
3111.785452  	98.223220 
3112.142759  	98.358283 
3112.500066  	98.503617 
3112.857373  	98.468356 
3113.214680  	98.483107 
3113.571987  	98.443391 
3113.929294  	98.642293 
3114.286600  	98.764870 
3114.643907  	98.481039 
3115.001214  	98.346754 
3115.358521  	98.422903 
3115.715828  	98.681372 
3116.073135  	98.789049 
3116.430442  	98.530799 
3116.787748  	98.440078 
3117.145055  	98.529241 
3117.502362  	98.666301 
3117.859669  	98.748863 
3118.216976  	98.729263 
3118.574283  	98.683871 
3118.931590  	98.538079 
3119.288896  	98.568102 
3119.646203  	98.563386 
3120.003510  	98.459466 
3120.360817  	98.773331 
3120.718124  	99.020587 
3121.075431  	98.968467 
3121.432738  	98.972696 
3121.790044  	99.004283 
3122.147351  	99.108695 
3122.504658  	99.025676 
3122.861965  	98.731218 
3123.219272  	98.710175 
3123.576579  	98.933048 
3123.933886  	99.140189 
3124.291193  	99.100970 
3124.648499  	98.730090 
3125.005806  	98.454305 
3125.363113  	98.746878 
3125.720420  	99.175229 
3126.077727  	98.943755 
3126.435034  	98.631350 
3126.792341  	98.848931 
3127.149647  	98.822434 
3127.506954  	98.593917 
3127.864261  	98.715644 
3128.221568  	98.760469 
3128.578875  	98.814725 
3128.936182  	99.040424 
3129.293489  	99.044663 
3129.650795  	99.013186 
3130.008102  	99.004329 
3130.365409  	98.995157 
3130.722716  	99.123177 
3131.080023  	99.080815 
3131.437330  	99.001785 
3131.794637  	99.066480 
3132.151943  	99.009492 
3132.509250  	98.959797 
3132.866557  	99.117983 
3133.223864  	99.263939 
3133.581171  	99.100356 
3133.938478  	98.952730 
3134.295785  	98.963774 
3134.653091  	98.781576 
3135.010398  	98.845058 
3135.367705  	99.182003 
3135.725012  	99.104080 
3136.082319  	98.867122 
3136.439626  	98.894453 
3136.796933  	98.980357 
3137.154240  	98.835599 
3137.511546  	98.608087 
3137.868853  	98.558662 
3138.226160  	98.551354 
3138.583467  	98.643094 
3138.940774  	98.898517 
3139.298081  	99.002937 
3139.655388  	98.969180 
3140.012694  	99.092429 
3140.370001  	99.182231 
3140.727308  	98.973049 
3141.084615  	98.826068 
3141.441922  	98.931950 
3141.799229  	99.015079 
3142.156536  	98.942360 
3142.513842  	98.839598 
3142.871149  	98.817911 
3143.228456  	98.695743 
3143.585763  	98.668701 
3143.943070  	98.911787 
3144.300377  	99.058705 
3144.657684  	99.227132 
3145.014990  	99.373300 
3145.372297  	99.211633 
3145.729604  	99.009215 
3146.086911  	98.875962 
3146.444218  	98.817944 
3146.801525  	98.799756 
3147.158832  	98.682985 
3147.516138  	98.536486 
3147.873445  	98.564980 
3148.230752  	98.887270 
3148.588059  	99.131411 
3148.945366  	99.018595 
3149.302673  	98.808635 
3149.659980  	98.837534 
3150.017287  	99.137953 
3150.374593  	99.318949 
3150.731900  	99.318193 
3151.089207  	99.192646 
3151.446514  	98.884511 
3151.803821  	98.790945 
3152.161128  	98.899310 
3152.518435  	98.737173 
3152.875741  	98.392380 
3153.233048  	98.394043 
3153.590355  	98.820172 
3153.947662  	99.155897 
3154.304969  	99.167065 
3154.662276  	98.959614 
3155.019583  	98.792098 
3155.376889  	98.751084 
3155.734196  	98.615716 
3156.091503  	98.598050 
3156.448810  	98.804679 
3156.806117  	98.929115 
3157.163424  	98.830391 
3157.520731  	98.567933 
3157.878037  	98.454371 
3158.235344  	98.632972 
3158.592651  	98.868482 
3158.949958  	98.855602 
3159.307265  	98.686880 
3159.664572  	98.701730 
3160.021879  	98.691779 
3160.379185  	98.602096 
3160.736492  	98.746975 
3161.093799  	98.941916 
3161.451106  	98.870776 
3161.808413  	98.617023 
3162.165720  	98.490355 
3162.523027  	98.601665 
3162.880334  	98.795122 
3163.237640  	98.733797 
3163.594947  	98.452180 
3163.952254  	98.458979 
3164.309561  	98.548333 
3164.666868  	98.399115 
3165.024175  	98.319019 
3165.381482  	98.481472 
3165.738788  	98.812946 
3166.096095  	98.923005 
3166.453402  	98.738754 
3166.810709  	98.711427 
3167.168016  	98.778882 
3167.525323  	98.603725 
3167.882630  	98.386358 
3168.239936  	98.436426 
3168.597243  	98.432019 
3168.954550  	98.371428 
3169.311857  	98.561181 
3169.669164  	98.670991 
3170.026471  	98.712968 
3170.383778  	98.697556 
3170.741084  	98.621260 
3171.098391  	98.791667 
3171.455698  	98.628171 
3171.813005  	98.208052 
3172.170312  	98.372676 
3172.527619  	98.720592 
3172.884926  	98.613400 
3173.242232  	98.230210 
3173.599539  	98.167138 
3173.956846  	98.365733 
3174.314153  	98.273231 
3174.671460  	98.074193 
3175.028767  	98.057945 
3175.386074  	98.106169 
3175.743380  	98.072105 
3176.100687  	98.065978 
3176.457994  	98.257421 
3176.815301  	98.393155 
3177.172608  	98.300432 
3177.529915  	98.259767 
3177.887222  	98.458640 
3178.244529  	98.481785 
3178.601835  	98.180935 
3178.959142  	98.120089 
3179.316449  	98.293915 
3179.673756  	98.420100 
3180.031063  	98.413845 
3180.388370  	98.175677 
3180.745677  	97.903771 
3181.102983  	97.807367 
3181.460290  	98.012323 
3181.817597  	98.186248 
3182.174904  	97.881972 
3182.532211  	97.553351 
3182.889518  	97.584445 
3183.246825  	97.788518 
3183.604131  	97.820268 
3183.961438  	97.627327 
3184.318745  	97.634697 
3184.676052  	97.751032 
3185.033359  	97.681058 
3185.390666  	97.643628 
3185.747973  	97.674350 
3186.105279  	97.648487 
3186.462586  	97.657493 
3186.819893  	97.616521 
3187.177200  	97.463155 
3187.534507  	97.475348 
3187.891814  	97.456527 
3188.249121  	97.278461 
3188.606427  	97.350074 
3188.963734  	97.383381 
3189.321041  	97.222989 
3189.678348  	97.164519 
3190.035655  	97.220094 
3190.392962  	97.605567 
3190.750269  	97.970810 
3191.107576  	97.774583 
3191.464882  	97.399146 
3191.822189  	97.330264 
3192.179496  	97.550607 
3192.536803  	97.564161 
3192.894110  	97.307955 
3193.251417  	97.080400 
3193.608724  	96.802050 
3193.966030  	96.701019 
3194.323337  	96.799919 
3194.680644  	96.816023 
3195.037951  	96.971869 
3195.395258  	97.170654 
3195.752565  	97.026946 
3196.109872  	96.687309 
3196.467178  	96.513348 
3196.824485  	96.618308 
3197.181792  	96.746056 
3197.539099  	96.639782 
3197.896406  	96.530123 
3198.253713  	96.742126 
3198.611020  	96.915117 
3198.968326  	96.631145 
3199.325633  	96.385662 
3199.682940  	96.501165 
3200.040247  	96.470828 
3200.397554  	96.360660 
3200.754861  	96.550165 
3201.112168  	96.547002 
3201.469474  	96.164215 
3201.826781  	95.929830 
3202.184088  	96.013159 
3202.541395  	96.244796 
3202.898702  	96.381384 
3203.256009  	96.236922 
3203.613316  	95.972650 
3203.970623  	95.988546 
3204.327929  	96.169845 
3204.685236  	96.104809 
3205.042543  	95.996987 
3205.399850  	95.953837 
3205.757157  	95.896824 
3206.114464  	95.885377 
3206.471771  	95.840335 
3206.829077  	95.935399 
3207.186384  	95.879682 
3207.543691  	95.613195 
3207.900998  	95.734548 
3208.258305  	95.781923 
3208.615612  	95.618966 
3208.972919  	95.595823 
3209.330225  	95.446469 
3209.687532  	95.537396 
3210.044839  	95.853212 
3210.402146  	95.740300 
3210.759453  	95.491866 
3211.116760  	95.498869 
3211.474067  	95.273878 
3211.831373  	94.754236 
3212.188680  	94.814812 
3212.545987  	95.265210 
3212.903294  	95.529456 
3213.260601  	95.718301 
3213.617908  	95.525352 
3213.975215  	95.325425 
3214.332521  	95.404583 
3214.689828  	95.222035 
3215.047135  	95.101819 
3215.404442  	95.058798 
3215.761749  	94.956120 
3216.119056  	95.188216 
3216.476363  	95.341689 
3216.833670  	95.191189 
3217.190976  	95.271243 
3217.548283  	95.575244 
3217.905590  	95.617196 
3218.262897  	95.471837 
3218.620204  	95.557918 
3218.977511  	95.581918 
3219.334818  	95.220164 
3219.692124  	95.063605 
3220.049431  	95.412388 
3220.406738  	95.497378 
3220.764045  	95.035913 
3221.121352  	94.776767 
3221.478659  	95.067479 
3221.835966  	95.589183 
3222.193272  	95.953908 
3222.550579  	95.906322 
3222.907886  	95.593871 
3223.265193  	95.468268 
3223.622500  	95.513515 
3223.979807  	95.452653 
3224.337114  	95.491642 
3224.694420  	95.619588 
3225.051727  	95.614078 
3225.409034  	95.508948 
3225.766341  	95.492109 
3226.123648  	95.815020 
3226.480955  	95.846584 
3226.838262  	95.515403 
3227.195568  	95.677562 
3227.552875  	95.708042 
3227.910182  	95.254523 
3228.267489  	95.025104 
3228.624796  	95.263349 
3228.982103  	95.668966 
3229.339410  	95.517010 
3229.696717  	95.291825 
3230.054023  	95.429153 
3230.411330  	95.300090 
3230.768637  	95.350301 
3231.125944  	95.666864 
3231.483251  	95.825552 
3231.840558  	95.843567 
3232.197865  	95.593041 
3232.555171  	95.581404 
3232.912478  	95.833494 
3233.269785  	95.867997 
3233.627092  	95.850555 
3233.984399  	95.795144 
3234.341706  	95.848072 
3234.699013  	96.003828 
3235.056319  	96.019947 
3235.413626  	95.962856 
3235.770933  	95.849607 
3236.128240  	95.973283 
3236.485547  	96.138079 
3236.842854  	95.814568 
3237.200161  	95.663193 
3237.557467  	95.973563 
3237.914774  	96.069634 
3238.272081  	95.989639 
3238.629388  	96.053668 
3238.986695  	96.151209 
3239.344002  	96.207070 
3239.701309  	96.163038 
3240.058615  	96.000870 
3240.415922  	95.973366 
3240.773229  	96.153783 
3241.130536  	96.212504 
3241.487843  	96.201233 
3241.845150  	96.442357 
3242.202457  	96.529556 
3242.559764  	96.150218 
3242.917070  	95.908463 
3243.274377  	96.055469 
3243.631684  	96.206538 
3243.988991  	96.227592 
3244.346298  	96.153644 
3244.703605  	95.961372 
3245.060912  	95.847756 
3245.418218  	95.996544 
3245.775525  	96.097558 
3246.132832  	96.107995 
3246.490139  	96.479266 
3246.847446  	96.882247 
3247.204753  	96.765966 
3247.562060  	96.560014 
3247.919366  	96.547832 
3248.276673  	96.497553 
3248.633980  	96.464945 
3248.991287  	96.455279 
3249.348594  	96.427754 
3249.705901  	96.370943 
3250.063208  	96.187145 
3250.420514  	96.168823 
3250.777821  	96.371357 
3251.135128  	96.464422 
3251.492435  	96.469020 
3251.849742  	96.407043 
3252.207049  	96.424547 
3252.564356  	96.565857 
3252.921662  	96.527675 
3253.278969  	96.535883 
3253.636276  	96.768323 
3253.993583  	96.865907 
3254.350890  	96.761134 
3254.708197  	96.736994 
3255.065504  	96.859882 
3255.422810  	96.843947 
3255.780117  	96.687123 
3256.137424  	96.621854 
3256.494731  	96.513645 
3256.852038  	96.406218 
3257.209345  	96.604883 
3257.566652  	96.763583 
3257.923959  	96.502912 
3258.281265  	96.353844 
3258.638572  	96.712633 
3258.995879  	97.185040 
3259.353186  	97.174556 
3259.710493  	96.819711 
3260.067800  	96.871971 
3260.425107  	97.026616 
3260.782413  	96.832583 
3261.139720  	96.760051 
3261.497027  	96.856209 
3261.854334  	97.085548 
3262.211641  	97.223614 
3262.568948  	96.930295 
3262.926255  	96.836938 
3263.283561  	97.109791 
3263.640868  	97.242527 
3263.998175  	97.157450 
3264.355482  	97.100880 
3264.712789  	97.335182 
3265.070096  	97.433725 
3265.427403  	97.197536 
3265.784709  	97.127710 
3266.142016  	97.090880 
3266.499323  	97.030478 
3266.856630  	97.179550 
3267.213937  	97.191759 
3267.571244  	97.114095 
3267.928551  	97.169231 
3268.285857  	97.157063 
3268.643164  	97.268931 
3269.000471  	97.360874 
3269.357778  	97.267530 
3269.715085  	97.442028 
3270.072392  	97.544604 
3270.429699  	97.377661 
3270.787006  	97.298233 
3271.144312  	97.304338 
3271.501619  	97.427994 
3271.858926  	97.281368 
3272.216233  	97.053186 
3272.573540  	97.084138 
3272.930847  	96.964425 
3273.288154  	97.206525 
3273.645460  	97.540042 
3274.002767  	97.301259 
3274.360074  	97.246357 
3274.717381  	97.230215 
3275.074688  	97.023665 
3275.431995  	96.959080 
3275.789302  	97.018208 
3276.146608  	97.278575 
3276.503915  	97.297202 
3276.861222  	97.103511 
3277.218529  	97.302554 
3277.575836  	97.476519 
3277.933143  	97.308737 
3278.290450  	97.291332 
3278.647756  	97.213083 
3279.005063  	96.652284 
3279.362370  	96.734579 
3279.719677  	97.508171 
3280.076984  	97.478730 
3280.434291  	97.137714 
3280.791598  	96.966651 
3281.148904  	96.638887 
3281.506211  	96.745693 
3281.863518  	96.920323 
3282.220825  	96.750151 
3282.578132  	96.854458 
3282.935439  	96.936665 
3283.292746  	96.498494 
3283.650053  	96.285669 
3284.007359  	96.747488 
3284.364666  	96.980872 
3284.721973  	96.827564 
3285.079280  	96.974195 
3285.436587  	97.044666 
3285.793894  	96.741285 
3286.151201  	96.509909 
3286.508507  	96.537780 
3286.865814  	96.701681 
3287.223121  	96.782578 
3287.580428  	96.782911 
3287.937735  	96.752561 
3288.295042  	96.613880 
3288.652349  	96.697720 
3289.009655  	97.062362 
3289.366962  	97.029243 
3289.724269  	96.592339 
3290.081576  	96.273810 
3290.438883  	96.269857 
3290.796190  	96.767962 
3291.153497  	97.144734 
3291.510803  	96.866049 
3291.868110  	96.618736 
3292.225417  	96.506515 
3292.582724  	96.447378 
3292.940031  	96.553333 
3293.297338  	96.531687 
3293.654645  	96.588174 
3294.011951  	96.535204 
3294.369258  	96.204653 
3294.726565  	96.078824 
3295.083872  	96.029948 
3295.441179  	96.228205 
3295.798486  	96.572893 
3296.155793  	96.338881 
3296.513100  	96.009995 
3296.870406  	96.045722 
3297.227713  	96.175270 
3297.585020  	96.295669 
3297.942327  	96.235331 
3298.299634  	96.088875 
3298.656941  	96.158131 
3299.014248  	96.125211 
3299.371554  	95.724965 
3299.728861  	95.575481 
3300.086168  	95.717717 
3300.443475  	95.677662 
3300.800782  	95.847450 
3301.158089  	96.075801 
3301.515396  	96.031533 
3301.872702  	96.088385 
3302.230009  	95.994705 
3302.587316  	95.719165 
3302.944623  	95.679745 
3303.301930  	95.774482 
3303.659237  	95.845880 
3304.016544  	95.828100 
3304.373850  	95.699485 
3304.731157  	95.523935 
3305.088464  	95.492878 
3305.445771  	95.479085 
3305.803078  	95.264065 
3306.160385  	95.274978 
3306.517692  	95.522532 
3306.874998  	95.682306 
3307.232305  	95.721108 
3307.589612  	95.572677 
3307.946919  	95.476451 
3308.304226  	95.477388 
3308.661533  	95.413173 
3309.018840  	95.292817 
3309.376147  	95.090110 
3309.733453  	95.006337 
3310.090760  	95.047063 
3310.448067  	95.070486 
3310.805374  	95.106303 
3311.162681  	95.207902 
3311.519988  	95.256674 
3311.877295  	95.027450 
3312.234601  	95.044537 
3312.591908  	95.243971 
3312.949215  	94.793106 
3313.306522  	94.416141 
3313.663829  	94.470645 
3314.021136  	94.161014 
3314.378443  	94.064325 
3314.735749  	94.667836 
3315.093056  	94.981554 
3315.450363  	94.719364 
3315.807670  	94.556360 
3316.164977  	94.504320 
3316.522284  	94.402696 
3316.879591  	94.304879 
3317.236897  	94.122634 
3317.594204  	94.047915 
3317.951511  	94.018738 
3318.308818  	93.868001 
3318.666125  	93.918089 
3319.023432  	93.873526 
3319.380739  	93.528587 
3319.738045  	93.615423 
3320.095352  	93.919461 
3320.452659  	93.801458 
3320.809966  	93.760147 
3321.167273  	93.736509 
3321.524580  	93.324498 
3321.881887  	93.053260 
3322.239194  	93.048393 
3322.596500  	93.123439 
3322.953807  	93.209864 
3323.311114  	93.117602 
3323.668421  	93.026293 
3324.025728  	92.951563 
3324.383035  	92.845306 
3324.740342  	92.828572 
3325.097648  	92.827989 
3325.454955  	92.880878 
3325.812262  	92.842740 
3326.169569  	92.615423 
3326.526876  	92.458708 
3326.884183  	92.381043 
3327.241490  	92.232726 
3327.598796  	92.211566 
3327.956103  	92.538290 
3328.313410  	92.690241 
3328.670717  	92.366988 
3329.028024  	92.066001 
3329.385331  	91.949402 
3329.742638  	91.971162 
3330.099944  	92.039345 
3330.457251  	91.997284 
3330.814558  	91.887363 
3331.171865  	91.770530 
3331.529172  	91.568842 
3331.886479  	91.143050 
3332.243786  	91.095645 
3332.601092  	91.620240 
3332.958399  	91.658865 
3333.315706  	91.234140 
3333.673013  	91.030910 
3334.030320  	91.031788 
3334.387627  	91.155899 
3334.744934  	91.100039 
3335.102240  	90.836543 
3335.459547  	90.640578 
3335.816854  	90.437175 
3336.174161  	90.390474 
3336.531468  	90.546498 
3336.888775  	90.485662 
3337.246082  	90.247297 
3337.603389  	90.078324 
3337.960695  	89.907747 
3338.318002  	89.832863 
3338.675309  	89.906991 
3339.032616  	89.822619 
3339.389923  	89.505532 
3339.747230  	89.366723 
3340.104537  	89.510871 
3340.461843  	89.468996 
3340.819150  	89.213167 
3341.176457  	88.970518 
3341.533764  	88.713725 
3341.891071  	88.616604 
3342.248378  	88.608189 
3342.605685  	88.486891 
3342.962991  	88.310542 
3343.320298  	88.165592 
3343.677605  	88.123389 
3344.034912  	88.024737 
3344.392219  	87.974854 
3344.749526  	87.988159 
3345.106833  	87.760339 
3345.464139  	87.667649 
3345.821446  	87.782487 
3346.178753  	87.697256 
3346.536060  	87.532828 
3346.893367  	87.422081 
3347.250674  	87.403448 
3347.607981  	87.441696 
3347.965287  	87.263873 
3348.322594  	86.848507 
3348.679901  	86.697054 
3349.037208  	86.947189 
3349.394515  	86.987678 
3349.751822  	86.720016 
3350.109129  	86.526776 
3350.466436  	86.468918 
3350.823742  	86.544464 
3351.181049  	86.711106 
3351.538356  	86.706402 
3351.895663  	86.391558 
3352.252970  	86.109238 
3352.610277  	86.066432 
3352.967584  	86.120558 
3353.324890  	86.093426 
3353.682197  	85.843093 
3354.039504  	85.663733 
3354.396811  	85.700348 
3354.754118  	85.843186 
3355.111425  	85.982769 
3355.468732  	85.910096 
3355.826038  	86.061563 
3356.183345  	86.347266 
3356.540652  	86.185960 
3356.897959  	85.949847 
3357.255266  	85.744203 
3357.612573  	85.610316 
3357.969880  	85.740068 
3358.327186  	85.869520 
3358.684493  	85.983002 
3359.041800  	85.982040 
3359.399107  	85.864614 
3359.756414  	85.842081 
3360.113721  	85.729355 
3360.471028  	85.569048 
3360.828334  	85.675668 
3361.185641  	85.881080 
3361.542948  	85.760529 
3361.900255  	85.516137 
3362.257562  	85.482570 
3362.614869  	85.476895 
3362.972176  	85.513981 
3363.329483  	85.629324 
3363.686789  	85.622016 
3364.044096  	85.481249 
3364.401403  	85.368109 
3364.758710  	85.252022 
3365.116017  	85.000100 
3365.473324  	85.038312 
3365.830631  	85.433299 
3366.187937  	85.452908 
3366.545244  	85.098963 
3366.902551  	85.090622 
3367.259858  	85.556886 
3367.617165  	85.749221 
3367.974472  	85.489997 
3368.331779  	85.548643 
3368.689085  	85.832380 
3369.046392  	85.821461 
3369.403699  	85.714106 
3369.761006  	85.729301 
3370.118313  	85.811119 
3370.475620  	85.813473 
3370.832927  	85.783883 
3371.190233  	85.887039 
3371.547540  	85.909624 
3371.904847  	85.811942 
3372.262154  	85.923610 
3372.619461  	86.008322 
3372.976768  	85.799272 
3373.334075  	85.776986 
3373.691381  	86.114053 
3374.048688  	86.340150 
3374.405995  	86.266360 
3374.763302  	86.107091 
3375.120609  	85.982608 
3375.477916  	85.860764 
3375.835223  	85.634573 
3376.192530  	85.474010 
3376.549836  	85.840937 
3376.907143  	86.305645 
3377.264450  	86.419890 
3377.621757  	86.576919 
3377.979064  	86.386887 
3378.336371  	85.989682 
3378.693678  	86.249118 
3379.050984  	86.637385 
3379.408291  	86.770195 
3379.765598  	86.831787 
3380.122905  	86.764766 
3380.480212  	86.767720 
3380.837519  	86.811662 
3381.194826  	86.831466 
3381.552132  	86.910923 
3381.909439  	87.037628 
3382.266746  	87.209926 
3382.624053  	87.285503 
3382.981360  	87.254536 
3383.338667  	87.291488 
3383.695974  	87.448081 
3384.053280  	87.597735 
3384.410587  	87.639003 
3384.767894  	87.665961 
3385.125201  	87.970861 
3385.482508  	88.429830 
3385.839815  	88.444756 
3386.197122  	88.531305 
3386.554428  	89.021425 
3386.911735  	89.010370 
3387.269042  	88.808923 
3387.626349  	88.955394 
3387.983656  	89.140705 
3388.340963  	89.286193 
3388.698270  	89.406422 
3389.055577  	89.747140 
3389.412883  	90.025094 
3389.770190  	89.986769 
3390.127497  	90.088416 
3390.484804  	90.149503 
3390.842111  	90.213544 
3391.199418  	90.563475 
3391.556725  	90.824172 
3391.914031  	90.667343 
3392.271338  	90.349222 
3392.628645  	90.678876 
3392.985952  	91.345602 
3393.343259  	91.313552 
3393.700566  	90.968524 
3394.057873  	91.074109 
3394.415179  	91.535228 
3394.772486  	91.811595 
3395.129793  	91.823425 
3395.487100  	91.894959 
3395.844407  	92.045532 
3396.201714  	92.282816 
3396.559021  	92.549222 
3396.916327  	92.619170 
3397.273634  	92.400717 
3397.630941  	92.247498 
3397.988248  	92.416544 
3398.345555  	92.497907 
3398.702862  	92.607311 
3399.060169  	92.910402 
3399.417475  	92.984384 
3399.774782  	92.994042 
3400.132089  	93.189473 
3400.489396  	93.477526 
3400.846703  	93.634977 
3401.204010  	93.460345 
3401.561317  	93.321579 
3401.918624  	93.206060 
3402.275930  	92.899439 
3402.633237  	93.050620 
3402.990544  	93.568720 
3403.347851  	93.675961 
3403.705158  	93.879220 
3404.062465  	94.458855 
3404.419772  	94.554957 
3404.777078  	94.247956 
3405.134385  	94.200263 
3405.491692  	94.333140 
3405.848999  	94.289600 
3406.206306  	94.039953 
3406.563613  	93.857755 
3406.920920  	93.789578 
3407.278226  	93.755076 
3407.635533  	93.656833 
3407.992840  	93.544788 
3408.350147  	93.719028 
3408.707454  	93.895762 
3409.064761  	93.933136 
3409.422068  	94.194157 
3409.779374  	94.513572 
3410.136681  	94.642543 
3410.493988  	94.469206 
3410.851295  	94.200987 
3411.208602  	94.322565 
3411.565909  	94.648509 
3411.923216  	94.577676 
3412.280522  	94.061358 
3412.637829  	93.853474 
3412.995136  	94.054474 
3413.352443  	94.076940 
3413.709750  	94.155558 
3414.067057  	94.238913 
3414.424364  	94.216596 
3414.781671  	94.417252 
3415.138977  	94.377263 
3415.496284  	94.198966 
3415.853591  	94.216855 
3416.210898  	93.959867 
3416.568205  	93.815207 
3416.925512  	93.966055 
3417.282819  	93.850025 
3417.640125  	93.831604 
3417.997432  	94.019505 
3418.354739  	93.845746 
3418.712046  	93.589821 
3419.069353  	93.622207 
3419.426660  	93.627699 
3419.783967  	93.603298 
3420.141273  	93.795563 
3420.498580  	93.856050 
3420.855887  	93.481173 
3421.213194  	93.179676 
3421.570501  	93.309609 
3421.927808  	93.516818 
3422.285115  	93.532125 
3422.642421  	93.399984 
3422.999728  	93.354660 
3423.357035  	93.370375 
3423.714342  	93.198528 
3424.071649  	93.177428 
3424.428956  	93.248601 
3424.786263  	92.922869 
3425.143569  	92.731742 
3425.500876  	92.896543 
3425.858183  	92.965035 
3426.215490  	92.930817 
3426.572797  	92.763803 
3426.930104  	92.708525 
3427.287411  	92.870477 
3427.644717  	92.833132 
3428.002024  	92.832361 
3428.359331  	92.884873 
3428.716638  	92.733389 
3429.073945  	92.712014 
3429.431252  	92.623239 
3429.788559  	92.564321 
3430.145866  	92.880119 
3430.503172  	92.850689 
3430.860479  	92.747382 
3431.217786  	92.918133 
3431.575093  	92.348195 
3431.932400  	91.781859 
3432.289707  	92.068734 
3432.647014  	92.261740 
3433.004320  	92.389559 
3433.361627  	92.610135 
3433.718934  	92.525791 
3434.076241  	92.418810 
3434.433548  	92.366953 
3434.790855  	92.311729 
3435.148162  	92.312207 
3435.505468  	92.360248 
3435.862775  	92.349460 
3436.220082  	92.114634 
3436.577389  	92.033769 
3436.934696  	92.092636 
3437.292003  	92.059556 
3437.649310  	92.253146 
3438.006616  	92.359723 
3438.363923  	92.201160 
3438.721230  	92.090809 
3439.078537  	91.958382 
3439.435844  	91.911083 
3439.793151  	92.054662 
3440.150458  	92.251158 
3440.507764  	92.242486 
3440.865071  	92.012151 
3441.222378  	91.987900 
3441.579685  	92.090604 
3441.936992  	91.944612 
3442.294299  	91.672984 
3442.651606  	91.722984 
3443.008913  	91.991010 
3443.366219  	91.972088 
3443.723526  	92.140488 
3444.080833  	92.624578 
3444.438140  	92.548294 
3444.795447  	92.003695 
3445.152754  	91.717757 
3445.510061  	91.741391 
3445.867367  	91.680246 
3446.224674  	91.616775 
3446.581981  	91.744023 
3446.939288  	91.849809 
3447.296595  	92.132770 
3447.653902  	92.327792 
3448.011209  	91.982745 
3448.368515  	91.787896 
3448.725822  	91.904682 
3449.083129  	92.014134 
3449.440436  	92.060238 
3449.797743  	92.010110 
3450.155050  	91.939994 
3450.512357  	91.991307 
3450.869663  	92.183620 
3451.226970  	92.062641 
3451.584277  	91.686500 
3451.941584  	91.735813 
3452.298891  	91.894840 
3452.656198  	91.797364 
3453.013505  	91.752231 
3453.370811  	91.868548 
3453.728118  	91.965822 
3454.085425  	91.810555 
3454.442732  	91.700633 
3454.800039  	91.860904 
3455.157346  	91.999516 
3455.514653  	92.127472 
3455.871960  	92.275985 
3456.229266  	92.337156 
3456.586573  	92.271656 
3456.943880  	92.095333 
3457.301187  	91.968228 
3457.658494  	91.918507 
3458.015801  	91.942057 
3458.373108  	92.151087 
3458.730414  	92.345038 
3459.087721  	92.053952 
3459.445028  	91.596464 
3459.802335  	91.642017 
3460.159642  	91.808718 
3460.516949  	91.784926 
3460.874256  	91.796900 
3461.231562  	91.867357 
3461.588869  	92.179984 
3461.946176  	92.433321 
3462.303483  	92.305566 
3462.660790  	92.165660 
3463.018097  	92.022725 
3463.375404  	91.994914 
3463.732710  	92.113928 
3464.090017  	91.936630 
3464.447324  	91.708513 
3464.804631  	91.857408 
3465.161938  	92.263638 
3465.519245  	92.421567 
3465.876552  	92.200887 
3466.233858  	92.262342 
3466.591165  	92.479208 
3466.948472  	92.347214 
3467.305779  	92.247942 
3467.663086  	92.243645 
3468.020393  	92.341664 
3468.377700  	92.667973 
3468.735007  	92.766299 
3469.092313  	92.765770 
3469.449620  	93.034651 
3469.806927  	93.158228 
3470.164234  	92.928274 
3470.521541  	92.664190 
3470.878848  	92.684476 
3471.236155  	92.793728 
3471.593461  	92.708771 
3471.950768  	92.855062 
3472.308075  	93.028022 
3472.665382  	92.602056 
3473.022689  	92.380189 
3473.379996  	92.692581 
3473.737303  	92.850936 
3474.094609  	93.215292 
3474.451916  	93.569539 
3474.809223  	93.280149 
3475.166530  	93.345747 
3475.523837  	93.818285 
3475.881144  	93.684010 
3476.238451  	93.354570 
3476.595757  	93.497797 
3476.953064  	93.873651 
3477.310371  	93.821523 
3477.667678  	93.678865 
3478.024985  	94.061246 
3478.382292  	94.207222 
3478.739599  	94.014571 
3479.096905  	94.253100 
3479.454212  	94.680361 
3479.811519  	94.669568 
3480.168826  	94.427027 
3480.526133  	94.744703 
3480.883440  	95.073317 
3481.240747  	94.736013 
3481.598054  	94.632874 
3481.955360  	94.920875 
3482.312667  	95.239800 
3482.669974  	95.392885 
3483.027281  	95.261083 
3483.384588  	95.397659 
3483.741895  	95.599098 
3484.099202  	95.624891 
3484.456508  	95.558769 
3484.813815  	95.285244 
3485.171122  	95.474497 
3485.528429  	95.907480 
3485.885736  	95.943639 
3486.243043  	96.316714 
3486.600350  	96.756747 
3486.957656  	96.373946 
3487.314963  	95.932646 
3487.672270  	96.205550 
3488.029577  	96.496959 
3488.386884  	96.275689 
3488.744191  	96.214291 
3489.101498  	96.539061 
3489.458804  	96.727055 
3489.816111  	96.731977 
3490.173418  	96.907350 
3490.530725  	97.201534 
3490.888032  	97.164277 
3491.245339  	97.004594 
3491.602646  	97.203785 
3491.959952  	97.408220 
3492.317259  	97.451168 
3492.674566  	97.603085 
3493.031873  	97.559030 
3493.389180  	97.528672 
3493.746487  	97.795592 
3494.103794  	97.624807 
3494.461101  	97.440453 
3494.818407  	97.664059 
3495.175714  	97.549009 
3495.533021  	97.608310 
3495.890328  	97.821381 
3496.247635  	97.680686 
3496.604942  	97.887371 
3496.962249  	97.995917 
3497.319555  	97.625025 
3497.676862  	97.541663 
3498.034169  	97.863945 
3498.391476  	98.195826 
3498.748783  	98.211744 
3499.106090  	98.304300 
3499.463397  	98.457705 
3499.820703  	98.280403 
3500.178010  	98.479134 
3500.535317  	98.946347 
3500.892624  	98.781059 
3501.249931  	98.262363 
3501.607238  	97.998103 
3501.964545  	97.976262 
3502.321851  	98.105521 
3502.679158  	98.366047 
3503.036465  	98.478922 
3503.393772  	98.523201 
3503.751079  	98.436451 
3504.108386  	98.101384 
3504.465693  	98.045265 
3504.822999  	98.053954 
3505.180306  	98.173681 
3505.537613  	98.685051 
3505.894920  	98.917526 
3506.252227  	98.935899 
3506.609534  	98.912409 
3506.966841  	98.724305 
3507.324147  	98.610052 
3507.681454  	98.456663 
3508.038761  	98.549631 
3508.396068  	98.873371 
3508.753375  	98.729780 
3509.110682  	98.472202 
3509.467989  	98.746977 
3509.825296  	99.167849 
3510.182602  	99.144732 
3510.539909  	98.985824 
3510.897216  	99.005179 
3511.254523  	98.976312 
3511.611830  	98.784546 
3511.969137  	98.476668 
3512.326444  	98.522284 
3512.683750  	98.924055 
3513.041057  	98.958530 
3513.398364  	98.676969 
3513.755671  	98.401002 
3514.112978  	98.240450 
3514.470285  	98.380754 
3514.827592  	98.772644 
3515.184898  	99.191207 
3515.542205  	99.366809 
3515.899512  	99.286494 
3516.256819  	99.032780 
3516.614126  	98.857972 
3516.971433  	99.096894 
3517.328740  	99.315706 
3517.686046  	99.203276 
3518.043353  	99.092588 
3518.400660  	99.157466 
3518.757967  	99.262245 
3519.115274  	99.138763 
3519.472581  	98.968932 
3519.829888  	99.025750 
3520.187194  	99.149585 
3520.544501  	99.180606 
3520.901808  	99.007934 
3521.259115  	98.879579 
3521.616422  	98.915370 
3521.973729  	98.886534 
3522.331036  	99.052432 
3522.688343  	99.284580 
3523.045649  	99.150594 
3523.402956  	98.924384 
3523.760263  	98.871035 
3524.117570  	99.224393 
3524.474877  	99.556697 
3524.832184  	99.219021 
3525.189491  	99.036679 
3525.546797  	99.324025 
3525.904104  	99.508733 
3526.261411  	99.713692 
3526.618718  	99.652178 
3526.976025  	99.363753 
3527.333332  	99.358854 
3527.690639  	99.371817 
3528.047945  	99.513598 
3528.405252  	99.713887 
3528.762559  	99.481294 
3529.119866  	99.184630 
3529.477173  	99.066833 
3529.834480  	99.092507 
3530.191787  	99.320584 
3530.549093  	99.460094 
3530.906400  	99.420306 
3531.263707  	99.462760 
3531.621014  	99.552818 
3531.978321  	99.525503 
3532.335628  	99.423894 
3532.692935  	99.128791 
3533.050241  	98.981705 
3533.407548  	99.257933 
3533.764855  	99.189200 
3534.122162  	98.978459 
3534.479469  	99.366835 
3534.836776  	99.675662 
3535.194083  	99.331405 
3535.551390  	98.877444 
3535.908696  	98.883392 
3536.266003  	99.096843 
3536.623310  	99.483129 
3536.980617  	99.949109 
3537.337924  	99.625897 
3537.695231  	99.357555 
3538.052538  	99.657299 
3538.409844  	99.484963 
3538.767151  	99.237346 
3539.124458  	99.275713 
3539.481765  	99.109738 
3539.839072  	99.117280 
3540.196379  	99.366353 
3540.553686  	99.451230 
3540.910992  	99.453804 
3541.268299  	99.453574 
3541.625606  	99.289416 
3541.982913  	99.255201 
3542.340220  	99.465373 
3542.697527  	99.491317 
3543.054834  	99.607892 
3543.412140  	99.637910 
3543.769447  	99.061008 
3544.126754  	98.801565 
3544.484061  	99.177024 
3544.841368  	99.362370 
3545.198675  	99.333277 
3545.555982  	99.484568 
3545.913288  	99.609009 
3546.270595  	99.636047 
3546.627902  	99.686004 
3546.985209  	99.652293 
3547.342516  	99.749677 
3547.699823  	99.609248 
3548.057130  	99.351911 
3548.414437  	99.761466 
3548.771743  	99.778387 
3549.129050  	99.296788 
3549.486357  	99.405721 
3549.843664  	99.343033 
3550.200971  	99.189255 
3550.558278  	99.444595 
3550.915585  	99.591889 
3551.272891  	99.723907 
3551.630198  	99.655629 
3551.987505  	99.358651 
3552.344812  	99.202394 
3552.702119  	99.171207 
3553.059426  	99.572957 
3553.416733  	100.061071 
3553.774039  	100.174271 
3554.131346  	100.014931 
3554.488653  	99.544797 
3554.845960  	99.260664 
3555.203267  	99.362101 
3555.560574  	99.345170 
3555.917881  	99.445520 
3556.275187  	99.845095 
3556.632494  	99.882534 
3556.989801  	99.628360 
3557.347108  	99.693917 
3557.704415  	100.004308 
3558.061722  	100.158333 
3558.419029  	99.945295 
3558.776335  	99.724939 
3559.133642  	99.609043 
3559.490949  	99.464233 
3559.848256  	99.814521 
3560.205563  	100.240079 
3560.562870  	100.053326 
3560.920177  	99.716845 
3561.277484  	99.367175 
3561.634790  	99.197285 
3561.992097  	99.264388 
3562.349404  	99.343774 
3562.706711  	99.564084 
3563.064018  	99.701139 
3563.421325  	99.840487 
3563.778632  	100.014897 
3564.135938  	99.913915 
3564.493245  	99.861129 
3564.850552  	99.881493 
3565.207859  	100.064497 
3565.565166  	100.185805 
3565.922473  	99.975588 
3566.279780  	100.212401 
3566.637086  	100.122117 
3566.994393  	99.772032 
3567.351700  	100.220414 
3567.709007  	100.148597 
3568.066314  	99.650239 
3568.423621  	99.327429 
3568.780928  	99.241358 
3569.138234  	99.460617 
3569.495541  	99.426066 
3569.852848  	99.648187 
3570.210155  	99.941442 
3570.567462  	99.694205 
3570.924769  	99.593609 
3571.282076  	99.542132 
3571.639382  	99.582029 
3571.996689  	99.800053 
3572.353996  	99.438035 
3572.711303  	99.281108 
3573.068610  	99.678630 
3573.425917  	99.611707 
3573.783224  	99.399915 
3574.140531  	99.546584 
3574.497837  	99.627092 
3574.855144  	99.354592 
3575.212451  	99.048237 
3575.569758  	99.035008 
3575.927065  	99.078965 
3576.284372  	99.151085 
3576.641679  	99.179760 
3576.998985  	98.969841 
3577.356292  	99.163526 
3577.713599  	99.659049 
3578.070906  	99.476187 
3578.428213  	99.203204 
3578.785520  	99.410923 
3579.142827  	99.625577 
3579.500133  	99.756244 
3579.857440  	99.775852 
3580.214747  	99.764445 
3580.572054  	99.808625 
3580.929361  	99.637328 
3581.286668  	99.445401 
3581.643975  	99.267600 
3582.001281  	99.119760 
3582.358588  	99.222348 
3582.715895  	99.304058 
3583.073202  	99.263214 
3583.430509  	99.309658 
3583.787816  	99.659099 
3584.145123  	99.945423 
3584.502429  	99.772431 
3584.859736  	99.762080 
3585.217043  	99.755301 
3585.574350  	99.574414 
3585.931657  	99.816756 
3586.288964  	99.762486 
3586.646271  	99.200451 
3587.003577  	99.256686 
3587.360884  	99.675157 
3587.718191  	99.889053 
3588.075498  	99.971229 
3588.432805  	99.844325 
3588.790112  	99.681904 
3589.147419  	99.562142 
3589.504726  	99.572500 
3589.862032  	99.772630 
3590.219339  	99.632514 
3590.576646  	99.419235 
3590.933953  	99.654885 
3591.291260  	99.810423 
3591.648567  	99.842264 
3592.005874  	99.800103 
3592.363180  	99.477671 
3592.720487  	99.508899 
3593.077794  	99.621169 
3593.435101  	99.595351 
3593.792408  	99.888144 
3594.149715  	99.801706 
3594.507022  	99.545065 
3594.864328  	99.521263 
3595.221635  	99.479327 
3595.578942  	99.483394 
3595.936249  	99.365561 
3596.293556  	99.361701 
3596.650863  	99.459356 
3597.008170  	99.571013 
3597.365476  	100.004037 
3597.722783  	100.127923 
3598.080090  	99.695948 
3598.437397  	99.501674 
3598.794704  	99.620460 
3599.152011  	99.612574 
3599.509318  	99.611867 
3599.866624  	99.677672 
3600.223931  	99.580262 
3600.581238  	99.324117 
3600.938545  	98.940683 
3601.295852  	98.994873 
3601.653159  	99.559107 
3602.010466  	99.528943 
3602.367773  	99.149955 
3602.725079  	98.983470 
3603.082386  	99.055808 
3603.439693  	99.369333 
3603.797000  	99.447354 
3604.154307  	99.440195 
3604.511614  	99.353808 
3604.868921  	99.009250 
3605.226227  	99.171094 
3605.583534  	99.550009 
3605.940841  	99.365362 
3606.298148  	99.173602 
3606.655455  	99.413884 
3607.012762  	99.499208 
3607.370069  	99.109532 
3607.727375  	98.980683 
3608.084682  	99.244535 
3608.441989  	99.434418 
3608.799296  	99.447799 
3609.156603  	99.480429 
3609.513910  	99.564043 
3609.871217  	99.351866 
3610.228523  	99.425691 
3610.585830  	99.519787 
3610.943137  	99.226888 
3611.300444  	99.028695 
3611.657751  	99.065405 
3612.015058  	99.606417 
3612.372365  	100.383258 
3612.729671  	100.114247 
3613.086978  	99.383112 
3613.444285  	99.190159 
3613.801592  	99.240559 
3614.158899  	99.467792 
3614.516206  	100.033688 
3614.873513  	100.377223 
3615.230820  	99.595986 
3615.588126  	98.970181 
3615.945433  	99.277919 
3616.302740  	99.823307 
3616.660047  	100.269306 
3617.017354  	99.912196 
3617.374661  	99.200155 
3617.731968  	99.216906 
3618.089274  	99.231236 
3618.446581  	99.067330 
3618.803888  	99.113312 
3619.161195  	99.308321 
3619.518502  	99.634562 
3619.875809  	99.578117 
3620.233116  	99.676437 
3620.590422  	100.046717 
3620.947729  	99.776639 
3621.305036  	99.413308 
3621.662343  	99.605573 
3622.019650  	99.968059 
3622.376957  	99.894143 
3622.734264  	99.689641 
3623.091570  	99.632685 
3623.448877  	99.670923 
3623.806184  	99.882707 
3624.163491  	99.898430 
3624.520798  	99.697912 
3624.878105  	99.719646 
3625.235412  	99.637561 
3625.592718  	99.362165 
3625.950025  	99.325258 
3626.307332  	99.493301 
3626.664639  	99.695822 
3627.021946  	99.903844 
3627.379253  	100.004490 
3627.736560  	100.009943 
3628.093867  	100.007239 
3628.451173  	99.684761 
3628.808480  	99.062192 
3629.165787  	99.267425 
3629.523094  	99.702427 
3629.880401  	99.797144 
3630.237708  	99.652645 
3630.595015  	99.398220 
3630.952321  	99.208712 
3631.309628  	99.145952 
3631.666935  	99.351061 
3632.024242  	99.474970 
3632.381549  	99.192872 
3632.738856  	99.065350 
3633.096163  	99.356777 
3633.453469  	99.498898 
3633.810776  	99.353312 
3634.168083  	99.456621 
3634.525390  	99.729696 
3634.882697  	99.729746 
3635.240004  	99.712274 
3635.597311  	99.837076 
3635.954617  	99.924100 
3636.311924  	99.716746 
3636.669231  	99.446037 
3637.026538  	99.687357 
3637.383845  	99.945688 
3637.741152  	99.667996 
3638.098459  	99.630860 
3638.455765  	99.993564 
3638.813072  	99.902848 
3639.170379  	99.538641 
3639.527686  	99.346506 
3639.884993  	98.980514 
3640.242300  	98.944306 
3640.599607  	99.644740 
3640.956914  	99.789978 
3641.314220  	99.332611 
3641.671527  	99.405833 
3642.028834  	99.542077 
3642.386141  	99.595983 
3642.743448  	100.155523 
3643.100755  	100.255982 
3643.458062  	99.621247 
3643.815368  	99.478029 
3644.172675  	99.741575 
3644.529982  	99.744858 
3644.887289  	99.613563 
3645.244596  	99.379158 
3645.601903  	99.055769 
3645.959210  	98.965452 
3646.316516  	99.212983 
3646.673823  	99.559312 
3647.031130  	99.752038 
3647.388437  	99.800038 
3647.745744  	100.077731 
3648.103051  	100.548795 
3648.460358  	100.385847 
3648.817664  	100.103468 
3649.174971  	100.156964 
3649.532278  	100.131709 
3649.889585  	100.385829 
3650.246892  	100.180468 
3650.604199  	99.880237 
3650.961506  	100.528216 
3651.318812  	100.322216 
3651.676119  	99.322176 
3652.033426  	99.180610 
3652.390733  	99.158764 
3652.748040  	99.196810 
3653.105347  	99.038109 
3653.462654  	98.841855 
3653.819961  	99.429601 
3654.177267  	100.163233 
3654.534574  	100.036742 
3654.891881  	99.509587 
3655.249188  	99.685872 
3655.606495  	100.237117 
3655.963802  	100.433638 
3656.321109  	100.655535 
3656.678415  	100.275260 
3657.035722  	99.543837 
3657.393029  	99.607715 
3657.750336  	99.686088 
3658.107643  	99.696014 
3658.464950  	99.679086 
3658.822257  	99.582281 
3659.179563  	99.682479 
3659.536870  	99.857847 
3659.894177  	99.887633 
3660.251484  	99.917420 
3660.608791  	100.021627 
3660.966098  	99.808411 
3661.323405  	99.554984 
3661.680711  	99.659875 
3662.038018  	99.529484 
3662.395325  	99.401085 
3662.752632  	99.706163 
3663.109939  	99.841543 
3663.467246  	99.848230 
3663.824553  	99.955151 
3664.181859  	99.783389 
3664.539166  	99.482556 
3664.896473  	99.573593 
3665.253780  	99.883162 
3665.611087  	99.853166 
3665.968394  	99.547822 
3666.325701  	99.609575 
3666.683008  	99.954140 
3667.040314  	99.914133 
3667.397621  	99.842097 
3667.754928  	99.859220 
3668.112235  	99.482942 
3668.469542  	99.315881 
3668.826849  	99.215158 
3669.184156  	98.640375 
3669.541462  	98.814763 
3669.898769  	99.364366 
3670.256076  	99.683006 
3670.613383  	100.228942 
3670.970690  	100.000690 
3671.327997  	98.845184 
3671.685304  	98.926625 
3672.042610  	99.734728 
3672.399917  	99.975221 
3672.757224  	99.794382 
3673.114531  	99.663637 
3673.471838  	99.716732 
3673.829145  	99.861277 
3674.186452  	100.012942 
3674.543758  	100.089479 
3674.901065  	99.920721 
3675.258372  	100.506153 
3675.615679  	100.809749 
3675.972986  	99.087183 
3676.330293  	99.174982 
3676.687600  	100.211865 
3677.044906  	100.021792 
3677.402213  	100.011551 
3677.759520  	100.259567 
3678.116827  	100.122999 
3678.474134  	99.648410 
3678.831441  	99.382466 
3679.188748  	99.571449 
3679.546054  	99.703253 
3679.903361  	99.762871 
3680.260668  	99.898962 
3680.617975  	99.792822 
3680.975282  	99.621444 
3681.332589  	99.616898 
3681.689896  	99.581095 
3682.047203  	99.410863 
3682.404509  	99.574438 
3682.761816  	99.775241 
3683.119123  	99.528753 
3683.476430  	99.581205 
3683.833737  	99.967189 
3684.191044  	100.053625 
3684.548351  	99.941152 
3684.905657  	99.876970 
3685.262964  	99.932844 
3685.620271  	99.861289 
3685.977578  	99.586622 
3686.334885  	99.273520 
3686.692192  	99.174551 
3687.049499  	99.669088 
3687.406805  	100.270816 
3687.764112  	100.285042 
3688.121419  	100.144134 
3688.478726  	99.968225 
3688.836033  	99.427365 
3689.193340  	99.432033 
3689.550647  	99.858732 
3689.907953  	99.648377 
3690.265260  	99.337926 
3690.622567  	99.626594 
3690.979874  	100.088970 
3691.337181  	100.285666 
3691.694488  	100.599551 
3692.051795  	100.711663 
3692.409101  	100.515519 
3692.766408  	100.303739 
3693.123715  	99.901682 
3693.481022  	99.780266 
3693.838329  	99.934578 
3694.195636  	99.434742 
3694.552943  	99.187174 
3694.910250  	99.611184 
3695.267556  	99.742514 
3695.624863  	99.937978 
3695.982170  	99.984158 
3696.339477  	99.745036 
3696.696784  	99.979315 
3697.054091  	100.153659 
3697.411398  	99.883041 
3697.768704  	99.542758 
3698.126011  	99.586637 
3698.483318  	99.852998 
3698.840625  	99.835963 
3699.197932  	100.035520 
3699.555239  	99.966931 
3699.912546  	99.433615 
3700.269852  	99.706113 
3700.627159  	100.055947 
3700.984466  	99.639127 
3701.341773  	99.376021 
3701.699080  	99.498757 
3702.056387  	99.501268 
3702.413694  	99.423842 
3702.771000  	99.417615 
3703.128307  	99.357767 
3703.485614  	99.406730 
3703.842921  	99.411102 
3704.200228  	99.419809 
3704.557535  	99.822972 
3704.914842  	99.994385 
3705.272148  	100.058241 
3705.629455  	100.310198 
3705.986762  	99.926185 
3706.344069  	99.557830 
3706.701376  	99.661521 
3707.058683  	99.636382 
3707.415990  	99.628820 
3707.773297  	99.699416 
3708.130603  	99.803571 
3708.487910  	99.757116 
3708.845217  	99.446884 
3709.202524  	99.377478 
3709.559831  	99.627028 
3709.917138  	99.679599 
3710.274445  	99.453158 
3710.631751  	99.517304 
3710.989058  	99.651424 
3711.346365  	99.623663 
3711.703672  	100.117875 
3712.060979  	100.481552 
3712.418286  	100.144355 
3712.775593  	100.065726 
3713.132899  	99.871289 
3713.490206  	99.904710 
3713.847513  	100.033850 
3714.204820  	99.766788 
3714.562127  	99.741002 
3714.919434  	100.059482 
3715.276741  	99.873835 
3715.634047  	99.497233 
3715.991354  	99.561213 
3716.348661  	99.674493 
3716.705968  	99.844755 
3717.063275  	100.197755 
3717.420582  	100.185813 
3717.777889  	99.962875 
3718.135195  	100.011457 
3718.492502  	100.057692 
3718.849809  	99.780024 
3719.207116  	99.424710 
3719.564423  	99.423249 
3719.921730  	99.630453 
3720.279037  	99.768527 
3720.636344  	99.796982 
3720.993650  	99.732457 
3721.350957  	99.904584 
3721.708264  	100.199936 
3722.065571  	100.075848 
3722.422878  	99.810636 
3722.780185  	100.164319 
3723.137492  	100.593183 
3723.494798  	100.197990 
3723.852105  	99.680253 
3724.209412  	99.795771 
3724.566719  	100.050264 
3724.924026  	99.992672 
3725.281333  	99.918638 
3725.638640  	99.961702 
3725.995946  	100.127400 
3726.353253  	100.264452 
3726.710560  	99.987869 
3727.067867  	99.733124 
3727.425174  	99.706819 
3727.782481  	99.463441 
3728.139788  	99.485864 
3728.497094  	99.677207 
3728.854401  	99.557507 
3729.211708  	99.552992 
3729.569015  	99.779457 
3729.926322  	100.034350 
3730.283629  	100.218085 
3730.640936  	100.176038 
3730.998242  	100.013179 
3731.355549  	99.836720 
3731.712856  	99.838236 
3732.070163  	100.117280 
3732.427470  	100.387858 
3732.784777  	100.269344 
3733.142084  	99.751810 
3733.499391  	99.638623 
3733.856697  	99.988258 
3734.214004  	100.269298 
3734.571311  	99.967372 
3734.928618  	99.541281 
3735.285925  	100.525834 
3735.643232  	101.785465 
3736.000539  	101.567335 
3736.357845  	100.958943 
3736.715152  	100.523189 
3737.072459  	100.091909 
3737.429766  	99.607955 
3737.787073  	99.445192 
3738.144380  	99.666507 
3738.501687  	100.013981 
3738.858993  	100.314236 
3739.216300  	100.180066 
3739.573607  	99.889123 
3739.930914  	99.890209 
3740.288221  	99.723234 
3740.645528  	99.356769 
3741.002835  	99.412690 
3741.360141  	99.595319 
3741.717448  	99.942018 
3742.074755  	100.431855 
3742.432062  	100.146458 
3742.789369  	99.725162 
3743.146676  	99.604147 
3743.503983  	99.441360 
3743.861289  	99.711202 
3744.218596  	100.161965 
3744.575903  	100.502711 
3744.933210  	100.196974 
3745.290517  	98.753004 
3745.647824  	99.225706 
3746.005131  	99.665026 
3746.362438  	99.470988 
3746.719744  	99.491005 
3747.077051  	99.351898 
3747.434358  	99.373809 
3747.791665  	99.710360 
3748.148972  	99.441286 
3748.506279  	98.959790 
3748.863586  	99.267609 
3749.220892  	100.031820 
3749.578199  	100.021963 
3749.935506  	99.690883 
3750.292813  	99.517241 
3750.650120  	99.250833 
3751.007427  	99.446011 
3751.364734  	99.700287 
3751.722040  	100.077930 
3752.079347  	100.761024 
3752.436654  	100.464362 
3752.793961  	99.757703 
3753.151268  	99.492071 
3753.508575  	99.539044 
3753.865882  	99.985896 
3754.223188  	100.401090 
3754.580495  	100.337872 
3754.937802  	99.876807 
3755.295109  	99.822496 
3755.652416  	100.105003 
3756.009723  	100.004992 
3756.367030  	100.057557 
3756.724336  	100.389337 
3757.081643  	100.330194 
3757.438950  	99.972297 
3757.796257  	99.667488 
3758.153564  	99.698538 
3758.510871  	99.708909 
3758.868178  	99.425392 
3759.225484  	99.598756 
3759.582791  	100.078047 
3759.940098  	100.016179 
3760.297405  	100.063985 
3760.654712  	100.267154 
3761.012019  	100.030449 
3761.369326  	99.620952 
3761.726633  	99.428640 
3762.083939  	99.704867 
3762.441246  	99.880665 
3762.798553  	99.710729 
3763.155860  	99.866966 
3763.513167  	99.870041 
3763.870474  	99.686209 
3764.227781  	100.065827 
3764.585087  	100.378503 
3764.942394  	100.347462 
3765.299701  	100.158309 
3765.657008  	99.655779 
3766.014315  	99.584739 
3766.371622  	99.909310 
3766.728929  	99.934696 
3767.086235  	99.956270 
3767.443542  	99.856655 
3767.800849  	99.492929 
3768.158156  	99.268218 
3768.515463  	99.292323 
3768.872770  	99.543227 
3769.230077  	99.950649 
3769.587383  	100.151457 
3769.944690  	100.385708 
3770.301997  	100.659326 
3770.659304  	100.186282 
3771.016611  	99.765563 
3771.373918  	99.782587 
3771.731225  	99.753214 
3772.088531  	99.660197 
3772.445838  	99.529264 
3772.803145  	99.451856 
3773.160452  	99.664257 
3773.517759  	100.077608 
3773.875066  	100.283197 
3774.232373  	100.138267 
3774.589680  	99.857508 
3774.946986  	99.476903 
3775.304293  	99.373227 
3775.661600  	99.825579 
3776.018907  	100.042870 
3776.376214  	99.656281 
3776.733521  	99.292445 
3777.090828  	99.430646 
3777.448134  	99.900648 
3777.805441  	100.157937 
3778.162748  	100.181735 
3778.520055  	100.087008 
3778.877362  	99.830744 
3779.234669  	99.744952 
3779.591976  	99.719235 
3779.949282  	99.659742 
3780.306589  	99.918290 
3780.663896  	100.047615 
3781.021203  	100.009993 
3781.378510  	99.952848 
3781.735817  	99.862595 
3782.093124  	99.782551 
3782.450430  	99.651255 
3782.807737  	99.724344 
3783.165044  	100.002203 
3783.522351  	100.116147 
3783.879658  	100.070475 
3784.236965  	99.931169 
3784.594272  	99.910429 
3784.951578  	99.906060 
3785.308885  	99.768967 
3785.666192  	99.876288 
3786.023499  	99.874276 
3786.380806  	99.716830 
3786.738113  	99.737648 
3787.095420  	99.487893 
3787.452727  	99.199541 
3787.810033  	99.551599 
3788.167340  	99.998342 
3788.524647  	100.000706 
3788.881954  	99.995170 
3789.239261  	100.045062 
3789.596568  	100.050078 
3789.953875  	100.166948 
3790.311181  	100.077278 
3790.668488  	99.914939 
3791.025795  	99.852175 
3791.383102  	99.760072 
3791.740409  	99.905033 
3792.097716  	99.889589 
3792.455023  	99.738969 
3792.812329  	99.810885 
3793.169636  	99.685146 
3793.526943  	99.603361 
3793.884250  	99.590579 
3794.241557  	99.620993 
3794.598864  	99.931285 
3794.956171  	99.922757 
3795.313477  	99.761959 
3795.670784  	99.788157 
3796.028091  	99.838909 
3796.385398  	100.058541 
3796.742705  	100.062518 
3797.100012  	100.066630 
3797.457319  	100.106800 
3797.814625  	99.791528 
3798.171932  	99.849572 
3798.529239  	100.127729 
3798.886546  	100.133014 
3799.243853  	100.276319 
3799.601160  	100.245580 
3799.958467  	99.870608 
3800.315774  	99.887835 
3800.673080  	100.151173 
3801.030387  	100.164050 
3801.387694  	99.907441 
3801.745001  	99.247383 
3802.102308  	99.407272 
3802.459615  	99.979903 
3802.816922  	99.784132 
3803.174228  	99.572319 
3803.531535  	99.437615 
3803.888842  	99.274717 
3804.246149  	99.325378 
3804.603456  	99.494284 
3804.960763  	99.807570 
3805.318070  	99.954444 
3805.675376  	99.810096 
3806.032683  	99.670877 
3806.389990  	99.498416 
3806.747297  	99.636310 
3807.104604  	99.887106 
3807.461911  	99.497336 
3807.819218  	99.435752 
3808.176524  	99.794615 
3808.533831  	99.866049 
3808.891138  	99.522540 
3809.248445  	99.267186 
3809.605752  	99.549963 
3809.963059  	99.711286 
3810.320366  	99.527412 
3810.677672  	99.533126 
3811.034979  	99.606465 
3811.392286  	99.643041 
3811.749593  	99.742847 
3812.106900  	99.812452 
3812.464207  	99.636321 
3812.821514  	99.175482 
3813.178821  	99.237904 
3813.536127  	99.813017 
3813.893434  	99.853682 
3814.250741  	99.618943 
3814.608048  	99.663596 
3814.965355  	99.856848 
3815.322662  	99.799657 
3815.679969  	99.262123 
3816.037275  	99.348178 
3816.394582  	100.261454 
3816.751889  	100.489015 
3817.109196  	100.094543 
3817.466503  	99.770427 
3817.823810  	100.068289 
3818.181117  	100.124404 
3818.538423  	99.518982 
3818.895730  	99.577346 
3819.253037  	99.978413 
3819.610344  	100.076798 
3819.967651  	100.204541 
3820.324958  	99.861182 
3820.682265  	99.405151 
3821.039571  	99.740445 
3821.396878  	100.458290 
3821.754185  	100.841079 
3822.111492  	100.377748 
3822.468799  	99.934515 
3822.826106  	100.051451 
3823.183413  	99.936011 
3823.540719  	99.637279 
3823.898026  	99.650850 
3824.255333  	99.543961 
3824.612640  	99.365859 
3824.969947  	99.500792 
3825.327254  	99.638757 
3825.684561  	99.812283 
3826.041868  	99.718744 
3826.399174  	99.419074 
3826.756481  	99.828845 
3827.113788  	100.252154 
3827.471095  	100.103856 
3827.828402  	99.773972 
3828.185709  	99.479482 
3828.543016  	99.614970 
3828.900322  	99.627534 
3829.257629  	99.359524 
3829.614936  	99.542412 
3829.972243  	99.634606 
3830.329550  	99.391904 
3830.686857  	99.507787 
3831.044164  	99.741711 
3831.401470  	99.555376 
3831.758777  	99.454425 
3832.116084  	99.942748 
3832.473391  	100.074245 
3832.830698  	99.593375 
3833.188005  	99.530312 
3833.545312  	99.665649 
3833.902618  	99.352434 
3834.259925  	99.182222 
3834.617232  	99.578010 
3834.974539  	99.720972 
3835.331846  	99.310393 
3835.689153  	99.183464 
3836.046460  	99.772242 
3836.403766  	100.045634 
3836.761073  	99.777622 
3837.118380  	99.882141 
3837.475687  	100.024897 
3837.832994  	99.733785 
3838.190301  	100.114789 
3838.547608  	100.427282 
3838.904914  	100.214900 
3839.262221  	100.011427 
3839.619528  	99.762696 
3839.976835  	99.724059 
3840.334142  	99.814584 
3840.691449  	99.887835 
3841.048756  	99.872757 
3841.406063  	99.526885 
3841.763369  	99.436020 
3842.120676  	99.843851 
3842.477983  	100.022731 
3842.835290  	99.757415 
3843.192597  	99.509408 
3843.549904  	99.529620 
3843.907211  	99.678713 
3844.264517  	100.037825 
3844.621824  	100.074346 
3844.979131  	99.659120 
3845.336438  	99.667944 
3845.693745  	99.909210 
3846.051052  	99.764586 
3846.408359  	99.536112 
3846.765665  	99.508930 
3847.122972  	99.566043 
3847.480279  	99.566132 
3847.837586  	99.669270 
3848.194893  	99.979728 
3848.552200  	100.066513 
3848.909507  	99.947831 
3849.266813  	99.805060 
3849.624120  	99.660761 
3849.981427  	99.652993 
3850.338734  	99.321417 
3850.696041  	99.117528 
3851.053348  	99.460100 
3851.410655  	99.452725 
3851.767961  	99.674733 
3852.125268  	100.558095 
3852.482575  	100.375345 
3852.839882  	99.814254 
3853.197189  	99.943020 
3853.554496  	100.066696 
3853.911803  	100.567303 
3854.269110  	101.631681 
3854.626416  	101.408808 
3854.983723  	100.340009 
3855.341030  	99.993767 
3855.698337  	100.025542 
3856.055644  	100.007301 
3856.412951  	99.745781 
3856.770258  	99.617737 
3857.127564  	99.691862 
3857.484871  	99.338418 
3857.842178  	99.286656 
3858.199485  	99.652933 
3858.556792  	99.528817 
3858.914099  	99.497236 
3859.271406  	99.685602 
3859.628712  	99.563906 
3859.986019  	99.270246 
3860.343326  	99.131025 
3860.700633  	99.371872 
3861.057940  	99.815217 
3861.415247  	100.085962 
3861.772554  	100.098972 
3862.129860  	99.913773 
3862.487167  	99.667793 
3862.844474  	99.642830 
3863.201781  	99.846689 
3863.559088  	99.847553 
3863.916395  	99.719617 
3864.273702  	99.718306 
3864.631008  	99.837444 
3864.988315  	100.120213 
3865.345622  	100.063932 
3865.702929  	99.730573 
3866.060236  	99.407594 
3866.417543  	99.308097 
3866.774850  	99.590637 
3867.132157  	99.567733 
3867.489463  	99.342501 
3867.846770  	99.374996 
3868.204077  	99.438637 
3868.561384  	99.684996 
3868.918691  	99.683205 
3869.275998  	99.371659 
3869.633305  	99.505643 
3869.990611  	99.325346 
3870.347918  	99.030474 
3870.705225  	99.334546 
3871.062532  	99.427602 
3871.419839  	99.171329 
3871.777146  	99.332120 
3872.134453  	99.888820 
3872.491759  	99.902852 
3872.849066  	99.771667 
3873.206373  	99.899077 
3873.563680  	99.732549 
3873.920987  	99.668017 
3874.278294  	99.934168 
3874.635601  	100.102557 
3874.992907  	99.861776 
3875.350214  	99.239295 
3875.707521  	99.119080 
3876.064828  	99.391680 
3876.422135  	99.484748 
3876.779442  	99.442478 
3877.136749  	99.366613 
3877.494055  	99.431371 
3877.851362  	99.599352 
3878.208669  	99.483254 
3878.565976  	99.363291 
3878.923283  	99.617863 
3879.280590  	99.685668 
3879.637897  	99.454582 
3879.995204  	99.546835 
3880.352510  	99.722127 
3880.709817  	99.860556 
3881.067124  	99.821785 
3881.424431  	99.387343 
3881.781738  	99.569146 
3882.139045  	99.872803 
3882.496352  	99.616327 
3882.853658  	99.590879 
3883.210965  	99.913949 
3883.568272  	100.040839 
3883.925579  	100.034666 
3884.282886  	99.990516 
3884.640193  	99.888791 
3884.997500  	99.643319 
3885.354806  	99.542797 
3885.712113  	99.907302 
3886.069420  	99.976085 
3886.426727  	99.743150 
3886.784034  	99.779943 
3887.141341  	99.670266 
3887.498648  	99.730973 
3887.855954  	99.821488 
3888.213261  	99.418676 
3888.570568  	99.052472 
3888.927875  	99.131131 
3889.285182  	99.394805 
3889.642489  	99.581381 
3889.999796  	99.656859 
3890.357102  	99.899222 
3890.714409  	100.077972 
3891.071716  	99.903305 
3891.429023  	99.740179 
3891.786330  	99.728889 
3892.143637  	99.810470 
3892.500944  	99.638909 
3892.858251  	99.486078 
3893.215557  	99.759265 
3893.572864  	99.948458 
3893.930171  	99.760800 
3894.287478  	99.621119 
3894.644785  	99.610712 
3895.002092  	99.583250 
3895.359399  	99.612059 
3895.716705  	99.682031 
3896.074012  	99.703460 
3896.431319  	99.694070 
3896.788626  	99.580033 
3897.145933  	99.639787 
3897.503240  	99.935499 
3897.860547  	99.990884 
3898.217853  	100.119266 
3898.575160  	100.244822 
3898.932467  	99.796214 
3899.289774  	99.508215 
3899.647081  	99.559563 
3900.004388  	99.556744 
3900.361695  	99.534798 
3900.719001  	99.429510 
3901.076308  	99.499946 
3901.433615  	99.809258 
3901.790922  	100.013788 
3902.148229  	99.831896 
3902.505536  	99.643864 
3902.862843  	100.031877 
3903.220149  	100.140505 
3903.577456  	99.892987 
3903.934763  	99.898016 
3904.292070  	100.154262 
3904.649377  	100.564564 
3905.006684  	100.466990 
3905.363991  	99.694423 
3905.721298  	99.371099 
3906.078604  	99.311533 
3906.435911  	98.973918 
3906.793218  	99.113492 
3907.150525  	99.637315 
3907.507832  	99.652644 
3907.865139  	99.515177 
3908.222446  	99.591035 
3908.579752  	99.611086 
3908.937059  	99.452826 
3909.294366  	99.263108 
3909.651673  	99.275144 
3910.008980  	99.297767 
3910.366287  	99.121467 
3910.723594  	99.049238 
3911.080900  	99.285312 
3911.438207  	99.595992 
3911.795514  	99.592530 
3912.152821  	99.534292 
3912.510128  	99.674161 
3912.867435  	99.553231 
3913.224742  	99.302553 
3913.582048  	99.229655 
3913.939355  	99.208315 
3914.296662  	99.395761 
3914.653969  	99.649810 
3915.011276  	99.538213 
3915.368583  	99.372314 
3915.725890  	99.613382 
3916.083196  	99.764305 
3916.440503  	99.551124 
3916.797810  	99.540652 
3917.155117  	99.617058 
3917.512424  	99.653959 
3917.869731  	99.801766 
3918.227038  	99.781820 
3918.584344  	99.794808 
3918.941651  	99.963173 
3919.298958  	99.995910 
3919.656265  	99.749084 
3920.013572  	99.594458 
3920.370879  	99.747939 
3920.728186  	99.663534 
3921.085493  	99.565023 
3921.442799  	99.685710 
3921.800106  	99.489978 
3922.157413  	99.233464 
3922.514720  	99.273224 
3922.872027  	99.399761 
3923.229334  	99.545791 
3923.586641  	99.703351 
3923.943947  	99.736985 
3924.301254  	99.551455 
3924.658561  	99.430493 
3925.015868  	99.515165 
3925.373175  	99.616432 
3925.730482  	99.781332 
3926.087789  	99.866250 
3926.445095  	99.740033 
3926.802402  	99.568296 
3927.159709  	99.533980 
3927.517016  	99.806464 
3927.874323  	100.112563 
3928.231630  	100.037599 
3928.588937  	99.734099 
3928.946243  	99.620935 
3929.303550  	99.743444 
3929.660857  	99.951962 
3930.018164  	100.148680 
3930.375471  	99.979764 
3930.732778  	99.614632 
3931.090085  	99.624499 
3931.447391  	99.813454 
3931.804698  	99.978400 
3932.162005  	100.006275 
3932.519312  	99.541764 
3932.876619  	99.333637 
3933.233926  	99.622346 
3933.591233  	99.524332 
3933.948540  	99.508121 
3934.305846  	99.775126 
3934.663153  	99.666369 
3935.020460  	99.413925 
3935.377767  	99.496949 
3935.735074  	99.781182 
3936.092381  	99.870422 
3936.449688  	99.674267 
3936.806994  	99.691823 
3937.164301  	99.854812 
3937.521608  	99.839568 
3937.878915  	99.757251 
3938.236222  	99.601201 
3938.593529  	99.637006 
3938.950836  	99.836363 
3939.308142  	99.709596 
3939.665449  	99.506396 
3940.022756  	99.516788 
3940.380063  	99.630965 
3940.737370  	99.790714 
3941.094677  	99.863200 
3941.451984  	99.696990 
3941.809290  	99.422693 
3942.166597  	99.575984 
3942.523904  	100.051011 
3942.881211  	100.031754 
3943.238518  	99.676333 
3943.595825  	99.471178 
3943.953132  	99.544661 
3944.310438  	99.801893 
3944.667745  	99.628795 
3945.025052  	99.339528 
3945.382359  	99.689127 
3945.739666  	99.929135 
3946.096973  	99.789985 
3946.454280  	99.923736 
3946.811587  	99.979943 
3947.168893  	99.744296 
3947.526200  	99.791893 
3947.883507  	100.012473 
3948.240814  	100.044519 
3948.598121  	99.935645 
3948.955428  	99.678528 
3949.312735  	99.533462 
3949.670041  	99.838773 
3950.027348  	100.035572 
3950.384655  	99.636740 
3950.741962  	99.494138 
3951.099269  	99.861228 
3951.456576  	99.879053 
3951.813883  	99.573501 
3952.171189  	99.345054 
3952.528496  	99.326936 
3952.885803  	99.520488 
3953.243110  	99.586861 
3953.600417  	99.594467 
3953.957724  	99.670108 
3954.315031  	99.708700 
3954.672337  	99.924040 
3955.029644  	99.973877 
3955.386951  	99.747202 
3955.744258  	99.607691 
3956.101565  	99.459416 
3956.458872  	99.546097 
3956.816179  	99.654843 
3957.173485  	99.583663 
3957.530792  	99.809247 
3957.888099  	99.896738 
3958.245406  	99.802281 
3958.602713  	99.745922 
3958.960020  	99.542848 
3959.317327  	99.649905 
3959.674634  	99.751003 
3960.031940  	99.665186 
3960.389247  	99.791110 
3960.746554  	99.639728 
3961.103861  	99.379202 
3961.461168  	99.330174 
3961.818475  	99.355306 
3962.175782  	99.653927 
3962.533088  	99.687429 
3962.890395  	99.473533 
3963.247702  	99.721057 
3963.605009  	99.862129 
3963.962316  	99.624246 
3964.319623  	99.420455 
3964.676930  	99.270449 
3965.034236  	99.451424 
3965.391543  	99.815749 
3965.748850  	99.775774 
3966.106157  	99.641953 
3966.463464  	99.624506 
3966.820771  	99.669855 
3967.178078  	99.870745 
3967.535384  	99.863355 
3967.892691  	99.668384 
3968.249998  	99.530518 
3968.607305  	99.295224 
3968.964612  	99.239692 
3969.321919  	99.593466 
3969.679226  	99.865040 
3970.036532  	99.770336 
3970.393839  	99.625849 
3970.751146  	99.465960 
3971.108453  	99.359961 
3971.465760  	99.543407 
3971.823067  	99.639178 
3972.180374  	99.700992 
3972.537681  	99.958664 
3972.894987  	99.956820 
3973.252294  	99.798754 
3973.609601  	99.733089 
3973.966908  	99.599715 
3974.324215  	99.531287 
3974.681522  	99.662292 
3975.038829  	99.705904 
3975.396135  	99.497985 
3975.753442  	99.282587 
3976.110749  	99.223247 
3976.468056  	99.548960 
3976.825363  	100.045544 
3977.182670  	100.156559 
3977.539977  	99.974420 
3977.897283  	99.567645 
3978.254590  	99.422379 
3978.611897  	99.667074 
3978.969204  	99.548581 
3979.326511  	99.522150 
3979.683818  	99.694711 
3980.041125  	99.526276 
3980.398431  	99.426048 
3980.755738  	99.466410 
3981.113045  	99.664826 
3981.470352  	99.953518 
3981.827659  	99.923140 
3982.184966  	99.823404 
3982.542273  	99.824434 
3982.899579  	99.713291 
3983.256886  	99.642342 
3983.614193  	99.871654 
3983.971500  	99.968386 
3984.328807  	99.710127 
3984.686114  	99.686489 
3985.043421  	99.823326 
3985.400728  	99.729679 
3985.758034  	99.577765 
3986.115341  	99.626016 
3986.472648  	99.803516 
3986.829955  	99.792746 
3987.187262  	99.679282 
3987.544569  	99.642523 
3987.901876  	99.612337 
3988.259182  	99.613347 
3988.616489  	99.816281 
3988.973796  	100.056311 
3989.331103  	99.940313 
3989.688410  	99.917866 
3990.045717  	100.082154 
3990.403024  	99.972876 
3990.760330  	99.961497 
3991.117637  	100.091065 
3991.474944  	100.089635 
3991.832251  	99.860701 
3992.189558  	99.603123 
3992.546865  	99.679290 
3992.904172  	99.800520 
3993.261478  	100.015205 
3993.618785  	100.019846 
3993.976092  	99.549766 
3994.333399  	99.643989 
3994.690706  	99.994488 
3995.048013  	99.952287 
3995.405320  	99.980293 
3995.762626  	99.899477 
3996.119933  	99.772676 
3996.477240  	99.683445 
3996.834547  	99.468771 
3997.191854  	99.573961 
3997.549161  	99.688617 
3997.906468  	99.430762 
3998.263775  	99.562248 
3998.621081  	99.798108 
3998.978388  	99.463259 
3999.335695  	99.402439 
3999.693002  	99.625288 
4000.050309  	99.567260 