##TITLE=N64_4'-fluoroacetophenone_2
##DATA TYPE=INFRARED SPECTRUM
##XUNITS=1/CM
##YUNITS=%T
399.826377  	69.365161 
400.183684  	67.891250 
400.540991  	69.712688 
400.898298  	72.215592 
401.255605  	69.076449 
401.612912  	66.389027 
401.970219  	67.943606 
402.327525  	69.010427 
402.684832  	69.673577 
403.042139  	71.908225 
403.399446  	72.715180 
403.756753  	69.457551 
404.114060  	68.926903 
404.471367  	75.231009 
404.828674  	79.705550 
405.185980  	78.839678 
405.543287  	78.442752 
405.900594  	79.467436 
406.257901  	79.969521 
406.615208  	79.812396 
406.972515  	80.076111 
407.329822  	81.633773 
407.687128  	83.074965 
408.044435  	83.147017 
408.401742  	84.459838 
408.759049  	86.446936 
409.116356  	85.736584 
409.473663  	85.970083 
409.830970  	90.686838 
410.188276  	93.903647 
410.545583  	92.665420 
410.902890  	91.582128 
411.260197  	90.698136 
411.617504  	89.745193 
411.974811  	90.656032 
412.332118  	91.800067 
412.689424  	91.908980 
413.046731  	92.354393 
413.404038  	93.694325 
413.761345  	93.243170 
414.118652  	90.211278 
414.475959  	88.851467 
414.833266  	89.675760 
415.190572  	90.793780 
415.547879  	91.775776 
415.905186  	92.334182 
416.262493  	93.282113 
416.619800  	93.191462 
416.977107  	92.865915 
417.334414  	93.952362 
417.691720  	93.258279 
418.049027  	89.653890 
418.406334  	85.228693 
418.763641  	84.754785 
419.120948  	91.954837 
419.478255  	91.825290 
419.835562  	84.718282 
420.192869  	89.443697 
420.550175  	95.534452 
420.907482  	95.470907 
421.264789  	94.678475 
421.622096  	94.516594 
421.979403  	93.730675 
422.336710  	95.305483 
422.694017  	95.906222 
423.051323  	93.201289 
423.408630  	94.111721 
423.765937  	94.757168 
424.123244  	94.083117 
424.480551  	94.149520 
424.837858  	95.554374 
425.195165  	95.579818 
425.552471  	95.187960 
425.909778  	96.903303 
426.267085  	94.919012 
426.624392  	92.422894 
426.981699  	95.144681 
427.339006  	96.549654 
427.696313  	93.875765 
428.053619  	91.879708 
428.410926  	93.019842 
428.768233  	95.463899 
429.125540  	95.319877 
429.482847  	94.732518 
429.840154  	95.614868 
430.197461  	95.428858 
430.554767  	95.712545 
430.912074  	97.708600 
431.269381  	96.644410 
431.626688  	93.885310 
431.983995  	93.477844 
432.341302  	93.656935 
432.698609  	93.158869 
433.055916  	92.659535 
433.413222  	94.517979 
433.770529  	96.724254 
434.127836  	95.247578 
434.485143  	94.785876 
434.842450  	96.574695 
435.199757  	97.160713 
435.557064  	95.929924 
435.914370  	93.902555 
436.271677  	95.090017 
436.628984  	97.353599 
436.986291  	96.344400 
437.343598  	95.885447 
437.700905  	96.393054 
438.058212  	96.562972 
438.415518  	95.439973 
438.772825  	95.276483 
439.130132  	95.986508 
439.487439  	94.033398 
439.844746  	94.316852 
440.202053  	97.363802 
440.559360  	97.216503 
440.916666  	95.687880 
441.273973  	95.869355 
441.631280  	97.224199 
441.988587  	97.869447 
442.345894  	96.946522 
442.703201  	95.465387 
443.060508  	93.165725 
443.417814  	90.972742 
443.775121  	91.758437 
444.132428  	95.270713 
444.489735  	97.448084 
444.847042  	97.514947 
445.204349  	96.166488 
445.561656  	94.589056 
445.918963  	94.481397 
446.276269  	95.857721 
446.633576  	96.127987 
446.990883  	94.738133 
447.348190  	93.897148 
447.705497  	95.328004 
448.062804  	98.212251 
448.420111  	98.416833 
448.777417  	96.895573 
449.134724  	96.569625 
449.492031  	94.494432 
449.849338  	93.442087 
450.206645  	95.433664 
450.563952  	96.067297 
450.921259  	97.118143 
451.278565  	97.328267 
451.635872  	95.330498 
451.993179  	95.198708 
452.350486  	93.234765 
452.707793  	92.005870 
453.065100  	95.380020 
453.422407  	95.310931 
453.779713  	95.625601 
454.137020  	97.538916 
454.494327  	97.271493 
454.851634  	97.087759 
455.208941  	96.818081 
455.566248  	96.448905 
455.923555  	95.838078 
456.280861  	94.907952 
456.638168  	95.266923 
456.995475  	94.116942 
457.352782  	92.147125 
457.710089  	94.374971 
458.067396  	96.226539 
458.424703  	94.723512 
458.782010  	95.486055 
459.139316  	95.143551 
459.496623  	92.659817 
459.853930  	91.946743 
460.211237  	92.779199 
460.568544  	93.620983 
460.925851  	94.213476 
461.283158  	93.938526 
461.640464  	93.624768 
461.997771  	92.802628 
462.355078  	90.880016 
462.712385  	90.558117 
463.069692  	91.938671 
463.426999  	92.091370 
463.784306  	91.771235 
464.141612  	91.276662 
464.498919  	89.814020 
464.856226  	90.146961 
465.213533  	90.500720 
465.570840  	88.860790 
465.928147  	88.712514 
466.285454  	88.603613 
466.642760  	87.596731 
467.000067  	88.323669 
467.357374  	88.634727 
467.714681  	87.983968 
468.071988  	88.439056 
468.429295  	88.615067 
468.786602  	88.675142 
469.143908  	90.153439 
469.501215  	91.063743 
469.858522  	90.706041 
470.215829  	91.370220 
470.573136  	92.344635 
470.930443  	92.172527 
471.287750  	91.574821 
471.645057  	91.769234 
472.002363  	92.404338 
472.359670  	91.718672 
472.716977  	91.072264 
473.074284  	90.131894 
473.431591  	89.834251 
473.788898  	91.225260 
474.146205  	92.041274 
474.503511  	92.405307 
474.860818  	92.393701 
475.218125  	91.777451 
475.575432  	92.010963 
475.932739  	92.336013 
476.290046  	93.413189 
476.647353  	93.724128 
477.004659  	92.265313 
477.361966  	92.311877 
477.719273  	93.058980 
478.076580  	91.469877 
478.433887  	89.341791 
478.791194  	91.305622 
479.148501  	93.585766 
479.505807  	91.105284 
479.863114  	89.439737 
480.220421  	88.975019 
480.577728  	88.451290 
480.935035  	89.389298 
481.292342  	88.981781 
481.649649  	88.031234 
482.006955  	87.839984 
482.364262  	88.021541 
482.721569  	88.930768 
483.078876  	88.744623 
483.436183  	87.852262 
483.793490  	86.608128 
484.150797  	85.464904 
484.508104  	86.137444 
484.865410  	86.455612 
485.222717  	86.058453 
485.580024  	85.377356 
485.937331  	84.070231 
486.294638  	83.296735 
486.651945  	82.950652 
487.009252  	81.243831 
487.366558  	78.698070 
487.723865  	77.691866 
488.081172  	77.669292 
488.438479  	77.681433 
488.795786  	77.615712 
489.153093  	75.545691 
489.510400  	73.342071 
489.867706  	73.264250 
490.225013  	72.356747 
490.582320  	70.629337 
490.939627  	70.529976 
491.296934  	70.076006 
491.654241  	67.829890 
492.011548  	66.208788 
492.368854  	66.848957 
492.726161  	67.491348 
493.083468  	66.877712 
493.440775  	66.619535 
493.798082  	66.705971 
494.155389  	66.032416 
494.512696  	65.743662 
494.870002  	65.899945 
495.227309  	67.081124 
495.584616  	69.133580 
495.941923  	69.957084 
496.299230  	70.500324 
496.656537  	71.191851 
497.013844  	71.888430 
497.371151  	73.558384 
497.728457  	74.609551 
498.085764  	74.574052 
498.443071  	75.173544 
498.800378  	76.858208 
499.157685  	78.395116 
499.514992  	79.266227 
499.872299  	80.206990 
500.229605  	81.156101 
500.586912  	82.029356 
500.944219  	82.582438 
501.301526  	83.947682 
501.658833  	86.101946 
502.016140  	85.690064 
502.373447  	84.833433 
502.730753  	86.485203 
503.088060  	87.018690 
503.445367  	87.045508 
503.802674  	87.102856 
504.159981  	87.460187 
504.517288  	88.077794 
504.874595  	88.086785 
505.231901  	89.017842 
505.589208  	89.072570 
505.946515  	87.772463 
506.303822  	88.658908 
506.661129  	90.367716 
507.018436  	91.044897 
507.375743  	90.769540 
507.733049  	90.359475 
508.090356  	91.239482 
508.447663  	92.119344 
508.804970  	92.220791 
509.162277  	91.913400 
509.519584  	91.308238 
509.876891  	92.230597 
510.234197  	92.960614 
510.591504  	91.853137 
510.948811  	91.758344 
511.306118  	92.136933 
511.663425  	92.232066 
512.020732  	92.925500 
512.378039  	93.548826 
512.735346  	94.268238 
513.092652  	94.207324 
513.449959  	93.120451 
513.807266  	92.979034 
514.164573  	93.455739 
514.521880  	93.644408 
514.879187  	93.582464 
515.236494  	93.427849 
515.593800  	92.975622 
515.951107  	92.077293 
516.308414  	92.083169 
516.665721  	92.875321 
517.023028  	93.479148 
517.380335  	93.883064 
517.737642  	93.757284 
518.094948  	93.747229 
518.452255  	94.114671 
518.809562  	93.978012 
519.166869  	93.507360 
519.524176  	93.408326 
519.881483  	93.703111 
520.238790  	93.427072 
520.596096  	93.357172 
520.953403  	93.657773 
521.310710  	93.371343 
521.668017  	93.524843 
522.025324  	93.311068 
522.382631  	92.510937 
522.739938  	93.316949 
523.097244  	94.405801 
523.454551  	94.193163 
523.811858  	93.331431 
524.169165  	93.074160 
524.526472  	93.960701 
524.883779  	94.180259 
525.241086  	93.732955 
525.598393  	93.590319 
525.955699  	93.219266 
526.313006  	93.104208 
526.670313  	92.847890 
527.027620  	92.709851 
527.384927  	93.186773 
527.742234  	93.098511 
528.099541  	93.010300 
528.456847  	93.322611 
528.814154  	93.063241 
529.171461  	93.137742 
529.528768  	93.462316 
529.886075  	92.698993 
530.243382  	91.789149 
530.600689  	91.731841 
530.957995  	92.298908 
531.315302  	92.988278 
531.672609  	92.771176 
532.029916  	91.936487 
532.387223  	91.647246 
532.744530  	91.952368 
533.101837  	92.606296 
533.459143  	93.104125 
533.816450  	92.912533 
534.173757  	91.888509 
534.531064  	90.796573 
534.888371  	91.088788 
535.245678  	91.872475 
535.602985  	91.884113 
535.960291  	91.792765 
536.317598  	91.488516 
536.674905  	90.506225 
537.032212  	89.515747 
537.389519  	89.255120 
537.746826  	89.237265 
538.104133  	88.985351 
538.461440  	89.253459 
538.818746  	89.618715 
539.176053  	89.700159 
539.533360  	89.556743 
539.890667  	88.987699 
540.247974  	89.062822 
540.605281  	89.046406 
540.962588  	88.351899 
541.319894  	88.274221 
541.677201  	87.849427 
542.034508  	87.329735 
542.391815  	87.689065 
542.749122  	87.657956 
543.106429  	87.285474 
543.463736  	86.964260 
543.821042  	86.685589 
544.178349  	86.509264 
544.535656  	86.223760 
544.892963  	86.390292 
545.250270  	86.202524 
545.607577  	84.726611 
545.964884  	83.626475 
546.322190  	83.743576 
546.679497  	84.381290 
547.036804  	84.572926 
547.394111  	83.775268 
547.751418  	82.829466 
548.108725  	82.679788 
548.466032  	82.294745 
548.823338  	81.086213 
549.180645  	79.992009 
549.537952  	79.509349 
549.895259  	79.094059 
550.252566  	78.545860 
550.609873  	78.429817 
550.967180  	77.942612 
551.324487  	76.639857 
551.681793  	75.460563 
552.039100  	73.880292 
552.396407  	72.731797 
552.753714  	72.416084 
553.111021  	71.079555 
553.468328  	69.937433 
553.825635  	69.237863 
554.182941  	67.895813 
554.540248  	66.862602 
554.897555  	65.474309 
555.254862  	63.440584 
555.612169  	61.242545 
555.969476  	59.206708 
556.326783  	57.864865 
556.684089  	56.108293 
557.041396  	53.861850 
557.398703  	51.650563 
557.756010  	49.695634 
558.113317  	47.985371 
558.470624  	45.567432 
558.827931  	43.244553 
559.185237  	40.597409 
559.542544  	37.226344 
559.899851  	34.528012 
560.257158  	31.543649 
560.614465  	28.795125 
560.971772  	26.739100 
561.329079  	24.007261 
561.686385  	21.664420 
562.043692  	19.914204 
562.400999  	18.054939 
562.758306  	16.378914 
563.115613  	14.900215 
563.472920  	14.047546 
563.830227  	14.227840 
564.187534  	14.889989 
564.544840  	15.539318 
564.902147  	16.538606 
565.259454  	18.326391 
565.616761  	21.080207 
565.974068  	23.946106 
566.331375  	26.576883 
566.688682  	30.144788 
567.045988  	34.338886 
567.403295  	38.517322 
567.760602  	42.682321 
568.117909  	46.451923 
568.475216  	50.161155 
568.832523  	53.815522 
569.189830  	56.947154 
569.547136  	60.018637 
569.904443  	62.569896 
570.261750  	64.044371 
570.619057  	66.116953 
570.976364  	69.017657 
571.333671  	70.918789 
571.690978  	72.117810 
572.048284  	73.454353 
572.405591  	74.261800 
572.762898  	74.891895 
573.120205  	76.495167 
573.477512  	77.882282 
573.834819  	78.161380 
574.192126  	78.965202 
574.549432  	79.808737 
574.906739  	80.060454 
575.264046  	80.500846 
575.621353  	80.561468 
575.978660  	80.828060 
576.335967  	81.388819 
576.693274  	81.287831 
577.050581  	81.586609 
577.407887  	81.908789 
577.765194  	81.870351 
578.122501  	81.970975 
578.479808  	81.663148 
578.837115  	81.266903 
579.194422  	80.758125 
579.551729  	79.855243 
579.909035  	79.390691 
580.266342  	79.072862 
580.623649  	78.428355 
580.980956  	77.676184 
581.338263  	76.656493 
581.695570  	75.612555 
582.052877  	74.393640 
582.410183  	72.489491 
582.767490  	70.856489 
583.124797  	69.855077 
583.482104  	68.307173 
583.839411  	66.144630 
584.196718  	63.651791 
584.554025  	60.744963 
584.911331  	58.269152 
585.268638  	55.994476 
585.625945  	52.919202 
585.983252  	49.951286 
586.340559  	47.766034 
586.697866  	45.699317 
587.055173  	43.647426 
587.412479  	42.212236 
587.769786  	41.688832 
588.127093  	41.500769 
588.484400  	41.769790 
588.841707  	42.929336 
589.199014  	44.347247 
589.556321  	45.791338 
589.913627  	47.799831 
590.270934  	50.403672 
590.628241  	52.784480 
590.985548  	55.113854 
591.342855  	58.004291 
591.700162  	60.855987 
592.057469  	63.751623 
592.414776  	66.711897 
592.772082  	69.181662 
593.129389  	71.567606 
593.486696  	73.848511 
593.844003  	75.736083 
594.201310  	77.300948 
594.558617  	78.626684 
594.915924  	80.310456 
595.273230  	82.051978 
595.630537  	83.150373 
595.987844  	84.181063 
596.345151  	85.376128 
596.702458  	86.690031 
597.059765  	87.909378 
597.417072  	88.397927 
597.774378  	88.635456 
598.131685  	89.092751 
598.488992  	89.533873 
598.846299  	89.852809 
599.203606  	90.184366 
599.560913  	90.783240 
599.918220  	91.346203 
600.275526  	91.930136 
600.632833  	92.517296 
600.990140  	92.624588 
601.347447  	92.942528 
601.704754  	93.137528 
602.062061  	92.840037 
602.419368  	93.313280 
602.776674  	93.753870 
603.133981  	93.669651 
603.491288  	93.779555 
603.848595  	93.320349 
604.205902  	93.189055 
604.563209  	93.806550 
604.920516  	93.666907 
605.277823  	93.857788 
605.635129  	94.982643 
605.992436  	95.254798 
606.349743  	94.696435 
606.707050  	95.164029 
607.064357  	96.145267 
607.421664  	95.628474 
607.778971  	95.377906 
608.136277  	96.353787 
608.493584  	96.146950 
608.850891  	95.722052 
609.208198  	96.099303 
609.565505  	96.001003 
609.922812  	95.850644 
610.280119  	96.045614 
610.637425  	96.567799 
610.994732  	96.900352 
611.352039  	96.258635 
611.709346  	95.961932 
612.066653  	96.732716 
612.423960  	97.123602 
612.781267  	96.626115 
613.138573  	96.315045 
613.495880  	96.568921 
613.853187  	96.955240 
614.210494  	96.931700 
614.567801  	96.325347 
614.925108  	96.160696 
615.282415  	96.283776 
615.639721  	96.003656 
615.997028  	96.330234 
616.354335  	97.238016 
616.711642  	97.917067 
617.068949  	97.771888 
617.426256  	96.784406 
617.783563  	96.709451 
618.140870  	97.291266 
618.498176  	96.971145 
618.855483  	96.586459 
619.212790  	96.864424 
619.570097  	97.134701 
619.927404  	97.214315 
620.284711  	97.607603 
620.642018  	97.674234 
620.999324  	97.050242 
621.356631  	96.750405 
621.713938  	96.729484 
622.071245  	96.675927 
622.428552  	97.005281 
622.785859  	97.455670 
623.143166  	97.528243 
623.500472  	97.588796 
623.857779  	97.667204 
624.215086  	97.304021 
624.572393  	97.000158 
624.929700  	96.958683 
625.287007  	97.059011 
625.644314  	97.164050 
626.001620  	96.763516 
626.358927  	96.516915 
626.716234  	96.637065 
627.073541  	96.904480 
627.430848  	97.442932 
627.788155  	97.204228 
628.145462  	96.531786 
628.502768  	96.370501 
628.860075  	96.412403 
629.217382  	96.510989 
629.574689  	96.293345 
629.931996  	96.153371 
630.289303  	96.124046 
630.646610  	95.708829 
631.003917  	95.505426 
631.361223  	95.029446 
631.718530  	94.302682 
632.075837  	94.150677 
632.433144  	94.176311 
632.790451  	94.496542 
633.147758  	94.989147 
633.505065  	95.557637 
633.862371  	96.495658 
634.219678  	96.892290 
634.576985  	96.939145 
634.934292  	97.091743 
635.291599  	96.904916 
635.648906  	97.073875 
636.006213  	97.300178 
636.363519  	97.160971 
636.720826  	97.503841 
637.078133  	97.837990 
637.435440  	97.768392 
637.792747  	97.752748 
638.150054  	97.753621 
638.507361  	97.836849 
638.864667  	97.846563 
639.221974  	98.033363 
639.579281  	98.207603 
639.936588  	97.695333 
640.293895  	97.489535 
640.651202  	97.688320 
641.008509  	97.781958 
641.365815  	98.011104 
641.723122  	97.892020 
642.080429  	97.901418 
642.437736  	98.149786 
642.795043  	97.911113 
643.152350  	98.095544 
643.509657  	98.501455 
643.866964  	98.320992 
644.224270  	98.158068 
644.581577  	97.903352 
644.938884  	97.852284 
645.296191  	98.314983 
645.653498  	98.159282 
646.010805  	97.735808 
646.368112  	97.893457 
646.725418  	97.905127 
647.082725  	97.952860 
647.440032  	98.316865 
647.797339  	98.612069 
648.154646  	98.596499 
648.511953  	98.374377 
648.869260  	98.532841 
649.226566  	98.534845 
649.583873  	98.139025 
649.941180  	98.037354 
650.298487  	97.953033 
650.655794  	97.776865 
651.013101  	97.468010 
651.370408  	97.432075 
651.727714  	98.181276 
652.085021  	98.893611 
652.442328  	99.122337 
652.799635  	98.613678 
653.156942  	97.818553 
653.514249  	97.770632 
653.871556  	97.633360 
654.228862  	97.623717 
654.586169  	98.089765 
654.943476  	98.339770 
655.300783  	98.623964 
655.658090  	98.628642 
656.015397  	98.273920 
656.372704  	98.017040 
656.730011  	97.916248 
657.087317  	98.113719 
657.444624  	98.152144 
657.801931  	97.958811 
658.159238  	98.235024 
658.516545  	98.624575 
658.873852  	98.361375 
659.231159  	98.016278 
659.588465  	98.275856 
659.945772  	98.630896 
660.303079  	98.720924 
660.660386  	98.574026 
661.017693  	98.187558 
661.375000  	97.917972 
661.732307  	98.000566 
662.089613  	98.238755 
662.446920  	98.353650 
662.804227  	98.548104 
663.161534  	98.538102 
663.518841  	98.074031 
663.876148  	97.901426 
664.233455  	98.073985 
664.590761  	98.387841 
664.948068  	98.417146 
665.305375  	98.104718 
665.662682  	98.164563 
666.019989  	97.908129 
666.377296  	97.599592 
666.734603  	97.853533 
667.091909  	97.991435 
667.449216  	99.111177 
667.806523  	102.356254 
668.163830  	99.504123 
668.521137  	98.755542 
668.878444  	97.568368 
669.235751  	97.383308 
669.593057  	97.918857 
669.950364  	97.414482 
670.307671  	96.938079 
670.664978  	97.077592 
671.022285  	97.263684 
671.379592  	97.041272 
671.736899  	96.522709 
672.094206  	96.721461 
672.451512  	96.968185 
672.808819  	96.271734 
673.166126  	95.751608 
673.523433  	95.837865 
673.880740  	95.854407 
674.238047  	95.942087 
674.595354  	95.860257 
674.952660  	95.270298 
675.309967  	94.763761 
675.667274  	94.408995 
676.024581  	94.240722 
676.381888  	94.344270 
676.739195  	94.136478 
677.096502  	93.952388 
677.453808  	94.321981 
677.811115  	94.721056 
678.168422  	94.810605 
678.525729  	94.848687 
678.883036  	94.886074 
679.240343  	94.647375 
679.597650  	94.598887 
679.954956  	95.192177 
680.312263  	95.366188 
680.669570  	95.244694 
681.026877  	95.809129 
681.384184  	95.778042 
681.741491  	95.280909 
682.098798  	95.548067 
682.456104  	96.313446 
682.813411  	96.886195 
683.170718  	97.078348 
683.528025  	96.922631 
683.885332  	96.456311 
684.242639  	96.087118 
684.599946  	96.376039 
684.957253  	96.915000 
685.314559  	97.256786 
685.671866  	97.418170 
686.029173  	97.660339 
686.386480  	97.849906 
686.743787  	97.614810 
687.101094  	97.257860 
687.458401  	97.368642 
687.815707  	97.841061 
688.173014  	97.983706 
688.530321  	97.749973 
688.887628  	97.739411 
689.244935  	97.700464 
689.602242  	97.915649 
689.959549  	98.256911 
690.316855  	97.760812 
690.674162  	97.660161 
691.031469  	98.407429 
691.388776  	98.804281 
691.746083  	98.822936 
692.103390  	98.653695 
692.460697  	98.582125 
692.818003  	98.594148 
693.175310  	98.507185 
693.532617  	98.189528 
693.889924  	97.590392 
694.247231  	97.612498 
694.604538  	98.212282 
694.961845  	98.471962 
695.319151  	98.359327 
695.676458  	98.392951 
696.033765  	98.795609 
696.391072  	99.002930 
696.748379  	98.652220 
697.105686  	98.330658 
697.462993  	98.417776 
697.820300  	98.769508 
698.177606  	98.987570 
698.534913  	98.745428 
698.892220  	98.317366 
699.249527  	97.878433 
699.606834  	97.528193 
699.964141  	97.785693 
700.321448  	98.084105 
700.678754  	97.861708 
701.036061  	98.125516 
701.393368  	98.515865 
701.750675  	98.449579 
702.107982  	98.667778 
702.465289  	98.840279 
702.822596  	98.682733 
703.179902  	98.209495 
703.537209  	97.672590 
703.894516  	97.881624 
704.251823  	98.335256 
704.609130  	98.283829 
704.966437  	97.815371 
705.323744  	97.682273 
705.681050  	98.301231 
706.038357  	98.665095 
706.395664  	98.508704 
706.752971  	98.308946 
707.110278  	98.094400 
707.467585  	97.962750 
707.824892  	98.048605 
708.182198  	98.179101 
708.539505  	97.987250 
708.896812  	98.054339 
709.254119  	98.384498 
709.611426  	98.063517 
709.968733  	97.901722 
710.326040  	98.066046 
710.683347  	97.589947 
711.040653  	97.285047 
711.397960  	97.640269 
711.755267  	97.848651 
712.112574  	97.939093 
712.469881  	98.135552 
712.827188  	98.108337 
713.184495  	97.849538 
713.541801  	97.370735 
713.899108  	97.028364 
714.256415  	96.985689 
714.613722  	96.431464 
714.971029  	95.698285 
715.328336  	95.412533 
715.685643  	95.268259 
716.042949  	95.017640 
716.400256  	94.089042 
716.757563  	93.058471 
717.114870  	92.744380 
717.472177  	92.440393 
717.829484  	92.068939 
718.186791  	91.953603 
718.544097  	92.175464 
718.901404  	92.719686 
719.258711  	93.175433 
719.616018  	93.654179 
719.973325  	94.206136 
720.330632  	94.928125 
720.687939  	95.961760 
721.045245  	96.389530 
721.402552  	96.334939 
721.759859  	96.568723 
722.117166  	96.681984 
722.474473  	97.010111 
722.831780  	97.627297 
723.189087  	97.477244 
723.546394  	97.512336 
723.903700  	98.202109 
724.261007  	98.099646 
724.618314  	97.611910 
724.975621  	97.839503 
725.332928  	98.478267 
725.690235  	98.422931 
726.047542  	97.897875 
726.404848  	98.004174 
726.762155  	97.875482 
727.119462  	97.626705 
727.476769  	98.237268 
727.834076  	98.559109 
728.191383  	98.194336 
728.548690  	97.993410 
728.905996  	98.191669 
729.263303  	98.082266 
729.620610  	97.561661 
729.977917  	97.729253 
730.335224  	98.305303 
730.692531  	98.311606 
731.049838  	97.807826 
731.407144  	97.869168 
731.764451  	98.457072 
732.121758  	98.006178 
732.479065  	97.572499 
732.836372  	98.018854 
733.193679  	98.255807 
733.550986  	98.645047 
733.908292  	98.698332 
734.265599  	98.162625 
734.622906  	98.179720 
734.980213  	98.190845 
735.337520  	97.927756 
735.694827  	98.096514 
736.052134  	98.269335 
736.409441  	98.023259 
736.766747  	97.849074 
737.124054  	97.950447 
737.481361  	98.231152 
737.838668  	98.518188 
738.195975  	98.310113 
738.553282  	98.130057 
738.910589  	98.411884 
739.267895  	98.425014 
739.625202  	98.226688 
739.982509  	97.995185 
740.339816  	97.619951 
740.697123  	97.803372 
741.054430  	98.497870 
741.411737  	98.290229 
741.769043  	97.497680 
742.126350  	97.642218 
742.483657  	98.113650 
742.840964  	98.256061 
743.198271  	98.344898 
743.555578  	98.307965 
743.912885  	98.511796 
744.270191  	98.570045 
744.627498  	98.232767 
744.984805  	98.044858 
745.342112  	98.035809 
745.699419  	98.214369 
746.056726  	97.929351 
746.414033  	97.646832 
746.771339  	98.275851 
747.128646  	98.492019 
747.485953  	98.229870 
747.843260  	98.247193 
748.200567  	98.236385 
748.557874  	98.448469 
748.915181  	98.560807 
749.272488  	98.279277 
749.629794  	98.178920 
749.987101  	98.143879 
750.344408  	97.982501 
750.701715  	98.030183 
751.059022  	98.383765 
751.416329  	98.683521 
751.773636  	98.437335 
752.130942  	97.828762 
752.488249  	97.571716 
752.845556  	97.676823 
753.202863  	97.849193 
753.560170  	97.823433 
753.917477  	97.480684 
754.274784  	97.717109 
754.632090  	98.246312 
754.989397  	97.917997 
755.346704  	97.612853 
755.704011  	97.819468 
756.061318  	97.882702 
756.418625  	97.852367 
756.775932  	97.878104 
757.133238  	97.765038 
757.490545  	97.480471 
757.847852  	97.324097 
758.205159  	97.146518 
758.562466  	97.185903 
758.919773  	97.701979 
759.277080  	97.669443 
759.634386  	97.522330 
759.991693  	97.719692 
760.349000  	97.352384 
760.706307  	97.027951 
761.063614  	96.883333 
761.420921  	96.727006 
761.778228  	96.935380 
762.135534  	96.837454 
762.492841  	96.684941 
762.850148  	96.717558 
763.207455  	96.670223 
763.564762  	97.010090 
763.922069  	97.141647 
764.279376  	96.860664 
764.636683  	96.831668 
764.993989  	97.157323 
765.351296  	97.472658 
765.708603  	97.053071 
766.065910  	96.664516 
766.423217  	96.799302 
766.780524  	96.633868 
767.137831  	96.601584 
767.495137  	96.764332 
767.852444  	96.927189 
768.209751  	97.099114 
768.567058  	96.383399 
768.924365  	95.616903 
769.281672  	96.048596 
769.638979  	96.677084 
769.996285  	96.535066 
770.353592  	96.254175 
770.710899  	96.397425 
771.068206  	96.341979 
771.425513  	96.194164 
771.782820  	96.267795 
772.140127  	95.939283 
772.497433  	95.753309 
772.854740  	96.108700 
773.212047  	96.391965 
773.569354  	96.656614 
773.926661  	96.665621 
774.283968  	96.361076 
774.641275  	96.352407 
774.998581  	96.395233 
775.355888  	96.282725 
775.713195  	96.394990 
776.070502  	96.490284 
776.427809  	96.375275 
776.785116  	96.353899 
777.142423  	96.311222 
777.499730  	96.148869 
777.857036  	96.037225 
778.214343  	96.062477 
778.571650  	96.060982 
778.928957  	95.529629 
779.286264  	94.992217 
779.643571  	95.367097 
780.000878  	95.969803 
780.358184  	96.023901 
780.715491  	95.790906 
781.072798  	95.478442 
781.430105  	95.248709 
781.787412  	95.466677 
782.144719  	95.919856 
782.502026  	95.856477 
782.859332  	95.445406 
783.216639  	95.442020 
783.573946  	95.510343 
783.931253  	94.957365 
784.288560  	94.426474 
784.645867  	94.681254 
785.003174  	94.965034 
785.360480  	94.681323 
785.717787  	94.378489 
786.075094  	94.489589 
786.432401  	95.012022 
786.789708  	95.470023 
787.147015  	95.278486 
787.504322  	94.553253 
787.861628  	93.980127 
788.218935  	93.942772 
788.576242  	94.196824 
788.933549  	94.474670 
789.290856  	94.548150 
789.648163  	94.214776 
790.005470  	93.843977 
790.362777  	93.692229 
790.720083  	93.303842 
791.077390  	92.809080 
791.434697  	93.067840 
791.792004  	93.559326 
792.149311  	93.337144 
792.506618  	93.068109 
792.863925  	93.049330 
793.221231  	92.746463 
793.578538  	92.330413 
793.935845  	92.103798 
794.293152  	91.951539 
794.650459  	91.743559 
795.007766  	91.791257 
795.365073  	91.992175 
795.722379  	91.770353 
796.079686  	91.487206 
796.436993  	91.338008 
796.794300  	91.091455 
797.151607  	90.889700 
797.508914  	90.413893 
797.866221  	89.856140 
798.223527  	89.614178 
798.580834  	89.360185 
798.938141  	89.373310 
799.295448  	89.379684 
799.652755  	88.744454 
800.010062  	88.079693 
800.367369  	87.594755 
800.724675  	87.187881 
801.081982  	87.095677 
801.439289  	87.206610 
801.796596  	87.096742 
802.153903  	86.325185 
802.511210  	85.602987 
802.868517  	85.258905 
803.225824  	84.659779 
803.583130  	84.447456 
803.940437  	84.328741 
804.297744  	83.455229 
804.655051  	82.722177 
805.012358  	82.234611 
805.369665  	81.565275 
805.726972  	80.881651 
806.084278  	80.147236 
806.441585  	79.242980 
806.798892  	78.074373 
807.156199  	77.164074 
807.513506  	76.677144 
807.870813  	75.746005 
808.228120  	74.228874 
808.585426  	72.952628 
808.942733  	72.030909 
809.300040  	70.624749 
809.657347  	69.090552 
810.014654  	68.347126 
810.371961  	67.788428 
810.729268  	66.706770 
811.086574  	65.102815 
811.443881  	63.335021 
811.801188  	61.941656 
812.158495  	60.810796 
812.515802  	59.542647 
812.873109  	58.184984 
813.230416  	57.053254 
813.587722  	56.046304 
813.945029  	54.836910 
814.302336  	53.583081 
814.659643  	52.429760 
815.016950  	51.179531 
815.374257  	49.852259 
815.731564  	48.852481 
816.088871  	48.019434 
816.446177  	46.751916 
816.803484  	45.518902 
817.160791  	44.811111 
817.518098  	44.075564 
817.875405  	43.109429 
818.232712  	42.315361 
818.590019  	41.736741 
818.947325  	41.249430 
819.304632  	41.101863 
819.661939  	41.304304 
820.019246  	41.721431 
820.376553  	42.657216 
820.733860  	44.004237 
821.091167  	45.436478 
821.448473  	46.826837 
821.805780  	48.163252 
822.163087  	49.882051 
822.520394  	51.509316 
822.877701  	52.484797 
823.235008  	53.648748 
823.592315  	54.856201 
823.949621  	55.385661 
824.306928  	55.684537 
824.664235  	55.982225 
825.021542  	55.941306 
825.378849  	55.403453 
825.736156  	54.669978 
826.093463  	54.100083 
826.450769  	53.385484 
826.808076  	52.303578 
827.165383  	51.266247 
827.522690  	50.278696 
827.879997  	48.892953 
828.237304  	47.318807 
828.594611  	45.889307 
828.951918  	44.235958 
829.309224  	42.369488 
829.666531  	40.674757 
830.023838  	39.112537 
830.381145  	37.529927 
830.738452  	35.530339 
831.095759  	33.213136 
831.453066  	31.240623 
831.810372  	29.476413 
832.167679  	27.654885 
832.524986  	25.868218 
832.882293  	24.292423 
833.239600  	23.109408 
833.596907  	21.960506 
833.954214  	20.874055 
834.311520  	20.259727 
834.668827  	19.886447 
835.026134  	19.623072 
835.383441  	19.512226 
835.740748  	19.554002 
836.098055  	19.916514 
836.455362  	20.574013 
836.812668  	21.314629 
837.169975  	22.093074 
837.527282  	23.072429 
837.884589  	24.241554 
838.241896  	25.550074 
838.599203  	27.101822 
838.956510  	28.699231 
839.313816  	30.256951 
839.671123  	31.801967 
840.028430  	33.239669 
840.385737  	34.773279 
840.743044  	36.248752 
841.100351  	37.497033 
841.457658  	38.925307 
841.814964  	40.473533 
842.172271  	41.909614 
842.529578  	43.234110 
842.886885  	44.579930 
843.244192  	46.271332 
843.601499  	48.143134 
843.958806  	49.858231 
844.316113  	51.247776 
844.673419  	52.160273 
845.030726  	53.174744 
845.388033  	54.804216 
845.745340  	56.454895 
846.102647  	57.892075 
846.459954  	59.343943 
846.817261  	60.563233 
847.174567  	61.905556 
847.531874  	63.452409 
847.889181  	64.637489 
848.246488  	66.026424 
848.603795  	67.607657 
848.961102  	68.636491 
849.318409  	69.532772 
849.675715  	70.656063 
850.033022  	71.863687 
850.390329  	73.049252 
850.747636  	74.320692 
851.104943  	75.490481 
851.462250  	76.099839 
851.819557  	76.837309 
852.176863  	78.068924 
852.534170  	79.241038 
852.891477  	80.130802 
853.248784  	80.559305 
853.606091  	81.293314 
853.963398  	82.642348 
854.320705  	83.471010 
854.678011  	84.156809 
855.035318  	85.228066 
855.392625  	85.781591 
855.749932  	86.083410 
856.107239  	86.963026 
856.464546  	87.973825 
856.821853  	88.286810 
857.179160  	88.183658 
857.536466  	88.631634 
857.893773  	89.310156 
858.251080  	89.687898 
858.608387  	90.150710 
858.965694  	90.505054 
859.323001  	90.708558 
859.680308  	90.807456 
860.037614  	90.772844 
860.394921  	91.421124 
860.752228  	92.329104 
861.109535  	92.621664 
861.466842  	92.626326 
861.824149  	92.642028 
862.181456  	92.999140 
862.538762  	93.210428 
862.896069  	92.989283 
863.253376  	93.087837 
863.610683  	93.321641 
863.967990  	93.614705 
864.325297  	93.975361 
864.682604  	94.134157 
865.039910  	94.376932 
865.397217  	94.496960 
865.754524  	94.563080 
866.111831  	94.821911 
866.469138  	94.850602 
866.826445  	94.742461 
867.183752  	94.914228 
867.541058  	95.189017 
867.898365  	95.039566 
868.255672  	94.840089 
868.612979  	95.008694 
868.970286  	95.137615 
869.327593  	95.521622 
869.684900  	96.070049 
870.042207  	95.929841 
870.399513  	95.321300 
870.756820  	95.218907 
871.114127  	95.690864 
871.471434  	95.608896 
871.828741  	95.183940 
872.186048  	95.368611 
872.543355  	95.787642 
872.900661  	95.882033 
873.257968  	95.287141 
873.615275  	94.989612 
873.972582  	95.768391 
874.329889  	96.153745 
874.687196  	95.911940 
875.044503  	95.606473 
875.401809  	95.216453 
875.759116  	95.302344 
876.116423  	95.464192 
876.473730  	95.297855 
876.831037  	95.171007 
877.188344  	95.116538 
877.545651  	95.249742 
877.902957  	95.294798 
878.260264  	95.083244 
878.617571  	94.869445 
878.974878  	94.762560 
879.332185  	94.984688 
879.689492  	95.268218 
880.046799  	95.410670 
880.404105  	95.405119 
880.761412  	95.041851 
881.118719  	95.016653 
881.476026  	95.332258 
881.833333  	95.056975 
882.190640  	94.832012 
882.547947  	95.174860 
882.905254  	95.435895 
883.262560  	95.672654 
883.619867  	95.862616 
883.977174  	95.549905 
884.334481  	95.357608 
884.691788  	95.736335 
885.049095  	95.944142 
885.406402  	95.796087 
885.763708  	95.691340 
886.121015  	95.827494 
886.478322  	96.301669 
886.835629  	96.666071 
887.192936  	96.521361 
887.550243  	96.224767 
887.907550  	96.436001 
888.264856  	97.145605 
888.622163  	97.386386 
888.979470  	97.078036 
889.336777  	96.891905 
889.694084  	96.979332 
890.051391  	97.357107 
890.408698  	97.439056 
890.766004  	97.283895 
891.123311  	97.369123 
891.480618  	96.928918 
891.837925  	96.521367 
892.195232  	96.850276 
892.552539  	96.852623 
892.909846  	96.816625 
893.267152  	97.265818 
893.624459  	97.727429 
893.981766  	98.092388 
894.339073  	97.760403 
894.696380  	96.962290 
895.053687  	96.768353 
895.410994  	96.936279 
895.768301  	97.193108 
896.125607  	97.532720 
896.482914  	97.625709 
896.840221  	97.483981 
897.197528  	97.208428 
897.554835  	97.278831 
897.912142  	97.558953 
898.269449  	97.395524 
898.626755  	97.522327 
898.984062  	97.724008 
899.341369  	97.335555 
899.698676  	97.551615 
900.055983  	97.864936 
900.413290  	97.414572 
900.770597  	97.461961 
901.127903  	97.777945 
901.485210  	97.654658 
901.842517  	97.469389 
902.199824  	97.311019 
902.557131  	97.552252 
902.914438  	97.764339 
903.271745  	97.278595 
903.629051  	96.979423 
903.986358  	97.202053 
904.343665  	97.379276 
904.700972  	97.364614 
905.058279  	97.360377 
905.415586  	97.452944 
905.772893  	97.431499 
906.130199  	97.626321 
906.487506  	97.856796 
906.844813  	97.579768 
907.202120  	97.414390 
907.559427  	97.135224 
907.916734  	96.901485 
908.274041  	97.578796 
908.631348  	97.925985 
908.988654  	97.721025 
909.345961  	97.833926 
909.703268  	97.924325 
910.060575  	97.980431 
910.417882  	97.733407 
910.775189  	97.407019 
911.132496  	97.418414 
911.489802  	97.259208 
911.847109  	97.142391 
912.204416  	97.138992 
912.561723  	97.226977 
912.919030  	97.254183 
913.276337  	96.881516 
913.633644  	97.083890 
913.990950  	97.605024 
914.348257  	97.576292 
914.705564  	97.614002 
915.062871  	97.651722 
915.420178  	97.499669 
915.777485  	97.444029 
916.134792  	97.364851 
916.492098  	97.241475 
916.849405  	97.280439 
917.206712  	97.332304 
917.564019  	97.223668 
917.921326  	97.357359 
918.278633  	97.464537 
918.635940  	97.381365 
918.993246  	97.373748 
919.350553  	97.059185 
919.707860  	97.051436 
920.065167  	97.209058 
920.422474  	96.766800 
920.779781  	96.748600 
921.137088  	97.006131 
921.494394  	97.087512 
921.851701  	97.342732 
922.209008  	97.167233 
922.566315  	96.898177 
922.923622  	96.956515 
923.280929  	96.923084 
923.638236  	97.023593 
923.995543  	97.150389 
924.352849  	97.063488 
924.710156  	96.964658 
925.067463  	96.745428 
925.424770  	96.673105 
925.782077  	96.961699 
926.139384  	96.963817 
926.496691  	96.703804 
926.853997  	96.497672 
927.211304  	96.341331 
927.568611  	96.555855 
927.925918  	96.647484 
928.283225  	96.539998 
928.640532  	96.723423 
928.997839  	96.520327 
929.355145  	96.242154 
929.712452  	96.418238 
930.069759  	96.477048 
930.427066  	96.462837 
930.784373  	96.539635 
931.141680  	96.666774 
931.498987  	96.602204 
931.856293  	96.477798 
932.213600  	96.493406 
932.570907  	96.014994 
932.928214  	95.742741 
933.285521  	96.165970 
933.642828  	96.120769 
934.000135  	95.782931 
934.357441  	95.733398 
934.714748  	95.637012 
935.072055  	95.313106 
935.429362  	95.106667 
935.786669  	95.463850 
936.143976  	95.756631 
936.501283  	95.546605 
936.858590  	95.510582 
937.215896  	95.526703 
937.573203  	95.195120 
937.930510  	94.851891 
938.287817  	94.636375 
938.645124  	94.693301 
939.002431  	94.990423 
939.359738  	94.895197 
939.717044  	94.480103 
940.074351  	94.121058 
940.431658  	93.653165 
940.788965  	93.198408 
941.146272  	93.123441 
941.503579  	93.369528 
941.860886  	93.320392 
942.218192  	92.945592 
942.575499  	92.633110 
942.932806  	92.311416 
943.290113  	92.377817 
943.647420  	92.444194 
944.004727  	91.831741 
944.362034  	91.359178 
944.719340  	90.987220 
945.076647  	90.400437 
945.433954  	90.098430 
945.791261  	89.958582 
946.148568  	89.797769 
946.505875  	89.488131 
946.863182  	89.067235 
947.220488  	88.482262 
947.577795  	87.576292 
947.935102  	87.002543 
948.292409  	86.664605 
948.649716  	86.104570 
949.007023  	85.525191 
949.364330  	84.713797 
949.721637  	83.845455 
950.078943  	83.039814 
950.436250  	82.038440 
950.793557  	81.285171 
951.150864  	80.704394 
951.508171  	79.895611 
951.865478  	79.009152 
952.222785  	77.884263 
952.580091  	76.391153 
952.937398  	74.860931 
953.294705  	73.698526 
953.652012  	72.780108 
954.009319  	71.617940 
954.366626  	70.312803 
954.723933  	68.880609 
955.081239  	67.251014 
955.438546  	65.913655 
955.795853  	64.977113 
956.153160  	64.206879 
956.510467  	63.426283 
956.867774  	62.666242 
957.225081  	62.234044 
957.582387  	62.001132 
957.939694  	61.840876 
958.297001  	61.832304 
958.654308  	62.050054 
959.011615  	62.672063 
959.368922  	63.321946 
959.726229  	63.885914 
960.083535  	64.797337 
960.440842  	65.855400 
960.798149  	66.902428 
961.155456  	67.878569 
961.512763  	68.582028 
961.870070  	69.660667 
962.227377  	71.376415 
962.584684  	72.797940 
962.941990  	73.819118 
963.299297  	74.869676 
963.656604  	75.852637 
964.013911  	77.003325 
964.371218  	78.160261 
964.728525  	78.920909 
965.085832  	79.758310 
965.443138  	80.692452 
965.800445  	81.501245 
966.157752  	82.558408 
966.515059  	83.542827 
966.872366  	83.807240 
967.229673  	83.998318 
967.586980  	84.997132 
967.944286  	86.014302 
968.301593  	86.219032 
968.658900  	86.402609 
969.016207  	86.970925 
969.373514  	87.589159 
969.730821  	88.319453 
970.088128  	88.884508 
970.445434  	89.034023 
970.802741  	89.450350 
971.160048  	90.071038 
971.517355  	90.170460 
971.874662  	90.242509 
972.231969  	90.613755 
972.589276  	91.121222 
972.946582  	91.797433 
973.303889  	92.073732 
973.661196  	92.138027 
974.018503  	92.348479 
974.375810  	92.364086 
974.733117  	92.550625 
975.090424  	92.705450 
975.447731  	92.740320 
975.805037  	93.220764 
976.162344  	93.587909 
976.519651  	93.719992 
976.876958  	93.876472 
977.234265  	93.851290 
977.591572  	93.848166 
977.948879  	93.839774 
978.306185  	93.947759 
978.663492  	94.268546 
979.020799  	94.432703 
979.378106  	94.548802 
979.735413  	94.581751 
980.092720  	94.565829 
980.450027  	94.759640 
980.807333  	94.719775 
981.164640  	94.605360 
981.521947  	94.983848 
981.879254  	95.303242 
982.236561  	95.212770 
982.593868  	95.106750 
982.951175  	95.162800 
983.308481  	95.255898 
983.665788  	95.097805 
984.023095  	94.992473 
984.380402  	95.353066 
984.737709  	95.618307 
985.095016  	95.547403 
985.452323  	95.696305 
985.809629  	96.096176 
986.166936  	96.140865 
986.524243  	95.844818 
986.881550  	95.768435 
987.238857  	95.842968 
987.596164  	96.009242 
987.953471  	96.149058 
988.310778  	95.960489 
988.668084  	95.894089 
989.025391  	95.907417 
989.382698  	95.879064 
989.740005  	96.067664 
990.097312  	96.038590 
990.454619  	95.947324 
990.811926  	96.022272 
991.169232  	96.004335 
991.526539  	95.938265 
991.883846  	95.821037 
992.241153  	96.056584 
992.598460  	96.426848 
992.955767  	96.424339 
993.313074  	96.372776 
993.670380  	96.180193 
994.027687  	96.208512 
994.384994  	96.304627 
994.742301  	95.727402 
995.099608  	95.562682 
995.456915  	95.973497 
995.814222  	96.049758 
996.171528  	96.098829 
996.528835  	96.075069 
996.886142  	95.870928 
997.243449  	95.736901 
997.600756  	95.521474 
997.958063  	95.306934 
998.315370  	95.381221 
998.672676  	95.495887 
999.029983  	95.306264 
999.387290  	95.296639 
999.744597  	95.354602 
1000.101904  	94.748900 
1000.459211  	94.196024 
1000.816518  	94.131995 
1001.173824  	94.020695 
1001.531131  	93.793013 
1001.888438  	93.326761 
1002.245745  	92.840197 
1002.603052  	92.696688 
1002.960359  	92.495311 
1003.317666  	91.909413 
1003.674973  	91.275823 
1004.032279  	91.127156 
1004.389586  	91.128228 
1004.746893  	90.881697 
1005.104200  	90.615820 
1005.461507  	89.990699 
1005.818814  	89.346585 
1006.176121  	89.252357 
1006.533427  	89.124178 
1006.890734  	89.061385 
1007.248041  	88.999887 
1007.605348  	88.488567 
1007.962655  	88.100744 
1008.319962  	87.909763 
1008.677269  	87.737506 
1009.034575  	87.586792 
1009.391882  	87.340848 
1009.749189  	87.389084 
1010.106496  	87.556533 
1010.463803  	87.533825 
1010.821110  	87.292473 
1011.178417  	86.444053 
1011.535723  	85.442541 
1011.893030  	84.701625 
1012.250337  	83.964064 
1012.607644  	83.220048 
1012.964951  	82.371823 
1013.322258  	81.870590 
1013.679565  	81.927637 
1014.036871  	81.766351 
1014.394178  	81.591426 
1014.751485  	82.117420 
1015.108792  	83.064060 
1015.466099  	83.863506 
1015.823406  	84.694672 
1016.180713  	85.980295 
1016.538020  	87.100045 
1016.895326  	87.750918 
1017.252633  	88.552013 
1017.609940  	89.200296 
1017.967247  	89.424087 
1018.324554  	89.610017 
1018.681861  	89.710661 
1019.039168  	89.714147 
1019.396474  	89.603495 
1019.753781  	89.619810 
1020.111088  	89.890709 
1020.468395  	89.565629 
1020.825702  	88.880832 
1021.183009  	88.616959 
1021.540316  	88.647207 
1021.897622  	89.062591 
1022.254929  	89.412622 
1022.612236  	89.579209 
1022.969543  	90.119382 
1023.326850  	90.568282 
1023.684157  	90.831292 
1024.041464  	91.130802 
1024.398770  	91.572872 
1024.756077  	92.011335 
1025.113384  	91.792352 
1025.470691  	92.167945 
1025.827998  	93.509460 
1026.185305  	93.820790 
1026.542612  	93.647016 
1026.899918  	94.093673 
1027.257225  	94.410696 
1027.614532  	94.554647 
1027.971839  	94.763148 
1028.329146  	95.159625 
1028.686453  	95.756126 
1029.043760  	95.925631 
1029.401067  	95.815970 
1029.758373  	96.027682 
1030.115680  	96.340146 
1030.472987  	96.539638 
1030.830294  	96.584343 
1031.187601  	96.473300 
1031.544908  	96.396978 
1031.902215  	96.425476 
1032.259521  	96.584852 
1032.616828  	96.683496 
1032.974135  	96.880866 
1033.331442  	97.417764 
1033.688749  	97.644859 
1034.046056  	97.543517 
1034.403363  	97.354543 
1034.760669  	96.967858 
1035.117976  	96.904616 
1035.475283  	97.086862 
1035.832590  	97.373703 
1036.189897  	97.830558 
1036.547204  	97.653578 
1036.904511  	97.081113 
1037.261817  	97.174824 
1037.619124  	97.654455 
1037.976431  	97.801354 
1038.333738  	97.770615 
1038.691045  	97.582054 
1039.048352  	97.194449 
1039.405659  	97.274799 
1039.762965  	97.630329 
1040.120272  	97.728223 
1040.477579  	97.734900 
1040.834886  	97.546488 
1041.192193  	97.307277 
1041.549500  	97.368157 
1041.906807  	97.683753 
1042.264114  	97.790872 
1042.621420  	97.566343 
1042.978727  	97.593431 
1043.336034  	97.722783 
1043.693341  	97.604321 
1044.050648  	97.471413 
1044.407955  	97.676446 
1044.765262  	98.122461 
1045.122568  	97.993979 
1045.479875  	97.467334 
1045.837182  	97.356420 
1046.194489  	97.745885 
1046.551796  	97.930382 
1046.909103  	97.522576 
1047.266410  	97.476933 
1047.623716  	97.550737 
1047.981023  	97.422767 
1048.338330  	97.729469 
1048.695637  	97.659675 
1049.052944  	97.336634 
1049.410251  	97.353282 
1049.767558  	97.407806 
1050.124864  	97.630180 
1050.482171  	97.732961 
1050.839478  	97.895863 
1051.196785  	98.020048 
1051.554092  	97.636476 
1051.911399  	97.351510 
1052.268706  	97.396864 
1052.626012  	97.748099 
1052.983319  	97.943845 
1053.340626  	97.787082 
1053.697933  	97.688072 
1054.055240  	97.376162 
1054.412547  	97.381871 
1054.769854  	97.676324 
1055.127161  	97.389078 
1055.484467  	97.127967 
1055.841774  	97.348119 
1056.199081  	97.629128 
1056.556388  	97.588973 
1056.913695  	97.211774 
1057.271002  	96.730809 
1057.628309  	96.687214 
1057.985615  	97.292984 
1058.342922  	97.539882 
1058.700229  	97.359714 
1059.057536  	97.321756 
1059.414843  	97.175453 
1059.772150  	97.109015 
1060.129457  	97.125418 
1060.486763  	97.189449 
1060.844070  	97.340349 
1061.201377  	97.258489 
1061.558684  	97.138526 
1061.915991  	97.053471 
1062.273298  	97.061423 
1062.630605  	97.170069 
1062.987911  	97.028815 
1063.345218  	96.849481 
1063.702525  	96.718473 
1064.059832  	96.571796 
1064.417139  	96.587574 
1064.774446  	96.533835 
1065.131753  	96.325690 
1065.489059  	96.300331 
1065.846366  	96.471066 
1066.203673  	96.430308 
1066.560980  	96.055536 
1066.918287  	95.668073 
1067.275594  	95.579936 
1067.632901  	95.816188 
1067.990208  	95.745910 
1068.347514  	94.928298 
1068.704821  	94.271553 
1069.062128  	94.382681 
1069.419435  	94.554017 
1069.776742  	94.459608 
1070.134049  	94.170681 
1070.491356  	93.558745 
1070.848662  	93.012963 
1071.205969  	92.765125 
1071.563276  	92.337271 
1071.920583  	91.610402 
1072.277890  	91.200131 
1072.635197  	90.965972 
1072.992504  	90.362972 
1073.349810  	90.134353 
1073.707117  	90.388043 
1074.064424  	90.414082 
1074.421731  	90.475066 
1074.779038  	90.768893 
1075.136345  	91.316753 
1075.493652  	91.896260 
1075.850958  	92.290148 
1076.208265  	92.733457 
1076.565572  	92.901302 
1076.922879  	92.968403 
1077.280186  	93.330038 
1077.637493  	93.586918 
1077.994800  	93.804171 
1078.352106  	94.155356 
1078.709413  	94.453692 
1079.066720  	94.502445 
1079.424027  	94.425739 
1079.781334  	94.531102 
1080.138641  	94.661402 
1080.495948  	94.705708 
1080.853255  	94.698093 
1081.210561  	94.758551 
1081.567868  	94.947759 
1081.925175  	94.992953 
1082.282482  	95.096321 
1082.639789  	95.436716 
1082.997096  	95.482372 
1083.354403  	95.121146 
1083.711709  	94.974242 
1084.069016  	94.966420 
1084.426323  	94.752869 
1084.783630  	94.902053 
1085.140937  	95.131900 
1085.498244  	95.010100 
1085.855551  	95.071107 
1086.212857  	94.884140 
1086.570164  	94.463378 
1086.927471  	94.471183 
1087.284778  	94.412609 
1087.642085  	94.331783 
1087.999392  	94.606984 
1088.356699  	94.605636 
1088.714005  	94.358065 
1089.071312  	94.420605 
1089.428619  	94.323051 
1089.785926  	93.960660 
1090.143233  	93.920038 
1090.500540  	94.090007 
1090.857847  	94.159809 
1091.215153  	93.830820 
1091.572460  	93.296834 
1091.929767  	93.021622 
1092.287074  	92.825160 
1092.644381  	92.832426 
1093.001688  	92.638491 
1093.358995  	91.903966 
1093.716301  	91.681780 
1094.073608  	91.822853 
1094.430915  	91.473067 
1094.788222  	90.779860 
1095.145529  	90.031044 
1095.502836  	89.452114 
1095.860143  	88.740326 
1096.217450  	87.616455 
1096.574756  	86.459235 
1096.932063  	85.541530 
1097.289370  	84.724675 
1097.646677  	83.502783 
1098.003984  	81.942986 
1098.361291  	80.531729 
1098.718598  	79.011055 
1099.075904  	77.239379 
1099.433211  	75.622978 
1099.790518  	74.109500 
1100.147825  	72.428982 
1100.505132  	71.005274 
1100.862439  	70.346474 
1101.219746  	70.180644 
1101.577052  	70.324159 
1101.934359  	70.917826 
1102.291666  	71.795907 
1102.648973  	73.067414 
1103.006280  	74.736332 
1103.363587  	76.568598 
1103.720894  	78.645280 
1104.078200  	80.512828 
1104.435507  	81.976328 
1104.792814  	83.363137 
1105.150121  	84.628187 
1105.507428  	86.007979 
1105.864735  	87.392241 
1106.222042  	88.506434 
1106.579348  	89.540008 
1106.936655  	90.460736 
1107.293962  	91.437920 
1107.651269  	92.359074 
1108.008576  	92.854111 
1108.365883  	93.152862 
1108.723190  	93.476278 
1109.080497  	93.808926 
1109.437803  	93.991229 
1109.795110  	94.183516 
1110.152417  	94.568072 
1110.509724  	94.834930 
1110.867031  	95.029740 
1111.224338  	95.253708 
1111.581645  	95.323342 
1111.938951  	95.195367 
1112.296258  	95.241158 
1112.653565  	95.660463 
1113.010872  	95.809744 
1113.368179  	95.706667 
1113.725486  	95.917149 
1114.082793  	96.174488 
1114.440099  	96.201159 
1114.797406  	96.156137 
1115.154713  	96.138349 
1115.512020  	95.993208 
1115.869327  	95.945823 
1116.226634  	96.223670 
1116.583941  	96.264295 
1116.941247  	96.001097 
1117.298554  	95.870635 
1117.655861  	95.880313 
1118.013168  	95.841257 
1118.370475  	95.852255 
1118.727782  	96.172544 
1119.085089  	96.455257 
1119.442395  	96.445305 
1119.799702  	96.415707 
1120.157009  	96.497667 
1120.514316  	96.571762 
1120.871623  	96.570276 
1121.228930  	96.737361 
1121.586237  	96.628473 
1121.943544  	96.045635 
1122.300850  	95.921946 
1122.658157  	96.150790 
1123.015464  	96.213878 
1123.372771  	96.326089 
1123.730078  	96.409392 
1124.087385  	96.227368 
1124.444692  	95.891492 
1124.801998  	95.636609 
1125.159305  	95.474631 
1125.516612  	95.549216 
1125.873919  	95.769882 
1126.231226  	95.856586 
1126.588533  	95.882464 
1126.945840  	95.608818 
1127.303146  	95.398424 
1127.660453  	95.586431 
1128.017760  	95.424475 
1128.375067  	95.039119 
1128.732374  	94.956392 
1129.089681  	94.949899 
1129.446988  	94.688105 
1129.804294  	94.444572 
1130.161601  	94.613434 
1130.518908  	94.708809 
1130.876215  	94.641852 
1131.233522  	94.554438 
1131.590829  	94.191565 
1131.948136  	94.030412 
1132.305442  	94.319420 
1132.662749  	94.553521 
1133.020056  	94.369137 
1133.377363  	94.027648 
1133.734670  	93.907415 
1134.091977  	93.840755 
1134.449284  	93.815039 
1134.806591  	93.718572 
1135.163897  	93.383088 
1135.521204  	93.051446 
1135.878511  	92.962141 
1136.235818  	93.270594 
1136.593125  	93.293486 
1136.950432  	92.688193 
1137.307739  	92.398746 
1137.665045  	92.423560 
1138.022352  	92.213444 
1138.379659  	91.982906 
1138.736966  	91.810645 
1139.094273  	91.596528 
1139.451580  	91.454452 
1139.808887  	91.355412 
1140.166193  	91.187198 
1140.523500  	90.936380 
1140.880807  	90.551867 
1141.238114  	90.225041 
1141.595421  	89.965798 
1141.952728  	89.542234 
1142.310035  	89.185245 
1142.667341  	88.860727 
1143.024648  	88.378699 
1143.381955  	87.764421 
1143.739262  	87.071466 
1144.096569  	86.726726 
1144.453876  	86.439121 
1144.811183  	85.624612 
1145.168489  	84.719423 
1145.525796  	83.943226 
1145.883103  	83.154489 
1146.240410  	82.446413 
1146.597717  	81.769872 
1146.955024  	80.952201 
1147.312331  	79.833409 
1147.669638  	78.360634 
1148.026944  	76.757777 
1148.384251  	75.341994 
1148.741558  	73.860369 
1149.098865  	71.945809 
1149.456172  	69.901446 
1149.813479  	67.833318 
1150.170786  	65.541992 
1150.528092  	63.105355 
1150.885399  	60.399905 
1151.242706  	57.218096 
1151.600013  	53.754375 
1151.957320  	50.326257 
1152.314627  	46.984836 
1152.671934  	43.620851 
1153.029240  	40.341041 
1153.386547  	37.205161 
1153.743854  	34.148340 
1154.101161  	31.540176 
1154.458468  	29.670915 
1154.815775  	28.379161 
1155.173082  	27.571553 
1155.530388  	27.364717 
1155.887695  	27.906376 
1156.245002  	29.010528 
1156.602309  	30.501904 
1156.959616  	32.326888 
1157.316923  	34.343562 
1157.674230  	36.767245 
1158.031536  	39.631465 
1158.388843  	42.583649 
1158.746150  	45.569599 
1159.103457  	48.689614 
1159.460764  	51.886664 
1159.818071  	54.916277 
1160.175378  	57.905846 
1160.532685  	60.998551 
1160.889991  	63.820458 
1161.247298  	66.559964 
1161.604605  	69.381157 
1161.961912  	71.773158 
1162.319219  	73.850886 
1162.676526  	76.023187 
1163.033833  	78.213884 
1163.391139  	80.147918 
1163.748446  	81.673798 
1164.105753  	83.003902 
1164.463060  	84.291517 
1164.820367  	85.428955 
1165.177674  	86.437549 
1165.534981  	87.407953 
1165.892287  	88.201433 
1166.249594  	88.826743 
1166.606901  	89.565808 
1166.964208  	90.319556 
1167.321515  	90.951811 
1167.678822  	91.405975 
1168.036129  	91.521558 
1168.393435  	91.847030 
1168.750742  	92.653251 
1169.108049  	93.075309 
1169.465356  	92.916380 
1169.822663  	92.930391 
1170.179970  	93.217896 
1170.537277  	93.436321 
1170.894583  	93.690624 
1171.251890  	93.918977 
1171.609197  	94.050931 
1171.966504  	94.308913 
1172.323811  	94.415976 
1172.681118  	94.391392 
1173.038425  	94.609567 
1173.395731  	94.947900 
1173.753038  	95.343991 
1174.110345  	95.406549 
1174.467652  	94.884049 
1174.824959  	94.584441 
1175.182266  	94.840943 
1175.539573  	95.052170 
1175.896880  	94.982606 
1176.254186  	95.107564 
1176.611493  	95.358299 
1176.968800  	95.178875 
1177.326107  	95.079886 
1177.683414  	95.344698 
1178.040721  	95.380824 
1178.398028  	95.293109 
1178.755334  	95.226071 
1179.112641  	95.032385 
1179.469948  	94.964434 
1179.827255  	95.098226 
1180.184562  	95.194750 
1180.541869  	95.233917 
1180.899176  	95.361514 
1181.256482  	95.379794 
1181.613789  	95.223535 
1181.971096  	95.239317 
1182.328403  	95.268478 
1182.685710  	95.139260 
1183.043017  	95.144987 
1183.400324  	95.284275 
1183.757630  	95.325918 
1184.114937  	95.126620 
1184.472244  	94.975475 
1184.829551  	95.159982 
1185.186858  	95.172848 
1185.544165  	94.923504 
1185.901472  	94.907318 
1186.258778  	94.972289 
1186.616085  	94.991389 
1186.973392  	95.011140 
1187.330699  	94.842638 
1187.688006  	94.655625 
1188.045313  	94.597312 
1188.402620  	94.602614 
1188.759927  	94.613010 
1189.117233  	94.393983 
1189.474540  	94.004686 
1189.831847  	93.821358 
1190.189154  	94.004587 
1190.546461  	94.230724 
1190.903768  	94.223317 
1191.261075  	94.243597 
1191.618381  	94.101903 
1191.975688  	93.630663 
1192.332995  	93.358618 
1192.690302  	93.340087 
1193.047609  	93.306780 
1193.404916  	93.090580 
1193.762223  	92.815478 
1194.119529  	92.719229 
1194.476836  	92.522451 
1194.834143  	92.289500 
1195.191450  	92.142462 
1195.548757  	91.930235 
1195.906064  	91.808861 
1196.263371  	91.590745 
1196.620677  	91.316408 
1196.977984  	91.172054 
1197.335291  	90.869336 
1197.692598  	90.683812 
1198.049905  	90.720317 
1198.407212  	90.391838 
1198.764519  	89.777210 
1199.121825  	89.384791 
1199.479132  	89.186768 
1199.836439  	89.083487 
1200.193746  	88.983783 
1200.551053  	88.527334 
1200.908360  	87.978296 
1201.265667  	87.680255 
1201.622974  	87.381375 
1201.980280  	87.013266 
1202.337587  	86.550311 
1202.694894  	86.168837 
1203.052201  	85.957110 
1203.409508  	85.656000 
1203.766815  	85.285862 
1204.124122  	84.673929 
1204.481428  	83.888839 
1204.838735  	83.352071 
1205.196042  	83.010596 
1205.553349  	82.447224 
1205.910656  	81.554549 
1206.267963  	81.040817 
1206.625270  	80.643583 
1206.982576  	79.755158 
1207.339883  	79.194359 
1207.697190  	78.727203 
1208.054497  	77.889023 
1208.411804  	77.280571 
1208.769111  	76.648244 
1209.126418  	75.897310 
1209.483724  	75.335208 
1209.841031  	74.873259 
1210.198338  	74.351276 
1210.555645  	73.438955 
1210.912952  	72.416067 
1211.270259  	71.729959 
1211.627566  	71.198295 
1211.984872  	70.542928 
1212.342179  	69.463287 
1212.699486  	68.260097 
1213.056793  	67.356158 
1213.414100  	66.430780 
1213.771407  	65.443393 
1214.128714  	64.417550 
1214.486021  	63.167464 
1214.843327  	61.893361 
1215.200634  	60.618618 
1215.557941  	59.300362 
1215.915248  	57.985045 
1216.272555  	56.605506 
1216.629862  	55.190105 
1216.987169  	53.611249 
1217.344475  	51.957338 
1217.701782  	50.312207 
1218.059089  	48.620487 
1218.416396  	47.143858 
1218.773703  	45.506556 
1219.131010  	43.591437 
1219.488317  	41.976057 
1219.845623  	40.399308 
1220.202930  	38.729579 
1220.560237  	37.198842 
1220.917544  	35.675517 
1221.274851  	34.182720 
1221.632158  	32.792281 
1221.989465  	31.570543 
1222.346771  	30.378977 
1222.704078  	29.094913 
1223.061385  	28.074603 
1223.418692  	27.288251 
1223.775999  	26.467480 
1224.133306  	25.808126 
1224.490613  	25.304822 
1224.847919  	24.832083 
1225.205226  	24.580196 
1225.562533  	24.467156 
1225.919840  	24.220343 
1226.277147  	23.920003 
1226.634454  	23.835035 
1226.991761  	23.947332 
1227.349068  	24.001617 
1227.706374  	24.075618 
1228.063681  	24.327727 
1228.420988  	24.675285 
1228.778295  	24.959577 
1229.135602  	25.161283 
1229.492909  	25.547102 
1229.850216  	26.056584 
1230.207522  	26.507402 
1230.564829  	27.022439 
1230.922136  	27.613432 
1231.279443  	28.292887 
1231.636750  	28.929871 
1231.994057  	29.472677 
1232.351364  	30.187314 
1232.708670  	31.005190 
1233.065977  	31.734178 
1233.423284  	32.496617 
1233.780591  	33.412213 
1234.137898  	34.393578 
1234.495205  	35.487170 
1234.852512  	36.533623 
1235.209818  	37.326908 
1235.567125  	38.418406 
1235.924432  	39.748361 
1236.281739  	40.843289 
1236.639046  	42.064446 
1236.996353  	43.342337 
1237.353660  	44.421946 
1237.710966  	45.492064 
1238.068273  	46.622086 
1238.425580  	47.832686 
1238.782887  	49.067940 
1239.140194  	50.202252 
1239.497501  	51.195166 
1239.854808  	52.268320 
1240.212115  	53.349145 
1240.569421  	54.162230 
1240.926728  	55.026280 
1241.284035  	55.947395 
1241.641342  	56.776839 
1241.998649  	57.710155 
1242.355956  	58.604607 
1242.713263  	59.405248 
1243.070569  	60.195025 
1243.427876  	60.956863 
1243.785183  	61.602944 
1244.142490  	62.031091 
1244.499797  	62.468061 
1244.857104  	63.021231 
1245.214411  	63.573381 
1245.571717  	64.054737 
1245.929024  	64.489120 
1246.286331  	64.871758 
1246.643638  	64.992020 
1247.000945  	65.073495 
1247.358252  	65.271660 
1247.715559  	65.190334 
1248.072865  	64.995186 
1248.430172  	64.975976 
1248.787479  	64.897776 
1249.144786  	64.711251 
1249.502093  	64.462944 
1249.859400  	64.049718 
1250.216707  	63.535357 
1250.574013  	63.003273 
1250.931320  	62.495619 
1251.288627  	62.016987 
1251.645934  	61.340575 
1252.003241  	60.464131 
1252.360548  	59.493577 
1252.717855  	58.491939 
1253.075161  	57.610442 
1253.432468  	56.519876 
1253.789775  	55.256202 
1254.147082  	54.138737 
1254.504389  	52.771769 
1254.861696  	51.219910 
1255.219003  	49.661096 
1255.576310  	47.871635 
1255.933616  	46.063413 
1256.290923  	44.288236 
1256.648230  	42.332763 
1257.005537  	40.185109 
1257.362844  	38.017680 
1257.720151  	35.957286 
1258.077458  	33.858992 
1258.434764  	31.730612 
1258.792071  	29.653677 
1259.149378  	27.511732 
1259.506685  	25.437197 
1259.863992  	23.644522 
1260.221299  	21.962861 
1260.578606  	20.399277 
1260.935912  	19.167724 
1261.293219  	18.228701 
1261.650526  	17.651908 
1262.007833  	17.325823 
1262.365140  	17.095097 
1262.722447  	17.073427 
1263.079754  	17.296851 
1263.437060  	17.836257 
1263.794367  	18.586727 
1264.151674  	19.466521 
1264.508981  	20.479413 
1264.866288  	21.414445 
1265.223595  	22.327781 
1265.580902  	23.468363 
1265.938208  	24.974702 
1266.295515  	26.737526 
1266.652822  	28.654382 
1267.010129  	30.769748 
1267.367436  	32.858614 
1267.724743  	34.968358 
1268.082050  	37.415570 
1268.439357  	40.103106 
1268.796663  	42.675600 
1269.153970  	45.162869 
1269.511277  	47.916385 
1269.868584  	50.736449 
1270.225891  	53.425314 
1270.583198  	56.169619 
1270.940505  	58.676006 
1271.297811  	61.011019 
1271.655118  	63.662057 
1272.012425  	66.330581 
1272.369732  	68.644279 
1272.727039  	70.729095 
1273.084346  	72.623605 
1273.441653  	74.413175 
1273.798959  	76.135791 
1274.156266  	77.588371 
1274.513573  	78.778051 
1274.870880  	80.090202 
1275.228187  	81.570950 
1275.585494  	82.730915 
1275.942801  	83.469379 
1276.300107  	84.192113 
1276.657414  	85.146831 
1277.014721  	86.015831 
1277.372028  	86.485503 
1277.729335  	86.988266 
1278.086642  	87.604545 
1278.443949  	88.028461 
1278.801255  	88.493480 
1279.158562  	88.907670 
1279.515869  	89.112945 
1279.873176  	89.422241 
1280.230483  	89.815874 
1280.587790  	90.107597 
1280.945097  	90.246873 
1281.302404  	90.320325 
1281.659710  	90.508153 
1282.017017  	90.625765 
1282.374324  	90.556987 
1282.731631  	90.632471 
1283.088938  	90.907677 
1283.446245  	91.192914 
1283.803552  	91.470524 
1284.160858  	91.520402 
1284.518165  	91.340159 
1284.875472  	91.367932 
1285.232779  	91.527262 
1285.590086  	91.647471 
1285.947393  	91.773182 
1286.304700  	91.641677 
1286.662006  	91.457234 
1287.019313  	91.541150 
1287.376620  	91.478857 
1287.733927  	91.245724 
1288.091234  	91.305049 
1288.448541  	91.362288 
1288.805848  	91.008014 
1289.163154  	90.714952 
1289.520461  	90.639011 
1289.877768  	90.462260 
1290.235075  	90.351483 
1290.592382  	90.117104 
1290.949689  	89.679651 
1291.306996  	89.441555 
1291.664302  	89.063514 
1292.021609  	88.529245 
1292.378916  	88.103695 
1292.736223  	87.544200 
1293.093530  	86.963750 
1293.450837  	86.299108 
1293.808144  	85.437557 
1294.165451  	84.646363 
1294.522757  	83.945019 
1294.880064  	83.307008 
1295.237371  	82.714458 
1295.594678  	82.176748 
1295.951985  	81.673434 
1296.309292  	81.217103 
1296.666599  	80.980405 
1297.023905  	80.985823 
1297.381212  	81.262387 
1297.738519  	81.574179 
1298.095826  	81.743320 
1298.453133  	81.991854 
1298.810440  	82.338479 
1299.167747  	82.946229 
1299.525053  	83.682346 
1299.882360  	84.135169 
1300.239667  	84.565124 
1300.596974  	85.190999 
1300.954281  	85.916910 
1301.311588  	86.442026 
1301.668895  	86.727371 
1302.026201  	87.287570 
1302.383508  	87.983579 
1302.740815  	88.485955 
1303.098122  	88.956278 
1303.455429  	89.382921 
1303.812736  	89.601241 
1304.170043  	89.607775 
1304.527349  	89.812885 
1304.884656  	90.220811 
1305.241963  	90.336584 
1305.599270  	90.367058 
1305.956577  	90.568656 
1306.313884  	90.729114 
1306.671191  	90.812167 
1307.028498  	90.993930 
1307.385804  	91.201027 
1307.743111  	91.083175 
1308.100418  	90.923890 
1308.457725  	91.086353 
1308.815032  	91.113141 
1309.172339  	91.078087 
1309.529646  	91.383344 
1309.886952  	91.676815 
1310.244259  	91.745899 
1310.601566  	91.698127 
1310.958873  	91.730554 
1311.316180  	92.069063 
1311.673487  	92.227346 
1312.030794  	92.084814 
1312.388100  	92.179285 
1312.745407  	92.326191 
1313.102714  	92.481259 
1313.460021  	92.717689 
1313.817328  	92.719448 
1314.174635  	92.766940 
1314.531942  	92.977673 
1314.889248  	93.157719 
1315.246555  	93.323566 
1315.603862  	93.463841 
1315.961169  	93.608034 
1316.318476  	93.646186 
1316.675783  	93.797099 
1317.033090  	94.152802 
1317.390396  	94.278699 
1317.747703  	94.468683 
1318.105010  	94.741039 
1318.462317  	94.733997 
1318.819624  	94.696613 
1319.176931  	94.826863 
1319.534238  	95.114980 
1319.891545  	95.325307 
1320.248851  	95.403128 
1320.606158  	95.512589 
1320.963465  	95.470154 
1321.320772  	95.472932 
1321.678079  	95.711781 
1322.035386  	95.896458 
1322.392693  	95.894177 
1322.749999  	95.800974 
1323.107306  	95.867691 
1323.464613  	96.003574 
1323.821920  	96.088311 
1324.179227  	96.227555 
1324.536534  	96.207622 
1324.893841  	96.138001 
1325.251147  	96.247137 
1325.608454  	96.328495 
1325.965761  	96.323587 
1326.323068  	96.355323 
1326.680375  	96.409018 
1327.037682  	96.282995 
1327.394989  	96.097400 
1327.752295  	96.145200 
1328.109602  	96.239922 
1328.466909  	96.304861 
1328.824216  	96.420071 
1329.181523  	96.348813 
1329.538830  	96.073214 
1329.896137  	95.905957 
1330.253443  	95.899223 
1330.610750  	95.910425 
1330.968057  	95.954691 
1331.325364  	95.946037 
1331.682671  	95.824789 
1332.039978  	95.733127 
1332.397285  	95.641135 
1332.754592  	95.494047 
1333.111898  	95.295808 
1333.469205  	95.114667 
1333.826512  	95.170523 
1334.183819  	95.292924 
1334.541126  	95.077833 
1334.898433  	94.785639 
1335.255740  	94.768345 
1335.613046  	94.684305 
1335.970353  	94.548266 
1336.327660  	94.599172 
1336.684967  	94.403263 
1337.042274  	94.108452 
1337.399581  	94.118196 
1337.756888  	93.992592 
1338.114194  	93.690648 
1338.471501  	93.421608 
1338.828808  	93.126905 
1339.186115  	92.842067 
1339.543422  	92.649105 
1339.900729  	92.519004 
1340.258036  	92.359663 
1340.615342  	92.141327 
1340.972649  	91.799617 
1341.329956  	91.429924 
1341.687263  	91.148213 
1342.044570  	90.916451 
1342.401877  	90.632979 
1342.759184  	90.084351 
1343.116490  	89.487621 
1343.473797  	89.103750 
1343.831104  	88.699572 
1344.188411  	88.297146 
1344.545718  	87.764221 
1344.903025  	86.996451 
1345.260332  	86.328521 
1345.617638  	85.732729 
1345.974945  	85.086016 
1346.332252  	84.366887 
1346.689559  	83.575722 
1347.046866  	82.664737 
1347.404173  	81.617951 
1347.761480  	80.668837 
1348.118787  	79.667735 
1348.476093  	78.565658 
1348.833400  	77.577185 
1349.190707  	76.417815 
1349.548014  	74.966690 
1349.905321  	73.622293 
1350.262628  	72.488823 
1350.619935  	71.175138 
1350.977241  	69.762066 
1351.334548  	68.411698 
1351.691855  	66.870391 
1352.049162  	65.523048 
1352.406469  	64.384168 
1352.763776  	62.991802 
1353.121083  	61.485810 
1353.478389  	60.208029 
1353.835696  	59.213668 
1354.193003  	58.042685 
1354.550310  	56.970924 
1354.907617  	56.144407 
1355.264924  	55.083135 
1355.622231  	54.352414 
1355.979537  	53.860084 
1356.336844  	53.341974 
1356.694151  	53.060207 
1357.051458  	52.818535 
1357.408765  	52.633777 
1357.766072  	52.603707 
1358.123379  	52.815493 
1358.480685  	53.102180 
1358.837992  	53.486922 
1359.195299  	54.079219 
1359.552606  	54.497038 
1359.909913  	55.075491 
1360.267220  	55.962682 
1360.624527  	56.996063 
1360.981834  	58.201283 
1361.339140  	59.168197 
1361.696447  	60.189686 
1362.053754  	61.423874 
1362.411061  	62.765563 
1362.768368  	64.038034 
1363.125675  	65.200290 
1363.482982  	66.903239 
1363.840288  	68.438772 
1364.197595  	69.683110 
1364.554902  	70.976327 
1364.912209  	72.274900 
1365.269516  	73.509747 
1365.626823  	74.687850 
1365.984130  	76.078437 
1366.341436  	77.300240 
1366.698743  	78.160806 
1367.056050  	79.127808 
1367.413357  	80.169439 
1367.770664  	81.284752 
1368.127971  	82.218803 
1368.485278  	83.023258 
1368.842584  	83.907099 
1369.199891  	84.420299 
1369.557198  	84.977516 
1369.914505  	85.640375 
1370.271812  	86.276231 
1370.629119  	87.078444 
1370.986426  	87.708458 
1371.343732  	88.302833 
1371.701039  	88.791802 
1372.058346  	88.920330 
1372.415653  	89.102758 
1372.772960  	89.425143 
1373.130267  	89.902463 
1373.487574  	90.410888 
1373.844881  	90.905812 
1374.202187  	91.457689 
1374.559494  	91.651549 
1374.916801  	91.740412 
1375.274108  	91.943948 
1375.631415  	92.121470 
1375.988722  	92.352935 
1376.346029  	92.578466 
1376.703335  	92.699154 
1377.060642  	92.844274 
1377.417949  	93.119684 
1377.775256  	93.307248 
1378.132563  	93.359908 
1378.489870  	93.503810 
1378.847177  	93.587180 
1379.204483  	93.633795 
1379.561790  	93.791387 
1379.919097  	93.925561 
1380.276404  	93.991322 
1380.633711  	94.077641 
1380.991018  	94.220944 
1381.348325  	94.298440 
1381.705631  	94.278302 
1382.062938  	94.228782 
1382.420245  	94.247142 
1382.777552  	94.408396 
1383.134859  	94.478332 
1383.492166  	94.426562 
1383.849473  	94.499057 
1384.206779  	94.679149 
1384.564086  	94.607436 
1384.921393  	94.216391 
1385.278700  	94.115949 
1385.636007  	94.281268 
1385.993314  	94.283696 
1386.350621  	94.314918 
1386.707928  	94.406718 
1387.065234  	94.486618 
1387.422541  	94.541928 
1387.779848  	94.422794 
1388.137155  	94.316749 
1388.494462  	94.172000 
1388.851769  	94.048453 
1389.209076  	94.015243 
1389.566382  	94.003571 
1389.923689  	93.962406 
1390.280996  	93.740310 
1390.638303  	93.581629 
1390.995610  	93.518311 
1391.352917  	93.333741 
1391.710224  	93.341708 
1392.067530  	93.419079 
1392.424837  	93.215473 
1392.782144  	92.858560 
1393.139451  	92.539680 
1393.496758  	92.427345 
1393.854065  	92.371199 
1394.211372  	92.009637 
1394.568678  	91.183989 
1394.925985  	90.792865 
1395.283292  	90.824019 
1395.640599  	90.656885 
1395.997906  	90.369611 
1396.355213  	90.155456 
1396.712520  	89.680071 
1397.069826  	89.139536 
1397.427133  	88.617965 
1397.784440  	87.733589 
1398.141747  	86.985722 
1398.499054  	86.708092 
1398.856361  	86.309476 
1399.213668  	85.151875 
1399.570975  	83.781885 
1399.928281  	83.159654 
1400.285588  	82.552384 
1400.642895  	81.708819 
1401.000202  	80.803652 
1401.357509  	79.915148 
1401.714816  	79.083163 
1402.072123  	78.137833 
1402.429429  	76.903114 
1402.786736  	75.578739 
1403.144043  	74.443141 
1403.501350  	73.401151 
1403.858657  	72.088610 
1404.215964  	70.895158 
1404.573271  	70.201795 
1404.930577  	69.110168 
1405.287884  	67.475180 
1405.645191  	66.847217 
1406.002498  	66.569826 
1406.359805  	65.979210 
1406.717112  	65.492883 
1407.074419  	65.388520 
1407.431725  	65.497023 
1407.789032  	65.888412 
1408.146339  	66.348602 
1408.503646  	66.760082 
1408.860953  	67.441443 
1409.218260  	68.416172 
1409.575567  	69.496341 
1409.932873  	70.482624 
1410.290180  	71.484518 
1410.647487  	72.622241 
1411.004794  	73.667124 
1411.362101  	74.582600 
1411.719408  	75.445273 
1412.076715  	76.363003 
1412.434022  	77.292740 
1412.791328  	78.186888 
1413.148635  	78.963979 
1413.505942  	79.451450 
1413.863249  	79.954199 
1414.220556  	80.362876 
1414.577863  	80.526933 
1414.935170  	80.932276 
1415.292476  	81.412792 
1415.649783  	81.700608 
1416.007090  	81.957399 
1416.364397  	82.237338 
1416.721704  	82.485055 
1417.079011  	82.627466 
1417.436318  	82.767949 
1417.793624  	83.001592 
1418.150931  	83.283445 
1418.508238  	83.559106 
1418.865545  	83.933047 
1419.222852  	84.625962 
1419.580159  	84.184896 
1419.937466  	83.811338 
1420.294772  	83.993718 
1420.652079  	84.073830 
1421.009386  	84.272839 
1421.366693  	84.492905 
1421.724000  	84.692364 
1422.081307  	84.967449 
1422.438614  	85.022164 
1422.795920  	85.036160 
1423.153227  	85.206211 
1423.510534  	85.353239 
1423.867841  	85.442846 
1424.225148  	85.368721 
1424.582455  	85.310783 
1424.939762  	85.517225 
1425.297068  	85.695423 
1425.654375  	85.581810 
1426.011682  	85.496080 
1426.368989  	85.452707 
1426.726296  	85.302732 
1427.083603  	85.265991 
1427.440910  	85.207469 
1427.798217  	85.081617 
1428.155523  	85.037245 
1428.512830  	84.995293 
1428.870137  	84.926567 
1429.227444  	84.698942 
1429.584751  	84.437813 
1429.942058  	84.347333 
1430.299365  	84.214585 
1430.656671  	84.102174 
1431.013978  	84.011374 
1431.371285  	83.950882 
1431.728592  	84.037063 
1432.085899  	84.095899 
1432.443206  	84.056327 
1432.800513  	83.993234 
1433.157819  	84.014315 
1433.515126  	84.268980 
1433.872433  	84.492949 
1434.229740  	84.556213 
1434.587047  	84.596388 
1434.944354  	84.678720 
1435.301661  	84.958722 
1435.658967  	85.309274 
1436.016274  	85.534734 
1436.373581  	85.924428 
1436.730888  	86.493367 
1437.088195  	86.304436 
1437.445502  	86.385202 
1437.802809  	86.794664 
1438.160115  	87.486469 
1438.517422  	88.050775 
1438.874729  	88.306076 
1439.232036  	88.470777 
1439.589343  	88.573779 
1439.946650  	88.803642 
1440.303957  	89.298329 
1440.661264  	89.784033 
1441.018570  	90.009788 
1441.375877  	90.275565 
1441.733184  	90.721417 
1442.090491  	90.899078 
1442.447798  	90.961644 
1442.805105  	91.175304 
1443.162412  	91.346266 
1443.519718  	91.526381 
1443.877025  	91.765127 
1444.234332  	92.067533 
1444.591639  	92.357396 
1444.948946  	92.606217 
1445.306253  	92.857768 
1445.663560  	92.885216 
1446.020866  	92.892229 
1446.378173  	93.111417 
1446.735480  	93.367134 
1447.092787  	93.571315 
1447.450094  	93.654984 
1447.807401  	93.828680 
1448.164708  	94.136746 
1448.522014  	94.229179 
1448.879321  	94.373677 
1449.236628  	94.503314 
1449.593935  	94.636993 
1449.951242  	94.806380 
1450.308549  	94.852654 
1450.665856  	94.829980 
1451.023162  	94.761382 
1451.380469  	94.791194 
1451.737776  	95.015686 
1452.095083  	95.226133 
1452.452390  	95.249369 
1452.809697  	95.195015 
1453.167004  	95.262528 
1453.524311  	95.270305 
1453.881617  	95.087111 
1454.238924  	95.141492 
1454.596231  	95.383819 
1454.953538  	95.333759 
1455.310845  	95.111120 
1455.668152  	95.107550 
1456.025459  	95.392010 
1456.382765  	95.933483 
1456.740072  	96.317632 
1457.097379  	95.625313 
1457.454686  	95.867172 
1457.811993  	95.948992 
1458.169300  	95.923006 
1458.526607  	95.971050 
1458.883913  	96.015180 
1459.241220  	95.985987 
1459.598527  	96.033607 
1459.955834  	96.230769 
1460.313141  	96.276681 
1460.670448  	96.217453 
1461.027755  	96.268298 
1461.385061  	96.252350 
1461.742368  	96.197490 
1462.099675  	96.202404 
1462.456982  	96.192982 
1462.814289  	96.268823 
1463.171596  	96.394324 
1463.528903  	96.398613 
1463.886209  	96.396184 
1464.243516  	96.451301 
1464.600823  	96.218933 
1464.958130  	95.738151 
1465.315437  	96.026962 
1465.672744  	96.329104 
1466.030051  	96.485223 
1466.387358  	96.504419 
1466.744664  	96.464067 
1467.101971  	96.543676 
1467.459278  	96.559232 
1467.816585  	96.545353 
1468.173892  	96.650757 
1468.531199  	96.763581 
1468.888506  	96.612751 
1469.245812  	96.360697 
1469.603119  	96.567408 
1469.960426  	96.823138 
1470.317733  	96.674946 
1470.675040  	96.517853 
1471.032347  	96.462502 
1471.389654  	96.444226 
1471.746960  	96.461063 
1472.104267  	96.571317 
1472.461574  	96.555347 
1472.818881  	96.439108 
1473.176188  	96.443587 
1473.533495  	96.207453 
1473.890802  	96.090865 
1474.248108  	96.326013 
1474.605415  	96.355842 
1474.962722  	96.373123 
1475.320029  	96.464135 
1475.677336  	96.454646 
1476.034643  	96.446884 
1476.391950  	96.491657 
1476.749256  	96.389783 
1477.106563  	96.388473 
1477.463870  	96.471949 
1477.821177  	96.323636 
1478.178484  	96.166387 
1478.535791  	96.320186 
1478.893098  	96.329971 
1479.250405  	96.128012 
1479.607711  	96.125296 
1479.965018  	96.280987 
1480.322325  	96.270747 
1480.679632  	96.054781 
1481.036939  	96.009316 
1481.394246  	96.123542 
1481.751553  	96.068617 
1482.108859  	96.114602 
1482.466166  	96.212812 
1482.823473  	96.100486 
1483.180780  	96.061786 
1483.538087  	96.113922 
1483.895394  	95.982319 
1484.252701  	95.848728 
1484.610007  	95.841620 
1484.967314  	95.970652 
1485.324621  	96.014269 
1485.681928  	95.786215 
1486.039235  	95.722522 
1486.396542  	95.715431 
1486.753849  	95.635061 
1487.111155  	95.754140 
1487.468462  	95.406809 
1487.825769  	95.021891 
1488.183076  	95.122453 
1488.540383  	95.131521 
1488.897690  	94.934911 
1489.254997  	94.533588 
1489.612303  	94.409818 
1489.969610  	94.570399 
1490.326917  	94.761876 
1490.684224  	94.846145 
1491.041531  	94.119315 
1491.398838  	93.999888 
1491.756145  	94.265817 
1492.113452  	93.969077 
1492.470758  	93.586149 
1492.828065  	93.375941 
1493.185372  	93.253159 
1493.542679  	92.950910 
1493.899986  	92.355818 
1494.257293  	91.993771 
1494.614600  	91.812462 
1494.971906  	91.553236 
1495.329213  	90.979522 
1495.686520  	90.341327 
1496.043827  	89.746170 
1496.401134  	87.504275 
1496.758441  	86.690331 
1497.115748  	86.659637 
1497.473054  	85.951909 
1497.830361  	84.886939 
1498.187668  	83.854392 
1498.544975  	83.168990 
1498.902282  	81.193579 
1499.259589  	78.752986 
1499.616896  	78.034211 
1499.974202  	76.911177 
1500.331509  	75.301059 
1500.688816  	73.612198 
1501.046123  	71.821643 
1501.403430  	70.008532 
1501.760737  	67.552243 
1502.118044  	64.800327 
1502.475350  	62.311540 
1502.832657  	59.716939 
1503.189964  	56.618915 
1503.547271  	53.455301 
1503.904578  	50.864906 
1504.261885  	48.192653 
1504.619192  	46.048216 
1504.976498  	44.798955 
1505.333805  	44.298491 
1505.691112  	45.095341 
1506.048419  	44.160162 
1506.405726  	44.828838 
1506.763033  	46.391385 
1507.120340  	50.004343 
1507.477647  	54.655663 
1507.834953  	57.029419 
1508.192260  	60.120726 
1508.549567  	64.173444 
1508.906874  	68.378698 
1509.264181  	71.314258 
1509.621488  	74.257108 
1509.978795  	77.845323 
1510.336101  	80.055172 
1510.693408  	81.953646 
1511.050715  	83.910834 
1511.408022  	85.422963 
1511.765329  	86.725524 
1512.122636  	87.922144 
1512.479943  	89.261210 
1512.837249  	90.057577 
1513.194556  	90.600853 
1513.551863  	91.348437 
1513.909170  	91.974646 
1514.266477  	92.390168 
1514.623784  	92.559025 
1514.981091  	92.687611 
1515.338397  	93.160046 
1515.695704  	93.384250 
1516.053011  	93.591706 
1516.410318  	94.078263 
1516.767625  	94.190896 
1517.124932  	93.984639 
1517.482239  	94.134937 
1517.839545  	94.540411 
1518.196852  	94.804409 
1518.554159  	95.117312 
1518.911466  	95.440545 
1519.268773  	95.467413 
1519.626080  	95.443350 
1519.983387  	95.564978 
1520.340694  	95.790417 
1520.698000  	96.158908 
1521.055307  	96.236170 
1521.412614  	95.953362 
1521.769921  	96.019903 
1522.127228  	96.187582 
1522.484535  	96.305716 
1522.841842  	96.075733 
1523.199148  	96.118512 
1523.556455  	96.411067 
1523.913762  	96.499506 
1524.271069  	96.567660 
1524.628376  	96.665160 
1524.985683  	96.664485 
1525.342990  	96.706451 
1525.700296  	96.431005 
1526.057603  	96.086936 
1526.414910  	96.060187 
1526.772217  	96.136644 
1527.129524  	96.198663 
1527.486831  	96.202242 
1527.844138  	96.237149 
1528.201444  	96.244571 
1528.558751  	96.118364 
1528.916058  	95.968406 
1529.273365  	95.911930 
1529.630672  	96.073103 
1529.987979  	96.444222 
1530.345286  	96.554431 
1530.702592  	96.468838 
1531.059899  	96.572254 
1531.417206  	96.656449 
1531.774513  	96.576084 
1532.131820  	96.426138 
1532.489127  	96.330737 
1532.846434  	96.383401 
1533.203741  	96.492247 
1533.561047  	96.775957 
1533.918354  	96.684228 
1534.275661  	96.094484 
1534.632968  	96.115512 
1534.990275  	96.183196 
1535.347582  	96.118087 
1535.704889  	96.226609 
1536.062195  	96.213535 
1536.419502  	96.197438 
1536.776809  	96.373008 
1537.134116  	96.367527 
1537.491423  	96.151902 
1537.848730  	95.925291 
1538.206037  	95.954766 
1538.563343  	96.379937 
1538.920650  	96.506490 
1539.277957  	95.932960 
1539.635264  	95.910775 
1539.992571  	95.962077 
1540.349878  	96.214378 
1540.707185  	96.378168 
1541.064491  	96.353569 
1541.421798  	96.222328 
1541.779105  	96.066008 
1542.136412  	96.654289 
1542.493719  	96.628030 
1542.851026  	96.150786 
1543.208333  	96.024453 
1543.565639  	96.018509 
1543.922946  	96.143365 
1544.280253  	96.174097 
1544.637560  	96.139716 
1544.994867  	96.319425 
1545.352174  	96.234149 
1545.709481  	95.996589 
1546.066788  	95.903722 
1546.424094  	95.778301 
1546.781401  	95.921658 
1547.138708  	96.271172 
1547.496015  	96.428139 
1547.853322  	96.342290 
1548.210629  	96.234817 
1548.567936  	96.147604 
1548.925242  	96.052894 
1549.282549  	96.116972 
1549.639856  	96.214975 
1549.997163  	96.114843 
1550.354470  	96.117847 
1550.711777  	96.299491 
1551.069084  	96.385747 
1551.426390  	96.256822 
1551.783697  	96.218055 
1552.141004  	96.422291 
1552.498311  	96.345879 
1552.855618  	96.036055 
1553.212925  	95.947861 
1553.570232  	96.038905 
1553.927538  	96.144649 
1554.284845  	95.913055 
1554.642152  	95.451157 
1554.999459  	95.621229 
1555.356766  	95.706176 
1555.714073  	95.758783 
1556.071380  	95.826991 
1556.428686  	95.584032 
1556.785993  	95.292050 
1557.143300  	95.328778 
1557.500607  	95.472540 
1557.857914  	95.543813 
1558.215221  	95.213825 
1558.572528  	94.426845 
1558.929835  	94.849229 
1559.287141  	95.261044 
1559.644448  	95.306585 
1560.001755  	95.441803 
1560.359062  	95.156489 
1560.716369  	94.548619 
1561.073676  	94.295423 
1561.430983  	94.333696 
1561.788289  	94.417404 
1562.145596  	94.429501 
1562.502903  	94.372454 
1562.860210  	94.245481 
1563.217517  	94.151179 
1563.574824  	94.015925 
1563.932131  	93.856363 
1564.289437  	93.777441 
1564.646744  	93.587366 
1565.004051  	93.159478 
1565.361358  	92.922103 
1565.718665  	92.940296 
1566.075972  	92.998838 
1566.433279  	93.040466 
1566.790585  	92.835221 
1567.147892  	92.485662 
1567.505199  	92.420529 
1567.862506  	92.269304 
1568.219813  	91.983169 
1568.577120  	91.957887 
1568.934427  	91.840758 
1569.291733  	91.816281 
1569.649040  	91.925576 
1570.006347  	91.399555 
1570.363654  	91.474880 
1570.720961  	91.533042 
1571.078268  	91.087311 
1571.435575  	90.750753 
1571.792882  	90.720591 
1572.150188  	90.685171 
1572.507495  	90.627179 
1572.864802  	90.477061 
1573.222109  	90.272153 
1573.579416  	90.121091 
1573.936723  	89.897612 
1574.294030  	89.768688 
1574.651336  	89.667194 
1575.008643  	89.303601 
1575.365950  	89.150262 
1575.723257  	89.452596 
1576.080564  	89.200722 
1576.437871  	86.597398 
1576.795178  	86.333257 
1577.152484  	86.707177 
1577.509791  	86.440648 
1577.867098  	85.717000 
1578.224405  	85.284886 
1578.581712  	84.973991 
1578.939019  	84.468693 
1579.296326  	83.706504 
1579.653632  	82.842188 
1580.010939  	82.146932 
1580.368246  	81.381203 
1580.725553  	80.382807 
1581.082860  	79.426389 
1581.440167  	78.620073 
1581.797474  	77.772498 
1582.154780  	76.752041 
1582.512087  	75.641567 
1582.869394  	74.549834 
1583.226701  	73.554507 
1583.584008  	72.513147 
1583.941315  	71.393346 
1584.298622  	70.347706 
1584.655928  	69.178593 
1585.013235  	67.963928 
1585.370542  	66.886371 
1585.727849  	65.724323 
1586.085156  	64.508181 
1586.442463  	63.300824 
1586.799770  	62.004723 
1587.157077  	60.603654 
1587.514383  	59.043973 
1587.871690  	57.325677 
1588.228997  	55.559598 
1588.586304  	53.750155 
1588.943611  	51.779397 
1589.300918  	49.685453 
1589.658225  	47.509481 
1590.015531  	45.335338 
1590.372838  	43.256336 
1590.730145  	41.078238 
1591.087452  	38.945407 
1591.444759  	36.981686 
1591.802066  	34.971369 
1592.159373  	32.996296 
1592.516679  	31.116181 
1592.873986  	29.473588 
1593.231293  	28.212997 
1593.588600  	27.129784 
1593.945907  	26.075271 
1594.303214  	25.158721 
1594.660521  	24.605143 
1595.017827  	24.362683 
1595.375134  	24.375040 
1595.732441  	24.639423 
1596.089748  	25.192945 
1596.447055  	26.110741 
1596.804362  	27.214318 
1597.161669  	28.580645 
1597.518975  	30.170853 
1597.876282  	31.916245 
1598.233589  	33.779032 
1598.590896  	35.493652 
1598.948203  	37.419090 
1599.305510  	39.649823 
1599.662817  	41.861942 
1600.020124  	44.180286 
1600.377430  	46.693025 
1600.734737  	49.284979 
1601.092044  	51.764153 
1601.449351  	54.267020 
1601.806658  	56.808459 
1602.163965  	59.277959 
1602.521272  	61.853871 
1602.878578  	64.318023 
1603.235885  	66.547837 
1603.593192  	68.607107 
1603.950499  	70.390155 
1604.307806  	72.016134 
1604.665113  	73.628560 
1605.022420  	75.116881 
1605.379726  	76.284295 
1605.737033  	77.354859 
1606.094340  	78.418958 
1606.451647  	79.381497 
1606.808954  	80.315241 
1607.166261  	81.102565 
1607.523568  	81.883536 
1607.880874  	82.655077 
1608.238181  	83.335188 
1608.595488  	83.899881 
1608.952795  	84.214485 
1609.310102  	84.725238 
1609.667409  	85.301318 
1610.024716  	85.622827 
1610.382022  	86.082775 
1610.739329  	86.472263 
1611.096636  	86.778964 
1611.453943  	87.071040 
1611.811250  	87.404264 
1612.168557  	87.927344 
1612.525864  	88.300520 
1612.883171  	88.551873 
1613.240477  	88.735158 
1613.597784  	88.892762 
1613.955091  	89.267234 
1614.312398  	89.592066 
1614.669705  	89.828161 
1615.027012  	90.013107 
1615.384319  	90.114633 
1615.741625  	90.399147 
1616.098932  	90.809900 
1616.456239  	91.080751 
1616.813546  	90.717371 
1617.170853  	90.765602 
1617.528160  	91.245411 
1617.885467  	91.604808 
1618.242773  	91.866789 
1618.600080  	91.900747 
1618.957387  	91.866330 
1619.314694  	92.125067 
1619.672001  	92.581727 
1620.029308  	92.858020 
1620.386615  	92.717435 
1620.743921  	92.512660 
1621.101228  	92.662789 
1621.458535  	92.837104 
1621.815842  	92.899530 
1622.173149  	93.060679 
1622.530456  	92.931811 
1622.887763  	92.690725 
1623.245069  	93.065920 
1623.602376  	93.335442 
1623.959683  	93.075995 
1624.316990  	93.176956 
1624.674297  	93.253537 
1625.031604  	93.341253 
1625.388911  	93.480327 
1625.746218  	93.702895 
1626.103524  	93.895404 
1626.460831  	93.759752 
1626.818138  	93.748578 
1627.175445  	94.034720 
1627.532752  	94.061847 
1627.890059  	93.721471 
1628.247366  	93.743594 
1628.604672  	93.978494 
1628.961979  	93.897166 
1629.319286  	93.828861 
1629.676593  	94.026425 
1630.033900  	94.083594 
1630.391207  	94.088637 
1630.748514  	94.234502 
1631.105820  	94.253791 
1631.463127  	94.150942 
1631.820434  	94.223764 
1632.177741  	94.409497 
1632.535048  	94.282272 
1632.892355  	93.937011 
1633.249662  	93.804118 
1633.606968  	93.843734 
1633.964275  	93.964142 
1634.321582  	94.198812 
1634.678889  	94.451607 
1635.036196  	94.822282 
1635.393503  	95.041105 
1635.750810  	94.088079 
1636.108116  	93.851293 
1636.465423  	93.857991 
1636.822730  	93.669801 
1637.180037  	93.588922 
1637.537344  	93.652940 
1637.894651  	93.916049 
1638.251958  	94.163032 
1638.609265  	93.973022 
1638.966571  	93.721901 
1639.323878  	93.728766 
1639.681185  	93.783248 
1640.038492  	93.893973 
1640.395799  	93.873872 
1640.753106  	93.779647 
1641.110413  	93.814501 
1641.467719  	93.626738 
1641.825026  	93.350742 
1642.182333  	93.293586 
1642.539640  	93.255545 
1642.896947  	93.054385 
1643.254254  	92.790261 
1643.611561  	92.825642 
1643.968867  	92.975285 
1644.326174  	92.709518 
1644.683481  	92.343639 
1645.040788  	92.185128 
1645.398095  	92.109680 
1645.755402  	92.198687 
1646.112709  	92.024839 
1646.470015  	91.609230 
1646.827322  	91.687503 
1647.184629  	91.668193 
1647.541936  	91.513176 
1647.899243  	91.703865 
1648.256550  	91.749118 
1648.613857  	91.486285 
1648.971163  	91.336199 
1649.328470  	91.283873 
1649.685777  	91.326798 
1650.043084  	91.302663 
1650.400391  	91.166287 
1650.757698  	91.248072 
1651.115005  	91.388930 
1651.472312  	91.294611 
1651.829618  	91.177318 
1652.186925  	91.081672 
1652.544232  	90.082139 
1652.901539  	89.047373 
1653.258846  	90.254788 
1653.616153  	90.698742 
1653.973460  	91.114336 
1654.330766  	91.818420 
1654.688073  	91.849764 
1655.045380  	91.230049 
1655.402687  	91.079492 
1655.759994  	91.169987 
1656.117301  	91.234869 
1656.474608  	91.178960 
1656.831914  	91.010017 
1657.189221  	90.715542 
1657.546528  	90.468813 
1657.903835  	90.383371 
1658.261142  	90.415870 
1658.618449  	90.405480 
1658.975756  	90.181345 
1659.333062  	89.956212 
1659.690369  	89.742863 
1660.047676  	89.568715 
1660.404983  	89.466918 
1660.762290  	89.172350 
1661.119597  	89.068753 
1661.476904  	88.971319 
1661.834210  	88.423605 
1662.191517  	88.361461 
1662.548824  	88.726610 
1662.906131  	87.939332 
1663.263438  	86.752623 
1663.620745  	86.500037 
1663.978052  	86.352914 
1664.335359  	86.114100 
1664.692665  	85.718141 
1665.049972  	85.221226 
1665.407279  	84.643162 
1665.764586  	83.907825 
1666.121893  	83.237386 
1666.479200  	82.539342 
1666.836507  	81.730149 
1667.193813  	81.085466 
1667.551120  	80.314423 
1667.908427  	79.462340 
1668.265734  	78.632511 
1668.623041  	77.775628 
1668.980348  	77.571808 
1669.337655  	76.264964 
1669.694961  	72.415469 
1670.052268  	71.408452 
1670.409575  	70.903099 
1670.766882  	69.991104 
1671.124189  	69.118806 
1671.481496  	67.300495 
1671.838803  	64.021270 
1672.196109  	62.242915 
1672.553416  	60.948735 
1672.910723  	59.128967 
1673.268030  	57.279807 
1673.625337  	55.117877 
1673.982644  	52.818173 
1674.339951  	50.921455 
1674.697257  	49.463271 
1675.054564  	48.454562 
1675.411871  	43.735555 
1675.769178  	38.750033 
1676.126485  	37.955915 
1676.483792  	36.977094 
1676.841099  	35.396856 
1677.198405  	33.517772 
1677.555712  	31.814830 
1677.913019  	30.254186 
1678.270326  	28.706553 
1678.627633  	27.449153 
1678.984940  	26.472342 
1679.342247  	25.878308 
1679.699554  	25.449925 
1680.056860  	24.847219 
1680.414167  	24.366732 
1680.771474  	24.002559 
1681.128781  	23.881832 
1681.486088  	24.054565 
1681.843395  	24.148391 
1682.200702  	24.175970 
1682.558008  	24.468937 
1682.915315  	25.042548 
1683.272622  	25.495336 
1683.629929  	25.792448 
1683.987236  	26.562155 
1684.344543  	27.681341 
1684.701850  	29.542460 
1685.059156  	30.880152 
1685.416463  	30.917696 
1685.773770  	31.705178 
1686.131077  	32.626192 
1686.488384  	33.559149 
1686.845691  	34.859508 
1687.202998  	36.239968 
1687.560304  	37.478432 
1687.917611  	38.779585 
1688.274918  	40.434615 
1688.632225  	42.205926 
1688.989532  	43.629853 
1689.346839  	45.161170 
1689.704146  	46.858039 
1690.061452  	48.605185 
1690.418759  	50.413284 
1690.776066  	52.154133 
1691.133373  	54.093195 
1691.490680  	56.164049 
1691.847987  	58.142577 
1692.205294  	59.913309 
1692.562601  	61.659855 
1692.919907  	63.850845 
1693.277214  	66.011202 
1693.634521  	67.794408 
1693.991828  	69.381241 
1694.349135  	70.826730 
1694.706442  	72.420386 
1695.063749  	73.913990 
1695.421055  	75.100561 
1695.778362  	76.861652 
1696.135669  	80.051649 
1696.492976  	81.022047 
1696.850283  	81.297501 
1697.207590  	82.196250 
1697.564897  	83.652266 
1697.922203  	84.534311 
1698.279510  	85.170053 
1698.636817  	85.992234 
1698.994124  	86.891997 
1699.351431  	87.668348 
1699.708738  	88.293018 
1700.066045  	89.427984 
1700.423351  	90.411516 
1700.780658  	89.884014 
1701.137965  	90.158168 
1701.495272  	90.751812 
1701.852579  	91.179536 
1702.209886  	91.536805 
1702.567193  	91.944441 
1702.924499  	92.196186 
1703.281806  	92.343535 
1703.639113  	92.589500 
1703.996420  	93.072300 
1704.353727  	93.361741 
1704.711034  	93.115123 
1705.068341  	93.473681 
1705.425648  	93.856996 
1705.782954  	94.103364 
1706.140261  	94.572911 
1706.497568  	94.649296 
1706.854875  	94.601417 
1707.212182  	94.953216 
1707.569489  	95.172664 
1707.926796  	95.164986 
1708.284102  	95.218061 
1708.641409  	95.370907 
1708.998716  	95.507002 
1709.356023  	95.729567 
1709.713330  	95.898815 
1710.070637  	95.867136 
1710.427944  	95.815812 
1710.785250  	95.876811 
1711.142557  	96.021125 
1711.499864  	96.209765 
1711.857171  	96.507397 
1712.214478  	96.664945 
1712.571785  	96.522866 
1712.929092  	96.440410 
1713.286398  	96.518692 
1713.643705  	96.596885 
1714.001012  	96.499613 
1714.358319  	96.479435 
1714.715626  	96.684114 
1715.072933  	96.664568 
1715.430240  	96.621022 
1715.787546  	96.686674 
1716.144853  	96.776983 
1716.502160  	97.061426 
1716.859467  	97.205952 
1717.216774  	96.957690 
1717.574081  	96.763330 
1717.931388  	97.081625 
1718.288695  	97.139841 
1718.646001  	97.009683 
1719.003308  	96.975998 
1719.360615  	97.039822 
1719.717922  	97.220829 
1720.075229  	97.472040 
1720.432536  	97.505796 
1720.789843  	97.249757 
1721.147149  	97.130445 
1721.504456  	97.421817 
1721.861763  	97.683324 
1722.219070  	97.612199 
1722.576377  	97.344552 
1722.933684  	97.225287 
1723.290991  	97.396082 
1723.648297  	97.446380 
1724.005604  	97.400925 
1724.362911  	97.473096 
1724.720218  	97.498378 
1725.077525  	97.412664 
1725.434832  	97.334104 
1725.792139  	97.335631 
1726.149445  	97.259513 
1726.506752  	97.304378 
1726.864059  	97.498898 
1727.221366  	97.429777 
1727.578673  	97.234174 
1727.935980  	97.126030 
1728.293287  	97.034267 
1728.650593  	96.981345 
1729.007900  	97.158902 
1729.365207  	97.234005 
1729.722514  	96.763616 
1730.079821  	96.544880 
1730.437128  	96.820839 
1730.794435  	96.889319 
1731.151742  	97.052800 
1731.509048  	97.253089 
1731.866355  	97.403823 
1732.223662  	97.369358 
1732.580969  	97.347851 
1732.938276  	97.630405 
1733.295583  	97.750296 
1733.652890  	97.573836 
1734.010196  	97.605829 
1734.367503  	98.183454 
1734.724810  	98.803383 
1735.082117  	97.667808 
1735.439424  	97.442779 
1735.796731  	97.681456 
1736.154038  	97.919645 
1736.511344  	98.123758 
1736.868651  	98.051486 
1737.225958  	97.942431 
1737.583265  	98.221769 
1737.940572  	98.432493 
1738.297879  	98.045303 
1738.655186  	97.616431 
1739.012492  	97.532703 
1739.369799  	97.776688 
1739.727106  	98.545203 
1740.084413  	98.221239 
1740.441720  	97.474480 
1740.799027  	97.878009 
1741.156334  	98.261457 
1741.513640  	98.161808 
1741.870947  	98.085546 
1742.228254  	98.226789 
1742.585561  	98.363751 
1742.942868  	98.547592 
1743.300175  	98.681282 
1743.657482  	98.418038 
1744.014789  	98.418351 
1744.372095  	98.494202 
1744.729402  	98.375883 
1745.086709  	98.473751 
1745.444016  	98.510311 
1745.801323  	98.527483 
1746.158630  	98.494333 
1746.515937  	98.159194 
1746.873243  	98.117921 
1747.230550  	98.323054 
1747.587857  	98.422023 
1747.945164  	98.690079 
1748.302471  	98.908074 
1748.659778  	98.723902 
1749.017085  	98.538556 
1749.374391  	98.623712 
1749.731698  	98.417613 
1750.089005  	98.306759 
1750.446312  	98.477676 
1750.803619  	98.283132 
1751.160926  	97.663977 
1751.518233  	97.758061 
1751.875539  	98.406163 
1752.232846  	98.575993 
1752.590153  	98.574794 
1752.947460  	98.707801 
1753.304767  	98.733376 
1753.662074  	98.671747 
1754.019381  	98.635280 
1754.376687  	98.571182 
1754.733994  	98.673675 
1755.091301  	98.661586 
1755.448608  	98.554191 
1755.805915  	98.763498 
1756.163222  	98.925770 
1756.520529  	98.848964 
1756.877835  	98.751010 
1757.235142  	98.604190 
1757.592449  	98.543813 
1757.949756  	98.513245 
1758.307063  	98.554303 
1758.664370  	98.727212 
1759.021677  	98.784566 
1759.378984  	98.776155 
1759.736290  	98.673074 
1760.093597  	98.395392 
1760.450904  	98.338555 
1760.808211  	98.478512 
1761.165518  	98.716951 
1761.522825  	99.122495 
1761.880132  	99.157740 
1762.237438  	98.868560 
1762.594745  	98.836073 
1762.952052  	98.783522 
1763.309359  	98.779834 
1763.666666  	98.795783 
1764.023973  	98.626103 
1764.381280  	98.483086 
1764.738586  	98.772862 
1765.095893  	99.015484 
1765.453200  	98.764558 
1765.810507  	98.571748 
1766.167814  	98.563036 
1766.525121  	98.508192 
1766.882428  	98.492625 
1767.239734  	98.551140 
1767.597041  	98.612570 
1767.954348  	98.613823 
1768.311655  	98.591332 
1768.668962  	98.474763 
1769.026269  	98.475054 
1769.383576  	98.486943 
1769.740882  	98.327784 
1770.098189  	98.440062 
1770.455496  	98.742327 
1770.812803  	98.682645 
1771.170110  	98.298277 
1771.527417  	98.273623 
1771.884724  	98.948702 
1772.242031  	99.244962 
1772.599337  	98.963018 
1772.956644  	98.715981 
1773.313951  	98.561800 
1773.671258  	98.433120 
1774.028565  	98.426499 
1774.385872  	98.519932 
1774.743179  	98.572545 
1775.100485  	98.319489 
1775.457792  	98.037995 
1775.815099  	98.420771 
1776.172406  	99.092422 
1776.529713  	99.062462 
1776.887020  	98.677931 
1777.244327  	98.647521 
1777.601633  	98.693949 
1777.958940  	98.539798 
1778.316247  	98.619773 
1778.673554  	98.825514 
1779.030861  	98.663746 
1779.388168  	98.545918 
1779.745475  	98.781133 
1780.102781  	98.756532 
1780.460088  	98.463553 
1780.817395  	98.448505 
1781.174702  	98.631464 
1781.532009  	98.575597 
1781.889316  	98.274299 
1782.246623  	98.106351 
1782.603929  	98.395701 
1782.961236  	98.701968 
1783.318543  	98.463825 
1783.675850  	98.253517 
1784.033157  	98.500561 
1784.390464  	98.442795 
1784.747771  	98.240534 
1785.105078  	98.447689 
1785.462384  	98.538236 
1785.819691  	98.531292 
1786.176998  	98.455606 
1786.534305  	98.325537 
1786.891612  	98.402744 
1787.248919  	98.600883 
1787.606226  	98.754011 
1787.963532  	98.670029 
1788.320839  	98.232173 
1788.678146  	97.869352 
1789.035453  	98.116095 
1789.392760  	98.424966 
1789.750067  	98.560694 
1790.107374  	99.059280 
1790.464680  	99.093600 
1790.821987  	98.549203 
1791.179294  	98.606321 
1791.536601  	98.814168 
1791.893908  	98.990432 
1792.251215  	99.362613 
1792.608522  	99.517132 
1792.965828  	98.914894 
1793.323135  	98.701300 
1793.680442  	98.940361 
1794.037749  	98.754920 
1794.395056  	98.608868 
1794.752363  	99.008726 
1795.109670  	99.100767 
1795.466976  	98.997834 
1795.824283  	99.087703 
1796.181590  	99.133294 
1796.538897  	99.089111 
1796.896204  	98.917332 
1797.253511  	98.940358 
1797.610818  	99.239125 
1797.968125  	99.309637 
1798.325431  	98.995974 
1798.682738  	98.947664 
1799.040045  	99.337754 
1799.397352  	99.322978 
1799.754659  	99.047481 
1800.111966  	99.138360 
1800.469273  	99.110825 
1800.826579  	99.187942 
1801.183886  	99.342984 
1801.541193  	99.108150 
1801.898500  	98.971878 
1802.255807  	99.267315 
1802.613114  	99.483302 
1802.970421  	99.306973 
1803.327727  	99.005312 
1803.685034  	98.894065 
1804.042341  	99.214726 
1804.399648  	99.454392 
1804.756955  	99.256546 
1805.114262  	99.209313 
1805.471569  	99.369017 
1805.828875  	99.226094 
1806.186182  	99.093079 
1806.543489  	99.301470 
1806.900796  	99.203554 
1807.258103  	98.865259 
1807.615410  	99.026513 
1807.972717  	99.391672 
1808.330023  	99.501482 
1808.687330  	99.308774 
1809.044637  	99.269891 
1809.401944  	99.589584 
1809.759251  	99.305409 
1810.116558  	98.869313 
1810.473865  	99.135078 
1810.831172  	99.419054 
1811.188478  	99.709829 
1811.545785  	99.730625 
1811.903092  	99.315471 
1812.260399  	99.451576 
1812.617706  	99.749066 
1812.975013  	99.389162 
1813.332320  	99.106850 
1813.689626  	99.283359 
1814.046933  	99.685069 
1814.404240  	99.962360 
1814.761547  	99.684193 
1815.118854  	99.236595 
1815.476161  	99.383510 
1815.833468  	99.701499 
1816.190774  	99.482473 
1816.548081  	99.213728 
1816.905388  	99.310234 
1817.262695  	99.051411 
1817.620002  	98.681508 
1817.977309  	99.315588 
1818.334616  	99.858834 
1818.691922  	99.573189 
1819.049229  	99.445267 
1819.406536  	99.580547 
1819.763843  	99.742002 
1820.121150  	99.951009 
1820.478457  	99.836946 
1820.835764  	99.626752 
1821.193070  	99.656707 
1821.550377  	99.698732 
1821.907684  	99.668214 
1822.264991  	99.608336 
1822.622298  	99.614220 
1822.979605  	99.881603 
1823.336912  	99.927914 
1823.694219  	99.388354 
1824.051525  	99.198517 
1824.408832  	99.669183 
1824.766139  	99.897875 
1825.123446  	99.695654 
1825.480753  	99.682606 
1825.838060  	99.970583 
1826.195367  	99.936501 
1826.552673  	99.692941 
1826.909980  	99.694956 
1827.267287  	99.482652 
1827.624594  	98.952647 
1827.981901  	98.956131 
1828.339208  	99.199050 
1828.696515  	99.121839 
1829.053821  	99.261525 
1829.411128  	99.626964 
1829.768435  	99.291864 
1830.125742  	98.818224 
1830.483049  	98.943214 
1830.840356  	99.032175 
1831.197663  	99.533391 
1831.554969  	100.087746 
1831.912276  	99.813937 
1832.269583  	99.733508 
1832.626890  	99.929174 
1832.984197  	99.550418 
1833.341504  	99.193928 
1833.698811  	99.158793 
1834.056117  	99.320160 
1834.413424  	99.684748 
1834.770731  	99.834189 
1835.128038  	99.517445 
1835.485345  	99.287885 
1835.842652  	99.780613 
1836.199959  	100.119330 
1836.557265  	99.804907 
1836.914572  	99.844962 
1837.271879  	99.973856 
1837.629186  	99.863277 
1837.986493  	100.080205 
1838.343800  	100.185215 
1838.701107  	99.965296 
1839.058414  	99.754415 
1839.415720  	99.730762 
1839.773027  	99.758365 
1840.130334  	99.725952 
1840.487641  	99.829546 
1840.844948  	99.760933 
1841.202255  	99.696668 
1841.559562  	99.998922 
1841.916868  	100.083854 
1842.274175  	100.001723 
1842.631482  	99.788218 
1842.988789  	99.488805 
1843.346096  	99.569233 
1843.703403  	99.368391 
1844.060710  	99.295469 
1844.418016  	100.311638 
1844.775323  	99.786111 
1845.132630  	99.499837 
1845.489937  	99.576212 
1845.847244  	99.394908 
1846.204551  	99.722637 
1846.561858  	99.877164 
1846.919164  	99.681014 
1847.276471  	99.688050 
1847.633778  	99.440443 
1847.991085  	99.652280 
1848.348392  	100.165850 
1848.705699  	100.035019 
1849.063006  	99.963192 
1849.420312  	99.971447 
1849.777619  	99.664608 
1850.134926  	99.492714 
1850.492233  	99.899100 
1850.849540  	100.163786 
1851.206847  	99.773970 
1851.564154  	99.532989 
1851.921461  	99.316825 
1852.278767  	99.171658 
1852.636074  	99.685625 
1852.993381  	99.946149 
1853.350688  	99.935192 
1853.707995  	100.213906 
1854.065302  	100.191534 
1854.422609  	99.928475 
1854.779915  	99.748262 
1855.137222  	99.776854 
1855.494529  	100.080999 
1855.851836  	99.987443 
1856.209143  	99.577486 
1856.566450  	99.645929 
1856.923757  	99.831073 
1857.281063  	99.583574 
1857.638370  	99.156894 
1857.995677  	99.063530 
1858.352984  	99.565443 
1858.710291  	100.128778 
1859.067598  	100.193586 
1859.424905  	99.809748 
1859.782211  	99.515857 
1860.139518  	99.659066 
1860.496825  	99.459365 
1860.854132  	99.082634 
1861.211439  	99.350446 
1861.568746  	99.788508 
1861.926053  	100.212267 
1862.283359  	100.445084 
1862.640666  	100.253146 
1862.997973  	99.909442 
1863.355280  	99.637359 
1863.712587  	99.913593 
1864.069894  	100.234997 
1864.427201  	100.331751 
1864.784508  	100.718537 
1865.141814  	100.584488 
1865.499121  	100.007950 
1865.856428  	99.888203 
1866.213735  	99.970618 
1866.571042  	99.898432 
1866.928349  	99.568818 
1867.285656  	99.272280 
1867.642962  	99.418477 
1868.000269  	99.943059 
1868.357576  	99.981544 
1868.714883  	99.821580 
1869.072190  	100.263879 
1869.429497  	100.303044 
1869.786804  	99.644267 
1870.144110  	99.452687 
1870.501417  	99.336280 
1870.858724  	99.514584 
1871.216031  	99.633760 
1871.573338  	99.531711 
1871.930645  	99.874045 
1872.287952  	99.821701 
1872.645258  	99.233850 
1873.002565  	99.365618 
1873.359872  	99.569903 
1873.717179  	99.070116 
1874.074486  	98.972578 
1874.431793  	99.290711 
1874.789100  	99.084034 
1875.146406  	98.839611 
1875.503713  	99.033443 
1875.861020  	99.181337 
1876.218327  	99.064635 
1876.575634  	99.116186 
1876.932941  	99.190709 
1877.290248  	99.095411 
1877.647555  	99.674044 
1878.004861  	100.317128 
1878.362168  	100.066229 
1878.719475  	99.908345 
1879.076782  	99.905479 
1879.434089  	99.727458 
1879.791396  	99.751296 
1880.148703  	99.643802 
1880.506009  	99.501089 
1880.863316  	99.392133 
1881.220623  	99.096391 
1881.577930  	99.272131 
1881.935237  	99.585977 
1882.292544  	99.418476 
1882.649851  	99.597836 
1883.007157  	99.803018 
1883.364464  	99.393750 
1883.721771  	98.928769 
1884.079078  	98.529348 
1884.436385  	98.457645 
1884.793692  	98.498907 
1885.150999  	98.473442 
1885.508305  	98.824404 
1885.865612  	98.919453 
1886.222919  	99.198272 
1886.580226  	99.614932 
1886.937533  	98.997017 
1887.294840  	98.692340 
1887.652147  	99.086077 
1888.009453  	98.957118 
1888.366760  	98.522443 
1888.724067  	98.422931 
1889.081374  	98.920108 
1889.438681  	99.418984 
1889.795988  	99.283215 
1890.153295  	98.745026 
1890.510602  	98.840647 
1890.867908  	99.501209 
1891.225215  	99.056326 
1891.582522  	98.721997 
1891.939829  	99.908941 
1892.297136  	100.368298 
1892.654443  	99.663034 
1893.011750  	98.993135 
1893.369056  	98.976031 
1893.726363  	99.450640 
1894.083670  	99.150101 
1894.440977  	98.777520 
1894.798284  	99.171878 
1895.155591  	98.940266 
1895.512898  	98.323900 
1895.870204  	98.810875 
1896.227511  	99.139467 
1896.584818  	98.558584 
1896.942125  	98.699727 
1897.299432  	99.594442 
1897.656739  	100.033548 
1898.014046  	99.883657 
1898.371352  	99.387715 
1898.728659  	99.492228 
1899.085966  	99.956403 
1899.443273  	100.184085 
1899.800580  	100.494442 
1900.157887  	99.810953 
1900.515194  	98.857897 
1900.872500  	99.153974 
1901.229807  	99.260053 
1901.587114  	98.944686 
1901.944421  	99.196554 
1902.301728  	99.545910 
1902.659035  	99.192210 
1903.016342  	98.320952 
1903.373649  	98.170473 
1903.730955  	98.385445 
1904.088262  	98.253987 
1904.445569  	98.680802 
1904.802876  	99.003165 
1905.160183  	98.330308 
1905.517490  	97.820390 
1905.874797  	98.200505 
1906.232103  	99.068476 
1906.589410  	99.319918 
1906.946717  	98.664615 
1907.304024  	98.508023 
1907.661331  	98.930839 
1908.018638  	98.518634 
1908.375945  	97.792701 
1908.733251  	97.869069 
1909.090558  	98.323184 
1909.447865  	98.853977 
1909.805172  	98.816172 
1910.162479  	98.051952 
1910.519786  	97.732941 
1910.877093  	98.148249 
1911.234399  	99.147245 
1911.591706  	99.510840 
1911.949013  	98.862702 
1912.306320  	98.809023 
1912.663627  	98.581896 
1913.020934  	97.975590 
1913.378241  	98.123617 
1913.735547  	97.944195 
1914.092854  	97.428837 
1914.450161  	97.413102 
1914.807468  	98.191502 
1915.164775  	99.506440 
1915.522082  	99.599931 
1915.879389  	99.103069 
1916.236696  	99.123983 
1916.594002  	98.699108 
1916.951309  	98.974291 
1917.308616  	99.865198 
1917.665923  	99.346943 
1918.023230  	98.377334 
1918.380537  	97.133690 
1918.737844  	96.139433 
1919.095150  	96.775058 
1919.452457  	97.717676 
1919.809764  	98.190282 
1920.167071  	98.173673 
1920.524378  	97.651275 
1920.881685  	98.090710 
1921.238992  	98.444643 
1921.596298  	97.815312 
1921.953605  	98.291423 
1922.310912  	99.281302 
1922.668219  	99.064979 
1923.025526  	98.429931 
1923.382833  	98.230997 
1923.740140  	98.265647 
1924.097446  	98.688828 
1924.454753  	99.073772 
1924.812060  	98.499781 
1925.169367  	98.472614 
1925.526674  	98.876443 
1925.883981  	98.176345 
1926.241288  	97.884383 
1926.598594  	98.195814 
1926.955901  	98.580990 
1927.313208  	99.497050 
1927.670515  	100.118454 
1928.027822  	99.847214 
1928.385129  	99.169715 
1928.742436  	99.032376 
1929.099742  	98.869435 
1929.457049  	98.564166 
1929.814356  	98.421513 
1930.171663  	97.420028 
1930.528970  	97.414620 
1930.886277  	98.411408 
1931.243584  	98.295991 
1931.600891  	98.648290 
1931.958197  	99.191151 
1932.315504  	98.788091 
1932.672811  	98.431376 
1933.030118  	98.935876 
1933.387425  	99.793789 
1933.744732  	99.256419 
1934.102039  	98.682768 
1934.459345  	99.604654 
1934.816652  	100.519727 
1935.173959  	100.336934 
1935.531266  	99.546616 
1935.888573  	99.854205 
1936.245880  	100.326487 
1936.603187  	99.267517 
1936.960493  	98.993835 
1937.317800  	99.948963 
1937.675107  	99.606441 
1938.032414  	98.406630 
1938.389721  	98.210469 
1938.747028  	98.115892 
1939.104335  	97.746808 
1939.461641  	98.669120 
1939.818948  	100.070128 
1940.176255  	99.838981 
1940.533562  	99.103103 
1940.890869  	99.565044 
1941.248176  	99.729056 
1941.605483  	99.339417 
1941.962789  	99.819802 
1942.320096  	99.328466 
1942.677403  	98.449809 
1943.034710  	98.801138 
1943.392017  	97.844314 
1943.749324  	97.537959 
1944.106631  	98.454736 
1944.463938  	98.837739 
1944.821244  	99.853134 
1945.178551  	100.781570 
1945.535858  	101.017512 
1945.893165  	101.767417 
1946.250472  	102.176320 
1946.607779  	102.038091 
1946.965086  	100.889398 
1947.322392  	99.349002 
1947.679699  	99.733417 
1948.037006  	100.559146 
1948.394313  	100.779454 
1948.751620  	101.300743 
1949.108927  	101.025515 
1949.466234  	100.445426 
1949.823540  	99.993909 
1950.180847  	99.260570 
1950.538154  	98.290847 
1950.895461  	97.629788 
1951.252768  	99.513686 
1951.610075  	100.781965 
1951.967382  	99.177703 
1952.324688  	99.032539 
1952.681995  	99.197806 
1953.039302  	98.792707 
1953.396609  	99.494526 
1953.753916  	100.113195 
1954.111223  	100.396759 
1954.468530  	99.984626 
1954.825836  	100.323407 
1955.183143  	100.901086 
1955.540450  	99.560260 
1955.897757  	99.370585 
1956.255064  	100.027996 
1956.612371  	99.638926 
1956.969678  	99.018245 
1957.326985  	98.865976 
1957.684291  	100.005499 
1958.041598  	100.686503 
1958.398905  	100.962858 
1958.756212  	101.638208 
1959.113519  	100.834924 
1959.470826  	99.983286 
1959.828133  	99.917344 
1960.185439  	99.769646 
1960.542746  	99.641327 
1960.900053  	99.834559 
1961.257360  	100.795887 
1961.614667  	101.115791 
1961.971974  	101.412008 
1962.329281  	102.447010 
1962.686587  	100.431420 
1963.043894  	97.695665 
1963.401201  	99.652580 
1963.758508  	101.426707 
1964.115815  	100.441048 
1964.473122  	101.317606 
1964.830429  	101.558531 
1965.187735  	100.503770 
1965.545042  	101.030570 
1965.902349  	101.613303 
1966.259656  	101.138072 
1966.616963  	98.546267 
1966.974270  	96.931572 
1967.331577  	98.909211 
1967.688883  	99.997428 
1968.046190  	99.237193 
1968.403497  	98.560257 
1968.760804  	98.405059 
1969.118111  	99.496646 
1969.475418  	99.525890 
1969.832725  	97.873533 
1970.190032  	98.548465 
1970.547338  	101.474048 
1970.904645  	101.969633 
1971.261952  	101.099162 
1971.619259  	99.882650 
1971.976566  	96.426822 
1972.333873  	95.972926 
1972.691180  	99.186293 
1973.048486  	99.701055 
1973.405793  	97.902229 
1973.763100  	96.237466 
1974.120407  	96.111948 
1974.477714  	98.882742 
1974.835021  	101.151044 
1975.192328  	100.859055 
1975.549634  	101.000512 
1975.906941  	101.056729 
1976.264248  	99.805225 
1976.621555  	99.624461 
1976.978862  	99.932185 
1977.336169  	99.746587 
1977.693476  	98.612734 
1978.050782  	98.039485 
1978.408089  	99.770338 
1978.765396  	100.622825 
1979.122703  	101.617262 
1979.480010  	101.713292 
1979.837317  	99.211274 
1980.194624  	100.833787 
1980.551930  	102.295267 
1980.909237  	98.351414 
1981.266544  	97.865578 
1981.623851  	101.511938 
1981.981158  	102.571676 
1982.338465  	100.767450 
1982.695772  	98.820753 
1983.053079  	98.299577 
1983.410385  	99.430541 
1983.767692  	99.999987 
1984.124999  	100.174185 
1984.482306  	101.721030 
1984.839613  	101.056172 
1985.196920  	98.774907 
1985.554227  	98.740896 
1985.911533  	99.179966 
1986.268840  	99.002415 
1986.626147  	98.048147 
1986.983454  	98.266372 
1987.340761  	101.300015 
1987.698068  	103.577384 
1988.055375  	103.557980 
1988.412681  	102.320698 
1988.769988  	100.975833 
1989.127295  	100.275183 
1989.484602  	99.964040 
1989.841909  	99.749327 
1990.199216  	99.199679 
1990.556523  	98.413633 
1990.913829  	98.674632 
1991.271136  	101.674346 
1991.628443  	102.847598 
1991.985750  	98.948849 
1992.343057  	97.618327 
1992.700364  	98.986239 
1993.057671  	99.407663 
1993.414977  	100.486953 
1993.772284  	100.289070 
1994.129591  	99.241747 
1994.486898  	100.075327 
1994.844205  	100.725104 
1995.201512  	100.269443 
1995.558819  	101.093499 
1995.916126  	101.649714 
1996.273432  	100.450046 
1996.630739  	100.049749 
1996.988046  	99.333916 
1997.345353  	99.035377 
1997.702660  	99.322423 
1998.059967  	98.290461 
1998.417274  	100.339894 
1998.774580  	102.885725 
1999.131887  	102.246838 
1999.489194  	102.526942 
1999.846501  	102.079100 
2000.203808  	100.319501 
2000.561115  	100.022436 
2000.918422  	100.801996 
2001.275728  	100.174523 
2001.633035  	99.385265 
2001.990342  	100.094089 
2002.347649  	98.385009 
2002.704956  	97.865679 
2003.062263  	100.856318 
2003.419570  	101.515878 
2003.776876  	100.850736 
2004.134183  	100.171402 
2004.491490  	100.713193 
2004.848797  	101.051333 
2005.206104  	99.371999 
2005.563411  	100.186540 
2005.920718  	99.978320 
2006.278024  	99.594401 
2006.635331  	101.565412 
2006.992638  	100.120109 
2007.349945  	99.069690 
2007.707252  	100.379328 
2008.064559  	101.070894 
2008.421866  	101.463210 
2008.779172  	100.413562 
2009.136479  	99.067477 
2009.493786  	99.837579 
2009.851093  	102.535202 
2010.208400  	102.474811 
2010.565707  	101.247304 
2010.923014  	103.295013 
2011.280321  	103.194259 
2011.637627  	101.779555 
2011.994934  	101.796138 
2012.352241  	99.545320 
2012.709548  	98.978483 
2013.066855  	101.602894 
2013.424162  	101.324614 
2013.781469  	98.990736 
2014.138775  	99.951950 
2014.496082  	102.048941 
2014.853389  	101.266364 
2015.210696  	99.174858 
2015.568003  	98.404497 
2015.925310  	100.249610 
2016.282617  	101.584717 
2016.639923  	100.904744 
2016.997230  	100.558420 
2017.354537  	97.563870 
2017.711844  	96.256916 
2018.069151  	100.363584 
2018.426458  	101.429427 
2018.783765  	99.164963 
2019.141071  	99.347749 
2019.498378  	100.353089 
2019.855685  	101.470476 
2020.212992  	101.884779 
2020.570299  	101.071508 
2020.927606  	100.104969 
2021.284913  	99.480902 
2021.642219  	98.972401 
2021.999526  	96.723306 
2022.356833  	94.907274 
2022.714140  	96.605194 
2023.071447  	100.230277 
2023.428754  	103.197165 
2023.786061  	102.258342 
2024.143368  	99.912825 
2024.500674  	101.523764 
2024.857981  	101.772908 
2025.215288  	97.845952 
2025.572595  	96.477332 
2025.929902  	98.758845 
2026.287209  	101.895607 
2026.644516  	102.667128 
2027.001822  	100.070236 
2027.359129  	99.204015 
2027.716436  	102.370743 
2028.073743  	104.729304 
2028.431050  	103.139119 
2028.788357  	100.140837 
2029.145664  	98.975857 
2029.502970  	99.771210 
2029.860277  	100.767420 
2030.217584  	101.222604 
2030.574891  	100.389514 
2030.932198  	98.068052 
2031.289505  	96.820575 
2031.646812  	97.325403 
2032.004118  	99.000902 
2032.361425  	99.741028 
2032.718732  	98.618956 
2033.076039  	100.157976 
2033.433346  	102.941486 
2033.790653  	102.678530 
2034.147960  	101.329736 
2034.505266  	99.652103 
2034.862573  	98.947919 
2035.219880  	99.046846 
2035.577187  	98.972600 
2035.934494  	99.065499 
2036.291801  	97.602757 
2036.649108  	97.438491 
2037.006415  	98.984047 
2037.363721  	99.176962 
2037.721028  	100.539167 
2038.078335  	100.825346 
2038.435642  	98.403457 
2038.792949  	98.493262 
2039.150256  	101.437171 
2039.507563  	102.794617 
2039.864869  	100.999761 
2040.222176  	99.292044 
2040.579483  	98.958873 
2040.936790  	98.949466 
2041.294097  	99.618215 
2041.651404  	99.521789 
2042.008711  	100.131432 
2042.366017  	101.839499 
2042.723324  	101.105691 
2043.080631  	99.689220 
2043.437938  	98.970574 
2043.795245  	98.625456 
2044.152552  	100.429226 
2044.509859  	102.451530 
2044.867165  	102.522609 
2045.224472  	100.309648 
2045.581779  	97.482073 
2045.939086  	97.587020 
2046.296393  	99.649692 
2046.653700  	101.043637 
2047.011007  	100.866332 
2047.368313  	98.842600 
2047.725620  	97.625589 
2048.082927  	99.201104 
2048.440234  	101.109254 
2048.797541  	100.724900 
2049.154848  	100.253633 
2049.512155  	100.706982 
2049.869462  	100.278695 
2050.226768  	100.556156 
2050.584075  	101.199295 
2050.941382  	100.198483 
2051.298689  	98.922939 
2051.655996  	97.593894 
2052.013303  	97.542432 
2052.370610  	99.118757 
2052.727916  	99.611677 
2053.085223  	100.581012 
2053.442530  	102.514938 
2053.799837  	102.146363 
2054.157144  	100.800383 
2054.514451  	100.461425 
2054.871758  	99.917670 
2055.229064  	99.279274 
2055.586371  	99.604994 
2055.943678  	99.705751 
2056.300985  	99.731172 
2056.658292  	100.551419 
2057.015599  	99.721772 
2057.372906  	98.089600 
2057.730212  	98.961920 
2058.087519  	101.278172 
2058.444826  	102.277576 
2058.802133  	100.770000 
2059.159440  	98.829775 
2059.516747  	98.706628 
2059.874054  	99.515714 
2060.231360  	100.143521 
2060.588667  	100.595326 
2060.945974  	100.787201 
2061.303281  	99.715465 
2061.660588  	98.422221 
2062.017895  	99.315077 
2062.375202  	100.726343 
2062.732509  	100.561129 
2063.089815  	99.651902 
2063.447122  	99.700478 
2063.804429  	100.960257 
2064.161736  	100.995649 
2064.519043  	100.313771 
2064.876350  	100.508790 
2065.233657  	100.816775 
2065.590963  	101.179665 
2065.948270  	100.504617 
2066.305577  	99.365045 
2066.662884  	99.290255 
2067.020191  	99.660303 
2067.377498  	100.794971 
2067.734805  	100.747094 
2068.092111  	99.083644 
2068.449418  	98.687174 
2068.806725  	98.842814 
2069.164032  	99.314729 
2069.521339  	100.074967 
2069.878646  	99.993791 
2070.235953  	99.814717 
2070.593259  	99.412807 
2070.950566  	100.073707 
2071.307873  	101.337007 
2071.665180  	100.300931 
2072.022487  	99.501450 
2072.379794  	99.614872 
2072.737101  	99.196273 
2073.094407  	100.620403 
2073.451714  	102.562571 
2073.809021  	102.580001 
2074.166328  	102.476251 
2074.523635  	102.416353 
2074.880942  	101.329969 
2075.238249  	100.066137 
2075.595556  	99.591433 
2075.952862  	99.842244 
2076.310169  	99.824293 
2076.667476  	98.747578 
2077.024783  	98.190950 
2077.382090  	99.331960 
2077.739397  	100.175777 
2078.096704  	99.991451 
2078.454010  	99.690959 
2078.811317  	98.935299 
2079.168624  	99.016055 
2079.525931  	100.140774 
2079.883238  	100.148817 
2080.240545  	99.878455 
2080.597852  	99.794209 
2080.955158  	99.158052 
2081.312465  	99.484836 
2081.669772  	99.829186 
2082.027079  	99.411177 
2082.384386  	99.584780 
2082.741693  	99.016894 
2083.099000  	98.567287 
2083.456306  	99.107609 
2083.813613  	98.626880 
2084.170920  	99.163417 
2084.528227  	100.489850 
2084.885534  	99.625047 
2085.242841  	99.071570 
2085.600148  	99.209970 
2085.957454  	98.115338 
2086.314761  	98.157998 
2086.672068  	99.816612 
2087.029375  	100.528700 
2087.386682  	100.416994 
2087.743989  	100.101785 
2088.101296  	99.248937 
2088.458602  	98.804871 
2088.815909  	99.526437 
2089.173216  	100.799553 
2089.530523  	100.936363 
2089.887830  	99.692688 
2090.245137  	99.233927 
2090.602444  	99.235605 
2090.959751  	98.470689 
2091.317057  	98.504666 
2091.674364  	99.262735 
2092.031671  	99.308538 
2092.388978  	99.458582 
2092.746285  	99.674741 
2093.103592  	98.670801 
2093.460899  	98.427509 
2093.818205  	99.969965 
2094.175512  	100.684842 
2094.532819  	100.122910 
2094.890126  	99.849606 
2095.247433  	100.663589 
2095.604740  	101.178929 
2095.962047  	99.890064 
2096.319353  	99.067571 
2096.676660  	99.108564 
2097.033967  	98.929797 
2097.391274  	98.993807 
2097.748581  	98.910296 
2098.105888  	99.900912 
2098.463195  	100.721548 
2098.820501  	99.811886 
2099.177808  	100.050208 
2099.535115  	100.225290 
2099.892422  	99.392247 
2100.249729  	99.579600 
2100.607036  	99.843746 
2100.964343  	100.297759 
2101.321649  	100.813217 
2101.678956  	100.636293 
2102.036263  	100.158093 
2102.393570  	99.096123 
2102.750877  	98.836713 
2103.108184  	99.347212 
2103.465491  	99.198426 
2103.822798  	99.810066 
2104.180104  	100.503820 
2104.537411  	99.901653 
2104.894718  	99.808447 
2105.252025  	100.343593 
2105.609332  	100.050744 
2105.966639  	99.304729 
2106.323946  	99.244611 
2106.681252  	99.644109 
2107.038559  	99.439304 
2107.395866  	99.003552 
2107.753173  	99.116599 
2108.110480  	99.415635 
2108.467787  	99.821031 
2108.825094  	100.257556 
2109.182400  	100.350903 
2109.539707  	100.492932 
2109.897014  	100.928530 
2110.254321  	100.788988 
2110.611628  	99.780344 
2110.968935  	99.224870 
2111.326242  	100.108719 
2111.683548  	100.902974 
2112.040855  	99.889961 
2112.398162  	98.761804 
2112.755469  	98.566466 
2113.112776  	98.361915 
2113.470083  	99.378819 
2113.827390  	100.777303 
2114.184696  	100.023693 
2114.542003  	98.783189 
2114.899310  	98.530844 
2115.256617  	98.766894 
2115.613924  	99.141778 
2115.971231  	99.214241 
2116.328538  	99.446813 
2116.685845  	99.862130 
2117.043151  	100.128153 
2117.400458  	100.300199 
2117.757765  	100.152404 
2118.115072  	100.030066 
2118.472379  	99.809127 
2118.829686  	99.272342 
2119.186993  	99.242815 
2119.544299  	100.193104 
2119.901606  	101.063209 
2120.258913  	100.699493 
2120.616220  	100.374567 
2120.973527  	100.418946 
2121.330834  	99.739550 
2121.688141  	99.433193 
2122.045447  	99.777919 
2122.402754  	100.091900 
2122.760061  	100.819023 
2123.117368  	101.268798 
2123.474675  	100.722457 
2123.831982  	99.715768 
2124.189289  	98.794252 
2124.546595  	98.914698 
2124.903902  	99.952092 
2125.261209  	100.035377 
2125.618516  	99.252677 
2125.975823  	99.402512 
2126.333130  	99.913951 
2126.690437  	99.322677 
2127.047743  	98.906399 
2127.405050  	99.614764 
2127.762357  	99.996766 
2128.119664  	100.029064 
2128.476971  	100.041298 
2128.834278  	99.510042 
2129.191585  	99.138645 
2129.548892  	99.174707 
2129.906198  	100.204386 
2130.263505  	101.353728 
2130.620812  	100.784462 
2130.978119  	100.581245 
2131.335426  	100.745826 
2131.692733  	100.274776 
2132.050040  	100.397784 
2132.407346  	100.330747 
2132.764653  	100.037996 
2133.121960  	99.722880 
2133.479267  	100.213000 
2133.836574  	102.119551 
2134.193881  	102.548691 
2134.551188  	101.453045 
2134.908494  	100.639237 
2135.265801  	100.769542 
2135.623108  	101.090701 
2135.980415  	100.165056 
2136.337722  	100.299223 
2136.695029  	100.559612 
2137.052336  	99.317022 
2137.409642  	99.783100 
2137.766949  	100.681492 
2138.124256  	100.382903 
2138.481563  	100.179951 
2138.838870  	99.281877 
2139.196177  	99.004024 
2139.553484  	100.128097 
2139.910790  	100.174745 
2140.268097  	100.138777 
2140.625404  	101.700713 
2140.982711  	102.490733 
2141.340018  	101.822521 
2141.697325  	100.673231 
2142.054632  	99.218417 
2142.411939  	98.978066 
2142.769245  	99.845148 
2143.126552  	100.235553 
2143.483859  	100.099996 
2143.841166  	100.691707 
2144.198473  	101.238152 
2144.555780  	100.438432 
2144.913087  	99.601858 
2145.270393  	98.296591 
2145.627700  	96.729123 
2145.985007  	96.870153 
2146.342314  	98.461175 
2146.699621  	100.300460 
2147.056928  	100.425513 
2147.414235  	100.804029 
2147.771541  	101.543426 
2148.128848  	99.704491 
2148.486155  	99.399795 
2148.843462  	100.134312 
2149.200769  	99.994776 
2149.558076  	100.489554 
2149.915383  	98.574312 
2150.272689  	98.042680 
2150.629996  	101.979000 
2150.987303  	104.444166 
2151.344610  	103.322222 
2151.701917  	100.760568 
2152.059224  	98.750463 
2152.416531  	99.031531 
2152.773837  	99.984719 
2153.131144  	98.997461 
2153.488451  	97.835311 
2153.845758  	97.593169 
2154.203065  	97.764902 
2154.560372  	99.362125 
2154.917679  	100.101673 
2155.274986  	100.427562 
2155.632292  	100.547233 
2155.989599  	99.582441 
2156.346906  	101.627705 
2156.704213  	101.973882 
2157.061520  	98.992293 
2157.418827  	96.763968 
2157.776134  	94.602519 
2158.133440  	97.051339 
2158.490747  	101.449468 
2158.848054  	102.088374 
2159.205361  	100.283733 
2159.562668  	97.408272 
2159.919975  	98.135244 
2160.277282  	99.849936 
2160.634588  	99.424845 
2160.991895  	98.239578 
2161.349202  	96.719163 
2161.706509  	97.266043 
2162.063816  	98.145231 
2162.421123  	98.816536 
2162.778430  	99.479576 
2163.135736  	99.067401 
2163.493043  	98.886089 
2163.850350  	98.657151 
2164.207657  	99.836801 
2164.564964  	100.781805 
2164.922271  	99.918757 
2165.279578  	99.518907 
2165.636884  	99.520946 
2165.994191  	101.366129 
2166.351498  	102.000318 
2166.708805  	100.889207 
2167.066112  	101.519927 
2167.423419  	100.647464 
2167.780726  	100.356307 
2168.138032  	101.798232 
2168.495339  	101.172895 
2168.852646  	100.208389 
2169.209953  	99.455258 
2169.567260  	98.898975 
2169.924567  	99.582677 
2170.281874  	100.295799 
2170.639181  	99.625576 
2170.996487  	98.956020 
2171.353794  	100.257081 
2171.711101  	100.660311 
2172.068408  	99.693197 
2172.425715  	100.346764 
2172.783022  	101.400739 
2173.140329  	101.909073 
2173.497635  	101.158958 
2173.854942  	99.918662 
2174.212249  	100.197733 
2174.569556  	99.020897 
2174.926863  	96.799557 
2175.284170  	97.709736 
2175.641477  	99.273572 
2175.998783  	99.471529 
2176.356090  	98.996127 
2176.713397  	97.631570 
2177.070704  	97.739193 
2177.428011  	99.472704 
2177.785318  	100.148312 
2178.142625  	100.311647 
2178.499931  	100.446843 
2178.857238  	99.940633 
2179.214545  	100.434599 
2179.571852  	102.151491 
2179.929159  	101.549384 
2180.286466  	99.798485 
2180.643773  	99.558797 
2181.001079  	99.190325 
2181.358386  	99.797485 
2181.715693  	99.684883 
2182.073000  	98.298844 
2182.430307  	99.756351 
2182.787614  	101.313214 
2183.144921  	101.391090 
2183.502228  	101.497259 
2183.859534  	100.315479 
2184.216841  	99.745381 
2184.574148  	101.280462 
2184.931455  	103.212243 
2185.288762  	101.462175 
2185.646069  	98.187804 
2186.003376  	97.656584 
2186.360682  	96.741461 
2186.717989  	97.083408 
2187.075296  	100.064649 
2187.432603  	102.004135 
2187.789910  	102.118718 
2188.147217  	99.151744 
2188.504524  	96.138134 
2188.861830  	96.507728 
2189.219137  	98.295611 
2189.576444  	100.207350 
2189.933751  	100.657293 
2190.291058  	99.492968 
2190.648365  	98.750990 
2191.005672  	98.728982 
2191.362978  	98.574119 
2191.720285  	99.130380 
2192.077592  	100.171863 
2192.434899  	100.315083 
2192.792206  	100.426033 
2193.149513  	99.650120 
2193.506820  	99.084428 
2193.864126  	99.241291 
2194.221433  	97.810441 
2194.578740  	98.472682 
2194.936047  	99.564137 
2195.293354  	97.837908 
2195.650661  	97.725294 
2196.007968  	98.958870 
2196.365275  	99.865841 
2196.722581  	99.611824 
2197.079888  	99.678593 
2197.437195  	100.520272 
2197.794502  	98.506019 
2198.151809  	97.595876 
2198.509116  	100.060383 
2198.866423  	101.518608 
2199.223729  	100.841183 
2199.581036  	100.141220 
2199.938343  	101.458627 
2200.295650  	101.589384 
2200.652957  	100.380210 
2201.010264  	100.649313 
2201.367571  	99.816854 
2201.724877  	99.412854 
2202.082184  	100.784180 
2202.439491  	101.178469 
2202.796798  	100.383990 
2203.154105  	98.641217 
2203.511412  	96.918012 
2203.868719  	97.123548 
2204.226025  	99.046812 
2204.583332  	100.630649 
2204.940639  	100.971554 
2205.297946  	99.643586 
2205.655253  	98.008466 
2206.012560  	97.744301 
2206.369867  	98.198775 
2206.727173  	100.567622 
2207.084480  	101.405386 
2207.441787  	98.097767 
2207.799094  	98.157779 
2208.156401  	100.834750 
2208.513708  	100.956232 
2208.871015  	100.500727 
2209.228322  	100.138510 
2209.585628  	99.817231 
2209.942935  	100.253319 
2210.300242  	100.320362 
2210.657549  	99.180354 
2211.014856  	99.386687 
2211.372163  	100.854043 
2211.729470  	99.888434 
2212.086776  	98.979084 
2212.444083  	99.758277 
2212.801390  	99.634610 
2213.158697  	98.634492 
2213.516004  	97.962584 
2213.873311  	99.052646 
2214.230618  	99.979749 
2214.587924  	99.084600 
2214.945231  	99.132219 
2215.302538  	100.552848 
2215.659845  	101.736969 
2216.017152  	101.873617 
2216.374459  	100.868063 
2216.731766  	99.160466 
2217.089072  	98.332574 
2217.446379  	98.586707 
2217.803686  	99.282748 
2218.160993  	101.174506 
2218.518300  	100.690294 
2218.875607  	98.573458 
2219.232914  	99.327044 
2219.590220  	99.111465 
2219.947527  	97.621581 
2220.304834  	97.610649 
2220.662141  	98.676231 
2221.019448  	100.443186 
2221.376755  	100.225544 
2221.734062  	99.880903 
2222.091369  	101.055151 
2222.448675  	100.241639 
2222.805982  	99.302976 
2223.163289  	100.591338 
2223.520596  	101.644102 
2223.877903  	100.634059 
2224.235210  	99.626390 
2224.592517  	99.921351 
2224.949823  	99.632315 
2225.307130  	98.886715 
2225.664437  	98.557828 
2226.021744  	99.134415 
2226.379051  	100.012602 
2226.736358  	99.427781 
2227.093665  	99.285266 
2227.450971  	100.155540 
2227.808278  	100.219356 
2228.165585  	99.532773 
2228.522892  	98.435026 
2228.880199  	98.452521 
2229.237506  	99.670843 
2229.594813  	100.057109 
2229.952119  	100.080724 
2230.309426  	100.724410 
2230.666733  	100.940466 
2231.024040  	99.875947 
2231.381347  	99.180318 
2231.738654  	99.815747 
2232.095961  	99.801700 
2232.453267  	98.831268 
2232.810574  	98.314023 
2233.167881  	98.491522 
2233.525188  	99.116422 
2233.882495  	99.172816 
2234.239802  	98.859891 
2234.597109  	99.360471 
2234.954416  	99.241998 
2235.311722  	97.950373 
2235.669029  	97.856465 
2236.026336  	99.086109 
2236.383643  	99.896702 
2236.740950  	99.971032 
2237.098257  	99.933769 
2237.455564  	100.117066 
2237.812870  	100.333163 
2238.170177  	100.511839 
2238.527484  	100.594508 
2238.884791  	100.821802 
2239.242098  	101.030323 
2239.599405  	100.223824 
2239.956712  	99.764954 
2240.314018  	100.850662 
2240.671325  	101.182714 
2241.028632  	99.547578 
2241.385939  	98.178467 
2241.743246  	98.981574 
2242.100553  	100.378449 
2242.457860  	100.205790 
2242.815166  	99.775140 
2243.172473  	100.394413 
2243.529780  	100.761899 
2243.887087  	99.934268 
2244.244394  	99.306731 
2244.601701  	99.545429 
2244.959008  	99.341399 
2245.316314  	98.969847 
2245.673621  	99.086800 
2246.030928  	99.167695 
2246.388235  	99.568849 
2246.745542  	100.440532 
2247.102849  	100.851095 
2247.460156  	100.324960 
2247.817463  	99.993881 
2248.174769  	100.456154 
2248.532076  	100.443824 
2248.889383  	99.947297 
2249.246690  	99.558309 
2249.603997  	98.753287 
2249.961304  	98.202681 
2250.318611  	99.168958 
2250.675917  	100.863491 
2251.033224  	100.930692 
2251.390531  	99.811371 
2251.747838  	100.208575 
2252.105145  	101.080145 
2252.462452  	100.442430 
2252.819759  	99.785224 
2253.177065  	99.779989 
2253.534372  	99.583581 
2253.891679  	100.122698 
2254.248986  	100.719831 
2254.606293  	99.506085 
2254.963600  	98.697815 
2255.320907  	99.163592 
2255.678213  	99.223918 
2256.035520  	99.267216 
2256.392827  	98.676509 
2256.750134  	98.457064 
2257.107441  	99.817619 
2257.464748  	99.983618 
2257.822055  	99.378788 
2258.179361  	99.442170 
2258.536668  	99.293400 
2258.893975  	99.267255 
2259.251282  	99.316707 
2259.608589  	99.542014 
2259.965896  	99.506488 
2260.323203  	99.043748 
2260.680509  	99.285539 
2261.037816  	99.269800 
2261.395123  	99.258734 
2261.752430  	99.930265 
2262.109737  	99.697298 
2262.467044  	99.534655 
2262.824351  	100.360269 
2263.181658  	100.873711 
2263.538964  	100.646646 
2263.896271  	100.171432 
2264.253578  	100.378302 
2264.610885  	100.736203 
2264.968192  	99.995143 
2265.325499  	99.394036 
2265.682806  	99.771259 
2266.040112  	99.877750 
2266.397419  	99.581487 
2266.754726  	99.555989 
2267.112033  	99.662580 
2267.469340  	100.109906 
2267.826647  	100.797373 
2268.183954  	100.903459 
2268.541260  	100.711933 
2268.898567  	100.631706 
2269.255874  	100.017065 
2269.613181  	99.392507 
2269.970488  	99.881289 
2270.327795  	100.361545 
2270.685102  	99.586587 
2271.042408  	99.057939 
2271.399715  	99.528093 
2271.757022  	99.825298 
2272.114329  	99.886317 
2272.471636  	99.793018 
2272.828943  	99.503503 
2273.186250  	100.208224 
2273.543556  	100.690533 
2273.900863  	99.839030 
2274.258170  	100.266152 
2274.615477  	101.341246 
2274.972784  	100.926285 
2275.330091  	100.214341 
2275.687398  	100.003384 
2276.044705  	100.284627 
2276.402011  	100.049564 
2276.759318  	99.335554 
2277.116625  	99.704863 
2277.473932  	100.193127 
2277.831239  	100.760074 
2278.188546  	101.546905 
2278.545853  	100.845346 
2278.903159  	99.752056 
2279.260466  	99.597967 
2279.617773  	99.929810 
2279.975080  	100.405556 
2280.332387  	100.374734 
2280.689694  	99.753228 
2281.047001  	99.449352 
2281.404307  	99.950653 
2281.761614  	100.302459 
2282.118921  	100.230858 
2282.476228  	100.458226 
2282.833535  	100.510752 
2283.190842  	100.233829 
2283.548149  	100.044184 
2283.905455  	100.163356 
2284.262762  	100.427975 
2284.620069  	100.243412 
2284.977376  	100.254008 
2285.334683  	100.573972 
2285.691990  	100.270805 
2286.049297  	99.843501 
2286.406603  	99.927361 
2286.763910  	100.375286 
2287.121217  	100.631414 
2287.478524  	100.108146 
2287.835831  	99.482325 
2288.193138  	99.538899 
2288.550445  	99.768075 
2288.907752  	99.785481 
2289.265058  	99.727930 
2289.622365  	99.728206 
2289.979672  	100.074689 
2290.336979  	100.223932 
2290.694286  	99.846065 
2291.051593  	99.745014 
2291.408900  	99.927033 
2291.766206  	100.126159 
2292.123513  	100.040589 
2292.480820  	99.592323 
2292.838127  	99.511029 
2293.195434  	99.292940 
2293.552741  	98.869591 
2293.910048  	99.261224 
2294.267354  	99.724888 
2294.624661  	99.695551 
2294.981968  	99.632665 
2295.339275  	99.530534 
2295.696582  	99.506485 
2296.053889  	99.692026 
2296.411196  	99.926625 
2296.768502  	99.982878 
2297.125809  	100.021844 
2297.483116  	100.099038 
2297.840423  	99.834326 
2298.197730  	99.706420 
2298.555037  	99.716596 
2298.912344  	99.200825 
2299.269650  	99.091322 
2299.626957  	99.359229 
2299.984264  	99.361974 
2300.341571  	99.974043 
2300.698878  	100.566024 
2301.056185  	100.181089 
2301.413492  	99.593748 
2301.770799  	99.068656 
2302.128105  	99.057399 
2302.485412  	99.487206 
2302.842719  	99.760932 
2303.200026  	99.923727 
2303.557333  	99.555802 
2303.914640  	99.226453 
2304.271947  	99.416899 
2304.629253  	99.380678 
2304.986560  	99.464653 
2305.343867  	99.607883 
2305.701174  	99.294822 
2306.058481  	99.133587 
2306.415788  	99.076761 
2306.773095  	98.942413 
2307.130401  	99.216190 
2307.487708  	99.387139 
2307.845015  	98.908417 
2308.202322  	98.708752 
2308.559629  	99.094154 
2308.916936  	99.400906 
2309.274243  	99.819752 
2309.631549  	100.097658 
2309.988856  	99.635145 
2310.346163  	99.159456 
2310.703470  	99.003866 
2311.060777  	98.643827 
2311.418084  	98.592422 
2311.775391  	99.224013 
2312.132697  	99.437864 
2312.490004  	99.392790 
2312.847311  	99.482949 
2313.204618  	99.128632 
2313.561925  	98.872431 
2313.919232  	99.068180 
2314.276539  	99.002971 
2314.633846  	98.798095 
2314.991152  	98.586993 
2315.348459  	98.558778 
2315.705766  	99.259251 
2316.063073  	99.855818 
2316.420380  	99.593384 
2316.777687  	98.999764 
2317.134994  	99.016067 
2317.492300  	99.433888 
2317.849607  	99.491089 
2318.206914  	99.370008 
2318.564221  	99.309642 
2318.921528  	99.311127 
2319.278835  	99.333897 
2319.636142  	99.226509 
2319.993448  	99.220429 
2320.350755  	99.645836 
2320.708062  	99.866837 
2321.065369  	99.050256 
2321.422676  	98.223251 
2321.779983  	98.631115 
2322.137290  	99.381759 
2322.494596  	99.733327 
2322.851903  	99.550284 
2323.209210  	99.466412 
2323.566517  	99.319670 
2323.923824  	98.963029 
2324.281131  	98.865388 
2324.638438  	99.141294 
2324.995744  	99.554285 
2325.353051  	99.684446 
2325.710358  	99.592162 
2326.067665  	99.265001 
2326.424972  	99.211163 
2326.782279  	99.977587 
2327.139586  	100.278680 
2327.496893  	99.807650 
2327.854199  	99.837155 
2328.211506  	100.059323 
2328.568813  	99.710298 
2328.926120  	99.173752 
2329.283427  	99.478630 
2329.640734  	99.530928 
2329.998041  	99.566722 
2330.355347  	99.845436 
2330.712654  	99.710486 
2331.069961  	99.736638 
2331.427268  	99.655645 
2331.784575  	99.553632 
2332.141882  	99.891559 
2332.499189  	99.682794 
2332.856495  	99.169954 
2333.213802  	99.225740 
2333.571109  	99.322203 
2333.928416  	99.579408 
2334.285723  	99.715613 
2334.643030  	99.398779 
2335.000337  	99.154719 
2335.357643  	99.169119 
2335.714950  	99.575827 
2336.072257  	100.036742 
2336.429564  	99.693580 
2336.786871  	99.326927 
2337.144178  	99.311352 
2337.501485  	99.473994 
2337.858791  	99.837797 
2338.216098  	99.687988 
2338.573405  	99.381151 
2338.930712  	99.374074 
2339.288019  	99.294500 
2339.645326  	99.681477 
2340.002633  	100.015182 
2340.359939  	99.921142 
2340.717246  	100.276743 
2341.074553  	100.391560 
2341.431860  	99.788776 
2341.789167  	99.487031 
2342.146474  	99.518093 
2342.503781  	100.045885 
2342.861088  	100.322435 
2343.218394  	99.961153 
2343.575701  	99.618653 
2343.933008  	99.424673 
2344.290315  	99.655489 
2344.647622  	99.426108 
2345.004929  	99.451092 
2345.362236  	100.071936 
2345.719542  	100.043043 
2346.076849  	99.723908 
2346.434156  	99.752405 
2346.791463  	99.919480 
2347.148770  	100.004512 
2347.506077  	99.615335 
2347.863384  	99.265460 
2348.220690  	99.358438 
2348.577997  	99.429064 
2348.935304  	99.471789 
2349.292611  	99.730410 
2349.649918  	99.840222 
2350.007225  	99.217137 
2350.364532  	98.846465 
2350.721838  	99.413704 
2351.079145  	100.126721 
2351.436452  	100.233418 
2351.793759  	99.647902 
2352.151066  	99.809892 
2352.508373  	100.024391 
2352.865680  	99.330218 
2353.222986  	99.325629 
2353.580293  	99.940909 
2353.937600  	99.889924 
2354.294907  	99.939277 
2354.652214  	99.911753 
2355.009521  	99.709721 
2355.366828  	99.795081 
2355.724135  	99.692609 
2356.081441  	99.707593 
2356.438748  	100.329224 
2356.796055  	100.542052 
2357.153362  	100.390007 
2357.510669  	100.230755 
2357.867976  	99.776930 
2358.225283  	99.482191 
2358.582589  	99.582627 
2358.939896  	99.604087 
2359.297203  	99.851924 
2359.654510  	100.092810 
2360.011817  	99.922556 
2360.369124  	100.024562 
2360.726431  	99.979136 
2361.083737  	99.345527 
2361.441044  	99.079737 
2361.798351  	99.746570 
2362.155658  	100.666397 
2362.512965  	101.082765 
2362.870272  	100.809322 
2363.227579  	100.219526 
2363.584885  	99.950056 
2363.942192  	100.152354 
2364.299499  	100.786030 
2364.656806  	100.404952 
2365.014113  	99.563143 
2365.371420  	99.602964 
2365.728727  	100.226378 
2366.086033  	100.279700 
2366.443340  	100.202246 
2366.800647  	100.235651 
2367.157954  	99.819600 
2367.515261  	99.494775 
2367.872568  	99.830279 
2368.229875  	100.005319 
2368.587182  	99.464413 
2368.944488  	99.341182 
2369.301795  	99.779424 
2369.659102  	99.891303 
2370.016409  	99.723897 
2370.373716  	99.861303 
2370.731023  	100.314036 
2371.088330  	100.300599 
2371.445636  	99.750251 
2371.802943  	99.462224 
2372.160250  	99.688424 
2372.517557  	99.719475 
2372.874864  	99.486642 
2373.232171  	99.374519 
2373.589478  	99.597176 
2373.946784  	99.618258 
2374.304091  	99.418692 
2374.661398  	99.575402 
2375.018705  	99.359515 
2375.376012  	98.976926 
2375.733319  	99.253422 
2376.090626  	99.501572 
2376.447932  	99.686188 
2376.805239  	99.913070 
2377.162546  	100.023042 
2377.519853  	100.093791 
2377.877160  	99.667346 
2378.234467  	99.496856 
2378.591774  	100.101363 
2378.949080  	100.309231 
2379.306387  	100.260818 
2379.663694  	100.135017 
2380.021001  	99.837138 
2380.378308  	99.925495 
2380.735615  	99.960814 
2381.092922  	99.685430 
2381.450229  	99.402332 
2381.807535  	99.096131 
2382.164842  	99.055904 
2382.522149  	99.195630 
2382.879456  	99.199681 
2383.236763  	99.339163 
2383.594070  	99.776275 
2383.951377  	100.070612 
2384.308683  	99.988445 
2384.665990  	99.834706 
2385.023297  	99.551314 
2385.380604  	99.281333 
2385.737911  	99.378069 
2386.095218  	99.644808 
2386.452525  	99.693809 
2386.809831  	99.263456 
2387.167138  	98.908559 
2387.524445  	98.952298 
2387.881752  	99.096181 
2388.239059  	99.531086 
2388.596366  	99.686863 
2388.953673  	99.425319 
2389.310979  	99.689362 
2389.668286  	100.054659 
2390.025593  	99.904822 
2390.382900  	99.612035 
2390.740207  	99.655201 
2391.097514  	99.838689 
2391.454821  	99.560798 
2391.812127  	99.283492 
2392.169434  	99.498739 
2392.526741  	99.694501 
2392.884048  	99.515246 
2393.241355  	99.449934 
2393.598662  	99.759776 
2393.955969  	99.746559 
2394.313276  	99.733566 
2394.670582  	100.022069 
2395.027889  	99.717975 
2395.385196  	99.507000 
2395.742503  	99.886103 
2396.099810  	99.913256 
2396.457117  	99.709102 
2396.814424  	99.493846 
2397.171730  	99.222008 
2397.529037  	99.302118 
2397.886344  	99.571261 
2398.243651  	99.632235 
2398.600958  	99.605958 
2398.958265  	99.635106 
2399.315572  	99.664598 
2399.672878  	99.605154 
2400.030185  	99.490679 
2400.387492  	99.753173 
2400.744799  	100.197879 
2401.102106  	100.145726 
2401.459413  	100.123899 
2401.816720  	100.203170 
2402.174026  	99.979107 
2402.531333  	100.105650 
2402.888640  	100.221298 
2403.245947  	99.972418 
2403.603254  	100.011227 
2403.960561  	100.059069 
2404.317868  	100.150969 
2404.675174  	100.321251 
2405.032481  	100.095300 
2405.389788  	99.962871 
2405.747095  	99.838312 
2406.104402  	99.422096 
2406.461709  	99.301161 
2406.819016  	99.312010 
2407.176323  	99.300918 
2407.533629  	99.652811 
2407.890936  	99.931916 
2408.248243  	99.774153 
2408.605550  	99.810900 
2408.962857  	100.104884 
2409.320164  	99.943727 
2409.677471  	99.453038 
2410.034777  	99.106580 
2410.392084  	99.047050 
2410.749391  	99.235344 
2411.106698  	99.327066 
2411.464005  	99.523793 
2411.821312  	99.722155 
2412.178619  	99.337811 
2412.535925  	99.047757 
2412.893232  	99.195118 
2413.250539  	99.335160 
2413.607846  	99.503120 
2413.965153  	99.461941 
2414.322460  	99.332062 
2414.679767  	99.559925 
2415.037073  	99.727901 
2415.394380  	99.600409 
2415.751687  	99.562423 
2416.108994  	99.540733 
2416.466301  	99.197324 
2416.823608  	99.029768 
2417.180915  	99.344955 
2417.538221  	99.418379 
2417.895528  	99.390659 
2418.252835  	99.873482 
2418.610142  	100.247601 
2418.967449  	99.952826 
2419.324756  	99.310542 
2419.682063  	98.866107 
2420.039369  	98.946546 
2420.396676  	99.350378 
2420.753983  	99.604070 
2421.111290  	99.382406 
2421.468597  	99.058257 
2421.825904  	99.233041 
2422.183211  	99.525337 
2422.540518  	99.569247 
2422.897824  	99.583760 
2423.255131  	99.456991 
2423.612438  	99.415424 
2423.969745  	99.657218 
2424.327052  	99.731502 
2424.684359  	99.582797 
2425.041666  	99.337308 
2425.398972  	99.279574 
2425.756279  	99.594502 
2426.113586  	99.545836 
2426.470893  	99.052061 
2426.828200  	98.851453 
2427.185507  	99.054452 
2427.542814  	99.472939 
2427.900120  	99.738466 
2428.257427  	99.503612 
2428.614734  	99.180357 
2428.972041  	99.331187 
2429.329348  	99.691768 
2429.686655  	99.644431 
2430.043962  	99.322632 
2430.401268  	99.343527 
2430.758575  	99.635053 
2431.115882  	99.537244 
2431.473189  	99.305897 
2431.830496  	99.453489 
2432.187803  	99.398459 
2432.545110  	99.329792 
2432.902416  	99.569771 
2433.259723  	99.189172 
2433.617030  	98.677725 
2433.974337  	98.832308 
2434.331644  	98.986747 
2434.688951  	99.035992 
2435.046258  	98.959605 
2435.403565  	98.796798 
2435.760871  	99.138906 
2436.118178  	99.471286 
2436.475485  	99.284535 
2436.832792  	99.122970 
2437.190099  	99.114307 
2437.547406  	99.127122 
2437.904713  	99.273924 
2438.262019  	99.431970 
2438.619326  	99.679102 
2438.976633  	99.878074 
2439.333940  	99.472620 
2439.691247  	99.218997 
2440.048554  	99.467841 
2440.405861  	99.181804 
2440.763167  	98.919252 
2441.120474  	99.208749 
2441.477781  	99.456004 
2441.835088  	99.759637 
2442.192395  	99.702805 
2442.549702  	99.240697 
2442.907009  	99.124014 
2443.264315  	99.158803 
2443.621622  	99.208627 
2443.978929  	99.264897 
2444.336236  	99.261737 
2444.693543  	99.469956 
2445.050850  	99.613780 
2445.408157  	99.247448 
2445.765463  	98.933350 
2446.122770  	99.336059 
2446.480077  	99.636250 
2446.837384  	99.473482 
2447.194691  	99.650134 
2447.551998  	99.702730 
2447.909305  	99.358257 
2448.266612  	99.235987 
2448.623918  	99.398237 
2448.981225  	99.740060 
2449.338532  	99.634645 
2449.695839  	99.088641 
2450.053146  	98.979167 
2450.410453  	99.128424 
2450.767760  	99.165491 
2451.125066  	98.984388 
2451.482373  	98.671326 
2451.839680  	98.643865 
2452.196987  	98.826733 
2452.554294  	99.116529 
2452.911601  	99.296601 
2453.268908  	99.067480 
2453.626214  	98.830608 
2453.983521  	98.805262 
2454.340828  	98.950177 
2454.698135  	99.249033 
2455.055442  	99.499252 
2455.412749  	99.477604 
2455.770056  	98.912009 
2456.127362  	98.511889 
2456.484669  	98.939992 
2456.841976  	99.331903 
2457.199283  	99.316066 
2457.556590  	99.226215 
2457.913897  	99.270216 
2458.271204  	99.356133 
2458.628510  	99.012877 
2458.985817  	98.968692 
2459.343124  	99.270391 
2459.700431  	99.041011 
2460.057738  	99.214932 
2460.415045  	99.583303 
2460.772352  	99.270847 
2461.129659  	99.283945 
2461.486965  	99.419623 
2461.844272  	99.122730 
2462.201579  	99.125777 
2462.558886  	99.165494 
2462.916193  	98.812939 
2463.273500  	98.765753 
2463.630807  	99.059429 
2463.988113  	99.118741 
2464.345420  	99.186545 
2464.702727  	99.447195 
2465.060034  	99.675949 
2465.417341  	99.646727 
2465.774648  	99.406966 
2466.131955  	99.447649 
2466.489261  	99.605846 
2466.846568  	99.697012 
2467.203875  	99.598515 
2467.561182  	99.051560 
2467.918489  	98.996129 
2468.275796  	99.511261 
2468.633103  	99.823488 
2468.990409  	99.958763 
2469.347716  	99.733611 
2469.705023  	99.536503 
2470.062330  	99.406910 
2470.419637  	98.878911 
2470.776944  	98.774773 
2471.134251  	99.146466 
2471.491557  	99.171814 
2471.848864  	99.069674 
2472.206171  	99.146847 
2472.563478  	99.216210 
2472.920785  	99.367017 
2473.278092  	99.496462 
2473.635399  	99.282822 
2473.992706  	99.269695 
2474.350012  	99.460194 
2474.707319  	99.407808 
2475.064626  	99.469422 
2475.421933  	99.364239 
2475.779240  	99.040981 
2476.136547  	99.188694 
2476.493854  	99.612843 
2476.851160  	99.758217 
2477.208467  	99.735314 
2477.565774  	99.724448 
2477.923081  	99.317442 
2478.280388  	99.185759 
2478.637695  	99.858121 
2478.995002  	100.013295 
2479.352308  	99.665335 
2479.709615  	99.519293 
2480.066922  	99.555673 
2480.424229  	99.955825 
2480.781536  	99.996601 
2481.138843  	99.652294 
2481.496150  	99.633567 
2481.853456  	99.693664 
2482.210763  	99.825477 
2482.568070  	99.941919 
2482.925377  	99.768888 
2483.282684  	99.536999 
2483.639991  	99.642477 
2483.997298  	100.165395 
2484.354604  	100.312460 
2484.711911  	99.782668 
2485.069218  	99.442436 
2485.426525  	99.540314 
2485.783832  	99.627964 
2486.141139  	99.513062 
2486.498446  	99.269923 
2486.855753  	99.322771 
2487.213059  	99.731907 
2487.570366  	99.656811 
2487.927673  	99.368681 
2488.284980  	99.575787 
2488.642287  	99.444401 
2488.999594  	99.187492 
2489.356901  	99.570253 
2489.714207  	99.639236 
2490.071514  	99.445829 
2490.428821  	99.786520 
2490.786128  	99.952551 
2491.143435  	99.659687 
2491.500742  	99.523943 
2491.858049  	99.499212 
2492.215355  	99.395003 
2492.572662  	99.481665 
2492.929969  	99.578310 
2493.287276  	99.416914 
2493.644583  	99.510288 
2494.001890  	99.641896 
2494.359197  	99.351629 
2494.716503  	99.313388 
2495.073810  	99.538619 
2495.431117  	99.515071 
2495.788424  	99.163680 
2496.145731  	98.787994 
2496.503038  	99.088427 
2496.860345  	99.598030 
2497.217651  	99.621247 
2497.574958  	99.581466 
2497.932265  	99.770148 
2498.289572  	100.184152 
2498.646879  	100.326798 
2499.004186  	100.069284 
2499.361493  	99.780245 
2499.718800  	99.549316 
2500.076106  	99.687684 
2500.433413  	99.654366 
2500.790720  	99.376018 
2501.148027  	99.591014 
2501.505334  	99.953849 
2501.862641  	100.400026 
2502.219948  	100.368732 
2502.577254  	99.649043 
2502.934561  	99.414971 
2503.291868  	99.449503 
2503.649175  	99.528657 
2504.006482  	99.739966 
2504.363789  	99.598001 
2504.721096  	99.372251 
2505.078402  	99.411689 
2505.435709  	99.810741 
2505.793016  	100.007400 
2506.150323  	99.650065 
2506.507630  	99.413343 
2506.864937  	99.341601 
2507.222244  	99.428789 
2507.579550  	99.601350 
2507.936857  	99.434124 
2508.294164  	99.183582 
2508.651471  	98.997175 
2509.008778  	99.071831 
2509.366085  	99.558109 
2509.723392  	99.817876 
2510.080698  	99.684989 
2510.438005  	99.587049 
2510.795312  	99.508875 
2511.152619  	99.337842 
2511.509926  	99.469928 
2511.867233  	99.961914 
2512.224540  	100.022665 
2512.581846  	99.582774 
2512.939153  	99.449224 
2513.296460  	99.441237 
2513.653767  	99.167788 
2514.011074  	99.184709 
2514.368381  	99.584854 
2514.725688  	100.182106 
2515.082995  	100.548438 
2515.440301  	99.847737 
2515.797608  	99.064485 
2516.154915  	99.317663 
2516.512222  	99.553582 
2516.869529  	99.148713 
2517.226836  	99.101270 
2517.584143  	99.644726 
2517.941449  	99.596869 
2518.298756  	99.154583 
2518.656063  	99.292971 
2519.013370  	99.360710 
2519.370677  	99.322394 
2519.727984  	99.552415 
2520.085291  	99.270760 
2520.442597  	98.954500 
2520.799904  	99.248527 
2521.157211  	99.155733 
2521.514518  	98.780174 
2521.871825  	99.096416 
2522.229132  	99.561403 
2522.586439  	99.498017 
2522.943745  	99.293182 
2523.301052  	99.346066 
2523.658359  	99.511842 
2524.015666  	99.619372 
2524.372973  	99.696738 
2524.730280  	99.661473 
2525.087587  	99.832044 
2525.444893  	99.877291 
2525.802200  	99.249371 
2526.159507  	99.075899 
2526.516814  	99.096397 
2526.874121  	98.831370 
2527.231428  	99.363076 
2527.588735  	99.593111 
2527.946042  	99.332964 
2528.303348  	99.787628 
2528.660655  	99.793780 
2529.017962  	99.250360 
2529.375269  	99.222333 
2529.732576  	99.491939 
2530.089883  	99.529441 
2530.447190  	99.384800 
2530.804496  	99.571905 
2531.161803  	99.563227 
2531.519110  	99.150943 
2531.876417  	99.325800 
2532.233724  	99.755154 
2532.591031  	99.537588 
2532.948338  	99.027919 
2533.305644  	98.951646 
2533.662951  	99.299478 
2534.020258  	99.593816 
2534.377565  	99.630190 
2534.734872  	99.618110 
2535.092179  	99.558162 
2535.449486  	99.248364 
2535.806792  	99.306429 
2536.164099  	99.749666 
2536.521406  	99.811501 
2536.878713  	99.948070 
2537.236020  	100.186896 
2537.593327  	100.058359 
2537.950634  	99.888833 
2538.307940  	99.680647 
2538.665247  	99.557907 
2539.022554  	99.741145 
2539.379861  	99.911698 
2539.737168  	99.727899 
2540.094475  	99.456878 
2540.451782  	99.560334 
2540.809089  	99.645778 
2541.166395  	99.752387 
2541.523702  	100.032593 
2541.881009  	99.804592 
2542.238316  	99.554984 
2542.595623  	99.722779 
2542.952930  	99.784215 
2543.310237  	99.775725 
2543.667543  	99.697357 
2544.024850  	99.721397 
2544.382157  	99.912351 
2544.739464  	99.736526 
2545.096771  	99.501078 
2545.454078  	99.593135 
2545.811385  	99.805126 
2546.168691  	100.079975 
2546.525998  	99.955416 
2546.883305  	99.434391 
2547.240612  	99.426094 
2547.597919  	99.762286 
2547.955226  	99.851198 
2548.312533  	99.794476 
2548.669839  	99.417419 
2549.027146  	99.143715 
2549.384453  	99.335724 
2549.741760  	99.237847 
2550.099067  	99.189097 
2550.456374  	99.558986 
2550.813681  	99.629587 
2551.170987  	99.568243 
2551.528294  	99.662312 
2551.885601  	99.977846 
2552.242908  	100.250617 
2552.600215  	99.832841 
2552.957522  	99.574816 
2553.314829  	99.663983 
2553.672136  	99.528567 
2554.029442  	100.072584 
2554.386749  	100.377909 
2554.744056  	99.448716 
2555.101363  	99.182730 
2555.458670  	99.638175 
2555.815977  	99.509503 
2556.173284  	99.187826 
2556.530590  	99.061363 
2556.887897  	99.119468 
2557.245204  	99.100816 
2557.602511  	99.140729 
2557.959818  	99.606054 
2558.317125  	99.622705 
2558.674432  	99.316690 
2559.031738  	99.492004 
2559.389045  	99.495937 
2559.746352  	99.368380 
2560.103659  	99.461386 
2560.460966  	99.584047 
2560.818273  	99.700394 
2561.175580  	99.541002 
2561.532886  	99.467215 
2561.890193  	99.385427 
2562.247500  	99.106173 
2562.604807  	99.432661 
2562.962114  	99.559599 
2563.319421  	99.147130 
2563.676728  	99.196510 
2564.034034  	99.104007 
2564.391341  	98.908551 
2564.748648  	99.353190 
2565.105955  	99.869053 
2565.463262  	99.871716 
2565.820569  	99.525954 
2566.177876  	99.369479 
2566.535183  	99.394273 
2566.892489  	99.538238 
2567.249796  	99.728680 
2567.607103  	99.474216 
2567.964410  	99.471598 
2568.321717  	99.954012 
2568.679024  	100.044500 
2569.036331  	100.034431 
2569.393637  	99.785031 
2569.750944  	99.192598 
2570.108251  	99.242572 
2570.465558  	99.373149 
2570.822865  	98.970857 
2571.180172  	98.996521 
2571.537479  	99.394260 
2571.894785  	99.453959 
2572.252092  	99.545104 
2572.609399  	99.787110 
2572.966706  	99.621908 
2573.324013  	99.445713 
2573.681320  	99.595235 
2574.038627  	99.567747 
2574.395933  	99.786730 
2574.753240  	100.026331 
2575.110547  	99.604654 
2575.467854  	99.641252 
2575.825161  	99.863435 
2576.182468  	99.282865 
2576.539775  	98.963438 
2576.897081  	99.310237 
2577.254388  	99.785223 
2577.611695  	99.927250 
2577.969002  	99.616530 
2578.326309  	99.367877 
2578.683616  	99.384583 
2579.040923  	99.536792 
2579.398230  	99.236250 
2579.755536  	98.770641 
2580.112843  	99.048034 
2580.470150  	99.291318 
2580.827457  	99.358007 
2581.184764  	99.740241 
2581.542071  	99.933542 
2581.899378  	100.016779 
2582.256684  	99.896913 
2582.613991  	99.626169 
2582.971298  	99.807446 
2583.328605  	99.885726 
2583.685912  	99.607595 
2584.043219  	99.651452 
2584.400526  	99.721949 
2584.757832  	99.315327 
2585.115139  	99.048744 
2585.472446  	99.192334 
2585.829753  	99.353634 
2586.187060  	99.455909 
2586.544367  	99.452922 
2586.901674  	99.497655 
2587.258980  	99.548162 
2587.616287  	99.445931 
2587.973594  	99.559603 
2588.330901  	99.723960 
2588.688208  	99.643012 
2589.045515  	99.438299 
2589.402822  	99.197332 
2589.760128  	99.095295 
2590.117435  	99.059988 
2590.474742  	99.149050 
2590.832049  	99.332563 
2591.189356  	99.220054 
2591.546663  	99.041756 
2591.903970  	99.112916 
2592.261276  	99.238465 
2592.618583  	99.307469 
2592.975890  	99.423528 
2593.333197  	99.445060 
2593.690504  	99.259567 
2594.047811  	99.104065 
2594.405118  	98.936460 
2594.762425  	98.808910 
2595.119731  	98.913093 
2595.477038  	99.039652 
2595.834345  	99.196443 
2596.191652  	99.399327 
2596.548959  	99.342441 
2596.906266  	99.123640 
2597.263573  	99.226374 
2597.620879  	99.487627 
2597.978186  	99.493735 
2598.335493  	99.582595 
2598.692800  	99.612897 
2599.050107  	99.288260 
2599.407414  	99.087835 
2599.764721  	98.940389 
2600.122027  	98.797951 
2600.479334  	98.833080 
2600.836641  	98.817952 
2601.193948  	99.158237 
2601.551255  	99.688509 
2601.908562  	99.505157 
2602.265869  	99.202029 
2602.623175  	99.289705 
2602.980482  	99.218919 
2603.337789  	99.175374 
2603.695096  	99.355998 
2604.052403  	99.540645 
2604.409710  	99.648771 
2604.767017  	99.411733 
2605.124323  	99.162761 
2605.481630  	99.269742 
2605.838937  	99.377504 
2606.196244  	99.396920 
2606.553551  	99.273560 
2606.910858  	99.046995 
2607.268165  	98.934761 
2607.625472  	98.955311 
2607.982778  	99.243804 
2608.340085  	99.386674 
2608.697392  	99.043587 
2609.054699  	98.915108 
2609.412006  	99.065814 
2609.769313  	98.955004 
2610.126620  	98.844231 
2610.483926  	98.937529 
2610.841233  	98.934063 
2611.198540  	98.780911 
2611.555847  	98.684171 
2611.913154  	98.827162 
2612.270461  	98.966461 
2612.627768  	99.024172 
2612.985074  	99.283768 
2613.342381  	99.288890 
2613.699688  	99.093849 
2614.056995  	99.248981 
2614.414302  	99.345553 
2614.771609  	99.384918 
2615.128916  	99.506619 
2615.486222  	99.506651 
2615.843529  	99.509119 
2616.200836  	99.363634 
2616.558143  	99.304367 
2616.915450  	99.545484 
2617.272757  	99.457389 
2617.630064  	98.966635 
2617.987370  	98.820832 
2618.344677  	99.252143 
2618.701984  	99.592483 
2619.059291  	99.656632 
2619.416598  	99.746069 
2619.773905  	99.777647 
2620.131212  	99.750074 
2620.488519  	99.521316 
2620.845825  	99.235315 
2621.203132  	99.273276 
2621.560439  	99.391818 
2621.917746  	99.430475 
2622.275053  	99.314122 
2622.632360  	99.084378 
2622.989667  	99.082899 
2623.346973  	99.399860 
2623.704280  	99.758438 
2624.061587  	99.604130 
2624.418894  	99.255639 
2624.776201  	99.473972 
2625.133508  	99.770080 
2625.490815  	99.783761 
2625.848121  	99.923946 
2626.205428  	99.888313 
2626.562735  	99.563524 
2626.920042  	99.682677 
2627.277349  	99.937493 
2627.634656  	99.702072 
2627.991963  	99.621234 
2628.349269  	99.812236 
2628.706576  	99.737477 
2629.063883  	99.571378 
2629.421190  	99.497184 
2629.778497  	99.455106 
2630.135804  	99.475554 
2630.493111  	99.427206 
2630.850417  	99.284185 
2631.207724  	99.380960 
2631.565031  	99.613275 
2631.922338  	99.716826 
2632.279645  	99.892251 
2632.636952  	99.870324 
2632.994259  	99.644354 
2633.351566  	99.712880 
2633.708872  	99.803759 
2634.066179  	99.792567 
2634.423486  	99.875941 
2634.780793  	99.909765 
2635.138100  	99.823995 
2635.495407  	99.808450 
2635.852714  	100.035228 
2636.210020  	100.045051 
2636.567327  	99.634601 
2636.924634  	99.463452 
2637.281941  	99.752436 
2637.639248  	100.016085 
2637.996555  	99.867637 
2638.353862  	99.627170 
2638.711168  	99.573743 
2639.068475  	99.543830 
2639.425782  	99.654483 
2639.783089  	99.762374 
2640.140396  	99.625266 
2640.497703  	99.492140 
2640.855010  	99.461305 
2641.212316  	99.456328 
2641.569623  	99.542658 
2641.926930  	99.717150 
2642.284237  	99.615550 
2642.641544  	99.374588 
2642.998851  	99.584265 
2643.356158  	99.817398 
2643.713464  	99.732018 
2644.070771  	99.747610 
2644.428078  	99.768104 
2644.785385  	99.673944 
2645.142692  	99.639701 
2645.499999  	99.633505 
2645.857306  	99.636727 
2646.214613  	99.668559 
2646.571919  	99.651198 
2646.929226  	99.604220 
2647.286533  	99.668830 
2647.643840  	99.706889 
2648.001147  	99.585918 
2648.358454  	99.584183 
2648.715761  	99.748343 
2649.073067  	99.808856 
2649.430374  	99.765864 
2649.787681  	99.770910 
2650.144988  	99.777444 
2650.502295  	99.700300 
2650.859602  	99.676558 
2651.216909  	99.793792 
2651.574215  	99.847889 
2651.931522  	99.753557 
2652.288829  	99.705649 
2652.646136  	99.720200 
2653.003443  	99.727894 
2653.360750  	99.853408 
2653.718057  	99.975219 
2654.075363  	99.859443 
2654.432670  	99.624724 
2654.789977  	99.494625 
2655.147284  	99.629525 
2655.504591  	99.775866 
2655.861898  	99.507419 
2656.219205  	99.315567 
2656.576511  	99.576359 
2656.933818  	99.544919 
2657.291125  	99.233884 
2657.648432  	99.414878 
2658.005739  	99.776431 
2658.363046  	99.821070 
2658.720353  	99.761622 
2659.077660  	99.767297 
2659.434966  	99.856723 
2659.792273  	99.918669 
2660.149580  	99.822757 
2660.506887  	99.703869 
2660.864194  	99.739489 
2661.221501  	99.874047 
2661.578808  	99.855770 
2661.936114  	99.682925 
2662.293421  	99.564490 
2662.650728  	99.568643 
2663.008035  	99.705367 
2663.365342  	99.753805 
2663.722649  	99.596090 
2664.079956  	99.581272 
2664.437262  	99.767473 
2664.794569  	99.728747 
2665.151876  	99.467552 
2665.509183  	99.507701 
2665.866490  	99.746606 
2666.223797  	99.757944 
2666.581104  	99.729265 
2666.938410  	99.776169 
2667.295717  	99.913401 
2667.653024  	100.035094 
2668.010331  	99.878438 
2668.367638  	99.767366 
2668.724945  	99.771388 
2669.082252  	99.718825 
2669.439558  	99.722164 
2669.796865  	99.597432 
2670.154172  	99.467033 
2670.511479  	99.487905 
2670.868786  	99.568366 
2671.226093  	99.790665 
2671.583400  	99.887828 
2671.940706  	99.793362 
2672.298013  	99.721922 
2672.655320  	99.672306 
2673.012627  	99.695982 
2673.369934  	99.752519 
2673.727241  	99.769828 
2674.084548  	99.687997 
2674.441855  	99.712905 
2674.799161  	99.909341 
2675.156468  	99.818827 
2675.513775  	99.547605 
2675.871082  	99.446552 
2676.228389  	99.625854 
2676.585696  	99.829479 
2676.943003  	99.634177 
2677.300309  	99.605000 
2677.657616  	99.899502 
2678.014923  	99.984462 
2678.372230  	99.968245 
2678.729537  	99.868969 
2679.086844  	99.820891 
2679.444151  	99.874312 
2679.801457  	99.804737 
2680.158764  	99.775353 
2680.516071  	99.769701 
2680.873378  	99.772476 
2681.230685  	99.703509 
2681.587992  	99.580193 
2681.945299  	99.691769 
2682.302605  	99.640907 
2682.659912  	99.513035 
2683.017219  	99.756915 
2683.374526  	99.830297 
2683.731833  	99.712596 
2684.089140  	99.802869 
2684.446447  	99.810569 
2684.803753  	99.734271 
2685.161060  	99.728031 
2685.518367  	99.622281 
2685.875674  	99.594840 
2686.232981  	99.670141 
2686.590288  	99.676263 
2686.947595  	99.853633 
2687.304902  	99.987686 
2687.662208  	99.880629 
2688.019515  	99.826393 
2688.376822  	99.691325 
2688.734129  	99.529562 
2689.091436  	99.532588 
2689.448743  	99.604999 
2689.806050  	99.728991 
2690.163356  	99.722323 
2690.520663  	99.694413 
2690.877970  	99.867364 
2691.235277  	99.973954 
2691.592584  	99.787443 
2691.949891  	99.528292 
2692.307198  	99.626081 
2692.664504  	99.813997 
2693.021811  	99.753823 
2693.379118  	99.792548 
2693.736425  	99.844543 
2694.093732  	99.784685 
2694.451039  	99.763259 
2694.808346  	99.669299 
2695.165652  	99.632886 
2695.522959  	99.654637 
2695.880266  	99.624568 
2696.237573  	99.727250 
2696.594880  	99.876557 
2696.952187  	99.935516 
2697.309494  	99.824584 
2697.666800  	99.551344 
2698.024107  	99.480031 
2698.381414  	99.650388 
2698.738721  	99.760755 
2699.096028  	99.718391 
2699.453335  	99.699052 
2699.810642  	99.769771 
2700.167949  	99.660721 
2700.525255  	99.588683 
2700.882562  	99.730704 
2701.239869  	99.708640 
2701.597176  	99.720010 
2701.954483  	99.826413 
2702.311790  	99.838104 
2702.669097  	99.893147 
2703.026403  	99.761960 
2703.383710  	99.610831 
2703.741017  	99.699476 
2704.098324  	99.781196 
2704.455631  	99.929295 
2704.812938  	99.956673 
2705.170245  	99.742490 
2705.527551  	99.710409 
2705.884858  	99.844958 
2706.242165  	99.848178 
2706.599472  	99.732406 
2706.956779  	99.679720 
2707.314086  	99.680468 
2707.671393  	99.695038 
2708.028699  	99.704342 
2708.386006  	99.672950 
2708.743313  	99.649870 
2709.100620  	99.540379 
2709.457927  	99.591949 
2709.815234  	99.816732 
2710.172541  	99.713558 
2710.529847  	99.534745 
2710.887154  	99.535675 
2711.244461  	99.691952 
2711.601768  	99.875790 
2711.959075  	99.753337 
2712.316382  	99.724256 
2712.673689  	99.895660 
2713.030996  	99.957789 
2713.388302  	99.959506 
2713.745609  	99.756648 
2714.102916  	99.621353 
2714.460223  	99.693955 
2714.817530  	99.705251 
2715.174837  	99.762990 
2715.532144  	99.693348 
2715.889450  	99.630965 
2716.246757  	99.937981 
2716.604064  	100.036110 
2716.961371  	99.758237 
2717.318678  	99.700883 
2717.675985  	99.758520 
2718.033292  	99.769530 
2718.390598  	99.886434 
2718.747905  	99.836269 
2719.105212  	99.725024 
2719.462519  	99.739489 
2719.819826  	99.666402 
2720.177133  	99.681435 
2720.534440  	99.745584 
2720.891746  	99.792956 
2721.249053  	99.833898 
2721.606360  	99.706747 
2721.963667  	99.865279 
2722.320974  	100.145706 
2722.678281  	100.011216 
2723.035588  	99.838539 
2723.392894  	99.705021 
2723.750201  	99.624418 
2724.107508  	99.739750 
2724.464815  	99.758151 
2724.822122  	99.666129 
2725.179429  	99.686390 
2725.536736  	99.829744 
2725.894043  	99.868859 
2726.251349  	99.704540 
2726.608656  	99.609864 
2726.965963  	99.651719 
2727.323270  	99.632433 
2727.680577  	99.592734 
2728.037884  	99.720101 
2728.395191  	99.914823 
2728.752497  	99.947668 
2729.109804  	99.812162 
2729.467111  	99.626611 
2729.824418  	99.530612 
2730.181725  	99.564532 
2730.539032  	99.611760 
2730.896339  	99.549991 
2731.253645  	99.415402 
2731.610952  	99.363411 
2731.968259  	99.477723 
2732.325566  	99.641544 
2732.682873  	99.764673 
2733.040180  	99.971130 
2733.397487  	99.974302 
2733.754793  	99.647464 
2734.112100  	99.568757 
2734.469407  	99.612414 
2734.826714  	99.545701 
2735.184021  	99.667885 
2735.541328  	99.792795 
2735.898635  	99.786775 
2736.255941  	99.697531 
2736.613248  	99.609187 
2736.970555  	99.740750 
2737.327862  	99.825342 
2737.685169  	99.597506 
2738.042476  	99.382677 
2738.399783  	99.503780 
2738.757090  	99.701728 
2739.114396  	99.739354 
2739.471703  	99.723918 
2739.829010  	99.624007 
2740.186317  	99.658188 
2740.543624  	99.839167 
2740.900931  	99.866607 
2741.258238  	99.818443 
2741.615544  	99.649603 
2741.972851  	99.570124 
2742.330158  	99.779532 
2742.687465  	99.889119 
2743.044772  	99.807415 
2743.402079  	99.644373 
2743.759386  	99.545195 
2744.116692  	99.546512 
2744.473999  	99.473671 
2744.831306  	99.459848 
2745.188613  	99.588507 
2745.545920  	99.687034 
2745.903227  	99.623535 
2746.260534  	99.555833 
2746.617840  	99.606491 
2746.975147  	99.591002 
2747.332454  	99.599767 
2747.689761  	99.702076 
2748.047068  	99.826062 
2748.404375  	99.919715 
2748.761682  	99.785402 
2749.118988  	99.701103 
2749.476295  	99.885260 
2749.833602  	99.995770 
2750.190909  	99.889105 
2750.548216  	99.768560 
2750.905523  	99.773286 
2751.262830  	99.635355 
2751.620136  	99.509551 
2751.977443  	99.753747 
2752.334750  	99.851414 
2752.692057  	99.750012 
2753.049364  	99.762674 
2753.406671  	99.589761 
2753.763978  	99.475342 
2754.121285  	99.667628 
2754.478591  	99.759829 
2754.835898  	99.743184 
2755.193205  	99.839937 
2755.550512  	99.933187 
2755.907819  	99.852967 
2756.265126  	99.778797 
2756.622433  	99.876032 
2756.979739  	99.887750 
2757.337046  	99.763221 
2757.694353  	99.711465 
2758.051660  	99.749837 
2758.408967  	99.819031 
2758.766274  	99.930145 
2759.123581  	100.000854 
2759.480887  	99.782652 
2759.838194  	99.594273 
2760.195501  	99.741245 
2760.552808  	99.784039 
2760.910115  	99.804877 
2761.267422  	99.880927 
2761.624729  	99.797550 
2761.982035  	99.868111 
2762.339342  	99.898485 
2762.696649  	99.712530 
2763.053956  	99.664703 
2763.411263  	99.709979 
2763.768570  	99.615083 
2764.125877  	99.420481 
2764.483183  	99.548327 
2764.840490  	99.768377 
2765.197797  	99.628990 
2765.555104  	99.521763 
2765.912411  	99.474089 
2766.269718  	99.459944 
2766.627025  	99.567977 
2766.984332  	99.631395 
2767.341638  	99.737560 
2767.698945  	99.690354 
2768.056252  	99.529288 
2768.413559  	99.465225 
2768.770866  	99.483341 
2769.128173  	99.677635 
2769.485480  	99.612565 
2769.842786  	99.379550 
2770.200093  	99.542381 
2770.557400  	99.801518 
2770.914707  	99.783378 
2771.272014  	99.569888 
2771.629321  	99.543202 
2771.986628  	99.547479 
2772.343934  	99.398515 
2772.701241  	99.607454 
2773.058548  	99.873157 
2773.415855  	99.771287 
2773.773162  	99.610020 
2774.130469  	99.497686 
2774.487776  	99.437223 
2774.845082  	99.490726 
2775.202389  	99.655706 
2775.559696  	99.703045 
2775.917003  	99.657592 
2776.274310  	99.644492 
2776.631617  	99.465426 
2776.988924  	99.430651 
2777.346230  	99.556450 
2777.703537  	99.539345 
2778.060844  	99.635882 
2778.418151  	99.714639 
2778.775458  	99.701174 
2779.132765  	99.719839 
2779.490072  	99.628543 
2779.847379  	99.596810 
2780.204685  	99.562389 
2780.561992  	99.522347 
2780.919299  	99.700141 
2781.276606  	99.716093 
2781.633913  	99.663963 
2781.991220  	99.847173 
2782.348527  	99.851743 
2782.705833  	99.882626 
2783.063140  	100.076968 
2783.420447  	99.939861 
2783.777754  	99.766910 
2784.135061  	99.634192 
2784.492368  	99.392357 
2784.849675  	99.514849 
2785.206981  	99.736966 
2785.564288  	99.697410 
2785.921595  	99.652818 
2786.278902  	99.603100 
2786.636209  	99.621127 
2786.993516  	99.736101 
2787.350823  	99.809052 
2787.708129  	99.900798 
2788.065436  	99.954205 
2788.422743  	99.869547 
2788.780050  	99.801208 
2789.137357  	99.792776 
2789.494664  	99.705110 
2789.851971  	99.734381 
2790.209277  	99.862477 
2790.566584  	99.775103 
2790.923891  	99.805862 
2791.281198  	99.950172 
2791.638505  	99.735353 
2791.995812  	99.475244 
2792.353119  	99.449885 
2792.710426  	99.457228 
2793.067732  	99.507480 
2793.425039  	99.612602 
2793.782346  	99.625250 
2794.139653  	99.584853 
2794.496960  	99.567306 
2794.854267  	99.597932 
2795.211574  	99.729072 
2795.568880  	99.618102 
2795.926187  	99.304762 
2796.283494  	99.408115 
2796.640801  	99.522788 
2796.998108  	99.301204 
2797.355415  	99.361621 
2797.712722  	99.467294 
2798.070028  	99.258527 
2798.427335  	99.279637 
2798.784642  	99.534330 
2799.141949  	99.604298 
2799.499256  	99.531760 
2799.856563  	99.485338 
2800.213870  	99.515724 
2800.571176  	99.525107 
2800.928483  	99.488335 
2801.285790  	99.454513 
2801.643097  	99.349630 
2802.000404  	99.371374 
2802.357711  	99.548301 
2802.715018  	99.480475 
2803.072324  	99.390463 
2803.429631  	99.570269 
2803.786938  	99.565862 
2804.144245  	99.365807 
2804.501552  	99.451190 
2804.858859  	99.662315 
2805.216166  	99.639228 
2805.573473  	99.501734 
2805.930779  	99.483282 
2806.288086  	99.644674 
2806.645393  	99.827599 
2807.002700  	99.831933 
2807.360007  	99.685083 
2807.717314  	99.602672 
2808.074621  	99.745910 
2808.431927  	99.897289 
2808.789234  	99.838357 
2809.146541  	99.713244 
2809.503848  	99.617918 
2809.861155  	99.608094 
2810.218462  	99.657863 
2810.575769  	99.618970 
2810.933075  	99.567163 
2811.290382  	99.564688 
2811.647689  	99.561328 
2812.004996  	99.612768 
2812.362303  	99.743003 
2812.719610  	99.837948 
2813.076917  	99.809697 
2813.434223  	99.766196 
2813.791530  	99.747519 
2814.148837  	99.719206 
2814.506144  	99.827277 
2814.863451  	99.903573 
2815.220758  	99.685320 
2815.578065  	99.600029 
2815.935371  	99.790021 
2816.292678  	99.780721 
2816.649985  	99.609354 
2817.007292  	99.453659 
2817.364599  	99.413167 
2817.721906  	99.589250 
2818.079213  	99.636715 
2818.436520  	99.682271 
2818.793826  	99.891406 
2819.151133  	99.853388 
2819.508440  	99.765460 
2819.865747  	99.725648 
2820.223054  	99.621145 
2820.580361  	99.679497 
2820.937668  	99.698942 
2821.294974  	99.646272 
2821.652281  	99.557811 
2822.009588  	99.383151 
2822.366895  	99.539522 
2822.724202  	99.763212 
2823.081509  	99.669408 
2823.438816  	99.646398 
2823.796122  	99.771316 
2824.153429  	99.916803 
2824.510736  	99.927526 
2824.868043  	99.746860 
2825.225350  	99.649293 
2825.582657  	99.524882 
2825.939964  	99.377710 
2826.297270  	99.487726 
2826.654577  	99.548841 
2827.011884  	99.429933 
2827.369191  	99.496830 
2827.726498  	99.633121 
2828.083805  	99.512812 
2828.441112  	99.452434 
2828.798418  	99.679917 
2829.155725  	99.771485 
2829.513032  	99.687377 
2829.870339  	99.663204 
2830.227646  	99.663641 
2830.584953  	99.736722 
2830.942260  	99.707717 
2831.299567  	99.543275 
2831.656873  	99.574058 
2832.014180  	99.685375 
2832.371487  	99.705733 
2832.728794  	99.765365 
2833.086101  	99.833641 
2833.443408  	99.780242 
2833.800715  	99.735955 
2834.158021  	99.790035 
2834.515328  	99.839668 
2834.872635  	99.988004 
2835.229942  	100.024215 
2835.587249  	99.753660 
2835.944556  	99.635730 
2836.301863  	99.748224 
2836.659169  	99.771578 
2837.016476  	99.585321 
2837.373783  	99.441283 
2837.731090  	99.588278 
2838.088397  	99.592924 
2838.445704  	99.391595 
2838.803011  	99.459932 
2839.160317  	99.724183 
2839.517624  	99.868177 
2839.874931  	99.851976 
2840.232238  	99.742686 
2840.589545  	99.514577 
2840.946852  	99.449137 
2841.304159  	99.648770 
2841.661465  	99.706818 
2842.018772  	99.668270 
2842.376079  	99.629788 
2842.733386  	99.657507 
2843.090693  	99.800842 
2843.448000  	99.681574 
2843.805307  	99.471003 
2844.162613  	99.454287 
2844.519920  	99.455590 
2844.877227  	99.499519 
2845.234534  	99.633389 
2845.591841  	99.684577 
2845.949148  	99.539820 
2846.306455  	99.515186 
2846.663762  	99.627311 
2847.021068  	99.629878 
2847.378375  	99.776284 
2847.735682  	99.939202 
2848.092989  	99.889261 
2848.450296  	99.829230 
2848.807603  	99.896866 
2849.164910  	99.986468 
2849.522216  	99.792016 
2849.879523  	99.640884 
2850.236830  	99.694203 
2850.594137  	99.539847 
2850.951444  	99.461347 
2851.308751  	99.517561 
2851.666058  	99.486491 
2852.023364  	99.564252 
2852.380671  	99.685631 
2852.737978  	99.742998 
2853.095285  	99.655081 
2853.452592  	99.454760 
2853.809899  	99.426859 
2854.167206  	99.558204 
2854.524512  	99.709445 
2854.881819  	99.750998 
2855.239126  	99.568017 
2855.596433  	99.330344 
2855.953740  	99.251970 
2856.311047  	99.361081 
2856.668354  	99.488613 
2857.025660  	99.526008 
2857.382967  	99.680137 
2857.740274  	99.823583 
2858.097581  	99.540897 
2858.454888  	99.141045 
2858.812195  	99.068388 
2859.169502  	99.143948 
2859.526809  	99.244154 
2859.884115  	99.515147 
2860.241422  	99.793264 
2860.598729  	99.682917 
2860.956036  	99.451910 
2861.313343  	99.506061 
2861.670650  	99.593604 
2862.027957  	99.611681 
2862.385263  	99.527641 
2862.742570  	99.256999 
2863.099877  	99.125079 
2863.457184  	99.288836 
2863.814491  	99.481992 
2864.171798  	99.496144 
2864.529105  	99.457346 
2864.886411  	99.378914 
2865.243718  	99.253719 
2865.601025  	99.361057 
2865.958332  	99.504518 
2866.315639  	99.515111 
2866.672946  	99.516824 
2867.030253  	99.371843 
2867.387559  	99.342993 
2867.744866  	99.535008 
2868.102173  	99.553843 
2868.459480  	99.514119 
2868.816787  	99.636710 
2869.174094  	99.710329 
2869.531401  	99.619663 
2869.888707  	99.590114 
2870.246014  	99.652922 
2870.603321  	99.629206 
2870.960628  	99.561329 
2871.317935  	99.453863 
2871.675242  	99.341404 
2872.032549  	99.416357 
2872.389856  	99.542245 
2872.747162  	99.485234 
2873.104469  	99.439828 
2873.461776  	99.535373 
2873.819083  	99.605002 
2874.176390  	99.596832 
2874.533697  	99.537454 
2874.891004  	99.588216 
2875.248310  	99.717690 
2875.605617  	99.592889 
2875.962924  	99.360229 
2876.320231  	99.287630 
2876.677538  	99.334200 
2877.034845  	99.391121 
2877.392152  	99.401549 
2877.749458  	99.509565 
2878.106765  	99.731138 
2878.464072  	99.894697 
2878.821379  	99.745741 
2879.178686  	99.353340 
2879.535993  	99.276793 
2879.893300  	99.476813 
2880.250606  	99.576683 
2880.607913  	99.510767 
2880.965220  	99.261348 
2881.322527  	99.154439 
2881.679834  	99.382184 
2882.037141  	99.601226 
2882.394448  	99.535988 
2882.751754  	99.290964 
2883.109061  	99.163692 
2883.466368  	99.246456 
2883.823675  	99.465754 
2884.180982  	99.696688 
2884.538289  	99.800596 
2884.895596  	99.801087 
2885.252903  	99.706865 
2885.610209  	99.491674 
2885.967516  	99.351804 
2886.324823  	99.427375 
2886.682130  	99.445761 
2887.039437  	99.342597 
2887.396744  	99.440756 
2887.754051  	99.569029 
2888.111357  	99.434186 
2888.468664  	99.400499 
2888.825971  	99.577807 
2889.183278  	99.502226 
2889.540585  	99.452194 
2889.897892  	99.719723 
2890.255199  	99.709099 
2890.612505  	99.623311 
2890.969812  	99.799084 
2891.327119  	99.770135 
2891.684426  	99.669500 
2892.041733  	99.721972 
2892.399040  	99.770838 
2892.756347  	99.710436 
2893.113653  	99.561860 
2893.470960  	99.510677 
2893.828267  	99.459116 
2894.185574  	99.479744 
2894.542881  	99.651711 
2894.900188  	99.691624 
2895.257495  	99.725519 
2895.614801  	99.777900 
2895.972108  	99.632492 
2896.329415  	99.399306 
2896.686722  	99.346696 
2897.044029  	99.457898 
2897.401336  	99.328405 
2897.758643  	99.173707 
2898.115950  	99.392136 
2898.473256  	99.505453 
2898.830563  	99.334501 
2899.187870  	99.389063 
2899.545177  	99.544373 
2899.902484  	99.377257 
2900.259791  	99.365476 
2900.617098  	99.682499 
2900.974404  	99.712067 
2901.331711  	99.472294 
2901.689018  	99.317165 
2902.046325  	99.326333 
2902.403632  	99.318449 
2902.760939  	99.314032 
2903.118246  	99.517373 
2903.475552  	99.423991 
2903.832859  	99.204242 
2904.190166  	99.614058 
2904.547473  	99.966919 
2904.904780  	99.737099 
2905.262087  	99.512927 
2905.619394  	99.458033 
2905.976700  	99.393078 
2906.334007  	99.311843 
2906.691314  	99.297172 
2907.048621  	99.316896 
2907.405928  	99.190935 
2907.763235  	99.245681 
2908.120542  	99.723974 
2908.477848  	99.897024 
2908.835155  	99.602754 
2909.192462  	99.418242 
2909.549769  	99.328186 
2909.907076  	99.320923 
2910.264383  	99.369393 
2910.621690  	99.411764 
2910.978997  	99.493059 
2911.336303  	99.292048 
2911.693610  	99.121023 
2912.050917  	99.291089 
2912.408224  	99.275162 
2912.765531  	99.117564 
2913.122838  	99.075437 
2913.480145  	99.074546 
2913.837451  	99.059962 
2914.194758  	99.053108 
2914.552065  	99.179557 
2914.909372  	99.135132 
2915.266679  	98.938533 
2915.623986  	98.924931 
2915.981293  	98.758112 
2916.338599  	98.624229 
2916.695906  	98.839302 
2917.053213  	99.013726 
2917.410520  	99.195945 
2917.767827  	99.390166 
2918.125134  	99.307624 
2918.482441  	99.117383 
2918.839747  	99.083489 
2919.197054  	99.188214 
2919.554361  	99.142954 
2919.911668  	98.976902 
2920.268975  	98.892981 
2920.626282  	98.785031 
2920.983589  	98.923298 
2921.340895  	99.326778 
2921.698202  	99.311039 
2922.055509  	98.933594 
2922.412816  	98.815125 
2922.770123  	98.862007 
2923.127430  	98.827999 
2923.484737  	98.900163 
2923.842043  	98.861583 
2924.199350  	98.639586 
2924.556657  	98.703675 
2924.913964  	98.817627 
2925.271271  	98.849597 
2925.628578  	99.009957 
2925.985885  	99.013445 
2926.343192  	98.932185 
2926.700498  	98.866610 
2927.057805  	98.862737 
2927.415112  	99.057660 
2927.772419  	99.080892 
2928.129726  	99.071716 
2928.487033  	99.244497 
2928.844340  	99.241185 
2929.201646  	99.213833 
2929.558953  	99.191835 
2929.916260  	98.895675 
2930.273567  	98.593223 
2930.630874  	98.586760 
2930.988181  	98.812255 
2931.345488  	99.014881 
2931.702794  	99.067590 
2932.060101  	99.207483 
2932.417408  	99.340561 
2932.774715  	99.244173 
2933.132022  	99.366614 
2933.489329  	99.549416 
2933.846636  	99.323619 
2934.203942  	99.303490 
2934.561249  	99.453610 
2934.918556  	99.280077 
2935.275863  	99.196229 
2935.633170  	99.230002 
2935.990477  	99.227166 
2936.347784  	99.299528 
2936.705090  	99.274890 
2937.062397  	99.255681 
2937.419704  	99.316365 
2937.777011  	99.242959 
2938.134318  	99.248564 
2938.491625  	99.429063 
2938.848932  	99.438496 
2939.206239  	99.451423 
2939.563545  	99.658648 
2939.920852  	99.567021 
2940.278159  	99.248770 
2940.635466  	99.218325 
2940.992773  	99.340579 
2941.350080  	99.488279 
2941.707387  	99.589623 
2942.064693  	99.407283 
2942.422000  	99.245207 
2942.779307  	99.240108 
2943.136614  	99.115291 
2943.493921  	99.161415 
2943.851228  	99.500954 
2944.208535  	99.581736 
2944.565841  	99.232731 
2944.923148  	99.014220 
2945.280455  	99.241675 
2945.637762  	99.350076 
2945.995069  	99.186925 
2946.352376  	99.197836 
2946.709683  	99.210967 
2947.066989  	99.074092 
2947.424296  	98.998876 
2947.781603  	99.206679 
2948.138910  	99.570335 
2948.496217  	99.519414 
2948.853524  	99.333796 
2949.210831  	99.424787 
2949.568137  	99.411585 
2949.925444  	99.365490 
2950.282751  	99.362360 
2950.640058  	99.215806 
2950.997365  	99.077293 
2951.354672  	98.983367 
2951.711979  	99.107950 
2952.069286  	99.426756 
2952.426592  	99.379596 
2952.783899  	99.234685 
2953.141206  	99.329919 
2953.498513  	99.168038 
2953.855820  	98.935771 
2954.213127  	98.965206 
2954.570434  	99.019413 
2954.927740  	99.070729 
2955.285047  	99.119409 
2955.642354  	99.291961 
2955.999661  	99.417934 
2956.356968  	99.360798 
2956.714275  	99.476716 
2957.071582  	99.424367 
2957.428888  	99.252620 
2957.786195  	99.430157 
2958.143502  	99.486501 
2958.500809  	99.223427 
2958.858116  	99.042540 
2959.215423  	99.154121 
2959.572730  	99.135310 
2959.930036  	98.896200 
2960.287343  	98.884508 
2960.644650  	98.843803 
2961.001957  	98.870817 
2961.359264  	99.011185 
2961.716571  	99.016671 
2962.073878  	99.225384 
2962.431184  	99.172299 
2962.788491  	98.877848 
2963.145798  	99.092685 
2963.503105  	99.377819 
2963.860412  	99.280668 
2964.217719  	98.983817 
2964.575026  	98.869773 
2964.932333  	99.053650 
2965.289639  	99.223024 
2965.646946  	99.082491 
2966.004253  	98.782217 
2966.361560  	98.827615 
2966.718867  	98.855057 
2967.076174  	98.660478 
2967.433481  	98.727967 
2967.790787  	98.955476 
2968.148094  	99.248842 
2968.505401  	99.195329 
2968.862708  	98.756663 
2969.220015  	98.581843 
2969.577322  	98.516128 
2969.934629  	98.551386 
2970.291935  	98.635105 
2970.649242  	98.541730 
2971.006549  	98.611300 
2971.363856  	98.726183 
2971.721163  	98.765259 
2972.078470  	98.838006 
2972.435777  	98.896563 
2972.793083  	98.926994 
2973.150390  	98.811852 
2973.507697  	98.759279 
2973.865004  	98.829277 
2974.222311  	98.749500 
2974.579618  	98.741595 
2974.936925  	98.968139 
2975.294231  	99.079714 
2975.651538  	98.863872 
2976.008845  	98.597222 
2976.366152  	98.617855 
2976.723459  	98.762251 
2977.080766  	98.742080 
2977.438073  	98.797584 
2977.795380  	98.933992 
2978.152686  	98.801649 
2978.509993  	98.600241 
2978.867300  	98.639255 
2979.224607  	99.018971 
2979.581914  	99.275175 
2979.939221  	99.048618 
2980.296528  	98.947552 
2980.653834  	98.852861 
2981.011141  	98.698594 
2981.368448  	98.881561 
2981.725755  	98.908577 
2982.083062  	98.878672 
2982.440369  	98.833721 
2982.797676  	98.595370 
2983.154982  	98.757137 
2983.512289  	99.116198 
2983.869596  	99.316419 
2984.226903  	99.294686 
2984.584210  	99.057639 
2984.941517  	99.018651 
2985.298824  	98.992902 
2985.656130  	98.896647 
2986.013437  	98.908241 
2986.370744  	98.745399 
2986.728051  	98.565805 
2987.085358  	98.663538 
2987.442665  	98.794069 
2987.799972  	98.741470 
2988.157278  	98.696990 
2988.514585  	98.689904 
2988.871892  	98.586744 
2989.229199  	98.571411 
2989.586506  	98.593080 
2989.943813  	98.496952 
2990.301120  	98.467092 
2990.658427  	98.638589 
2991.015733  	98.769261 
2991.373040  	98.565030 
2991.730347  	98.290360 
2992.087654  	98.151855 
2992.444961  	98.128428 
2992.802268  	98.271737 
2993.159575  	98.276440 
2993.516881  	98.130090 
2993.874188  	98.147506 
2994.231495  	98.209799 
2994.588802  	98.145184 
2994.946109  	98.082321 
2995.303416  	98.162674 
2995.660723  	98.157377 
2996.018029  	98.065729 
2996.375336  	98.277126 
2996.732643  	98.474670 
2997.089950  	98.217608 
2997.447257  	97.940741 
2997.804564  	97.957695 
2998.161871  	98.006727 
2998.519177  	98.026648 
2998.876484  	98.051544 
2999.233791  	97.947641 
2999.591098  	97.751407 
2999.948405  	97.606041 
3000.305712  	97.525931 
3000.663019  	97.396532 
3001.020325  	97.416875 
3001.377632  	97.739540 
3001.734939  	97.760617 
3002.092246  	97.401617 
3002.449553  	97.225127 
3002.806860  	97.146149 
3003.164167  	97.063203 
3003.521473  	97.061223 
3003.878780  	96.997236 
3004.236087  	96.974800 
3004.593394  	97.137187 
3004.950701  	97.294171 
3005.308008  	97.373500 
3005.665315  	97.348963 
3006.022622  	97.065871 
3006.379928  	96.831742 
3006.737235  	96.932078 
3007.094542  	97.118534 
3007.451849  	97.207861 
3007.809156  	97.068298 
3008.166463  	96.843166 
3008.523770  	96.793830 
3008.881076  	96.784421 
3009.238383  	96.833677 
3009.595690  	96.987209 
3009.952997  	97.251721 
3010.310304  	97.509944 
3010.667611  	97.305780 
3011.024918  	96.958386 
3011.382224  	97.032896 
3011.739531  	97.328361 
3012.096838  	97.613654 
3012.454145  	97.648796 
3012.811452  	97.377023 
3013.168759  	97.392910 
3013.526066  	97.811450 
3013.883372  	97.892427 
3014.240679  	97.712036 
3014.597986  	97.868669 
3014.955293  	97.869451 
3015.312600  	97.609317 
3015.669907  	97.744411 
3016.027214  	97.960490 
3016.384520  	97.982048 
3016.741827  	98.101273 
3017.099134  	98.262150 
3017.456441  	98.410336 
3017.813748  	98.430573 
3018.171055  	98.201638 
3018.528362  	98.201863 
3018.885669  	98.630482 
3019.242975  	98.781097 
3019.600282  	98.446877 
3019.957589  	98.258930 
3020.314896  	98.405510 
3020.672203  	98.480592 
3021.029510  	98.273078 
3021.386817  	98.322868 
3021.744123  	98.675825 
3022.101430  	98.521697 
3022.458737  	98.367554 
3022.816044  	98.798661 
3023.173351  	99.026559 
3023.530658  	98.907410 
3023.887965  	98.751143 
3024.245271  	98.634190 
3024.602578  	98.703074 
3024.959885  	98.731459 
3025.317192  	98.665479 
3025.674499  	98.801605 
3026.031806  	98.982253 
3026.389113  	98.772911 
3026.746419  	98.581814 
3027.103726  	98.839066 
3027.461033  	98.879678 
3027.818340  	98.796922 
3028.175647  	99.054173 
3028.532954  	99.083263 
3028.890261  	98.909371 
3029.247567  	98.908743 
3029.604874  	98.978461 
3029.962181  	99.043972 
3030.319488  	99.008459 
3030.676795  	98.869860 
3031.034102  	98.680565 
3031.391409  	98.766824 
3031.748716  	99.097191 
3032.106022  	98.959713 
3032.463329  	98.755850 
3032.820636  	99.079634 
3033.177943  	99.321262 
3033.535250  	99.383464 
3033.892557  	99.500100 
3034.249864  	99.241119 
3034.607170  	98.809805 
3034.964477  	98.796226 
3035.321784  	98.916928 
3035.679091  	98.907074 
3036.036398  	98.825866 
3036.393705  	98.689115 
3036.751012  	98.738197 
3037.108318  	98.893668 
3037.465625  	98.976382 
3037.822932  	99.021320 
3038.180239  	98.812959 
3038.537546  	98.679156 
3038.894853  	98.964823 
3039.252160  	98.992919 
3039.609466  	98.711947 
3039.966773  	98.797205 
3040.324080  	99.031322 
3040.681387  	98.998848 
3041.038694  	98.765922 
3041.396001  	98.534687 
3041.753308  	98.597340 
3042.110614  	98.696585 
3042.467921  	98.530482 
3042.825228  	98.498736 
3043.182535  	98.585374 
3043.539842  	98.551382 
3043.897149  	98.517943 
3044.254456  	98.362064 
3044.611763  	98.243927 
3044.969069  	98.470786 
3045.326376  	98.681330 
3045.683683  	98.609523 
3046.040990  	98.412617 
3046.398297  	98.342850 
3046.755604  	98.570062 
3047.112911  	98.657823 
3047.470217  	98.457927 
3047.827524  	98.398789 
3048.184831  	98.286022 
3048.542138  	98.274557 
3048.899445  	98.559754 
3049.256752  	98.471696 
3049.614059  	98.176976 
3049.971365  	98.138756 
3050.328672  	98.315004 
3050.685979  	98.415045 
3051.043286  	98.131121 
3051.400593  	98.130154 
3051.757900  	98.372413 
3052.115207  	98.280444 
3052.472513  	98.177021 
3052.829820  	97.949592 
3053.187127  	97.891072 
3053.544434  	98.081335 
3053.901741  	98.010159 
3054.259048  	98.139165 
3054.616355  	98.230521 
3054.973661  	98.047598 
3055.330968  	97.951729 
3055.688275  	97.786524 
3056.045582  	97.972288 
3056.402889  	98.231739 
3056.760196  	97.941491 
3057.117503  	97.806280 
3057.474810  	97.990942 
3057.832116  	98.014493 
3058.189423  	97.924923 
3058.546730  	97.928138 
3058.904037  	97.829309 
3059.261344  	97.737568 
3059.618651  	98.024769 
3059.975958  	98.051559 
3060.333264  	97.647242 
3060.690571  	97.577920 
3061.047878  	97.746874 
3061.405185  	97.717955 
3061.762492  	97.558188 
3062.119799  	97.495592 
3062.477106  	97.491943 
3062.834412  	97.512371 
3063.191719  	97.531868 
3063.549026  	97.396170 
3063.906333  	97.348562 
3064.263640  	97.359706 
3064.620947  	97.369544 
3064.978254  	97.627981 
3065.335560  	97.662953 
3065.692867  	97.423050 
3066.050174  	97.358537 
3066.407481  	97.412604 
3066.764788  	97.588795 
3067.122095  	97.547894 
3067.479402  	97.072079 
3067.836708  	96.774429 
3068.194015  	96.760088 
3068.551322  	96.649879 
3068.908629  	96.541069 
3069.265936  	96.545104 
3069.623243  	96.566408 
3069.980550  	96.715037 
3070.337857  	96.962883 
3070.695163  	97.094178 
3071.052470  	97.126494 
3071.409777  	97.097697 
3071.767084  	96.946775 
3072.124391  	96.795058 
3072.481698  	96.816966 
3072.839005  	96.757748 
3073.196311  	96.617999 
3073.553618  	96.736315 
3073.910925  	96.665754 
3074.268232  	96.444716 
3074.625539  	96.652504 
3074.982846  	96.778757 
3075.340153  	96.641663 
3075.697459  	96.586729 
3076.054766  	96.417072 
3076.412073  	96.279156 
3076.769380  	96.582975 
3077.126687  	97.048651 
3077.483994  	97.045955 
3077.841301  	96.810274 
3078.198607  	96.804762 
3078.555914  	96.652779 
3078.913221  	96.509161 
3079.270528  	96.817991 
3079.627835  	97.093535 
3079.985142  	97.066956 
3080.342449  	96.965552 
3080.699755  	96.988153 
3081.057062  	97.313974 
3081.414369  	97.485921 
3081.771676  	97.224936 
3082.128983  	97.160909 
3082.486290  	97.214131 
3082.843597  	97.141400 
3083.200904  	97.429811 
3083.558210  	97.676060 
3083.915517  	97.508271 
3084.272824  	97.560462 
3084.630131  	97.777308 
3084.987438  	97.749678 
3085.344745  	97.699041 
3085.702052  	97.825049 
3086.059358  	98.027437 
3086.416665  	98.077042 
3086.773972  	97.862819 
3087.131279  	97.859532 
3087.488586  	98.168894 
3087.845893  	98.041710 
3088.203200  	97.840491 
3088.560506  	98.050829 
3088.917813  	98.014920 
3089.275120  	98.065892 
3089.632427  	98.337210 
3089.989734  	98.117166 
3090.347041  	98.008284 
3090.704348  	98.463502 
3091.061654  	98.793414 
3091.418961  	98.629186 
3091.776268  	98.377046 
3092.133575  	98.402546 
3092.490882  	98.424281 
3092.848189  	98.397348 
3093.205496  	98.488629 
3093.562802  	98.502921 
3093.920109  	98.446588 
3094.277416  	98.406896 
3094.634723  	98.325451 
3094.992030  	98.325487 
3095.349337  	98.452390 
3095.706644  	98.462760 
3096.063950  	98.388275 
3096.421257  	98.378631 
3096.778564  	98.397569 
3097.135871  	98.540569 
3097.493178  	98.586431 
3097.850485  	98.479709 
3098.207792  	98.579391 
3098.565099  	98.668873 
3098.922405  	98.671155 
3099.279712  	98.837579 
3099.637019  	98.859180 
3099.994326  	98.538796 
3100.351633  	98.444159 
3100.708940  	98.681699 
3101.066247  	98.552745 
3101.423553  	98.334082 
3101.780860  	98.574306 
3102.138167  	98.852482 
3102.495474  	98.936696 
3102.852781  	98.868443 
3103.210088  	98.780859 
3103.567395  	98.619823 
3103.924701  	98.263290 
3104.282008  	98.242953 
3104.639315  	98.577059 
3104.996622  	98.639679 
3105.353929  	98.396467 
3105.711236  	98.303104 
3106.068543  	98.441726 
3106.425849  	98.544138 
3106.783156  	98.547867 
3107.140463  	98.315616 
3107.497770  	98.177460 
3107.855077  	98.430692 
3108.212384  	98.427237 
3108.569691  	98.213462 
3108.926997  	98.150595 
3109.284304  	98.123488 
3109.641611  	98.295192 
3109.998918  	98.493993 
3110.356225  	98.416120 
3110.713532  	98.331927 
3111.070839  	98.441252 
3111.428146  	98.380117 
3111.785452  	98.240429 
3112.142759  	98.411308 
3112.500066  	98.377172 
3112.857373  	98.144717 
3113.214680  	98.058651 
3113.571987  	97.838834 
3113.929294  	97.993123 
3114.286600  	98.701523 
3114.643907  	98.922806 
3115.001214  	98.506755 
3115.358521  	98.373385 
3115.715828  	98.511029 
3116.073135  	98.407147 
3116.430442  	98.366670 
3116.787748  	98.424790 
3117.145055  	98.496596 
3117.502362  	98.730317 
3117.859669  	98.809091 
3118.216976  	98.733265 
3118.574283  	98.742559 
3118.931590  	98.870723 
3119.288896  	98.895314 
3119.646203  	98.731299 
3120.003510  	98.842536 
3120.360817  	98.971315 
3120.718124  	98.825792 
3121.075431  	98.824471 
3121.432738  	98.826625 
3121.790044  	98.737484 
3122.147351  	98.840697 
3122.504658  	98.948651 
3122.861965  	98.902333 
3123.219272  	98.966852 
3123.576579  	98.969873 
3123.933886  	98.772980 
3124.291193  	98.762486 
3124.648499  	98.677419 
3125.005806  	98.459501 
3125.363113  	98.585566 
3125.720420  	98.847328 
3126.077727  	98.978940 
3126.435034  	99.039676 
3126.792341  	99.062807 
3127.149647  	98.891626 
3127.506954  	98.848062 
3127.864261  	99.216133 
3128.221568  	99.237399 
3128.578875  	99.004010 
3128.936182  	98.890460 
3129.293489  	98.559900 
3129.650795  	98.428121 
3130.008102  	98.760320 
3130.365409  	99.140573 
3130.722716  	98.984774 
3131.080023  	98.590698 
3131.437330  	98.912839 
3131.794637  	99.315881 
3132.151943  	99.104481 
3132.509250  	98.829425 
3132.866557  	98.906066 
3133.223864  	99.134193 
3133.581171  	99.081280 
3133.938478  	99.171462 
3134.295785  	99.384196 
3134.653091  	99.219652 
3135.010398  	99.280053 
3135.367705  	99.488716 
3135.725012  	99.391713 
3136.082319  	99.339420 
3136.439626  	99.300621 
3136.796933  	99.287486 
3137.154240  	99.330276 
3137.511546  	99.098278 
3137.868853  	98.982097 
3138.226160  	99.343016 
3138.583467  	99.611287 
3138.940774  	99.621717 
3139.298081  	99.538787 
3139.655388  	99.279067 
3140.012694  	99.209243 
3140.370001  	99.400728 
3140.727308  	99.344534 
3141.084615  	99.048648 
3141.441922  	99.054674 
3141.799229  	99.408029 
3142.156536  	99.444971 
3142.513842  	99.132610 
3142.871149  	98.960212 
3143.228456  	99.038890 
3143.585763  	99.242317 
3143.943070  	99.305304 
3144.300377  	99.325687 
3144.657684  	99.403061 
3145.014990  	99.469617 
3145.372297  	99.599533 
3145.729604  	99.539576 
3146.086911  	99.418817 
3146.444218  	99.437697 
3146.801525  	99.308613 
3147.158832  	99.172051 
3147.516138  	99.167398 
3147.873445  	99.246480 
3148.230752  	99.318293 
3148.588059  	99.251713 
3148.945366  	99.330189 
3149.302673  	99.490381 
3149.659980  	99.321144 
3150.017287  	99.060715 
3150.374593  	99.078880 
3150.731900  	99.282814 
3151.089207  	99.548855 
3151.446514  	99.701541 
3151.803821  	99.558775 
3152.161128  	99.411784 
3152.518435  	99.479644 
3152.875741  	99.592884 
3153.233048  	99.574942 
3153.590355  	99.511216 
3153.947662  	99.629899 
3154.304969  	99.643959 
3154.662276  	99.503277 
3155.019583  	99.503757 
3155.376889  	99.387546 
3155.734196  	99.372517 
3156.091503  	99.624916 
3156.448810  	99.580551 
3156.806117  	99.419833 
3157.163424  	99.441938 
3157.520731  	99.545778 
3157.878037  	99.626667 
3158.235344  	99.362155 
3158.592651  	99.235363 
3158.949958  	99.526028 
3159.307265  	99.409107 
3159.664572  	99.282198 
3160.021879  	99.620807 
3160.379185  	99.645399 
3160.736492  	99.572571 
3161.093799  	99.810713 
3161.451106  	99.792660 
3161.808413  	99.461217 
3162.165720  	99.400713 
3162.523027  	99.504535 
3162.880334  	99.276655 
3163.237640  	99.253474 
3163.594947  	99.572468 
3163.952254  	99.635428 
3164.309561  	99.706072 
3164.666868  	99.791132 
3165.024175  	99.684056 
3165.381482  	99.472872 
3165.738788  	99.320112 
3166.096095  	99.512764 
3166.453402  	99.483993 
3166.810709  	99.269024 
3167.168016  	99.334385 
3167.525323  	99.176652 
3167.882630  	99.207466 
3168.239936  	99.578408 
3168.597243  	99.466494 
3168.954550  	99.255829 
3169.311857  	99.430980 
3169.669164  	99.491350 
3170.026471  	99.389777 
3170.383778  	99.562714 
3170.741084  	99.598104 
3171.098391  	99.387338 
3171.455698  	99.368166 
3171.813005  	99.274079 
3172.170312  	99.318475 
3172.527619  	99.474897 
3172.884926  	99.356927 
3173.242232  	99.378439 
3173.599539  	99.337076 
3173.956846  	99.283049 
3174.314153  	99.565478 
3174.671460  	99.596725 
3175.028767  	99.341376 
3175.386074  	99.133613 
3175.743380  	99.092645 
3176.100687  	99.376302 
3176.457994  	99.713775 
3176.815301  	99.711496 
3177.172608  	99.550677 
3177.529915  	99.614919 
3177.887222  	99.618337 
3178.244529  	99.523237 
3178.601835  	99.529259 
3178.959142  	99.316687 
3179.316449  	99.315394 
3179.673756  	99.555564 
3180.031063  	99.328880 
3180.388370  	99.310846 
3180.745677  	99.715446 
3181.102983  	99.524581 
3181.460290  	99.174985 
3181.817597  	99.456581 
3182.174904  	99.635668 
3182.532211  	99.343749 
3182.889518  	99.206845 
3183.246825  	99.403120 
3183.604131  	99.638623 
3183.961438  	99.609544 
3184.318745  	99.400250 
3184.676052  	99.292407 
3185.033359  	99.185051 
3185.390666  	99.185658 
3185.747973  	99.579035 
3186.105279  	99.946614 
3186.462586  	99.724126 
3186.819893  	99.360900 
3187.177200  	99.482746 
3187.534507  	99.673455 
3187.891814  	99.621747 
3188.249121  	99.694760 
3188.606427  	99.802072 
3188.963734  	99.588023 
3189.321041  	99.319022 
3189.678348  	99.424428 
3190.035655  	99.558704 
3190.392962  	99.410201 
3190.750269  	99.409883 
3191.107576  	99.627958 
3191.464882  	99.728173 
3191.822189  	99.602204 
3192.179496  	99.421768 
3192.536803  	99.403154 
3192.894110  	99.388238 
3193.251417  	99.353067 
3193.608724  	99.382636 
3193.966030  	99.346636 
3194.323337  	99.483376 
3194.680644  	99.647266 
3195.037951  	99.384749 
3195.395258  	99.217151 
3195.752565  	99.486267 
3196.109872  	99.691465 
3196.467178  	99.671271 
3196.824485  	99.637224 
3197.181792  	99.632754 
3197.539099  	99.543688 
3197.896406  	99.381102 
3198.253713  	99.258289 
3198.611020  	99.286398 
3198.968326  	99.573965 
3199.325633  	99.752754 
3199.682940  	99.522736 
3200.040247  	99.343934 
3200.397554  	99.476550 
3200.754861  	99.622134 
3201.112168  	99.485048 
3201.469474  	99.350989 
3201.826781  	99.747398 
3202.184088  	100.072387 
3202.541395  	99.768228 
3202.898702  	99.570984 
3203.256009  	99.587290 
3203.613316  	99.405282 
3203.970623  	99.331879 
3204.327929  	99.347333 
3204.685236  	99.281976 
3205.042543  	99.359300 
3205.399850  	99.476561 
3205.757157  	99.543423 
3206.114464  	99.642983 
3206.471771  	99.608854 
3206.829077  	99.441776 
3207.186384  	99.392061 
3207.543691  	99.543660 
3207.900998  	99.716399 
3208.258305  	99.664028 
3208.615612  	99.512785 
3208.972919  	99.599487 
3209.330225  	99.770452 
3209.687532  	99.897556 
3210.044839  	100.138224 
3210.402146  	100.057938 
3210.759453  	99.725716 
3211.116760  	99.787512 
3211.474067  	99.923011 
3211.831373  	99.995898 
3212.188680  	100.040976 
3212.545987  	99.756170 
3212.903294  	99.652667 
3213.260601  	99.853756 
3213.617908  	99.790041 
3213.975215  	99.560229 
3214.332521  	99.709025 
3214.689828  	100.231633 
3215.047135  	100.296330 
3215.404442  	100.041640 
3215.761749  	100.018667 
3216.119056  	99.786788 
3216.476363  	99.723651 
3216.833670  	99.913221 
3217.190976  	99.609370 
3217.548283  	99.408146 
3217.905590  	99.435484 
3218.262897  	99.370469 
3218.620204  	99.667847 
3218.977511  	99.660355 
3219.334818  	99.271380 
3219.692124  	99.539724 
3220.049431  	99.833474 
3220.406738  	99.693625 
3220.764045  	99.698118 
3221.121352  	99.798536 
3221.478659  	99.916565 
3221.835966  	99.958635 
3222.193272  	99.897645 
3222.550579  	99.875874 
3222.907886  	99.809378 
3223.265193  	99.785961 
3223.622500  	99.767656 
3223.979807  	99.620508 
3224.337114  	99.514852 
3224.694420  	99.771053 
3225.051727  	100.121490 
3225.409034  	99.966763 
3225.766341  	99.841235 
3226.123648  	99.846402 
3226.480955  	99.496571 
3226.838262  	99.328531 
3227.195568  	99.529572 
3227.552875  	100.002608 
3227.910182  	100.294034 
3228.267489  	100.022016 
3228.624796  	99.935985 
3228.982103  	99.906638 
3229.339410  	99.722868 
3229.696717  	99.626675 
3230.054023  	99.521065 
3230.411330  	99.838972 
3230.768637  	100.101112 
3231.125944  	99.932941 
3231.483251  	100.113968 
3231.840558  	100.386117 
3232.197865  	100.300788 
3232.555171  	100.128694 
3232.912478  	100.046958 
3233.269785  	99.916875 
3233.627092  	99.804487 
3233.984399  	99.921830 
3234.341706  	99.999325 
3234.699013  	100.113608 
3235.056319  	100.281612 
3235.413626  	100.160102 
3235.770933  	100.024448 
3236.128240  	100.009962 
3236.485547  	99.952365 
3236.842854  	99.994061 
3237.200161  	100.254826 
3237.557467  	100.300275 
3237.914774  	99.968164 
3238.272081  	99.882949 
3238.629388  	99.945589 
3238.986695  	99.917732 
3239.344002  	99.945732 
3239.701309  	99.769894 
3240.058615  	99.690303 
3240.415922  	99.910135 
3240.773229  	100.095955 
3241.130536  	100.263917 
3241.487843  	100.263239 
3241.845150  	100.075462 
3242.202457  	99.798457 
3242.559764  	99.403654 
3242.917070  	99.395824 
3243.274377  	99.715011 
3243.631684  	99.730691 
3243.988991  	99.803244 
3244.346298  	100.044266 
3244.703605  	100.001836 
3245.060912  	99.947850 
3245.418218  	100.064468 
3245.775525  	100.283423 
3246.132832  	100.204555 
3246.490139  	99.691546 
3246.847446  	99.627807 
3247.204753  	99.824378 
3247.562060  	99.882323 
3247.919366  	100.017385 
3248.276673  	99.804664 
3248.633980  	99.741905 
3248.991287  	100.019999 
3249.348594  	100.026497 
3249.705901  	100.081132 
3250.063208  	100.133298 
3250.420514  	100.172034 
3250.777821  	100.390748 
3251.135128  	100.379838 
3251.492435  	100.091079 
3251.849742  	99.883596 
3252.207049  	99.999064 
3252.564356  	100.229705 
3252.921662  	100.403463 
3253.278969  	100.378785 
3253.636276  	100.216653 
3253.993583  	100.323571 
3254.350890  	100.137297 
3254.708197  	99.818621 
3255.065504  	99.936247 
3255.422810  	99.790576 
3255.780117  	99.752146 
3256.137424  	99.908231 
3256.494731  	99.658935 
3256.852038  	99.667582 
3257.209345  	99.848858 
3257.566652  	99.847180 
3257.923959  	99.945462 
3258.281265  	99.893765 
3258.638572  	99.657437 
3258.995879  	99.527273 
3259.353186  	99.649588 
3259.710493  	99.854930 
3260.067800  	99.876556 
3260.425107  	99.926667 
3260.782413  	100.022669 
3261.139720  	99.953862 
3261.497027  	99.912654 
3261.854334  	99.969261 
3262.211641  	99.914367 
3262.568948  	99.695070 
3262.926255  	99.636500 
3263.283561  	99.797006 
3263.640868  	99.587129 
3263.998175  	99.343315 
3264.355482  	99.692413 
3264.712789  	99.921876 
3265.070096  	99.966646 
3265.427403  	100.166234 
3265.784709  	99.980482 
3266.142016  	99.695912 
3266.499323  	99.762900 
3266.856630  	99.895844 
3267.213937  	99.867666 
3267.571244  	99.709910 
3267.928551  	99.744012 
3268.285857  	99.788761 
3268.643164  	99.698413 
3269.000471  	99.827957 
3269.357778  	99.873193 
3269.715085  	99.689033 
3270.072392  	99.722004 
3270.429699  	99.876778 
3270.787006  	99.751529 
3271.144312  	99.584351 
3271.501619  	99.798926 
3271.858926  	100.141454 
3272.216233  	100.344746 
3272.573540  	100.262057 
3272.930847  	99.906920 
3273.288154  	99.840593 
3273.645460  	100.063279 
3274.002767  	100.183438 
3274.360074  	100.116262 
3274.717381  	99.922528 
3275.074688  	100.023706 
3275.431995  	100.180040 
3275.789302  	99.899357 
3276.146608  	99.916780 
3276.503915  	100.368080 
3276.861222  	100.293163 
3277.218529  	100.040127 
3277.575836  	100.330721 
3277.933143  	100.454644 
3278.290450  	99.986394 
3278.647756  	99.615807 
3279.005063  	99.724620 
3279.362370  	99.909475 
3279.719677  	99.837920 
3280.076984  	99.856813 
3280.434291  	100.051190 
3280.791598  	100.144778 
3281.148904  	100.178677 
3281.506211  	100.014171 
3281.863518  	99.837048 
3282.220825  	99.875665 
3282.578132  	99.797592 
3282.935439  	99.835702 
3283.292746  	100.024788 
3283.650053  	100.068503 
3284.007359  	100.142292 
3284.364666  	100.008141 
3284.721973  	99.756516 
3285.079280  	99.744903 
3285.436587  	99.800059 
3285.793894  	99.962572 
3286.151201  	100.105677 
3286.508507  	100.126776 
3286.865814  	100.089094 
3287.223121  	99.944767 
3287.580428  	99.921594 
3287.937735  	99.818450 
3288.295042  	99.706579 
3288.652349  	99.913955 
3289.009655  	99.972029 
3289.366962  	99.900785 
3289.724269  	99.935234 
3290.081576  	100.132290 
3290.438883  	100.231370 
3290.796190  	99.660962 
3291.153497  	99.440531 
3291.510803  	99.875065 
3291.868110  	99.880240 
3292.225417  	100.069278 
3292.582724  	100.570543 
3292.940031  	100.539593 
3293.297338  	100.202666 
3293.654645  	99.781715 
3294.011951  	99.458794 
3294.369258  	99.443455 
3294.726565  	99.625706 
3295.083872  	99.928623 
3295.441179  	100.149260 
3295.798486  	100.104180 
3296.155793  	99.804229 
3296.513100  	99.584003 
3296.870406  	99.813585 
3297.227713  	100.143560 
3297.585020  	100.096323 
3297.942327  	100.009535 
3298.299634  	100.201462 
3298.656941  	100.205642 
3299.014248  	99.941639 
3299.371554  	99.909470 
3299.728861  	99.992232 
3300.086168  	99.864039 
3300.443475  	99.811011 
3300.800782  	100.025395 
3301.158089  	100.158468 
3301.515396  	100.176749 
3301.872702  	100.088722 
3302.230009  	99.684246 
3302.587316  	99.656788 
3302.944623  	100.187143 
3303.301930  	100.197486 
3303.659237  	99.884886 
3304.016544  	100.038386 
3304.373850  	100.162268 
3304.731157  	100.074979 
3305.088464  	100.259795 
3305.445771  	100.400900 
3305.803078  	100.209866 
3306.160385  	99.975297 
3306.517692  	99.754260 
3306.874998  	99.824481 
3307.232305  	100.316694 
3307.589612  	100.483895 
3307.946919  	99.982453 
3308.304226  	99.591070 
3308.661533  	99.773672 
3309.018840  	99.870271 
3309.376147  	99.729637 
3309.733453  	99.892722 
3310.090760  	100.093497 
3310.448067  	100.063616 
3310.805374  	99.977167 
3311.162681  	99.874475 
3311.519988  	99.897199 
3311.877295  	100.148215 
3312.234601  	100.286777 
3312.591908  	99.981001 
3312.949215  	99.750528 
3313.306522  	99.911115 
3313.663829  	100.013718 
3314.021136  	100.060641 
3314.378443  	100.054408 
3314.735749  	99.886577 
3315.093056  	99.791012 
3315.450363  	99.828892 
3315.807670  	99.863511 
3316.164977  	99.810253 
3316.522284  	100.025744 
3316.879591  	100.407147 
3317.236897  	100.334380 
3317.594204  	100.047892 
3317.951511  	99.817169 
3318.308818  	99.759238 
3318.666125  	99.985133 
3319.023432  	100.139976 
3319.380739  	100.243968 
3319.738045  	100.259893 
3320.095352  	100.048697 
3320.452659  	100.009222 
3320.809966  	100.194941 
3321.167273  	100.253378 
3321.524580  	100.124627 
3321.881887  	100.059156 
3322.239194  	100.009385 
3322.596500  	99.860732 
3322.953807  	99.772381 
3323.311114  	99.658786 
3323.668421  	99.721674 
3324.025728  	99.987640 
3324.383035  	99.891263 
3324.740342  	99.597256 
3325.097648  	99.617038 
3325.454955  	100.012650 
3325.812262  	100.247103 
3326.169569  	100.060706 
3326.526876  	100.050204 
3326.884183  	99.968407 
3327.241490  	99.638323 
3327.598796  	99.591143 
3327.956103  	99.465319 
3328.313410  	99.429650 
3328.670717  	99.783814 
3329.028024  	99.919272 
3329.385331  	99.968846 
3329.742638  	100.029133 
3330.099944  	99.894056 
3330.457251  	99.821679 
3330.814558  	99.840120 
3331.171865  	99.948181 
3331.529172  	100.036576 
3331.886479  	100.033530 
3332.243786  	100.022114 
3332.601092  	99.813455 
3332.958399  	99.666200 
3333.315706  	99.704768 
3333.673013  	99.655942 
3334.030320  	99.678320 
3334.387627  	99.790187 
3334.744934  	99.946858 
3335.102240  	99.982841 
3335.459547  	99.650608 
3335.816854  	99.397121 
3336.174161  	99.520186 
3336.531468  	99.741537 
3336.888775  	99.766581 
3337.246082  	99.500872 
3337.603389  	99.235504 
3337.960695  	99.354631 
3338.318002  	99.714144 
3338.675309  	99.798126 
3339.032616  	99.729182 
3339.389923  	99.733652 
3339.747230  	99.547752 
3340.104537  	99.388605 
3340.461843  	99.485568 
3340.819150  	99.773078 
3341.176457  	100.021588 
3341.533764  	99.816670 
3341.891071  	99.531229 
3342.248378  	99.469253 
3342.605685  	99.354294 
3342.962991  	99.306524 
3343.320298  	99.226741 
3343.677605  	98.998843 
3344.034912  	99.119508 
3344.392219  	99.524858 
3344.749526  	99.449918 
3345.106833  	99.045723 
3345.464139  	99.047979 
3345.821446  	99.230671 
3346.178753  	99.241334 
3346.536060  	99.212863 
3346.893367  	99.176721 
3347.250674  	99.254716 
3347.607981  	99.411472 
3347.965287  	99.334102 
3348.322594  	99.026973 
3348.679901  	98.864958 
3349.037208  	98.954954 
3349.394515  	98.986917 
3349.751822  	98.908364 
3350.109129  	98.824015 
3350.466436  	98.777411 
3350.823742  	98.856434 
3351.181049  	98.985098 
3351.538356  	99.026817 
3351.895663  	98.936395 
3352.252970  	98.932614 
3352.610277  	99.123022 
3352.967584  	99.126924 
3353.324890  	98.842697 
3353.682197  	98.586600 
3354.039504  	98.627370 
3354.396811  	98.845232 
3354.754118  	98.878714 
3355.111425  	98.955777 
3355.468732  	99.234842 
3355.826038  	99.222272 
3356.183345  	98.925662 
3356.540652  	98.739660 
3356.897959  	98.784201 
3357.255266  	98.984222 
3357.612573  	98.934116 
3357.969880  	98.770187 
3358.327186  	99.090051 
3358.684493  	99.432681 
3359.041800  	99.314558 
3359.399107  	99.135826 
3359.756414  	99.055106 
3360.113721  	99.047541 
3360.471028  	99.081504 
3360.828334  	99.091022 
3361.185641  	99.135191 
3361.542948  	99.096363 
3361.900255  	99.021933 
3362.257562  	99.086871 
3362.614869  	99.043425 
3362.972176  	98.859690 
3363.329483  	98.934105 
3363.686789  	99.012277 
3364.044096  	98.674982 
3364.401403  	98.575839 
3364.758710  	99.053422 
3365.116017  	99.316901 
3365.473324  	99.092512 
3365.830631  	99.061611 
3366.187937  	99.402633 
3366.545244  	99.516802 
3366.902551  	99.466295 
3367.259858  	99.539774 
3367.617165  	99.475020 
3367.974472  	99.374555 
3368.331779  	99.443589 
3368.689085  	99.732726 
3369.046392  	99.884140 
3369.403699  	99.493451 
3369.761006  	99.437377 
3370.118313  	99.840572 
3370.475620  	99.661313 
3370.832927  	99.429041 
3371.190233  	99.756680 
3371.547540  	99.862241 
3371.904847  	99.596540 
3372.262154  	99.438087 
3372.619461  	99.357298 
3372.976768  	99.464864 
3373.334075  	99.769608 
3373.691381  	99.806158 
3374.048688  	99.646309 
3374.405995  	99.653976 
3374.763302  	99.677442 
3375.120609  	99.513131 
3375.477916  	99.492085 
3375.835223  	99.679439 
3376.192530  	99.777217 
3376.549836  	100.027784 
3376.907143  	100.134804 
3377.264450  	99.912505 
3377.621757  	99.897026 
3377.979064  	99.698562 
3378.336371  	99.515665 
3378.693678  	99.808452 
3379.050984  	99.875211 
3379.408291  	99.720725 
3379.765598  	99.739160 
3380.122905  	100.009031 
3380.480212  	100.302448 
3380.837519  	100.169362 
3381.194826  	99.818008 
3381.552132  	99.597472 
3381.909439  	99.602018 
3382.266746  	99.568131 
3382.624053  	99.371015 
3382.981360  	99.267697 
3383.338667  	99.250788 
3383.695974  	99.475959 
3384.053280  	99.717268 
3384.410587  	99.607485 
3384.767894  	99.436920 
3385.125201  	99.497644 
3385.482508  	99.860726 
3385.839815  	100.042724 
3386.197122  	99.946901 
3386.554428  	99.835493 
3386.911735  	99.621054 
3387.269042  	99.668480 
3387.626349  	99.805314 
3387.983656  	99.738430 
3388.340963  	99.639243 
3388.698270  	99.528268 
3389.055577  	99.800953 
3389.412883  	100.162512 
3389.770190  	100.171974 
3390.127497  	100.167729 
3390.484804  	100.193573 
3390.842111  	100.124144 
3391.199418  	99.769276 
3391.556725  	99.520508 
3391.914031  	99.800625 
3392.271338  	100.157981 
3392.628645  	100.352630 
3392.985952  	100.256113 
3393.343259  	99.902896 
3393.700566  	99.620980 
3394.057873  	99.727282 
3394.415179  	100.147937 
3394.772486  	100.069467 
3395.129793  	99.779379 
3395.487100  	100.052099 
3395.844407  	100.175045 
3396.201714  	99.795766 
3396.559021  	99.607496 
3396.916327  	99.784340 
3397.273634  	99.948695 
3397.630941  	99.941609 
3397.988248  	99.978254 
3398.345555  	100.243023 
3398.702862  	100.295342 
3399.060169  	100.032276 
3399.417475  	100.043550 
3399.774782  	99.963422 
3400.132089  	99.734269 
3400.489396  	99.859893 
3400.846703  	99.971480 
3401.204010  	100.080392 
3401.561317  	99.900745 
3401.918624  	99.466040 
3402.275930  	99.724360 
3402.633237  	100.166408 
3402.990544  	100.251977 
3403.347851  	100.064181 
3403.705158  	99.772168 
3404.062465  	99.865916 
3404.419772  	99.835641 
3404.777078  	99.705489 
3405.134385  	99.939892 
3405.491692  	99.971645 
3405.848999  	99.958786 
3406.206306  	100.182527 
3406.563613  	100.168224 
3406.920920  	99.917226 
3407.278226  	99.797329 
3407.635533  	99.757395 
3407.992840  	99.687723 
3408.350147  	99.893182 
3408.707454  	100.143234 
3409.064761  	100.048397 
3409.422068  	99.959841 
3409.779374  	99.854226 
3410.136681  	99.595198 
3410.493988  	99.614180 
3410.851295  	99.857590 
3411.208602  	99.890157 
3411.565909  	99.805855 
3411.923216  	99.757551 
3412.280522  	99.752088 
3412.637829  	99.955810 
3412.995136  	100.129930 
3413.352443  	100.041532 
3413.709750  	99.969483 
3414.067057  	99.946340 
3414.424364  	99.985524 
3414.781671  	100.086749 
3415.138977  	99.879469 
3415.496284  	99.698868 
3415.853591  	99.986909 
3416.210898  	100.113124 
3416.568205  	100.046738 
3416.925512  	100.142503 
3417.282819  	99.996725 
3417.640125  	99.935080 
3417.997432  	100.068819 
3418.354739  	99.806452 
3418.712046  	99.673258 
3419.069353  	99.936598 
3419.426660  	99.973867 
3419.783967  	99.805604 
3420.141273  	99.864573 
3420.498580  	100.005691 
3420.855887  	99.940340 
3421.213194  	100.036461 
3421.570501  	100.113139 
3421.927808  	99.888191 
3422.285115  	99.958822 
3422.642421  	100.195074 
3422.999728  	100.304512 
3423.357035  	100.293474 
3423.714342  	99.823767 
3424.071649  	99.438542 
3424.428956  	99.651083 
3424.786263  	99.902734 
3425.143569  	99.955023 
3425.500876  	100.020321 
3425.858183  	100.039051 
3426.215490  	100.031903 
3426.572797  	100.202123 
3426.930104  	100.347238 
3427.287411  	100.265432 
3427.644717  	100.182244 
3428.002024  	100.224370 
3428.359331  	100.283483 
3428.716638  	100.267310 
3429.073945  	100.373956 
3429.431252  	100.629188 
3429.788559  	100.570050 
3430.145866  	100.199195 
3430.503172  	100.058908 
3430.860479  	100.247413 
3431.217786  	100.236767 
3431.575093  	99.954924 
3431.932400  	100.048579 
3432.289707  	100.357982 
3432.647014  	100.185246 
3433.004320  	99.800501 
3433.361627  	99.661545 
3433.718934  	99.574551 
3434.076241  	99.522261 
3434.433548  	99.698057 
3434.790855  	99.869078 
3435.148162  	99.731959 
3435.505468  	99.537984 
3435.862775  	99.867570 
3436.220082  	100.349626 
3436.577389  	100.125901 
3436.934696  	99.934837 
3437.292003  	100.223964 
3437.649310  	99.983496 
3438.006616  	99.659059 
3438.363923  	99.941221 
3438.721230  	100.056100 
3439.078537  	99.858643 
3439.435844  	99.585181 
3439.793151  	99.327611 
3440.150458  	99.390066 
3440.507764  	99.610095 
3440.865071  	99.906721 
3441.222378  	100.071171 
3441.579685  	99.902902 
3441.936992  	99.845351 
3442.294299  	99.666964 
3442.651606  	99.525164 
3443.008913  	99.924204 
3443.366219  	99.924326 
3443.723526  	99.615838 
3444.080833  	99.721745 
3444.438140  	99.702951 
3444.795447  	99.591115 
3445.152754  	99.662720 
3445.510061  	99.638714 
3445.867367  	99.639102 
3446.224674  	99.882082 
3446.581981  	100.156521 
3446.939288  	100.214588 
3447.296595  	100.319480 
3447.653902  	100.467692 
3448.011209  	100.184755 
3448.368515  	99.737868 
3448.725822  	99.593724 
3449.083129  	99.678516 
3449.440436  	99.707237 
3449.797743  	99.666519 
3450.155050  	99.699736 
3450.512357  	99.837926 
3450.869663  	100.051595 
3451.226970  	100.033833 
3451.584277  	99.920573 
3451.941584  	100.212990 
3452.298891  	100.481979 
3452.656198  	100.348750 
3453.013505  	100.038406 
3453.370811  	99.728056 
3453.728118  	99.725199 
3454.085425  	99.866023 
3454.442732  	99.764969 
3454.800039  	99.683180 
3455.157346  	99.750039 
3455.514653  	99.817071 
3455.871960  	100.070624 
3456.229266  	100.472569 
3456.586573  	100.450005 
3456.943880  	99.977012 
3457.301187  	99.722231 
3457.658494  	99.822368 
3458.015801  	99.837156 
3458.373108  	99.720586 
3458.730414  	99.744099 
3459.087721  	99.702591 
3459.445028  	99.610379 
3459.802335  	99.854783 
3460.159642  	99.939017 
3460.516949  	99.733159 
3460.874256  	99.805450 
3461.231562  	99.881613 
3461.588869  	99.961760 
3461.946176  	100.129958 
3462.303483  	99.959936 
3462.660790  	99.846077 
3463.018097  	100.020042 
3463.375404  	100.078641 
3463.732710  	99.975639 
3464.090017  	99.900302 
3464.447324  	99.984328 
3464.804631  	100.087012 
3465.161938  	100.152172 
3465.519245  	100.249032 
3465.876552  	100.216877 
3466.233858  	99.898357 
3466.591165  	99.533557 
3466.948472  	99.721168 
3467.305779  	100.047877 
3467.663086  	99.731199 
3468.020393  	99.389410 
3468.377700  	99.544126 
3468.735007  	99.934697 
3469.092313  	100.149613 
3469.449620  	99.938460 
3469.806927  	99.788245 
3470.164234  	99.980726 
3470.521541  	100.015161 
3470.878848  	99.724279 
3471.236155  	99.607638 
3471.593461  	99.890259 
3471.950768  	100.066145 
3472.308075  	99.694335 
3472.665382  	99.251518 
3473.022689  	99.411158 
3473.379996  	99.711517 
3473.737303  	99.757893 
3474.094609  	99.865726 
3474.451916  	99.815515 
3474.809223  	99.847574 
3475.166530  	100.140537 
3475.523837  	100.123643 
3475.881144  	100.110496 
3476.238451  	100.187787 
3476.595757  	100.045413 
3476.953064  	99.964162 
3477.310371  	99.825506 
3477.667678  	99.524253 
3478.024985  	99.496690 
3478.382292  	99.782484 
3478.739599  	99.932371 
3479.096905  	99.914635 
3479.454212  	99.921284 
3479.811519  	100.009018 
3480.168826  	100.349299 
3480.526133  	100.391302 
3480.883440  	99.839960 
3481.240747  	99.677860 
3481.598054  	99.967409 
3481.955360  	99.947205 
3482.312667  	99.809609 
3482.669974  	99.906074 
3483.027281  	99.986795 
3483.384588  	100.013455 
3483.741895  	100.053166 
3484.099202  	100.033036 
3484.456508  	100.133518 
3484.813815  	100.235891 
3485.171122  	100.160942 
3485.528429  	99.990931 
3485.885736  	99.811676 
3486.243043  	99.845492 
3486.600350  	99.890195 
3486.957656  	100.007265 
3487.314963  	100.271407 
3487.672270  	100.058155 
3488.029577  	99.708123 
3488.386884  	99.678422 
3488.744191  	99.697936 
3489.101498  	99.854136 
3489.458804  	100.031521 
3489.816111  	99.920783 
3490.173418  	99.756955 
3490.530725  	99.930385 
3490.888032  	100.058142 
3491.245339  	99.954399 
3491.602646  	99.897824 
3491.959952  	99.555122 
3492.317259  	99.335193 
3492.674566  	99.639836 
3493.031873  	99.839508 
3493.389180  	99.750102 
3493.746487  	99.676848 
3494.103794  	99.905712 
3494.461101  	99.954397 
3494.818407  	99.774255 
3495.175714  	99.950573 
3495.533021  	100.003198 
3495.890328  	99.997806 
3496.247635  	99.834934 
3496.604942  	99.296807 
3496.962249  	99.384478 
3497.319555  	99.687423 
3497.676862  	99.650014 
3498.034169  	99.731651 
3498.391476  	99.634724 
3498.748783  	99.386446 
3499.106090  	99.407641 
3499.463397  	99.667746 
3499.820703  	99.773916 
3500.178010  	99.686119 
3500.535317  	99.727541 
3500.892624  	99.759000 
3501.249931  	99.789344 
3501.607238  	99.818585 
3501.964545  	99.707349 
3502.321851  	99.728158 
3502.679158  	99.976127 
3503.036465  	100.171136 
3503.393772  	100.008419 
3503.751079  	99.742841 
3504.108386  	99.773286 
3504.465693  	99.883092 
3504.822999  	99.821918 
3505.180306  	99.653585 
3505.537613  	99.579458 
3505.894920  	99.556275 
3506.252227  	99.507541 
3506.609534  	99.414790 
3506.966841  	99.427678 
3507.324147  	99.800776 
3507.681454  	100.000882 
3508.038761  	99.952089 
3508.396068  	100.151436 
3508.753375  	100.209164 
3509.110682  	100.125698 
3509.467989  	100.068366 
3509.825296  	99.760627 
3510.182602  	99.507754 
3510.539909  	99.464897 
3510.897216  	99.543460 
3511.254523  	99.814573 
3511.611830  	100.044011 
3511.969137  	100.044486 
3512.326444  	99.965519 
3512.683750  	99.863130 
3513.041057  	99.797953 
3513.398364  	99.755585 
3513.755671  	99.523967 
3514.112978  	99.465318 
3514.470285  	99.638162 
3514.827592  	99.652258 
3515.184898  	99.825731 
3515.542205  	99.860957 
3515.899512  	99.576618 
3516.256819  	99.617738 
3516.614126  	99.706492 
3516.971433  	99.811509 
3517.328740  	100.076217 
3517.686046  	99.868758 
3518.043353  	99.507501 
3518.400660  	99.536756 
3518.757967  	99.618731 
3519.115274  	99.636604 
3519.472581  	99.761575 
3519.829888  	99.889992 
3520.187194  	99.749087 
3520.544501  	99.557465 
3520.901808  	99.823284 
3521.259115  	99.957519 
3521.616422  	99.556568 
3521.973729  	99.610936 
3522.331036  	99.809487 
3522.688343  	99.504625 
3523.045649  	99.510534 
3523.402956  	99.504236 
3523.760263  	99.440895 
3524.117570  	99.789501 
3524.474877  	99.589794 
3524.832184  	99.210144 
3525.189491  	99.437969 
3525.546797  	99.718584 
3525.904104  	99.810427 
3526.261411  	99.760923 
3526.618718  	99.679211 
3526.976025  	99.452150 
3527.333332  	99.256194 
3527.690639  	99.437269 
3528.047945  	99.463788 
3528.405252  	99.542345 
3528.762559  	99.799297 
3529.119866  	99.672952 
3529.477173  	99.562356 
3529.834480  	99.622388 
3530.191787  	99.738157 
3530.549093  	99.777505 
3530.906400  	99.483813 
3531.263707  	99.473375 
3531.621014  	99.728808 
3531.978321  	99.698847 
3532.335628  	99.732736 
3532.692935  	99.874594 
3533.050241  	99.758307 
3533.407548  	99.557780 
3533.764855  	99.706687 
3534.122162  	99.895015 
3534.479469  	99.715145 
3534.836776  	99.523084 
3535.194083  	99.457522 
3535.551390  	99.525294 
3535.908696  	99.544115 
3536.266003  	99.238799 
3536.623310  	99.267062 
3536.980617  	99.858642 
3537.337924  	100.211971 
3537.695231  	100.010467 
3538.052538  	99.649197 
3538.409844  	99.420971 
3538.767151  	99.335775 
3539.124458  	99.652467 
3539.481765  	99.925093 
3539.839072  	99.536867 
3540.196379  	99.258244 
3540.553686  	99.402131 
3540.910992  	99.488909 
3541.268299  	99.661013 
3541.625606  	99.969557 
3541.982913  	99.945773 
3542.340220  	99.603096 
3542.697527  	99.553358 
3543.054834  	99.630235 
3543.412140  	99.506551 
3543.769447  	99.491465 
3544.126754  	99.514637 
3544.484061  	99.606323 
3544.841368  	99.574368 
3545.198675  	99.174655 
3545.555982  	99.210766 
3545.913288  	99.468861 
3546.270595  	99.298011 
3546.627902  	99.274758 
3546.985209  	99.355509 
3547.342516  	99.380022 
3547.699823  	99.594888 
3548.057130  	99.584059 
3548.414437  	99.379268 
3548.771743  	99.265664 
3549.129050  	99.134905 
3549.486357  	99.292108 
3549.843664  	99.702443 
3550.200971  	99.809040 
3550.558278  	99.852267 
3550.915585  	100.043934 
3551.272891  	100.014133 
3551.630198  	99.833427 
3551.987505  	99.615624 
3552.344812  	99.429379 
3552.702119  	99.579797 
3553.059426  	99.623195 
3553.416733  	99.476542 
3553.774039  	99.601687 
3554.131346  	99.424540 
3554.488653  	99.182003 
3554.845960  	99.664123 
3555.203267  	99.916357 
3555.560574  	99.650801 
3555.917881  	99.562963 
3556.275187  	99.616569 
3556.632494  	99.656473 
3556.989801  	99.753900 
3557.347108  	99.926840 
3557.704415  	99.718707 
3558.061722  	99.406176 
3558.419029  	99.648456 
3558.776335  	99.845169 
3559.133642  	99.961052 
3559.490949  	100.111162 
3559.848256  	99.885332 
3560.205563  	99.766432 
3560.562870  	99.853253 
3560.920177  	99.846579 
3561.277484  	99.654475 
3561.634790  	99.497617 
3561.992097  	99.838554 
3562.349404  	99.974800 
3562.706711  	99.496900 
3563.064018  	99.340888 
3563.421325  	99.788647 
3563.778632  	100.065630 
3564.135938  	99.922322 
3564.493245  	99.867394 
3564.850552  	99.801676 
3565.207859  	99.761281 
3565.565166  	100.014048 
3565.922473  	100.025280 
3566.279780  	99.531441 
3566.637086  	99.135110 
3566.994393  	99.492920 
3567.351700  	99.901982 
3567.709007  	99.724796 
3568.066314  	99.801499 
3568.423621  	100.032275 
3568.780928  	99.928360 
3569.138234  	99.651294 
3569.495541  	99.423598 
3569.852848  	99.545527 
3570.210155  	99.653966 
3570.567462  	99.595788 
3570.924769  	99.700293 
3571.282076  	99.848904 
3571.639382  	99.832399 
3571.996689  	99.699022 
3572.353996  	99.804324 
3572.711303  	99.922324 
3573.068610  	99.581338 
3573.425917  	99.369748 
3573.783224  	99.767599 
3574.140531  	100.010637 
3574.497837  	99.620968 
3574.855144  	99.530160 
3575.212451  	100.003962 
3575.569758  	100.323811 
3575.927065  	100.184793 
3576.284372  	99.760248 
3576.641679  	99.695058 
3576.998985  	99.810932 
3577.356292  	99.832734 
3577.713599  	100.009291 
3578.070906  	99.788934 
3578.428213  	99.395192 
3578.785520  	99.315171 
3579.142827  	99.551873 
3579.500133  	100.007116 
3579.857440  	100.092223 
3580.214747  	100.029809 
3580.572054  	99.897584 
3580.929361  	99.798817 
3581.286668  	100.209031 
3581.643975  	100.200213 
3582.001281  	99.866621 
3582.358588  	99.917735 
3582.715895  	99.815979 
3583.073202  	99.752445 
3583.430509  	99.848162 
3583.787816  	99.655349 
3584.145123  	99.560789 
3584.502429  	99.733758 
3584.859736  	99.662162 
3585.217043  	99.645561 
3585.574350  	99.984123 
3585.931657  	100.086332 
3586.288964  	100.199670 
3586.646271  	100.342692 
3587.003577  	99.840027 
3587.360884  	99.476925 
3587.718191  	99.396917 
3588.075498  	99.503282 
3588.432805  	99.874096 
3588.790112  	99.686100 
3589.147419  	99.134594 
3589.504726  	98.946230 
3589.862032  	99.253445 
3590.219339  	99.798041 
3590.576646  	99.840748 
3590.933953  	99.580915 
3591.291260  	99.759836 
3591.648567  	99.955453 
3592.005874  	99.995892 
3592.363180  	100.242809 
3592.720487  	100.342813 
3593.077794  	100.119823 
3593.435101  	99.864439 
3593.792408  	99.626671 
3594.149715  	99.544636 
3594.507022  	99.673206 
3594.864328  	99.865418 
3595.221635  	99.828095 
3595.578942  	99.716314 
3595.936249  	99.965253 
3596.293556  	100.154439 
3596.650863  	100.163048 
3597.008170  	100.148142 
3597.365476  	100.057086 
3597.722783  	99.998925 
3598.080090  	99.902323 
3598.437397  	99.889026 
3598.794704  	99.924526 
3599.152011  	99.916030 
3599.509318  	99.848986 
3599.866624  	99.403322 
3600.223931  	99.280975 
3600.581238  	99.837474 
3600.938545  	99.869062 
3601.295852  	99.313576 
3601.653159  	99.324173 
3602.010466  	99.822068 
3602.367773  	99.759655 
3602.725079  	99.507574 
3603.082386  	99.666462 
3603.439693  	99.544033 
3603.797000  	99.246566 
3604.154307  	99.427743 
3604.511614  	99.886772 
3604.868921  	100.110679 
3605.226227  	99.845805 
3605.583534  	99.613385 
3605.940841  	99.717453 
3606.298148  	99.772631 
3606.655455  	99.595659 
3607.012762  	99.322892 
3607.370069  	99.183108 
3607.727375  	99.218027 
3608.084682  	99.453630 
3608.441989  	99.866174 
3608.799296  	100.118230 
3609.156603  	99.895695 
3609.513910  	99.309867 
3609.871217  	98.967662 
3610.228523  	99.352295 
3610.585830  	99.761898 
3610.943137  	99.691085 
3611.300444  	99.652141 
3611.657751  	100.006058 
3612.015058  	100.236472 
3612.372365  	100.077149 
3612.729671  	99.842914 
3613.086978  	99.956572 
3613.444285  	100.315856 
3613.801592  	100.405058 
3614.158899  	100.065463 
3614.516206  	99.795385 
3614.873513  	100.053935 
3615.230820  	100.015676 
3615.588126  	99.800937 
3615.945433  	99.934867 
3616.302740  	99.769481 
3616.660047  	99.717872 
3617.017354  	99.782954 
3617.374661  	99.603797 
3617.731968  	99.733202 
3618.089274  	99.672716 
3618.446581  	99.919977 
3618.803888  	100.681278 
3619.161195  	100.539337 
3619.518502  	99.926150 
3619.875809  	99.473982 
3620.233116  	99.199744 
3620.590422  	99.179991 
3620.947729  	99.369821 
3621.305036  	99.597569 
3621.662343  	99.512075 
3622.019650  	99.583803 
3622.376957  	99.742887 
3622.734264  	99.865201 
3623.091570  	100.414183 
3623.448877  	100.527901 
3623.806184  	100.068458 
3624.163491  	99.880972 
3624.520798  	99.834084 
3624.878105  	99.668128 
3625.235412  	99.341908 
3625.592718  	99.228556 
3625.950025  	99.417734 
3626.307332  	99.483168 
3626.664639  	99.653962 
3627.021946  	100.025324 
3627.379253  	100.101908 
3627.736560  	99.954059 
3628.093867  	100.106023 
3628.451173  	100.513490 
3628.808480  	100.897501 
3629.165787  	100.774175 
3629.523094  	100.152453 
3629.880401  	100.000947 
3630.237708  	99.660342 
3630.595015  	99.702611 
3630.952321  	100.404490 
3631.309628  	100.228915 
3631.666935  	99.730601 
3632.024242  	99.919159 
3632.381549  	99.913975 
3632.738856  	99.914706 
3633.096163  	100.259223 
3633.453469  	100.403629 
3633.810776  	100.233268 
3634.168083  	99.834812 
3634.525390  	99.702340 
3634.882697  	99.780841 
3635.240004  	99.693077 
3635.597311  	99.617308 
3635.954617  	99.595944 
3636.311924  	99.712636 
3636.669231  	99.811793 
3637.026538  	99.803427 
3637.383845  	100.057476 
3637.741152  	99.973527 
3638.098459  	99.445294 
3638.455765  	99.551295 
3638.813072  	99.849015 
3639.170379  	99.768893 
3639.527686  	99.769008 
3639.884993  	99.888511 
3640.242300  	100.059660 
3640.599607  	100.068356 
3640.956914  	100.140153 
3641.314220  	100.468671 
3641.671527  	100.227582 
3642.028834  	99.618626 
3642.386141  	99.343886 
3642.743448  	99.273330 
3643.100755  	99.562470 
3643.458062  	99.996390 
3643.815368  	100.062965 
3644.172675  	99.835026 
3644.529982  	99.575176 
3644.887289  	99.550849 
3645.244596  	99.755663 
3645.601903  	99.812173 
3645.959210  	99.563258 
3646.316516  	99.427345 
3646.673823  	99.442182 
3647.031130  	99.221774 
3647.388437  	99.075712 
3647.745744  	99.261776 
3648.103051  	99.952559 
3648.460358  	100.473555 
3648.817664  	100.107926 
3649.174971  	99.579540 
3649.532278  	98.983432 
3649.889585  	98.392892 
3650.246892  	98.866285 
3650.604199  	99.551533 
3650.961506  	100.093731 
3651.318812  	100.111420 
3651.676119  	99.631528 
3652.033426  	99.985357 
3652.390733  	100.264467 
3652.748040  	99.869572 
3653.105347  	99.629021 
3653.462654  	99.673752 
3653.819961  	99.846147 
3654.177267  	100.047845 
3654.534574  	99.961794 
3654.891881  	99.550679 
3655.249188  	99.247681 
3655.606495  	99.621635 
3655.963802  	100.122725 
3656.321109  	99.866290 
3656.678415  	99.650833 
3657.035722  	99.768209 
3657.393029  	99.615311 
3657.750336  	99.575643 
3658.107643  	99.741898 
3658.464950  	99.759541 
3658.822257  	99.719170 
3659.179563  	99.854563 
3659.536870  	99.970711 
3659.894177  	100.142957 
3660.251484  	100.342754 
3660.608791  	100.298159 
3660.966098  	100.178204 
3661.323405  	100.091163 
3661.680711  	100.143519 
3662.038018  	100.078304 
3662.395325  	99.861115 
3662.752632  	100.031215 
3663.109939  	99.998206 
3663.467246  	99.719553 
3663.824553  	99.659021 
3664.181859  	99.448156 
3664.539166  	99.573404 
3664.896473  	99.866271 
3665.253780  	99.910552 
3665.611087  	100.141212 
3665.968394  	100.053894 
3666.325701  	99.928551 
3666.683008  	100.180432 
3667.040314  	100.175054 
3667.397621  	100.106964 
3667.754928  	100.003569 
3668.112235  	99.718381 
3668.469542  	99.595413 
3668.826849  	99.685788 
3669.184156  	99.942558 
3669.541462  	99.750530 
3669.898769  	99.243166 
3670.256076  	99.498248 
3670.613383  	100.229052 
3670.970690  	100.051652 
3671.327997  	99.303856 
3671.685304  	99.321452 
3672.042610  	99.727923 
3672.399917  	99.948794 
3672.757224  	99.876075 
3673.114531  	99.929205 
3673.471838  	99.930449 
3673.829145  	99.506715 
3674.186452  	99.470285 
3674.543758  	99.808027 
3674.901065  	99.766766 
3675.258372  	99.344155 
3675.615679  	98.682949 
3675.972986  	99.339237 
3676.330293  	100.070813 
3676.687600  	99.901551 
3677.044906  	99.784409 
3677.402213  	99.480315 
3677.759520  	99.433523 
3678.116827  	99.918882 
3678.474134  	100.260606 
3678.831441  	100.290890 
3679.188748  	100.007092 
3679.546054  	99.796557 
3679.903361  	99.878661 
3680.260668  	99.904358 
3680.617975  	99.882907 
3680.975282  	99.962480 
3681.332589  	100.360658 
3681.689896  	100.498179 
3682.047203  	100.044348 
3682.404509  	99.810255 
3682.761816  	99.831857 
3683.119123  	99.801003 
3683.476430  	99.742442 
3683.833737  	99.597508 
3684.191044  	99.598773 
3684.548351  	99.741307 
3684.905657  	99.722985 
3685.262964  	99.592700 
3685.620271  	99.676847 
3685.977578  	99.899800 
3686.334885  	99.800103 
3686.692192  	99.525619 
3687.049499  	99.497018 
3687.406805  	99.684563 
3687.764112  	100.006087 
3688.121419  	100.186310 
3688.478726  	99.753448 
3688.836033  	99.407723 
3689.193340  	100.013534 
3689.550647  	100.273483 
3689.907953  	99.882718 
3690.265260  	99.663410 
3690.622567  	100.081523 
3690.979874  	100.581428 
3691.337181  	100.362587 
3691.694488  	99.799423 
3692.051795  	99.672209 
3692.409101  	99.957503 
3692.766408  	100.163415 
3693.123715  	100.218999 
3693.481022  	100.267407 
3693.838329  	100.114618 
3694.195636  	99.952020 
3694.552943  	99.826687 
3694.910250  	99.571073 
3695.267556  	99.608964 
3695.624863  	99.657329 
3695.982170  	99.819185 
3696.339477  	100.508487 
3696.696784  	100.682237 
3697.054091  	100.370633 
3697.411398  	100.055424 
3697.768704  	99.591637 
3698.126011  	99.804713 
3698.483318  	100.281539 
3698.840625  	100.066717 
3699.197932  	99.929304 
3699.555239  	100.168342 
3699.912546  	100.259621 
3700.269852  	100.293722 
3700.627159  	100.538516 
3700.984466  	100.637080 
3701.341773  	100.314388 
3701.699080  	99.595590 
3702.056387  	98.801522 
3702.413694  	99.314036 
3702.771000  	100.223337 
3703.128307  	100.076470 
3703.485614  	100.057180 
3703.842921  	100.300573 
3704.200228  	100.136970 
3704.557535  	99.974319 
3704.914842  	99.831995 
3705.272148  	99.781385 
3705.629455  	99.960913 
3705.986762  	99.976301 
3706.344069  	100.037566 
3706.701376  	100.165659 
3707.058683  	99.995706 
3707.415990  	99.930588 
3707.773297  	100.203247 
3708.130603  	100.268593 
3708.487910  	100.109473 
3708.845217  	100.471281 
3709.202524  	100.978051 
3709.559831  	100.369169 
3709.917138  	99.677757 
3710.274445  	100.195195 
3710.631751  	100.578799 
3710.989058  	100.368866 
3711.346365  	100.015214 
3711.703672  	99.819948 
3712.060979  	100.178297 
3712.418286  	100.548702 
3712.775593  	100.538166 
3713.132899  	100.652030 
3713.490206  	100.632169 
3713.847513  	100.418221 
3714.204820  	99.943729 
3714.562127  	99.412175 
3714.919434  	99.682683 
3715.276741  	100.219784 
3715.634047  	99.944619 
3715.991354  	99.576316 
3716.348661  	99.544139 
3716.705968  	99.716504 
3717.063275  	100.340399 
3717.420582  	100.752160 
3717.777889  	100.345371 
3718.135195  	99.865384 
3718.492502  	99.845983 
3718.849809  	99.936640 
3719.207116  	99.845616 
3719.564423  	100.022907 
3719.921730  	100.446016 
3720.279037  	100.408706 
3720.636344  	100.200591 
3720.993650  	100.076015 
3721.350957  	99.879958 
3721.708264  	99.807776 
3722.065571  	99.717636 
3722.422878  	99.701655 
3722.780185  	99.857770 
3723.137492  	99.758910 
3723.494798  	99.812119 
3723.852105  	99.939759 
3724.209412  	99.872342 
3724.566719  	99.696965 
3724.924026  	99.470060 
3725.281333  	99.598045 
3725.638640  	99.824299 
3725.995946  	99.821613 
3726.353253  	100.003226 
3726.710560  	100.220924 
3727.067867  	100.233748 
3727.425174  	100.053775 
3727.782481  	100.106243 
3728.139788  	100.198776 
3728.497094  	99.602417 
3728.854401  	99.404052 
3729.211708  	100.047488 
3729.569015  	100.166507 
3729.926322  	100.086779 
3730.283629  	100.367103 
3730.640936  	100.196736 
3730.998242  	99.807878 
3731.355549  	99.922634 
3731.712856  	100.157217 
3732.070163  	100.041944 
3732.427470  	99.901624 
3732.784777  	99.908137 
3733.142084  	99.950825 
3733.499391  	99.906933 
3733.856697  	99.673889 
3734.214004  	99.617988 
3734.571311  	99.843295 
3734.928618  	99.898149 
3735.285925  	100.235258 
3735.643232  	100.619130 
3736.000539  	100.085258 
3736.357845  	99.678627 
3736.715152  	99.884347 
3737.072459  	99.791200 
3737.429766  	99.671560 
3737.787073  	99.961813 
3738.144380  	100.041951 
3738.501687  	100.146195 
3738.858993  	100.044168 
3739.216300  	99.467573 
3739.573607  	99.484079 
3739.930914  	99.626234 
3740.288221  	99.329942 
3740.645528  	99.492528 
3741.002835  	99.776431 
3741.360141  	99.569730 
3741.717448  	99.581823 
3742.074755  	99.822345 
3742.432062  	99.753756 
3742.789369  	99.516802 
3743.146676  	99.753028 
3743.503983  	100.351085 
3743.861289  	100.560151 
3744.218596  	100.945450 
3744.575903  	101.439154 
3744.933210  	100.378585 
3745.290517  	99.890585 
3745.647824  	99.775281 
3746.005131  	99.792050 
3746.362438  	100.229452 
3746.719744  	100.414836 
3747.077051  	100.195369 
3747.434358  	100.195477 
3747.791665  	99.855346 
3748.148972  	99.216708 
3748.506279  	99.923604 
3748.863586  	101.302940 
3749.220892  	101.394543 
3749.578199  	100.616071 
3749.935506  	100.027680 
3750.292813  	99.973277 
3750.650120  	100.189716 
3751.007427  	99.986968 
3751.364734  	99.875167 
3751.722040  	100.419157 
3752.079347  	100.810163 
3752.436654  	100.452461 
3752.793961  	99.720382 
3753.151268  	99.353175 
3753.508575  	99.640457 
3753.865882  	99.867442 
3754.223188  	99.930065 
3754.580495  	100.218201 
3754.937802  	100.470412 
3755.295109  	100.463159 
3755.652416  	100.276877 
3756.009723  	100.114089 
3756.367030  	100.117773 
3756.724336  	100.199428 
3757.081643  	100.525007 
3757.438950  	100.617355 
3757.796257  	100.279606 
3758.153564  	100.089107 
3758.510871  	100.104693 
3758.868178  	100.388870 
3759.225484  	100.434932 
3759.582791  	99.803410 
3759.940098  	99.261207 
3760.297405  	99.145567 
3760.654712  	99.698589 
3761.012019  	100.291224 
3761.369326  	100.324657 
3761.726633  	100.384769 
3762.083939  	100.467583 
3762.441246  	100.322279 
3762.798553  	100.030681 
3763.155860  	99.951839 
3763.513167  	100.187109 
3763.870474  	99.994321 
3764.227781  	99.787379 
3764.585087  	100.018916 
3764.942394  	99.999434 
3765.299701  	99.900006 
3765.657008  	99.844593 
3766.014315  	99.743141 
3766.371622  	99.780239 
3766.728929  	99.793118 
3767.086235  	99.922297 
3767.443542  	100.068572 
3767.800849  	100.191903 
3768.158156  	100.236900 
3768.515463  	100.065281 
3768.872770  	100.261717 
3769.230077  	100.623895 
3769.587383  	100.417950 
3769.944690  	100.162424 
3770.301997  	100.147598 
3770.659304  	100.165838 
3771.016611  	100.230208 
3771.373918  	100.235800 
3771.731225  	100.233932 
3772.088531  	100.069488 
3772.445838  	99.895116 
3772.803145  	100.093458 
3773.160452  	100.217695 
3773.517759  	99.975470 
3773.875066  	99.778094 
3774.232373  	99.844854 
3774.589680  	100.081178 
3774.946986  	100.187448 
3775.304293  	100.082626 
3775.661600  	99.933296 
3776.018907  	99.747969 
3776.376214  	99.649220 
3776.733521  	99.694799 
3777.090828  	99.805288 
3777.448134  	99.912431 
3777.805441  	99.931329 
3778.162748  	100.061127 
3778.520055  	100.279153 
3778.877362  	100.288036 
3779.234669  	100.292981 
3779.591976  	100.453356 
3779.949282  	100.403221 
3780.306589  	100.105970 
3780.663896  	99.930501 
3781.021203  	99.826943 
3781.378510  	99.817769 
3781.735817  	100.060116 
3782.093124  	100.236096 
3782.450430  	100.214428 
3782.807737  	100.268177 
3783.165044  	100.292130 
3783.522351  	100.062348 
3783.879658  	99.799480 
3784.236965  	99.870118 
3784.594272  	100.253464 
3784.951578  	100.523130 
3785.308885  	100.174334 
3785.666192  	99.629481 
3786.023499  	99.649214 
3786.380806  	99.909463 
3786.738113  	100.086138 
3787.095420  	100.188359 
3787.452727  	100.104003 
3787.810033  	100.147709 
3788.167340  	100.371822 
3788.524647  	100.356819 
3788.881954  	99.961759 
3789.239261  	99.476691 
3789.596568  	99.560611 
3789.953875  	100.088269 
3790.311181  	100.188892 
3790.668488  	99.903261 
3791.025795  	99.862049 
3791.383102  	100.171570 
3791.740409  	100.367545 
3792.097716  	100.076686 
3792.455023  	99.796015 
3792.812329  	100.001578 
3793.169636  	100.259446 
3793.526943  	100.309146 
3793.884250  	100.178598 
3794.241557  	99.912111 
3794.598864  	100.025826 
3794.956171  	100.387515 
3795.313477  	100.317023 
3795.670784  	100.012847 
3796.028091  	99.961275 
3796.385398  	99.968015 
3796.742705  	99.513475 
3797.100012  	99.061081 
3797.457319  	99.264731 
3797.814625  	99.575617 
3798.171932  	99.712397 
3798.529239  	99.795072 
3798.886546  	100.051661 
3799.243853  	100.323242 
3799.601160  	100.139320 
3799.958467  	99.847027 
3800.315774  	99.897565 
3800.673080  	100.236742 
3801.030387  	100.416346 
3801.387694  	99.910674 
3801.745001  	99.717528 
3802.102308  	100.019405 
3802.459615  	100.081588 
3802.816922  	100.309975 
3803.174228  	100.383514 
3803.531535  	100.228251 
3803.888842  	100.173663 
3804.246149  	100.186378 
3804.603456  	100.327083 
3804.960763  	100.298752 
3805.318070  	100.028500 
3805.675376  	100.005352 
3806.032683  	100.059945 
3806.389990  	100.003943 
3806.747297  	100.078177 
3807.104604  	100.314123 
3807.461911  	100.853934 
3807.819218  	100.691452 
3808.176524  	99.860081 
3808.533831  	99.833454 
3808.891138  	100.268312 
3809.248445  	100.405705 
3809.605752  	100.387920 
3809.963059  	100.087404 
3810.320366  	99.926665 
3810.677672  	100.267275 
3811.034979  	100.215098 
3811.392286  	100.041403 
3811.749593  	100.327143 
3812.106900  	100.212118 
3812.464207  	99.867037 
3812.821514  	99.898309 
3813.178821  	99.664910 
3813.536127  	99.472629 
3813.893434  	99.866207 
3814.250741  	99.994342 
3814.608048  	99.893076 
3814.965355  	100.214820 
3815.322662  	100.518233 
3815.679969  	100.452991 
3816.037275  	100.126556 
3816.394582  	99.825402 
3816.751889  	100.196969 
3817.109196  	100.476006 
3817.466503  	100.141967 
3817.823810  	99.773743 
3818.181117  	99.793067 
3818.538423  	99.954810 
3818.895730  	100.070761 
3819.253037  	100.225566 
3819.610344  	100.187676 
3819.967651  	100.042937 
3820.324958  	100.212466 
3820.682265  	100.557823 
3821.039571  	100.868565 
3821.396878  	101.069681 
3821.754185  	100.605959 
3822.111492  	100.083362 
3822.468799  	99.924052 
3822.826106  	99.675338 
3823.183413  	99.562855 
3823.540719  	99.680020 
3823.898026  	99.736163 
3824.255333  	99.842800 
3824.612640  	100.085211 
3824.969947  	100.209729 
3825.327254  	100.175657 
3825.684561  	100.216710 
3826.041868  	100.257635 
3826.399174  	99.958886 
3826.756481  	99.554134 
3827.113788  	99.547997 
3827.471095  	99.944296 
3827.828402  	99.988235 
3828.185709  	99.510710 
3828.543016  	99.410770 
3828.900322  	99.781698 
3829.257629  	99.978979 
3829.614936  	100.124266 
3829.972243  	100.287143 
3830.329550  	100.112278 
3830.686857  	99.803715 
3831.044164  	99.855194 
3831.401470  	99.932222 
3831.758777  	99.849880 
3832.116084  	99.999727 
3832.473391  	100.060382 
3832.830698  	100.160462 
3833.188005  	100.215113 
3833.545312  	100.014491 
3833.902618  	100.095642 
3834.259925  	100.289043 
3834.617232  	100.249727 
3834.974539  	100.151106 
3835.331846  	99.954180 
3835.689153  	99.690518 
3836.046460  	99.312009 
3836.403766  	99.318236 
3836.761073  	99.808824 
3837.118380  	100.132201 
3837.475687  	100.196449 
3837.832994  	100.105431 
3838.190301  	100.419722 
3838.547608  	100.840003 
3838.904914  	100.262302 
3839.262221  	100.035561 
3839.619528  	100.146690 
3839.976835  	99.897278 
3840.334142  	99.949808 
3840.691449  	100.244059 
3841.048756  	100.013299 
3841.406063  	99.747999 
3841.763369  	99.812964 
3842.120676  	99.968273 
3842.477983  	100.029381 
3842.835290  	100.179002 
3843.192597  	100.473934 
3843.549904  	100.344253 
3843.907211  	99.691882 
3844.264517  	99.217368 
3844.621824  	99.312626 
3844.979131  	99.823865 
3845.336438  	100.230346 
3845.693745  	100.257842 
3846.051052  	100.215274 
3846.408359  	100.216330 
3846.765665  	100.270598 
3847.122972  	100.370876 
3847.480279  	100.232507 
3847.837586  	99.856409 
3848.194893  	99.674577 
3848.552200  	99.872281 
3848.909507  	100.081918 
3849.266813  	100.128128 
3849.624120  	99.973520 
3849.981427  	99.623724 
3850.338734  	99.573642 
3850.696041  	99.788694 
3851.053348  	99.972281 
3851.410655  	100.075272 
3851.767961  	99.788835 
3852.125268  	99.378890 
3852.482575  	99.501573 
3852.839882  	99.795654 
3853.197189  	99.586771 
3853.554496  	99.496408 
3853.911803  	100.226877 
3854.269110  	100.519565 
3854.626416  	99.986054 
3854.983723  	100.077602 
3855.341030  	99.933520 
3855.698337  	99.805293 
3856.055644  	99.905925 
3856.412951  	100.087068 
3856.770258  	100.094013 
3857.127564  	99.851430 
3857.484871  	99.749638 
3857.842178  	99.862862 
3858.199485  	99.944577 
3858.556792  	99.887132 
3858.914099  	100.005128 
3859.271406  	100.296229 
3859.628712  	100.231540 
3859.986019  	100.089319 
3860.343326  	100.010702 
3860.700633  	99.745126 
3861.057940  	99.686794 
3861.415247  	99.807836 
3861.772554  	99.837449 
3862.129860  	99.932279 
3862.487167  	100.122505 
3862.844474  	100.283485 
3863.201781  	100.210014 
3863.559088  	100.039958 
3863.916395  	99.966541 
3864.273702  	99.805092 
3864.631008  	99.542601 
3864.988315  	99.450327 
3865.345622  	99.576280 
3865.702929  	99.851615 
3866.060236  	99.888719 
3866.417543  	99.577717 
3866.774850  	99.523810 
3867.132157  	99.781090 
3867.489463  	99.960689 
3867.846770  	100.000109 
3868.204077  	99.800321 
3868.561384  	99.529994 
3868.918691  	99.600045 
3869.275998  	100.177795 
3869.633305  	100.701841 
3869.990611  	100.486845 
3870.347918  	100.471376 
3870.705225  	100.264588 
3871.062532  	99.727054 
3871.419839  	99.712861 
3871.777146  	99.634586 
3872.134453  	99.674987 
3872.491759  	100.042942 
3872.849066  	100.254257 
3873.206373  	100.298138 
3873.563680  	100.073351 
3873.920987  	99.879622 
3874.278294  	99.821236 
3874.635601  	99.851852 
3874.992907  	100.183643 
3875.350214  	100.042492 
3875.707521  	99.985094 
3876.064828  	100.300879 
3876.422135  	100.152762 
3876.779442  	99.761501 
3877.136749  	99.725788 
3877.494055  	100.097841 
3877.851362  	100.437565 
3878.208669  	100.248052 
3878.565976  	99.838100 
3878.923283  	99.824633 
3879.280590  	100.358638 
3879.637897  	100.702752 
3879.995204  	100.342945 
3880.352510  	99.850132 
3880.709817  	99.415149 
3881.067124  	99.057831 
3881.424431  	99.312713 
3881.781738  	100.052051 
3882.139045  	100.349690 
3882.496352  	100.117611 
3882.853658  	100.174026 
3883.210965  	100.186976 
3883.568272  	99.922592 
3883.925579  	99.852117 
3884.282886  	99.753300 
3884.640193  	99.769672 
3884.997500  	100.161645 
3885.354806  	100.627772 
3885.712113  	100.839279 
3886.069420  	100.581221 
3886.426727  	100.207824 
3886.784034  	99.929310 
3887.141341  	99.779872 
3887.498648  	99.852726 
3887.855954  	99.847522 
3888.213261  	99.775725 
3888.570568  	99.853527 
3888.927875  	99.855360 
3889.285182  	99.766956 
3889.642489  	99.700457 
3889.999796  	99.694569 
3890.357102  	99.757546 
3890.714409  	99.522002 
3891.071716  	99.350034 
3891.429023  	99.849173 
3891.786330  	100.006727 
3892.143637  	99.492035 
3892.500944  	99.478777 
3892.858251  	100.018610 
3893.215557  	100.251807 
3893.572864  	99.962833 
3893.930171  	99.998017 
3894.287478  	100.080831 
3894.644785  	99.868701 
3895.002092  	99.930383 
3895.359399  	99.906694 
3895.716705  	99.899666 
3896.074012  	100.175428 
3896.431319  	100.118688 
3896.788626  	99.892647 
3897.145933  	99.904233 
3897.503240  	99.999504 
3897.860547  	99.835356 
3898.217853  	99.431291 
3898.575160  	99.462509 
3898.932467  	99.932010 
3899.289774  	100.129405 
3899.647081  	99.925939 
3900.004388  	99.765174 
3900.361695  	99.820730 
3900.719001  	99.749371 
3901.076308  	99.711967 
3901.433615  	99.957369 
3901.790922  	100.149523 
3902.148229  	99.877105 
3902.505536  	99.427061 
3902.862843  	99.566505 
3903.220149  	99.909835 
3903.577456  	99.978466 
3903.934763  	99.952263 
3904.292070  	99.977308 
3904.649377  	100.040437 
3905.006684  	99.785839 
3905.363991  	99.379170 
3905.721298  	99.449681 
3906.078604  	99.788793 
3906.435911  	100.101548 
3906.793218  	100.294904 
3907.150525  	100.221153 
3907.507832  	100.223776 
3907.865139  	100.047796 
3908.222446  	99.484564 
3908.579752  	99.631838 
3908.937059  	100.348118 
3909.294366  	100.528113 
3909.651673  	100.267758 
3910.008980  	99.848051 
3910.366287  	99.682652 
3910.723594  	99.799036 
3911.080900  	99.805436 
3911.438207  	99.921343 
3911.795514  	99.751823 
3912.152821  	99.388616 
3912.510128  	99.598631 
3912.867435  	99.924825 
3913.224742  	100.128990 
3913.582048  	100.165651 
3913.939355  	99.908094 
3914.296662  	99.949423 
3914.653969  	100.082734 
3915.011276  	99.928015 
3915.368583  	99.990795 
3915.725890  	100.218443 
3916.083196  	100.076378 
3916.440503  	99.770535 
3916.797810  	99.519500 
3917.155117  	99.176344 
3917.512424  	99.327579 
3917.869731  	99.796776 
3918.227038  	99.909362 
3918.584344  	100.039279 
3918.941651  	100.023903 
3919.298958  	99.955982 
3919.656265  	100.131022 
3920.013572  	99.938678 
3920.370879  	99.891222 
3920.728186  	100.124044 
3921.085493  	99.800101 
3921.442799  	99.759732 
3921.800106  	100.033443 
3922.157413  	99.939672 
3922.514720  	99.949149 
3922.872027  	100.082739 
3923.229334  	99.804041 
3923.586641  	99.479364 
3923.943947  	99.631165 
3924.301254  	99.971655 
3924.658561  	100.106860 
3925.015868  	100.047655 
3925.373175  	99.911676 
3925.730482  	99.982853 
3926.087789  	100.051912 
3926.445095  	99.831580 
3926.802402  	99.708045 
3927.159709  	99.776710 
3927.517016  	99.953934 
3927.874323  	100.047197 
3928.231630  	99.860201 
3928.588937  	99.838930 
3928.946243  	100.009747 
3929.303550  	100.230265 
3929.660857  	100.384921 
3930.018164  	100.027984 
3930.375471  	99.901441 
3930.732778  	100.080225 
3931.090085  	99.713982 
3931.447391  	99.420251 
3931.804698  	99.602260 
3932.162005  	99.953029 
3932.519312  	100.220522 
3932.876619  	100.105718 
3933.233926  	99.871752 
3933.591233  	99.796779 
3933.948540  	99.959203 
3934.305846  	99.952426 
3934.663153  	99.786628 
3935.020460  	99.917030 
3935.377767  	99.855699 
3935.735074  	99.863050 
3936.092381  	99.948570 
3936.449688  	99.675557 
3936.806994  	99.887372 
3937.164301  	100.142161 
3937.521608  	100.052888 
3937.878915  	100.181788 
3938.236222  	100.033492 
3938.593529  	99.903646 
3938.950836  	99.904148 
3939.308142  	99.805271 
3939.665449  	100.015201 
3940.022756  	99.906476 
3940.380063  	99.683601 
3940.737370  	99.931036 
3941.094677  	99.889839 
3941.451984  	99.624421 
3941.809290  	99.581077 
3942.166597  	99.606129 
3942.523904  	99.829897 
3942.881211  	100.221281 
3943.238518  	100.351173 
3943.595825  	100.234279 
3943.953132  	100.031315 
3944.310438  	99.661660 
3944.667745  	99.560498 
3945.025052  	99.896801 
3945.382359  	100.028603 
3945.739666  	99.905787 
3946.096973  	100.028756 
3946.454280  	100.403346 
3946.811587  	100.471525 
3947.168893  	100.217937 
3947.526200  	100.184158 
3947.883507  	100.291394 
3948.240814  	100.295421 
3948.598121  	100.041242 
3948.955428  	99.742500 
3949.312735  	99.943394 
3949.670041  	100.263226 
3950.027348  	100.284044 
3950.384655  	100.139857 
3950.741962  	99.832255 
3951.099269  	99.681336 
3951.456576  	99.751045 
3951.813883  	99.851596 
3952.171189  	99.975000 
3952.528496  	99.864591 
3952.885803  	99.636547 
3953.243110  	99.666809 
3953.600417  	99.753262 
3953.957724  	99.866229 
3954.315031  	100.175122 
3954.672337  	100.397848 
3955.029644  	100.216795 
3955.386951  	99.766137 
3955.744258  	99.784663 
3956.101565  	100.232940 
3956.458872  	100.087254 
3956.816179  	99.794340 
3957.173485  	99.903609 
3957.530792  	99.768925 
3957.888099  	99.767772 
3958.245406  	100.060320 
3958.602713  	100.049442 
3958.960020  	99.956509 
3959.317327  	99.922318 
3959.674634  	99.936554 
3960.031940  	100.017463 
3960.389247  	100.000500 
3960.746554  	99.928994 
3961.103861  	99.775900 
3961.461168  	99.765235 
3961.818475  	100.032689 
3962.175782  	100.088360 
3962.533088  	99.894946 
3962.890395  	99.904626 
3963.247702  	100.077591 
3963.605009  	99.998128 
3963.962316  	99.784488 
3964.319623  	99.808094 
3964.676930  	99.900125 
3965.034236  	99.948396 
3965.391543  	100.058504 
3965.748850  	100.159627 
3966.106157  	100.076136 
3966.463464  	100.006126 
3966.820771  	100.290775 
3967.178078  	100.361742 
3967.535384  	100.035140 
3967.892691  	99.971311 
3968.249998  	99.972258 
3968.607305  	99.899941 
3968.964612  	99.949114 
3969.321919  	99.897950 
3969.679226  	99.931673 
3970.036532  	100.016163 
3970.393839  	99.850352 
3970.751146  	99.818473 
3971.108453  	99.998539 
3971.465760  	100.089130 
3971.823067  	100.145420 
3972.180374  	100.034824 
3972.537681  	99.778038 
3972.894987  	99.724497 
3973.252294  	99.827407 
3973.609601  	100.155231 
3973.966908  	100.521487 
3974.324215  	100.377009 
3974.681522  	100.034576 
3975.038829  	99.855631 
3975.396135  	99.711625 
3975.753442  	99.576921 
3976.110749  	99.665126 
3976.468056  	99.927382 
3976.825363  	99.656289 
3977.182670  	99.436412 
3977.539977  	99.911609 
3977.897283  	99.892015 
3978.254590  	99.649602 
3978.611897  	99.877204 
3978.969204  	99.802369 
3979.326511  	99.798968 
3979.683818  	100.190109 
3980.041125  	100.286496 
3980.398431  	100.059042 
3980.755738  	99.836840 
3981.113045  	99.938601 
3981.470352  	100.326550 
3981.827659  	100.456444 
3982.184966  	100.233341 
3982.542273  	100.027539 
3982.899579  	99.774490 
3983.256886  	99.547803 
3983.614193  	99.670606 
3983.971500  	99.707436 
3984.328807  	99.784028 
3984.686114  	100.230956 
3985.043421  	100.323103 
3985.400728  	100.193543 
3985.758034  	100.099849 
3986.115341  	99.719470 
3986.472648  	99.497064 
3986.829955  	99.559883 
3987.187262  	99.694243 
3987.544569  	99.788644 
3987.901876  	99.807505 
3988.259182  	100.098826 
3988.616489  	100.287064 
3988.973796  	100.084049 
3989.331103  	100.041258 
3989.688410  	100.073128 
3990.045717  	100.022741 
3990.403024  	100.082938 
3990.760330  	100.034565 
3991.117637  	99.798047 
3991.474944  	99.672876 
3991.832251  	99.847757 
3992.189558  	100.201057 
3992.546865  	100.346123 
3992.904172  	100.318840 
3993.261478  	100.564675 
3993.618785  	100.663429 
3993.976092  	100.150527 
3994.333399  	99.748037 
3994.690706  	99.741720 
3995.048013  	99.773063 
3995.405320  	99.964183 
3995.762626  	100.248686 
3996.119933  	100.263411 
3996.477240  	99.943740 
3996.834547  	99.663992 
3997.191854  	99.854292 
3997.549161  	100.090942 
3997.906468  	99.914325 
3998.263775  	99.726584 
3998.621081  	99.818790 
3998.978388  	100.074228 
3999.335695  	100.177691 
3999.693002  	100.018609 
4000.050309  	99.952446 