##TITLE=N5_4-aminobenzoic_2
##DATA TYPE=INFRARED SPECTRUM
##XUNITS=1/CM
##YUNITS=%T
399.826377  	31.087049 
400.183684  	33.400495 
400.540991  	35.921768 
400.898298  	35.591488 
401.255605  	32.818572 
401.612912  	33.563016 
401.970219  	38.206976 
402.327525  	39.972660 
402.684832  	39.729706 
403.042139  	38.400353 
403.399446  	37.536659 
403.756753  	37.465776 
404.114060  	35.938784 
404.471367  	36.355692 
404.828674  	37.438532 
405.185980  	37.377512 
405.543287  	36.117565 
405.900594  	32.704645 
406.257901  	33.124987 
406.615208  	36.693640 
406.972515  	36.486944 
407.329822  	35.980699 
407.687128  	36.722748 
408.044435  	36.718721 
408.401742  	37.164793 
408.759049  	35.707807 
409.116356  	34.795322 
409.473663  	38.004498 
409.830970  	38.871481 
410.188276  	38.199604 
410.545583  	40.311348 
410.902890  	39.417055 
411.260197  	37.420110 
411.617504  	39.305942 
411.974811  	40.411811 
412.332118  	39.659902 
412.689424  	39.729397 
413.046731  	38.007438 
413.404038  	37.069364 
413.761345  	38.777516 
414.118652  	41.040991 
414.475959  	42.510031 
414.833266  	40.084916 
415.190572  	36.988262 
415.547879  	38.408771 
415.905186  	39.167041 
416.262493  	38.142567 
416.619800  	39.459095 
416.977107  	41.105262 
417.334414  	40.515658 
417.691720  	40.672603 
418.049027  	44.963538 
418.406334  	47.825428 
418.763641  	43.912193 
419.120948  	40.816564 
419.478255  	41.424759 
419.835562  	43.333397 
420.192869  	42.201494 
420.550175  	40.081956 
420.907482  	39.928555 
421.264789  	41.418741 
421.622096  	42.287308 
421.979403  	42.276461 
422.336710  	41.891255 
422.694017  	41.534809 
423.051323  	42.726254 
423.408630  	40.946498 
423.765937  	39.083239 
424.123244  	40.898178 
424.480551  	42.000583 
424.837858  	42.474820 
425.195165  	43.012738 
425.552471  	40.514660 
425.909778  	41.468969 
426.267085  	42.865730 
426.624392  	42.185725 
426.981699  	41.924796 
427.339006  	40.143950 
427.696313  	39.859388 
428.053619  	40.561754 
428.410926  	39.296732 
428.768233  	40.025437 
429.125540  	41.070203 
429.482847  	40.304515 
429.840154  	41.000601 
430.197461  	43.813109 
430.554767  	45.657816 
430.912074  	44.846351 
431.269381  	43.870285 
431.626688  	43.232659 
431.983995  	41.484263 
432.341302  	40.004361 
432.698609  	40.766312 
433.055916  	42.010389 
433.413222  	40.371220 
433.770529  	38.928621 
434.127836  	39.529356 
434.485143  	39.688977 
434.842450  	40.984679 
435.199757  	43.386014 
435.557064  	44.641056 
435.914370  	45.503512 
436.271677  	46.510416 
436.628984  	45.406619 
436.986291  	41.946778 
437.343598  	40.403634 
437.700905  	41.960169 
438.058212  	43.253001 
438.415518  	42.491466 
438.772825  	42.384775 
439.130132  	42.735315 
439.487439  	41.672998 
439.844746  	41.037367 
440.202053  	41.708420 
440.559360  	42.110151 
440.916666  	42.653463 
441.273973  	43.395860 
441.631280  	43.135612 
441.988587  	43.183553 
442.345894  	44.675119 
442.703201  	43.907139 
443.060508  	41.722380 
443.417814  	41.101866 
443.775121  	42.190756 
444.132428  	42.244114 
444.489735  	41.256640 
444.847042  	41.908290 
445.204349  	43.591734 
445.561656  	43.778237 
445.918963  	43.913038 
446.276269  	43.311817 
446.633576  	43.311918 
446.990883  	44.667188 
447.348190  	43.433162 
447.705497  	42.503590 
448.062804  	42.965844 
448.420111  	42.984750 
448.777417  	43.153808 
449.134724  	43.064203 
449.492031  	42.887398 
449.849338  	42.701754 
450.206645  	42.670317 
450.563952  	43.306001 
450.921259  	43.722746 
451.278565  	43.346757 
451.635872  	41.921261 
451.993179  	40.899314 
452.350486  	41.934834 
452.707793  	43.989477 
453.065100  	44.330900 
453.422407  	42.896430 
453.779713  	42.202590 
454.137020  	41.741822 
454.494327  	41.558026 
454.851634  	42.618133 
455.208941  	43.107798 
455.566248  	42.063240 
455.923555  	42.436925 
456.280861  	44.478934 
456.638168  	43.516072 
456.995475  	41.228687 
457.352782  	42.475498 
457.710089  	43.563690 
458.067396  	42.716718 
458.424703  	43.103574 
458.782010  	43.146090 
459.139316  	42.640770 
459.496623  	41.487004 
459.853930  	42.434774 
460.211237  	43.422117 
460.568544  	41.707907 
460.925851  	41.416348 
461.283158  	41.192406 
461.640464  	40.298065 
461.997771  	40.613965 
462.355078  	40.266956 
462.712385  	40.769511 
463.069692  	41.784236 
463.426999  	41.212295 
463.784306  	40.248460 
464.141612  	40.223381 
464.498919  	41.297544 
464.856226  	42.494925 
465.213533  	43.434429 
465.570840  	43.488989 
465.928147  	42.684127 
466.285454  	42.020586 
466.642760  	40.663832 
467.000067  	39.956993 
467.357374  	41.346048 
467.714681  	42.092634 
468.071988  	40.861155 
468.429295  	39.930782 
468.786602  	40.196883 
469.143908  	40.848225 
469.501215  	40.821501 
469.858522  	41.067482 
470.215829  	42.401052 
470.573136  	43.517570 
470.930443  	43.690819 
471.287750  	43.133857 
471.645057  	41.831434 
472.002363  	40.759327 
472.359670  	41.556916 
472.716977  	43.065689 
473.074284  	42.839873 
473.431591  	42.231883 
473.788898  	41.065383 
474.146205  	39.716075 
474.503511  	40.050052 
474.860818  	41.230726 
475.218125  	41.694396 
475.575432  	41.758779 
475.932739  	41.950373 
476.290046  	41.993274 
476.647353  	40.962364 
477.004659  	40.158076 
477.361966  	39.791867 
477.719273  	38.877730 
478.076580  	38.666262 
478.433887  	38.877608 
478.791194  	38.791766 
479.148501  	39.250497 
479.505807  	39.743184 
479.863114  	40.209674 
480.220421  	41.127511 
480.577728  	41.355669 
480.935035  	40.161051 
481.292342  	39.621384 
481.649649  	39.526722 
482.006955  	38.348457 
482.364262  	38.396426 
482.721569  	39.335152 
483.078876  	39.597094 
483.436183  	39.067900 
483.793490  	37.220799 
484.150797  	37.241395 
484.508104  	37.891989 
484.865410  	36.971008 
485.222717  	37.253262 
485.580024  	37.280184 
485.937331  	37.329061 
486.294638  	38.150049 
486.651945  	36.751104 
487.009252  	35.576429 
487.366558  	35.843360 
487.723865  	36.511153 
488.081172  	37.731890 
488.438479  	36.989209 
488.795786  	34.761463 
489.153093  	34.192281 
489.510400  	34.624072 
489.867706  	34.218980 
490.225013  	33.304672 
490.582320  	32.818793 
490.939627  	32.926631 
491.296934  	33.026221 
491.654241  	32.421374 
492.011548  	31.680886 
492.368854  	31.487347 
492.726161  	30.867409 
493.083468  	29.833164 
493.440775  	30.260605 
493.798082  	30.947411 
494.155389  	29.618986 
494.512696  	28.532258 
494.870002  	29.035410 
495.227309  	29.945521 
495.584616  	29.995301 
495.941923  	28.866375 
496.299230  	28.993442 
496.656537  	29.528051 
497.013844  	29.058596 
497.371151  	29.584091 
497.728457  	29.905551 
498.085764  	29.808429 
498.443071  	30.291694 
498.800378  	30.673107 
499.157685  	31.835900 
499.514992  	32.721748 
499.872299  	32.939905 
500.229605  	34.473293 
500.586912  	35.729246 
500.944219  	35.466952 
501.301526  	35.339347 
501.658833  	36.126995 
502.016140  	37.084774 
502.373447  	37.715490 
502.730753  	38.492471 
503.088060  	38.909531 
503.445367  	38.651193 
503.802674  	39.083530 
504.159981  	39.925539 
504.517288  	40.162855 
504.874595  	41.140203 
505.231901  	42.331250 
505.589208  	42.345809 
505.946515  	42.416853 
506.303822  	42.891626 
506.661129  	43.877677 
507.018436  	45.924257 
507.375743  	47.044507 
507.733049  	46.619168 
508.090356  	46.128994 
508.447663  	47.421577 
508.804970  	49.166102 
509.162277  	48.968512 
509.519584  	48.693870 
509.876891  	48.957173 
510.234197  	49.160274 
510.591504  	49.711754 
510.948811  	49.192883 
511.306118  	48.024759 
511.663425  	48.246175 
512.020732  	48.807979 
512.378039  	48.283147 
512.735346  	48.036182 
513.092652  	48.404672 
513.449959  	48.452701 
513.807266  	48.566767 
514.164573  	48.457422 
514.521880  	48.431063 
514.879187  	48.945740 
515.236494  	48.866058 
515.593800  	48.800699 
515.951107  	48.983571 
516.308414  	48.807432 
516.665721  	48.212637 
517.023028  	47.149493 
517.380335  	47.820529 
517.737642  	48.924347 
518.094948  	48.070237 
518.452255  	47.865580 
518.809562  	48.494708 
519.166869  	47.909240 
519.524176  	46.692403 
519.881483  	46.717719 
520.238790  	47.361771 
520.596096  	47.074780 
520.953403  	46.940816 
521.310710  	47.492837 
521.668017  	47.241937 
522.025324  	46.685648 
522.382631  	46.795404 
522.739938  	47.120788 
523.097244  	47.022950 
523.454551  	46.415081 
523.811858  	45.726500 
524.169165  	45.290163 
524.526472  	45.591583 
524.883779  	46.205574 
525.241086  	46.147087 
525.598393  	45.847999 
525.955699  	45.363108 
526.313006  	44.462557 
526.670313  	44.082946 
527.027620  	44.056007 
527.384927  	44.212453 
527.742234  	44.210593 
528.099541  	43.589147 
528.456847  	43.764307 
528.814154  	44.977340 
529.171461  	44.853771 
529.528768  	44.206120 
529.886075  	44.600439 
530.243382  	44.584726 
530.600689  	44.268613 
530.957995  	44.432184 
531.315302  	44.288672 
531.672609  	43.514645 
532.029916  	42.495211 
532.387223  	42.230429 
532.744530  	42.677331 
533.101837  	42.656589 
533.459143  	42.588351 
533.816450  	42.595390 
534.173757  	41.889990 
534.531064  	41.185136 
534.888371  	41.061093 
535.245678  	41.454260 
535.602985  	41.759377 
535.960291  	40.998118 
536.317598  	40.348501 
536.674905  	40.430665 
537.032212  	40.051357 
537.389519  	39.936718 
537.746826  	40.202848 
538.104133  	40.304334 
538.461440  	40.523927 
538.818746  	39.372690 
539.176053  	37.912821 
539.533360  	38.236806 
539.890667  	38.490681 
540.247974  	38.019026 
540.605281  	37.714432 
540.962588  	37.917228 
541.319894  	38.021007 
541.677201  	36.734310 
542.034508  	35.557197 
542.391815  	35.524732 
542.749122  	35.701418 
543.106429  	35.386992 
543.463736  	34.256454 
543.821042  	33.909118 
544.178349  	34.190822 
544.535656  	33.898171 
544.892963  	33.829496 
545.250270  	33.060639 
545.607577  	32.249343 
545.964884  	32.412516 
546.322190  	31.655537 
546.679497  	30.818660 
547.036804  	30.735927 
547.394111  	30.536316 
547.751418  	30.517669 
548.108725  	30.710795 
548.466032  	30.717797 
548.823338  	30.156455 
549.180645  	29.624590 
549.537952  	29.613259 
549.895259  	29.736083 
550.252566  	29.839023 
550.609873  	29.721708 
550.967180  	30.145163 
551.324487  	30.846055 
551.681793  	30.663911 
552.039100  	30.688347 
552.396407  	31.581262 
552.753714  	32.231188 
553.111021  	31.972125 
553.468328  	31.895315 
553.825635  	33.067716 
554.182941  	34.749347 
554.540248  	35.842452 
554.897555  	35.838722 
555.254862  	35.824701 
555.612169  	36.579869 
555.969476  	37.301061 
556.326783  	37.938110 
556.684089  	38.629955 
557.041396  	39.618395 
557.398703  	41.055670 
557.756010  	41.967100 
558.113317  	42.331570 
558.470624  	42.776506 
558.827931  	43.611512 
559.185237  	44.660216 
559.542544  	45.176369 
559.899851  	45.563039 
560.257158  	46.368346 
560.614465  	47.256030 
560.971772  	47.740824 
561.329079  	47.833021 
561.686385  	48.425054 
562.043692  	49.580682 
562.400999  	50.452209 
562.758306  	50.513039 
563.115613  	50.190012 
563.472920  	50.484499 
563.830227  	50.980709 
564.187534  	50.999178 
564.544840  	51.155249 
564.902147  	51.603104 
565.259454  	52.098185 
565.616761  	52.497092 
565.974068  	52.545694 
566.331375  	52.353853 
566.688682  	52.391271 
567.045988  	52.776708 
567.403295  	53.087662 
567.760602  	53.002374 
568.117909  	52.658576 
568.475216  	52.717522 
568.832523  	53.154511 
569.189830  	53.042952 
569.547136  	52.639549 
569.904443  	52.889700 
570.261750  	53.544809 
570.619057  	53.805314 
570.976364  	53.792897 
571.333671  	53.790172 
571.690978  	53.599484 
572.048284  	53.692190 
572.405591  	53.525768 
572.762898  	53.007100 
573.120205  	53.780555 
573.477512  	54.897458 
573.834819  	54.601903 
574.192126  	53.770609 
574.549432  	53.588806 
574.906739  	53.701517 
575.264046  	53.495095 
575.621353  	53.565758 
575.978660  	53.364898 
576.335967  	52.793985 
576.693274  	53.356009 
577.050581  	53.805492 
577.407887  	53.632311 
577.765194  	53.379971 
578.122501  	53.037078 
578.479808  	53.242499 
578.837115  	53.009245 
579.194422  	52.567099 
579.551729  	53.288477 
579.909035  	53.687016 
580.266342  	53.719928 
580.623649  	53.971301 
580.980956  	53.770270 
581.338263  	53.696239 
581.695570  	53.280245 
582.052877  	52.825185 
582.410183  	53.155738 
582.767490  	53.051314 
583.124797  	52.982704 
583.482104  	53.196781 
583.839411  	52.562622 
584.196718  	52.275401 
584.554025  	52.279082 
584.911331  	51.751191 
585.268638  	51.981293 
585.625945  	52.540532 
585.983252  	52.770032 
586.340559  	52.802450 
586.697866  	52.258793 
587.055173  	51.851150 
587.412479  	51.686518 
587.769786  	51.525791 
588.127093  	51.830968 
588.484400  	52.328200 
588.841707  	52.612181 
589.199014  	52.462224 
589.556321  	52.185717 
589.913627  	51.970050 
590.270934  	51.538342 
590.628241  	51.339420 
590.985548  	51.266967 
591.342855  	51.357983 
591.700162  	51.753466 
592.057469  	51.520358 
592.414776  	51.306629 
592.772082  	51.557767 
593.129389  	51.461525 
593.486696  	51.094962 
593.844003  	50.814947 
594.201310  	50.545443 
594.558617  	50.110070 
594.915924  	50.091220 
595.273230  	50.676783 
595.630537  	50.692417 
595.987844  	50.020480 
596.345151  	49.449410 
596.702458  	49.423901 
597.059765  	49.786802 
597.417072  	49.846601 
597.774378  	49.563983 
598.131685  	49.525536 
598.488992  	49.830539 
598.846299  	49.804301 
599.203606  	49.418649 
599.560913  	49.214925 
599.918220  	48.919985 
600.275526  	48.624286 
600.632833  	48.572013 
600.990140  	48.568213 
601.347447  	48.513431 
601.704754  	48.379879 
602.062061  	48.567436 
602.419368  	48.418872 
602.776674  	47.822281 
603.133981  	47.765545 
603.491288  	47.355879 
603.848595  	46.795735 
604.205902  	46.825383 
604.563209  	46.409824 
604.920516  	45.991080 
605.277823  	45.724537 
605.635129  	45.467191 
605.992436  	45.928954 
606.349743  	45.975426 
606.707050  	45.384450 
607.064357  	45.140501 
607.421664  	44.860550 
607.778971  	44.453341 
608.136277  	43.968230 
608.493584  	43.373220 
608.850891  	43.097771 
609.208198  	43.108526 
609.565505  	42.719232 
609.922812  	42.048905 
610.280119  	41.938725 
610.637425  	41.668882 
610.994732  	40.842061 
611.352039  	40.244588 
611.709346  	39.622587 
612.066653  	39.228786 
612.423960  	39.100226 
612.781267  	38.433352 
613.138573  	37.704565 
613.495880  	37.077563 
613.853187  	36.623014 
614.210494  	36.739624 
614.567801  	36.393561 
614.925108  	35.478212 
615.282415  	35.467160 
615.639721  	35.915799 
615.997028  	35.818743 
616.354335  	36.016696 
616.711642  	36.491764 
617.068949  	36.826505 
617.426256  	37.538045 
617.783563  	38.021321 
618.140870  	37.920119 
618.498176  	38.116128 
618.855483  	38.530619 
619.212790  	38.926916 
619.570097  	39.755701 
619.927404  	40.695320 
620.284711  	41.028886 
620.642018  	41.511270 
620.999324  	42.421136 
621.356631  	43.313894 
621.713938  	44.573607 
622.071245  	45.968742 
622.428552  	47.766571 
622.785859  	50.151080 
623.143166  	52.567832 
623.500472  	55.395309 
623.857779  	58.115530 
624.215086  	60.955896 
624.572393  	64.298517 
624.929700  	66.797116 
625.287007  	68.856600 
625.644314  	70.675638 
626.001620  	71.964479 
626.358927  	73.016651 
626.716234  	73.031141 
627.073541  	73.001939 
627.430848  	73.502105 
627.788155  	73.310069 
628.145462  	72.978926 
628.502768  	72.944072 
628.860075  	72.745890 
629.217382  	72.212320 
629.574689  	71.315578 
629.931996  	70.209131 
630.289303  	69.202965 
630.646610  	68.387368 
631.003917  	67.218968 
631.361223  	66.227698 
631.718530  	65.573898 
632.075837  	64.299339 
632.433144  	63.356643 
632.790451  	63.524723 
633.147758  	63.683142 
633.505065  	62.819717 
633.862371  	61.652917 
634.219678  	60.978617 
634.576985  	59.951616 
634.934292  	58.730293 
635.291599  	57.282210 
635.648906  	55.007417 
636.006213  	52.712482 
636.363519  	49.569335 
636.720826  	45.929806 
637.078133  	44.698731 
637.435440  	47.129549 
637.792747  	52.163530 
638.150054  	56.848145 
638.507361  	58.928689 
638.864667  	59.524666 
639.221974  	59.634915 
639.579281  	59.358450 
639.936588  	58.925034 
640.293895  	58.846422 
640.651202  	59.356214 
641.008509  	60.149189 
641.365815  	61.122963 
641.723122  	61.848163 
642.080429  	62.192623 
642.437736  	62.146844 
642.795043  	61.792823 
643.152350  	61.992391 
643.509657  	62.305649 
643.866964  	62.065371 
644.224270  	61.510410 
644.581577  	60.985787 
644.938884  	61.081605 
645.296191  	61.176174 
645.653498  	61.030162 
646.010805  	61.182773 
646.368112  	60.801567 
646.725418  	60.400635 
647.082725  	60.665342 
647.440032  	60.568570 
647.797339  	60.213790 
648.154646  	59.904602 
648.511953  	59.450809 
648.869260  	59.196979 
649.226566  	58.985618 
649.583873  	58.910765 
649.941180  	59.057650 
650.298487  	58.979480 
650.655794  	58.627257 
651.013101  	58.607651 
651.370408  	59.161293 
651.727714  	59.566006 
652.085021  	59.367242 
652.442328  	59.010069 
652.799635  	58.731806 
653.156942  	58.630256 
653.514249  	58.350792 
653.871556  	58.177092 
654.228862  	58.389185 
654.586169  	58.458954 
654.943476  	58.671214 
655.300783  	58.774068 
655.658090  	58.490581 
656.015397  	58.301080 
656.372704  	58.022187 
656.730011  	57.897590 
657.087317  	57.862939 
657.444624  	57.665678 
657.801931  	57.722006 
658.159238  	57.764479 
658.516545  	57.611860 
658.873852  	57.467739 
659.231159  	57.410689 
659.588465  	57.817137 
659.945772  	58.234278 
660.303079  	58.033073 
660.660386  	57.842517 
661.017693  	57.973184 
661.375000  	57.741739 
661.732307  	57.529651 
662.089613  	57.868590 
662.446920  	58.054483 
662.804227  	57.923641 
663.161534  	57.730626 
663.518841  	57.510358 
663.876148  	57.522367 
664.233455  	57.570947 
664.590761  	57.181130 
664.948068  	56.776194 
665.305375  	56.988701 
665.662682  	57.144300 
666.019989  	57.032703 
666.377296  	57.258653 
666.734603  	57.529968 
667.091909  	58.407635 
667.449216  	60.625210 
667.806523  	58.958124 
668.163830  	55.123603 
668.521137  	56.776684 
668.878444  	57.100774 
669.235751  	57.122967 
669.593057  	56.943717 
669.950364  	56.974277 
670.307671  	57.058696 
670.664978  	57.222759 
671.022285  	57.686966 
671.379592  	57.514950 
671.736899  	57.018799 
672.094206  	57.011685 
672.451512  	57.135809 
672.808819  	57.358008 
673.166126  	57.445603 
673.523433  	57.207784 
673.880740  	57.133163 
674.238047  	57.074748 
674.595354  	56.689932 
674.952660  	56.806006 
675.309967  	57.308064 
675.667274  	57.244915 
676.024581  	56.770290 
676.381888  	56.399833 
676.739195  	56.502818 
677.096502  	56.928627 
677.453808  	56.648569 
677.811115  	56.097516 
678.168422  	56.436173 
678.525729  	56.742115 
678.883036  	56.588295 
679.240343  	56.456581 
679.597650  	56.223036 
679.954956  	55.904705 
680.312263  	55.885932 
680.669570  	55.792736 
681.026877  	55.480002 
681.384184  	55.565756 
681.741491  	55.969126 
682.098798  	56.385209 
682.456104  	56.281317 
682.813411  	55.741526 
683.170718  	55.658235 
683.528025  	55.933903 
683.885332  	55.867573 
684.242639  	55.335079 
684.599946  	55.238286 
684.957253  	55.519824 
685.314559  	55.311412 
685.671866  	54.759795 
686.029173  	54.595646 
686.386480  	54.668707 
686.743787  	54.710576 
687.101094  	54.302069 
687.458401  	53.568339 
687.815707  	53.298485 
688.173014  	53.354319 
688.530321  	53.394847 
688.887628  	53.169607 
689.244935  	52.850035 
689.602242  	53.172680 
689.959549  	53.385087 
690.316855  	52.579034 
690.674162  	51.931125 
691.031469  	51.568383 
691.388776  	51.098626 
691.746083  	51.034193 
692.103390  	50.490951 
692.460697  	49.432711 
692.818003  	48.961927 
693.175310  	48.757590 
693.532617  	48.375574 
693.889924  	47.567868 
694.247231  	46.609635 
694.604538  	45.972593 
694.961845  	45.478439 
695.319151  	45.173337 
695.676458  	44.847974 
696.033765  	44.210586 
696.391072  	43.874323 
696.748379  	43.878166 
697.105686  	43.673675 
697.462993  	43.564337 
697.820300  	43.483783 
698.177606  	43.075048 
698.534913  	42.803587 
698.892220  	42.675703 
699.249527  	42.589641 
699.606834  	42.842326 
699.964141  	43.319826 
700.321448  	44.336051 
700.678754  	45.896731 
701.036061  	47.317009 
701.393368  	48.641743 
701.750675  	49.949531 
702.107982  	51.197283 
702.465289  	52.516150 
702.822596  	53.769322 
703.179902  	54.767680 
703.537209  	55.444561 
703.894516  	56.280206 
704.251823  	57.388265 
704.609130  	58.035912 
704.966437  	58.490161 
705.323744  	59.097109 
705.681050  	59.269088 
706.038357  	59.504749 
706.395664  	60.133273 
706.752971  	60.209964 
707.110278  	59.683260 
707.467585  	59.431387 
707.824892  	59.784977 
708.182198  	60.045469 
708.539505  	59.905284 
708.896812  	60.135643 
709.254119  	60.413092 
709.611426  	60.146941 
709.968733  	59.986349 
710.326040  	59.819636 
710.683347  	59.203696 
711.040653  	58.853655 
711.397960  	59.124000 
711.755267  	59.415536 
712.112574  	59.537264 
712.469881  	59.479305 
712.827188  	59.145598 
713.184495  	58.877558 
713.541801  	58.684499 
713.899108  	58.710152 
714.256415  	59.062341 
714.613722  	59.104552 
714.971029  	58.997753 
715.328336  	58.902273 
715.685643  	58.750500 
716.042949  	58.986622 
716.400256  	58.974449 
716.757563  	58.607025 
717.114870  	58.628847 
717.472177  	58.606302 
717.829484  	58.468883 
718.186791  	58.395990 
718.544097  	58.067811 
718.901404  	57.947400 
719.258711  	58.103407 
719.616018  	58.014733 
719.973325  	58.175370 
720.330632  	58.493657 
720.687939  	58.281229 
721.045245  	58.100962 
721.402552  	57.919693 
721.759859  	57.591006 
722.117166  	57.679252 
722.474473  	57.769966 
722.831780  	57.615308 
723.189087  	57.469685 
723.546394  	57.335181 
723.903700  	57.326743 
724.261007  	57.308846 
724.618314  	57.276314 
724.975621  	57.274822 
725.332928  	57.141075 
725.690235  	56.950581 
726.047542  	57.122887 
726.404848  	57.448387 
726.762155  	56.884907 
727.119462  	56.229453 
727.476769  	56.456906 
727.834076  	56.415922 
728.191383  	56.062368 
728.548690  	56.090904 
728.905996  	56.290534 
729.263303  	56.275548 
729.620610  	55.877175 
729.977917  	55.810271 
730.335224  	56.157854 
730.692531  	56.226546 
731.049838  	56.110474 
731.407144  	55.913294 
731.764451  	55.655111 
732.121758  	55.510964 
732.479065  	55.515911 
732.836372  	55.573608 
733.193679  	55.454949 
733.550986  	55.226215 
733.908292  	55.304437 
734.265599  	55.652667 
734.622906  	55.566961 
734.980213  	55.115276 
735.337520  	55.079148 
735.694827  	55.369445 
736.052134  	55.391053 
736.409441  	54.910469 
736.766747  	54.363198 
737.124054  	54.306247 
737.481361  	54.446120 
737.838668  	54.246947 
738.195975  	53.981011 
738.553282  	53.961591 
738.910589  	53.762839 
739.267895  	53.540293 
739.625202  	53.621306 
739.982509  	53.640597 
740.339816  	53.515906 
740.697123  	53.165085 
741.054430  	52.977436 
741.411737  	53.174182 
741.769043  	53.065944 
742.126350  	52.891252 
742.483657  	52.991628 
742.840964  	53.104741 
743.198271  	52.916568 
743.555578  	52.552360 
743.912885  	52.692640 
744.270191  	52.731173 
744.627498  	52.478864 
744.984805  	52.450797 
745.342112  	51.972467 
745.699419  	51.501484 
746.056726  	51.513937 
746.414033  	51.457360 
746.771339  	51.443450 
747.128646  	51.418276 
747.485953  	51.401470 
747.843260  	51.414027 
748.200567  	51.208747 
748.557874  	50.986473 
748.915181  	50.934101 
749.272488  	51.006489 
749.629794  	50.885761 
749.987101  	50.647076 
750.344408  	50.618441 
750.701715  	50.493614 
751.059022  	50.126214 
751.416329  	49.614407 
751.773636  	49.177448 
752.130942  	48.990184 
752.488249  	48.799476 
752.845556  	48.710301 
753.202863  	48.777234 
753.560170  	48.513389 
753.917477  	48.071418 
754.274784  	47.942849 
754.632090  	47.707560 
754.989397  	47.088375 
755.346704  	46.635814 
755.704011  	46.312933 
756.061318  	45.915941 
756.418625  	45.717751 
756.775932  	45.557761 
757.133238  	45.132248 
757.490545  	44.672048 
757.847852  	44.402817 
758.205159  	43.972318 
758.562466  	43.247422 
758.919773  	42.542526 
759.277080  	42.050308 
759.634386  	41.608350 
759.991693  	40.752486 
760.349000  	40.023539 
760.706307  	39.863463 
761.063614  	39.426424 
761.420921  	38.907870 
761.778228  	38.623364 
762.135534  	38.026488 
762.492841  	37.281881 
762.850148  	36.625021 
763.207455  	35.894370 
763.564762  	34.779393 
763.922069  	33.900663 
764.279376  	33.617709 
764.636683  	32.478219 
764.993989  	31.116720 
765.351296  	30.776108 
765.708603  	29.982000 
766.065910  	28.545878 
766.423217  	27.488944 
766.780524  	26.745674 
767.137831  	25.972586 
767.495137  	24.918164 
767.852444  	23.915546 
768.209751  	23.063605 
768.567058  	22.358337 
768.924365  	22.079948 
769.281672  	21.951735 
769.638979  	22.117571 
769.996285  	22.637804 
770.353592  	23.220028 
770.710899  	23.999722 
771.068206  	24.623028 
771.425513  	25.374576 
771.782820  	27.161453 
772.140127  	29.414202 
772.497433  	31.510403 
772.854740  	34.006493 
773.212047  	36.771593 
773.569354  	39.081666 
773.926661  	41.099424 
774.283968  	43.078244 
774.641275  	44.848821 
774.998581  	46.305746 
775.355888  	47.547413 
775.713195  	48.883055 
776.070502  	49.939023 
776.427809  	50.330452 
776.785116  	50.711446 
777.142423  	51.268643 
777.499730  	51.723008 
777.857036  	52.025452 
778.214343  	51.986374 
778.571650  	51.879542 
778.928957  	51.879283 
779.286264  	51.672193 
779.643571  	51.332819 
780.000878  	51.102500 
780.358184  	50.986395 
780.715491  	50.928318 
781.072798  	51.121425 
781.430105  	51.327643 
781.787412  	51.339685 
782.144719  	51.753857 
782.502026  	52.138843 
782.859332  	52.138299 
783.216639  	52.543061 
783.573946  	53.120280 
783.931253  	53.503946 
784.288560  	53.782252 
784.645867  	53.993566 
785.003174  	54.490758 
785.360480  	54.900241 
785.717787  	55.015364 
786.075094  	55.374325 
786.432401  	55.685392 
786.789708  	55.538089 
787.147015  	55.494007 
787.504322  	55.900424 
787.861628  	56.094668 
788.218935  	55.928032 
788.576242  	55.947637 
788.933549  	55.995706 
789.290856  	55.880128 
789.648163  	55.856102 
790.005470  	55.977476 
790.362777  	56.071919 
790.720083  	56.141469 
791.077390  	56.317201 
791.434697  	56.315325 
791.792004  	56.149519 
792.149311  	56.198016 
792.506618  	56.314695 
792.863925  	56.324609 
793.221231  	56.056972 
793.578538  	55.689468 
793.935845  	55.864907 
794.293152  	56.077762 
794.650459  	55.639581 
795.007766  	55.386129 
795.365073  	55.516735 
795.722379  	55.325883 
796.079686  	55.290249 
796.436993  	55.461226 
796.794300  	55.131459 
797.151607  	54.838676 
797.508914  	55.065870 
797.866221  	55.466428 
798.223527  	55.542090 
798.580834  	55.050043 
798.938141  	54.563867 
799.295448  	54.352718 
799.652755  	54.473910 
800.010062  	54.968150 
800.367369  	55.015232 
800.724675  	54.553609 
801.081982  	54.109863 
801.439289  	53.796502 
801.796596  	53.892206 
802.153903  	54.005238 
802.511210  	53.761006 
802.868517  	53.573534 
803.225824  	53.613766 
803.583130  	53.691078 
803.940437  	53.544624 
804.297744  	53.318761 
804.655051  	53.252524 
805.012358  	53.202266 
805.369665  	52.919214 
805.726972  	52.528537 
806.084278  	52.633796 
806.441585  	52.946641 
806.798892  	52.875975 
807.156199  	52.663035 
807.513506  	52.195908 
807.870813  	51.798555 
808.228120  	51.869927 
808.585426  	51.708841 
808.942733  	51.429330 
809.300040  	51.585467 
809.657347  	51.620222 
810.014654  	51.351577 
810.371961  	51.330281 
810.729268  	51.353505 
811.086574  	51.135289 
811.443881  	50.811814 
811.801188  	50.183159 
812.158495  	49.724083 
812.515802  	49.700317 
812.873109  	49.496146 
813.230416  	49.300216 
813.587722  	48.877051 
813.945029  	48.162085 
814.302336  	48.272279 
814.659643  	48.732471 
815.016950  	48.474280 
815.374257  	48.029442 
815.731564  	47.934685 
816.088871  	48.014836 
816.446177  	48.333934 
816.803484  	48.670471 
817.160791  	48.512055 
817.518098  	48.281275 
817.875405  	48.138334 
818.232712  	48.117083 
818.590019  	48.403310 
818.947325  	48.400099 
819.304632  	48.316666 
819.661939  	48.308647 
820.019246  	48.289544 
820.376553  	48.498594 
820.733860  	48.198172 
821.091167  	47.917931 
821.448473  	48.048009 
821.805780  	47.953374 
822.163087  	48.206455 
822.520394  	48.246359 
822.877701  	47.916179 
823.235008  	47.895960 
823.592315  	47.769138 
823.949621  	47.774599 
824.306928  	47.725568 
824.664235  	47.681506 
825.021542  	47.996326 
825.378849  	48.029050 
825.736156  	47.995599 
826.093463  	47.852088 
826.450769  	47.596208 
826.808076  	47.594573 
827.165383  	47.393158 
827.522690  	47.151202 
827.879997  	46.901257 
828.237304  	46.510137 
828.594611  	46.198529 
828.951918  	46.029168 
829.309224  	46.125196 
829.666531  	45.906518 
830.023838  	45.341944 
830.381145  	44.935342 
830.738452  	44.482609 
831.095759  	44.080355 
831.453066  	43.795733 
831.810372  	43.675548 
832.167679  	43.499683 
832.524986  	42.770970 
832.882293  	42.021068 
833.239600  	41.553774 
833.596907  	41.119776 
833.954214  	40.739142 
834.311520  	40.214101 
834.668827  	39.552266 
835.026134  	38.921327 
835.383441  	38.024265 
835.740748  	37.024124 
836.098055  	36.525937 
836.455362  	36.062304 
836.812668  	35.285301 
837.169975  	34.668676 
837.527282  	34.125597 
837.884589  	33.470580 
838.241896  	32.522914 
838.599203  	31.554702 
838.956510  	31.014320 
839.313816  	30.394028 
839.671123  	29.883412 
840.028430  	29.562871 
840.385737  	29.048641 
840.743044  	28.886164 
841.100351  	28.862433 
841.457658  	28.907538 
841.814964  	29.444828 
842.172271  	30.210321 
842.529578  	31.172747 
842.886885  	32.084651 
843.244192  	32.794294 
843.601499  	33.439474 
843.958806  	34.301536 
844.316113  	35.570617 
844.673419  	36.321724 
845.030726  	36.736110 
845.388033  	37.447604 
845.745340  	37.922833 
846.102647  	38.440697 
846.459954  	38.879859 
846.817261  	38.800983 
847.174567  	39.210512 
847.531874  	40.538300 
847.889181  	41.829160 
848.246488  	42.592425 
848.603795  	43.447969 
848.961102  	44.461373 
849.318409  	45.343895 
849.675715  	46.493611 
850.033022  	47.924798 
850.390329  	49.345784 
850.747636  	50.376857 
851.104943  	51.154597 
851.462250  	52.403513 
851.819557  	53.666543 
852.176863  	54.462738 
852.534170  	54.942763 
852.891477  	55.406734 
853.248784  	56.429010 
853.606091  	57.294040 
853.963398  	57.603893 
854.320705  	58.110451 
854.678011  	58.499879 
855.035318  	58.610749 
855.392625  	58.716143 
855.749932  	58.775632 
856.107239  	58.818953 
856.464546  	58.999818 
856.821853  	59.438765 
857.179160  	59.502317 
857.536466  	59.199583 
857.893773  	59.375090 
858.251080  	59.831828 
858.608387  	60.078559 
858.965694  	59.992117 
859.323001  	59.878974 
859.680308  	60.097761 
860.037614  	60.387867 
860.394921  	60.231099 
860.752228  	59.628723 
861.109535  	59.458350 
861.466842  	59.628894 
861.824149  	59.639599 
862.181456  	59.741867 
862.538762  	59.554365 
862.896069  	59.495062 
863.253376  	59.572658 
863.610683  	58.891897 
863.967990  	58.463433 
864.325297  	58.640346 
864.682604  	58.892450 
865.039910  	59.262955 
865.397217  	59.243085 
865.754524  	58.992261 
866.111831  	58.776935 
866.469138  	58.389320 
866.826445  	58.011176 
867.183752  	57.579475 
867.541058  	57.160658 
867.898365  	57.046742 
868.255672  	57.100839 
868.612979  	57.135764 
868.970286  	57.004072 
869.327593  	56.517817 
869.684900  	56.154345 
870.042207  	56.204182 
870.399513  	56.118626 
870.756820  	56.114506 
871.114127  	56.183726 
871.471434  	55.849941 
871.828741  	55.558332 
872.186048  	55.298643 
872.543355  	54.940870 
872.900661  	54.707854 
873.257968  	54.594617 
873.615275  	54.462606 
873.972582  	54.020836 
874.329889  	53.761729 
874.687196  	53.862152 
875.044503  	53.853742 
875.401809  	53.986793 
875.759116  	54.150030 
876.116423  	53.832164 
876.473730  	53.083817 
876.831037  	52.763985 
877.188344  	53.107455 
877.545651  	53.022514 
877.902957  	52.554920 
878.260264  	52.405482 
878.617571  	52.413099 
878.974878  	52.253508 
879.332185  	52.074394 
879.689492  	52.229055 
880.046799  	52.157678 
880.404105  	51.642769 
880.761412  	51.228335 
881.118719  	51.063400 
881.476026  	51.077439 
881.833333  	50.756468 
882.190640  	50.538788 
882.547947  	50.852320 
882.905254  	50.665706 
883.262560  	50.164959 
883.619867  	50.166062 
883.977174  	50.414045 
884.334481  	50.334785 
884.691788  	49.906390 
885.049095  	49.854247 
885.406402  	49.970990 
885.763708  	49.374433 
886.121015  	48.691249 
886.478322  	49.034551 
886.835629  	49.599530 
887.192936  	49.374850 
887.550243  	49.135957 
887.907550  	49.005472 
888.264856  	48.728176 
888.622163  	48.751133 
888.979470  	48.687534 
889.336777  	48.713679 
889.694084  	49.244169 
890.051391  	49.304246 
890.408698  	48.949477 
890.766004  	49.122538 
891.123311  	49.324946 
891.480618  	49.263809 
891.837925  	49.417007 
892.195232  	49.385352 
892.552539  	49.150616 
892.909846  	48.973057 
893.267152  	48.798447 
893.624459  	49.142583 
893.981766  	49.432905 
894.339073  	49.289542 
894.696380  	49.653314 
895.053687  	49.896598 
895.410994  	49.487043 
895.768301  	49.413004 
896.125607  	49.714932 
896.482914  	49.800123 
896.840221  	49.937694 
897.197528  	50.374592 
897.554835  	50.501064 
897.912142  	50.365661 
898.269449  	50.565635 
898.626755  	50.764055 
898.984062  	50.770524 
899.341369  	50.880919 
899.698676  	50.868046 
900.055983  	50.704870 
900.413290  	50.931618 
900.770597  	51.383199 
901.127903  	51.540686 
901.485210  	51.579436 
901.842517  	51.693543 
902.199824  	51.850454 
902.557131  	51.855308 
902.914438  	51.573692 
903.271745  	51.367472 
903.629051  	51.519309 
903.986358  	51.821288 
904.343665  	51.754665 
904.700972  	51.417397 
905.058279  	51.377292 
905.415586  	51.539545 
905.772893  	51.730361 
906.130199  	51.822298 
906.487506  	51.723744 
906.844813  	51.672370 
907.202120  	51.628555 
907.559427  	51.593501 
907.916734  	51.608915 
908.274041  	51.521550 
908.631348  	51.477966 
908.988654  	51.540807 
909.345961  	51.393692 
909.703268  	51.149113 
910.060575  	51.199952 
910.417882  	51.254116 
910.775189  	51.132013 
911.132496  	51.077388 
911.489802  	51.039360 
911.847109  	50.993910 
912.204416  	50.767670 
912.561723  	50.484832 
912.919030  	50.506380 
913.276337  	50.605008 
913.633644  	50.658917 
913.990950  	50.678317 
914.348257  	50.704979 
914.705564  	50.632270 
915.062871  	50.320394 
915.420178  	50.210370 
915.777485  	50.215371 
916.134792  	50.078619 
916.492098  	49.965188 
916.849405  	49.795706 
917.206712  	49.714794 
917.564019  	49.810466 
917.921326  	49.901348 
918.278633  	49.898235 
918.635940  	49.878933 
918.993246  	49.820735 
919.350553  	49.589013 
919.707860  	49.485608 
920.065167  	49.399895 
920.422474  	49.159844 
920.779781  	49.116815 
921.137088  	49.216045 
921.494394  	49.347801 
921.851701  	49.254658 
922.209008  	49.132953 
922.566315  	49.409744 
922.923622  	49.430454 
923.280929  	49.202587 
923.638236  	49.195864 
923.995543  	49.262617 
924.352849  	49.376017 
924.710156  	49.306240 
925.067463  	49.140414 
925.424770  	49.249266 
925.782077  	49.476827 
926.139384  	49.540989 
926.496691  	49.398431 
926.853997  	49.380952 
927.211304  	49.602322 
927.568611  	49.789107 
927.925918  	49.931835 
928.283225  	50.159836 
928.640532  	50.204410 
928.997839  	50.100974 
929.355145  	50.486901 
929.712452  	50.983834 
930.069759  	50.988434 
930.427066  	50.943061 
930.784373  	50.953711 
931.141680  	50.937577 
931.498987  	51.073349 
931.856293  	51.284818 
932.213600  	51.510695 
932.570907  	51.697976 
932.928214  	51.702828 
933.285521  	51.647931 
933.642828  	51.899725 
934.000135  	52.310191 
934.357441  	52.457882 
934.714748  	52.367838 
935.072055  	52.291715 
935.429362  	52.622596 
935.786669  	53.159262 
936.143976  	53.220228 
936.501283  	53.027142 
936.858590  	53.153674 
937.215896  	53.438727 
937.573203  	53.508462 
937.930510  	53.716602 
938.287817  	54.234169 
938.645124  	54.462436 
939.002431  	54.475398 
939.359738  	54.632479 
939.717044  	54.734302 
940.074351  	54.781744 
940.431658  	54.908029 
940.788965  	54.967247 
941.146272  	54.930158 
941.503579  	55.127498 
941.860886  	55.448596 
942.218192  	55.565886 
942.575499  	55.747633 
942.932806  	56.009532 
943.290113  	56.126308 
943.647420  	56.264366 
944.004727  	56.492612 
944.362034  	56.679672 
944.719340  	56.875726 
945.076647  	57.106153 
945.433954  	56.951866 
945.791261  	56.554035 
946.148568  	56.656642 
946.505875  	57.061791 
946.863182  	57.208264 
947.220488  	57.104418 
947.577795  	57.100431 
947.935102  	57.333823 
948.292409  	57.395173 
948.649716  	57.307714 
949.007023  	57.466245 
949.364330  	57.724358 
949.721637  	57.765011 
950.078943  	57.562405 
950.436250  	57.453505 
950.793557  	57.445972 
951.150864  	57.220549 
951.508171  	57.127996 
951.865478  	57.398252 
952.222785  	57.597742 
952.580091  	57.635047 
952.937398  	57.637297 
953.294705  	57.629446 
953.652012  	57.825194 
954.009319  	58.006007 
954.366626  	57.815377 
954.723933  	57.894094 
955.081239  	58.453628 
955.438546  	58.734667 
955.795853  	58.682907 
956.153160  	58.590165 
956.510467  	58.606236 
956.867774  	58.664874 
957.225081  	58.369520 
957.582387  	58.133316 
957.939694  	58.142506 
958.297001  	57.846421 
958.654308  	57.678361 
959.011615  	57.862682 
959.368922  	57.862147 
959.726229  	57.654294 
960.083535  	57.368547 
960.440842  	57.201189 
960.798149  	57.240754 
961.155456  	57.248388 
961.512763  	57.204933 
961.870070  	57.017758 
962.227377  	56.550276 
962.584684  	56.162641 
962.941990  	56.362046 
963.299297  	56.904431 
963.656604  	57.147555 
964.013911  	57.343461 
964.371218  	57.801438 
964.728525  	58.111615 
965.085832  	58.160555 
965.443138  	58.061024 
965.800445  	57.976240 
966.157752  	58.093412 
966.515059  	58.284276 
966.872366  	58.481528 
967.229673  	58.720940 
967.586980  	59.135016 
967.944286  	59.679955 
968.301593  	60.034987 
968.658900  	60.370390 
969.016207  	60.674314 
969.373514  	60.938758 
969.730821  	61.513837 
970.088128  	61.739739 
970.445434  	61.541962 
970.802741  	61.588840 
971.160048  	61.478192 
971.517355  	61.430198 
971.874662  	61.647528 
972.231969  	61.583812 
972.589276  	61.600710 
972.946582  	61.612637 
973.303889  	61.265665 
973.661196  	61.160844 
974.018503  	61.397248 
974.375810  	61.550520 
974.733117  	61.621578 
975.090424  	61.736701 
975.447731  	61.767256 
975.805037  	61.717663 
976.162344  	61.646406 
976.519651  	61.398268 
976.876958  	61.078559 
977.234265  	60.951920 
977.591572  	61.252858 
977.948879  	61.617030 
978.306185  	61.460896 
978.663492  	61.294075 
979.020799  	61.350841 
979.378106  	61.451329 
979.735413  	61.650439 
980.092720  	61.366015 
980.450027  	60.983342 
980.807333  	61.293576 
981.164640  	61.513365 
981.521947  	61.361797 
981.879254  	61.263737 
982.236561  	60.958297 
982.593868  	60.798818 
982.951175  	61.130904 
983.308481  	61.161240 
983.665788  	60.930415 
984.023095  	61.018956 
984.380402  	61.192507 
984.737709  	61.340499 
985.095016  	61.219989 
985.452323  	60.962504 
985.809629  	61.087794 
986.166936  	61.168161 
986.524243  	61.171796 
986.881550  	61.209955 
987.238857  	60.987531 
987.596164  	60.949859 
987.953471  	61.161606 
988.310778  	61.256783 
988.668084  	61.289148 
989.025391  	61.239235 
989.382698  	61.070571 
989.740005  	60.990290 
990.097312  	61.159250 
990.454619  	61.262942 
990.811926  	61.265139 
991.169232  	61.363782 
991.526539  	61.225149 
991.883846  	60.951200 
992.241153  	60.885826 
992.598460  	60.928396 
992.955767  	60.922555 
993.313074  	60.731814 
993.670380  	60.530352 
994.027687  	60.593924 
994.384994  	60.819140 
994.742301  	60.961386 
995.099608  	60.920619 
995.456915  	60.620127 
995.814222  	60.201539 
996.171528  	60.168132 
996.528835  	60.504251 
996.886142  	60.658250 
997.243449  	60.541696 
997.600756  	60.555464 
997.958063  	60.576827 
998.315370  	60.347863 
998.672676  	60.528812 
999.029983  	60.889755 
999.387290  	60.635667 
999.744597  	60.469145 
1000.101904  	60.638443 
1000.459211  	60.572398 
1000.816518  	60.303171 
1001.173824  	60.311352 
1001.531131  	60.620993 
1001.888438  	60.446205 
1002.245745  	59.887301 
1002.603052  	59.683482 
1002.960359  	60.060641 
1003.317666  	60.515125 
1003.674973  	60.277770 
1004.032279  	60.053896 
1004.389586  	60.084637 
1004.746893  	59.920457 
1005.104200  	60.100301 
1005.461507  	60.169951 
1005.818814  	60.009548 
1006.176121  	60.107646 
1006.533427  	59.973119 
1006.890734  	59.636963 
1007.248041  	59.276673 
1007.605348  	59.175741 
1007.962655  	59.424092 
1008.319962  	59.526312 
1008.677269  	59.541247 
1009.034575  	59.258251 
1009.391882  	58.913460 
1009.749189  	59.076052 
1010.106496  	59.149236 
1010.463803  	58.906011 
1010.821110  	58.758419 
1011.178417  	58.988806 
1011.535723  	59.406658 
1011.893030  	59.432501 
1012.250337  	59.355345 
1012.607644  	59.493298 
1012.964951  	59.409724 
1013.322258  	59.221835 
1013.679565  	59.233531 
1014.036871  	59.160504 
1014.394178  	59.220426 
1014.751485  	59.477165 
1015.108792  	59.304624 
1015.466099  	59.178694 
1015.823406  	59.401567 
1016.180713  	59.385476 
1016.538020  	59.294160 
1016.895326  	59.368035 
1017.252633  	59.580719 
1017.609940  	59.671695 
1017.967247  	59.558666 
1018.324554  	59.626549 
1018.681861  	59.674166 
1019.039168  	59.673704 
1019.396474  	59.718575 
1019.753781  	59.505902 
1020.111088  	59.153033 
1020.468395  	59.124780 
1020.825702  	59.569586 
1021.183009  	59.529850 
1021.540316  	59.061924 
1021.897622  	59.315697 
1022.254929  	59.665869 
1022.612236  	59.777900 
1022.969543  	59.744925 
1023.326850  	59.250037 
1023.684157  	59.168026 
1024.041464  	59.475335 
1024.398770  	59.506749 
1024.756077  	59.502705 
1025.113384  	59.323859 
1025.470691  	59.070307 
1025.827998  	59.132888 
1026.185305  	59.371175 
1026.542612  	59.485431 
1026.899918  	59.306870 
1027.257225  	58.940209 
1027.614532  	58.705593 
1027.971839  	58.945367 
1028.329146  	59.301622 
1028.686453  	59.202560 
1029.043760  	59.026493 
1029.401067  	59.086582 
1029.758373  	59.132958 
1030.115680  	59.143719 
1030.472987  	59.004812 
1030.830294  	58.634142 
1031.187601  	58.671960 
1031.544908  	59.146511 
1031.902215  	59.159113 
1032.259521  	58.857448 
1032.616828  	58.759813 
1032.974135  	58.766637 
1033.331442  	58.833602 
1033.688749  	58.816525 
1034.046056  	58.688928 
1034.403363  	58.445245 
1034.760669  	58.121476 
1035.117976  	58.046421 
1035.475283  	58.240606 
1035.832590  	58.682845 
1036.189897  	58.998520 
1036.547204  	58.832849 
1036.904511  	58.666464 
1037.261817  	58.472744 
1037.619124  	58.128143 
1037.976431  	57.973360 
1038.333738  	58.064987 
1038.691045  	58.379964 
1039.048352  	58.452906 
1039.405659  	58.205118 
1039.762965  	58.146752 
1040.120272  	58.108449 
1040.477579  	58.093115 
1040.834886  	58.143608 
1041.192193  	58.041893 
1041.549500  	57.946440 
1041.906807  	57.735063 
1042.264114  	57.507018 
1042.621420  	57.595484 
1042.978727  	57.833884 
1043.336034  	58.000851 
1043.693341  	57.828720 
1044.050648  	57.512946 
1044.407955  	57.469163 
1044.765262  	57.610516 
1045.122568  	57.845120 
1045.479875  	57.837333 
1045.837182  	57.577354 
1046.194489  	57.618855 
1046.551796  	57.742079 
1046.909103  	57.544165 
1047.266410  	57.196791 
1047.623716  	57.008705 
1047.981023  	57.097522 
1048.338330  	57.243531 
1048.695637  	57.240174 
1049.052944  	57.180861 
1049.410251  	57.146134 
1049.767558  	56.969570 
1050.124864  	56.832036 
1050.482171  	56.752446 
1050.839478  	56.457359 
1051.196785  	56.521537 
1051.554092  	56.673037 
1051.911399  	56.379469 
1052.268706  	56.488677 
1052.626012  	56.533169 
1052.983319  	56.046257 
1053.340626  	55.948363 
1053.697933  	56.055489 
1054.055240  	56.056922 
1054.412547  	55.987231 
1054.769854  	55.856563 
1055.127161  	55.914677 
1055.484467  	55.788366 
1055.841774  	55.621420 
1056.199081  	55.791185 
1056.556388  	55.707715 
1056.913695  	55.444035 
1057.271002  	55.456420 
1057.628309  	55.448361 
1057.985615  	55.288096 
1058.342922  	55.090149 
1058.700229  	54.945865 
1059.057536  	54.979094 
1059.414843  	54.959747 
1059.772150  	54.751214 
1060.129457  	54.437761 
1060.486763  	54.125423 
1060.844070  	54.062689 
1061.201377  	53.895130 
1061.558684  	53.625840 
1061.915991  	53.904250 
1062.273298  	54.221152 
1062.630605  	53.929189 
1062.987911  	53.301219 
1063.345218  	52.978295 
1063.702525  	53.137109 
1064.059832  	53.081516 
1064.417139  	52.929879 
1064.774446  	53.072225 
1065.131753  	53.096651 
1065.489059  	52.920616 
1065.846366  	52.724693 
1066.203673  	52.745529 
1066.560980  	52.797855 
1066.918287  	52.588348 
1067.275594  	52.451374 
1067.632901  	52.315781 
1067.990208  	52.119399 
1068.347514  	52.057449 
1068.704821  	52.016778 
1069.062128  	51.939767 
1069.419435  	51.669625 
1069.776742  	51.255027 
1070.134049  	51.188480 
1070.491356  	51.630783 
1070.848662  	51.942812 
1071.205969  	51.763450 
1071.563276  	51.541688 
1071.920583  	51.428675 
1072.277890  	51.500860 
1072.635197  	51.572125 
1072.992504  	51.258489 
1073.349810  	51.054815 
1073.707117  	51.198931 
1074.064424  	51.525050 
1074.421731  	51.855352 
1074.779038  	51.883784 
1075.136345  	51.888943 
1075.493652  	51.960380 
1075.850958  	51.799724 
1076.208265  	51.623986 
1076.565572  	51.853568 
1076.922879  	52.221828 
1077.280186  	52.160056 
1077.637493  	52.128714 
1077.994800  	52.440481 
1078.352106  	52.579278 
1078.709413  	52.589473 
1079.066720  	52.552294 
1079.424027  	52.400732 
1079.781334  	52.491421 
1080.138641  	52.805363 
1080.495948  	52.954085 
1080.853255  	52.937900 
1081.210561  	52.831901 
1081.567868  	52.830257 
1081.925175  	53.130168 
1082.282482  	53.111939 
1082.639789  	52.851477 
1082.997096  	53.144638 
1083.354403  	53.454997 
1083.711709  	53.456355 
1084.069016  	53.500574 
1084.426323  	53.340193 
1084.783630  	53.143088 
1085.140937  	53.240046 
1085.498244  	53.351269 
1085.855551  	53.344821 
1086.212857  	53.367391 
1086.570164  	53.341554 
1086.927471  	53.249602 
1087.284778  	53.393525 
1087.642085  	53.669244 
1087.999392  	53.777240 
1088.356699  	53.886410 
1088.714005  	53.944107 
1089.071312  	53.616361 
1089.428619  	53.313039 
1089.785926  	53.453289 
1090.143233  	53.528552 
1090.500540  	53.460625 
1090.857847  	53.623436 
1091.215153  	53.645351 
1091.572460  	53.487190 
1091.929767  	53.578645 
1092.287074  	53.642346 
1092.644381  	53.613592 
1093.001688  	53.873769 
1093.358995  	53.860034 
1093.716301  	53.535389 
1094.073608  	53.700548 
1094.430915  	53.748507 
1094.788222  	53.517293 
1095.145529  	53.722911 
1095.502836  	53.786402 
1095.860143  	53.336809 
1096.217450  	52.908003 
1096.574756  	52.999226 
1096.932063  	53.284731 
1097.289370  	53.112768 
1097.646677  	52.944554 
1098.003984  	52.940467 
1098.361291  	52.747596 
1098.718598  	52.535454 
1099.075904  	52.493985 
1099.433211  	52.677271 
1099.790518  	52.781966 
1100.147825  	52.766486 
1100.505132  	52.717993 
1100.862439  	52.625108 
1101.219746  	52.762831 
1101.577052  	52.760944 
1101.934359  	52.542152 
1102.291666  	52.406898 
1102.648973  	52.128660 
1103.006280  	51.885739 
1103.363587  	51.780419 
1103.720894  	51.723787 
1104.078200  	51.536420 
1104.435507  	51.258201 
1104.792814  	51.412387 
1105.150121  	51.649161 
1105.507428  	51.647559 
1105.864735  	51.445847 
1106.222042  	51.165040 
1106.579348  	51.366513 
1106.936655  	51.344982 
1107.293962  	50.956084 
1107.651269  	51.130355 
1108.008576  	51.203866 
1108.365883  	51.077321 
1108.723190  	51.074740 
1109.080497  	50.676823 
1109.437803  	50.523382 
1109.795110  	50.678578 
1110.152417  	50.483384 
1110.509724  	50.346086 
1110.867031  	50.267265 
1111.224338  	50.195357 
1111.581645  	50.043025 
1111.938951  	49.486023 
1112.296258  	49.291251 
1112.653565  	49.323506 
1113.010872  	48.931560 
1113.368179  	48.747849 
1113.725486  	48.714418 
1114.082793  	48.631025 
1114.440099  	48.779277 
1114.797406  	48.773161 
1115.154713  	48.448890 
1115.512020  	48.096328 
1115.869327  	47.788880 
1116.226634  	47.447919 
1116.583941  	47.436787 
1116.941247  	47.752667 
1117.298554  	47.581474 
1117.655861  	47.001536 
1118.013168  	46.527795 
1118.370475  	46.370470 
1118.727782  	46.439511 
1119.085089  	46.140940 
1119.442395  	45.781332 
1119.799702  	45.811445 
1120.157009  	45.813227 
1120.514316  	45.517444 
1120.871623  	45.082193 
1121.228930  	44.934378 
1121.586237  	44.757136 
1121.943544  	44.230641 
1122.300850  	43.876014 
1122.658157  	43.581926 
1123.015464  	43.244234 
1123.372771  	43.016733 
1123.730078  	42.766632 
1124.087385  	42.615296 
1124.444692  	42.220287 
1124.801998  	41.543663 
1125.159305  	41.221870 
1125.516612  	40.930522 
1125.873919  	40.389394 
1126.231226  	40.034743 
1126.588533  	39.908750 
1126.945840  	39.677558 
1127.303146  	39.176343 
1127.660453  	38.878626 
1128.017760  	38.908183 
1128.375067  	38.781709 
1128.732374  	38.778199 
1129.089681  	38.962267 
1129.446988  	39.191445 
1129.804294  	39.676280 
1130.161601  	39.972032 
1130.518908  	40.368061 
1130.876215  	41.321621 
1131.233522  	42.138433 
1131.590829  	42.846145 
1131.948136  	43.766709 
1132.305442  	44.821798 
1132.662749  	46.059153 
1133.020056  	47.277075 
1133.377363  	48.208695 
1133.734670  	48.820624 
1134.091977  	49.384810 
1134.449284  	49.863947 
1134.806591  	50.116172 
1135.163897  	50.415438 
1135.521204  	50.664245 
1135.878511  	50.818558 
1136.235818  	50.913239 
1136.593125  	50.900421 
1136.950432  	50.967334 
1137.307739  	50.978691 
1137.665045  	51.046933 
1138.022352  	51.315772 
1138.379659  	51.410068 
1138.736966  	51.231608 
1139.094273  	50.990125 
1139.451580  	51.057051 
1139.808887  	51.219282 
1140.166193  	51.095133 
1140.523500  	51.123830 
1140.880807  	51.074753 
1141.238114  	50.763566 
1141.595421  	50.890730 
1141.952728  	50.923846 
1142.310035  	50.418466 
1142.667341  	50.295126 
1143.024648  	50.482191 
1143.381955  	50.344284 
1143.739262  	49.971019 
1144.096569  	49.571626 
1144.453876  	49.504300 
1144.811183  	49.627268 
1145.168489  	49.428517 
1145.525796  	49.141409 
1145.883103  	48.948677 
1146.240410  	48.672933 
1146.597717  	48.416080 
1146.955024  	48.345682 
1147.312331  	48.262646 
1147.669638  	48.005388 
1148.026944  	47.895606 
1148.384251  	47.821602 
1148.741558  	47.499575 
1149.098865  	47.164072 
1149.456172  	46.827604 
1149.813479  	46.546387 
1150.170786  	46.488617 
1150.528092  	46.333865 
1150.885399  	45.893897 
1151.242706  	45.564767 
1151.600013  	45.501127 
1151.957320  	45.325676 
1152.314627  	44.943057 
1152.671934  	44.517646 
1153.029240  	44.337054 
1153.386547  	44.283777 
1153.743854  	43.680459 
1154.101161  	43.018375 
1154.458468  	42.913795 
1154.815775  	42.774087 
1155.173082  	42.453662 
1155.530388  	42.228164 
1155.887695  	42.149955 
1156.245002  	41.992138 
1156.602309  	41.503090 
1156.959616  	41.094191 
1157.316923  	40.940216 
1157.674230  	40.657536 
1158.031536  	40.351336 
1158.388843  	40.314013 
1158.746150  	40.154701 
1159.103457  	39.686084 
1159.460764  	39.330442 
1159.818071  	38.886700 
1160.175378  	38.277622 
1160.532685  	37.940699 
1160.889991  	37.651154 
1161.247298  	37.267911 
1161.604605  	36.923565 
1161.961912  	36.395808 
1162.319219  	35.782853 
1162.676526  	35.384097 
1163.033833  	34.976069 
1163.391139  	34.492193 
1163.748446  	34.227642 
1164.105753  	33.784147 
1164.463060  	33.027851 
1164.820367  	32.527930 
1165.177674  	32.093317 
1165.534981  	31.569453 
1165.892287  	31.037202 
1166.249594  	30.313565 
1166.606901  	29.843933 
1166.964208  	29.607162 
1167.321515  	29.158390 
1167.678822  	28.925880 
1168.036129  	28.710750 
1168.393435  	28.104008 
1168.750742  	27.756391 
1169.108049  	27.764662 
1169.465356  	27.814890 
1169.822663  	27.916473 
1170.179970  	27.906306 
1170.537277  	27.988984 
1170.894583  	28.359264 
1171.251890  	28.741130 
1171.609197  	29.073285 
1171.966504  	29.504744 
1172.323811  	30.117415 
1172.681118  	30.827563 
1173.038425  	31.650852 
1173.395731  	32.690001 
1173.753038  	33.861854 
1174.110345  	35.077464 
1174.467652  	36.401777 
1174.824959  	37.979839 
1175.182266  	39.536035 
1175.539573  	40.917245 
1175.896880  	42.375284 
1176.254186  	43.874121 
1176.611493  	45.561446 
1176.968800  	47.121008 
1177.326107  	48.152850 
1177.683414  	49.588119 
1178.040721  	51.486016 
1178.398028  	52.954665 
1178.755334  	54.362018 
1179.112641  	56.155795 
1179.469948  	58.095482 
1179.827255  	60.035215 
1180.184562  	61.879002 
1180.541869  	63.595784 
1180.899176  	65.192583 
1181.256482  	66.676924 
1181.613789  	68.274777 
1181.971096  	69.846175 
1182.328403  	71.045788 
1182.685710  	72.021379 
1183.043017  	72.991884 
1183.400324  	74.106624 
1183.757630  	74.985312 
1184.114937  	75.381344 
1184.472244  	76.014275 
1184.829551  	76.659910 
1185.186858  	76.991985 
1185.544165  	77.617644 
1185.901472  	78.230486 
1186.258778  	78.472904 
1186.616085  	78.416491 
1186.973392  	78.156386 
1187.330699  	78.277890 
1187.688006  	78.693870 
1188.045313  	78.770443 
1188.402620  	78.514028 
1188.759927  	78.274746 
1189.117233  	78.026130 
1189.474540  	77.736584 
1189.831847  	77.683842 
1190.189154  	77.544548 
1190.546461  	77.044622 
1190.903768  	76.507171 
1191.261075  	76.089444 
1191.618381  	75.846177 
1191.975688  	75.506180 
1192.332995  	75.005749 
1192.690302  	74.603055 
1193.047609  	74.083882 
1193.404916  	73.477725 
1193.762223  	73.070512 
1194.119529  	72.773489 
1194.476836  	72.314757 
1194.834143  	71.735357 
1195.191450  	71.292242 
1195.548757  	70.812766 
1195.906064  	70.219339 
1196.263371  	69.660009 
1196.620677  	69.242280 
1196.977984  	69.127383 
1197.335291  	68.901276 
1197.692598  	68.273285 
1198.049905  	67.707963 
1198.407212  	67.408170 
1198.764519  	67.056164 
1199.121825  	66.446307 
1199.479132  	66.056002 
1199.836439  	66.150005 
1200.193746  	65.993935 
1200.551053  	65.487723 
1200.908360  	65.267958 
1201.265667  	65.207047 
1201.622974  	65.043549 
1201.980280  	64.904850 
1202.337587  	64.772909 
1202.694894  	64.539834 
1203.052201  	64.172413 
1203.409508  	63.899189 
1203.766815  	63.850514 
1204.124122  	63.759603 
1204.481428  	63.537337 
1204.838735  	63.411277 
1205.196042  	63.427750 
1205.553349  	63.222746 
1205.910656  	62.932929 
1206.267963  	62.905322 
1206.625270  	62.724238 
1206.982576  	62.532417 
1207.339883  	62.582848 
1207.697190  	62.415284 
1208.054497  	62.167325 
1208.411804  	62.012110 
1208.769111  	61.884228 
1209.126418  	61.817649 
1209.483724  	61.661818 
1209.841031  	61.503594 
1210.198338  	61.398000 
1210.555645  	61.284528 
1210.912952  	61.210566 
1211.270259  	61.183783 
1211.627566  	61.041713 
1211.984872  	60.601181 
1212.342179  	60.240951 
1212.699486  	60.204258 
1213.056793  	60.185341 
1213.414100  	60.017031 
1213.771407  	59.759266 
1214.128714  	59.617206 
1214.486021  	59.537344 
1214.843327  	59.370091 
1215.200634  	59.094796 
1215.557941  	58.761734 
1215.915248  	58.590649 
1216.272555  	58.505941 
1216.629862  	58.417021 
1216.987169  	58.279809 
1217.344475  	58.022666 
1217.701782  	57.767484 
1218.059089  	57.494141 
1218.416396  	57.391092 
1218.773703  	57.314534 
1219.131010  	56.945553 
1219.488317  	56.763949 
1219.845623  	56.826788 
1220.202930  	56.674858 
1220.560237  	56.247777 
1220.917544  	55.993201 
1221.274851  	56.043130 
1221.632158  	55.769004 
1221.989465  	55.363835 
1222.346771  	55.207453 
1222.704078  	54.984904 
1223.061385  	54.786093 
1223.418692  	54.634859 
1223.775999  	54.494627 
1224.133306  	54.416228 
1224.490613  	54.256827 
1224.847919  	54.149055 
1225.205226  	54.011150 
1225.562533  	53.746226 
1225.919840  	53.582935 
1226.277147  	53.420018 
1226.634454  	53.312026 
1226.991761  	53.230294 
1227.349068  	52.807063 
1227.706374  	52.525991 
1228.063681  	52.661768 
1228.420988  	52.555657 
1228.778295  	52.238326 
1229.135602  	52.052483 
1229.492909  	51.982411 
1229.850216  	51.824848 
1230.207522  	51.433436 
1230.564829  	51.216961 
1230.922136  	51.165654 
1231.279443  	51.039164 
1231.636750  	50.928705 
1231.994057  	50.713568 
1232.351364  	50.587052 
1232.708670  	50.529452 
1233.065977  	50.368454 
1233.423284  	50.301003 
1233.780591  	50.203524 
1234.137898  	50.146983 
1234.495205  	50.028495 
1234.852512  	49.584861 
1235.209818  	49.233952 
1235.567125  	49.084620 
1235.924432  	48.967854 
1236.281739  	48.978695 
1236.639046  	48.966175 
1236.996353  	48.657700 
1237.353660  	48.366668 
1237.710966  	48.394669 
1238.068273  	48.327306 
1238.425580  	48.111734 
1238.782887  	47.954974 
1239.140194  	47.814436 
1239.497501  	47.719033 
1239.854808  	47.608274 
1240.212115  	47.614750 
1240.569421  	47.555386 
1240.926728  	47.252870 
1241.284035  	47.193066 
1241.641342  	47.193597 
1241.998649  	46.944715 
1242.355956  	46.705345 
1242.713263  	46.436933 
1243.070569  	46.143013 
1243.427876  	46.028833 
1243.785183  	46.031220 
1244.142490  	45.896635 
1244.499797  	45.661008 
1244.857104  	45.520665 
1245.214411  	45.314649 
1245.571717  	44.962717 
1245.929024  	44.728772 
1246.286331  	44.698915 
1246.643638  	44.679308 
1247.000945  	44.545479 
1247.358252  	44.302926 
1247.715559  	44.048862 
1248.072865  	43.841903 
1248.430172  	43.628840 
1248.787479  	43.510969 
1249.144786  	43.425829 
1249.502093  	43.177851 
1249.859400  	42.908240 
1250.216707  	42.688926 
1250.574013  	42.435142 
1250.931320  	42.247068 
1251.288627  	42.215670 
1251.645934  	42.017270 
1252.003241  	41.561840 
1252.360548  	41.369709 
1252.717855  	41.324227 
1253.075161  	41.059718 
1253.432468  	40.829170 
1253.789775  	40.642968 
1254.147082  	40.310031 
1254.504389  	40.042815 
1254.861696  	39.971748 
1255.219003  	39.824269 
1255.576310  	39.619356 
1255.933616  	39.436954 
1256.290923  	39.102761 
1256.648230  	38.784737 
1257.005537  	38.483959 
1257.362844  	38.273041 
1257.720151  	38.274228 
1258.077458  	38.046832 
1258.434764  	37.740186 
1258.792071  	37.561354 
1259.149378  	37.304595 
1259.506685  	37.175244 
1259.863992  	37.080923 
1260.221299  	36.819373 
1260.578606  	36.522394 
1260.935912  	36.305020 
1261.293219  	36.119118 
1261.650526  	35.789477 
1262.007833  	35.489105 
1262.365140  	35.443688 
1262.722447  	35.415639 
1263.079754  	35.169347 
1263.437060  	34.899685 
1263.794367  	34.709179 
1264.151674  	34.382027 
1264.508981  	34.030912 
1264.866288  	33.760451 
1265.223595  	33.488024 
1265.580902  	33.336901 
1265.938208  	33.221290 
1266.295515  	32.927882 
1266.652822  	32.636148 
1267.010129  	32.515541 
1267.367436  	32.312346 
1267.724743  	32.067514 
1268.082050  	31.982168 
1268.439357  	31.791503 
1268.796663  	31.460724 
1269.153970  	31.182435 
1269.511277  	31.031645 
1269.868584  	30.851197 
1270.225891  	30.525786 
1270.583198  	30.394926 
1270.940505  	30.276906 
1271.297811  	30.080870 
1271.655118  	30.091951 
1272.012425  	29.898653 
1272.369732  	29.469190 
1272.727039  	29.190712 
1273.084346  	29.077779 
1273.441653  	29.084554 
1273.798959  	29.121118 
1274.156266  	29.061150 
1274.513573  	28.808658 
1274.870880  	28.674616 
1275.228187  	28.705098 
1275.585494  	28.549954 
1275.942801  	28.367983 
1276.300107  	28.256316 
1276.657414  	28.176829 
1277.014721  	28.097415 
1277.372028  	28.027898 
1277.729335  	28.063803 
1278.086642  	28.007497 
1278.443949  	27.988364 
1278.801255  	28.049877 
1279.158562  	27.953249 
1279.515869  	27.828383 
1279.873176  	27.670241 
1280.230483  	27.501782 
1280.587790  	27.350559 
1280.945097  	27.269372 
1281.302404  	27.333043 
1281.659710  	27.280838 
1282.017017  	27.246386 
1282.374324  	27.249793 
1282.731631  	27.113061 
1283.088938  	27.069845 
1283.446245  	27.070858 
1283.803552  	27.096195 
1284.160858  	27.111751 
1284.518165  	26.995941 
1284.875472  	27.025313 
1285.232779  	27.132531 
1285.590086  	27.171865 
1285.947393  	27.335807 
1286.304700  	27.496758 
1286.662006  	27.631118 
1287.019313  	27.958672 
1287.376620  	28.188664 
1287.733927  	28.196406 
1288.091234  	28.490647 
1288.448541  	28.973521 
1288.805848  	29.343139 
1289.163154  	29.770485 
1289.520461  	30.230008 
1289.877768  	30.767547 
1290.235075  	31.268493 
1290.592382  	31.605476 
1290.949689  	32.263941 
1291.306996  	33.058099 
1291.664302  	33.530702 
1292.021609  	34.014743 
1292.378916  	34.672167 
1292.736223  	35.405001 
1293.093530  	36.143917 
1293.450837  	36.826655 
1293.808144  	37.529424 
1294.165451  	38.232872 
1294.522757  	38.991004 
1294.880064  	39.836177 
1295.237371  	40.558565 
1295.594678  	41.115007 
1295.951985  	41.630583 
1296.309292  	42.238351 
1296.666599  	42.961553 
1297.023905  	43.585620 
1297.381212  	44.115698 
1297.738519  	44.744299 
1298.095826  	45.365192 
1298.453133  	45.976558 
1298.810440  	46.742907 
1299.167747  	47.427852 
1299.525053  	47.929397 
1299.882360  	48.561457 
1300.239667  	49.170115 
1300.596974  	49.512109 
1300.954281  	49.831703 
1301.311588  	50.101668 
1301.668895  	50.248552 
1302.026201  	50.349692 
1302.383508  	50.127322 
1302.740815  	49.648271 
1303.098122  	49.205046 
1303.455429  	48.702268 
1303.812736  	48.140482 
1304.170043  	47.576730 
1304.527349  	46.884369 
1304.884656  	45.965583 
1305.241963  	44.984020 
1305.599270  	44.110526 
1305.956577  	43.287978 
1306.313884  	42.410243 
1306.671191  	41.422671 
1307.028498  	40.591321 
1307.385804  	40.025447 
1307.743111  	39.465654 
1308.100418  	39.020562 
1308.457725  	38.894583 
1308.815032  	38.990926 
1309.172339  	39.069157 
1309.529646  	39.121444 
1309.886952  	39.421399 
1310.244259  	39.773850 
1310.601566  	39.965313 
1310.958873  	40.239961 
1311.316180  	40.482081 
1311.673487  	40.586656 
1312.030794  	40.899084 
1312.388100  	41.328606 
1312.745407  	41.479400 
1313.102714  	41.676376 
1313.460021  	42.107618 
1313.817328  	42.415065 
1314.174635  	42.853743 
1314.531942  	43.521631 
1314.889248  	43.948994 
1315.246555  	44.356481 
1315.603862  	44.867362 
1315.961169  	45.068648 
1316.318476  	45.194454 
1316.675783  	45.512414 
1317.033090  	45.694957 
1317.390396  	45.815162 
1317.747703  	46.094492 
1318.105010  	46.263987 
1318.462317  	46.363903 
1318.819624  	46.526117 
1319.176931  	46.622461 
1319.534238  	46.846711 
1319.891545  	47.249707 
1320.248851  	47.525494 
1320.606158  	47.690587 
1320.963465  	48.127974 
1321.320772  	48.680102 
1321.678079  	49.069768 
1322.035386  	49.542652 
1322.392693  	49.879633 
1322.749999  	49.994969 
1323.107306  	50.318193 
1323.464613  	50.736295 
1323.821920  	51.069300 
1324.179227  	51.313902 
1324.536534  	51.658739 
1324.893841  	52.106464 
1325.251147  	52.268017 
1325.608454  	52.568003 
1325.965761  	53.130539 
1326.323068  	53.464077 
1326.680375  	53.833818 
1327.037682  	54.351652 
1327.394989  	54.963379 
1327.752295  	55.686777 
1328.109602  	56.330835 
1328.466909  	57.074366 
1328.824216  	57.984937 
1329.181523  	58.792259 
1329.538830  	59.453136 
1329.896137  	60.293953 
1330.253443  	61.349616 
1330.610750  	62.119717 
1330.968057  	62.836083 
1331.325364  	63.977483 
1331.682671  	65.059958 
1332.039978  	65.751347 
1332.397285  	66.458062 
1332.754592  	67.337173 
1333.111898  	68.182222 
1333.469205  	68.872907 
1333.826512  	69.297089 
1334.183819  	69.697619 
1334.541126  	70.306147 
1334.898433  	70.722767 
1335.255740  	70.980428 
1335.613046  	71.298727 
1335.970353  	71.616999 
1336.327660  	72.025214 
1336.684967  	72.039975 
1337.042274  	71.697466 
1337.399581  	71.683335 
1337.756888  	71.675629 
1338.114194  	71.674889 
1338.471501  	71.474563 
1338.828808  	70.819837 
1339.186115  	70.200475 
1339.543422  	69.554699 
1339.900729  	69.339438 
1340.258036  	69.005613 
1340.615342  	67.488431 
1340.972649  	66.688623 
1341.329956  	66.833339 
1341.687263  	66.741900 
1342.044570  	66.241027 
1342.401877  	65.797424 
1342.759184  	65.754050 
1343.116490  	65.789683 
1343.473797  	65.877776 
1343.831104  	66.181366 
1344.188411  	66.553985 
1344.545718  	66.941360 
1344.903025  	67.377080 
1345.260332  	67.936411 
1345.617638  	68.465104 
1345.974945  	69.048719 
1346.332252  	69.845494 
1346.689559  	70.611051 
1347.046866  	71.284879 
1347.404173  	71.908656 
1347.761480  	72.616334 
1348.118787  	73.315486 
1348.476093  	73.868737 
1348.833400  	74.601337 
1349.190707  	75.307144 
1349.548014  	75.829287 
1349.905321  	76.383244 
1350.262628  	76.750937 
1350.619935  	77.092694 
1350.977241  	77.548949 
1351.334548  	77.959104 
1351.691855  	78.335864 
1352.049162  	78.686631 
1352.406469  	79.078902 
1352.763776  	79.312616 
1353.121083  	79.414473 
1353.478389  	79.597762 
1353.835696  	79.741141 
1354.193003  	79.990888 
1354.550310  	80.204592 
1354.907617  	80.156144 
1355.264924  	80.109206 
1355.622231  	80.196944 
1355.979537  	80.370612 
1356.336844  	80.365293 
1356.694151  	80.289174 
1357.051458  	80.416132 
1357.408765  	80.458150 
1357.766072  	80.297176 
1358.123379  	80.079325 
1358.480685  	79.945600 
1358.837992  	79.893344 
1359.195299  	79.867969 
1359.552606  	79.845955 
1359.909913  	79.650685 
1360.267220  	79.557881 
1360.624527  	79.853284 
1360.981834  	79.760854 
1361.339140  	78.776742 
1361.696447  	78.523015 
1362.053754  	78.980316 
1362.411061  	79.152409 
1362.768368  	79.060790 
1363.125675  	78.252977 
1363.482982  	77.022801 
1363.840288  	77.192703 
1364.197595  	77.518277 
1364.554902  	77.386154 
1364.912209  	77.221217 
1365.269516  	77.034746 
1365.626823  	76.769932 
1365.984130  	76.550066 
1366.341436  	76.393286 
1366.698743  	76.124316 
1367.056050  	75.901087 
1367.413357  	75.797271 
1367.770664  	75.628846 
1368.127971  	75.710253 
1368.485278  	75.588574 
1368.842584  	74.827194 
1369.199891  	74.592319 
1369.557198  	74.841349 
1369.914505  	74.790077 
1370.271812  	74.461096 
1370.629119  	74.253252 
1370.986426  	74.195904 
1371.343732  	73.983909 
1371.701039  	73.688349 
1372.058346  	73.487967 
1372.415653  	73.251516 
1372.772960  	73.155913 
1373.130267  	73.534834 
1373.487574  	73.801242 
1373.844881  	72.782824 
1374.202187  	71.869457 
1374.559494  	72.367630 
1374.916801  	72.528773 
1375.274108  	71.523406 
1375.631415  	71.127865 
1375.988722  	71.349992 
1376.346029  	71.111561 
1376.703335  	70.782233 
1377.060642  	70.701048 
1377.417949  	70.704464 
1377.775256  	70.659287 
1378.132563  	70.224257 
1378.489870  	69.805177 
1378.847177  	69.768123 
1379.204483  	69.529643 
1379.561790  	68.993193 
1379.919097  	68.685909 
1380.276404  	68.608314 
1380.633711  	68.492156 
1380.991018  	68.297136 
1381.348325  	67.951567 
1381.705631  	67.691973 
1382.062938  	67.664750 
1382.420245  	67.469881 
1382.777552  	67.020415 
1383.134859  	66.635819 
1383.492166  	66.482210 
1383.849473  	66.228803 
1384.206779  	65.755654 
1384.564086  	65.455301 
1384.921393  	65.297564 
1385.278700  	65.082796 
1385.636007  	64.834013 
1385.993314  	64.759628 
1386.350621  	64.580285 
1386.707928  	64.233751 
1387.065234  	64.690682 
1387.422541  	64.559635 
1387.779848  	62.328517 
1388.137155  	62.069789 
1388.494462  	62.566247 
1388.851769  	62.471556 
1389.209076  	62.240304 
1389.566382  	61.954331 
1389.923689  	61.798504 
1390.280996  	61.585793 
1390.638303  	61.177749 
1390.995610  	60.963613 
1391.352917  	60.819960 
1391.710224  	60.594987 
1392.067530  	60.330988 
1392.424837  	60.207018 
1392.782144  	60.150081 
1393.139451  	59.853776 
1393.496758  	59.638920 
1393.854065  	59.997499 
1394.211372  	60.551504 
1394.568678  	59.197501 
1394.925985  	57.742710 
1395.283292  	58.731647 
1395.640599  	59.265501 
1395.997906  	58.231463 
1396.355213  	57.800060 
1396.712520  	57.916145 
1397.069826  	57.997716 
1397.427133  	58.234988 
1397.784440  	57.941288 
1398.141747  	57.293968 
1398.499054  	57.625363 
1398.856361  	58.379328 
1399.213668  	57.560193 
1399.570975  	55.976664 
1399.928281  	56.250544 
1400.285588  	56.531759 
1400.642895  	56.394230 
1401.000202  	56.365567 
1401.357509  	56.202825 
1401.714816  	56.062088 
1402.072123  	55.960952 
1402.429429  	55.623393 
1402.786736  	55.546021 
1403.144043  	55.510227 
1403.501350  	55.172730 
1403.858657  	54.921193 
1404.215964  	54.889900 
1404.573271  	55.174427 
1404.930577  	54.915316 
1405.287884  	53.475152 
1405.645191  	53.202698 
1406.002498  	53.516945 
1406.359805  	53.295678 
1406.717112  	52.909426 
1407.074419  	52.691915 
1407.431725  	52.540702 
1407.789032  	52.283880 
1408.146339  	51.843988 
1408.503646  	51.541982 
1408.860953  	51.353941 
1409.218260  	51.099218 
1409.575567  	50.873880 
1409.932873  	50.503269 
1410.290180  	49.999919 
1410.647487  	49.709384 
1411.004794  	49.483985 
1411.362101  	49.042537 
1411.719408  	48.526917 
1412.076715  	48.188104 
1412.434022  	47.961126 
1412.791328  	47.643568 
1413.148635  	47.250590 
1413.505942  	46.917579 
1413.863249  	46.577582 
1414.220556  	46.235452 
1414.577863  	45.967978 
1414.935170  	45.584477 
1415.292476  	45.216162 
1415.649783  	45.079554 
1416.007090  	44.824877 
1416.364397  	44.359030 
1416.721704  	44.283985 
1417.079011  	44.595085 
1417.436318  	44.117604 
1417.793624  	42.874831 
1418.150931  	42.841970 
1418.508238  	43.479494 
1418.865545  	44.364610 
1419.222852  	45.168969 
1419.580159  	42.157530 
1419.937466  	41.106526 
1420.294772  	42.006634 
1420.652079  	42.473513 
1421.009386  	42.472356 
1421.366693  	42.534421 
1421.724000  	42.790973 
1422.081307  	43.147749 
1422.438614  	43.588568 
1422.795920  	44.063687 
1423.153227  	44.668889 
1423.510534  	45.445354 
1423.867841  	45.889872 
1424.225148  	45.945751 
1424.582455  	46.690051 
1424.939762  	48.030517 
1425.297068  	49.222619 
1425.654375  	50.204341 
1426.011682  	51.402381 
1426.368989  	52.560215 
1426.726296  	53.628289 
1427.083603  	54.904124 
1427.440910  	56.164102 
1427.798217  	57.266224 
1428.155523  	58.215818 
1428.512830  	59.097326 
1428.870137  	60.081028 
1429.227444  	61.206247 
1429.584751  	62.307862 
1429.942058  	62.402436 
1430.299365  	61.898302 
1430.656671  	62.717820 
1431.013978  	63.698039 
1431.371285  	64.058147 
1431.728592  	64.058781 
1432.085899  	63.854152 
1432.443206  	63.787873 
1432.800513  	63.969309 
1433.157819  	63.722501 
1433.515126  	63.018201 
1433.872433  	62.497201 
1434.229740  	61.998410 
1434.587047  	61.442078 
1434.944354  	60.991943 
1435.301661  	60.372839 
1435.658967  	59.602967 
1436.016274  	59.426897 
1436.373581  	60.410690 
1436.730888  	59.287948 
1437.088195  	52.163250 
1437.445502  	52.056312 
1437.802809  	52.322355 
1438.160115  	51.560332 
1438.517422  	50.543965 
1438.874729  	49.556856 
1439.232036  	48.589353 
1439.589343  	47.621965 
1439.946650  	46.769158 
1440.303957  	46.164435 
1440.661264  	45.620504 
1441.018570  	45.333800 
1441.375877  	45.385467 
1441.733184  	45.764891 
1442.090491  	46.492950 
1442.447798  	47.460997 
1442.805105  	48.693744 
1443.162412  	49.918726 
1443.519718  	51.271405 
1443.877025  	52.992890 
1444.234332  	54.756077 
1444.591639  	56.503571 
1444.948946  	58.159570 
1445.306253  	59.774334 
1445.663560  	61.513732 
1446.020866  	63.156312 
1446.378173  	64.636583 
1446.735480  	66.010270 
1447.092787  	67.564936 
1447.450094  	69.387799 
1447.807401  	70.483634 
1448.164708  	70.314749 
1448.522014  	71.425115 
1448.879321  	73.038164 
1449.236628  	73.916758 
1449.593935  	74.596838 
1449.951242  	75.384504 
1450.308549  	76.023001 
1450.665856  	76.725012 
1451.023162  	77.259348 
1451.380469  	77.890947 
1451.737776  	78.659848 
1452.095083  	78.685269 
1452.452390  	78.736561 
1452.809697  	79.376680 
1453.167004  	79.880403 
1453.524311  	80.357821 
1453.881617  	80.782767 
1454.238924  	80.971213 
1454.596231  	81.326857 
1454.953538  	81.788658 
1455.310845  	81.460198 
1455.668152  	81.374683 
1456.025459  	82.964645 
1456.382765  	84.988814 
1456.740072  	83.682380 
1457.097379  	76.584696 
1457.454686  	79.208245 
1457.811993  	81.875842 
1458.169300  	82.220110 
1458.526607  	80.622173 
1458.883913  	81.490529 
1459.241220  	81.808308 
1459.598527  	80.930785 
1459.955834  	81.409003 
1460.313141  	81.889961 
1460.670448  	81.647222 
1461.027755  	81.330023 
1461.385061  	81.156314 
1461.742368  	81.141497 
1462.099675  	81.071348 
1462.456982  	81.121661 
1462.814289  	81.075698 
1463.171596  	80.822001 
1463.528903  	80.805102 
1463.886209  	80.705624 
1464.243516  	81.174907 
1464.600823  	82.119191 
1464.958130  	80.202959 
1465.315437  	78.210533 
1465.672744  	78.990020 
1466.030051  	79.311406 
1466.387358  	79.226571 
1466.744664  	79.188314 
1467.101971  	79.278926 
1467.459278  	79.281821 
1467.816585  	79.073474 
1468.173892  	78.992813 
1468.531199  	78.939976 
1468.888506  	78.740853 
1469.245812  	78.586429 
1469.603119  	78.459723 
1469.960426  	78.270973 
1470.317733  	78.121566 
1470.675040  	78.041773 
1471.032347  	78.226240 
1471.389654  	78.946227 
1471.746960  	79.513732 
1472.104267  	77.297730 
1472.461574  	75.272052 
1472.818881  	76.675340 
1473.176188  	78.194609 
1473.533495  	76.720687 
1473.890802  	74.675515 
1474.248108  	75.582737 
1474.605415  	76.142143 
1474.962722  	76.212632 
1475.320029  	76.358750 
1475.677336  	77.001664 
1476.034643  	77.426015 
1476.391950  	74.918714 
1476.749256  	73.652853 
1477.106563  	74.691094 
1477.463870  	74.990416 
1477.821177  	74.782088 
1478.178484  	74.699004 
1478.535791  	74.587357 
1478.893098  	74.499513 
1479.250405  	74.337698 
1479.607711  	74.291074 
1479.965018  	74.251897 
1480.322325  	74.019557 
1480.679632  	74.208322 
1481.036939  	74.234976 
1481.394246  	73.336163 
1481.751553  	72.780409 
1482.108859  	72.837903 
1482.466166  	72.782018 
1482.823473  	72.552305 
1483.180780  	72.550681 
1483.538087  	72.640378 
1483.895394  	72.414695 
1484.252701  	72.161541 
1484.610007  	71.971940 
1484.967314  	71.857026 
1485.324621  	71.794365 
1485.681928  	71.770304 
1486.039235  	71.777901 
1486.396542  	71.539499 
1486.753849  	72.046114 
1487.111155  	72.825646 
1487.468462  	71.260976 
1487.825769  	70.003270 
1488.183076  	70.600296 
1488.540383  	71.386081 
1488.897690  	71.862043 
1489.254997  	71.679438 
1489.612303  	71.314022 
1489.969610  	70.445425 
1490.326917  	70.491273 
1490.684224  	70.972706 
1491.041531  	69.268328 
1491.398838  	68.776932 
1491.756145  	69.528252 
1492.113452  	69.687717 
1492.470758  	69.696485 
1492.828065  	69.530562 
1493.185372  	69.276083 
1493.542679  	69.161070 
1493.899986  	68.986249 
1494.257293  	68.769698 
1494.614600  	68.544892 
1494.971906  	68.493914 
1495.329213  	68.679145 
1495.686520  	69.483783 
1496.043827  	70.042268 
1496.401134  	66.662645 
1496.758441  	65.598907 
1497.115748  	66.689959 
1497.473054  	67.063868 
1497.830361  	67.139873 
1498.187668  	67.542005 
1498.544975  	68.272851 
1498.902282  	66.803958 
1499.259589  	64.710581 
1499.616896  	65.375398 
1499.974202  	65.803544 
1500.331509  	65.671833 
1500.688816  	65.566190 
1501.046123  	65.361470 
1501.403430  	65.480618 
1501.760737  	65.254803 
1502.118044  	64.424368 
1502.475350  	64.183905 
1502.832657  	64.123025 
1503.189964  	63.898023 
1503.547271  	63.669733 
1503.904578  	63.562340 
1504.261885  	63.639301 
1504.619192  	63.628671 
1504.976498  	64.126693 
1505.333805  	65.401691 
1505.691112  	63.499506 
1506.048419  	60.372257 
1506.405726  	62.434105 
1506.763033  	64.655994 
1507.120340  	60.612376 
1507.477647  	57.912229 
1507.834953  	59.439182 
1508.192260  	60.692604 
1508.549567  	60.380966 
1508.906874  	58.898014 
1509.264181  	59.371229 
1509.621488  	59.700802 
1509.978795  	58.229192 
1510.336101  	57.820734 
1510.693408  	58.040813 
1511.050715  	57.984070 
1511.408022  	57.867767 
1511.765329  	58.087240 
1512.122636  	58.528397 
1512.479943  	56.675557 
1512.837249  	55.294501 
1513.194556  	55.837443 
1513.551863  	55.990573 
1513.909170  	55.711131 
1514.266477  	55.701059 
1514.623784  	55.894795 
1514.981091  	55.264589 
1515.338397  	53.934161 
1515.695704  	54.084250 
1516.053011  	54.918948 
1516.410318  	54.963792 
1516.767625  	54.007756 
1517.124932  	53.946759 
1517.482239  	53.445927 
1517.839545  	51.260588 
1518.196852  	51.275926 
1518.554159  	52.129553 
1518.911466  	52.405730 
1519.268773  	52.399616 
1519.626080  	52.966863 
1519.983387  	53.780302 
1520.340694  	52.776049 
1520.698000  	52.430781 
1521.055307  	54.025424 
1521.412614  	51.846055 
1521.769921  	50.181590 
1522.127228  	52.319889 
1522.484535  	53.978068 
1522.841842  	52.468186 
1523.199148  	51.592947 
1523.556455  	52.769386 
1523.913762  	53.501023 
1524.271069  	53.993306 
1524.628376  	54.626065 
1524.985683  	55.172041 
1525.342990  	55.300712 
1525.700296  	53.392689 
1526.057603  	53.079367 
1526.414910  	54.230047 
1526.772217  	55.082124 
1527.129524  	55.543613 
1527.486831  	54.783716 
1527.844138  	54.404256 
1528.201444  	55.414151 
1528.558751  	55.661461 
1528.916058  	55.133057 
1529.273365  	55.533605 
1529.630672  	56.116371 
1529.987979  	56.580785 
1530.345286  	57.025064 
1530.702592  	57.360170 
1531.059899  	57.871290 
1531.417206  	58.372361 
1531.774513  	57.976824 
1532.131820  	57.638839 
1532.489127  	58.449322 
1532.846434  	59.422092 
1533.203741  	59.595069 
1533.561047  	59.278918 
1533.918354  	58.517139 
1534.275661  	57.272145 
1534.632968  	57.660238 
1534.990275  	58.605245 
1535.347582  	58.759131 
1535.704889  	58.404495 
1536.062195  	58.295032 
1536.419502  	58.463889 
1536.776809  	58.677759 
1537.134116  	58.570128 
1537.491423  	58.499476 
1537.848730  	58.717390 
1538.206037  	59.019196 
1538.563343  	59.749814 
1538.920650  	60.146659 
1539.277957  	56.176013 
1539.635264  	56.076908 
1539.992571  	58.630848 
1540.349878  	57.870415 
1540.707185  	55.294441 
1541.064491  	56.307142 
1541.421798  	57.662839 
1541.779105  	59.135575 
1542.136412  	57.766201 
1542.493719  	53.820201 
1542.851026  	55.294828 
1543.208333  	56.730701 
1543.565639  	56.276716 
1543.922946  	55.452421 
1544.280253  	55.654138 
1544.637560  	56.382440 
1544.994867  	56.923654 
1545.352174  	55.082148 
1545.709481  	53.936708 
1546.066788  	54.634600 
1546.424094  	54.885940 
1546.781401  	54.841435 
1547.138708  	54.839643 
1547.496015  	54.618427 
1547.853322  	54.509312 
1548.210629  	54.311286 
1548.567936  	53.997299 
1548.925242  	54.040323 
1549.282549  	54.288135 
1549.639856  	54.339054 
1549.997163  	53.717145 
1550.354470  	52.535529 
1550.711777  	52.127265 
1551.069084  	52.659390 
1551.426390  	52.929733 
1551.783697  	52.682726 
1552.141004  	52.639984 
1552.498311  	52.423843 
1552.855618  	52.289357 
1553.212925  	52.485843 
1553.570232  	52.716402 
1553.927538  	53.580509 
1554.284845  	53.257256 
1554.642152  	49.721720 
1554.999459  	49.930325 
1555.356766  	51.064723 
1555.714073  	51.493092 
1556.071380  	51.192167 
1556.428686  	50.885381 
1556.785993  	51.164442 
1557.143300  	52.421100 
1557.500607  	53.639029 
1557.857914  	50.972440 
1558.215221  	51.018972 
1558.572528  	51.093901 
1558.929835  	47.645609 
1559.287141  	49.264477 
1559.644448  	51.307429 
1560.001755  	50.651448 
1560.359062  	46.375041 
1560.716369  	46.494704 
1561.073676  	47.602789 
1561.430983  	48.199644 
1561.788289  	48.484271 
1562.145596  	48.436156 
1562.502903  	48.148691 
1562.860210  	47.959415 
1563.217517  	47.727799 
1563.574824  	47.625025 
1563.932131  	47.442773 
1564.289437  	47.497084 
1564.646744  	47.934505 
1565.004051  	46.957602 
1565.361358  	45.805287 
1565.718665  	46.125334 
1566.075972  	46.331492 
1566.433279  	46.029851 
1566.790585  	45.719713 
1567.147892  	45.476556 
1567.505199  	45.321787 
1567.862506  	45.180610 
1568.219813  	45.084513 
1568.577120  	45.391991 
1568.934427  	45.438695 
1569.291733  	44.917294 
1569.649040  	44.603184 
1570.006347  	42.442842 
1570.363654  	41.595266 
1570.720961  	42.433638 
1571.078268  	42.629510 
1571.435575  	42.346898 
1571.792882  	42.211440 
1572.150188  	42.058185 
1572.507495  	41.755144 
1572.864802  	41.385465 
1573.222109  	41.232434 
1573.579416  	41.069466 
1573.936723  	40.921843 
1574.294030  	41.020975 
1574.651336  	41.287194 
1575.008643  	41.868307 
1575.365950  	42.806617 
1575.723257  	44.280391 
1576.080564  	45.838979 
1576.437871  	44.137477 
1576.795178  	44.925523 
1577.152484  	46.866506 
1577.509791  	48.075265 
1577.867098  	48.712689 
1578.224405  	49.315068 
1578.581712  	49.538275 
1578.939019  	49.231769 
1579.296326  	48.875297 
1579.653632  	48.599291 
1580.010939  	48.278227 
1580.368246  	47.953475 
1580.725553  	47.743113 
1581.082860  	47.491147 
1581.440167  	47.037184 
1581.797474  	46.742592 
1582.154780  	46.624784 
1582.512087  	46.488518 
1582.869394  	46.423692 
1583.226701  	46.265469 
1583.584008  	46.020194 
1583.941315  	45.798743 
1584.298622  	45.554931 
1584.655928  	45.300219 
1585.013235  	44.974449 
1585.370542  	44.629704 
1585.727849  	44.351152 
1586.085156  	44.153977 
1586.442463  	43.887718 
1586.799770  	43.435894 
1587.157077  	43.027785 
1587.514383  	42.621414 
1587.871690  	42.105223 
1588.228997  	41.700144 
1588.586304  	41.438476 
1588.943611  	41.142520 
1589.300918  	40.778606 
1589.658225  	40.460609 
1590.015531  	40.114825 
1590.372838  	39.674624 
1590.730145  	39.237327 
1591.087452  	38.888449 
1591.444759  	38.753315 
1591.802066  	38.552367 
1592.159373  	38.052841 
1592.516679  	37.624753 
1592.873986  	37.364839 
1593.231293  	37.198334 
1593.588600  	37.075353 
1593.945907  	36.824285 
1594.303214  	36.549807 
1594.660521  	36.250950 
1595.017827  	35.929455 
1595.375134  	35.800225 
1595.732441  	35.660675 
1596.089748  	35.451365 
1596.447055  	35.305428 
1596.804362  	35.141270 
1597.161669  	35.074081 
1597.518975  	35.143823 
1597.876282  	35.279478 
1598.233589  	35.372837 
1598.590896  	35.370289 
1598.948203  	35.524253 
1599.305510  	35.721500 
1599.662817  	35.898237 
1600.020124  	36.262766 
1600.377430  	36.588940 
1600.734737  	36.910145 
1601.092044  	37.306452 
1601.449351  	37.668430 
1601.806658  	38.321474 
1602.163965  	39.109194 
1602.521272  	39.692859 
1602.878578  	40.349946 
1603.235885  	40.991864 
1603.593192  	41.438494 
1603.950499  	42.067874 
1604.307806  	42.770855 
1604.665113  	43.409541 
1605.022420  	44.145218 
1605.379726  	44.790445 
1605.737033  	45.338538 
1606.094340  	46.013667 
1606.451647  	46.825540 
1606.808954  	47.484302 
1607.166261  	47.727378 
1607.523568  	48.047093 
1607.880874  	48.760576 
1608.238181  	49.507519 
1608.595488  	50.114974 
1608.952795  	50.705047 
1609.310102  	51.172189 
1609.667409  	51.195857 
1610.024716  	51.530925 
1610.382022  	52.237398 
1610.739329  	52.541161 
1611.096636  	52.718303 
1611.453943  	52.941435 
1611.811250  	53.117358 
1612.168557  	53.231277 
1612.525864  	53.049561 
1612.883171  	52.876702 
1613.240477  	52.741012 
1613.597784  	52.471928 
1613.955091  	52.145794 
1614.312398  	51.687690 
1614.669705  	51.052106 
1615.027012  	50.313671 
1615.384319  	49.844414 
1615.741625  	49.511723 
1616.098932  	49.574113 
1616.456239  	50.591367 
1616.813546  	47.367596 
1617.170853  	42.796726 
1617.528160  	43.635436 
1617.885467  	44.129609 
1618.242773  	43.626295 
1618.600080  	42.869419 
1618.957387  	42.433217 
1619.314694  	41.915813 
1619.672001  	41.140683 
1620.029308  	40.634370 
1620.386615  	40.338578 
1620.743921  	39.924150 
1621.101228  	39.548841 
1621.458535  	39.380933 
1621.815842  	39.254708 
1622.173149  	39.402487 
1622.530456  	39.586736 
1622.887763  	39.537246 
1623.245069  	40.298402 
1623.602376  	40.426133 
1623.959683  	38.805910 
1624.316990  	39.298831 
1624.674297  	40.255462 
1625.031604  	40.836568 
1625.388911  	41.257523 
1625.746218  	41.599075 
1626.103524  	42.126959 
1626.460831  	42.617880 
1626.818138  	42.966274 
1627.175445  	43.592183 
1627.532752  	44.441203 
1627.890059  	44.293046 
1628.247366  	43.484870 
1628.604672  	44.171962 
1628.961979  	45.007559 
1629.319286  	45.211443 
1629.676593  	45.317660 
1630.033900  	45.395221 
1630.391207  	45.533563 
1630.748514  	45.748915 
1631.105820  	45.898475 
1631.463127  	45.970283 
1631.820434  	45.845873 
1632.177741  	45.645499 
1632.535048  	45.503147 
1632.892355  	45.475627 
1633.249662  	45.450788 
1633.606968  	45.293433 
1633.964275  	45.058022 
1634.321582  	45.281934 
1634.678889  	46.389203 
1635.036196  	47.332559 
1635.393503  	46.401674 
1635.750810  	43.361852 
1636.108116  	42.497355 
1636.465423  	43.997682 
1636.822730  	45.531009 
1637.180037  	46.838445 
1637.537344  	47.420785 
1637.894651  	46.823888 
1638.251958  	47.481814 
1638.609265  	48.736438 
1638.966571  	49.568981 
1639.323878  	50.202876 
1639.681185  	50.785667 
1640.038492  	51.652585 
1640.395799  	52.366122 
1640.753106  	52.660954 
1641.110413  	53.253875 
1641.467719  	53.960505 
1641.825026  	54.578589 
1642.182333  	54.911920 
1642.539640  	54.876675 
1642.896947  	54.999078 
1643.254254  	55.300574 
1643.611561  	55.473878 
1643.968867  	55.223914 
1644.326174  	54.959062 
1644.683481  	54.971154 
1645.040788  	55.177027 
1645.398095  	56.047275 
1645.755402  	56.700248 
1646.112709  	53.413704 
1646.470015  	50.768290 
1646.827322  	51.934406 
1647.184629  	53.180784 
1647.541936  	51.704575 
1647.899243  	49.877467 
1648.256550  	49.526026 
1648.613857  	47.979699 
1648.971163  	47.343916 
1649.328470  	47.384483 
1649.685777  	46.668440 
1650.043084  	45.877563 
1650.400391  	45.394248 
1650.757698  	44.842066 
1651.115005  	44.193804 
1651.472312  	43.743181 
1651.829618  	44.105663 
1652.186925  	45.587137 
1652.544232  	45.700862 
1652.901539  	40.991014 
1653.258846  	40.009312 
1653.616153  	37.308015 
1653.973460  	37.751367 
1654.330766  	39.166296 
1654.688073  	37.785572 
1655.045380  	36.245858 
1655.402687  	36.584203 
1655.759994  	36.848201 
1656.117301  	36.831821 
1656.474608  	36.655247 
1656.831914  	36.226288 
1657.189221  	35.949380 
1657.546528  	35.873404 
1657.903835  	35.865875 
1658.261142  	35.904716 
1658.618449  	35.894711 
1658.975756  	35.959509 
1659.333062  	35.996173 
1659.690369  	36.046807 
1660.047676  	36.212634 
1660.404983  	36.315370 
1660.762290  	36.568866 
1661.119597  	36.980316 
1661.476904  	37.279897 
1661.834210  	37.545339 
1662.191517  	38.237585 
1662.548824  	39.244126 
1662.906131  	38.643898 
1663.263438  	37.756703 
1663.620745  	38.590824 
1663.978052  	39.240500 
1664.335359  	39.715103 
1664.692665  	40.245978 
1665.049972  	40.673052 
1665.407279  	41.167186 
1665.764586  	41.540645 
1666.121893  	41.785282 
1666.479200  	42.155496 
1666.836507  	42.663582 
1667.193813  	43.286068 
1667.551120  	43.899804 
1667.908427  	44.413481 
1668.265734  	44.768798 
1668.623041  	45.287972 
1668.980348  	46.527063 
1669.337655  	46.944698 
1669.694961  	45.003997 
1670.052268  	45.741268 
1670.409575  	47.117073 
1670.766882  	48.011126 
1671.124189  	49.164191 
1671.481496  	49.657969 
1671.838803  	48.638007 
1672.196109  	49.167520 
1672.553416  	50.279213 
1672.910723  	50.784468 
1673.268030  	51.132175 
1673.625337  	51.717565 
1673.982644  	52.462915 
1674.339951  	53.384460 
1674.697257  	54.678498 
1675.054564  	55.873653 
1675.411871  	54.026852 
1675.769178  	52.243026 
1676.126485  	53.733476 
1676.483792  	55.223890 
1676.841099  	55.927022 
1677.198405  	56.350918 
1677.555712  	56.959854 
1677.913019  	57.340046 
1678.270326  	57.815237 
1678.627633  	58.366825 
1678.984940  	58.788013 
1679.342247  	59.474316 
1679.699554  	60.084742 
1680.056860  	60.372978 
1680.414167  	60.490254 
1680.771474  	60.652408 
1681.128781  	61.318936 
1681.486088  	62.049409 
1681.843395  	62.631129 
1682.200702  	63.375475 
1682.558008  	64.527699 
1682.915315  	65.705811 
1683.272622  	65.516218 
1683.629929  	64.963448 
1683.987236  	66.196288 
1684.344543  	67.469151 
1684.701850  	67.674405 
1685.059156  	65.337656 
1685.416463  	65.785342 
1685.773770  	67.787340 
1686.131077  	69.216136 
1686.488384  	70.095397 
1686.845691  	70.712989 
1687.202998  	71.147782 
1687.560304  	71.805960 
1687.917611  	72.654635 
1688.274918  	73.000698 
1688.632225  	72.912493 
1688.989532  	73.573992 
1689.346839  	74.760569 
1689.704146  	75.812772 
1690.061452  	76.370510 
1690.418759  	76.107628 
1690.776066  	76.324393 
1691.133373  	77.234864 
1691.490680  	77.815715 
1691.847987  	78.295254 
1692.205294  	78.791211 
1692.562601  	79.124028 
1692.919907  	79.559641 
1693.277214  	79.922445 
1693.634521  	80.446938 
1693.991828  	81.041164 
1694.349135  	81.462575 
1694.706442  	82.501878 
1695.063749  	84.158366 
1695.421055  	85.814137 
1695.778362  	85.162668 
1696.135669  	79.763684 
1696.492976  	81.262695 
1696.850283  	83.273695 
1697.207590  	84.045421 
1697.564897  	83.747371 
1697.922203  	83.896566 
1698.279510  	84.912410 
1698.636817  	85.687955 
1698.994124  	85.994531 
1699.351431  	86.805776 
1699.708738  	88.907112 
1700.066045  	90.714105 
1700.423351  	84.918121 
1700.780658  	80.408454 
1701.137965  	81.868551 
1701.495272  	84.409677 
1701.852579  	85.899255 
1702.209886  	86.619613 
1702.567193  	87.062558 
1702.924499  	87.291885 
1703.281806  	87.517097 
1703.639113  	87.953466 
1703.996420  	88.757838 
1704.353727  	88.840243 
1704.711034  	87.114790 
1705.068341  	86.979535 
1705.425648  	88.174126 
1705.782954  	89.487458 
1706.140261  	89.768857 
1706.497568  	87.843321 
1706.854875  	87.665347 
1707.212182  	88.638131 
1707.569489  	88.807956 
1707.926796  	89.060086 
1708.284102  	89.356614 
1708.641409  	89.368605 
1708.998716  	89.330565 
1709.356023  	89.555557 
1709.713330  	90.110393 
1710.070637  	89.971024 
1710.427944  	89.055752 
1710.785250  	89.040058 
1711.142557  	89.718903 
1711.499864  	90.176895 
1711.857171  	90.263297 
1712.214478  	90.158478 
1712.571785  	90.209079 
1712.929092  	90.485718 
1713.286398  	90.782983 
1713.643705  	91.055258 
1714.001012  	90.917035 
1714.358319  	90.886753 
1714.715626  	91.740499 
1715.072933  	91.289197 
1715.430240  	88.912180 
1715.787546  	89.371883 
1716.144853  	90.825564 
1716.502160  	91.774986 
1716.859467  	92.728126 
1717.216774  	92.782814 
1717.574081  	89.450035 
1717.931388  	89.915316 
1718.288695  	91.938321 
1718.646001  	90.993309 
1719.003308  	88.898735 
1719.360615  	89.810166 
1719.717922  	90.908786 
1720.075229  	91.351552 
1720.432536  	91.350459 
1720.789843  	91.349720 
1721.147149  	91.427484 
1721.504456  	91.457427 
1721.861763  	91.440223 
1722.219070  	91.388082 
1722.576377  	91.565024 
1722.933684  	91.991583 
1723.290991  	91.979677 
1723.648297  	91.270546 
1724.005604  	91.011689 
1724.362911  	91.436854 
1724.720218  	91.747092 
1725.077525  	91.806867 
1725.434832  	91.735714 
1725.792139  	91.689633 
1726.149445  	91.741420 
1726.506752  	91.662776 
1726.864059  	91.693278 
1727.221366  	91.950270 
1727.578673  	91.880793 
1727.935980  	91.516654 
1728.293287  	91.519936 
1728.650593  	91.783737 
1729.007900  	91.926102 
1729.365207  	92.217659 
1729.722514  	92.299233 
1730.079821  	91.412121 
1730.437128  	90.811519 
1730.794435  	91.226772 
1731.151742  	91.616785 
1731.509048  	91.749091 
1731.866355  	91.889387 
1732.223662  	92.074259 
1732.580969  	92.573834 
1732.938276  	93.532018 
1733.295583  	93.359972 
1733.652890  	91.581746 
1734.010196  	92.445382 
1734.367503  	92.668430 
1734.724810  	88.937457 
1735.082117  	88.816998 
1735.439424  	90.582576 
1735.796731  	91.414745 
1736.154038  	91.551649 
1736.511344  	91.484421 
1736.868651  	91.324654 
1737.225958  	91.176562 
1737.583265  	91.188249 
1737.940572  	91.149703 
1738.297879  	91.166710 
1738.655186  	91.347141 
1739.012492  	91.713176 
1739.369799  	92.135371 
1739.727106  	91.229828 
1740.084413  	88.780006 
1740.441720  	89.143017 
1740.799027  	90.240730 
1741.156334  	90.562446 
1741.513640  	90.376874 
1741.870947  	90.367112 
1742.228254  	90.786357 
1742.585561  	91.215348 
1742.942868  	91.122073 
1743.300175  	90.395275 
1743.657482  	89.520249 
1744.014789  	89.299495 
1744.372095  	89.585098 
1744.729402  	89.653750 
1745.086709  	89.617190 
1745.444016  	89.619490 
1745.801323  	89.260675 
1746.158630  	89.214927 
1746.515937  	89.753268 
1746.873243  	89.765027 
1747.230550  	89.320912 
1747.587857  	89.184494 
1747.945164  	89.300932 
1748.302471  	89.589978 
1748.659778  	89.141478 
1749.017085  	87.821021 
1749.374391  	87.753268 
1749.731698  	88.409318 
1750.089005  	89.130516 
1750.446312  	90.095102 
1750.803619  	90.700510 
1751.160926  	89.313020 
1751.518233  	86.464936 
1751.875539  	87.053584 
1752.232846  	88.220649 
1752.590153  	88.604463 
1752.947460  	88.587959 
1753.304767  	88.485143 
1753.662074  	88.503828 
1754.019381  	88.661876 
1754.376687  	88.865567 
1754.733994  	89.058135 
1755.091301  	89.061859 
1755.448608  	89.027040 
1755.805915  	89.208257 
1756.163222  	89.645662 
1756.520529  	89.850967 
1756.877835  	88.885981 
1757.235142  	88.215767 
1757.592449  	88.765991 
1757.949756  	89.196513 
1758.307063  	89.383547 
1758.664370  	89.309068 
1759.021677  	89.034188 
1759.378984  	88.884101 
1759.736290  	88.909857 
1760.093597  	89.216976 
1760.450904  	89.521497 
1760.808211  	89.690021 
1761.165518  	90.310680 
1761.522825  	90.456352 
1761.880132  	88.256739 
1762.237438  	87.417226 
1762.594745  	88.714874 
1762.952052  	89.158573 
1763.309359  	89.248941 
1763.666666  	89.324965 
1764.023973  	89.347233 
1764.381280  	89.424441 
1764.738586  	89.128499 
1765.095893  	88.656935 
1765.453200  	88.482800 
1765.810507  	88.536842 
1766.167814  	88.654728 
1766.525121  	88.862767 
1766.882428  	89.168375 
1767.239734  	89.330364 
1767.597041  	89.757027 
1767.954348  	89.883110 
1768.311655  	87.646379 
1768.668962  	86.821741 
1769.026269  	88.096177 
1769.383576  	88.521850 
1769.740882  	88.283271 
1770.098189  	88.314167 
1770.455496  	88.851495 
1770.812803  	89.611210 
1771.170110  	89.489464 
1771.527417  	87.944772 
1771.884724  	88.224298 
1772.242031  	89.933379 
1772.599337  	89.181035 
1772.956644  	84.769630 
1773.313951  	85.423649 
1773.671258  	86.956552 
1774.028565  	87.522046 
1774.385872  	87.609469 
1774.743179  	87.567210 
1775.100485  	87.875665 
1775.457792  	87.948997 
1775.815099  	87.165003 
1776.172406  	86.775055 
1776.529713  	87.032231 
1776.887020  	87.090187 
1777.244327  	86.942098 
1777.601633  	87.009454 
1777.958940  	87.239061 
1778.316247  	87.283906 
1778.673554  	87.061939 
1779.030861  	86.827928 
1779.388168  	86.823691 
1779.745475  	87.269954 
1780.102781  	87.998805 
1780.460088  	87.932804 
1780.817395  	86.750429 
1781.174702  	86.414952 
1781.532009  	86.971982 
1781.889316  	87.223606 
1782.246623  	86.984927 
1782.603929  	86.820644 
1782.961236  	87.019283 
1783.318543  	87.177608 
1783.675850  	87.156181 
1784.033157  	87.219373 
1784.390464  	87.436835 
1784.747771  	87.005020 
1785.105078  	85.657950 
1785.462384  	85.676428 
1785.819691  	86.427641 
1786.176998  	86.464769 
1786.534305  	86.498892 
1786.891612  	86.829301 
1787.248919  	86.920848 
1787.606226  	86.767030 
1787.963532  	86.698291 
1788.320839  	86.879225 
1788.678146  	87.000901 
1789.035453  	86.874745 
1789.392760  	86.779852 
1789.750067  	86.888320 
1790.107374  	87.201866 
1790.464680  	87.540268 
1790.821987  	87.027694 
1791.179294  	85.621549 
1791.536601  	85.906778 
1791.893908  	87.417780 
1792.251215  	88.505800 
1792.608522  	87.669344 
1792.965828  	84.806061 
1793.323135  	85.263015 
1793.680442  	86.410035 
1794.037749  	86.423940 
1794.395056  	86.399700 
1794.752363  	86.833035 
1795.109670  	87.013568 
1795.466976  	86.875897 
1795.824283  	86.548919 
1796.181590  	86.091757 
1796.538897  	85.944116 
1796.896204  	86.276161 
1797.253511  	86.459746 
1797.610818  	86.343593 
1797.968125  	86.521229 
1798.325431  	86.815689 
1798.682738  	87.084201 
1799.040045  	87.558276 
1799.397352  	87.365169 
1799.754659  	86.032044 
1800.111966  	85.682189 
1800.469273  	86.325770 
1800.826579  	86.704308 
1801.183886  	86.575000 
1801.541193  	85.916283 
1801.898500  	85.769529 
1802.255807  	85.937727 
1802.613114  	85.385233 
1802.970421  	85.427632 
1803.327727  	86.106803 
1803.685034  	86.202321 
1804.042341  	86.019286 
1804.399648  	86.036462 
1804.756955  	86.263228 
1805.114262  	86.372958 
1805.471569  	86.143596 
1805.828875  	85.930972 
1806.186182  	86.085542 
1806.543489  	86.283906 
1806.900796  	86.111198 
1807.258103  	86.062802 
1807.615410  	86.003824 
1807.972717  	85.625513 
1808.330023  	85.585522 
1808.687330  	85.595546 
1809.044637  	85.538665 
1809.401944  	85.641212 
1809.759251  	86.025327 
1810.116558  	86.769671 
1810.473865  	86.640227 
1810.831172  	85.405467 
1811.188478  	85.029893 
1811.545785  	85.566869 
1811.903092  	86.050889 
1812.260399  	85.855517 
1812.617706  	85.595149 
1812.975013  	85.792916 
1813.332320  	85.947300 
1813.689626  	86.083639 
1814.046933  	86.070738 
1814.404240  	85.906027 
1814.761547  	86.060621 
1815.118854  	86.291930 
1815.476161  	85.985834 
1815.833468  	85.616742 
1816.190774  	86.014405 
1816.548081  	86.512723 
1816.905388  	86.295996 
1817.262695  	85.631932 
1817.620002  	85.132106 
1817.977309  	85.186478 
1818.334616  	85.413282 
1818.691922  	85.563700 
1819.049229  	85.616572 
1819.406536  	85.546921 
1819.763843  	85.475791 
1820.121150  	85.445820 
1820.478457  	85.612855 
1820.835764  	85.797071 
1821.193070  	85.573341 
1821.550377  	85.123548 
1821.907684  	85.096769 
1822.264991  	85.453029 
1822.622298  	85.508184 
1822.979605  	85.276742 
1823.336912  	84.951032 
1823.694219  	85.000438 
1824.051525  	85.723117 
1824.408832  	86.398636 
1824.766139  	86.745714 
1825.123446  	85.772183 
1825.480753  	83.409461 
1825.838060  	83.838284 
1826.195367  	85.178578 
1826.552673  	85.412514 
1826.909980  	85.032706 
1827.267287  	84.720244 
1827.624594  	84.593119 
1827.981901  	84.767161 
1828.339208  	85.356621 
1828.696515  	85.760464 
1829.053821  	85.485514 
1829.411128  	85.290123 
1829.768435  	85.653353 
1830.125742  	84.975340 
1830.483049  	83.378724 
1830.840356  	83.910791 
1831.197663  	84.752806 
1831.554969  	84.808856 
1831.912276  	84.905678 
1832.269583  	85.081857 
1832.626890  	85.207976 
1832.984197  	85.112921 
1833.341504  	84.895867 
1833.698811  	85.059990 
1834.056117  	85.189037 
1834.413424  	85.373166 
1834.770731  	85.326003 
1835.128038  	84.838549 
1835.485345  	85.034584 
1835.842652  	85.364882 
1836.199959  	85.024642 
1836.557265  	84.929692 
1836.914572  	85.029013 
1837.271879  	84.651936 
1837.629186  	84.483036 
1837.986493  	84.666488 
1838.343800  	84.855616 
1838.701107  	85.404261 
1839.058414  	85.790720 
1839.415720  	85.711144 
1839.773027  	85.366934 
1840.130334  	84.998807 
1840.487641  	85.558312 
1840.844948  	86.027537 
1841.202255  	85.423639 
1841.559562  	84.985018 
1841.916868  	84.774440 
1842.274175  	84.475222 
1842.631482  	84.540501 
1842.988789  	85.078622 
1843.346096  	85.907041 
1843.703403  	86.817222 
1844.060710  	86.438766 
1844.418016  	82.485789 
1844.775323  	82.032712 
1845.132630  	83.927892 
1845.489937  	84.539478 
1845.847244  	84.686517 
1846.204551  	84.664237 
1846.561858  	84.418081 
1846.919164  	84.576485 
1847.276471  	84.932810 
1847.633778  	84.473427 
1847.991085  	83.433786 
1848.348392  	83.607541 
1848.705699  	84.174731 
1849.063006  	84.353220 
1849.420312  	84.333839 
1849.777619  	83.992402 
1850.134926  	84.321288 
1850.492233  	84.775731 
1850.849540  	84.770957 
1851.206847  	84.849117 
1851.564154  	84.443224 
1851.921461  	84.167099 
1852.278767  	83.843417 
1852.636074  	83.261168 
1852.993381  	83.641925 
1853.350688  	84.153563 
1853.707995  	84.281500 
1854.065302  	84.195133 
1854.422609  	83.956489 
1854.779915  	84.222276 
1855.137222  	84.163876 
1855.494529  	83.760437 
1855.851836  	83.993869 
1856.209143  	84.245318 
1856.566450  	84.201806 
1856.923757  	84.103640 
1857.281063  	83.730382 
1857.638370  	83.545165 
1857.995677  	83.857390 
1858.352984  	83.913870 
1858.710291  	83.853751 
1859.067598  	84.062440 
1859.424905  	84.071712 
1859.782211  	84.044770 
1860.139518  	84.061524 
1860.496825  	84.150367 
1860.854132  	84.250603 
1861.211439  	84.011871 
1861.568746  	83.967257 
1861.926053  	83.767101 
1862.283359  	83.198774 
1862.640666  	83.440405 
1862.997973  	83.823627 
1863.355280  	83.598998 
1863.712587  	83.766251 
1864.069894  	84.006323 
1864.427201  	83.826703 
1864.784508  	83.921500 
1865.141814  	84.119292 
1865.499121  	84.338371 
1865.856428  	84.719541 
1866.213735  	84.449144 
1866.571042  	83.811824 
1866.928349  	84.014511 
1867.285656  	84.704837 
1867.642962  	84.693700 
1868.000269  	83.848214 
1868.357576  	83.954586 
1868.714883  	84.715213 
1869.072190  	84.214001 
1869.429497  	82.200324 
1869.786804  	82.074651 
1870.144110  	83.694995 
1870.501417  	84.057760 
1870.858724  	83.789960 
1871.216031  	84.021954 
1871.573338  	83.797079 
1871.930645  	83.339612 
1872.287952  	83.150484 
1872.645258  	83.104622 
1873.002565  	82.977986 
1873.359872  	82.499344 
1873.717179  	82.556344 
1874.074486  	83.176619 
1874.431793  	83.415274 
1874.789100  	83.315634 
1875.146406  	83.376348 
1875.503713  	83.618641 
1875.861020  	83.321203 
1876.218327  	83.144583 
1876.575634  	83.669186 
1876.932941  	83.467284 
1877.290248  	82.793145 
1877.647555  	82.961026 
1878.004861  	83.499431 
1878.362168  	83.406564 
1878.719475  	82.846028 
1879.076782  	82.915255 
1879.434089  	83.672754 
1879.791396  	84.041597 
1880.148703  	83.917948 
1880.506009  	83.995270 
1880.863316  	83.823529 
1881.220623  	83.222234 
1881.577930  	83.279556 
1881.935237  	83.600885 
1882.292544  	83.618295 
1882.649851  	83.855806 
1883.007157  	83.845720 
1883.364464  	83.438588 
1883.721771  	83.184589 
1884.079078  	83.183778 
1884.436385  	83.143671 
1884.793692  	82.720810 
1885.150999  	82.561841 
1885.508305  	83.032299 
1885.865612  	83.471961 
1886.222919  	83.328203 
1886.580226  	82.775413 
1886.937533  	82.614150 
1887.294840  	82.819625 
1887.652147  	83.198793 
1888.009453  	83.769913 
1888.366760  	83.995471 
1888.724067  	84.176005 
1889.081374  	84.192476 
1889.438681  	83.042911 
1889.795988  	81.693061 
1890.153295  	81.802738 
1890.510602  	82.392754 
1890.867908  	82.645188 
1891.225215  	82.499642 
1891.582522  	82.332777 
1891.939829  	82.624373 
1892.297136  	83.130761 
1892.654443  	83.146737 
1893.011750  	82.944350 
1893.369056  	82.777798 
1893.726363  	82.839329 
1894.083670  	83.777783 
1894.440977  	84.536485 
1894.798284  	84.547779 
1895.155591  	84.229467 
1895.512898  	83.038033 
1895.870204  	82.848812 
1896.227511  	83.760598 
1896.584818  	83.468564 
1896.942125  	83.001109 
1897.299432  	83.128271 
1897.656739  	82.585499 
1898.014046  	82.081114 
1898.371352  	82.385514 
1898.728659  	82.542061 
1899.085966  	82.500915 
1899.443273  	82.968151 
1899.800580  	82.927774 
1900.157887  	82.268621 
1900.515194  	82.087420 
1900.872500  	81.844449 
1901.229807  	81.877735 
1901.587114  	82.181795 
1901.944421  	81.936701 
1902.301728  	81.906236 
1902.659035  	81.738828 
1903.016342  	81.836005 
1903.373649  	82.550764 
1903.730955  	82.184179 
1904.088262  	81.831289 
1904.445569  	82.129593 
1904.802876  	82.062624 
1905.160183  	82.072671 
1905.517490  	81.895775 
1905.874797  	82.110191 
1906.232103  	82.545582 
1906.589410  	82.415136 
1906.946717  	82.755356 
1907.304024  	82.478148 
1907.661331  	81.758114 
1908.018638  	81.700884 
1908.375945  	80.798177 
1908.733251  	80.714023 
1909.090558  	81.749951 
1909.447865  	81.584183 
1909.805172  	81.295924 
1910.162479  	81.619971 
1910.519786  	81.559988 
1910.877093  	81.309664 
1911.234399  	81.239339 
1911.591706  	81.101681 
1911.949013  	80.673651 
1912.306320  	80.612822 
1912.663627  	80.892578 
1913.020934  	81.151905 
1913.378241  	81.660129 
1913.735547  	82.211161 
1914.092854  	82.356528 
1914.450161  	81.969029 
1914.807468  	81.696941 
1915.164775  	81.470331 
1915.522082  	81.292161 
1915.879389  	81.792173 
1916.236696  	81.974499 
1916.594002  	82.029054 
1916.951309  	82.685011 
1917.308616  	83.535898 
1917.665923  	84.179578 
1918.023230  	82.377659 
1918.380537  	80.187799 
1918.737844  	81.260637 
1919.095150  	81.798995 
1919.452457  	81.588961 
1919.809764  	81.918324 
1920.167071  	82.247519 
1920.524378  	82.219617 
1920.881685  	82.228884 
1921.238992  	82.710903 
1921.596298  	83.052508 
1921.953605  	82.717485 
1922.310912  	82.093559 
1922.668219  	81.915861 
1923.025526  	81.949260 
1923.382833  	81.839346 
1923.740140  	82.433524 
1924.097446  	82.664888 
1924.454753  	82.571545 
1924.812060  	82.901480 
1925.169367  	82.423188 
1925.526674  	81.800617 
1925.883981  	81.789181 
1926.241288  	82.422393 
1926.598594  	83.371340 
1926.955901  	82.770504 
1927.313208  	82.208210 
1927.670515  	82.963486 
1928.027822  	82.702676 
1928.385129  	81.840096 
1928.742436  	82.316792 
1929.099742  	83.455561 
1929.457049  	83.699851 
1929.814356  	83.115883 
1930.171663  	82.474008 
1930.528970  	82.133379 
1930.886277  	82.158340 
1931.243584  	82.593262 
1931.600891  	83.323532 
1931.958197  	82.901857 
1932.315504  	81.510400 
1932.672811  	80.996141 
1933.030118  	81.268970 
1933.387425  	81.747658 
1933.744732  	82.044028 
1934.102039  	82.588949 
1934.459345  	83.132701 
1934.816652  	82.858903 
1935.173959  	83.205824 
1935.531266  	83.971332 
1935.888573  	83.907256 
1936.245880  	83.381414 
1936.603187  	82.731461 
1936.960493  	82.528081 
1937.317800  	82.644405 
1937.675107  	83.118201 
1938.032414  	83.996137 
1938.389721  	84.350015 
1938.747028  	83.654219 
1939.104335  	82.513199 
1939.461641  	82.701600 
1939.818948  	82.942595 
1940.176255  	81.960926 
1940.533562  	82.070028 
1940.890869  	83.252476 
1941.248176  	83.740393 
1941.605483  	82.734042 
1941.962789  	82.580779 
1942.320096  	84.572376 
1942.677403  	84.132963 
1943.034710  	82.347903 
1943.392017  	82.789970 
1943.749324  	82.794321 
1944.106631  	82.691387 
1944.463938  	82.604202 
1944.821244  	81.989308 
1945.178551  	82.350393 
1945.535858  	83.758345 
1945.893165  	84.550878 
1946.250472  	84.550328 
1946.607779  	84.335999 
1946.965086  	83.615223 
1947.322392  	83.293822 
1947.679699  	83.323049 
1948.037006  	82.899400 
1948.394313  	83.558496 
1948.751620  	84.157617 
1949.108927  	82.693838 
1949.466234  	81.954501 
1949.823540  	82.881303 
1950.180847  	82.491893 
1950.538154  	82.127801 
1950.895461  	83.978185 
1951.252768  	83.919951 
1951.610075  	82.285373 
1951.967382  	82.165537 
1952.324688  	80.661134 
1952.681995  	80.012579 
1953.039302  	82.518135 
1953.396609  	83.749707 
1953.753916  	83.411771 
1954.111223  	83.197787 
1954.468530  	84.030255 
1954.825836  	85.511122 
1955.183143  	84.809129 
1955.540450  	83.654754 
1955.897757  	83.262095 
1956.255064  	82.334175 
1956.612371  	82.530815 
1956.969678  	83.728848 
1957.326985  	83.458538 
1957.684291  	82.463695 
1958.041598  	82.748748 
1958.398905  	83.231334 
1958.756212  	82.919457 
1959.113519  	83.204595 
1959.470826  	83.443518 
1959.828133  	83.374139 
1960.185439  	84.050013 
1960.542746  	84.021005 
1960.900053  	83.231044 
1961.257360  	83.457033 
1961.614667  	83.225004 
1961.971974  	81.058086 
1962.329281  	79.703208 
1962.686587  	81.000677 
1963.043894  	83.565545 
1963.401201  	85.664261 
1963.758508  	84.646214 
1964.115815  	82.430672 
1964.473122  	82.363577 
1964.830429  	82.604185 
1965.187735  	83.254982 
1965.545042  	84.003491 
1965.902349  	82.827938 
1966.259656  	83.114753 
1966.616963  	84.981836 
1966.974270  	84.941255 
1967.331577  	84.024805 
1967.688883  	83.813437 
1968.046190  	84.589985 
1968.403497  	85.248146 
1968.760804  	85.265697 
1969.118111  	85.718557 
1969.475418  	87.199364 
1969.832725  	86.684510 
1970.190032  	83.064253 
1970.547338  	82.059694 
1970.904645  	83.246133 
1971.261952  	82.653327 
1971.619259  	82.221934 
1971.976566  	83.946093 
1972.333873  	85.796251 
1972.691180  	85.003784 
1973.048486  	83.916848 
1973.405793  	83.642920 
1973.763100  	82.624676 
1974.120407  	83.915755 
1974.477714  	85.576350 
1974.835021  	84.234550 
1975.192328  	83.081887 
1975.549634  	82.910662 
1975.906941  	82.467693 
1976.264248  	81.629810 
1976.621555  	82.232358 
1976.978862  	83.918277 
1977.336169  	83.792613 
1977.693476  	83.269234 
1978.050782  	83.033572 
1978.408089  	83.525014 
1978.765396  	85.013761 
1979.122703  	85.242673 
1979.480010  	84.616848 
1979.837317  	83.428805 
1980.194624  	82.743672 
1980.551930  	81.800853 
1980.909237  	79.747603 
1981.266544  	81.422271 
1981.623851  	85.270654 
1981.981158  	85.041559 
1982.338465  	82.103789 
1982.695772  	80.864443 
1983.053079  	83.266923 
1983.410385  	85.514573 
1983.767692  	83.812733 
1984.124999  	81.396234 
1984.482306  	81.138942 
1984.839613  	81.248514 
1985.196920  	80.915740 
1985.554227  	81.879617 
1985.911533  	83.076558 
1986.268840  	83.765345 
1986.626147  	85.452596 
1986.983454  	85.665950 
1987.340761  	83.554275 
1987.698068  	82.794001 
1988.055375  	82.174015 
1988.412681  	79.599456 
1988.769988  	79.916771 
1989.127295  	82.977345 
1989.484602  	83.598773 
1989.841909  	83.898308 
1990.199216  	85.445401 
1990.556523  	85.024640 
1990.913829  	82.984961 
1991.271136  	81.554826 
1991.628443  	81.758227 
1991.985750  	82.976223 
1992.343057  	84.197139 
1992.700364  	85.127877 
1993.057671  	85.527348 
1993.414977  	85.021140 
1993.772284  	82.889798 
1994.129591  	82.069954 
1994.486898  	82.842612 
1994.844205  	81.928705 
1995.201512  	82.293469 
1995.558819  	83.582371 
1995.916126  	83.503760 
1996.273432  	84.177997 
1996.630739  	82.556651 
1996.988046  	80.640688 
1997.345353  	82.323555 
1997.702660  	82.986415 
1998.059967  	82.023856 
1998.417274  	80.989869 
1998.774580  	80.068295 
1999.131887  	81.401490 
1999.489194  	83.511375 
1999.846501  	84.186988 
2000.203808  	82.609243 
2000.561115  	81.162991 
2000.918422  	81.899522 
2001.275728  	81.264577 
2001.633035  	80.742396 
2001.990342  	82.340570 
2002.347649  	81.526179 
2002.704956  	80.387979 
2003.062263  	82.548220 
2003.419570  	83.824306 
2003.776876  	82.416873 
2004.134183  	82.164572 
2004.491490  	83.244917 
2004.848797  	83.088123 
2005.206104  	82.651730 
2005.563411  	82.404960 
2005.920718  	82.372257 
2006.278024  	83.743828 
2006.635331  	83.569972 
2006.992638  	81.198180 
2007.349945  	81.236836 
2007.707252  	83.715985 
2008.064559  	84.657682 
2008.421866  	83.972399 
2008.779172  	83.144159 
2009.136479  	82.481206 
2009.493786  	82.332134 
2009.851093  	81.998172 
2010.208400  	80.908526 
2010.565707  	80.604626 
2010.923014  	82.065044 
2011.280321  	84.361782 
2011.637627  	84.592888 
2011.994934  	82.185437 
2012.352241  	82.134611 
2012.709548  	83.565472 
2013.066855  	82.830975 
2013.424162  	82.893417 
2013.781469  	84.114108 
2014.138775  	83.846917 
2014.496082  	83.659406 
2014.853389  	84.454651 
2015.210696  	84.770551 
2015.568003  	83.404930 
2015.925310  	82.058201 
2016.282617  	83.312240 
2016.639923  	84.848814 
2016.997230  	83.843732 
2017.354537  	81.895968 
2017.711844  	80.970120 
2018.069151  	80.861703 
2018.426458  	80.196492 
2018.783765  	79.334240 
2019.141071  	79.327126 
2019.498378  	79.072050 
2019.855685  	77.887157 
2020.212992  	78.022219 
2020.570299  	82.159756 
2020.927606  	85.667915 
2021.284913  	83.154491 
2021.642219  	80.563301 
2021.999526  	81.986216 
2022.356833  	84.151649 
2022.714140  	84.521005 
2023.071447  	83.385724 
2023.428754  	81.093048 
2023.786061  	79.367118 
2024.143368  	80.335002 
2024.500674  	81.159842 
2024.857981  	81.530067 
2025.215288  	82.420755 
2025.572595  	80.864110 
2025.929902  	80.891683 
2026.287209  	82.035524 
2026.644516  	81.302757 
2027.001822  	83.271909 
2027.359129  	83.503960 
2027.716436  	81.641192 
2028.073743  	82.820966 
2028.431050  	82.775775 
2028.788357  	81.988802 
2029.145664  	82.555930 
2029.502970  	83.969646 
2029.860277  	84.134913 
2030.217584  	80.337230 
2030.574891  	79.911188 
2030.932198  	83.015201 
2031.289505  	82.360184 
2031.646812  	80.136305 
2032.004118  	79.276953 
2032.361425  	80.241752 
2032.718732  	82.115376 
2033.076039  	82.372384 
2033.433346  	82.663878 
2033.790653  	83.646509 
2034.147960  	82.557257 
2034.505266  	81.610612 
2034.862573  	83.334013 
2035.219880  	82.380123 
2035.577187  	79.258458 
2035.934494  	80.465322 
2036.291801  	82.324468 
2036.649108  	80.796888 
2037.006415  	80.183919 
2037.363721  	81.953568 
2037.721028  	83.049294 
2038.078335  	82.338667 
2038.435642  	81.573186 
2038.792949  	81.274986 
2039.150256  	81.212983 
2039.507563  	81.475253 
2039.864869  	82.800295 
2040.222176  	83.385271 
2040.579483  	80.987191 
2040.936790  	79.942270 
2041.294097  	81.191480 
2041.651404  	81.463078 
2042.008711  	82.350276 
2042.366017  	83.420863 
2042.723324  	83.400720 
2043.080631  	82.586420 
2043.437938  	80.918614 
2043.795245  	80.214011 
2044.152552  	80.155184 
2044.509859  	80.552235 
2044.867165  	81.809941 
2045.224472  	80.718526 
2045.581779  	78.587414 
2045.939086  	79.144528 
2046.296393  	80.244233 
2046.653700  	80.845906 
2047.011007  	82.446658 
2047.368313  	82.725924 
2047.725620  	81.477114 
2048.082927  	81.316723 
2048.440234  	81.749672 
2048.797541  	81.761671 
2049.154848  	80.650769 
2049.512155  	79.594576 
2049.869462  	80.444500 
2050.226768  	81.272800 
2050.584075  	80.479337 
2050.941382  	79.426625 
2051.298689  	80.439589 
2051.655996  	82.122103 
2052.013303  	80.439530 
2052.370610  	78.680298 
2052.727916  	79.724435 
2053.085223  	80.385703 
2053.442530  	80.713978 
2053.799837  	80.958542 
2054.157144  	79.985765 
2054.514451  	80.253457 
2054.871758  	81.268332 
2055.229064  	80.402795 
2055.586371  	79.924822 
2055.943678  	80.421078 
2056.300985  	79.948545 
2056.658292  	80.520421 
2057.015599  	81.971708 
2057.372906  	81.456685 
2057.730212  	80.506221 
2058.087519  	80.044390 
2058.444826  	79.550815 
2058.802133  	79.471717 
2059.159440  	79.582468 
2059.516747  	79.977958 
2059.874054  	79.845158 
2060.231360  	78.788079 
2060.588667  	79.044221 
2060.945974  	80.864328 
2061.303281  	81.472857 
2061.660588  	80.671106 
2062.017895  	81.121827 
2062.375202  	81.493461 
2062.732509  	79.982475 
2063.089815  	79.395128 
2063.447122  	79.985687 
2063.804429  	80.426955 
2064.161736  	80.883439 
2064.519043  	80.557798 
2064.876350  	80.339694 
2065.233657  	80.945317 
2065.590963  	81.260564 
2065.948270  	80.857254 
2066.305577  	80.279772 
2066.662884  	80.995972 
2067.020191  	81.703705 
2067.377498  	80.898626 
2067.734805  	80.294483 
2068.092111  	80.488848 
2068.449418  	80.980242 
2068.806725  	80.941348 
2069.164032  	80.366412 
2069.521339  	80.696381 
2069.878646  	81.344195 
2070.235953  	81.128663 
2070.593259  	80.671468 
2070.950566  	80.488373 
2071.307873  	79.991772 
2071.665180  	79.533954 
2072.022487  	79.974420 
2072.379794  	80.776329 
2072.737101  	81.038581 
2073.094407  	80.292579 
2073.451714  	79.942795 
2073.809021  	80.671951 
2074.166328  	80.636704 
2074.523635  	80.551294 
2074.880942  	80.927331 
2075.238249  	80.628280 
2075.595556  	80.276262 
2075.952862  	80.271713 
2076.310169  	80.519935 
2076.667476  	80.241634 
2077.024783  	79.642090 
2077.382090  	79.888843 
2077.739397  	80.549504 
2078.096704  	80.884361 
2078.454010  	80.388508 
2078.811317  	80.398881 
2079.168624  	80.992667 
2079.525931  	80.471552 
2079.883238  	79.939905 
2080.240545  	79.398167 
2080.597852  	79.024992 
2080.955158  	79.597441 
2081.312465  	79.856135 
2081.669772  	80.141042 
2082.027079  	80.297123 
2082.384386  	80.237322 
2082.741693  	80.446053 
2083.099000  	80.374310 
2083.456306  	80.865414 
2083.813613  	81.039520 
2084.170920  	80.183759 
2084.528227  	79.865139 
2084.885534  	80.032794 
2085.242841  	80.130098 
2085.600148  	80.033183 
2085.957454  	80.143825 
2086.314761  	80.261827 
2086.672068  	80.199298 
2087.029375  	80.510265 
2087.386682  	80.104054 
2087.743989  	79.535134 
2088.101296  	79.955441 
2088.458602  	80.071054 
2088.815909  	79.866107 
2089.173216  	80.144541 
2089.530523  	80.692611 
2089.887830  	81.082571 
2090.245137  	81.017134 
2090.602444  	80.906687 
2090.959751  	81.428511 
2091.317057  	81.154023 
2091.674364  	79.661223 
2092.031671  	79.985285 
2092.388978  	80.816253 
2092.746285  	80.270175 
2093.103592  	80.830634 
2093.460899  	80.685950 
2093.818205  	79.688599 
2094.175512  	80.609329 
2094.532819  	80.792439 
2094.890126  	79.936862 
2095.247433  	79.923032 
2095.604740  	80.218958 
2095.962047  	81.133239 
2096.319353  	81.249865 
2096.676660  	80.088136 
2097.033967  	79.784004 
2097.391274  	79.813486 
2097.748581  	79.912596 
2098.105888  	80.191851 
2098.463195  	79.770617 
2098.820501  	79.867427 
2099.177808  	80.134492 
2099.535115  	79.929262 
2099.892422  	80.203065 
2100.249729  	79.821454 
2100.607036  	79.139616 
2100.964343  	78.695995 
2101.321649  	78.559768 
2101.678956  	79.865356 
2102.036263  	80.273078 
2102.393570  	79.431856 
2102.750877  	79.423669 
2103.108184  	79.938291 
2103.465491  	81.037214 
2103.822798  	80.698810 
2104.180104  	78.805762 
2104.537411  	78.451692 
2104.894718  	78.587789 
2105.252025  	78.361316 
2105.609332  	79.270845 
2105.966639  	80.399734 
2106.323946  	80.631088 
2106.681252  	80.808609 
2107.038559  	80.472352 
2107.395866  	79.680432 
2107.753173  	79.603672 
2108.110480  	79.463089 
2108.467787  	79.725976 
2108.825094  	79.432180 
2109.182400  	78.001303 
2109.539707  	79.134088 
2109.897014  	80.701567 
2110.254321  	79.687068 
2110.611628  	78.998695 
2110.968935  	79.405706 
2111.326242  	80.014159 
2111.683548  	79.823326 
2112.040855  	79.605844 
2112.398162  	80.158220 
2112.755469  	79.893608 
2113.112776  	79.732393 
2113.470083  	79.635601 
2113.827390  	78.924011 
2114.184696  	79.244955 
2114.542003  	79.794175 
2114.899310  	79.936794 
2115.256617  	80.199123 
2115.613924  	79.640989 
2115.971231  	78.827519 
2116.328538  	79.152056 
2116.685845  	79.795502 
2117.043151  	79.815831 
2117.400458  	80.012976 
2117.757765  	80.525148 
2118.115072  	80.374851 
2118.472379  	79.465128 
2118.829686  	79.154606 
2119.186993  	79.684743 
2119.544299  	79.247928 
2119.901606  	78.274519 
2120.258913  	78.743283 
2120.616220  	80.068481 
2120.973527  	80.363200 
2121.330834  	79.696299 
2121.688141  	78.994127 
2122.045447  	78.144668 
2122.402754  	77.942279 
2122.760061  	78.720137 
2123.117368  	79.448089 
2123.474675  	79.603526 
2123.831982  	79.125173 
2124.189289  	78.904675 
2124.546595  	78.937116 
2124.903902  	78.808386 
2125.261209  	79.044432 
2125.618516  	79.737244 
2125.975823  	80.478868 
2126.333130  	80.120335 
2126.690437  	79.744499 
2127.047743  	79.662367 
2127.405050  	78.873654 
2127.762357  	79.176038 
2128.119664  	79.362013 
2128.476971  	79.302072 
2128.834278  	80.168230 
2129.191585  	79.592319 
2129.548892  	78.974366 
2129.906198  	78.754619 
2130.263505  	78.810966 
2130.620812  	79.952522 
2130.978119  	79.782753 
2131.335426  	79.712500 
2131.692733  	80.117946 
2132.050040  	79.728605 
2132.407346  	79.969872 
2132.764653  	80.233024 
2133.121960  	80.416215 
2133.479267  	79.988383 
2133.836574  	79.194687 
2134.193881  	78.950007 
2134.551188  	78.863054 
2134.908494  	79.768457 
2135.265801  	79.670731 
2135.623108  	79.055191 
2135.980415  	79.848899 
2136.337722  	79.932695 
2136.695029  	79.715863 
2137.052336  	79.416444 
2137.409642  	79.042350 
2137.766949  	79.549047 
2138.124256  	80.099558 
2138.481563  	79.560393 
2138.838870  	78.507973 
2139.196177  	79.060171 
2139.553484  	79.160395 
2139.910790  	78.429648 
2140.268097  	79.074754 
2140.625404  	78.771016 
2140.982711  	78.638574 
2141.340018  	79.111539 
2141.697325  	78.877898 
2142.054632  	79.009311 
2142.411939  	78.041366 
2142.769245  	77.491043 
2143.126552  	77.598527 
2143.483859  	76.534667 
2143.841166  	76.994925 
2144.198473  	78.387511 
2144.555780  	78.687428 
2144.913087  	78.553444 
2145.270393  	79.120856 
2145.627700  	79.200791 
2145.985007  	77.085356 
2146.342314  	76.119570 
2146.699621  	77.635323 
2147.056928  	79.067599 
2147.414235  	78.526822 
2147.771541  	76.221467 
2148.128848  	75.945472 
2148.486155  	77.502081 
2148.843462  	78.750180 
2149.200769  	80.222421 
2149.558076  	79.854017 
2149.915383  	78.312073 
2150.272689  	78.732054 
2150.629996  	79.593071 
2150.987303  	79.652154 
2151.344610  	80.220339 
2151.701917  	80.210191 
2152.059224  	78.988553 
2152.416531  	78.540652 
2152.773837  	78.415935 
2153.131144  	77.503908 
2153.488451  	77.613774 
2153.845758  	78.769317 
2154.203065  	77.859799 
2154.560372  	76.427428 
2154.917679  	78.882927 
2155.274986  	80.272104 
2155.632292  	77.715605 
2155.989599  	76.883910 
2156.346906  	76.913665 
2156.704213  	77.211497 
2157.061520  	79.604350 
2157.418827  	81.424910 
2157.776134  	82.146083 
2158.133440  	80.723903 
2158.490747  	78.621888 
2158.848054  	79.308697 
2159.205361  	79.522936 
2159.562668  	78.243574 
2159.919975  	76.546537 
2160.277282  	75.674046 
2160.634588  	78.001444 
2160.991895  	79.668225 
2161.349202  	77.929418 
2161.706509  	75.719291 
2162.063816  	75.144717 
2162.421123  	77.359203 
2162.778430  	78.347324 
2163.135736  	74.889200 
2163.493043  	73.152038 
2163.850350  	75.834350 
2164.207657  	78.664158 
2164.564964  	79.317728 
2164.922271  	78.861306 
2165.279578  	79.399187 
2165.636884  	80.454434 
2165.994191  	79.278787 
2166.351498  	77.917768 
2166.708805  	78.447217 
2167.066112  	77.847395 
2167.423419  	77.110532 
2167.780726  	77.804398 
2168.138032  	77.866154 
2168.495339  	77.860422 
2168.852646  	78.306341 
2169.209953  	79.153115 
2169.567260  	79.778420 
2169.924567  	79.574712 
2170.281874  	80.186343 
2170.639181  	78.934838 
2170.996487  	75.673409 
2171.353794  	75.885864 
2171.711101  	77.240675 
2172.068408  	76.986631 
2172.425715  	78.457984 
2172.783022  	80.808020 
2173.140329  	81.175540 
2173.497635  	79.918159 
2173.854942  	78.798708 
2174.212249  	78.893163 
2174.569556  	80.164200 
2174.926863  	80.550893 
2175.284170  	78.679436 
2175.641477  	76.895699 
2175.998783  	76.285440 
2176.356090  	76.900046 
2176.713397  	78.252547 
2177.070704  	77.996829 
2177.428011  	78.387052 
2177.785318  	79.209974 
2178.142625  	76.504058 
2178.499931  	75.475322 
2178.857238  	78.676853 
2179.214545  	80.880413 
2179.571852  	81.006395 
2179.929159  	78.937905 
2180.286466  	76.130565 
2180.643773  	76.237489 
2181.001079  	77.751139 
2181.358386  	78.828691 
2181.715693  	79.136265 
2182.073000  	77.888914 
2182.430307  	76.889742 
2182.787614  	76.576415 
2183.144921  	76.014203 
2183.502228  	77.419264 
2183.859534  	80.106410 
2184.216841  	79.100001 
2184.574148  	75.920852 
2184.931455  	75.091239 
2185.288762  	76.319170 
2185.646069  	77.918408 
2186.003376  	78.516091 
2186.360682  	77.741014 
2186.717989  	76.764732 
2187.075296  	76.510099 
2187.432603  	77.569762 
2187.789910  	78.199199 
2188.147217  	78.205114 
2188.504524  	78.903051 
2188.861830  	78.024776 
2189.219137  	76.374315 
2189.576444  	76.130513 
2189.933751  	76.072534 
2190.291058  	76.190192 
2190.648365  	75.911668 
2191.005672  	75.150337 
2191.362978  	75.292020 
2191.720285  	76.300293 
2192.077592  	77.154561 
2192.434899  	76.796430 
2192.792206  	76.699080 
2193.149513  	77.492571 
2193.506820  	76.875847 
2193.864126  	76.537748 
2194.221433  	77.505512 
2194.578740  	77.125943 
2194.936047  	76.180470 
2195.293354  	76.619956 
2195.650661  	77.865211 
2196.007968  	78.347066 
2196.365275  	77.311072 
2196.722581  	76.866816 
2197.079888  	77.595085 
2197.437195  	77.895597 
2197.794502  	78.415861 
2198.151809  	78.716287 
2198.509116  	77.981443 
2198.866423  	77.737607 
2199.223729  	77.755844 
2199.581036  	76.904397 
2199.938343  	75.708426 
2200.295650  	75.365336 
2200.652957  	76.931274 
2201.010264  	78.709677 
2201.367571  	78.309561 
2201.724877  	77.077221 
2202.082184  	76.163712 
2202.439491  	75.907552 
2202.796798  	78.083844 
2203.154105  	79.585895 
2203.511412  	77.533496 
2203.868719  	76.409205 
2204.226025  	75.679827 
2204.583332  	74.943938 
2204.940639  	77.147137 
2205.297946  	78.234574 
2205.655253  	77.626487 
2206.012560  	78.387703 
2206.369867  	78.415211 
2206.727173  	77.534671 
2207.084480  	77.041974 
2207.441787  	77.686823 
2207.799094  	77.933602 
2208.156401  	76.564504 
2208.513708  	76.382816 
2208.871015  	76.768763 
2209.228322  	76.910940 
2209.585628  	77.112592 
2209.942935  	76.134472 
2210.300242  	76.211490 
2210.657549  	77.220148 
2211.014856  	76.269737 
2211.372163  	75.173435 
2211.729470  	76.326675 
2212.086776  	77.369640 
2212.444083  	76.926281 
2212.801390  	76.973337 
2213.158697  	76.857509 
2213.516004  	76.695175 
2213.873311  	77.815011 
2214.230618  	78.195130 
2214.587924  	77.360015 
2214.945231  	77.045907 
2215.302538  	77.442747 
2215.659845  	77.497864 
2216.017152  	77.107169 
2216.374459  	76.691744 
2216.731766  	75.807213 
2217.089072  	75.615785 
2217.446379  	75.862597 
2217.803686  	75.402916 
2218.160993  	76.060930 
2218.518300  	77.412741 
2218.875607  	77.754851 
2219.232914  	77.364148 
2219.590220  	77.054466 
2219.947527  	76.535449 
2220.304834  	75.356171 
2220.662141  	75.826848 
2221.019448  	77.359679 
2221.376755  	77.343189 
2221.734062  	77.116092 
2222.091369  	77.184690 
2222.448675  	77.152852 
2222.805982  	76.910878 
2223.163289  	76.090133 
2223.520596  	75.576668 
2223.877903  	76.323561 
2224.235210  	77.927859 
2224.592517  	77.708196 
2224.949823  	76.042979 
2225.307130  	76.142359 
2225.664437  	76.822675 
2226.021744  	76.322490 
2226.379051  	76.276637 
2226.736358  	77.317234 
2227.093665  	77.243134 
2227.450971  	76.135854 
2227.808278  	76.268402 
2228.165585  	76.115781 
2228.522892  	75.246029 
2228.880199  	75.641120 
2229.237506  	76.406367 
2229.594813  	76.905353 
2229.952119  	77.063984 
2230.309426  	77.039356 
2230.666733  	77.902732 
2231.024040  	77.734804 
2231.381347  	76.051298 
2231.738654  	75.889139 
2232.095961  	76.436528 
2232.453267  	75.835467 
2232.810574  	75.922722 
2233.167881  	76.662280 
2233.525188  	76.226301 
2233.882495  	76.097730 
2234.239802  	76.701661 
2234.597109  	76.375945 
2234.954416  	75.636645 
2235.311722  	75.510495 
2235.669029  	75.542456 
2236.026336  	75.432034 
2236.383643  	76.279857 
2236.740950  	77.362513 
2237.098257  	75.955920 
2237.455564  	74.386744 
2237.812870  	74.931980 
2238.170177  	75.203946 
2238.527484  	75.486311 
2238.884791  	76.506144 
2239.242098  	76.941629 
2239.599405  	76.865135 
2239.956712  	76.190055 
2240.314018  	75.116262 
2240.671325  	74.356310 
2241.028632  	73.893564 
2241.385939  	74.427512 
2241.743246  	75.822599 
2242.100553  	76.406004 
2242.457860  	76.114525 
2242.815166  	75.946750 
2243.172473  	75.496693 
2243.529780  	75.600068 
2243.887087  	76.562169 
2244.244394  	75.960764 
2244.601701  	75.085904 
2244.959008  	76.091571 
2245.316314  	77.193549 
2245.673621  	76.915000 
2246.030928  	75.514645 
2246.388235  	74.454314 
2246.745542  	74.373843 
2247.102849  	75.064971 
2247.460156  	76.768125 
2247.817463  	77.535769 
2248.174769  	76.554658 
2248.532076  	75.963002 
2248.889383  	75.908677 
2249.246690  	75.726912 
2249.603997  	76.369208 
2249.961304  	77.201854 
2250.318611  	76.541119 
2250.675917  	75.511562 
2251.033224  	74.880539 
2251.390531  	74.883989 
2251.747838  	75.703991 
2252.105145  	75.468715 
2252.462452  	75.231740 
2252.819759  	76.052750 
2253.177065  	76.271847 
2253.534372  	75.962713 
2253.891679  	75.126449 
2254.248986  	74.796980 
2254.606293  	74.927509 
2254.963600  	74.434220 
2255.320907  	75.257902 
2255.678213  	75.730668 
2256.035520  	74.393707 
2256.392827  	74.334348 
2256.750134  	75.368072 
2257.107441  	75.877246 
2257.464748  	75.806474 
2257.822055  	75.455709 
2258.179361  	75.155406 
2258.536668  	75.116901 
2258.893975  	75.534168 
2259.251282  	75.667603 
2259.608589  	75.258702 
2259.965896  	75.169319 
2260.323203  	75.643600 
2260.680509  	76.049083 
2261.037816  	75.942026 
2261.395123  	75.246252 
2261.752430  	74.440836 
2262.109737  	74.548607 
2262.467044  	74.947380 
2262.824351  	75.481427 
2263.181658  	76.238207 
2263.538964  	75.616622 
2263.896271  	74.709468 
2264.253578  	74.524669 
2264.610885  	74.742917 
2264.968192  	75.303546 
2265.325499  	75.015179 
2265.682806  	75.169521 
2266.040112  	75.990408 
2266.397419  	75.741679 
2266.754726  	75.475758 
2267.112033  	75.286353 
2267.469340  	75.054429 
2267.826647  	75.022728 
2268.183954  	75.078321 
2268.541260  	75.703395 
2268.898567  	75.669682 
2269.255874  	75.143285 
2269.613181  	75.327368 
2269.970488  	75.145417 
2270.327795  	74.774449 
2270.685102  	75.188957 
2271.042408  	75.374649 
2271.399715  	74.747838 
2271.757022  	74.307940 
2272.114329  	74.245589 
2272.471636  	74.363559 
2272.828943  	74.694814 
2273.186250  	74.827292 
2273.543556  	75.090517 
2273.900863  	75.281298 
2274.258170  	75.090949 
2274.615477  	75.457291 
2274.972784  	76.025447 
2275.330091  	75.828561 
2275.687398  	75.497865 
2276.044705  	75.654183 
2276.402011  	75.518333 
2276.759318  	75.052575 
2277.116625  	74.513165 
2277.473932  	73.725648 
2277.831239  	74.084337 
2278.188546  	75.209930 
2278.545853  	75.374031 
2278.903159  	75.149524 
2279.260466  	74.895818 
2279.617773  	75.046872 
2279.975080  	75.738740 
2280.332387  	75.641373 
2280.689694  	74.725557 
2281.047001  	74.354032 
2281.404307  	75.082613 
2281.761614  	75.488192 
2282.118921  	74.836236 
2282.476228  	74.313243 
2282.833535  	74.371666 
2283.190842  	74.660029 
2283.548149  	74.519811 
2283.905455  	74.398448 
2284.262762  	75.002462 
2284.620069  	75.042805 
2284.977376  	74.472423 
2285.334683  	74.563839 
2285.691990  	74.726063 
2286.049297  	74.339278 
2286.406603  	73.942241 
2286.763910  	74.095250 
2287.121217  	74.572084 
2287.478524  	74.296628 
2287.835831  	74.027654 
2288.193138  	74.803991 
2288.550445  	74.989137 
2288.907752  	74.569449 
2289.265058  	74.503756 
2289.622365  	74.494730 
2289.979672  	74.924753 
2290.336979  	74.818661 
2290.694286  	74.518617 
2291.051593  	75.098929 
2291.408900  	74.755226 
2291.766206  	73.981078 
2292.123513  	74.097939 
2292.480820  	74.487895 
2292.838127  	74.807447 
2293.195434  	74.616212 
2293.552741  	74.389221 
2293.910048  	74.200977 
2294.267354  	73.871375 
2294.624661  	73.870013 
2294.981968  	73.936154 
2295.339275  	74.372956 
2295.696582  	74.808864 
2296.053889  	74.516943 
2296.411196  	74.151832 
2296.768502  	74.197327 
2297.125809  	74.339864 
2297.483116  	73.962101 
2297.840423  	73.789442 
2298.197730  	74.274455 
2298.555037  	74.124070 
2298.912344  	73.636215 
2299.269650  	73.886099 
2299.626957  	74.285435 
2299.984264  	74.167564 
2300.341571  	73.993934 
2300.698878  	73.819771 
2301.056185  	73.630289 
2301.413492  	74.025488 
2301.770799  	74.168731 
2302.128105  	74.130841 
2302.485412  	74.425092 
2302.842719  	74.123902 
2303.200026  	73.835949 
2303.557333  	73.671606 
2303.914640  	73.296544 
2304.271947  	73.824525 
2304.629253  	74.543685 
2304.986560  	74.112558 
2305.343867  	73.598274 
2305.701174  	73.724315 
2306.058481  	73.990072 
2306.415788  	74.569699 
2306.773095  	74.612904 
2307.130401  	73.327009 
2307.487708  	72.844518 
2307.845015  	73.336020 
2308.202322  	73.612070 
2308.559629  	73.905552 
2308.916936  	73.932824 
2309.274243  	73.405724 
2309.631549  	72.975373 
2309.988856  	73.269190 
2310.346163  	73.804120 
2310.703470  	74.064160 
2311.060777  	74.006447 
2311.418084  	73.230427 
2311.775391  	73.007341 
2312.132697  	73.528080 
2312.490004  	73.830508 
2312.847311  	74.362621 
2313.204618  	74.185917 
2313.561925  	72.907409 
2313.919232  	73.013983 
2314.276539  	73.819557 
2314.633846  	74.230029 
2314.991152  	74.560677 
2315.348459  	73.834471 
2315.705766  	72.532023 
2316.063073  	73.095442 
2316.420380  	73.702383 
2316.777687  	73.903962 
2317.134994  	74.236871 
2317.492300  	72.721610 
2317.849607  	71.937650 
2318.206914  	73.104359 
2318.564221  	74.301250 
2318.921528  	75.121932 
2319.278835  	73.479503 
2319.636142  	71.260422 
2319.993448  	72.212315 
2320.350755  	73.714518 
2320.708062  	75.011429 
2321.065369  	74.851044 
2321.422676  	72.246307 
2321.779983  	71.613051 
2322.137290  	73.237909 
2322.494596  	74.811825 
2322.851903  	75.135886 
2323.209210  	72.935800 
2323.566517  	70.767468 
2323.923824  	72.186935 
2324.281131  	73.935128 
2324.638438  	74.251516 
2324.995744  	73.160352 
2325.353051  	70.896936 
2325.710358  	71.613604 
2326.067665  	73.919393 
2326.424972  	75.177287 
2326.782279  	74.985925 
2327.139586  	72.136506 
2327.496893  	71.236433 
2327.854199  	73.212115 
2328.211506  	74.654455 
2328.568813  	75.148776 
2328.926120  	72.657489 
2329.283427  	70.845389 
2329.640734  	72.894585 
2329.998041  	74.801075 
2330.355347  	75.442789 
2330.712654  	72.634500 
2331.069961  	70.571432 
2331.427268  	72.868314 
2331.784575  	74.723469 
2332.141882  	75.301651 
2332.499189  	73.021433 
2332.856495  	70.708251 
2333.213802  	72.748058 
2333.571109  	75.022535 
2333.928416  	75.735952 
2334.285723  	73.155915 
2334.643030  	70.712461 
2335.000337  	72.365182 
2335.357643  	74.316863 
2335.714950  	75.014980 
2336.072257  	73.057064 
2336.429564  	71.139157 
2336.786871  	72.821953 
2337.144178  	74.882495 
2337.501485  	75.195622 
2337.858791  	72.450102 
2338.216098  	70.733709 
2338.573405  	72.564770 
2338.930712  	74.747269 
2339.288019  	74.787242 
2339.645326  	72.026574 
2340.002633  	71.503009 
2340.359939  	73.164611 
2340.717246  	74.684311 
2341.074553  	74.122458 
2341.431860  	71.495177 
2341.789167  	71.628464 
2342.146474  	73.363149 
2342.503781  	74.395303 
2342.861088  	73.096107 
2343.218394  	71.201770 
2343.575701  	72.263647 
2343.933008  	74.251437 
2344.290315  	74.362677 
2344.647622  	71.680353 
2345.004929  	71.037894 
2345.362236  	72.819856 
2345.719542  	73.765312 
2346.076849  	72.185038 
2346.434156  	70.776651 
2346.791463  	71.912641 
2347.148770  	73.130758 
2347.506077  	73.007356 
2347.863384  	71.819739 
2348.220690  	71.624575 
2348.577997  	72.498413 
2348.935304  	73.061639 
2349.292611  	73.304665 
2349.649918  	73.520831 
2350.007225  	73.090459 
2350.364532  	72.486205 
2350.721838  	73.007933 
2351.079145  	74.104186 
2351.436452  	73.765371 
2351.793759  	71.803668 
2352.151066  	71.957069 
2352.508373  	73.573940 
2352.865680  	73.997916 
2353.222986  	72.551570 
2353.580293  	72.085754 
2353.937600  	73.822881 
2354.294907  	74.982184 
2354.652214  	72.597837 
2355.009521  	71.220882 
2355.366828  	73.314361 
2355.724135  	74.285770 
2356.081441  	72.138036 
2356.438748  	71.286013 
2356.796055  	73.314064 
2357.153362  	74.396554 
2357.510669  	72.299081 
2357.867976  	70.941050 
2358.225283  	72.788362 
2358.582589  	73.566679 
2358.939896  	71.146208 
2359.297203  	70.646251 
2359.654510  	73.036947 
2360.011817  	73.882038 
2360.369124  	72.331471 
2360.726431  	72.373614 
2361.083737  	73.962980 
2361.441044  	74.137468 
2361.798351  	71.696750 
2362.155658  	71.267431 
2362.512965  	73.081753 
2362.870272  	73.121283 
2363.227579  	71.172676 
2363.584885  	72.122830 
2363.942192  	73.449519 
2364.299499  	71.860108 
2364.656806  	70.937277 
2365.014113  	73.149923 
2365.371420  	74.131794 
2365.728727  	72.477595 
2366.086033  	72.502503 
2366.443340  	73.333349 
2366.800647  	71.742665 
2367.157954  	70.391457 
2367.515261  	72.090445 
2367.872568  	73.152033 
2368.229875  	71.884793 
2368.587182  	71.478794 
2368.944488  	72.492297 
2369.301795  	71.974032 
2369.659102  	70.961260 
2370.016409  	72.438560 
2370.373716  	72.852014 
2370.731023  	70.843959 
2371.088330  	71.637490 
2371.445636  	72.923622 
2371.802943  	71.363313 
2372.160250  	71.438694 
2372.517557  	72.658486 
2372.874864  	71.278250 
2373.232171  	70.861269 
2373.589478  	72.117308 
2373.946784  	71.062789 
2374.304091  	70.158575 
2374.661398  	71.500341 
2375.018705  	71.663260 
2375.376012  	71.205773 
2375.733319  	71.841630 
2376.090626  	71.375195 
2376.447932  	71.167692 
2376.805239  	72.207193 
2377.162546  	71.562940 
2377.519853  	71.125685 
2377.877160  	71.875480 
2378.234467  	71.366982 
2378.591774  	71.512339 
2378.949080  	72.025439 
2379.306387  	71.554183 
2379.663694  	71.708726 
2380.021001  	71.358122 
2380.378308  	70.959797 
2380.735615  	71.554542 
2381.092922  	71.415983 
2381.450229  	71.412596 
2381.807535  	71.838539 
2382.164842  	71.812365 
2382.522149  	71.802777 
2382.879456  	71.532907 
2383.236763  	71.379966 
2383.594070  	71.428842 
2383.951377  	71.327113 
2384.308683  	71.525083 
2384.665990  	71.397945 
2385.023297  	71.113051 
2385.380604  	71.378675 
2385.737911  	71.525341 
2386.095218  	71.512254 
2386.452525  	71.641779 
2386.809831  	71.645949 
2387.167138  	71.627078 
2387.524445  	71.776075 
2387.881752  	71.639255 
2388.239059  	71.109956 
2388.596366  	70.984625 
2388.953673  	71.233372 
2389.310979  	71.276595 
2389.668286  	71.271400 
2390.025593  	71.241234 
2390.382900  	71.134101 
2390.740207  	71.193114 
2391.097514  	71.393640 
2391.454821  	71.430365 
2391.812127  	71.354516 
2392.169434  	71.576769 
2392.526741  	71.731310 
2392.884048  	71.486705 
2393.241355  	71.496053 
2393.598662  	71.631675 
2393.955969  	71.393379 
2394.313276  	71.138832 
2394.670582  	71.050026 
2395.027889  	71.037264 
2395.385196  	71.091871 
2395.742503  	71.298544 
2396.099810  	71.434856 
2396.457117  	71.207054 
2396.814424  	71.145256 
2397.171730  	71.130760 
2397.529037  	70.891357 
2397.886344  	71.061935 
2398.243651  	71.121951 
2398.600958  	70.807910 
2398.958265  	70.736979 
2399.315572  	70.597239 
2399.672878  	70.699730 
2400.030185  	71.179103 
2400.387492  	71.129072 
2400.744799  	70.791554 
2401.102106  	70.752247 
2401.459413  	70.989179 
2401.816720  	71.306715 
2402.174026  	71.329284 
2402.531333  	71.149555 
2402.888640  	70.984958 
2403.245947  	70.822956 
2403.603254  	70.936601 
2403.960561  	71.162979 
2404.317868  	71.027835 
2404.675174  	70.798786 
2405.032481  	70.730491 
2405.389788  	70.639512 
2405.747095  	70.569484 
2406.104402  	70.556312 
2406.461709  	70.459920 
2406.819016  	70.429854 
2407.176323  	70.633865 
2407.533629  	70.770300 
2407.890936  	70.707356 
2408.248243  	70.685339 
2408.605550  	70.676737 
2408.962857  	70.548850 
2409.320164  	70.448338 
2409.677471  	70.571674 
2410.034777  	70.563892 
2410.392084  	70.270825 
2410.749391  	70.218357 
2411.106698  	70.244849 
2411.464005  	70.324635 
2411.821312  	70.693812 
2412.178619  	70.777106 
2412.535925  	70.654467 
2412.893232  	70.619020 
2413.250539  	70.602971 
2413.607846  	70.672202 
2413.965153  	70.493254 
2414.322460  	70.305340 
2414.679767  	70.352088 
2415.037073  	70.256383 
2415.394380  	70.090489 
2415.751687  	69.993748 
2416.108994  	70.052799 
2416.466301  	70.003824 
2416.823608  	69.830896 
2417.180915  	70.133037 
2417.538221  	70.466566 
2417.895528  	70.358346 
2418.252835  	70.188469 
2418.610142  	70.131857 
2418.967449  	70.235280 
2419.324756  	70.366114 
2419.682063  	70.341145 
2420.039369  	70.168356 
2420.396676  	69.915139 
2420.753983  	69.886565 
2421.111290  	70.345024 
2421.468597  	70.628820 
2421.825904  	70.180004 
2422.183211  	69.953226 
2422.540518  	70.181806 
2422.897824  	70.024019 
2423.255131  	69.734218 
2423.612438  	69.797168 
2423.969745  	70.256531 
2424.327052  	70.589988 
2424.684359  	70.347870 
2425.041666  	70.212661 
2425.398972  	70.272153 
2425.756279  	70.239113 
2426.113586  	70.352979 
2426.470893  	70.388925 
2426.828200  	70.204203 
2427.185507  	70.044466 
2427.542814  	70.185958 
2427.900120  	70.340180 
2428.257427  	70.077815 
2428.614734  	69.861280 
2428.972041  	69.779819 
2429.329348  	69.769121 
2429.686655  	70.013457 
2430.043962  	70.178739 
2430.401268  	70.307882 
2430.758575  	70.392247 
2431.115882  	70.375383 
2431.473189  	70.330115 
2431.830496  	69.890961 
2432.187803  	69.444377 
2432.545110  	69.401539 
2432.902416  	69.733510 
2433.259723  	70.239838 
2433.617030  	70.059415 
2433.974337  	69.532081 
2434.331644  	69.437908 
2434.688951  	69.559502 
2435.046258  	69.769512 
2435.403565  	69.883242 
2435.760871  	69.966848 
2436.118178  	69.794599 
2436.475485  	69.418354 
2436.832792  	69.585511 
2437.190099  	69.630671 
2437.547406  	69.466540 
2437.904713  	69.570370 
2438.262019  	69.444295 
2438.619326  	69.559946 
2438.976633  	69.604625 
2439.333940  	69.070223 
2439.691247  	68.986947 
2440.048554  	69.140933 
2440.405861  	69.156731 
2440.763167  	69.282372 
2441.120474  	69.093911 
2441.477781  	68.870499 
2441.835088  	69.107864 
2442.192395  	69.434353 
2442.549702  	69.584689 
2442.907009  	69.599392 
2443.264315  	69.478835 
2443.621622  	69.314432 
2443.978929  	69.346442 
2444.336236  	69.650004 
2444.693543  	69.642022 
2445.050850  	69.258362 
2445.408157  	69.336773 
2445.765463  	69.316419 
2446.122770  	68.862831 
2446.480077  	68.995817 
2446.837384  	69.320392 
2447.194691  	69.477845 
2447.551998  	69.284134 
2447.909305  	68.375247 
2448.266612  	68.305244 
2448.623918  	69.013466 
2448.981225  	68.861603 
2449.338532  	68.502146 
2449.695839  	68.638612 
2450.053146  	68.928683 
2450.410453  	68.923238 
2450.767760  	68.716108 
2451.125066  	68.861829 
2451.482373  	68.715016 
2451.839680  	68.219561 
2452.196987  	68.396745 
2452.554294  	68.702390 
2452.911601  	68.624920 
2453.268908  	68.600944 
2453.626214  	68.530828 
2453.983521  	68.550491 
2454.340828  	68.636881 
2454.698135  	68.386000 
2455.055442  	68.339546 
2455.412749  	68.606120 
2455.770056  	68.595442 
2456.127362  	68.422120 
2456.484669  	68.422092 
2456.841976  	68.689060 
2457.199283  	68.592899 
2457.556590  	68.163143 
2457.913897  	68.516990 
2458.271204  	69.017307 
2458.628510  	68.818472 
2458.985817  	68.569277 
2459.343124  	68.337519 
2459.700431  	68.007912 
2460.057738  	67.996643 
2460.415045  	68.430262 
2460.772352  	68.743508 
2461.129659  	68.758469 
2461.486965  	68.976116 
2461.844272  	68.984044 
2462.201579  	68.670846 
2462.558886  	68.605330 
2462.916193  	68.540164 
2463.273500  	68.542841 
2463.630807  	68.713849 
2463.988113  	68.739704 
2464.345420  	68.663520 
2464.702727  	68.580581 
2465.060034  	68.828137 
2465.417341  	69.122578 
2465.774648  	68.925174 
2466.131955  	68.705480 
2466.489261  	68.561172 
2466.846568  	68.417754 
2467.203875  	68.524436 
2467.561182  	68.751247 
2467.918489  	68.964473 
2468.275796  	68.882133 
2468.633103  	68.528621 
2468.990409  	68.385962 
2469.347716  	68.673757 
2469.705023  	68.986463 
2470.062330  	68.657064 
2470.419637  	68.326665 
2470.776944  	68.433942 
2471.134251  	68.495876 
2471.491557  	68.779513 
2471.848864  	68.732146 
2472.206171  	68.372919 
2472.563478  	68.763744 
2472.920785  	68.918678 
2473.278092  	68.360361 
2473.635399  	68.095655 
2473.992706  	68.328625 
2474.350012  	68.599304 
2474.707319  	68.347584 
2475.064626  	68.214678 
2475.421933  	68.536389 
2475.779240  	68.428098 
2476.136547  	68.261960 
2476.493854  	68.621708 
2476.851160  	68.983213 
2477.208467  	68.950998 
2477.565774  	68.576723 
2477.923081  	68.034634 
2478.280388  	67.776481 
2478.637695  	68.061130 
2478.995002  	68.226009 
2479.352308  	68.030303 
2479.709615  	67.920209 
2480.066922  	67.903953 
2480.424229  	67.968735 
2480.781536  	67.999025 
2481.138843  	67.952813 
2481.496150  	67.785479 
2481.853456  	67.482411 
2482.210763  	67.634659 
2482.568070  	68.140904 
2482.925377  	68.386239 
2483.282684  	68.100017 
2483.639991  	67.612067 
2483.997298  	67.636718 
2484.354604  	67.609777 
2484.711911  	67.376288 
2485.069218  	67.580276 
2485.426525  	67.706577 
2485.783832  	67.934815 
2486.141139  	68.346762 
2486.498446  	68.097093 
2486.855753  	67.683158 
2487.213059  	67.721069 
2487.570366  	67.787576 
2487.927673  	67.639173 
2488.284980  	67.549184 
2488.642287  	67.476630 
2488.999594  	67.351075 
2489.356901  	67.638474 
2489.714207  	67.951815 
2490.071514  	67.688697 
2490.428821  	67.253461 
2490.786128  	67.035633 
2491.143435  	67.274009 
2491.500742  	67.563165 
2491.858049  	67.353968 
2492.215355  	67.141648 
2492.572662  	67.309471 
2492.929969  	67.525104 
2493.287276  	67.428576 
2493.644583  	67.386389 
2494.001890  	67.810626 
2494.359197  	68.097708 
2494.716503  	68.010410 
2495.073810  	67.836170 
2495.431117  	67.682166 
2495.788424  	67.827074 
2496.145731  	67.866261 
2496.503038  	67.520897 
2496.860345  	67.421851 
2497.217651  	67.450929 
2497.574958  	67.412629 
2497.932265  	67.580150 
2498.289572  	67.450825 
2498.646879  	67.109032 
2499.004186  	67.396095 
2499.361493  	67.788847 
2499.718800  	67.527982 
2500.076106  	67.215325 
2500.433413  	67.342563 
2500.790720  	67.500200 
2501.148027  	67.413199 
2501.505334  	67.146754 
2501.862641  	66.850545 
2502.219948  	66.949640 
2502.577254  	67.247815 
2502.934561  	67.302299 
2503.291868  	67.431466 
2503.649175  	67.353917 
2504.006482  	67.052549 
2504.363789  	67.049525 
2504.721096  	66.830127 
2505.078402  	66.624850 
2505.435709  	66.904216 
2505.793016  	67.055418 
2506.150323  	66.990508 
2506.507630  	66.865470 
2506.864937  	66.642267 
2507.222244  	66.460281 
2507.579550  	66.665706 
2507.936857  	67.057473 
2508.294164  	66.898795 
2508.651471  	66.822562 
2509.008778  	67.148512 
2509.366085  	67.137664 
2509.723392  	66.879594 
2510.080698  	66.510614 
2510.438005  	66.508545 
2510.795312  	66.776955 
2511.152619  	66.419606 
2511.509926  	66.038827 
2511.867233  	65.929153 
2512.224540  	65.905594 
2512.581846  	66.277604 
2512.939153  	66.578432 
2513.296460  	66.606619 
2513.653767  	66.481380 
2514.011074  	66.198902 
2514.368381  	66.091412 
2514.725688  	66.177254 
2515.082995  	66.329529 
2515.440301  	66.344112 
2515.797608  	66.119912 
2516.154915  	65.945304 
2516.512222  	65.900202 
2516.869529  	66.035084 
2517.226836  	66.278027 
2517.584143  	66.375972 
2517.941449  	66.414270 
2518.298756  	66.325084 
2518.656063  	65.961546 
2519.013370  	65.723287 
2519.370677  	65.829513 
2519.727984  	66.011091 
2520.085291  	66.139995 
2520.442597  	66.057070 
2520.799904  	65.923478 
2521.157211  	66.231023 
2521.514518  	66.409990 
2521.871825  	65.956611 
2522.229132  	65.717798 
2522.586439  	65.895894 
2522.943745  	66.043642 
2523.301052  	66.119093 
2523.658359  	65.894487 
2524.015666  	65.791155 
2524.372973  	66.114082 
2524.730280  	65.885958 
2525.087587  	65.375563 
2525.444893  	65.548447 
2525.802200  	65.783931 
2526.159507  	65.513875 
2526.516814  	65.315554 
2526.874121  	65.683487 
2527.231428  	65.911910 
2527.588735  	65.510547 
2527.946042  	65.394959 
2528.303348  	65.620020 
2528.660655  	65.663792 
2529.017962  	65.774489 
2529.375269  	65.782684 
2529.732576  	65.604467 
2530.089883  	65.540537 
2530.447190  	65.337345 
2530.804496  	65.063124 
2531.161803  	65.307594 
2531.519110  	65.702238 
2531.876417  	65.559192 
2532.233724  	65.164703 
2532.591031  	64.772650 
2532.948338  	64.742848 
2533.305644  	65.352551 
2533.662951  	65.619420 
2534.020258  	65.247361 
2534.377565  	64.957249 
2534.734872  	64.755397 
2535.092179  	64.696773 
2535.449486  	64.798152 
2535.806792  	64.830792 
2536.164099  	64.863709 
2536.521406  	64.772083 
2536.878713  	64.797168 
2537.236020  	65.114280 
2537.593327  	64.953173 
2537.950634  	64.596051 
2538.307940  	64.727736 
2538.665247  	64.671244 
2539.022554  	64.373937 
2539.379861  	64.391458 
2539.737168  	64.643019 
2540.094475  	64.742007 
2540.451782  	64.511481 
2540.809089  	64.705150 
2541.166395  	65.215112 
2541.523702  	65.065413 
2541.881009  	64.657071 
2542.238316  	64.405392 
2542.595623  	64.353028 
2542.952930  	64.535935 
2543.310237  	64.661829 
2543.667543  	64.912099 
2544.024850  	65.171964 
2544.382157  	65.141703 
2544.739464  	64.873917 
2545.096771  	64.559181 
2545.454078  	64.686379 
2545.811385  	64.799463 
2546.168691  	64.491079 
2546.525998  	64.419440 
2546.883305  	64.561175 
2547.240612  	64.702600 
2547.597919  	64.616041 
2547.955226  	64.050251 
2548.312533  	63.961586 
2548.669839  	64.501159 
2549.027146  	64.575421 
2549.384453  	64.482429 
2549.741760  	64.574210 
2550.099067  	64.354892 
2550.456374  	64.439566 
2550.813681  	64.998396 
2551.170987  	65.119103 
2551.528294  	65.039068 
2551.885601  	65.188644 
2552.242908  	65.189723 
2552.600215  	64.973261 
2552.957522  	64.798776 
2553.314829  	64.777434 
2553.672136  	65.052457 
2554.029442  	65.545304 
2554.386749  	65.531459 
2554.744056  	64.978356 
2555.101363  	64.781693 
2555.458670  	64.918317 
2555.815977  	65.032056 
2556.173284  	65.151759 
2556.530590  	65.065312 
2556.887897  	65.002788 
2557.245204  	65.160266 
2557.602511  	65.267799 
2557.959818  	65.479840 
2558.317125  	65.763295 
2558.674432  	65.818947 
2559.031738  	65.643443 
2559.389045  	65.379201 
2559.746352  	65.451453 
2560.103659  	65.618450 
2560.460966  	65.406392 
2560.818273  	65.374425 
2561.175580  	65.474455 
2561.532886  	65.388755 
2561.890193  	65.833568 
2562.247500  	66.561333 
2562.604807  	66.359849 
2562.962114  	65.652107 
2563.319421  	65.592031 
2563.676728  	65.885452 
2564.034034  	66.247164 
2564.391341  	66.685854 
2564.748648  	66.639574 
2565.105955  	66.586379 
2565.463262  	66.725476 
2565.820569  	66.510237 
2566.177876  	66.558941 
2566.535183  	66.850693 
2566.892489  	66.743832 
2567.249796  	66.664402 
2567.607103  	66.988356 
2567.964410  	67.208299 
2568.321717  	67.022686 
2568.679024  	66.942364 
2569.036331  	66.864014 
2569.393637  	66.655107 
2569.750944  	67.001058 
2570.108251  	67.684508 
2570.465558  	67.749179 
2570.822865  	67.169203 
2571.180172  	67.051409 
2571.537479  	67.391888 
2571.894785  	67.284951 
2572.252092  	67.381472 
2572.609399  	67.740201 
2572.966706  	67.686717 
2573.324013  	67.777247 
2573.681320  	68.141250 
2574.038627  	68.189757 
2574.395933  	67.900821 
2574.753240  	67.995653 
2575.110547  	68.299639 
2575.467854  	67.983615 
2575.825161  	67.689812 
2576.182468  	67.824027 
2576.539775  	67.975049 
2576.897081  	68.203292 
2577.254388  	68.306099 
2577.611695  	68.185474 
2577.969002  	68.279348 
2578.326309  	68.524690 
2578.683616  	68.489041 
2579.040923  	68.344292 
2579.398230  	68.208751 
2579.755536  	68.039945 
2580.112843  	67.958060 
2580.470150  	67.642531 
2580.827457  	67.560017 
2581.184764  	67.975236 
2581.542071  	68.105232 
2581.899378  	68.151004 
2582.256684  	68.062791 
2582.613991  	67.754434 
2582.971298  	67.776068 
2583.328605  	67.861011 
2583.685912  	67.901476 
2584.043219  	67.821068 
2584.400526  	67.570490 
2584.757832  	67.402934 
2585.115139  	67.301221 
2585.472446  	67.493300 
2585.829753  	67.620795 
2586.187060  	67.315219 
2586.544367  	67.111618 
2586.901674  	67.310640 
2587.258980  	67.704232 
2587.616287  	67.692472 
2587.973594  	67.484625 
2588.330901  	67.545600 
2588.688208  	67.433195 
2589.045515  	67.281352 
2589.402822  	67.205061 
2589.760128  	67.023978 
2590.117435  	67.172105 
2590.474742  	67.431549 
2590.832049  	67.404541 
2591.189356  	67.506987 
2591.546663  	67.560602 
2591.903970  	67.208232 
2592.261276  	67.106622 
2592.618583  	67.256381 
2592.975890  	67.174139 
2593.333197  	67.346122 
2593.690504  	67.550833 
2594.047811  	67.237800 
2594.405118  	67.109967 
2594.762425  	67.270737 
2595.119731  	67.282657 
2595.477038  	67.518187 
2595.834345  	67.787627 
2596.191652  	67.640275 
2596.548959  	67.558206 
2596.906266  	67.469035 
2597.263573  	67.089664 
2597.620879  	67.074933 
2597.978186  	67.539876 
2598.335493  	67.849521 
2598.692800  	67.828638 
2599.050107  	67.784151 
2599.407414  	67.838700 
2599.764721  	67.964469 
2600.122027  	68.244343 
2600.479334  	68.292844 
2600.836641  	68.069491 
2601.193948  	68.215806 
2601.551255  	68.492994 
2601.908562  	68.368152 
2602.265869  	68.149317 
2602.623175  	68.295673 
2602.980482  	68.543040 
2603.337789  	68.497099 
2603.695096  	68.496575 
2604.052403  	68.581947 
2604.409710  	68.515249 
2604.767017  	68.553909 
2605.124323  	68.636756 
2605.481630  	68.658869 
2605.838937  	68.805489 
2606.196244  	68.864521 
2606.553551  	68.752589 
2606.910858  	68.687877 
2607.268165  	68.574670 
2607.625472  	68.519137 
2607.982778  	68.689479 
2608.340085  	68.700185 
2608.697392  	68.583862 
2609.054699  	68.784950 
2609.412006  	69.072064 
2609.769313  	69.026760 
2610.126620  	68.783155 
2610.483926  	68.673471 
2610.841233  	68.810341 
2611.198540  	68.969238 
2611.555847  	68.789726 
2611.913154  	68.598192 
2612.270461  	68.725545 
2612.627768  	68.689850 
2612.985074  	68.604800 
2613.342381  	68.770106 
2613.699688  	68.888236 
2614.056995  	68.869018 
2614.414302  	68.644806 
2614.771609  	68.398770 
2615.128916  	68.358137 
2615.486222  	68.465343 
2615.843529  	68.539374 
2616.200836  	68.356544 
2616.558143  	68.349560 
2616.915450  	68.418952 
2617.272757  	68.199791 
2617.630064  	68.283457 
2617.987370  	68.480720 
2618.344677  	68.447395 
2618.701984  	68.387749 
2619.059291  	68.129284 
2619.416598  	67.842672 
2619.773905  	67.884620 
2620.131212  	68.114895 
2620.488519  	68.048702 
2620.845825  	67.860969 
2621.203132  	68.029798 
2621.560439  	68.145670 
2621.917746  	68.059850 
2622.275053  	67.959709 
2622.632360  	67.827467 
2622.989667  	67.758044 
2623.346973  	67.745149 
2623.704280  	67.762141 
2624.061587  	67.637807 
2624.418894  	67.599800 
2624.776201  	67.742665 
2625.133508  	67.495098 
2625.490815  	67.256733 
2625.848121  	67.477239 
2626.205428  	67.673999 
2626.562735  	67.606582 
2626.920042  	67.455797 
2627.277349  	67.397383 
2627.634656  	67.323723 
2627.991963  	67.265445 
2628.349269  	67.262891 
2628.706576  	67.219007 
2629.063883  	67.270331 
2629.421190  	67.330868 
2629.778497  	67.377388 
2630.135804  	67.431914 
2630.493111  	67.358615 
2630.850417  	67.336250 
2631.207724  	67.436632 
2631.565031  	67.480524 
2631.922338  	67.439976 
2632.279645  	67.530781 
2632.636952  	67.615729 
2632.994259  	67.503680 
2633.351566  	67.602841 
2633.708872  	67.660569 
2634.066179  	67.383781 
2634.423486  	67.289785 
2634.780793  	67.330824 
2635.138100  	67.231591 
2635.495407  	67.090398 
2635.852714  	67.035727 
2636.210020  	67.087348 
2636.567327  	67.240661 
2636.924634  	67.399800 
2637.281941  	67.272848 
2637.639248  	67.074779 
2637.996555  	67.049755 
2638.353862  	67.049172 
2638.711168  	67.181421 
2639.068475  	67.416844 
2639.425782  	67.583677 
2639.783089  	67.568556 
2640.140396  	67.469369 
2640.497703  	67.438290 
2640.855010  	67.317464 
2641.212316  	67.275276 
2641.569623  	67.268228 
2641.926930  	67.029037 
2642.284237  	66.830360 
2642.641544  	66.796170 
2642.998851  	66.882194 
2643.356158  	66.903980 
2643.713464  	66.866455 
2644.070771  	67.071317 
2644.428078  	67.185494 
2644.785385  	67.016030 
2645.142692  	66.941326 
2645.499999  	67.053696 
2645.857306  	67.021826 
2646.214613  	66.717922 
2646.571919  	66.613562 
2646.929226  	66.773127 
2647.286533  	66.779490 
2647.643840  	66.610045 
2648.001147  	66.467604 
2648.358454  	66.484995 
2648.715761  	66.535629 
2649.073067  	66.493851 
2649.430374  	66.440561 
2649.787681  	66.483958 
2650.144988  	66.605469 
2650.502295  	66.578697 
2650.859602  	66.463336 
2651.216909  	66.451613 
2651.574215  	66.497181 
2651.931522  	66.546991 
2652.288829  	66.546571 
2652.646136  	66.537716 
2653.003443  	66.538380 
2653.360750  	66.556942 
2653.718057  	66.567087 
2654.075363  	66.491599 
2654.432670  	66.469283 
2654.789977  	66.434774 
2655.147284  	66.390562 
2655.504591  	66.451128 
2655.861898  	66.436446 
2656.219205  	66.446432 
2656.576511  	66.439043 
2656.933818  	66.371323 
2657.291125  	66.472022 
2657.648432  	66.436856 
2658.005739  	66.233053 
2658.363046  	66.143027 
2658.720353  	66.160458 
2659.077660  	66.393634 
2659.434966  	66.582004 
2659.792273  	66.520324 
2660.149580  	66.577607 
2660.506887  	66.608915 
2660.864194  	66.307643 
2661.221501  	66.141258 
2661.578808  	66.333400 
2661.936114  	66.438136 
2662.293421  	66.384708 
2662.650728  	66.395037 
2663.008035  	66.416645 
2663.365342  	66.325917 
2663.722649  	66.229791 
2664.079956  	66.308853 
2664.437262  	66.416862 
2664.794569  	66.480838 
2665.151876  	66.598831 
2665.509183  	66.702046 
2665.866490  	66.714175 
2666.223797  	66.555738 
2666.581104  	66.459858 
2666.938410  	66.476572 
2667.295717  	66.346998 
2667.653024  	66.429715 
2668.010331  	66.603883 
2668.367638  	66.442481 
2668.724945  	66.386314 
2669.082252  	66.471366 
2669.439558  	66.372241 
2669.796865  	66.291307 
2670.154172  	66.437988 
2670.511479  	66.648857 
2670.868786  	66.672083 
2671.226093  	66.580970 
2671.583400  	66.607699 
2671.940706  	66.782127 
2672.298013  	66.790944 
2672.655320  	66.648778 
2673.012627  	66.676539 
2673.369934  	66.610180 
2673.727241  	66.581462 
2674.084548  	66.850515 
2674.441855  	66.956158 
2674.799161  	66.923764 
2675.156468  	66.844152 
2675.513775  	66.661608 
2675.871082  	66.699728 
2676.228389  	66.874307 
2676.585696  	66.933802 
2676.943003  	66.920438 
2677.300309  	66.980400 
2677.657616  	67.040945 
2678.014923  	66.897999 
2678.372230  	66.760689 
2678.729537  	66.861099 
2679.086844  	67.030855 
2679.444151  	67.004268 
2679.801457  	67.036090 
2680.158764  	67.290287 
2680.516071  	67.296300 
2680.873378  	67.288543 
2681.230685  	67.492051 
2681.587992  	67.516724 
2681.945299  	67.482666 
2682.302605  	67.457295 
2682.659912  	67.568599 
2683.017219  	67.796716 
2683.374526  	67.727545 
2683.731833  	67.702421 
2684.089140  	67.879042 
2684.446447  	67.910783 
2684.803753  	67.859001 
2685.161060  	67.896156 
2685.518367  	68.062958 
2685.875674  	68.158470 
2686.232981  	68.180067 
2686.590288  	68.298351 
2686.947595  	68.431139 
2687.304902  	68.528164 
2687.662208  	68.581276 
2688.019515  	68.649988 
2688.376822  	68.636994 
2688.734129  	68.528197 
2689.091436  	68.597388 
2689.448743  	68.740934 
2689.806050  	68.914793 
2690.163356  	69.101534 
2690.520663  	69.115245 
2690.877970  	69.157141 
2691.235277  	69.227197 
2691.592584  	69.263117 
2691.949891  	69.443932 
2692.307198  	69.563015 
2692.664504  	69.561678 
2693.021811  	69.772153 
2693.379118  	70.012491 
2693.736425  	69.932539 
2694.093732  	69.853282 
2694.451039  	69.957821 
2694.808346  	70.061356 
2695.165652  	70.221728 
2695.522959  	70.354075 
2695.880266  	70.456115 
2696.237573  	70.585621 
2696.594880  	70.548522 
2696.952187  	70.491677 
2697.309494  	70.509911 
2697.666800  	70.528677 
2698.024107  	70.672155 
2698.381414  	70.827693 
2698.738721  	70.860432 
2699.096028  	70.884293 
2699.453335  	70.962625 
2699.810642  	71.027941 
2700.167949  	71.021832 
2700.525255  	70.997014 
2700.882562  	71.079631 
2701.239869  	71.241990 
2701.597176  	71.271176 
2701.954483  	71.232838 
2702.311790  	71.287722 
2702.669097  	71.350062 
2703.026403  	71.386798 
2703.383710  	71.387287 
2703.741017  	71.382575 
2704.098324  	71.317587 
2704.455631  	71.195145 
2704.812938  	71.232316 
2705.170245  	71.259361 
2705.527551  	71.262739 
2705.884858  	71.396991 
2706.242165  	71.415139 
2706.599472  	71.375831 
2706.956779  	71.331998 
2707.314086  	71.281395 
2707.671393  	71.443793 
2708.028699  	71.557784 
2708.386006  	71.458680 
2708.743313  	71.418567 
2709.100620  	71.485401 
2709.457927  	71.511363 
2709.815234  	71.397237 
2710.172541  	71.293116 
2710.529847  	71.347901 
2710.887154  	71.468995 
2711.244461  	71.611245 
2711.601768  	71.639587 
2711.959075  	71.432083 
2712.316382  	71.357630 
2712.673689  	71.580972 
2713.030996  	71.691595 
2713.388302  	71.643509 
2713.745609  	71.633438 
2714.102916  	71.538403 
2714.460223  	71.315972 
2714.817530  	71.221194 
2715.174837  	71.445507 
2715.532144  	71.651837 
2715.889450  	71.484545 
2716.246757  	71.167600 
2716.604064  	71.080871 
2716.961371  	71.296219 
2717.318678  	71.408790 
2717.675985  	71.306695 
2718.033292  	71.338216 
2718.390598  	71.412500 
2718.747905  	71.472242 
2719.105212  	71.564346 
2719.462519  	71.475823 
2719.819826  	71.316937 
2720.177133  	71.314406 
2720.534440  	71.444306 
2720.891746  	71.467530 
2721.249053  	71.282532 
2721.606360  	71.219502 
2721.963667  	71.301514 
2722.320974  	71.295781 
2722.678281  	71.260723 
2723.035588  	71.157676 
2723.392894  	71.028619 
2723.750201  	71.083617 
2724.107508  	71.210325 
2724.464815  	71.280391 
2724.822122  	71.250261 
2725.179429  	71.081410 
2725.536736  	70.988296 
2725.894043  	70.970368 
2726.251349  	70.854115 
2726.608656  	70.763783 
2726.965963  	70.843451 
2727.323270  	71.011473 
2727.680577  	70.992149 
2728.037884  	70.930373 
2728.395191  	71.067827 
2728.752497  	71.048686 
2729.109804  	70.956237 
2729.467111  	71.006068 
2729.824418  	70.904052 
2730.181725  	70.819360 
2730.539032  	70.953331 
2730.896339  	71.054684 
2731.253645  	71.030295 
2731.610952  	70.975454 
2731.968259  	70.914868 
2732.325566  	70.919316 
2732.682873  	71.057333 
2733.040180  	71.095670 
2733.397487  	71.012732 
2733.754793  	70.950652 
2734.112100  	70.873690 
2734.469407  	71.006783 
2734.826714  	71.146460 
2735.184021  	70.928682 
2735.541328  	70.763362 
2735.898635  	70.849843 
2736.255941  	70.944306 
2736.613248  	70.934079 
2736.970555  	70.911274 
2737.327862  	71.021404 
2737.685169  	71.199402 
2738.042476  	71.287536 
2738.399783  	71.134715 
2738.757090  	70.935438 
2739.114396  	70.984873 
2739.471703  	71.014508 
2739.829010  	70.932157 
2740.186317  	70.974826 
2740.543624  	71.020929 
2740.900931  	70.985381 
2741.258238  	71.005803 
2741.615544  	70.976295 
2741.972851  	70.793924 
2742.330158  	70.729971 
2742.687465  	70.842648 
2743.044772  	70.882527 
2743.402079  	70.881279 
2743.759386  	70.893443 
2744.116692  	70.852050 
2744.473999  	70.839302 
2744.831306  	70.882789 
2745.188613  	70.882934 
2745.545920  	70.818008 
2745.903227  	70.783594 
2746.260534  	70.803244 
2746.617840  	70.779596 
2746.975147  	70.754366 
2747.332454  	70.793113 
2747.689761  	70.753581 
2748.047068  	70.608134 
2748.404375  	70.549438 
2748.761682  	70.619084 
2749.118988  	70.710793 
2749.476295  	70.835602 
2749.833602  	70.848163 
2750.190909  	70.561069 
2750.548216  	70.343547 
2750.905523  	70.361021 
2751.262830  	70.406649 
2751.620136  	70.541008 
2751.977443  	70.417129 
2752.334750  	70.048955 
2752.692057  	70.061864 
2753.049364  	70.181367 
2753.406671  	70.196343 
2753.763978  	70.265916 
2754.121285  	70.180116 
2754.478591  	70.051186 
2754.835898  	69.992056 
2755.193205  	69.975542 
2755.550512  	70.037134 
2755.907819  	70.124701 
2756.265126  	70.231758 
2756.622433  	70.133933 
2756.979739  	69.857194 
2757.337046  	69.781305 
2757.694353  	69.875118 
2758.051660  	69.916931 
2758.408967  	69.865690 
2758.766274  	69.769365 
2759.123581  	69.688228 
2759.480887  	69.762461 
2759.838194  	69.931494 
2760.195501  	70.008566 
2760.552808  	69.943410 
2760.910115  	69.684934 
2761.267422  	69.636297 
2761.624729  	69.759348 
2761.982035  	69.567027 
2762.339342  	69.537855 
2762.696649  	69.622141 
2763.053956  	69.424381 
2763.411263  	69.362889 
2763.768570  	69.412305 
2764.125877  	69.469234 
2764.483183  	69.571590 
2764.840490  	69.601673 
2765.197797  	69.597687 
2765.555104  	69.491708 
2765.912411  	69.419186 
2766.269718  	69.434578 
2766.627025  	69.387795 
2766.984332  	69.351318 
2767.341638  	69.330447 
2767.698945  	69.351621 
2768.056252  	69.350699 
2768.413559  	69.248569 
2768.770866  	69.191987 
2769.128173  	69.244125 
2769.485480  	69.321595 
2769.842786  	69.250485 
2770.200093  	69.118670 
2770.557400  	69.127271 
2770.914707  	69.188135 
2771.272014  	69.267930 
2771.629321  	69.349281 
2771.986628  	69.269945 
2772.343934  	69.066337 
2772.701241  	69.109203 
2773.058548  	69.372432 
2773.415855  	69.429525 
2773.773162  	69.341443 
2774.130469  	69.285437 
2774.487776  	69.319516 
2774.845082  	69.359369 
2775.202389  	69.237231 
2775.559696  	69.130811 
2775.917003  	68.972359 
2776.274310  	68.874834 
2776.631617  	69.005453 
2776.988924  	68.919742 
2777.346230  	68.894777 
2777.703537  	69.118150 
2778.060844  	69.092772 
2778.418151  	68.980968 
2778.775458  	68.896100 
2779.132765  	68.810258 
2779.490072  	68.835685 
2779.847379  	68.819322 
2780.204685  	68.848827 
2780.561992  	68.927637 
2780.919299  	68.841416 
2781.276606  	68.742079 
2781.633913  	68.727446 
2781.991220  	68.676018 
2782.348527  	68.680512 
2782.705833  	68.744994 
2783.063140  	68.764842 
2783.420447  	68.845831 
2783.777754  	68.734880 
2784.135061  	68.399079 
2784.492368  	68.348235 
2784.849675  	68.412404 
2785.206981  	68.413024 
2785.564288  	68.416649 
2785.921595  	68.211767 
2786.278902  	68.117312 
2786.636209  	68.305747 
2786.993516  	68.396127 
2787.350823  	68.355207 
2787.708129  	68.395760 
2788.065436  	68.585840 
2788.422743  	68.612352 
2788.780050  	68.351377 
2789.137357  	68.213803 
2789.494664  	68.255687 
2789.851971  	68.235739 
2790.209277  	68.203498 
2790.566584  	68.171257 
2790.923891  	68.136619 
2791.281198  	68.305034 
2791.638505  	68.408200 
2791.995812  	68.225778 
2792.353119  	68.200054 
2792.710426  	68.294868 
2793.067732  	68.317050 
2793.425039  	68.273287 
2793.782346  	68.125224 
2794.139653  	68.250787 
2794.496960  	68.443427 
2794.854267  	68.341431 
2795.211574  	68.301032 
2795.568880  	68.272610 
2795.926187  	68.206501 
2796.283494  	68.191882 
2796.640801  	68.040715 
2796.998108  	67.924389 
2797.355415  	68.074509 
2797.712722  	68.222862 
2798.070028  	68.124824 
2798.427335  	68.117090 
2798.784642  	68.174685 
2799.141949  	68.008190 
2799.499256  	68.011167 
2799.856563  	68.171489 
2800.213870  	68.205247 
2800.571176  	68.223645 
2800.928483  	68.230816 
2801.285790  	68.266411 
2801.643097  	68.250318 
2802.000404  	68.132882 
2802.357711  	68.077983 
2802.715018  	68.160893 
2803.072324  	68.232540 
2803.429631  	68.128140 
2803.786938  	68.114046 
2804.144245  	68.048799 
2804.501552  	67.821333 
2804.858859  	67.945771 
2805.216166  	68.137109 
2805.573473  	68.156269 
2805.930779  	68.217423 
2806.288086  	68.119994 
2806.645393  	67.949903 
2807.002700  	67.805937 
2807.360007  	67.641616 
2807.717314  	67.644146 
2808.074621  	67.844657 
2808.431927  	67.907284 
2808.789234  	67.726298 
2809.146541  	67.808390 
2809.503848  	68.018107 
2809.861155  	67.865696 
2810.218462  	67.725374 
2810.575769  	67.793708 
2810.933075  	67.794723 
2811.290382  	67.657519 
2811.647689  	67.551603 
2812.004996  	67.574193 
2812.362303  	67.621429 
2812.719610  	67.672308 
2813.076917  	67.644369 
2813.434223  	67.514716 
2813.791530  	67.485758 
2814.148837  	67.565752 
2814.506144  	67.576382 
2814.863451  	67.513452 
2815.220758  	67.460800 
2815.578065  	67.325266 
2815.935371  	67.278622 
2816.292678  	67.459419 
2816.649985  	67.563116 
2817.007292  	67.550579 
2817.364599  	67.404071 
2817.721906  	67.220547 
2818.079213  	67.326067 
2818.436520  	67.451596 
2818.793826  	67.387870 
2819.151133  	67.360416 
2819.508440  	67.398911 
2819.865747  	67.415896 
2820.223054  	67.440864 
2820.580361  	67.453696 
2820.937668  	67.315927 
2821.294974  	67.237937 
2821.652281  	67.380979 
2822.009588  	67.463794 
2822.366895  	67.434843 
2822.724202  	67.439597 
2823.081509  	67.491424 
2823.438816  	67.431225 
2823.796122  	67.274900 
2824.153429  	67.325768 
2824.510736  	67.506095 
2824.868043  	67.564352 
2825.225350  	67.493968 
2825.582657  	67.454015 
2825.939964  	67.581495 
2826.297270  	67.712994 
2826.654577  	67.731494 
2827.011884  	67.706241 
2827.369191  	67.701390 
2827.726498  	67.780336 
2828.083805  	67.810780 
2828.441112  	67.669953 
2828.798418  	67.520921 
2829.155725  	67.478858 
2829.513032  	67.568258 
2829.870339  	67.806588 
2830.227646  	67.891753 
2830.584953  	67.738986 
2830.942260  	67.666818 
2831.299567  	67.630624 
2831.656873  	67.714155 
2832.014180  	67.968738 
2832.371487  	68.003356 
2832.728794  	67.951090 
2833.086101  	67.979230 
2833.443408  	67.964307 
2833.800715  	68.018762 
2834.158021  	68.085123 
2834.515328  	68.085581 
2834.872635  	68.096026 
2835.229942  	68.125487 
2835.587249  	68.089485 
2835.944556  	67.988954 
2836.301863  	68.031358 
2836.659169  	68.197791 
2837.016476  	68.390949 
2837.373783  	68.506974 
2837.731090  	68.385520 
2838.088397  	68.339254 
2838.445704  	68.493848 
2838.803011  	68.527082 
2839.160317  	68.454488 
2839.517624  	68.425446 
2839.874931  	68.448364 
2840.232238  	68.417774 
2840.589545  	68.326705 
2840.946852  	68.467403 
2841.304159  	68.780681 
2841.661465  	68.864710 
2842.018772  	68.801308 
2842.376079  	68.789752 
2842.733386  	68.690410 
2843.090693  	68.641315 
2843.448000  	68.811032 
2843.805307  	68.839032 
2844.162613  	68.779518 
2844.519920  	68.958746 
2844.877227  	68.974828 
2845.234534  	68.824439 
2845.591841  	68.994668 
2845.949148  	69.150003 
2846.306455  	69.054993 
2846.663762  	68.979968 
2847.021068  	68.967920 
2847.378375  	69.050521 
2847.735682  	69.105599 
2848.092989  	69.112213 
2848.450296  	69.259311 
2848.807603  	69.290355 
2849.164910  	69.123672 
2849.522216  	69.077701 
2849.879523  	69.162103 
2850.236830  	69.234230 
2850.594137  	69.256039 
2850.951444  	69.278995 
2851.308751  	69.305785 
2851.666058  	69.231958 
2852.023364  	69.152925 
2852.380671  	69.158859 
2852.737978  	69.074841 
2853.095285  	68.911056 
2853.452592  	68.779556 
2853.809899  	68.716035 
2854.167206  	68.819686 
2854.524512  	68.911015 
2854.881819  	68.923799 
2855.239126  	69.007065 
2855.596433  	69.006036 
2855.953740  	68.943476 
2856.311047  	68.866501 
2856.668354  	68.832493 
2857.025660  	68.957711 
2857.382967  	68.814732 
2857.740274  	68.464968 
2858.097581  	68.453822 
2858.454888  	68.644779 
2858.812195  	68.754232 
2859.169502  	68.779515 
2859.526809  	68.824163 
2859.884115  	68.834606 
2860.241422  	68.774408 
2860.598729  	68.790088 
2860.956036  	68.753975 
2861.313343  	68.575644 
2861.670650  	68.530263 
2862.027957  	68.784699 
2862.385263  	68.934321 
2862.742570  	68.730485 
2863.099877  	68.650918 
2863.457184  	68.766801 
2863.814491  	68.835972 
2864.171798  	68.867863 
2864.529105  	68.783351 
2864.886411  	68.692337 
2865.243718  	68.677339 
2865.601025  	68.639771 
2865.958332  	68.524189 
2866.315639  	68.402441 
2866.672946  	68.396262 
2867.030253  	68.389980 
2867.387559  	68.471876 
2867.744866  	68.594650 
2868.102173  	68.498538 
2868.459480  	68.592330 
2868.816787  	68.944910 
2869.174094  	68.907961 
2869.531401  	68.505173 
2869.888707  	68.377614 
2870.246014  	68.582626 
2870.603321  	68.666580 
2870.960628  	68.572773 
2871.317935  	68.504092 
2871.675242  	68.547455 
2872.032549  	68.557413 
2872.389856  	68.463502 
2872.747162  	68.529796 
2873.104469  	68.682161 
2873.461776  	68.769083 
2873.819083  	68.843566 
2874.176390  	68.811120 
2874.533697  	68.759487 
2874.891004  	68.782432 
2875.248310  	68.878583 
2875.605617  	69.008097 
2875.962924  	68.942655 
2876.320231  	68.805855 
2876.677538  	68.935812 
2877.034845  	69.064552 
2877.392152  	68.887403 
2877.749458  	68.788124 
2878.106765  	68.808660 
2878.464072  	68.684381 
2878.821379  	68.742525 
2879.178686  	68.910790 
2879.535993  	68.819972 
2879.893300  	68.789227 
2880.250606  	69.030820 
2880.607913  	69.160235 
2880.965220  	69.079783 
2881.322527  	69.163492 
2881.679834  	69.229836 
2882.037141  	69.026197 
2882.394448  	68.902889 
2882.751754  	68.911281 
2883.109061  	68.931123 
2883.466368  	68.972934 
2883.823675  	69.005309 
2884.180982  	68.935847 
2884.538289  	68.825743 
2884.895596  	68.988146 
2885.252903  	69.126554 
2885.610209  	69.043747 
2885.967516  	69.036901 
2886.324823  	69.044953 
2886.682130  	69.281028 
2887.039437  	69.469123 
2887.396744  	69.204126 
2887.754051  	69.235286 
2888.111357  	69.503581 
2888.468664  	69.340765 
2888.825971  	69.028659 
2889.183278  	69.045945 
2889.540585  	69.338442 
2889.897892  	69.359927 
2890.255199  	69.193548 
2890.612505  	69.335154 
2890.969812  	69.489481 
2891.327119  	69.398761 
2891.684426  	69.346254 
2892.041733  	69.517786 
2892.399040  	69.680616 
2892.756347  	69.671795 
2893.113653  	69.683364 
2893.470960  	69.600705 
2893.828267  	69.439997 
2894.185574  	69.454304 
2894.542881  	69.445019 
2894.900188  	69.477106 
2895.257495  	69.659001 
2895.614801  	69.723210 
2895.972108  	69.773353 
2896.329415  	69.844918 
2896.686722  	69.747593 
2897.044029  	69.560248 
2897.401336  	69.519123 
2897.758643  	69.629340 
2898.115950  	69.553183 
2898.473256  	69.424906 
2898.830563  	69.475447 
2899.187870  	69.524950 
2899.545177  	69.654165 
2899.902484  	69.697283 
2900.259791  	69.610353 
2900.617098  	69.647013 
2900.974404  	69.554527 
2901.331711  	69.467739 
2901.689018  	69.542592 
2902.046325  	69.524284 
2902.403632  	69.511588 
2902.760939  	69.544920 
2903.118246  	69.605450 
2903.475552  	69.656243 
2903.832859  	69.539781 
2904.190166  	69.382674 
2904.547473  	69.524941 
2904.904780  	69.846170 
2905.262087  	69.845058 
2905.619394  	69.756506 
2905.976700  	69.790986 
2906.334007  	69.752135 
2906.691314  	69.822122 
2907.048621  	69.750668 
2907.405928  	69.594850 
2907.763235  	69.762773 
2908.120542  	69.885959 
2908.477848  	69.844111 
2908.835155  	69.701054 
2909.192462  	69.662497 
2909.549769  	69.852714 
2909.907076  	69.621237 
2910.264383  	69.208630 
2910.621690  	69.318221 
2910.978997  	69.524830 
2911.336303  	69.454588 
2911.693610  	69.416599 
2912.050917  	69.552502 
2912.408224  	69.712325 
2912.765531  	69.917754 
2913.122838  	69.962551 
2913.480145  	69.708780 
2913.837451  	69.583525 
2914.194758  	69.616863 
2914.552065  	69.628486 
2914.909372  	69.644060 
2915.266679  	69.678719 
2915.623986  	69.826410 
2915.981293  	69.885227 
2916.338599  	69.742845 
2916.695906  	69.571385 
2917.053213  	69.464524 
2917.410520  	69.558641 
2917.767827  	69.685349 
2918.125134  	69.674590 
2918.482441  	69.704126 
2918.839747  	69.865215 
2919.197054  	69.923165 
2919.554361  	69.646145 
2919.911668  	69.563446 
2920.268975  	69.869683 
2920.626282  	69.870728 
2920.983589  	69.661922 
2921.340895  	69.672503 
2921.698202  	69.850202 
2922.055509  	70.081320 
2922.412816  	70.105803 
2922.770123  	69.917547 
2923.127430  	69.756676 
2923.484737  	69.755314 
2923.842043  	69.788842 
2924.199350  	69.669130 
2924.556657  	69.732680 
2924.913964  	69.856560 
2925.271271  	69.640171 
2925.628578  	69.656945 
2925.985885  	70.083217 
2926.343192  	70.291484 
2926.700498  	70.121025 
2927.057805  	69.934685 
2927.415112  	69.963645 
2927.772419  	70.088431 
2928.129726  	70.162611 
2928.487033  	70.078677 
2928.844340  	70.067248 
2929.201646  	70.183761 
2929.558953  	70.098231 
2929.916260  	70.150828 
2930.273567  	70.281210 
2930.630874  	70.158736 
2930.988181  	70.083846 
2931.345488  	69.985191 
2931.702794  	70.037578 
2932.060101  	70.156356 
2932.417408  	70.024088 
2932.774715  	70.138503 
2933.132022  	70.238846 
2933.489329  	70.045966 
2933.846636  	69.893881 
2934.203942  	69.848027 
2934.561249  	69.973329 
2934.918556  	69.915619 
2935.275863  	69.849107 
2935.633170  	70.009467 
2935.990477  	69.970957 
2936.347784  	69.979103 
2936.705090  	69.890681 
2937.062397  	69.592606 
2937.419704  	69.580380 
2937.777011  	69.638262 
2938.134318  	69.604664 
2938.491625  	69.577268 
2938.848932  	69.696677 
2939.206239  	69.949945 
2939.563545  	69.981580 
2939.920852  	69.869465 
2940.278159  	69.808796 
2940.635466  	69.790870 
2940.992773  	69.684713 
2941.350080  	69.643101 
2941.707387  	69.862200 
2942.064693  	69.828743 
2942.422000  	69.689282 
2942.779307  	69.804019 
2943.136614  	69.688537 
2943.493921  	69.455130 
2943.851228  	69.434012 
2944.208535  	69.452789 
2944.565841  	69.511157 
2944.923148  	69.664270 
2945.280455  	69.572853 
2945.637762  	69.129886 
2945.995069  	68.966804 
2946.352376  	69.210063 
2946.709683  	69.463835 
2947.066989  	69.634700 
2947.424296  	69.642731 
2947.781603  	69.635506 
2948.138910  	69.667305 
2948.496217  	69.530440 
2948.853524  	69.379887 
2949.210831  	69.342986 
2949.568137  	69.244977 
2949.925444  	69.129133 
2950.282751  	69.231701 
2950.640058  	69.372167 
2950.997365  	69.351962 
2951.354672  	69.355516 
2951.711979  	69.414597 
2952.069286  	69.336583 
2952.426592  	69.064333 
2952.783899  	69.023043 
2953.141206  	69.187845 
2953.498513  	69.102899 
2953.855820  	69.205438 
2954.213127  	69.434889 
2954.570434  	69.327316 
2954.927740  	69.345090 
2955.285047  	69.552819 
2955.642354  	69.742640 
2955.999661  	69.772349 
2956.356968  	69.407058 
2956.714275  	69.103144 
2957.071582  	69.151746 
2957.428888  	69.206392 
2957.786195  	69.184208 
2958.143502  	69.331898 
2958.500809  	69.584955 
2958.858116  	69.596554 
2959.215423  	69.341415 
2959.572730  	69.098771 
2959.930036  	69.176793 
2960.287343  	69.419075 
2960.644650  	69.526350 
2961.001957  	69.622431 
2961.359264  	69.502909 
2961.716571  	69.189647 
2962.073878  	69.177312 
2962.431184  	69.298426 
2962.788491  	69.316566 
2963.145798  	69.337826 
2963.503105  	69.351816 
2963.860412  	69.294971 
2964.217719  	69.220870 
2964.575026  	69.285767 
2964.932333  	69.390690 
2965.289639  	69.453334 
2965.646946  	69.583093 
2966.004253  	69.635316 
2966.361560  	69.533032 
2966.718867  	69.503469 
2967.076174  	69.585453 
2967.433481  	69.543308 
2967.790787  	69.478274 
2968.148094  	69.604313 
2968.505401  	69.581923 
2968.862708  	69.402216 
2969.220015  	69.505219 
2969.577322  	69.628741 
2969.934629  	69.575080 
2970.291935  	69.680437 
2970.649242  	69.629939 
2971.006549  	69.274208 
2971.363856  	69.232121 
2971.721163  	69.398107 
2972.078470  	69.530007 
2972.435777  	69.808398 
2972.793083  	69.912510 
2973.150390  	69.733152 
2973.507697  	69.629476 
2973.865004  	69.779136 
2974.222311  	70.007819 
2974.579618  	69.924494 
2974.936925  	69.722656 
2975.294231  	69.712371 
2975.651538  	69.792009 
2976.008845  	69.903369 
2976.366152  	69.975071 
2976.723459  	70.145314 
2977.080766  	70.308711 
2977.438073  	70.221351 
2977.795380  	70.184130 
2978.152686  	70.153196 
2978.509993  	70.037360 
2978.867300  	69.932951 
2979.224607  	69.839517 
2979.581914  	70.128457 
2979.939221  	70.483349 
2980.296528  	70.455614 
2980.653834  	70.445800 
2981.011141  	70.483533 
2981.368448  	70.539271 
2981.725755  	70.566710 
2982.083062  	70.373094 
2982.440369  	70.245534 
2982.797676  	70.170188 
2983.154982  	70.014447 
2983.512289  	70.026804 
2983.869596  	70.218858 
2984.226903  	70.290402 
2984.584210  	70.143071 
2984.941517  	70.079184 
2985.298824  	70.135336 
2985.656130  	70.239497 
2986.013437  	70.423680 
2986.370744  	70.432809 
2986.728051  	70.382966 
2987.085358  	70.441953 
2987.442665  	70.414746 
2987.799972  	70.417409 
2988.157278  	70.536906 
2988.514585  	70.686703 
2988.871892  	70.796201 
2989.229199  	70.778576 
2989.586506  	70.650103 
2989.943813  	70.492176 
2990.301120  	70.455173 
2990.658427  	70.507055 
2991.015733  	70.559567 
2991.373040  	70.651244 
2991.730347  	70.721610 
2992.087654  	70.792736 
2992.444961  	70.854573 
2992.802268  	70.887358 
2993.159575  	70.923857 
2993.516881  	70.837701 
2993.874188  	70.733825 
2994.231495  	70.814818 
2994.588802  	70.977899 
2994.946109  	71.050701 
2995.303416  	71.004839 
2995.660723  	70.902464 
2996.018029  	70.780409 
2996.375336  	70.709376 
2996.732643  	70.761703 
2997.089950  	70.924700 
2997.447257  	71.023089 
2997.804564  	70.988073 
2998.161871  	71.036396 
2998.519177  	71.144086 
2998.876484  	71.263404 
2999.233791  	71.373044 
2999.591098  	71.344434 
2999.948405  	71.324786 
3000.305712  	71.260128 
3000.663019  	71.191201 
3001.020325  	71.312649 
3001.377632  	71.316305 
3001.734939  	71.204242 
3002.092246  	71.168383 
3002.449553  	71.149305 
3002.806860  	71.233389 
3003.164167  	71.434511 
3003.521473  	71.597775 
3003.878780  	71.557463 
3004.236087  	71.480532 
3004.593394  	71.539397 
3004.950701  	71.587778 
3005.308008  	71.564960 
3005.665315  	71.420603 
3006.022622  	71.347816 
3006.379928  	71.401862 
3006.737235  	71.324270 
3007.094542  	71.303578 
3007.451849  	71.444925 
3007.809156  	71.683027 
3008.166463  	71.939002 
3008.523770  	71.962980 
3008.881076  	71.784020 
3009.238383  	71.515176 
3009.595690  	71.443616 
3009.952997  	71.698306 
3010.310304  	71.789100 
3010.667611  	71.667535 
3011.024918  	71.749387 
3011.382224  	71.933092 
3011.739531  	71.839955 
3012.096838  	71.653087 
3012.454145  	71.680360 
3012.811452  	71.776748 
3013.168759  	71.895423 
3013.526066  	71.938559 
3013.883372  	71.911552 
3014.240679  	72.031668 
3014.597986  	72.148442 
3014.955293  	72.200932 
3015.312600  	72.128787 
3015.669907  	71.883508 
3016.027214  	71.764478 
3016.384520  	71.786770 
3016.741827  	71.869758 
3017.099134  	72.035201 
3017.456441  	72.184676 
3017.813748  	72.160016 
3018.171055  	71.939258 
3018.528362  	71.905431 
3018.885669  	72.085770 
3019.242975  	72.141061 
3019.600282  	72.198009 
3019.957589  	72.354422 
3020.314896  	72.401190 
3020.672203  	72.287801 
3021.029510  	72.269521 
3021.386817  	72.371376 
3021.744123  	72.310193 
3022.101430  	72.330283 
3022.458737  	72.538702 
3022.816044  	72.479971 
3023.173351  	72.277385 
3023.530658  	72.200097 
3023.887965  	72.240098 
3024.245271  	72.477725 
3024.602578  	72.546747 
3024.959885  	72.363842 
3025.317192  	72.454153 
3025.674499  	72.700978 
3026.031806  	72.766524 
3026.389113  	72.588540 
3026.746419  	72.329870 
3027.103726  	72.392142 
3027.461033  	72.571608 
3027.818340  	72.495797 
3028.175647  	72.353652 
3028.532954  	72.378653 
3028.890261  	72.522577 
3029.247567  	72.523891 
3029.604874  	72.421157 
3029.962181  	72.403859 
3030.319488  	72.525921 
3030.676795  	72.694039 
3031.034102  	72.648912 
3031.391409  	72.656733 
3031.748716  	72.740059 
3032.106022  	72.546251 
3032.463329  	72.364255 
3032.820636  	72.338172 
3033.177943  	72.593197 
3033.535250  	72.918245 
3033.892557  	72.745955 
3034.249864  	72.587205 
3034.607170  	72.711431 
3034.964477  	72.812413 
3035.321784  	72.942117 
3035.679091  	72.953211 
3036.036398  	72.828327 
3036.393705  	72.696360 
3036.751012  	72.723973 
3037.108318  	72.848683 
3037.465625  	72.764626 
3037.822932  	72.823733 
3038.180239  	73.011977 
3038.537546  	72.896347 
3038.894853  	72.788839 
3039.252160  	72.822169 
3039.609466  	72.745007 
3039.966773  	72.630226 
3040.324080  	72.719239 
3040.681387  	72.892526 
3041.038694  	72.821936 
3041.396001  	72.651504 
3041.753308  	72.641074 
3042.110614  	72.759937 
3042.467921  	72.842997 
3042.825228  	72.804047 
3043.182535  	72.745581 
3043.539842  	72.677555 
3043.897149  	72.680911 
3044.254456  	72.718696 
3044.611763  	72.569426 
3044.969069  	72.609819 
3045.326376  	72.858149 
3045.683683  	72.676878 
3046.040990  	72.443655 
3046.398297  	72.516264 
3046.755604  	72.459360 
3047.112911  	72.551444 
3047.470217  	72.847906 
3047.827524  	72.810639 
3048.184831  	72.624690 
3048.542138  	72.511355 
3048.899445  	72.442467 
3049.256752  	72.259943 
3049.614059  	71.971779 
3049.971365  	72.153326 
3050.328672  	72.494844 
3050.685979  	72.398782 
3051.043286  	72.235409 
3051.400593  	72.234580 
3051.757900  	72.292850 
3052.115207  	72.215277 
3052.472513  	72.100537 
3052.829820  	72.162224 
3053.187127  	72.101632 
3053.544434  	72.121573 
3053.901741  	72.427634 
3054.259048  	72.550733 
3054.616355  	72.445546 
3054.973661  	72.327841 
3055.330968  	72.290352 
3055.688275  	72.343863 
3056.045582  	72.450362 
3056.402889  	72.539019 
3056.760196  	72.429762 
3057.117503  	72.408724 
3057.474810  	72.708714 
3057.832116  	72.978490 
3058.189423  	73.098536 
3058.546730  	73.059864 
3058.904037  	72.903942 
3059.261344  	72.927555 
3059.618651  	73.086720 
3059.975958  	73.230243 
3060.333264  	73.399532 
3060.690571  	73.453064 
3061.047878  	73.402078 
3061.405185  	73.392595 
3061.762492  	73.339986 
3062.119799  	73.351177 
3062.477106  	73.495451 
3062.834412  	73.484779 
3063.191719  	73.366514 
3063.549026  	73.483851 
3063.906333  	73.658083 
3064.263640  	73.568335 
3064.620947  	73.528564 
3064.978254  	73.565917 
3065.335560  	73.402016 
3065.692867  	73.456000 
3066.050174  	73.788374 
3066.407481  	73.917029 
3066.764788  	73.807431 
3067.122095  	73.715204 
3067.479402  	73.865012 
3067.836708  	74.048839 
3068.194015  	74.074611 
3068.551322  	74.061941 
3068.908629  	73.933409 
3069.265936  	73.897210 
3069.623243  	74.109666 
3069.980550  	74.185965 
3070.337857  	74.048215 
3070.695163  	74.044424 
3071.052470  	74.223726 
3071.409777  	74.260930 
3071.767084  	74.181413 
3072.124391  	74.190987 
3072.481698  	74.196761 
3072.839005  	74.240618 
3073.196311  	74.376743 
3073.553618  	74.385743 
3073.910925  	74.242791 
3074.268232  	74.340828 
3074.625539  	74.584235 
3074.982846  	74.464682 
3075.340153  	74.235093 
3075.697459  	74.121446 
3076.054766  	74.114231 
3076.412073  	74.397400 
3076.769380  	74.515325 
3077.126687  	74.303511 
3077.483994  	74.304257 
3077.841301  	74.509531 
3078.198607  	74.574670 
3078.555914  	74.471186 
3078.913221  	74.485169 
3079.270528  	74.651914 
3079.627835  	74.724360 
3079.985142  	74.719850 
3080.342449  	74.691644 
3080.699755  	74.688194 
3081.057062  	74.722130 
3081.414369  	74.635080 
3081.771676  	74.630178 
3082.128983  	74.916678 
3082.486290  	75.045268 
3082.843597  	74.925981 
3083.200904  	75.040775 
3083.558210  	75.257932 
3083.915517  	75.289856 
3084.272824  	75.240491 
3084.630131  	75.157022 
3084.987438  	75.066400 
3085.344745  	75.040423 
3085.702052  	75.245522 
3086.059358  	75.477627 
3086.416665  	75.298666 
3086.773972  	75.087952 
3087.131279  	75.323166 
3087.488586  	75.623140 
3087.845893  	75.493633 
3088.203200  	75.292006 
3088.560506  	75.407952 
3088.917813  	75.382156 
3089.275120  	75.222682 
3089.632427  	75.305991 
3089.989734  	75.543444 
3090.347041  	75.909829 
3090.704348  	76.103414 
3091.061654  	75.967246 
3091.418961  	75.878289 
3091.776268  	75.866247 
3092.133575  	75.832663 
3092.490882  	75.833209 
3092.848189  	75.782619 
3093.205496  	75.664901 
3093.562802  	75.785784 
3093.920109  	76.023147 
3094.277416  	75.963154 
3094.634723  	75.996241 
3094.992030  	76.224526 
3095.349337  	76.336808 
3095.706644  	76.549352 
3096.063950  	76.637796 
3096.421257  	76.424763 
3096.778564  	76.357729 
3097.135871  	76.439011 
3097.493178  	76.417823 
3097.850485  	76.335646 
3098.207792  	76.351629 
3098.565099  	76.399374 
3098.922405  	76.477162 
3099.279712  	76.701640 
3099.637019  	76.663038 
3099.994326  	76.355428 
3100.351633  	76.402442 
3100.708940  	76.620425 
3101.066247  	76.599251 
3101.423553  	76.576212 
3101.780860  	76.726968 
3102.138167  	76.810293 
3102.495474  	76.707546 
3102.852781  	76.659693 
3103.210088  	76.615063 
3103.567395  	76.459665 
3103.924701  	76.476266 
3104.282008  	76.688627 
3104.639315  	76.943015 
3104.996622  	77.044848 
3105.353929  	76.871589 
3105.711236  	76.730697 
3106.068543  	76.798643 
3106.425849  	77.020082 
3106.783156  	77.140698 
3107.140463  	77.019553 
3107.497770  	76.909427 
3107.855077  	76.873974 
3108.212384  	77.071621 
3108.569691  	77.275993 
3108.926997  	77.174744 
3109.284304  	77.192388 
3109.641611  	77.206454 
3109.998918  	77.288690 
3110.356225  	77.662240 
3110.713532  	77.777046 
3111.070839  	77.643310 
3111.428146  	77.415654 
3111.785452  	77.334064 
3112.142759  	77.356692 
3112.500066  	77.034324 
3112.857373  	77.038348 
3113.214680  	77.327696 
3113.571987  	77.414814 
3113.929294  	77.647487 
3114.286600  	77.651714 
3114.643907  	77.364999 
3115.001214  	77.135647 
3115.358521  	76.975203 
3115.715828  	77.118688 
3116.073135  	77.395902 
3116.430442  	77.538175 
3116.787748  	77.561464 
3117.145055  	77.564989 
3117.502362  	77.606872 
3117.859669  	77.702506 
3118.216976  	77.866421 
3118.574283  	77.772022 
3118.931590  	77.640036 
3119.288896  	77.827003 
3119.646203  	77.885993 
3120.003510  	77.799180 
3120.360817  	77.777935 
3120.718124  	77.795614 
3121.075431  	77.858277 
3121.432738  	77.827266 
3121.790044  	77.836202 
3122.147351  	77.932111 
3122.504658  	77.828411 
3122.861965  	77.776791 
3123.219272  	77.972764 
3123.576579  	77.884336 
3123.933886  	77.789441 
3124.291193  	78.134033 
3124.648499  	78.078160 
3125.005806  	77.816687 
3125.363113  	78.116821 
3125.720420  	78.270460 
3126.077727  	78.143067 
3126.435034  	78.126274 
3126.792341  	78.063520 
3127.149647  	78.166837 
3127.506954  	78.230427 
3127.864261  	77.991742 
3128.221568  	78.102308 
3128.578875  	78.371690 
3128.936182  	78.188159 
3129.293489  	78.110585 
3129.650795  	78.295677 
3130.008102  	78.293643 
3130.365409  	78.213839 
3130.722716  	78.216237 
3131.080023  	78.323977 
3131.437330  	78.434806 
3131.794637  	78.510111 
3132.151943  	78.569693 
3132.509250  	78.446948 
3132.866557  	78.234303 
3133.223864  	78.017443 
3133.581171  	77.925223 
3133.938478  	78.030797 
3134.295785  	78.130413 
3134.653091  	78.346515 
3135.010398  	78.521300 
3135.367705  	78.502380 
3135.725012  	78.525773 
3136.082319  	78.525611 
3136.439626  	78.514087 
3136.796933  	78.481570 
3137.154240  	78.517850 
3137.511546  	78.643721 
3137.868853  	78.631549 
3138.226160  	78.670985 
3138.583467  	78.718699 
3138.940774  	78.784828 
3139.298081  	78.811465 
3139.655388  	78.521929 
3140.012694  	78.514732 
3140.370001  	78.713596 
3140.727308  	78.724045 
3141.084615  	78.888954 
3141.441922  	78.917477 
3141.799229  	78.885132 
3142.156536  	78.989136 
3142.513842  	78.837046 
3142.871149  	78.810236 
3143.228456  	78.933167 
3143.585763  	78.723439 
3143.943070  	78.610935 
3144.300377  	78.772379 
3144.657684  	78.767712 
3145.014990  	78.654198 
3145.372297  	78.625984 
3145.729604  	78.652739 
3146.086911  	78.766849 
3146.444218  	78.855234 
3146.801525  	78.768002 
3147.158832  	78.624922 
3147.516138  	78.675269 
3147.873445  	78.874437 
3148.230752  	78.891790 
3148.588059  	78.847369 
3148.945366  	78.998803 
3149.302673  	79.004849 
3149.659980  	78.806323 
3150.017287  	78.997263 
3150.374593  	79.381156 
3150.731900  	79.268816 
3151.089207  	78.994834 
3151.446514  	78.886951 
3151.803821  	78.800003 
3152.161128  	78.880513 
3152.518435  	79.043810 
3152.875741  	79.169608 
3153.233048  	79.244389 
3153.590355  	79.256621 
3153.947662  	79.348089 
3154.304969  	79.341228 
3154.662276  	79.224522 
3155.019583  	79.137643 
3155.376889  	79.056568 
3155.734196  	79.129690 
3156.091503  	79.212745 
3156.448810  	79.238620 
3156.806117  	79.324901 
3157.163424  	79.325086 
3157.520731  	79.221412 
3157.878037  	79.049127 
3158.235344  	79.050033 
3158.592651  	79.323633 
3158.949958  	79.439549 
3159.307265  	79.362247 
3159.664572  	79.338895 
3160.021879  	79.329140 
3160.379185  	79.231644 
3160.736492  	79.187534 
3161.093799  	79.307598 
3161.451106  	79.233631 
3161.808413  	79.002649 
3162.165720  	79.062301 
3162.523027  	79.126568 
3162.880334  	78.940570 
3163.237640  	78.977234 
3163.594947  	79.301800 
3163.952254  	79.431113 
3164.309561  	79.475567 
3164.666868  	79.734081 
3165.024175  	79.831132 
3165.381482  	79.585708 
3165.738788  	79.282981 
3166.096095  	79.137476 
3166.453402  	79.322727 
3166.810709  	79.557505 
3167.168016  	79.537922 
3167.525323  	79.566323 
3167.882630  	79.551572 
3168.239936  	79.343016 
3168.597243  	79.405526 
3168.954550  	79.535414 
3169.311857  	79.264473 
3169.669164  	79.171657 
3170.026471  	79.434723 
3170.383778  	79.381934 
3170.741084  	79.334948 
3171.098391  	79.707152 
3171.455698  	79.746841 
3171.813005  	79.344765 
3172.170312  	79.196718 
3172.527619  	79.337613 
3172.884926  	79.429930 
3173.242232  	79.463813 
3173.599539  	79.539310 
3173.956846  	79.522775 
3174.314153  	79.389242 
3174.671460  	79.212455 
3175.028767  	79.121225 
3175.386074  	79.311578 
3175.743380  	79.415598 
3176.100687  	79.280301 
3176.457994  	79.249707 
3176.815301  	79.402976 
3177.172608  	79.748675 
3177.529915  	79.868161 
3177.887222  	79.649826 
3178.244529  	79.503645 
3178.601835  	79.251773 
3178.959142  	79.112253 
3179.316449  	79.347033 
3179.673756  	79.503700 
3180.031063  	79.468368 
3180.388370  	79.390422 
3180.745677  	79.421511 
3181.102983  	79.606169 
3181.460290  	79.685654 
3181.817597  	79.521410 
3182.174904  	79.390833 
3182.532211  	79.441521 
3182.889518  	79.396767 
3183.246825  	79.455640 
3183.604131  	79.762081 
3183.961438  	79.700964 
3184.318745  	79.256954 
3184.676052  	78.999120 
3185.033359  	79.032588 
3185.390666  	79.103141 
3185.747973  	79.172943 
3186.105279  	79.312885 
3186.462586  	79.277243 
3186.819893  	79.012893 
3187.177200  	78.893523 
3187.534507  	79.112416 
3187.891814  	79.252267 
3188.249121  	79.113468 
3188.606427  	79.188761 
3188.963734  	79.317895 
3189.321041  	79.141564 
3189.678348  	78.972200 
3190.035655  	78.936669 
3190.392962  	79.029907 
3190.750269  	79.144527 
3191.107576  	79.083312 
3191.464882  	78.941661 
3191.822189  	78.904910 
3192.179496  	79.068221 
3192.536803  	79.196027 
3192.894110  	79.150356 
3193.251417  	79.226214 
3193.608724  	79.418215 
3193.966030  	79.446360 
3194.323337  	79.303106 
3194.680644  	79.094689 
3195.037951  	78.930374 
3195.395258  	78.895106 
3195.752565  	78.794011 
3196.109872  	78.668726 
3196.467178  	78.793451 
3196.824485  	78.993253 
3197.181792  	79.120912 
3197.539099  	79.128194 
3197.896406  	78.978509 
3198.253713  	78.713437 
3198.611020  	78.389972 
3198.968326  	78.374691 
3199.325633  	78.467755 
3199.682940  	78.484098 
3200.040247  	78.818264 
3200.397554  	78.967192 
3200.754861  	78.731858 
3201.112168  	78.626250 
3201.469474  	78.519679 
3201.826781  	78.362668 
3202.184088  	78.301960 
3202.541395  	78.330444 
3202.898702  	78.411399 
3203.256009  	78.568135 
3203.613316  	78.669283 
3203.970623  	78.506132 
3204.327929  	78.433896 
3204.685236  	78.471849 
3205.042543  	78.391658 
3205.399850  	78.387912 
3205.757157  	78.430171 
3206.114464  	78.581338 
3206.471771  	78.572127 
3206.829077  	78.280812 
3207.186384  	78.183133 
3207.543691  	77.934385 
3207.900998  	77.753614 
3208.258305  	78.069490 
3208.615612  	78.008648 
3208.972919  	77.631339 
3209.330225  	77.562311 
3209.687532  	77.611231 
3210.044839  	77.756364 
3210.402146  	77.926563 
3210.759453  	77.955625 
3211.116760  	77.985922 
3211.474067  	78.044005 
3211.831373  	77.943508 
3212.188680  	77.713019 
3212.545987  	77.708944 
3212.903294  	77.955548 
3213.260601  	78.096140 
3213.617908  	77.978106 
3213.975215  	77.688752 
3214.332521  	77.469319 
3214.689828  	77.454017 
3215.047135  	77.564337 
3215.404442  	77.647679 
3215.761749  	77.549335 
3216.119056  	77.523046 
3216.476363  	77.667624 
3216.833670  	77.510859 
3217.190976  	77.314982 
3217.548283  	77.497196 
3217.905590  	77.687971 
3218.262897  	77.853494 
3218.620204  	77.809897 
3218.977511  	77.375768 
3219.334818  	77.257668 
3219.692124  	77.314521 
3220.049431  	77.087042 
3220.406738  	77.010465 
3220.764045  	77.004759 
3221.121352  	76.973770 
3221.478659  	77.087424 
3221.835966  	77.088971 
3222.193272  	76.906848 
3222.550579  	76.668863 
3222.907886  	76.636303 
3223.265193  	76.792390 
3223.622500  	76.769925 
3223.979807  	76.623350 
3224.337114  	76.491571 
3224.694420  	76.636211 
3225.051727  	76.953011 
3225.409034  	76.834755 
3225.766341  	76.573021 
3226.123648  	76.483103 
3226.480955  	76.314098 
3226.838262  	76.227090 
3227.195568  	76.461317 
3227.552875  	76.654582 
3227.910182  	76.326102 
3228.267489  	76.084617 
3228.624796  	76.280899 
3228.982103  	76.365153 
3229.339410  	76.395942 
3229.696717  	76.244706 
3230.054023  	76.042826 
3230.411330  	76.297046 
3230.768637  	76.422962 
3231.125944  	76.336850 
3231.483251  	76.473480 
3231.840558  	76.589804 
3232.197865  	76.558527 
3232.555171  	76.548592 
3232.912478  	76.711167 
3233.269785  	76.913629 
3233.627092  	77.089735 
3233.984399  	77.091288 
3234.341706  	76.717154 
3234.699013  	76.582928 
3235.056319  	76.986387 
3235.413626  	77.443445 
3235.770933  	77.554750 
3236.128240  	77.364030 
3236.485547  	77.363966 
3236.842854  	77.587949 
3237.200161  	77.737394 
3237.557467  	77.719047 
3237.914774  	77.730021 
3238.272081  	78.023110 
3238.629388  	78.229896 
3238.986695  	78.244186 
3239.344002  	78.254642 
3239.701309  	78.342520 
3240.058615  	78.705589 
3240.415922  	78.755079 
3240.773229  	78.378225 
3241.130536  	78.343830 
3241.487843  	78.597497 
3241.845150  	78.834689 
3242.202457  	78.906457 
3242.559764  	79.016361 
3242.917070  	79.285242 
3243.274377  	79.148457 
3243.631684  	78.912716 
3243.988991  	79.093462 
3244.346298  	79.270282 
3244.703605  	79.339281 
3245.060912  	79.375229 
3245.418218  	79.361083 
3245.775525  	79.355420 
3246.132832  	79.282221 
3246.490139  	79.455641 
3246.847446  	79.825886 
3247.204753  	79.710739 
3247.562060  	79.409006 
3247.919366  	79.460671 
3248.276673  	79.566706 
3248.633980  	79.637867 
3248.991287  	79.875260 
3249.348594  	80.070799 
3249.705901  	79.854781 
3250.063208  	79.674233 
3250.420514  	80.060098 
3250.777821  	80.337950 
3251.135128  	80.225634 
3251.492435  	80.142302 
3251.849742  	80.081660 
3252.207049  	80.192834 
3252.564356  	80.376951 
3252.921662  	80.307778 
3253.278969  	80.050386 
3253.636276  	79.919782 
3253.993583  	80.253743 
3254.350890  	80.496229 
3254.708197  	80.395045 
3255.065504  	80.582213 
3255.422810  	80.809139 
3255.780117  	80.793154 
3256.137424  	80.716045 
3256.494731  	80.772858 
3256.852038  	81.090122 
3257.209345  	80.983127 
3257.566652  	80.503232 
3257.923959  	80.576402 
3258.281265  	80.839837 
3258.638572  	80.914472 
3258.995879  	81.237109 
3259.353186  	81.452043 
3259.710493  	81.131343 
3260.067800  	80.887671 
3260.425107  	81.104792 
3260.782413  	81.465353 
3261.139720  	81.602802 
3261.497027  	81.471285 
3261.854334  	81.534103 
3262.211641  	81.662976 
3262.568948  	81.394363 
3262.926255  	81.311898 
3263.283561  	81.557479 
3263.640868  	81.468874 
3263.998175  	81.250396 
3264.355482  	81.407881 
3264.712789  	81.628449 
3265.070096  	81.603701 
3265.427403  	81.671959 
3265.784709  	81.728512 
3266.142016  	81.538071 
3266.499323  	81.503508 
3266.856630  	81.615596 
3267.213937  	81.601411 
3267.571244  	81.499799 
3267.928551  	81.601227 
3268.285857  	81.962629 
3268.643164  	81.957186 
3269.000471  	81.560416 
3269.357778  	81.281985 
3269.715085  	81.351438 
3270.072392  	81.685399 
3270.429699  	81.648614 
3270.787006  	81.365328 
3271.144312  	81.324559 
3271.501619  	81.375577 
3271.858926  	81.561457 
3272.216233  	81.529051 
3272.573540  	81.167856 
3272.930847  	81.059762 
3273.288154  	81.270186 
3273.645460  	81.596410 
3274.002767  	81.637519 
3274.360074  	81.474473 
3274.717381  	81.492261 
3275.074688  	81.464195 
3275.431995  	81.564658 
3275.789302  	81.717762 
3276.146608  	81.618354 
3276.503915  	81.534417 
3276.861222  	81.339208 
3277.218529  	81.307226 
3277.575836  	81.596674 
3277.933143  	81.588581 
3278.290450  	81.556544 
3278.647756  	81.603209 
3279.005063  	81.508312 
3279.362370  	81.652551 
3279.719677  	81.658697 
3280.076984  	81.315856 
3280.434291  	81.202883 
3280.791598  	81.328715 
3281.148904  	81.504048 
3281.506211  	81.499354 
3281.863518  	81.172972 
3282.220825  	80.962015 
3282.578132  	81.169495 
3282.935439  	81.392474 
3283.292746  	81.142644 
3283.650053  	80.911371 
3284.007359  	81.072399 
3284.364666  	80.971387 
3284.721973  	80.753937 
3285.079280  	80.990929 
3285.436587  	81.331420 
3285.793894  	81.487731 
3286.151201  	81.411463 
3286.508507  	81.108284 
3286.865814  	80.964818 
3287.223121  	81.007648 
3287.580428  	80.823253 
3287.937735  	80.720116 
3288.295042  	81.017457 
3288.652349  	81.192131 
3289.009655  	81.147809 
3289.366962  	81.102551 
3289.724269  	81.060431 
3290.081576  	81.103428 
3290.438883  	81.082417 
3290.796190  	81.114580 
3291.153497  	81.263089 
3291.510803  	81.186380 
3291.868110  	81.003082 
3292.225417  	80.977188 
3292.582724  	81.058529 
3292.940031  	80.927598 
3293.297338  	80.711734 
3293.654645  	80.748965 
3294.011951  	80.581698 
3294.369258  	80.324708 
3294.726565  	80.392303 
3295.083872  	80.493403 
3295.441179  	80.699506 
3295.798486  	80.903645 
3296.155793  	80.764688 
3296.513100  	80.520688 
3296.870406  	80.516225 
3297.227713  	80.792324 
3297.585020  	80.803513 
3297.942327  	80.318205 
3298.299634  	80.093715 
3298.656941  	80.267552 
3299.014248  	80.191056 
3299.371554  	80.150143 
3299.728861  	80.419727 
3300.086168  	80.381877 
3300.443475  	80.286759 
3300.800782  	80.388420 
3301.158089  	80.252137 
3301.515396  	80.219982 
3301.872702  	80.338646 
3302.230009  	80.253233 
3302.587316  	80.142502 
3302.944623  	80.078140 
3303.301930  	80.146604 
3303.659237  	80.259552 
3304.016544  	80.128062 
3304.373850  	79.914822 
3304.731157  	79.858833 
3305.088464  	79.973489 
3305.445771  	80.092651 
3305.803078  	79.986520 
3306.160385  	79.770731 
3306.517692  	79.754275 
3306.874998  	79.857507 
3307.232305  	79.862035 
3307.589612  	79.734277 
3307.946919  	79.495321 
3308.304226  	79.420368 
3308.661533  	79.613543 
3309.018840  	79.769165 
3309.376147  	79.689509 
3309.733453  	79.430072 
3310.090760  	79.279752 
3310.448067  	79.176862 
3310.805374  	78.970827 
3311.162681  	79.085574 
3311.519988  	79.388073 
3311.877295  	79.294094 
3312.234601  	79.071605 
3312.591908  	79.036258 
3312.949215  	78.990060 
3313.306522  	78.980004 
3313.663829  	78.924267 
3314.021136  	78.735164 
3314.378443  	78.751180 
3314.735749  	78.699543 
3315.093056  	78.349529 
3315.450363  	78.130714 
3315.807670  	78.134007 
3316.164977  	78.190864 
3316.522284  	78.136676 
3316.879591  	78.232491 
3317.236897  	78.464639 
3317.594204  	78.302585 
3317.951511  	78.155638 
3318.308818  	78.103412 
3318.666125  	77.930773 
3319.023432  	78.003537 
3319.380739  	77.926582 
3319.738045  	77.740285 
3320.095352  	77.853400 
3320.452659  	77.807466 
3320.809966  	77.672884 
3321.167273  	77.713541 
3321.524580  	77.554687 
3321.881887  	77.285201 
3322.239194  	77.283688 
3322.596500  	77.161760 
3322.953807  	76.836121 
3323.311114  	76.804855 
3323.668421  	76.943222 
3324.025728  	77.119242 
3324.383035  	77.072209 
3324.740342  	76.654242 
3325.097648  	76.423155 
3325.454955  	76.274903 
3325.812262  	76.089696 
3326.169569  	76.112680 
3326.526876  	76.144261 
3326.884183  	76.023170 
3327.241490  	75.647075 
3327.598796  	75.347968 
3327.956103  	75.437339 
3328.313410  	75.598819 
3328.670717  	75.646399 
3329.028024  	75.598552 
3329.385331  	75.580371 
3329.742638  	75.539238 
3330.099944  	75.453147 
3330.457251  	75.429586 
3330.814558  	75.212161 
3331.171865  	74.912163 
3331.529172  	74.757776 
3331.886479  	74.601340 
3332.243786  	74.514852 
3332.601092  	74.548345 
3332.958399  	74.442312 
3333.315706  	74.157324 
3333.673013  	74.049921 
3334.030320  	74.071513 
3334.387627  	73.972111 
3334.744934  	73.849312 
3335.102240  	73.708407 
3335.459547  	73.675537 
3335.816854  	73.705734 
3336.174161  	73.550870 
3336.531468  	73.347856 
3336.888775  	73.196600 
3337.246082  	73.007176 
3337.603389  	72.805431 
3337.960695  	72.814772 
3338.318002  	72.730242 
3338.675309  	72.260593 
3339.032616  	72.104730 
3339.389923  	72.193663 
3339.747230  	71.964482 
3340.104537  	71.739629 
3340.461843  	71.679353 
3340.819150  	71.631377 
3341.176457  	71.499256 
3341.533764  	71.380281 
3341.891071  	71.334322 
3342.248378  	71.261415 
3342.605685  	71.224915 
3342.962991  	70.998726 
3343.320298  	70.608645 
3343.677605  	70.421658 
3344.034912  	70.362606 
3344.392219  	70.300535 
3344.749526  	70.180146 
3345.106833  	70.067664 
3345.464139  	69.977344 
3345.821446  	69.806078 
3346.178753  	69.467384 
3346.536060  	68.886150 
3346.893367  	68.597752 
3347.250674  	68.764481 
3347.607981  	68.707202 
3347.965287  	68.400073 
3348.322594  	68.144446 
3348.679901  	68.029098 
3349.037208  	68.074913 
3349.394515  	67.946673 
3349.751822  	67.614060 
3350.109129  	67.403305 
3350.466436  	67.111363 
3350.823742  	66.750012 
3351.181049  	66.648919 
3351.538356  	66.407076 
3351.895663  	66.046745 
3352.252970  	65.930740 
3352.610277  	65.702018 
3352.967584  	65.471102 
3353.324890  	65.208615 
3353.682197  	64.668014 
3354.039504  	64.351968 
3354.396811  	64.161526 
3354.754118  	63.967197 
3355.111425  	64.035990 
3355.468732  	63.960339 
3355.826038  	63.665089 
3356.183345  	63.471557 
3356.540652  	63.331466 
3356.897959  	63.036794 
3357.255266  	62.602182 
3357.612573  	62.391732 
3357.969880  	62.254573 
3358.327186  	61.891754 
3358.684493  	61.635868 
3359.041800  	61.544537 
3359.399107  	61.497992 
3359.756414  	61.466447 
3360.113721  	61.313183 
3360.471028  	61.289486 
3360.828334  	61.446136 
3361.185641  	61.506232 
3361.542948  	61.526710 
3361.900255  	61.492747 
3362.257562  	61.537827 
3362.614869  	61.878196 
3362.972176  	62.116098 
3363.329483  	62.046879 
3363.686789  	62.186173 
3364.044096  	62.711583 
3364.401403  	63.016138 
3364.758710  	63.153502 
3365.116017  	63.658734 
3365.473324  	64.105430 
3365.830631  	64.295429 
3366.187937  	64.632585 
3366.545244  	65.167208 
3366.902551  	65.912136 
3367.259858  	66.677614 
3367.617165  	67.178579 
3367.974472  	67.619992 
3368.331779  	68.099393 
3368.689085  	68.318103 
3369.046392  	68.696645 
3369.403699  	69.556243 
3369.761006  	70.014409 
3370.118313  	70.185302 
3370.475620  	70.734540 
3370.832927  	71.304422 
3371.190233  	71.769052 
3371.547540  	72.013945 
3371.904847  	72.169219 
3372.262154  	72.444532 
3372.619461  	72.552099 
3372.976768  	72.802760 
3373.334075  	73.010499 
3373.691381  	72.863812 
3374.048688  	72.831720 
3374.405995  	72.839987 
3374.763302  	72.913850 
3375.120609  	73.112307 
3375.477916  	73.180218 
3375.835223  	73.086343 
3376.192530  	72.955349 
3376.549836  	73.031255 
3376.907143  	72.976711 
3377.264450  	72.662489 
3377.621757  	72.512145 
3377.979064  	72.433374 
3378.336371  	72.283434 
3378.693678  	71.953378 
3379.050984  	71.679249 
3379.408291  	71.689478 
3379.765598  	71.640241 
3380.122905  	71.689623 
3380.480212  	71.835763 
3380.837519  	71.774740 
3381.194826  	71.800431 
3381.552132  	72.100340 
3381.909439  	72.482867 
3382.266746  	72.636397 
3382.624053  	72.714207 
3382.981360  	73.117028 
3383.338667  	73.561820 
3383.695974  	73.800834 
3384.053280  	74.067672 
3384.410587  	74.565728 
3384.767894  	75.267967 
3385.125201  	75.749196 
3385.482508  	75.890636 
3385.839815  	76.197472 
3386.197122  	76.612954 
3386.554428  	76.943084 
3386.911735  	77.603107 
3387.269042  	78.321657 
3387.626349  	78.654198 
3387.983656  	78.985865 
3388.340963  	79.476125 
3388.698270  	80.055855 
3389.055577  	80.536612 
3389.412883  	80.799036 
3389.770190  	81.353935 
3390.127497  	82.000996 
3390.484804  	82.225359 
3390.842111  	82.627547 
3391.199418  	83.255111 
3391.556725  	83.487489 
3391.914031  	83.619976 
3392.271338  	83.896488 
3392.628645  	84.153406 
3392.985952  	84.470255 
3393.343259  	84.621001 
3393.700566  	84.594985 
3394.057873  	84.839655 
3394.415179  	85.243316 
3394.772486  	85.478884 
3395.129793  	85.564181 
3395.487100  	85.622371 
3395.844407  	85.657872 
3396.201714  	85.770218 
3396.559021  	86.117217 
3396.916327  	86.311781 
3397.273634  	86.142171 
3397.630941  	86.146834 
3397.988248  	86.447799 
3398.345555  	86.577308 
3398.702862  	86.458977 
3399.060169  	86.509817 
3399.417475  	86.720384 
3399.774782  	86.607626 
3400.132089  	86.415601 
3400.489396  	86.643957 
3400.846703  	86.946587 
3401.204010  	87.006998 
3401.561317  	86.909120 
3401.918624  	86.666764 
3402.275930  	86.700645 
3402.633237  	87.038386 
3402.990544  	87.045090 
3403.347851  	86.872094 
3403.705158  	86.636523 
3404.062465  	86.288517 
3404.419772  	86.332603 
3404.777078  	86.482847 
3405.134385  	86.437986 
3405.491692  	86.551680 
3405.848999  	86.680676 
3406.206306  	86.718136 
3406.563613  	86.652408 
3406.920920  	86.405592 
3407.278226  	86.281940 
3407.635533  	86.310530 
3407.992840  	86.197961 
3408.350147  	86.083448 
3408.707454  	86.115971 
3409.064761  	85.978279 
3409.422068  	85.825009 
3409.779374  	86.050966 
3410.136681  	86.262562 
3410.493988  	86.261205 
3410.851295  	86.310552 
3411.208602  	86.355233 
3411.565909  	86.292448 
3411.923216  	86.186253 
3412.280522  	86.117156 
3412.637829  	85.951413 
3412.995136  	85.806246 
3413.352443  	85.954060 
3413.709750  	85.888349 
3414.067057  	85.623854 
3414.424364  	85.853736 
3414.781671  	86.041139 
3415.138977  	85.649939 
3415.496284  	85.312258 
3415.853591  	85.325125 
3416.210898  	85.367380 
3416.568205  	85.209754 
3416.925512  	84.935473 
3417.282819  	84.738985 
3417.640125  	84.609553 
3417.997432  	84.591481 
3418.354739  	84.834828 
3418.712046  	85.112339 
3419.069353  	84.983968 
3419.426660  	84.604486 
3419.783967  	84.475556 
3420.141273  	84.479267 
3420.498580  	84.263471 
3420.855887  	84.073896 
3421.213194  	84.292925 
3421.570501  	84.450124 
3421.927808  	84.090271 
3422.285115  	83.688517 
3422.642421  	83.387919 
3422.999728  	83.314984 
3423.357035  	83.631529 
3423.714342  	83.641939 
3424.071649  	83.456975 
3424.428956  	83.342203 
3424.786263  	83.094056 
3425.143569  	83.174772 
3425.500876  	83.286217 
3425.858183  	83.172324 
3426.215490  	83.169829 
3426.572797  	83.043846 
3426.930104  	82.789464 
3427.287411  	82.427197 
3427.644717  	82.340327 
3428.002024  	82.513343 
3428.359331  	82.013315 
3428.716638  	81.594349 
3429.073945  	81.886059 
3429.431252  	81.942898 
3429.788559  	81.731929 
3430.145866  	81.676821 
3430.503172  	81.667949 
3430.860479  	81.669768 
3431.217786  	81.614499 
3431.575093  	81.333216 
3431.932400  	81.214805 
3432.289707  	81.425838 
3432.647014  	81.324001 
3433.004320  	80.992275 
3433.361627  	80.776187 
3433.718934  	80.605962 
3434.076241  	80.462848 
3434.433548  	80.087666 
3434.790855  	79.855009 
3435.148162  	80.154143 
3435.505468  	80.281154 
3435.862775  	79.967127 
3436.220082  	79.704843 
3436.577389  	79.544296 
3436.934696  	79.265734 
3437.292003  	79.293636 
3437.649310  	79.793836 
3438.006616  	79.930874 
3438.363923  	79.516390 
3438.721230  	79.267405 
3439.078537  	79.356546 
3439.435844  	79.409194 
3439.793151  	79.457484 
3440.150458  	79.651263 
3440.507764  	79.680224 
3440.865071  	79.468665 
3441.222378  	79.245755 
3441.579685  	79.140510 
3441.936992  	79.094511 
3442.294299  	79.031895 
3442.651606  	78.973349 
3443.008913  	78.644639 
3443.366219  	78.314089 
3443.723526  	78.401884 
3444.080833  	78.512631 
3444.438140  	78.681882 
3444.795447  	78.785045 
3445.152754  	78.394186 
3445.510061  	78.083481 
3445.867367  	78.138574 
3446.224674  	78.198452 
3446.581981  	78.199733 
3446.939288  	78.065552 
3447.296595  	77.764393 
3447.653902  	77.399370 
3448.011209  	77.176053 
3448.368515  	77.240755 
3448.725822  	77.137616 
3449.083129  	76.782421 
3449.440436  	76.741499 
3449.797743  	76.751582 
3450.155050  	76.492794 
3450.512357  	76.206234 
3450.869663  	75.825024 
3451.226970  	75.524195 
3451.584277  	75.335365 
3451.941584  	75.023606 
3452.298891  	74.734112 
3452.656198  	74.405197 
3453.013505  	74.090068 
3453.370811  	73.801594 
3453.728118  	73.191107 
3454.085425  	72.442614 
3454.442732  	71.990500 
3454.800039  	71.827358 
3455.157346  	71.642149 
3455.514653  	71.209913 
3455.871960  	70.434212 
3456.229266  	69.684451 
3456.586573  	69.485644 
3456.943880  	69.363056 
3457.301187  	68.925247 
3457.658494  	68.474752 
3458.015801  	68.016857 
3458.373108  	67.652183 
3458.730414  	67.610285 
3459.087721  	67.612721 
3459.445028  	67.255416 
3459.802335  	66.996111 
3460.159642  	67.147871 
3460.516949  	67.147160 
3460.874256  	67.242156 
3461.231562  	67.661340 
3461.588869  	68.044562 
3461.946176  	68.570108 
3462.303483  	69.101780 
3462.660790  	69.546699 
3463.018097  	70.065817 
3463.375404  	70.501243 
3463.732710  	70.903228 
3464.090017  	71.327150 
3464.447324  	71.895954 
3464.804631  	72.423382 
3465.161938  	72.749804 
3465.519245  	73.395445 
3465.876552  	73.953736 
3466.233858  	74.113204 
3466.591165  	74.519501 
3466.948472  	74.814610 
3467.305779  	74.903124 
3467.663086  	75.234139 
3468.020393  	75.431305 
3468.377700  	75.636128 
3468.735007  	75.932556 
3469.092313  	75.843244 
3469.449620  	75.714118 
3469.806927  	75.857974 
3470.164234  	76.096160 
3470.521541  	76.257281 
3470.878848  	76.234149 
3471.236155  	76.242496 
3471.593461  	76.282104 
3471.950768  	76.348171 
3472.308075  	76.432533 
3472.665382  	76.308694 
3473.022689  	76.424265 
3473.379996  	76.791105 
3473.737303  	76.861651 
3474.094609  	77.019052 
3474.451916  	77.316128 
3474.809223  	77.304255 
3475.166530  	77.366596 
3475.523837  	77.825389 
3475.881144  	78.262071 
3476.238451  	78.508335 
3476.595757  	78.657899 
3476.953064  	78.673167 
3477.310371  	78.805451 
3477.667678  	79.171082 
3478.024985  	79.589486 
3478.382292  	79.968029 
3478.739599  	80.202069 
3479.096905  	80.475942 
3479.454212  	80.841995 
3479.811519  	81.035678 
3480.168826  	81.205293 
3480.526133  	81.472578 
3480.883440  	81.641836 
3481.240747  	81.826076 
3481.598054  	82.305707 
3481.955360  	82.781420 
3482.312667  	82.810684 
3482.669974  	82.639464 
3483.027281  	82.767153 
3483.384588  	83.175623 
3483.741895  	83.410723 
3484.099202  	83.518433 
3484.456508  	83.871248 
3484.813815  	84.329134 
3485.171122  	84.563400 
3485.528429  	84.550118 
3485.885736  	84.806799 
3486.243043  	85.211726 
3486.600350  	85.125852 
3486.957656  	85.077748 
3487.314963  	85.297013 
3487.672270  	85.497220 
3488.029577  	85.710880 
3488.386884  	85.724308 
3488.744191  	85.868897 
3489.101498  	86.245852 
3489.458804  	86.430626 
3489.816111  	86.506404 
3490.173418  	86.513598 
3490.530725  	86.523718 
3490.888032  	86.487477 
3491.245339  	86.392424 
3491.602646  	86.603906 
3491.959952  	87.002531 
3492.317259  	87.229533 
3492.674566  	87.264030 
3493.031873  	87.171954 
3493.389180  	87.043523 
3493.746487  	86.998172 
3494.103794  	86.889120 
3494.461101  	86.710530 
3494.818407  	86.820947 
3495.175714  	87.096487 
3495.533021  	87.262557 
3495.890328  	87.200757 
3496.247635  	87.115630 
3496.604942  	87.342211 
3496.962249  	87.471926 
3497.319555  	87.559263 
3497.676862  	87.592106 
3498.034169  	87.266288 
3498.391476  	87.337415 
3498.748783  	87.578665 
3499.106090  	87.457376 
3499.463397  	87.524914 
3499.820703  	87.643281 
3500.178010  	87.596364 
3500.535317  	87.590692 
3500.892624  	87.698875 
3501.249931  	87.886294 
3501.607238  	88.093623 
3501.964545  	88.191868 
3502.321851  	87.871045 
3502.679158  	87.591891 
3503.036465  	87.702226 
3503.393772  	87.701164 
3503.751079  	87.656182 
3504.108386  	87.575771 
3504.465693  	87.297735 
3504.822999  	87.323692 
3505.180306  	87.688073 
3505.537613  	87.762086 
3505.894920  	87.642701 
3506.252227  	87.540502 
3506.609534  	87.401542 
3506.966841  	87.672329 
3507.324147  	87.986222 
3507.681454  	87.992633 
3508.038761  	88.117113 
3508.396068  	87.958885 
3508.753375  	87.729019 
3509.110682  	87.747888 
3509.467989  	87.614361 
3509.825296  	87.713398 
3510.182602  	87.716277 
3510.539909  	87.349641 
3510.897216  	87.479631 
3511.254523  	87.978207 
3511.611830  	87.983352 
3511.969137  	87.619029 
3512.326444  	87.546268 
3512.683750  	87.621685 
3513.041057  	87.829033 
3513.398364  	88.082146 
3513.755671  	88.003568 
3514.112978  	87.929767 
3514.470285  	87.583770 
3514.827592  	87.272319 
3515.184898  	87.764378 
3515.542205  	88.031933 
3515.899512  	87.767562 
3516.256819  	87.663277 
3516.614126  	87.778316 
3516.971433  	87.935733 
3517.328740  	87.881034 
3517.686046  	87.876098 
3518.043353  	87.965396 
3518.400660  	87.944938 
3518.757967  	87.987133 
3519.115274  	88.029641 
3519.472581  	88.006641 
3519.829888  	87.803686 
3520.187194  	87.647700 
3520.544501  	87.915766 
3520.901808  	88.068656 
3521.259115  	87.876265 
3521.616422  	88.049313 
3521.973729  	88.630327 
3522.331036  	88.779251 
3522.688343  	88.368605 
3523.045649  	87.919234 
3523.402956  	87.728044 
3523.760263  	87.954007 
3524.117570  	88.086719 
3524.474877  	87.759111 
3524.832184  	87.511724 
3525.189491  	87.702730 
3525.546797  	88.061309 
3525.904104  	88.150863 
3526.261411  	88.127114 
3526.618718  	88.381664 
3526.976025  	88.649069 
3527.333332  	88.424454 
3527.690639  	87.688500 
3528.047945  	87.240274 
3528.405252  	87.514604 
3528.762559  	87.873545 
3529.119866  	87.743632 
3529.477173  	87.612494 
3529.834480  	87.947437 
3530.191787  	88.092302 
3530.549093  	87.954371 
3530.906400  	88.053475 
3531.263707  	88.169009 
3531.621014  	87.973390 
3531.978321  	87.662663 
3532.335628  	87.693475 
3532.692935  	87.886270 
3533.050241  	87.913170 
3533.407548  	88.030964 
3533.764855  	88.068320 
3534.122162  	87.959608 
3534.479469  	87.954406 
3534.836776  	88.029814 
3535.194083  	88.080521 
3535.551390  	87.913156 
3535.908696  	87.849645 
3536.266003  	87.908309 
3536.623310  	87.569980 
3536.980617  	87.143295 
3537.337924  	87.158027 
3537.695231  	87.744836 
3538.052538  	88.422016 
3538.409844  	88.557291 
3538.767151  	88.321812 
3539.124458  	88.148647 
3539.481765  	88.153013 
3539.839072  	87.994167 
3540.196379  	87.770417 
3540.553686  	87.865169 
3540.910992  	87.963330 
3541.268299  	87.994763 
3541.625606  	88.060223 
3541.982913  	88.082993 
3542.340220  	88.059485 
3542.697527  	88.021962 
3543.054834  	88.053066 
3543.412140  	87.886042 
3543.769447  	87.741729 
3544.126754  	87.830598 
3544.484061  	87.773098 
3544.841368  	87.898154 
3545.198675  	87.897443 
3545.555982  	87.337999 
3545.913288  	87.211380 
3546.270595  	87.611205 
3546.627902  	87.764791 
3546.985209  	87.479947 
3547.342516  	86.942671 
3547.699823  	86.833885 
3548.057130  	87.386873 
3548.414437  	87.682350 
3548.771743  	87.370559 
3549.129050  	87.255616 
3549.486357  	87.539807 
3549.843664  	87.767214 
3550.200971  	87.884573 
3550.558278  	88.007308 
3550.915585  	88.187443 
3551.272891  	88.092069 
3551.630198  	88.026613 
3551.987505  	88.252230 
3552.344812  	87.729555 
3552.702119  	87.160439 
3553.059426  	87.725873 
3553.416733  	88.016515 
3553.774039  	87.510061 
3554.131346  	87.113775 
3554.488653  	87.137891 
3554.845960  	87.385106 
3555.203267  	87.692834 
3555.560574  	87.890741 
3555.917881  	87.838511 
3556.275187  	87.733140 
3556.632494  	87.714410 
3556.989801  	87.651675 
3557.347108  	87.633298 
3557.704415  	87.736927 
3558.061722  	87.819874 
3558.419029  	87.840407 
3558.776335  	87.843775 
3559.133642  	87.891230 
3559.490949  	87.970418 
3559.848256  	87.886879 
3560.205563  	87.638504 
3560.562870  	87.312404 
3560.920177  	87.150849 
3561.277484  	87.500983 
3561.634790  	87.621729 
3561.992097  	87.355978 
3562.349404  	87.655546 
3562.706711  	87.730710 
3563.064018  	87.206489 
3563.421325  	87.379470 
3563.778632  	87.535339 
3564.135938  	87.146473 
3564.493245  	87.429660 
3564.850552  	87.875093 
3565.207859  	87.958658 
3565.565166  	88.546292 
3565.922473  	88.854090 
3566.279780  	88.069420 
3566.637086  	87.708979 
3566.994393  	87.531464 
3567.351700  	87.099149 
3567.709007  	87.610238 
3568.066314  	87.672865 
3568.423621  	86.196375 
3568.780928  	85.269313 
3569.138234  	85.901513 
3569.495541  	86.983279 
3569.852848  	87.674065 
3570.210155  	87.545910 
3570.567462  	87.194507 
3570.924769  	87.087375 
3571.282076  	87.076060 
3571.639382  	87.116952 
3571.996689  	87.135308 
3572.353996  	87.314512 
3572.711303  	87.564281 
3573.068610  	87.501668 
3573.425917  	87.345678 
3573.783224  	87.319838 
3574.140531  	87.550976 
3574.497837  	87.729633 
3574.855144  	87.438707 
3575.212451  	87.339129 
3575.569758  	87.381380 
3575.927065  	87.308285 
3576.284372  	87.765338 
3576.641679  	88.143028 
3576.998985  	87.708842 
3577.356292  	87.083341 
3577.713599  	86.957096 
3578.070906  	87.344296 
3578.428213  	87.632647 
3578.785520  	87.699783 
3579.142827  	87.802302 
3579.500133  	87.950022 
3579.857440  	87.829701 
3580.214747  	87.271499 
3580.572054  	87.080155 
3580.929361  	87.333456 
3581.286668  	87.472893 
3581.643975  	87.544492 
3582.001281  	87.404488 
3582.358588  	87.430800 
3582.715895  	87.709929 
3583.073202  	87.562724 
3583.430509  	87.174339 
3583.787816  	86.881796 
3584.145123  	86.923643 
3584.502429  	87.300989 
3584.859736  	87.522113 
3585.217043  	87.614408 
3585.574350  	87.716459 
3585.931657  	88.011775 
3586.288964  	88.456185 
3586.646271  	88.038412 
3587.003577  	86.464391 
3587.360884  	85.583461 
3587.718191  	86.451285 
3588.075498  	87.562030 
3588.432805  	87.789856 
3588.790112  	86.992956 
3589.147419  	85.777563 
3589.504726  	85.633446 
3589.862032  	86.544300 
3590.219339  	87.152918 
3590.576646  	87.066992 
3590.933953  	86.791739 
3591.291260  	86.881006 
3591.648567  	87.142282 
3592.005874  	87.374074 
3592.363180  	87.698977 
3592.720487  	87.780491 
3593.077794  	87.473081 
3593.435101  	86.933350 
3593.792408  	86.313817 
3594.149715  	86.490642 
3594.507022  	87.178549 
3594.864328  	87.385988 
3595.221635  	87.525034 
3595.578942  	87.342333 
3595.936249  	86.464831 
3596.293556  	86.230493 
3596.650863  	86.501469 
3597.008170  	86.902403 
3597.365476  	87.520742 
3597.722783  	87.598922 
3598.080090  	87.259200 
3598.437397  	86.881838 
3598.794704  	86.497147 
3599.152011  	86.702779 
3599.509318  	87.187220 
3599.866624  	87.295387 
3600.223931  	87.290081 
3600.581238  	87.340949 
3600.938545  	87.310558 
3601.295852  	87.095399 
3601.653159  	86.672319 
3602.010466  	86.717579 
3602.367773  	87.281637 
3602.725079  	87.227579 
3603.082386  	86.686007 
3603.439693  	86.637048 
3603.797000  	86.958396 
3604.154307  	87.217069 
3604.511614  	87.173512 
3604.868921  	87.120402 
3605.226227  	87.192331 
3605.583534  	87.065598 
3605.940841  	87.221596 
3606.298148  	87.615479 
3606.655455  	87.708619 
3607.012762  	87.568197 
3607.370069  	86.878361 
3607.727375  	86.392319 
3608.084682  	87.369088 
3608.441989  	88.712240 
3608.799296  	89.117725 
3609.156603  	88.215991 
3609.513910  	86.138988 
3609.871217  	84.411644 
3610.228523  	85.154151 
3610.585830  	86.580580 
3610.943137  	87.212319 
3611.300444  	87.716112 
3611.657751  	88.298838 
3612.015058  	88.485626 
3612.372365  	88.234266 
3612.729671  	87.661747 
3613.086978  	86.770688 
3613.444285  	86.468885 
3613.801592  	87.336441 
3614.158899  	87.886208 
3614.516206  	87.453502 
3614.873513  	86.739933 
3615.230820  	86.004960 
3615.588126  	86.037436 
3615.945433  	86.660517 
3616.302740  	86.957258 
3616.660047  	87.255424 
3617.017354  	87.629079 
3617.374661  	87.906948 
3617.731968  	87.817591 
3618.089274  	86.831433 
3618.446581  	86.449601 
3618.803888  	87.638513 
3619.161195  	88.750838 
3619.518502  	88.710559 
3619.875809  	87.196103 
3620.233116  	85.513783 
3620.590422  	85.877663 
3620.947729  	86.800755 
3621.305036  	86.747159 
3621.662343  	86.407848 
3622.019650  	86.332732 
3622.376957  	86.464852 
3622.734264  	86.732775 
3623.091570  	86.666434 
3623.448877  	86.372260 
3623.806184  	86.463958 
3624.163491  	86.800009 
3624.520798  	86.871045 
3624.878105  	86.938539 
3625.235412  	87.285891 
3625.592718  	87.213906 
3625.950025  	86.874991 
3626.307332  	86.953709 
3626.664639  	86.908862 
3627.021946  	87.048714 
3627.379253  	87.967726 
3627.736560  	88.740627 
3628.093867  	88.933705 
3628.451173  	88.633770 
3628.808480  	87.005380 
3629.165787  	85.440551 
3629.523094  	85.874714 
3629.880401  	85.344565 
3630.237708  	83.887957 
3630.595015  	84.299774 
3630.952321  	85.415648 
3631.309628  	86.154663 
3631.666935  	86.556587 
3632.024242  	86.652048 
3632.381549  	86.828553 
3632.738856  	87.229530 
3633.096163  	87.449565 
3633.453469  	87.508379 
3633.810776  	87.353667 
3634.168083  	86.430674 
3634.525390  	85.652680 
3634.882697  	85.982014 
3635.240004  	86.499015 
3635.597311  	86.962432 
3635.954617  	87.203711 
3636.311924  	87.015730 
3636.669231  	87.075114 
3637.026538  	87.039479 
3637.383845  	86.625922 
3637.741152  	86.669289 
3638.098459  	86.903813 
3638.455765  	86.528255 
3638.813072  	85.989594 
3639.170379  	86.124227 
3639.527686  	86.475938 
3639.884993  	86.537882 
3640.242300  	86.782121 
3640.599607  	86.990307 
3640.956914  	86.798371 
3641.314220  	86.863160 
3641.671527  	87.377109 
3642.028834  	87.567216 
3642.386141  	87.127151 
3642.743448  	86.766274 
3643.100755  	86.582843 
3643.458062  	86.440090 
3643.815368  	86.735991 
3644.172675  	87.044992 
3644.529982  	87.038489 
3644.887289  	86.993242 
3645.244596  	86.961517 
3645.601903  	87.172787 
3645.959210  	87.638546 
3646.316516  	88.192145 
3646.673823  	88.556931 
3647.031130  	88.137975 
3647.388437  	86.950296 
3647.745744  	85.206996 
3648.103051  	84.517024 
3648.460358  	86.274892 
3648.817664  	88.212225 
3649.174971  	88.608830 
3649.532278  	87.046102 
3649.889585  	84.818518 
3650.246892  	85.598855 
3650.604199  	87.240379 
3650.961506  	86.426566 
3651.318812  	84.724323 
3651.676119  	84.391407 
3652.033426  	84.674102 
3652.390733  	85.515630 
3652.748040  	86.387825 
3653.105347  	86.764112 
3653.462654  	86.800813 
3653.819961  	86.675168 
3654.177267  	86.788376 
3654.534574  	86.998199 
3654.891881  	87.155217 
3655.249188  	87.613605 
3655.606495  	87.827412 
3655.963802  	87.523717 
3656.321109  	86.732126 
3656.678415  	85.033452 
3657.035722  	84.049072 
3657.393029  	84.677532 
3657.750336  	85.807278 
3658.107643  	86.628863 
3658.464950  	86.722808 
3658.822257  	86.738144 
3659.179563  	86.718928 
3659.536870  	86.532355 
3659.894177  	86.626791 
3660.251484  	86.627991 
3660.608791  	86.505803 
3660.966098  	86.410083 
3661.323405  	86.332348 
3661.680711  	86.529437 
3662.038018  	86.571514 
3662.395325  	86.394144 
3662.752632  	86.424799 
3663.109939  	86.694245 
3663.467246  	87.034201 
3663.824553  	87.124365 
3664.181859  	87.094273 
3664.539166  	86.975825 
3664.896473  	86.691457 
3665.253780  	86.545742 
3665.611087  	86.430686 
3665.968394  	86.357468 
3666.325701  	86.621365 
3666.683008  	87.170591 
3667.040314  	87.526258 
3667.397621  	87.522536 
3667.754928  	87.749752 
3668.112235  	88.086921 
3668.469542  	88.231219 
3668.826849  	87.866788 
3669.184156  	86.392177 
3669.541462  	86.226473 
3669.898769  	87.987279 
3670.256076  	88.841861 
3670.613383  	88.290592 
3670.970690  	86.025094 
3671.327997  	83.665847 
3671.685304  	84.331875 
3672.042610  	85.935509 
3672.399917  	86.584192 
3672.757224  	86.369058 
3673.114531  	86.245974 
3673.471838  	86.768847 
3673.829145  	87.477879 
3674.186452  	88.091663 
3674.543758  	88.394505 
3674.901065  	88.368834 
3675.258372  	87.375330 
3675.615679  	84.593825 
3675.972986  	83.899302 
3676.330293  	84.477539 
3676.687600  	83.875802 
3677.044906  	84.343592 
3677.402213  	85.512362 
3677.759520  	86.065105 
3678.116827  	86.375341 
3678.474134  	86.778106 
3678.831441  	87.016157 
3679.188748  	86.960492 
3679.546054  	86.562164 
3679.903361  	85.824109 
3680.260668  	85.360787 
3680.617975  	85.509681 
3680.975282  	85.862011 
3681.332589  	86.098102 
3681.689896  	85.937014 
3682.047203  	85.914611 
3682.404509  	86.274509 
3682.761816  	86.143982 
3683.119123  	85.880790 
3683.476430  	86.140867 
3683.833737  	86.421188 
3684.191044  	86.489697 
3684.548351  	86.270843 
3684.905657  	85.917247 
3685.262964  	85.782071 
3685.620271  	85.755021 
3685.977578  	85.988000 
3686.334885  	86.413520 
3686.692192  	86.599869 
3687.049499  	87.020425 
3687.406805  	88.060232 
3687.764112  	88.923451 
3688.121419  	88.774439 
3688.478726  	86.901228 
3688.836033  	83.638402 
3689.193340  	82.535795 
3689.550647  	84.194920 
3689.907953  	86.095303 
3690.265260  	87.176466 
3690.622567  	87.078965 
3690.979874  	86.513545 
3691.337181  	85.808933 
3691.694488  	84.818436 
3692.051795  	84.822538 
3692.409101  	85.801130 
3692.766408  	86.386349 
3693.123715  	86.231404 
3693.481022  	85.958467 
3693.838329  	86.196519 
3694.195636  	86.456932 
3694.552943  	86.328567 
3694.910250  	86.116641 
3695.267556  	85.948321 
3695.624863  	86.036364 
3695.982170  	86.410442 
3696.339477  	86.466650 
3696.696784  	86.024610 
3697.054091  	85.845976 
3697.411398  	86.427350 
3697.768704  	86.957008 
3698.126011  	86.686768 
3698.483318  	86.405259 
3698.840625  	86.553934 
3699.197932  	86.389303 
3699.555239  	86.246493 
3699.912546  	86.518994 
3700.269852  	86.703649 
3700.627159  	87.004481 
3700.984466  	87.359037 
3701.341773  	87.192505 
3701.699080  	86.519800 
3702.056387  	85.270021 
3702.413694  	83.915700 
3702.771000  	83.860085 
3703.128307  	84.900366 
3703.485614  	85.693207 
3703.842921  	85.804824 
3704.200228  	86.037671 
3704.557535  	86.508629 
3704.914842  	86.736248 
3705.272148  	86.585015 
3705.629455  	86.236853 
3705.986762  	86.184082 
3706.344069  	86.347781 
3706.701376  	86.455244 
3707.058683  	86.346752 
3707.415990  	86.172113 
3707.773297  	86.556808 
3708.130603  	87.110809 
3708.487910  	87.476054 
3708.845217  	87.739808 
3709.202524  	87.157691 
3709.559831  	85.609180 
3709.917138  	84.087152 
3710.274445  	84.290882 
3710.631751  	85.779153 
3710.989058  	86.828046 
3711.346365  	87.577644 
3711.703672  	87.944696 
3712.060979  	87.442606 
3712.418286  	85.634270 
3712.775593  	82.762013 
3713.132899  	82.754165 
3713.490206  	84.537441 
3713.847513  	85.439874 
3714.204820  	85.970851 
3714.562127  	86.510164 
3714.919434  	86.494558 
3715.276741  	85.872314 
3715.634047  	85.526626 
3715.991354  	85.703840 
3716.348661  	85.681989 
3716.705968  	85.713419 
3717.063275  	85.954331 
3717.420582  	86.162319 
3717.777889  	86.484200 
3718.135195  	86.686740 
3718.492502  	86.904701 
3718.849809  	86.896721 
3719.207116  	86.129005 
3719.564423  	85.473886 
3719.921730  	85.416345 
3720.279037  	85.771719 
3720.636344  	86.412936 
3720.993650  	86.920421 
3721.350957  	87.326380 
3721.708264  	87.597867 
3722.065571  	87.051547 
3722.422878  	85.726877 
3722.780185  	84.819588 
3723.137492  	85.019114 
3723.494798  	85.656543 
3723.852105  	86.084811 
3724.209412  	86.339499 
3724.566719  	86.714411 
3724.924026  	86.592633 
3725.281333  	86.000636 
3725.638640  	86.308267 
3725.995946  	86.642751 
3726.353253  	86.279927 
3726.710560  	86.096988 
3727.067867  	85.264364 
3727.425174  	84.457979 
3727.782481  	85.185512 
3728.139788  	85.854296 
3728.497094  	85.766600 
3728.854401  	85.563499 
3729.211708  	85.582384 
3729.569015  	85.884322 
3729.926322  	86.124283 
3730.283629  	86.461908 
3730.640936  	86.991926 
3730.998242  	87.112836 
3731.355549  	87.139654 
3731.712856  	87.157174 
3732.070163  	86.479863 
3732.427470  	85.220516 
3732.784777  	84.120238 
3733.142084  	84.847196 
3733.499391  	86.532985 
3733.856697  	87.523428 
3734.214004  	88.030675 
3734.571311  	88.010693 
3734.928618  	87.030003 
3735.285925  	86.167615 
3735.643232  	85.333228 
3736.000539  	84.733572 
3736.357845  	85.283145 
3736.715152  	85.668865 
3737.072459  	84.719952 
3737.429766  	83.467772 
3737.787073  	84.086511 
3738.144380  	85.694879 
3738.501687  	86.013718 
3738.858993  	84.977279 
3739.216300  	84.698729 
3739.573607  	85.361771 
3739.930914  	85.990828 
3740.288221  	86.540171 
3740.645528  	86.696212 
3741.002835  	86.362047 
3741.360141  	85.883771 
3741.717448  	85.280764 
3742.074755  	85.089806 
3742.432062  	85.650520 
3742.789369  	86.571554 
3743.146676  	87.719379 
3743.503983  	89.010312 
3743.861289  	90.320759 
3744.218596  	90.963685 
3744.575903  	88.416252 
3744.933210  	82.327780 
3745.290517  	80.023897 
3745.647824  	81.061304 
3746.005131  	83.234476 
3746.362438  	84.992852 
3746.719744  	85.584176 
3747.077051  	85.772180 
3747.434358  	86.332653 
3747.791665  	86.715251 
3748.148972  	87.217350 
3748.506279  	88.291943 
3748.863586  	88.797952 
3749.220892  	87.557231 
3749.578199  	83.939984 
3749.935506  	80.504711 
3750.292813  	81.578554 
3750.650120  	84.557436 
3751.007427  	86.775194 
3751.364734  	87.724333 
3751.722040  	87.786244 
3752.079347  	87.496116 
3752.436654  	85.661085 
3752.793961  	82.861646 
3753.151268  	82.437765 
3753.508575  	83.751884 
3753.865882  	84.959826 
3754.223188  	85.355756 
3754.580495  	85.449332 
3754.937802  	85.866973 
3755.295109  	86.378192 
3755.652416  	86.766203 
3756.009723  	86.693047 
3756.367030  	86.195768 
3756.724336  	85.568975 
3757.081643  	84.710556 
3757.438950  	84.679579 
3757.796257  	85.657731 
3758.153564  	86.206479 
3758.510871  	86.434367 
3758.868178  	86.912234 
3759.225484  	87.099823 
3759.582791  	86.783035 
3759.940098  	86.005348 
3760.297405  	84.357940 
3760.654712  	83.493673 
3761.012019  	84.613857 
3761.369326  	85.667695 
3761.726633  	85.734267 
3762.083939  	85.536858 
3762.441246  	85.400164 
3762.798553  	85.533934 
3763.155860  	85.719245 
3763.513167  	85.597213 
3763.870474  	85.646807 
3764.227781  	85.994224 
3764.585087  	86.301487 
3764.942394  	86.390100 
3765.299701  	86.343379 
3765.657008  	86.310706 
3766.014315  	85.639965 
3766.371622  	84.324198 
3766.728929  	84.265688 
3767.086235  	85.322171 
3767.443542  	85.820389 
3767.800849  	85.766725 
3768.158156  	85.782110 
3768.515463  	86.016754 
3768.872770  	86.807542 
3769.230077  	87.356548 
3769.587383  	86.882921 
3769.944690  	86.041549 
3770.301997  	84.503060 
3770.659304  	83.461019 
3771.016611  	84.237029 
3771.373918  	85.000207 
3771.731225  	85.315551 
3772.088531  	85.591736 
3772.445838  	85.697372 
3772.803145  	85.608298 
3773.160452  	85.576155 
3773.517759  	85.806113 
3773.875066  	85.866277 
3774.232373  	85.625733 
3774.589680  	85.534704 
3774.946986  	85.488484 
3775.304293  	85.509086 
3775.661600  	85.723022 
3776.018907  	85.875191 
3776.376214  	86.002906 
3776.733521  	85.953787 
3777.090828  	85.675807 
3777.448134  	85.846394 
3777.805441  	86.234267 
3778.162748  	86.344226 
3778.520055  	86.631262 
3778.877362  	86.754921 
3779.234669  	86.444719 
3779.591976  	85.921238 
3779.949282  	84.549097 
3780.306589  	83.705893 
3780.663896  	84.561399 
3781.021203  	85.374257 
3781.378510  	85.596953 
3781.735817  	85.717569 
3782.093124  	85.775932 
3782.450430  	85.575820 
3782.807737  	85.361758 
3783.165044  	85.682900 
3783.522351  	86.214663 
3783.879658  	86.173626 
3784.236965  	85.781426 
3784.594272  	85.638153 
3784.951578  	85.407320 
3785.308885  	84.991165 
3785.666192  	85.115547 
3786.023499  	85.551693 
3786.380806  	85.724864 
3786.738113  	85.724046 
3787.095420  	85.712610 
3787.452727  	85.712410 
3787.810033  	85.750490 
3788.167340  	85.829351 
3788.524647  	85.784886 
3788.881954  	85.869852 
3789.239261  	86.139567 
3789.596568  	85.746339 
3789.953875  	85.085989 
3790.311181  	85.122353 
3790.668488  	85.403715 
3791.025795  	85.530410 
3791.383102  	85.632741 
3791.740409  	85.861104 
3792.097716  	86.106232 
3792.455023  	86.057290 
3792.812329  	85.904059 
3793.169636  	85.691856 
3793.526943  	85.462939 
3793.884250  	85.458891 
3794.241557  	85.616299 
3794.598864  	86.073953 
3794.956171  	86.592559 
3795.313477  	86.851100 
3795.670784  	86.942864 
3796.028091  	86.702549 
3796.385398  	86.466837 
3796.742705  	85.828812 
3797.100012  	84.425137 
3797.457319  	84.521825 
3797.814625  	85.680734 
3798.171932  	85.930510 
3798.529239  	85.462950 
3798.886546  	85.339498 
3799.243853  	85.797794 
3799.601160  	86.252952 
3799.958467  	86.742386 
3800.315774  	87.639768 
3800.673080  	88.144811 
3801.030387  	87.681454 
3801.387694  	86.340067 
3801.745001  	84.003240 
3802.102308  	82.352768 
3802.459615  	83.293664 
3802.816922  	84.902665 
3803.174228  	85.219248 
3803.531535  	84.556181 
3803.888842  	84.486252 
3804.246149  	84.973721 
3804.603456  	85.268533 
3804.960763  	85.447010 
3805.318070  	85.681289 
3805.675376  	86.080979 
3806.032683  	86.772103 
3806.389990  	87.186898 
3806.747297  	86.712484 
3807.104604  	85.502431 
3807.461911  	83.599716 
3807.819218  	82.803545 
3808.176524  	83.850937 
3808.533831  	84.878415 
3808.891138  	85.457776 
3809.248445  	85.621080 
3809.605752  	85.597396 
3809.963059  	85.753998 
3810.320366  	85.655453 
3810.677672  	85.473193 
3811.034979  	85.498968 
3811.392286  	85.382991 
3811.749593  	85.426779 
3812.106900  	85.698592 
3812.464207  	85.689165 
3812.821514  	85.462384 
3813.178821  	85.419929 
3813.536127  	85.555779 
3813.893434  	85.687830 
3814.250741  	85.834045 
3814.608048  	86.219160 
3814.965355  	87.167231 
3815.322662  	87.987428 
3815.679969  	87.724944 
3816.037275  	86.673237 
3816.394582  	84.273561 
3816.751889  	82.101616 
3817.109196  	83.054185 
3817.466503  	84.453920 
3817.823810  	84.963298 
3818.181117  	85.222963 
3818.538423  	85.384407 
3818.895730  	85.487306 
3819.253037  	85.959660 
3819.610344  	86.799087 
3819.967651  	87.183984 
3820.324958  	87.065783 
3820.682265  	87.157465 
3821.039571  	86.004284 
3821.396878  	83.399168 
3821.754185  	83.000083 
3822.111492  	83.183812 
3822.468799  	82.677809 
3822.826106  	83.517002 
3823.183413  	84.716626 
3823.540719  	85.154767 
3823.898026  	85.126834 
3824.255333  	85.259765 
3824.612640  	85.594276 
3824.969947  	85.378877 
3825.327254  	85.242493 
3825.684561  	85.671639 
3826.041868  	85.688529 
3826.399174  	85.603661 
3826.756481  	85.656008 
3827.113788  	84.933204 
3827.471095  	84.117689 
3827.828402  	84.379642 
3828.185709  	84.868668 
3828.543016  	84.874486 
3828.900322  	84.887527 
3829.257629  	84.840891 
3829.614936  	84.847166 
3829.972243  	85.499865 
3830.329550  	86.090483 
3830.686857  	86.321925 
3831.044164  	86.639567 
3831.401470  	86.728325 
3831.758777  	85.892450 
3832.116084  	84.016555 
3832.473391  	83.084030 
3832.830698  	83.933315 
3833.188005  	85.133190 
3833.545312  	86.212035 
3833.902618  	86.837371 
3834.259925  	86.794228 
3834.617232  	86.279788 
3834.974539  	85.396780 
3835.331846  	84.039689 
3835.689153  	83.211169 
3836.046460  	84.367519 
3836.403766  	85.927743 
3836.761073  	86.915724 
3837.118380  	87.780950 
3837.475687  	87.981305 
3837.832994  	86.683994 
3838.190301  	83.572373 
3838.547608  	81.286441 
3838.904914  	82.739124 
3839.262221  	84.881273 
3839.619528  	86.091392 
3839.976835  	86.550928 
3840.334142  	85.778447 
3840.691449  	84.658331 
3841.048756  	84.694158 
3841.406063  	84.277051 
3841.763369  	83.408373 
3842.120676  	84.262418 
3842.477983  	85.643839 
3842.835290  	86.169110 
3843.192597  	86.192341 
3843.549904  	85.950595 
3843.907211  	85.279697 
3844.264517  	84.087527 
3844.621824  	83.622552 
3844.979131  	84.173286 
3845.336438  	84.659103 
3845.693745  	85.073476 
3846.051052  	85.105540 
3846.408359  	84.898107 
3846.765665  	85.053078 
3847.122972  	85.156890 
3847.480279  	85.314905 
3847.837586  	85.519666 
3848.194893  	85.523049 
3848.552200  	85.559100 
3848.909507  	85.469373 
3849.266813  	85.502857 
3849.624120  	85.609048 
3849.981427  	85.522993 
3850.338734  	85.810520 
3850.696041  	86.496914 
3851.053348  	87.303450 
3851.410655  	87.721519 
3851.767961  	87.488722 
3852.125268  	86.860919 
3852.482575  	84.868678 
3852.839882  	83.788108 
3853.197189  	86.397082 
3853.554496  	88.595700 
3853.911803  	87.641093 
3854.269110  	83.889008 
3854.626416  	80.033884 
3854.983723  	79.744115 
3855.341030  	82.009275 
3855.698337  	84.101647 
3856.055644  	85.156919 
3856.412951  	85.611250 
3856.770258  	85.558710 
3857.127564  	85.408952 
3857.484871  	85.249314 
3857.842178  	84.706571 
3858.199485  	84.762985 
3858.556792  	85.147291 
3858.914099  	84.946106 
3859.271406  	84.837398 
3859.628712  	85.117964 
3859.986019  	85.440319 
3860.343326  	85.837182 
3860.700633  	86.316871 
3861.057940  	86.626832 
3861.415247  	86.491246 
3861.772554  	86.149596 
3862.129860  	85.383782 
3862.487167  	84.310252 
3862.844474  	84.542991 
3863.201781  	85.268335 
3863.559088  	85.273926 
3863.916395  	85.521469 
3864.273702  	86.274330 
3864.631008  	86.352870 
3864.988315  	85.741923 
3865.345622  	84.798848 
3865.702929  	83.352898 
3866.060236  	83.083637 
3866.417543  	84.273552 
3866.774850  	84.975535 
3867.132157  	85.103174 
3867.489463  	85.456162 
3867.846770  	85.817750 
3868.204077  	86.070409 
3868.561384  	86.281071 
3868.918691  	86.753634 
3869.275998  	86.940196 
3869.633305  	85.309088 
3869.990611  	83.732734 
3870.347918  	83.535488 
3870.705225  	82.684056 
3871.062532  	82.888756 
3871.419839  	84.306790 
3871.777146  	85.047407 
3872.134453  	84.888736 
3872.491759  	84.942180 
3872.849066  	85.855671 
3873.206373  	86.470664 
3873.563680  	86.374896 
3873.920987  	86.145750 
3874.278294  	85.274546 
3874.635601  	83.933367 
3874.992907  	83.182455 
3875.350214  	83.605210 
3875.707521  	84.651885 
3876.064828  	85.132110 
3876.422135  	85.068842 
3876.779442  	85.047832 
3877.136749  	85.114104 
3877.494055  	85.283942 
3877.851362  	85.424247 
3878.208669  	85.329955 
3878.565976  	85.310418 
3878.923283  	85.746147 
3879.280590  	86.177374 
3879.637897  	86.283977 
3879.995204  	86.477718 
3880.352510  	86.024504 
3880.709817  	84.197491 
3881.067124  	83.186756 
3881.424431  	83.864825 
3881.781738  	84.624318 
3882.139045  	85.173592 
3882.496352  	85.536261 
3882.853658  	85.404895 
3883.210965  	85.148094 
3883.568272  	84.904021 
3883.925579  	84.711553 
3884.282886  	85.269134 
3884.640193  	86.002010 
3884.997500  	86.321108 
3885.354806  	86.645831 
3885.712113  	86.316912 
3886.069420  	84.200214 
3886.426727  	82.157022 
3886.784034  	82.826030 
3887.141341  	84.293899 
3887.498648  	85.021458 
3887.855954  	85.233441 
3888.213261  	85.170297 
3888.570568  	85.238011 
3888.927875  	85.357732 
3889.285182  	85.354958 
3889.642489  	85.525666 
3889.999796  	85.691970 
3890.357102  	86.029338 
3890.714409  	86.522781 
3891.071716  	86.487513 
3891.429023  	85.416552 
3891.786330  	83.357576 
3892.143637  	82.725098 
3892.500944  	83.954367 
3892.858251  	84.899901 
3893.215557  	85.178976 
3893.572864  	85.150226 
3893.930171  	85.241567 
3894.287478  	85.206500 
3894.644785  	84.826264 
3895.002092  	84.655665 
3895.359399  	84.785342 
3895.716705  	85.014238 
3896.074012  	85.065611 
3896.431319  	85.068370 
3896.788626  	85.191953 
3897.145933  	85.212371 
3897.503240  	85.497591 
3897.860547  	86.017257 
3898.217853  	86.418454 
3898.575160  	86.392185 
3898.932467  	85.843292 
3899.289774  	85.419696 
3899.647081  	84.278291 
3900.004388  	83.019055 
3900.361695  	83.853454 
3900.719001  	85.249085 
3901.076308  	86.202153 
3901.433615  	86.701969 
3901.790922  	86.347168 
3902.148229  	84.696141 
3902.505536  	82.864178 
3902.862843  	83.633341 
3903.220149  	85.437444 
3903.577456  	86.210477 
3903.934763  	86.329049 
3904.292070  	85.799014 
3904.649377  	84.301320 
3905.006684  	83.291688 
3905.363991  	84.187979 
3905.721298  	85.224910 
3906.078604  	84.924200 
3906.435911  	84.129493 
3906.793218  	83.920763 
3907.150525  	84.371873 
3907.507832  	84.959887 
3907.865139  	85.051256 
3908.222446  	84.837270 
3908.579752  	84.716468 
3908.937059  	84.675058 
3909.294366  	84.667710 
3909.651673  	84.807716 
3910.008980  	85.038977 
3910.366287  	84.939993 
3910.723594  	84.760120 
3911.080900  	84.966749 
3911.438207  	85.093077 
3911.795514  	85.033786 
3912.152821  	85.244994 
3912.510128  	85.344585 
3912.867435  	85.161896 
3913.224742  	85.271541 
3913.582048  	85.327409 
3913.939355  	85.053239 
3914.296662  	85.012634 
3914.653969  	85.059284 
3915.011276  	85.087332 
3915.368583  	85.214151 
3915.725890  	85.251328 
3916.083196  	85.710520 
3916.440503  	86.228714 
3916.797810  	85.693849 
3917.155117  	85.032733 
3917.512424  	84.580222 
3917.869731  	83.694983 
3918.227038  	83.711064 
3918.584344  	84.590930 
3918.941651  	85.144133 
3919.298958  	85.488888 
3919.656265  	85.589395 
3920.013572  	85.277032 
3920.370879  	84.646763 
3920.728186  	83.915244 
3921.085493  	83.911111 
3921.442799  	84.637748 
3921.800106  	85.209838 
3922.157413  	85.322103 
3922.514720  	85.327399 
3922.872027  	85.384795 
3923.229334  	85.391208 
3923.586641  	85.400386 
3923.943947  	85.410493 
3924.301254  	85.368152 
3924.658561  	85.181362 
3925.015868  	85.001541 
3925.373175  	84.892892 
3925.730482  	84.523231 
3926.087789  	84.303641 
3926.445095  	84.404752 
3926.802402  	84.532780 
3927.159709  	84.853872 
3927.517016  	85.074032 
3927.874323  	85.111634 
3928.231630  	85.189071 
3928.588937  	85.091544 
3928.946243  	85.076774 
3929.303550  	85.287689 
3929.660857  	85.316927 
3930.018164  	85.051143 
3930.375471  	84.898423 
3930.732778  	85.117083 
3931.090085  	85.317341 
3931.447391  	85.451098 
3931.804698  	85.533989 
3932.162005  	85.272689 
3932.519312  	84.854551 
3932.876619  	84.259836 
3933.233926  	83.868395 
3933.591233  	84.553229 
3933.948540  	85.514384 
3934.305846  	85.512266 
3934.663153  	84.896547 
3935.020460  	84.746777 
3935.377767  	84.913876 
3935.735074  	84.856085 
3936.092381  	84.793725 
3936.449688  	84.870316 
3936.806994  	85.006775 
3937.164301  	85.115138 
3937.521608  	85.084936 
3937.878915  	85.134658 
3938.236222  	85.193925 
3938.593529  	85.093768 
3938.950836  	85.104465 
3939.308142  	85.044913 
3939.665449  	84.882709 
3940.022756  	85.029268 
3940.380063  	85.292326 
3940.737370  	85.308630 
3941.094677  	85.143476 
3941.451984  	85.294726 
3941.809290  	85.702045 
3942.166597  	85.761604 
3942.523904  	85.652974 
3942.881211  	85.170501 
3943.238518  	84.224242 
3943.595825  	83.831788 
3943.953132  	84.145543 
3944.310438  	84.785794 
3944.667745  	85.022748 
3945.025052  	84.601529 
3945.382359  	84.488251 
3945.739666  	84.658308 
3946.096973  	84.917072 
3946.454280  	85.373371 
3946.811587  	85.541394 
3947.168893  	85.280187 
3947.526200  	84.758707 
3947.883507  	84.424702 
3948.240814  	84.567185 
3948.598121  	84.862873 
3948.955428  	85.116793 
3949.312735  	85.291714 
3949.670041  	85.355158 
3950.027348  	85.182438 
3950.384655  	84.929281 
3950.741962  	84.764515 
3951.099269  	84.770898 
3951.456576  	85.007250 
3951.813883  	84.850781 
3952.171189  	84.732354 
3952.528496  	85.330457 
3952.885803  	85.524214 
3953.243110  	85.051992 
3953.600417  	84.745899 
3953.957724  	84.835926 
3954.315031  	85.100225 
3954.672337  	85.050296 
3955.029644  	84.918622 
3955.386951  	85.022483 
3955.744258  	84.981478 
3956.101565  	84.859514 
3956.458872  	84.994158 
3956.816179  	85.083598 
3957.173485  	84.960850 
3957.530792  	85.087500 
3957.888099  	85.284623 
3958.245406  	85.065233 
3958.602713  	84.700151 
3958.960020  	84.495413 
3959.317327  	84.513234 
3959.674634  	84.782409 
3960.031940  	85.115502 
3960.389247  	85.199918 
3960.746554  	85.296582 
3961.103861  	85.638164 
3961.461168  	85.623590 
3961.818475  	85.148373 
3962.175782  	84.680984 
3962.533088  	84.589465 
3962.890395  	84.897995 
3963.247702  	85.014853 
3963.605009  	84.966137 
3963.962316  	85.031905 
3964.319623  	85.112460 
3964.676930  	85.130890 
3965.034236  	84.923801 
3965.391543  	84.831403 
3965.748850  	84.929147 
3966.106157  	84.850260 
3966.463464  	84.783638 
3966.820771  	84.690667 
3967.178078  	84.610143 
3967.535384  	84.753697 
3967.892691  	84.968284 
3968.249998  	85.227324 
3968.607305  	85.283932 
3968.964612  	85.034177 
3969.321919  	84.882004 
3969.679226  	84.921256 
3970.036532  	85.009549 
3970.393839  	85.026414 
3970.751146  	85.032610 
3971.108453  	85.121367 
3971.465760  	84.998398 
3971.823067  	84.765131 
3972.180374  	84.811866 
3972.537681  	84.769257 
3972.894987  	84.654451 
3973.252294  	84.878805 
3973.609601  	85.008500 
3973.966908  	85.013879 
3974.324215  	85.115818 
3974.681522  	85.045049 
3975.038829  	84.956389 
3975.396135  	84.973084 
3975.753442  	85.038210 
3976.110749  	85.071392 
3976.468056  	84.861873 
3976.825363  	84.631283 
3977.182670  	84.551581 
3977.539977  	84.697834 
3977.897283  	85.056870 
3978.254590  	85.123598 
3978.611897  	85.005276 
3978.969204  	85.221198 
3979.326511  	85.431938 
3979.683818  	85.321811 
3980.041125  	85.156304 
3980.398431  	84.861158 
3980.755738  	84.570270 
3981.113045  	84.762322 
3981.470352  	84.966858 
3981.827659  	84.922268 
3982.184966  	85.067984 
3982.542273  	85.025055 
3982.899579  	84.763876 
3983.256886  	84.809238 
3983.614193  	84.964431 
3983.971500  	85.130496 
3984.328807  	85.201089 
3984.686114  	84.961661 
3985.043421  	84.825259 
3985.400728  	85.001182 
3985.758034  	85.106848 
3986.115341  	84.867449 
3986.472648  	84.605871 
3986.829955  	84.664435 
3987.187262  	84.805889 
3987.544569  	85.022018 
3987.901876  	85.227758 
3988.259182  	85.098132 
3988.616489  	84.976926 
3988.973796  	85.081365 
3989.331103  	85.230086 
3989.688410  	85.242195 
3990.045717  	85.055246 
3990.403024  	84.902808 
3990.760330  	84.784900 
3991.117637  	84.790168 
3991.474944  	84.903328 
3991.832251  	84.921195 
3992.189558  	85.034612 
3992.546865  	85.024661 
3992.904172  	84.921815 
3993.261478  	84.915828 
3993.618785  	84.726292 
3993.976092  	84.662593 
3994.333399  	84.686649 
3994.690706  	84.641199 
3995.048013  	84.759154 
3995.405320  	84.789744 
3995.762626  	84.797093 
3996.119933  	84.734946 
3996.477240  	84.573584 
3996.834547  	84.640539 
3997.191854  	84.709205 
3997.549161  	84.769827 
3997.906468  	84.813681 
3998.263775  	84.749894 
3998.621081  	84.890283 
3998.978388  	85.128383 
3999.335695  	85.245881 
3999.693002  	85.193681 
4000.050309  	85.076895 