##TITLE=N43_4-bromobenzoic acid_4
##DATA TYPE=INFRARED SPECTRUM
##XUNITS=1/CM
##YUNITS=%T
399.826377  	76.306690 
400.183684  	76.712430 
400.540991  	75.052063 
400.898298  	76.384550 
401.255605  	78.696919 
401.612912  	81.433783 
401.970219  	81.558079 
402.327525  	79.021402 
402.684832  	80.068046 
403.042139  	79.597577 
403.399446  	77.689761 
403.756753  	79.902024 
404.114060  	79.995545 
404.471367  	77.770513 
404.828674  	75.082365 
405.185980  	74.393810 
405.543287  	77.658881 
405.900594  	76.503564 
406.257901  	75.360052 
406.615208  	78.136097 
406.972515  	79.405509 
407.329822  	79.366877 
407.687128  	77.799843 
408.044435  	77.051797 
408.401742  	76.524923 
408.759049  	75.443830 
409.116356  	79.034634 
409.473663  	81.859070 
409.830970  	78.837562 
410.188276  	75.791533 
410.545583  	75.360229 
410.902890  	74.997781 
411.260197  	73.490075 
411.617504  	75.944841 
411.974811  	80.658520 
412.332118  	80.330684 
412.689424  	78.058569 
413.046731  	78.346144 
413.404038  	81.935497 
413.761345  	82.213972 
414.118652  	77.963986 
414.475959  	77.082677 
414.833266  	76.704649 
415.190572  	75.967861 
415.547879  	77.735719 
415.905186  	77.574028 
416.262493  	75.523959 
416.619800  	73.667433 
416.977107  	72.467144 
417.334414  	73.808976 
417.691720  	76.944828 
418.049027  	78.349319 
418.406334  	76.072270 
418.763641  	73.312142 
419.120948  	74.429790 
419.478255  	73.547768 
419.835562  	73.322167 
420.192869  	78.650254 
420.550175  	80.477068 
420.907482  	78.501437 
421.264789  	77.550164 
421.622096  	79.480903 
421.979403  	78.848843 
422.336710  	77.096112 
422.694017  	76.737872 
423.051323  	76.384247 
423.408630  	76.539422 
423.765937  	76.414535 
424.123244  	77.802887 
424.480551  	78.832383 
424.837858  	76.137134 
425.195165  	75.171480 
425.552471  	75.503499 
425.909778  	73.972893 
426.267085  	74.871852 
426.624392  	76.111800 
426.981699  	76.409015 
427.339006  	78.128110 
427.696313  	77.967979 
428.053619  	74.913290 
428.410926  	74.011229 
428.768233  	76.876683 
429.125540  	79.196446 
429.482847  	78.794494 
429.840154  	78.035845 
430.197461  	78.214815 
430.554767  	77.350358 
430.912074  	75.565966 
431.269381  	76.700642 
431.626688  	77.402801 
431.983995  	75.433453 
432.341302  	75.446223 
432.698609  	76.859137 
433.055916  	77.480824 
433.413222  	76.229501 
433.770529  	74.219918 
434.127836  	74.212005 
434.485143  	73.775065 
434.842450  	73.473101 
435.199757  	74.598558 
435.557064  	73.979103 
435.914370  	72.105137 
436.271677  	71.293102 
436.628984  	74.299194 
436.986291  	76.646054 
437.343598  	75.871340 
437.700905  	75.558987 
438.058212  	74.685967 
438.415518  	72.928232 
438.772825  	73.306826 
439.130132  	74.268393 
439.487439  	73.768249 
439.844746  	73.774314 
440.202053  	76.025208 
440.559360  	75.905385 
440.916666  	72.405881 
441.273973  	72.579404 
441.631280  	74.147502 
441.988587  	71.580347 
442.345894  	71.540149 
442.703201  	73.537114 
443.060508  	72.556738 
443.417814  	71.008847 
443.775121  	71.264152 
444.132428  	70.487261 
444.489735  	68.570094 
444.847042  	68.789032 
445.204349  	70.638895 
445.561656  	70.764431 
445.918963  	71.575452 
446.276269  	72.427588 
446.633576  	70.714977 
446.990883  	70.043186 
447.348190  	69.397707 
447.705497  	67.606828 
448.062804  	67.064891 
448.420111  	67.504794 
448.777417  	67.429819 
449.134724  	65.694644 
449.492031  	65.240431 
449.849338  	66.586574 
450.206645  	65.572584 
450.563952  	65.398736 
450.921259  	66.358831 
451.278565  	64.290183 
451.635872  	62.637262 
451.993179  	63.788913 
452.350486  	64.678607 
452.707793  	63.955855 
453.065100  	64.176901 
453.422407  	64.226502 
453.779713  	61.641685 
454.137020  	60.348041 
454.494327  	60.868068 
454.851634  	60.068444 
455.208941  	59.227700 
455.566248  	57.879914 
455.923555  	55.217304 
456.280861  	53.751071 
456.638168  	53.574799 
456.995475  	52.301339 
457.352782  	50.642651 
457.710089  	51.796697 
458.067396  	52.294920 
458.424703  	48.947044 
458.782010  	47.144243 
459.139316  	46.219077 
459.496623  	44.653572 
459.853930  	43.519354 
460.211237  	42.495934 
460.568544  	40.402557 
460.925851  	39.009791 
461.283158  	38.159541 
461.640464  	35.879875 
461.997771  	33.360973 
462.355078  	31.694128 
462.712385  	30.644360 
463.069692  	29.277070 
463.426999  	28.419553 
463.784306  	29.900517 
464.141612  	31.348220 
464.498919  	31.162940 
464.856226  	31.991284 
465.213533  	33.970770 
465.570840  	35.770579 
465.928147  	39.176414 
466.285454  	42.353771 
466.642760  	43.186968 
467.000067  	44.294671 
467.357374  	46.196748 
467.714681  	48.550756 
468.071988  	50.816080 
468.429295  	51.579697 
468.786602  	51.406676 
469.143908  	50.656249 
469.501215  	50.469017 
469.858522  	50.547417 
470.215829  	48.540087 
470.573136  	45.313396 
470.930443  	42.411924 
471.287750  	40.845366 
471.645057  	42.179361 
472.002363  	44.429978 
472.359670  	45.498951 
472.716977  	49.925284 
473.074284  	57.017003 
473.431591  	62.343175 
473.788898  	66.389298 
474.146205  	69.592943 
474.503511  	72.588673 
474.860818  	74.744620 
475.218125  	76.503891 
475.575432  	77.985596 
475.932739  	78.019183 
476.290046  	78.582119 
476.647353  	78.589997 
477.004659  	77.408078 
477.361966  	78.255710 
477.719273  	79.636667 
478.076580  	80.729706 
478.433887  	81.646951 
478.791194  	80.544468 
479.148501  	79.996542 
479.505807  	80.349229 
479.863114  	79.648065 
480.220421  	79.012319 
480.577728  	78.544264 
480.935035  	79.257836 
481.292342  	80.243591 
481.649649  	79.657322 
482.006955  	79.758787 
482.364262  	79.944264 
482.721569  	79.808579 
483.078876  	80.303757 
483.436183  	79.732543 
483.793490  	79.690319 
484.150797  	80.450471 
484.508104  	80.085731 
484.865410  	80.518491 
485.222717  	80.568234 
485.580024  	79.847600 
485.937331  	80.140356 
486.294638  	79.872766 
486.651945  	78.982214 
487.009252  	79.056584 
487.366558  	79.583282 
487.723865  	79.926622 
488.081172  	80.179931 
488.438479  	80.137452 
488.795786  	80.051715 
489.153093  	80.666574 
489.510400  	80.964378 
489.867706  	79.593734 
490.225013  	78.312589 
490.582320  	78.787413 
490.939627  	78.897206 
491.296934  	77.464619 
491.654241  	77.156598 
492.011548  	77.885284 
492.368854  	77.530676 
492.726161  	77.249279 
493.083468  	77.278882 
493.440775  	77.280515 
493.798082  	77.531753 
494.155389  	77.160073 
494.512696  	76.948800 
494.870002  	77.939429 
495.227309  	78.367055 
495.584616  	78.398024 
495.941923  	78.610055 
496.299230  	77.220526 
496.656537  	76.275487 
497.013844  	77.257840 
497.371151  	77.937700 
497.728457  	78.173656 
498.085764  	77.122642 
498.443071  	75.918090 
498.800378  	76.770510 
499.157685  	77.119067 
499.514992  	76.868277 
499.872299  	76.963537 
500.229605  	76.619453 
500.586912  	76.427302 
500.944219  	75.937314 
501.301526  	76.051253 
501.658833  	76.889315 
502.016140  	77.122315 
502.373447  	76.804683 
502.730753  	75.517477 
503.088060  	74.697772 
503.445367  	74.064825 
503.802674  	73.802933 
504.159981  	75.558708 
504.517288  	76.442976 
504.874595  	75.393207 
505.231901  	74.110791 
505.589208  	73.027973 
505.946515  	73.302131 
506.303822  	73.397737 
506.661129  	73.711640 
507.018436  	75.384072 
507.375743  	74.755224 
507.733049  	73.834413 
508.090356  	74.541316 
508.447663  	74.847325 
508.804970  	73.769045 
509.162277  	72.322634 
509.519584  	72.056093 
509.876891  	72.431629 
510.234197  	72.593926 
510.591504  	72.531455 
510.948811  	72.169399 
511.306118  	72.207315 
511.663425  	71.887272 
512.020732  	70.922491 
512.378039  	70.538882 
512.735346  	70.549291 
513.092652  	70.931337 
513.449959  	71.497119 
513.807266  	71.834002 
514.164573  	71.774309 
514.521880  	71.083808 
514.879187  	70.632135 
515.236494  	69.831227 
515.593800  	69.095025 
515.951107  	69.703699 
516.308414  	69.345371 
516.665721  	68.495274 
517.023028  	68.856910 
517.380335  	68.449862 
517.737642  	68.164988 
518.094948  	67.682935 
518.452255  	67.160666 
518.809562  	68.111024 
519.166869  	68.029150 
519.524176  	67.981118 
519.881483  	69.806531 
520.238790  	69.461378 
520.596096  	67.702274 
520.953403  	66.512921 
521.310710  	66.103751 
521.668017  	66.521631 
522.025324  	66.669333 
522.382631  	66.084967 
522.739938  	65.422102 
523.097244  	65.031534 
523.454551  	64.741547 
523.811858  	64.681229 
524.169165  	64.778106 
524.526472  	64.475479 
524.883779  	63.962739 
525.241086  	63.470533 
525.598393  	63.786699 
525.955699  	64.852056 
526.313006  	63.938742 
526.670313  	62.679268 
527.027620  	62.724007 
527.384927  	63.056396 
527.742234  	62.456302 
528.099541  	61.354060 
528.456847  	60.900937 
528.814154  	60.379773 
529.171461  	59.687740 
529.528768  	58.927856 
529.886075  	57.658248 
530.243382  	57.393409 
530.600689  	57.699632 
530.957995  	57.393561 
531.315302  	57.108173 
531.672609  	56.518218 
532.029916  	56.088246 
532.387223  	56.060299 
532.744530  	55.437923 
533.101837  	54.767572 
533.459143  	54.761399 
533.816450  	54.550261 
534.173757  	53.596016 
534.531064  	52.826442 
534.888371  	51.998486 
535.245678  	50.528253 
535.602985  	50.124963 
535.960291  	50.985577 
536.317598  	50.709709 
536.674905  	49.113198 
537.032212  	48.244448 
537.389519  	48.383582 
537.746826  	48.229778 
538.104133  	47.422943 
538.461440  	46.396067 
538.818746  	45.312964 
539.176053  	44.229509 
539.533360  	43.325929 
539.890667  	42.664346 
540.247974  	42.227196 
540.605281  	41.769823 
540.962588  	40.910026 
541.319894  	40.105737 
541.677201  	39.283599 
542.034508  	38.184220 
542.391815  	37.581193 
542.749122  	37.039819 
543.106429  	36.317986 
543.463736  	35.924677 
543.821042  	35.462598 
544.178349  	35.159531 
544.535656  	35.000528 
544.892963  	34.661447 
545.250270  	34.532472 
545.607577  	34.106858 
545.964884  	33.759771 
546.322190  	34.236712 
546.679497  	34.127394 
547.036804  	33.489348 
547.394111  	33.770262 
547.751418  	34.305113 
548.108725  	34.596213 
548.466032  	35.306295 
548.823338  	36.631970 
549.180645  	37.902807 
549.537952  	38.403176 
549.895259  	38.924231 
550.252566  	39.453594 
550.609873  	40.167904 
550.967180  	41.842487 
551.324487  	42.653841 
551.681793  	42.992172 
552.039100  	44.730192 
552.396407  	46.309292 
552.753714  	47.072737 
553.111021  	47.933133 
553.468328  	49.311974 
553.825635  	50.636965 
554.182941  	50.783192 
554.540248  	51.130100 
554.897555  	52.547718 
555.254862  	53.622256 
555.612169  	54.536267 
555.969476  	56.128972 
556.326783  	57.656127 
556.684089  	58.282976 
557.041396  	58.576510 
557.398703  	59.109741 
557.756010  	59.943239 
558.113317  	61.007696 
558.470624  	61.671166 
558.827931  	61.959048 
559.185237  	62.741734 
559.542544  	63.936128 
559.899851  	64.606621 
560.257158  	65.011293 
560.614465  	65.952528 
560.971772  	66.552692 
561.329079  	66.398755 
561.686385  	66.787519 
562.043692  	67.758895 
562.400999  	68.204653 
562.758306  	68.442914 
563.115613  	68.908260 
563.472920  	69.307128 
563.830227  	70.329213 
564.187534  	71.552105 
564.544840  	71.853520 
564.902147  	71.771674 
565.259454  	71.564215 
565.616761  	71.608442 
565.974068  	72.018442 
566.331375  	72.448168 
566.688682  	72.941291 
567.045988  	72.972347 
567.403295  	73.358733 
567.760602  	74.173850 
568.117909  	74.198122 
568.475216  	74.161186 
568.832523  	74.040164 
569.189830  	74.342511 
569.547136  	75.448730 
569.904443  	75.541060 
570.261750  	75.395993 
570.619057  	75.669265 
570.976364  	75.438816 
571.333671  	75.299206 
571.690978  	75.412640 
572.048284  	75.394895 
572.405591  	75.528145 
572.762898  	75.759340 
573.120205  	76.014984 
573.477512  	76.509343 
573.834819  	76.656870 
574.192126  	76.289440 
574.549432  	76.481272 
574.906739  	76.933651 
575.264046  	76.778818 
575.621353  	76.582225 
575.978660  	76.774488 
576.335967  	76.678195 
576.693274  	76.422516 
577.050581  	77.003073 
577.407887  	77.715089 
577.765194  	77.819529 
578.122501  	77.729375 
578.479808  	77.545948 
578.837115  	77.764796 
579.194422  	77.722289 
579.551729  	77.533081 
579.909035  	78.338651 
580.266342  	78.995406 
580.623649  	78.947091 
580.980956  	78.303481 
581.338263  	77.768490 
581.695570  	77.992082 
582.052877  	77.774681 
582.410183  	77.762254 
582.767490  	78.192650 
583.124797  	78.036104 
583.482104  	78.070854 
583.839411  	78.159029 
584.196718  	78.329893 
584.554025  	78.874821 
584.911331  	79.303330 
585.268638  	79.222473 
585.625945  	78.290005 
585.983252  	78.080068 
586.340559  	78.923749 
586.697866  	79.299937 
587.055173  	79.301197 
587.412479  	78.732506 
587.769786  	78.247790 
588.127093  	78.318330 
588.484400  	77.978139 
588.841707  	78.025717 
589.199014  	78.726311 
589.556321  	79.207458 
589.913627  	79.332588 
590.270934  	78.991615 
590.628241  	78.753558 
590.985548  	78.631144 
591.342855  	78.264898 
591.700162  	78.571676 
592.057469  	79.096985 
592.414776  	78.718544 
592.772082  	78.399399 
593.129389  	78.499688 
593.486696  	78.320065 
593.844003  	77.701365 
594.201310  	77.484868 
594.558617  	78.001047 
594.915924  	77.846071 
595.273230  	77.340481 
595.630537  	77.715649 
595.987844  	77.481503 
596.345151  	76.706879 
596.702458  	76.725075 
597.059765  	76.877762 
597.417072  	77.122895 
597.774378  	77.211452 
598.131685  	76.771255 
598.488992  	76.653259 
598.846299  	76.520375 
599.203606  	76.109234 
599.560913  	76.013038 
599.918220  	75.981333 
600.275526  	75.944719 
600.632833  	75.980374 
600.990140  	75.964052 
601.347447  	76.228692 
601.704754  	76.495699 
602.062061  	76.383184 
602.419368  	76.443199 
602.776674  	76.812999 
603.133981  	76.698053 
603.491288  	75.814785 
603.848595  	75.336607 
604.205902  	75.923118 
604.563209  	76.336648 
604.920516  	76.158136 
605.277823  	76.133393 
605.635129  	76.149349 
605.992436  	76.232732 
606.349743  	76.340968 
606.707050  	76.170642 
607.064357  	76.272305 
607.421664  	76.646721 
607.778971  	76.663231 
608.136277  	76.508466 
608.493584  	76.339823 
608.850891  	76.217496 
609.208198  	76.549693 
609.565505  	76.920275 
609.922812  	76.728852 
610.280119  	76.581243 
610.637425  	77.003468 
610.994732  	77.424063 
611.352039  	77.375813 
611.709346  	77.086346 
612.066653  	76.692793 
612.423960  	76.344070 
612.781267  	76.265403 
613.138573  	76.485866 
613.495880  	76.841816 
613.853187  	76.779107 
614.210494  	76.378135 
614.567801  	76.150922 
614.925108  	75.869749 
615.282415  	75.773564 
615.639721  	76.023342 
615.997028  	76.199006 
616.354335  	76.416779 
616.711642  	76.591787 
617.068949  	76.648077 
617.426256  	76.587895 
617.783563  	76.235390 
618.140870  	75.785435 
618.498176  	75.439086 
618.855483  	75.494117 
619.212790  	75.715518 
619.570097  	75.452217 
619.927404  	74.782374 
620.284711  	73.892233 
620.642018  	73.453592 
620.999324  	73.800316 
621.356631  	74.237830 
621.713938  	74.551165 
622.071245  	74.560401 
622.428552  	74.280876 
622.785859  	73.896532 
623.143166  	73.470224 
623.500472  	73.106977 
623.857779  	72.505241 
624.215086  	72.027061 
624.572393  	71.442387 
624.929700  	70.220671 
625.287007  	69.477761 
625.644314  	68.492433 
626.001620  	66.024905 
626.358927  	63.521751 
626.716234  	61.123929 
627.073541  	56.991469 
627.430848  	51.468122 
627.788155  	48.040530 
628.145462  	49.389097 
628.502768  	54.663388 
628.860075  	61.208137 
629.217382  	66.885614 
629.574689  	70.662177 
629.931996  	72.779768 
630.289303  	73.911340 
630.646610  	74.679176 
631.003917  	74.835716 
631.361223  	74.381108 
631.718530  	74.164868 
632.075837  	74.217227 
632.433144  	74.338725 
632.790451  	74.342036 
633.147758  	74.120744 
633.505065  	74.192733 
633.862371  	74.411177 
634.219678  	74.206650 
634.576985  	73.946022 
634.934292  	74.102590 
635.291599  	74.284199 
635.648906  	74.360582 
636.006213  	74.491690 
636.363519  	74.158008 
636.720826  	73.676118 
637.078133  	73.597359 
637.435440  	73.559539 
637.792747  	73.878953 
638.150054  	74.433891 
638.507361  	74.414934 
638.864667  	74.314934 
639.221974  	74.439967 
639.579281  	74.223117 
639.936588  	74.024582 
640.293895  	74.274456 
640.651202  	74.248792 
641.008509  	74.050322 
641.365815  	74.291676 
641.723122  	74.673618 
642.080429  	74.905713 
642.437736  	74.770314 
642.795043  	74.579090 
643.152350  	74.853402 
643.509657  	75.188637 
643.866964  	75.568481 
644.224270  	75.809679 
644.581577  	75.623678 
644.938884  	75.556653 
645.296191  	75.743451 
645.653498  	76.134888 
646.010805  	76.214134 
646.368112  	75.950125 
646.725418  	76.014063 
647.082725  	75.972273 
647.440032  	75.705051 
647.797339  	75.612848 
648.154646  	75.769383 
648.511953  	76.320867 
648.869260  	76.733469 
649.226566  	76.643646 
649.583873  	76.583898 
649.941180  	76.586531 
650.298487  	76.512899 
650.655794  	76.381707 
651.013101  	76.161598 
651.370408  	76.017905 
651.727714  	76.182701 
652.085021  	76.146406 
652.442328  	75.815693 
652.799635  	75.881626 
653.156942  	75.945000 
653.514249  	75.842008 
653.871556  	76.259097 
654.228862  	76.764862 
654.586169  	76.595895 
654.943476  	76.191685 
655.300783  	76.512696 
655.658090  	76.751393 
656.015397  	76.355063 
656.372704  	76.163430 
656.730011  	76.391949 
657.087317  	76.615029 
657.444624  	76.577983 
657.801931  	76.430919 
658.159238  	76.616480 
658.516545  	76.693350 
658.873852  	76.358254 
659.231159  	75.810319 
659.588465  	75.331599 
659.945772  	75.392619 
660.303079  	75.587963 
660.660386  	75.688947 
661.017693  	75.933492 
661.375000  	75.809588 
661.732307  	75.358005 
662.089613  	75.416001 
662.446920  	75.739766 
662.804227  	75.570382 
663.161534  	75.224957 
663.518841  	75.260290 
663.876148  	75.454142 
664.233455  	75.621451 
664.590761  	75.599176 
664.948068  	75.173721 
665.305375  	75.046668 
665.662682  	75.258169 
666.019989  	74.855922 
666.377296  	74.648808 
666.734603  	75.009395 
667.091909  	74.821691 
667.449216  	74.272909 
667.806523  	73.921348 
668.163830  	74.452031 
668.521137  	75.174755 
668.878444  	75.205647 
669.235751  	74.741109 
669.593057  	74.127959 
669.950364  	73.918315 
670.307671  	74.206557 
670.664978  	74.126034 
671.022285  	73.971539 
671.379592  	73.943942 
671.736899  	73.416009 
672.094206  	72.840270 
672.451512  	72.445279 
672.808819  	72.258203 
673.166126  	72.467902 
673.523433  	72.213514 
673.880740  	71.256214 
674.238047  	70.427873 
674.595354  	69.878764 
674.952660  	69.341248 
675.309967  	68.688073 
675.667274  	67.615213 
676.024581  	66.774176 
676.381888  	66.196158 
676.739195  	64.983894 
677.096502  	63.858710 
677.453808  	62.982922 
677.811115  	61.850841 
678.168422  	60.408037 
678.525729  	58.375120 
678.883036  	56.408736 
679.240343  	55.160276 
679.597650  	53.715566 
679.954956  	51.512639 
680.312263  	49.215775 
680.669570  	47.999657 
681.026877  	48.357363 
681.384184  	50.072182 
681.741491  	53.020639 
682.098798  	56.594365 
682.456104  	60.660236 
682.813411  	64.741973 
683.170718  	67.412335 
683.528025  	68.860416 
683.885332  	70.137957 
684.242639  	71.375597 
684.599946  	72.056006 
684.957253  	72.691252 
685.314559  	73.362928 
685.671866  	73.428477 
686.029173  	73.752395 
686.386480  	74.146694 
686.743787  	73.764361 
687.101094  	73.583002 
687.458401  	73.998277 
687.815707  	74.262112 
688.173014  	74.247736 
688.530321  	74.167671 
688.887628  	74.225620 
689.244935  	74.034016 
689.602242  	73.835472 
689.959549  	73.850905 
690.316855  	73.469937 
690.674162  	72.975707 
691.031469  	72.830307 
691.388776  	72.670325 
691.746083  	72.233410 
692.103390  	71.434772 
692.460697  	70.736399 
692.818003  	70.245255 
693.175310  	69.539887 
693.532617  	68.923392 
693.889924  	68.600447 
694.247231  	67.884816 
694.604538  	66.598314 
694.961845  	65.218671 
695.319151  	64.298966 
695.676458  	63.705450 
696.033765  	62.854150 
696.391072  	62.080975 
696.748379  	61.771352 
697.105686  	61.429030 
697.462993  	60.957432 
697.820300  	60.721584 
698.177606  	60.711784 
698.534913  	60.724647 
698.892220  	60.841904 
699.249527  	61.563285 
699.606834  	63.206375 
699.964141  	65.535937 
700.321448  	67.888358 
700.678754  	69.900630 
701.036061  	71.380844 
701.393368  	72.163159 
701.750675  	72.823085 
702.107982  	73.587137 
702.465289  	74.273768 
702.822596  	74.920823 
703.179902  	74.920959 
703.537209  	74.489241 
703.894516  	74.566719 
704.251823  	74.790665 
704.609130  	74.775407 
704.966437  	74.759265 
705.323744  	74.888301 
705.681050  	75.151549 
706.038357  	75.288608 
706.395664  	75.029858 
706.752971  	74.745306 
707.110278  	74.926403 
707.467585  	74.881517 
707.824892  	74.497214 
708.182198  	74.623284 
708.539505  	74.926081 
708.896812  	75.076969 
709.254119  	75.000049 
709.611426  	74.673255 
709.968733  	74.713451 
710.326040  	74.712350 
710.683347  	74.502935 
711.040653  	74.585626 
711.397960  	74.401730 
711.755267  	74.116967 
712.112574  	74.180473 
712.469881  	73.985456 
712.827188  	73.741236 
713.184495  	73.970554 
713.541801  	74.128257 
713.899108  	73.941194 
714.256415  	73.668713 
714.613722  	73.372933 
714.971029  	73.343383 
715.328336  	73.716704 
715.685643  	74.091537 
716.042949  	73.834800 
716.400256  	73.161501 
716.757563  	73.171420 
717.114870  	73.330510 
717.472177  	72.955015 
717.829484  	72.812171 
718.186791  	72.685385 
718.544097  	72.433492 
718.901404  	72.381806 
719.258711  	72.369800 
719.616018  	72.486053 
719.973325  	72.466486 
720.330632  	72.389873 
720.687939  	72.320869 
721.045245  	71.783389 
721.402552  	71.248582 
721.759859  	70.948501 
722.117166  	70.704314 
722.474473  	70.670961 
722.831780  	70.710402 
723.189087  	70.538492 
723.546394  	70.134996 
723.903700  	69.758468 
724.261007  	69.543138 
724.618314  	69.664671 
724.975621  	69.924529 
725.332928  	69.704739 
725.690235  	69.333679 
726.047542  	69.159773 
726.404848  	68.950769 
726.762155  	68.558732 
727.119462  	68.056439 
727.476769  	68.190684 
727.834076  	68.716417 
728.191383  	68.425244 
728.548690  	67.753952 
728.905996  	67.435051 
729.263303  	67.077620 
729.620610  	66.848947 
729.977917  	66.957248 
730.335224  	66.834304 
730.692531  	66.715574 
731.049838  	66.735041 
731.407144  	66.343153 
731.764451  	66.003451 
732.121758  	65.814906 
732.479065  	65.492526 
732.836372  	65.403595 
733.193679  	65.288547 
733.550986  	65.001248 
733.908292  	64.648133 
734.265599  	64.435996 
734.622906  	64.786045 
734.980213  	64.845435 
735.337520  	64.293035 
735.694827  	63.918399 
736.052134  	63.758481 
736.409441  	63.864530 
736.766747  	63.957285 
737.124054  	63.776413 
737.481361  	63.714799 
737.838668  	63.450058 
738.195975  	63.023677 
738.553282  	62.829466 
738.910589  	62.607121 
739.267895  	62.570091 
739.625202  	62.630764 
739.982509  	62.240331 
740.339816  	61.593803 
740.697123  	61.106324 
741.054430  	60.907311 
741.411737  	60.820627 
741.769043  	60.621541 
742.126350  	60.093322 
742.483657  	59.423370 
742.840964  	58.931427 
743.198271  	58.280166 
743.555578  	57.856305 
743.912885  	57.837140 
744.270191  	57.208221 
744.627498  	56.235346 
744.984805  	55.558291 
745.342112  	54.991122 
745.699419  	54.395409 
746.056726  	53.685766 
746.414033  	53.051415 
746.771339  	52.139791 
747.128646  	50.637939 
747.485953  	49.162656 
747.843260  	47.789809 
748.200567  	46.256049 
748.557874  	44.563409 
748.915181  	42.519383 
749.272488  	40.169192 
749.629794  	38.624136 
749.987101  	38.593748 
750.344408  	39.290664 
750.701715  	40.037639 
751.059022  	39.822025 
751.416329  	38.309681 
751.773636  	36.858207 
752.130942  	35.452457 
752.488249  	33.649220 
752.845556  	31.635226 
753.202863  	29.106714 
753.560170  	26.719389 
753.917477  	24.857766 
754.274784  	22.787273 
754.632090  	20.558613 
754.989397  	18.463042 
755.346704  	16.794984 
755.704011  	15.942759 
756.061318  	15.350942 
756.418625  	15.164366 
756.775932  	16.533666 
757.133238  	19.131694 
757.490545  	22.362949 
757.847852  	26.234541 
758.205159  	30.201364 
758.562466  	34.153497 
758.919773  	38.388609 
759.277080  	42.355159 
759.634386  	45.348122 
759.991693  	48.157571 
760.349000  	51.767616 
760.706307  	55.422032 
761.063614  	58.787478 
761.420921  	62.088925 
761.778228  	64.864576 
762.135534  	67.446277 
762.492841  	69.768015 
762.850148  	71.470749 
763.207455  	72.918217 
763.564762  	73.813715 
763.922069  	74.364948 
764.279376  	75.098026 
764.636683  	75.878924 
764.993989  	76.365727 
765.351296  	76.280371 
765.708603  	76.219589 
766.065910  	76.347456 
766.423217  	76.492835 
766.780524  	76.848730 
767.137831  	76.971042 
767.495137  	76.934638 
767.852444  	77.195743 
768.209751  	77.557372 
768.567058  	77.627213 
768.924365  	77.449888 
769.281672  	77.389825 
769.638979  	77.394447 
769.996285  	77.479334 
770.353592  	77.418888 
770.710899  	77.170279 
771.068206  	76.983036 
771.425513  	76.568332 
771.782820  	76.448380 
772.140127  	76.503332 
772.497433  	76.352010 
772.854740  	76.565123 
773.212047  	76.495019 
773.569354  	76.317234 
773.926661  	76.270816 
774.283968  	75.817283 
774.641275  	75.768314 
774.998581  	75.625434 
775.355888  	75.191367 
775.713195  	75.281649 
776.070502  	75.239843 
776.427809  	75.252338 
776.785116  	75.317578 
777.142423  	74.826283 
777.499730  	74.302604 
777.857036  	74.042838 
778.214343  	73.900232 
778.571650  	73.534097 
778.928957  	73.180289 
779.286264  	73.245313 
779.643571  	73.278575 
780.000878  	73.126170 
780.358184  	72.831991 
780.715491  	72.539534 
781.072798  	72.428293 
781.430105  	72.373997 
781.787412  	72.270919 
782.144719  	71.957471 
782.502026  	71.848061 
782.859332  	71.996955 
783.216639  	71.849981 
783.573946  	71.694820 
783.931253  	71.589554 
784.288560  	71.300245 
784.645867  	70.977416 
785.003174  	70.708676 
785.360480  	70.444885 
785.717787  	70.184481 
786.075094  	70.176415 
786.432401  	70.072002 
786.789708  	69.679334 
787.147015  	69.425174 
787.504322  	69.167066 
787.861628  	69.103496 
788.218935  	69.118290 
788.576242  	68.731267 
788.933549  	68.340156 
789.290856  	68.036820 
789.648163  	67.935636 
790.005470  	67.966362 
790.362777  	67.772714 
790.720083  	67.506725 
791.077390  	67.106456 
791.434697  	66.927505 
791.792004  	66.837154 
792.149311  	66.221880 
792.506618  	65.693800 
792.863925  	65.420104 
793.221231  	65.114712 
793.578538  	64.701628 
793.935845  	64.201060 
794.293152  	63.815753 
794.650459  	63.368427 
795.007766  	63.181352 
795.365073  	63.034288 
795.722379  	62.540699 
796.079686  	62.244540 
796.436993  	61.569696 
796.794300  	60.982255 
797.151607  	61.085937 
797.508914  	60.509078 
797.866221  	59.751875 
798.223527  	59.379611 
798.580834  	58.660515 
798.938141  	58.057568 
799.295448  	57.578594 
799.652755  	57.219378 
800.010062  	57.032116 
800.367369  	55.996437 
800.724675  	54.744296 
801.081982  	54.314865 
801.439289  	53.520175 
801.796596  	52.103981 
802.153903  	51.241585 
802.511210  	50.671087 
802.868517  	49.885536 
803.225824  	49.203841 
803.583130  	48.452764 
803.940437  	47.536920 
804.297744  	46.867041 
804.655051  	46.249193 
805.012358  	45.614389 
805.369665  	45.508565 
805.726972  	45.445496 
806.084278  	45.135374 
806.441585  	45.307179 
806.798892  	45.370580 
807.156199  	45.125449 
807.513506  	45.337424 
807.870813  	45.561532 
808.228120  	45.874696 
808.585426  	46.461666 
808.942733  	46.682505 
809.300040  	46.748054 
809.657347  	47.030150 
810.014654  	47.568405 
810.371961  	47.832146 
810.729268  	47.494359 
811.086574  	47.543636 
811.443881  	47.871289 
811.801188  	47.841534 
812.158495  	47.823846 
812.515802  	47.764948 
812.873109  	47.706551 
813.230416  	47.850019 
813.587722  	48.007395 
813.945029  	48.075374 
814.302336  	48.020126 
814.659643  	48.123820 
815.016950  	48.247211 
815.374257  	48.065945 
815.731564  	48.011967 
816.088871  	48.286546 
816.446177  	48.674023 
816.803484  	48.983063 
817.160791  	49.450733 
817.518098  	50.339193 
817.875405  	51.079045 
818.232712  	51.662059 
818.590019  	52.487595 
818.947325  	53.404650 
819.304632  	54.667027 
819.661939  	56.054857 
820.019246  	57.128659 
820.376553  	58.461499 
820.733860  	59.870881 
821.091167  	60.757409 
821.448473  	61.670219 
821.805780  	63.028807 
822.163087  	64.576554 
822.520394  	65.969289 
822.877701  	67.139758 
823.235008  	68.448563 
823.592315  	69.760734 
823.949621  	70.553815 
824.306928  	71.009210 
824.664235  	71.377031 
825.021542  	71.537847 
825.378849  	71.844748 
825.736156  	72.470629 
826.093463  	72.857514 
826.450769  	72.829360 
826.808076  	72.634807 
827.165383  	72.531185 
827.522690  	72.356589 
827.879997  	71.722673 
828.237304  	71.370720 
828.594611  	71.692111 
828.951918  	71.453186 
829.309224  	70.376281 
829.666531  	69.492514 
830.023838  	69.047353 
830.381145  	68.579608 
830.738452  	67.851763 
831.095759  	67.207190 
831.453066  	67.063794 
831.810372  	67.233043 
832.167679  	67.512015 
832.524986  	67.705864 
832.882293  	67.719361 
833.239600  	67.904204 
833.596907  	67.944824 
833.954214  	67.767383 
834.311520  	67.884312 
834.668827  	67.820203 
835.026134  	67.479225 
835.383441  	67.084872 
835.740748  	66.588972 
836.098055  	66.450358 
836.455362  	66.337760 
836.812668  	65.851342 
837.169975  	65.262872 
837.527282  	64.784868 
837.884589  	64.587485 
838.241896  	64.089796 
838.599203  	63.326138 
838.956510  	62.908900 
839.313816  	62.412019 
839.671123  	61.889689 
840.028430  	61.554807 
840.385737  	60.897463 
840.743044  	59.937586 
841.100351  	59.234956 
841.457658  	58.870391 
841.814964  	58.308703 
842.172271  	57.458522 
842.529578  	56.547617 
842.886885  	55.580860 
843.244192  	54.707294 
843.601499  	53.875732 
843.958806  	52.945351 
844.316113  	51.924582 
844.673419  	50.946571 
845.030726  	50.023226 
845.388033  	48.793144 
845.745340  	47.385760 
846.102647  	46.041738 
846.459954  	44.612844 
846.817261  	43.142573 
847.174567  	41.818087 
847.531874  	41.006394 
847.889181  	40.259770 
848.246488  	38.726542 
848.603795  	36.946334 
848.961102  	35.386526 
849.318409  	33.859429 
849.675715  	32.510013 
850.033022  	31.523685 
850.390329  	30.947946 
850.747636  	30.479692 
851.104943  	30.491125 
851.462250  	31.604223 
851.819557  	33.074072 
852.176863  	34.808089 
852.534170  	37.466589 
852.891477  	40.710373 
853.248784  	44.148535 
853.606091  	47.889783 
853.963398  	52.055900 
854.320705  	56.392371 
854.678011  	60.387832 
855.035318  	63.974824 
855.392625  	67.381820 
855.749932  	70.026325 
856.107239  	71.602526 
856.464546  	73.082770 
856.821853  	74.687840 
857.179160  	75.473055 
857.536466  	75.328443 
857.893773  	75.337398 
858.251080  	75.929455 
858.608387  	76.233761 
858.965694  	75.694659 
859.323001  	75.218603 
859.680308  	75.646812 
860.037614  	75.996242 
860.394921  	75.653982 
860.752228  	75.520576 
861.109535  	75.510484 
861.466842  	75.175842 
861.824149  	74.965605 
862.181456  	74.906992 
862.538762  	74.615688 
862.896069  	74.425136 
863.253376  	74.591967 
863.610683  	74.345713 
863.967990  	73.601657 
864.325297  	73.024216 
864.682604  	72.863589 
865.039910  	73.289916 
865.397217  	73.499421 
865.754524  	72.880512 
866.111831  	72.458841 
866.469138  	72.554900 
866.826445  	72.454165 
867.183752  	72.176048 
867.541058  	72.227041 
867.898365  	72.322035 
868.255672  	72.080930 
868.612979  	71.960081 
868.970286  	71.913944 
869.327593  	71.508217 
869.684900  	71.147443 
870.042207  	71.384003 
870.399513  	71.643823 
870.756820  	71.315972 
871.114127  	71.162981 
871.471434  	71.352580 
871.828741  	71.284336 
872.186048  	71.099491 
872.543355  	70.959254 
872.900661  	70.924475 
873.257968  	71.012897 
873.615275  	71.174354 
873.972582  	70.985302 
874.329889  	70.315354 
874.687196  	70.087417 
875.044503  	70.133688 
875.401809  	69.943926 
875.759116  	69.850002 
876.116423  	69.845198 
876.473730  	70.042389 
876.831037  	70.013086 
877.188344  	69.741703 
877.545651  	69.785304 
877.902957  	69.581888 
878.260264  	69.300927 
878.617571  	69.286985 
878.974878  	69.336794 
879.332185  	69.498469 
879.689492  	69.256675 
880.046799  	68.803885 
880.404105  	68.639759 
880.761412  	68.720213 
881.118719  	69.074407 
881.476026  	69.185117 
881.833333  	69.176886 
882.190640  	69.338624 
882.547947  	68.961162 
882.905254  	68.511762 
883.262560  	68.832273 
883.619867  	68.886792 
883.977174  	68.150936 
884.334481  	68.017976 
884.691788  	68.608914 
885.049095  	68.671719 
885.406402  	68.302958 
885.763708  	68.151856 
886.121015  	68.016338 
886.478322  	67.580006 
886.835629  	67.228973 
887.192936  	67.182603 
887.550243  	67.061892 
887.907550  	66.832968 
888.264856  	66.553421 
888.622163  	66.477988 
888.979470  	66.706064 
889.336777  	66.700841 
889.694084  	66.463528 
890.051391  	66.049478 
890.408698  	65.618063 
890.766004  	65.630085 
891.123311  	65.702695 
891.480618  	65.570591 
891.837925  	65.416685 
892.195232  	65.333361 
892.552539  	65.313585 
892.909846  	65.079486 
893.267152  	64.918537 
893.624459  	65.174528 
893.981766  	65.445101 
894.339073  	65.504889 
894.696380  	65.502081 
895.053687  	65.562075 
895.410994  	65.608941 
895.768301  	65.421451 
896.125607  	65.022580 
896.482914  	64.748734 
896.840221  	64.740128 
897.197528  	64.745173 
897.554835  	64.819123 
897.912142  	64.913616 
898.269449  	64.553415 
898.626755  	64.067765 
898.984062  	63.965101 
899.341369  	64.024339 
899.698676  	64.181465 
900.055983  	64.218550 
900.413290  	63.762211 
900.770597  	63.314147 
901.127903  	63.328135 
901.485210  	63.341107 
901.842517  	62.975784 
902.199824  	62.567168 
902.557131  	62.463512 
902.914438  	62.405650 
903.271745  	62.264619 
903.629051  	62.227965 
903.986358  	61.986522 
904.343665  	61.567323 
904.700972  	61.439442 
905.058279  	61.148436 
905.415586  	60.666599 
905.772893  	60.771739 
906.130199  	60.877178 
906.487506  	60.557644 
906.844813  	60.411780 
907.202120  	60.172010 
907.559427  	59.900108 
907.916734  	59.828388 
908.274041  	59.469617 
908.631348  	58.977194 
908.988654  	58.317427 
909.345961  	57.617734 
909.703268  	57.484643 
910.060575  	57.387109 
910.417882  	57.003509 
910.775189  	56.706428 
911.132496  	56.450072 
911.489802  	56.180504 
911.847109  	55.931428 
912.204416  	55.621642 
912.561723  	55.216354 
912.919030  	54.901202 
913.276337  	54.547483 
913.633644  	54.008668 
913.990950  	53.689695 
914.348257  	53.502023 
914.705564  	53.125569 
915.062871  	52.643027 
915.420178  	52.302539 
915.777485  	52.074391 
916.134792  	51.584335 
916.492098  	51.232205 
916.849405  	51.124790 
917.206712  	50.763799 
917.564019  	50.506634 
917.921326  	50.326981 
918.278633  	49.944655 
918.635940  	49.530121 
918.993246  	49.093881 
919.350553  	48.856070 
919.707860  	48.811411 
920.065167  	48.619636 
920.422474  	48.138496 
920.779781  	47.567731 
921.137088  	47.215264 
921.494394  	46.793830 
921.851701  	46.337922 
922.209008  	46.401464 
922.566315  	46.487177 
922.923622  	46.000133 
923.280929  	45.633064 
923.638236  	45.581121 
923.995543  	45.315429 
924.352849  	45.197450 
924.710156  	45.284115 
925.067463  	45.178749 
925.424770  	44.960687 
925.782077  	44.714286 
926.139384  	44.857532 
926.496691  	45.219802 
926.853997  	45.156024 
927.211304  	44.907486 
927.568611  	44.706986 
927.925918  	44.745572 
928.283225  	44.853394 
928.640532  	44.775488 
928.997839  	45.072599 
929.355145  	45.519361 
929.712452  	45.792658 
930.069759  	46.124016 
930.427066  	46.265511 
930.784373  	46.370816 
931.141680  	46.626210 
931.498987  	47.024379 
931.856293  	47.481411 
932.213600  	47.568053 
932.570907  	47.750908 
932.928214  	48.288081 
933.285521  	48.549049 
933.642828  	48.770221 
934.000135  	49.210690 
934.357441  	49.752316 
934.714748  	50.315174 
935.072055  	50.466866 
935.429362  	50.635014 
935.786669  	51.203166 
936.143976  	51.545963 
936.501283  	51.961382 
936.858590  	52.538554 
937.215896  	52.676946 
937.573203  	52.940645 
937.930510  	53.577851 
938.287817  	54.176058 
938.645124  	54.631893 
939.002431  	54.724941 
939.359738  	54.887671 
939.717044  	55.505729 
940.074351  	55.983275 
940.431658  	56.166185 
940.788965  	56.393866 
941.146272  	56.690646 
941.503579  	57.207534 
941.860886  	57.986550 
942.218192  	58.446953 
942.575499  	58.564971 
942.932806  	58.861963 
943.290113  	59.104702 
943.647420  	59.334548 
944.004727  	59.783603 
944.362034  	60.020235 
944.719340  	60.330699 
945.076647  	61.047416 
945.433954  	61.518521 
945.791261  	61.727033 
946.148568  	62.128785 
946.505875  	62.344866 
946.863182  	62.280910 
947.220488  	62.528637 
947.577795  	62.814219 
947.935102  	62.711720 
948.292409  	62.859528 
948.649716  	63.447145 
949.007023  	63.704372 
949.364330  	63.557498 
949.721637  	63.684721 
950.078943  	64.118749 
950.436250  	64.444205 
950.793557  	64.462314 
951.150864  	64.396819 
951.508171  	64.835190 
951.865478  	65.363604 
952.222785  	65.359847 
952.580091  	65.431309 
952.937398  	65.639559 
953.294705  	65.696494 
953.652012  	65.964380 
954.009319  	66.235710 
954.366626  	66.202805 
954.723933  	66.213182 
955.081239  	66.341682 
955.438546  	66.398813 
955.795853  	66.616112 
956.153160  	66.998334 
956.510467  	67.188349 
956.867774  	67.200673 
957.225081  	67.121769 
957.582387  	67.336173 
957.939694  	67.884873 
958.297001  	67.904797 
958.654308  	67.666271 
959.011615  	67.828967 
959.368922  	67.882392 
959.726229  	67.747490 
960.083535  	67.732342 
960.440842  	67.574281 
960.798149  	67.265123 
961.155456  	67.140001 
961.512763  	67.065267 
961.870070  	66.851826 
962.227377  	66.677797 
962.584684  	66.765204 
962.941990  	67.235596 
963.299297  	67.636844 
963.656604  	67.839538 
964.013911  	68.304191 
964.371218  	68.722458 
964.728525  	69.056461 
965.085832  	69.419158 
965.443138  	69.381107 
965.800445  	69.158975 
966.157752  	69.039093 
966.515059  	69.149174 
966.872366  	69.422052 
967.229673  	69.527159 
967.586980  	69.597843 
967.944286  	69.694204 
968.301593  	69.889861 
968.658900  	69.989721 
969.016207  	69.696276 
969.373514  	69.549617 
969.730821  	69.493171 
970.088128  	69.251347 
970.445434  	68.946720 
970.802741  	68.219978 
971.160048  	67.465522 
971.517355  	67.115220 
971.874662  	66.507188 
972.231969  	65.504847 
972.589276  	64.408593 
972.946582  	63.163619 
973.303889  	62.218900 
973.661196  	62.049821 
974.018503  	62.341300 
974.375810  	63.057446 
974.733117  	64.092377 
975.090424  	64.935458 
975.447731  	65.670654 
975.805037  	66.174493 
976.162344  	66.512077 
976.519651  	67.087979 
976.876958  	67.499829 
977.234265  	67.738767 
977.591572  	68.075349 
977.948879  	68.367091 
978.306185  	68.719730 
978.663492  	69.008536 
979.020799  	69.108944 
979.378106  	69.132044 
979.735413  	69.130692 
980.092720  	69.260492 
980.450027  	69.339333 
980.807333  	69.266127 
981.164640  	69.250997 
981.521947  	69.167431 
981.879254  	69.198543 
982.236561  	69.598910 
982.593868  	69.891156 
982.951175  	69.764830 
983.308481  	69.393884 
983.665788  	69.120108 
984.023095  	69.115305 
984.380402  	69.118078 
984.737709  	69.241467 
985.095016  	69.526592 
985.452323  	69.656724 
985.809629  	69.597672 
986.166936  	69.096536 
986.524243  	68.529310 
986.881550  	68.526098 
987.238857  	68.739144 
987.596164  	68.992560 
987.953471  	69.048346 
988.310778  	68.806214 
988.668084  	68.643032 
989.025391  	68.458919 
989.382698  	68.373902 
989.740005  	68.276380 
990.097312  	68.003166 
990.454619  	67.978539 
990.811926  	67.914119 
991.169232  	67.707993 
991.526539  	67.623078 
991.883846  	67.503202 
992.241153  	67.531650 
992.598460  	67.615736 
992.955767  	67.326947 
993.313074  	66.864000 
993.670380  	66.708051 
994.027687  	66.703584 
994.384994  	66.404866 
994.742301  	66.095302 
995.099608  	65.981434 
995.456915  	65.816698 
995.814222  	65.560643 
996.171528  	65.304262 
996.528835  	65.167554 
996.886142  	65.154440 
997.243449  	65.216586 
997.600756  	65.071200 
997.958063  	64.641769 
998.315370  	64.481412 
998.672676  	64.287766 
999.029983  	63.661216 
999.387290  	63.124738 
999.744597  	62.633488 
1000.101904  	62.036962 
1000.459211  	61.372705 
1000.816518  	60.643106 
1001.173824  	60.524338 
1001.531131  	61.076891 
1001.888438  	61.595706 
1002.245745  	61.860868 
1002.603052  	61.839476 
1002.960359  	61.591678 
1003.317666  	61.074700 
1003.674973  	60.351238 
1004.032279  	59.779429 
1004.389586  	59.186496 
1004.746893  	58.342952 
1005.104200  	57.364712 
1005.461507  	56.571402 
1005.818814  	56.007087 
1006.176121  	55.182599 
1006.533427  	54.605031 
1006.890734  	54.579433 
1007.248041  	54.237185 
1007.605348  	53.518976 
1007.962655  	52.411037 
1008.319962  	50.920868 
1008.677269  	49.455031 
1009.034575  	47.829449 
1009.391882  	46.165070 
1009.749189  	44.368001 
1010.106496  	42.171816 
1010.463803  	39.889431 
1010.821110  	37.313715 
1011.178417  	34.318823 
1011.535723  	31.151541 
1011.893030  	28.112938 
1012.250337  	25.940234 
1012.607644  	25.807752 
1012.964951  	28.918577 
1013.322258  	34.842760 
1013.679565  	41.947516 
1014.036871  	49.569161 
1014.394178  	57.631445 
1014.751485  	65.347317 
1015.108792  	71.675463 
1015.466099  	76.253142 
1015.823406  	79.220446 
1016.180713  	81.042539 
1016.538020  	82.246826 
1016.895326  	82.952093 
1017.252633  	83.283648 
1017.609940  	83.351427 
1017.967247  	83.217928 
1018.324554  	82.994134 
1018.681861  	82.651987 
1019.039168  	82.283677 
1019.396474  	81.845714 
1019.753781  	81.344815 
1020.111088  	81.017768 
1020.468395  	80.851105 
1020.825702  	80.645467 
1021.183009  	80.253680 
1021.540316  	79.796812 
1021.897622  	79.015564 
1022.254929  	78.195446 
1022.612236  	78.317611 
1022.969543  	78.398094 
1023.326850  	77.708939 
1023.684157  	77.292467 
1024.041464  	77.136462 
1024.398770  	76.983281 
1024.756077  	76.827472 
1025.113384  	76.562948 
1025.470691  	76.322674 
1025.827998  	76.019000 
1026.185305  	75.941058 
1026.542612  	75.822723 
1026.899918  	75.198156 
1027.257225  	74.891038 
1027.614532  	74.955175 
1027.971839  	74.940359 
1028.329146  	74.956021 
1028.686453  	74.530933 
1029.043760  	73.963020 
1029.401067  	73.983456 
1029.758373  	73.992660 
1030.115680  	73.737654 
1030.472987  	73.540685 
1030.830294  	73.434663 
1031.187601  	73.576101 
1031.544908  	73.531185 
1031.902215  	73.158586 
1032.259521  	73.044036 
1032.616828  	73.011584 
1032.974135  	73.053294 
1033.331442  	73.183236 
1033.688749  	72.928834 
1034.046056  	72.702398 
1034.403363  	72.819637 
1034.760669  	72.761810 
1035.117976  	72.401558 
1035.475283  	72.317145 
1035.832590  	72.608609 
1036.189897  	72.521133 
1036.547204  	72.103907 
1036.904511  	71.830736 
1037.261817  	71.663273 
1037.619124  	71.665475 
1037.976431  	71.816779 
1038.333738  	72.107868 
1038.691045  	72.194891 
1039.048352  	71.843074 
1039.405659  	71.672812 
1039.762965  	71.561606 
1040.120272  	71.170436 
1040.477579  	71.006973 
1040.834886  	71.169588 
1041.192193  	71.155169 
1041.549500  	70.822185 
1041.906807  	70.771054 
1042.264114  	70.948883 
1042.621420  	70.716840 
1042.978727  	70.384049 
1043.336034  	70.118241 
1043.693341  	69.784604 
1044.050648  	69.628946 
1044.407955  	69.676313 
1044.765262  	69.795302 
1045.122568  	69.750493 
1045.479875  	69.678664 
1045.837182  	69.840387 
1046.194489  	69.665366 
1046.551796  	69.097173 
1046.909103  	69.073038 
1047.266410  	69.537833 
1047.623716  	69.521031 
1047.981023  	69.152002 
1048.338330  	68.943497 
1048.695637  	68.599407 
1049.052944  	68.259423 
1049.410251  	68.182816 
1049.767558  	68.020020 
1050.124864  	67.867166 
1050.482171  	67.902433 
1050.839478  	67.791060 
1051.196785  	67.577736 
1051.554092  	67.449728 
1051.911399  	67.073976 
1052.268706  	66.662520 
1052.626012  	66.601068 
1052.983319  	66.561833 
1053.340626  	66.645079 
1053.697933  	66.773682 
1054.055240  	66.647937 
1054.412547  	66.563262 
1054.769854  	66.249845 
1055.127161  	65.856471 
1055.484467  	65.909733 
1055.841774  	65.684977 
1056.199081  	64.954537 
1056.556388  	64.557069 
1056.913695  	64.592472 
1057.271002  	64.315104 
1057.628309  	63.769991 
1057.985615  	63.415958 
1058.342922  	62.878529 
1058.700229  	62.457360 
1059.057536  	62.520386 
1059.414843  	62.272429 
1059.772150  	61.498261 
1060.129457  	60.600846 
1060.486763  	59.875946 
1060.844070  	59.226519 
1061.201377  	58.453502 
1061.558684  	57.811214 
1061.915991  	57.024322 
1062.273298  	55.959193 
1062.630605  	55.216850 
1062.987911  	54.557316 
1063.345218  	53.295422 
1063.702525  	51.814319 
1064.059832  	50.905983 
1064.417139  	50.194829 
1064.774446  	48.778778 
1065.131753  	46.925506 
1065.489059  	45.449245 
1065.846366  	44.202250 
1066.203673  	42.620399 
1066.560980  	40.724083 
1066.918287  	38.643725 
1067.275594  	36.636380 
1067.632901  	34.739386 
1067.990208  	32.458484 
1068.347514  	30.248195 
1068.704821  	29.001537 
1069.062128  	28.946500 
1069.419435  	29.864887 
1069.776742  	31.606539 
1070.134049  	34.948665 
1070.491356  	39.835606 
1070.848662  	45.144139 
1071.205969  	50.836837 
1071.563276  	56.568856 
1071.920583  	61.591957 
1072.277890  	65.882163 
1072.635197  	69.648506 
1072.992504  	73.086509 
1073.349810  	75.739748 
1073.707117  	77.449582 
1074.064424  	78.883878 
1074.421731  	79.999030 
1074.779038  	80.597370 
1075.136345  	80.972817 
1075.493652  	81.244133 
1075.850958  	81.459272 
1076.208265  	81.500101 
1076.565572  	81.317212 
1076.922879  	81.160664 
1077.280186  	80.993086 
1077.637493  	80.680157 
1077.994800  	80.098194 
1078.352106  	79.458082 
1078.709413  	79.239238 
1079.066720  	79.001671 
1079.424027  	78.536878 
1079.781334  	78.140411 
1080.138641  	77.610170 
1080.495948  	77.195056 
1080.853255  	76.691987 
1081.210561  	75.919443 
1081.567868  	75.508960 
1081.925175  	74.997593 
1082.282482  	74.312438 
1082.639789  	73.993698 
1082.997096  	73.623177 
1083.354403  	73.102482 
1083.711709  	72.538264 
1084.069016  	72.086403 
1084.426323  	71.820620 
1084.783630  	71.499141 
1085.140937  	71.494049 
1085.498244  	71.696853 
1085.855551  	71.739951 
1086.212857  	71.999806 
1086.570164  	72.384068 
1086.927471  	72.479762 
1087.284778  	72.292797 
1087.642085  	72.294366 
1087.999392  	72.684610 
1088.356699  	72.877484 
1088.714005  	72.967071 
1089.071312  	73.282355 
1089.428619  	73.370505 
1089.785926  	73.358800 
1090.143233  	73.397286 
1090.500540  	73.066894 
1090.857847  	72.845363 
1091.215153  	73.016386 
1091.572460  	73.101352 
1091.929767  	73.289292 
1092.287074  	73.364532 
1092.644381  	72.974678 
1093.001688  	72.856500 
1093.358995  	72.907230 
1093.716301  	72.664637 
1094.073608  	72.723775 
1094.430915  	72.951762 
1094.788222  	72.775805 
1095.145529  	72.460473 
1095.502836  	72.151347 
1095.860143  	71.759960 
1096.217450  	71.494638 
1096.574756  	71.466444 
1096.932063  	71.458217 
1097.289370  	71.197808 
1097.646677  	70.645650 
1098.003984  	70.276493 
1098.361291  	70.442070 
1098.718598  	70.434459 
1099.075904  	69.997441 
1099.433211  	69.872204 
1099.790518  	69.780592 
1100.147825  	69.472554 
1100.505132  	69.344135 
1100.862439  	69.051628 
1101.219746  	68.698743 
1101.577052  	68.584373 
1101.934359  	68.372907 
1102.291666  	68.109753 
1102.648973  	67.731936 
1103.006280  	67.196044 
1103.363587  	66.743911 
1103.720894  	66.153175 
1104.078200  	65.411324 
1104.435507  	64.847784 
1104.792814  	64.213495 
1105.150121  	63.177674 
1105.507428  	62.181707 
1105.864735  	61.309449 
1106.222042  	60.031931 
1106.579348  	58.607333 
1106.936655  	57.053323 
1107.293962  	55.156934 
1107.651269  	53.592573 
1108.008576  	52.215389 
1108.365883  	50.541237 
1108.723190  	48.995953 
1109.080497  	47.419987 
1109.437803  	45.681684 
1109.795110  	44.674485 
1110.152417  	44.676693 
1110.509724  	45.446379 
1110.867031  	47.305030 
1111.224338  	50.045542 
1111.581645  	53.136628 
1111.938951  	56.592746 
1112.296258  	59.728589 
1112.653565  	61.784034 
1113.010872  	63.414149 
1113.368179  	65.198320 
1113.725486  	66.594740 
1114.082793  	67.271342 
1114.440099  	67.614406 
1114.797406  	67.942790 
1115.154713  	68.188287 
1115.512020  	68.152935 
1115.869327  	68.117390 
1116.226634  	68.273914 
1116.583941  	68.159208 
1116.941247  	67.724046 
1117.298554  	67.322146 
1117.655861  	67.166095 
1118.013168  	67.010684 
1118.370475  	66.445786 
1118.727782  	66.007511 
1119.085089  	65.906295 
1119.442395  	65.615438 
1119.799702  	65.248309 
1120.157009  	64.815394 
1120.514316  	64.168977 
1120.871623  	63.578736 
1121.228930  	63.168850 
1121.586237  	62.749777 
1121.943544  	62.121645 
1122.300850  	61.409337 
1122.658157  	60.695779 
1123.015464  	59.848376 
1123.372771  	58.823476 
1123.730078  	57.588820 
1124.087385  	56.344538 
1124.444692  	55.285121 
1124.801998  	54.156285 
1125.159305  	52.650595 
1125.516612  	50.925791 
1125.873919  	49.373270 
1126.231226  	47.839065 
1126.588533  	46.167323 
1126.945840  	44.776398 
1127.303146  	43.722436 
1127.660453  	42.876943 
1128.017760  	42.574675 
1128.375067  	43.070257 
1128.732374  	44.455800 
1129.089681  	46.430041 
1129.446988  	48.675863 
1129.804294  	51.500440 
1130.161601  	54.475349 
1130.518908  	57.415785 
1130.876215  	60.876126 
1131.233522  	63.901296 
1131.590829  	66.150195 
1131.948136  	68.489438 
1132.305442  	70.572953 
1132.662749  	72.202569 
1133.020056  	73.465164 
1133.377363  	74.307826 
1133.734670  	75.133857 
1134.091977  	75.708166 
1134.449284  	75.924735 
1134.806591  	76.319750 
1135.163897  	76.777248 
1135.521204  	76.925534 
1135.878511  	76.883279 
1136.235818  	76.978661 
1136.593125  	77.056483 
1136.950432  	76.874541 
1137.307739  	76.682066 
1137.665045  	76.424718 
1138.022352  	76.147454 
1138.379659  	76.154977 
1138.736966  	76.069317 
1139.094273  	75.839279 
1139.451580  	75.786367 
1139.808887  	75.759860 
1140.166193  	75.859819 
1140.523500  	75.862789 
1140.880807  	75.553058 
1141.238114  	75.498462 
1141.595421  	75.412919 
1141.952728  	75.008940 
1142.310035  	74.863124 
1142.667341  	74.892939 
1143.024648  	74.765628 
1143.381955  	74.510834 
1143.739262  	74.377358 
1144.096569  	74.412267 
1144.453876  	74.387650 
1144.811183  	74.380843 
1145.168489  	74.238612 
1145.525796  	73.933223 
1145.883103  	73.661953 
1146.240410  	73.342468 
1146.597717  	73.139112 
1146.955024  	72.828322 
1147.312331  	72.522480 
1147.669638  	72.823936 
1148.026944  	73.064788 
1148.384251  	72.880201 
1148.741558  	72.785792 
1149.098865  	72.707445 
1149.456172  	72.582596 
1149.813479  	72.410897 
1150.170786  	72.182266 
1150.528092  	72.082883 
1150.885399  	71.928612 
1151.242706  	71.697206 
1151.600013  	71.608528 
1151.957320  	71.615985 
1152.314627  	71.834466 
1152.671934  	71.948452 
1153.029240  	71.554804 
1153.386547  	71.196087 
1153.743854  	71.074903 
1154.101161  	71.092275 
1154.458468  	71.218121 
1154.815775  	71.013662 
1155.173082  	70.782315 
1155.530388  	70.920778 
1155.887695  	71.034458 
1156.245002  	70.843376 
1156.602309  	70.506301 
1156.959616  	70.533277 
1157.316923  	70.669954 
1157.674230  	70.408752 
1158.031536  	70.106757 
1158.388843  	69.913321 
1158.746150  	69.946821 
1159.103457  	70.102112 
1159.460764  	69.881071 
1159.818071  	69.429920 
1160.175378  	69.070971 
1160.532685  	69.044019 
1160.889991  	69.078201 
1161.247298  	68.867848 
1161.604605  	69.029951 
1161.961912  	69.174912 
1162.319219  	68.615666 
1162.676526  	68.265556 
1163.033833  	68.507788 
1163.391139  	68.587001 
1163.748446  	68.185310 
1164.105753  	67.731755 
1164.463060  	67.402799 
1164.820367  	66.947719 
1165.177674  	66.758129 
1165.534981  	66.835567 
1165.892287  	66.565496 
1166.249594  	66.252568 
1166.606901  	65.929377 
1166.964208  	65.392565 
1167.321515  	65.035422 
1167.678822  	64.747091 
1168.036129  	64.402136 
1168.393435  	64.105391 
1168.750742  	63.821010 
1169.108049  	63.438641 
1169.465356  	62.796320 
1169.822663  	62.276298 
1170.179970  	61.846499 
1170.537277  	61.170026 
1170.894583  	60.518788 
1171.251890  	59.827010 
1171.609197  	59.070666 
1171.966504  	58.146031 
1172.323811  	57.025234 
1172.681118  	56.315860 
1173.038425  	55.614369 
1173.395731  	54.409097 
1173.753038  	53.154737 
1174.110345  	51.915253 
1174.467652  	50.413658 
1174.824959  	48.593043 
1175.182266  	46.723352 
1175.539573  	45.016491 
1175.896880  	43.479894 
1176.254186  	42.058513 
1176.611493  	40.728351 
1176.968800  	39.707949 
1177.326107  	38.938570 
1177.683414  	38.541765 
1178.040721  	38.803644 
1178.398028  	39.401407 
1178.755334  	40.485251 
1179.112641  	42.214601 
1179.469948  	43.955790 
1179.827255  	45.620390 
1180.184562  	47.492149 
1180.541869  	49.495179 
1180.899176  	51.480626 
1181.256482  	53.576490 
1181.613789  	55.972793 
1181.971096  	58.243096 
1182.328403  	60.302793 
1182.685710  	62.635317 
1183.043017  	64.787101 
1183.400324  	66.290170 
1183.757630  	67.636278 
1184.114937  	68.978046 
1184.472244  	70.077130 
1184.829551  	71.020354 
1185.186858  	71.764909 
1185.544165  	72.132072 
1185.901472  	72.377227 
1186.258778  	72.752852 
1186.616085  	72.994217 
1186.973392  	73.110193 
1187.330699  	73.347299 
1187.688006  	73.340970 
1188.045313  	73.093855 
1188.402620  	72.969154 
1188.759927  	72.794511 
1189.117233  	72.576070 
1189.474540  	72.464778 
1189.831847  	72.447651 
1190.189154  	72.382066 
1190.546461  	72.084012 
1190.903768  	71.818646 
1191.261075  	71.772925 
1191.618381  	71.836069 
1191.975688  	71.795287 
1192.332995  	71.457629 
1192.690302  	71.070948 
1193.047609  	70.837490 
1193.404916  	70.756830 
1193.762223  	70.698152 
1194.119529  	70.493740 
1194.476836  	70.344145 
1194.834143  	70.251015 
1195.191450  	70.144429 
1195.548757  	70.153755 
1195.906064  	70.052064 
1196.263371  	69.791538 
1196.620677  	69.618315 
1196.977984  	69.420029 
1197.335291  	69.230144 
1197.692598  	69.307898 
1198.049905  	69.345316 
1198.407212  	69.143343 
1198.764519  	68.937709 
1199.121825  	68.613953 
1199.479132  	68.318964 
1199.836439  	68.328997 
1200.193746  	68.395576 
1200.551053  	68.264615 
1200.908360  	67.908118 
1201.265667  	67.708896 
1201.622974  	67.801314 
1201.980280  	67.703675 
1202.337587  	67.328421 
1202.694894  	66.996111 
1203.052201  	67.016337 
1203.409508  	67.140535 
1203.766815  	66.916662 
1204.124122  	66.706566 
1204.481428  	66.671758 
1204.838735  	66.544872 
1205.196042  	66.358708 
1205.553349  	66.159770 
1205.910656  	66.075185 
1206.267963  	65.965804 
1206.625270  	65.646963 
1206.982576  	65.477360 
1207.339883  	65.434376 
1207.697190  	65.268443 
1208.054497  	65.071611 
1208.411804  	64.787167 
1208.769111  	64.528355 
1209.126418  	64.447786 
1209.483724  	64.313524 
1209.841031  	64.127302 
1210.198338  	64.098437 
1210.555645  	64.124358 
1210.912952  	64.035248 
1211.270259  	63.837145 
1211.627566  	63.427059 
1211.984872  	63.039863 
1212.342179  	63.195098 
1212.699486  	63.358673 
1213.056793  	63.062000 
1213.414100  	62.875492 
1213.771407  	62.824346 
1214.128714  	62.728576 
1214.486021  	62.676535 
1214.843327  	62.528766 
1215.200634  	62.380343 
1215.557941  	62.333930 
1215.915248  	62.272472 
1216.272555  	62.144774 
1216.629862  	62.037671 
1216.987169  	61.968166 
1217.344475  	61.798153 
1217.701782  	61.574727 
1218.059089  	61.358683 
1218.416396  	61.340990 
1218.773703  	61.501752 
1219.131010  	61.288198 
1219.488317  	60.905497 
1219.845623  	60.829653 
1220.202930  	60.817906 
1220.560237  	60.696245 
1220.917544  	60.477910 
1221.274851  	60.246594 
1221.632158  	60.162112 
1221.989465  	60.098456 
1222.346771  	59.861527 
1222.704078  	59.662474 
1223.061385  	59.573944 
1223.418692  	59.314518 
1223.775999  	59.078218 
1224.133306  	58.980934 
1224.490613  	58.718717 
1224.847919  	58.426281 
1225.205226  	58.321285 
1225.562533  	58.258778 
1225.919840  	58.075780 
1226.277147  	57.895587 
1226.634454  	57.789008 
1226.991761  	57.566764 
1227.349068  	57.357758 
1227.706374  	57.229601 
1228.063681  	56.946289 
1228.420988  	56.600186 
1228.778295  	56.419567 
1229.135602  	56.388946 
1229.492909  	56.333101 
1229.850216  	56.169576 
1230.207522  	55.990337 
1230.564829  	55.912040 
1230.922136  	55.910123 
1231.279443  	55.911270 
1231.636750  	55.951406 
1231.994057  	55.943033 
1232.351364  	55.889343 
1232.708670  	55.866231 
1233.065977  	55.779389 
1233.423284  	55.796501 
1233.780591  	55.893913 
1234.137898  	55.784342 
1234.495205  	55.637464 
1234.852512  	55.622982 
1235.209818  	55.748121 
1235.567125  	56.062412 
1235.924432  	56.366529 
1236.281739  	56.423601 
1236.639046  	56.339818 
1236.996353  	56.416263 
1237.353660  	56.731054 
1237.710966  	56.999102 
1238.068273  	57.051354 
1238.425580  	57.094431 
1238.782887  	57.225866 
1239.140194  	57.379416 
1239.497501  	57.590566 
1239.854808  	57.747475 
1240.212115  	57.715163 
1240.569421  	57.672466 
1240.926728  	57.783454 
1241.284035  	57.936742 
1241.641342  	58.089107 
1241.998649  	58.264456 
1242.355956  	58.371812 
1242.713263  	58.492468 
1243.070569  	58.681343 
1243.427876  	58.814257 
1243.785183  	58.735712 
1244.142490  	58.484638 
1244.499797  	58.477606 
1244.857104  	58.583237 
1245.214411  	58.525342 
1245.571717  	58.572116 
1245.929024  	58.556917 
1246.286331  	58.410745 
1246.643638  	58.340741 
1247.000945  	58.231889 
1247.358252  	58.046430 
1247.715559  	57.815675 
1248.072865  	57.746869 
1248.430172  	57.759014 
1248.787479  	57.552330 
1249.144786  	57.326805 
1249.502093  	57.145383 
1249.859400  	56.969862 
1250.216707  	56.757044 
1250.574013  	56.469539 
1250.931320  	56.287041 
1251.288627  	56.075749 
1251.645934  	55.860734 
1252.003241  	55.755445 
1252.360548  	55.478808 
1252.717855  	55.112120 
1253.075161  	54.873373 
1253.432468  	54.632270 
1253.789775  	54.396365 
1254.147082  	54.285249 
1254.504389  	54.085407 
1254.861696  	53.785860 
1255.219003  	53.668984 
1255.576310  	53.551756 
1255.933616  	53.309220 
1256.290923  	53.078041 
1256.648230  	52.845879 
1257.005537  	52.656737 
1257.362844  	52.478320 
1257.720151  	52.336138 
1258.077458  	52.263130 
1258.434764  	52.039273 
1258.792071  	51.714320 
1259.149378  	51.500309 
1259.506685  	51.268685 
1259.863992  	50.998248 
1260.221299  	50.810435 
1260.578606  	50.424914 
1260.935912  	49.841552 
1261.293219  	49.514305 
1261.650526  	49.393478 
1262.007833  	49.104247 
1262.365140  	48.614977 
1262.722447  	48.294490 
1263.079754  	48.110788 
1263.437060  	47.710787 
1263.794367  	47.198297 
1264.151674  	46.602698 
1264.508981  	46.080360 
1264.866288  	45.804122 
1265.223595  	45.336651 
1265.580902  	44.749935 
1265.938208  	44.353391 
1266.295515  	43.906323 
1266.652822  	43.396932 
1267.010129  	42.960715 
1267.367436  	42.546366 
1267.724743  	42.140462 
1268.082050  	41.756647 
1268.439357  	41.333543 
1268.796663  	40.875822 
1269.153970  	40.569224 
1269.511277  	40.447284 
1269.868584  	40.256459 
1270.225891  	39.940033 
1270.583198  	39.675947 
1270.940505  	39.342290 
1271.297811  	39.003545 
1271.655118  	38.920139 
1272.012425  	38.786873 
1272.369732  	38.428959 
1272.727039  	37.996086 
1273.084346  	37.538064 
1273.441653  	37.158046 
1273.798959  	36.693037 
1274.156266  	35.981246 
1274.513573  	35.191325 
1274.870880  	34.589321 
1275.228187  	34.135427 
1275.585494  	33.534490 
1275.942801  	32.898139 
1276.300107  	32.345815 
1276.657414  	31.846983 
1277.014721  	31.431222 
1277.372028  	30.991849 
1277.729335  	30.658509 
1278.086642  	30.543936 
1278.443949  	30.549637 
1278.801255  	30.612530 
1279.158562  	30.720996 
1279.515869  	30.982980 
1279.873176  	31.450527 
1280.230483  	32.182881 
1280.587790  	33.024396 
1280.945097  	33.861431 
1281.302404  	35.000791 
1281.659710  	36.293086 
1282.017017  	37.477053 
1282.374324  	38.616855 
1282.731631  	39.738149 
1283.088938  	40.934166 
1283.446245  	42.072318 
1283.803552  	43.018647 
1284.160858  	43.802608 
1284.518165  	44.466680 
1284.875472  	44.930322 
1285.232779  	45.066845 
1285.590086  	45.152649 
1285.947393  	45.162884 
1286.304700  	45.039050 
1286.662006  	44.875557 
1287.019313  	44.431109 
1287.376620  	44.076982 
1287.733927  	43.844297 
1288.091234  	43.258964 
1288.448541  	42.660498 
1288.805848  	42.152258 
1289.163154  	41.575594 
1289.520461  	40.872977 
1289.877768  	40.016001 
1290.235075  	39.299971 
1290.592382  	38.658759 
1290.949689  	37.766440 
1291.306996  	36.678137 
1291.664302  	35.713814 
1292.021609  	34.891076 
1292.378916  	33.943058 
1292.736223  	33.026297 
1293.093530  	32.175899 
1293.450837  	31.299819 
1293.808144  	30.593343 
1294.165451  	29.940352 
1294.522757  	29.290717 
1294.880064  	28.724598 
1295.237371  	28.289812 
1295.594678  	28.289224 
1295.951985  	28.603557 
1296.309292  	29.007901 
1296.666599  	29.669327 
1297.023905  	30.472608 
1297.381212  	31.359881 
1297.738519  	32.414333 
1298.095826  	33.323548 
1298.453133  	34.073944 
1298.810440  	34.843642 
1299.167747  	35.343221 
1299.525053  	35.565658 
1299.882360  	35.789628 
1300.239667  	35.981436 
1300.596974  	36.099835 
1300.954281  	36.301299 
1301.311588  	36.646314 
1301.668895  	36.943402 
1302.026201  	37.137665 
1302.383508  	37.351448 
1302.740815  	37.713971 
1303.098122  	38.294706 
1303.455429  	38.886554 
1303.812736  	39.426327 
1304.170043  	39.916740 
1304.527349  	40.327333 
1304.884656  	40.937991 
1305.241963  	41.605582 
1305.599270  	42.116133 
1305.956577  	42.814938 
1306.313884  	43.664315 
1306.671191  	44.334827 
1307.028498  	44.876195 
1307.385804  	45.420290 
1307.743111  	45.961341 
1308.100418  	46.537922 
1308.457725  	47.169395 
1308.815032  	47.710752 
1309.172339  	48.045474 
1309.529646  	48.260598 
1309.886952  	48.351215 
1310.244259  	48.190840 
1310.601566  	48.047667 
1310.958873  	47.945580 
1311.316180  	47.567009 
1311.673487  	46.936000 
1312.030794  	46.141424 
1312.388100  	45.490376 
1312.745407  	44.874897 
1313.102714  	43.868099 
1313.460021  	42.881003 
1313.817328  	42.067345 
1314.174635  	41.221037 
1314.531942  	40.367077 
1314.889248  	39.539986 
1315.246555  	38.805046 
1315.603862  	38.186668 
1315.961169  	37.676786 
1316.318476  	36.968681 
1316.675783  	36.327182 
1317.033090  	36.288169 
1317.390396  	36.063753 
1317.747703  	35.627112 
1318.105010  	35.480709 
1318.462317  	35.353808 
1318.819624  	35.705070 
1319.176931  	36.320622 
1319.534238  	36.534844 
1319.891545  	36.964656 
1320.248851  	37.532626 
1320.606158  	37.986377 
1320.963465  	38.570264 
1321.320772  	39.240419 
1321.678079  	39.917862 
1322.035386  	40.636265 
1322.392693  	41.369611 
1322.749999  	41.920622 
1323.107306  	42.570621 
1323.464613  	43.485715 
1323.821920  	44.311564 
1324.179227  	45.171651 
1324.536534  	45.929917 
1324.893841  	46.544239 
1325.251147  	47.366274 
1325.608454  	48.186894 
1325.965761  	48.839038 
1326.323068  	49.345897 
1326.680375  	50.033011 
1327.037682  	51.045789 
1327.394989  	51.901738 
1327.752295  	52.689282 
1328.109602  	53.515558 
1328.466909  	54.159965 
1328.824216  	54.684722 
1329.181523  	55.207418 
1329.538830  	55.986549 
1329.896137  	56.825992 
1330.253443  	57.487054 
1330.610750  	58.214670 
1330.968057  	58.871709 
1331.325364  	59.483511 
1331.682671  	60.116640 
1332.039978  	60.665022 
1332.397285  	61.370064 
1332.754592  	62.055176 
1333.111898  	62.633630 
1333.469205  	63.318240 
1333.826512  	63.928268 
1334.183819  	64.444775 
1334.541126  	64.903929 
1334.898433  	65.400046 
1335.255740  	66.009237 
1335.613046  	66.682787 
1335.970353  	67.416444 
1336.327660  	67.918276 
1336.684967  	68.609690 
1337.042274  	69.729419 
1337.399581  	70.330431 
1337.756888  	70.636855 
1338.114194  	71.068573 
1338.471501  	71.635409 
1338.828808  	72.314800 
1339.186115  	72.901711 
1339.543422  	73.595766 
1339.900729  	74.168322 
1340.258036  	74.629750 
1340.615342  	75.303649 
1340.972649  	75.747179 
1341.329956  	76.239004 
1341.687263  	76.829678 
1342.044570  	77.109071 
1342.401877  	77.299456 
1342.759184  	77.611953 
1343.116490  	78.018182 
1343.473797  	78.472025 
1343.831104  	78.894840 
1344.188411  	79.145690 
1344.545718  	79.291814 
1344.903025  	79.538763 
1345.260332  	79.839477 
1345.617638  	80.160116 
1345.974945  	80.320276 
1346.332252  	80.400193 
1346.689559  	80.637930 
1347.046866  	80.752730 
1347.404173  	80.795305 
1347.761480  	80.917744 
1348.118787  	81.056904 
1348.476093  	81.235576 
1348.833400  	81.309482 
1349.190707  	81.344492 
1349.548014  	81.320408 
1349.905321  	81.273235 
1350.262628  	81.443947 
1350.619935  	81.529515 
1350.977241  	81.546896 
1351.334548  	81.663246 
1351.691855  	81.497446 
1352.049162  	81.175130 
1352.406469  	81.014447 
1352.763776  	80.937174 
1353.121083  	80.882582 
1353.478389  	80.828812 
1353.835696  	80.736317 
1354.193003  	80.477960 
1354.550310  	80.197858 
1354.907617  	79.973864 
1355.264924  	79.481831 
1355.622231  	79.122776 
1355.979537  	79.141649 
1356.336844  	79.040531 
1356.694151  	78.748355 
1357.051458  	78.428970 
1357.408765  	78.201025 
1357.766072  	77.932980 
1358.123379  	77.393403 
1358.480685  	76.993290 
1358.837992  	76.878619 
1359.195299  	76.791052 
1359.552606  	76.587657 
1359.909913  	76.235055 
1360.267220  	75.969548 
1360.624527  	75.756007 
1360.981834  	75.310696 
1361.339140  	74.726661 
1361.696447  	74.507101 
1362.053754  	74.458794 
1362.411061  	74.068583 
1362.768368  	73.618391 
1363.125675  	73.559237 
1363.482982  	73.310525 
1363.840288  	72.882704 
1364.197595  	72.731225 
1364.554902  	72.788292 
1364.912209  	72.819871 
1365.269516  	72.879858 
1365.626823  	73.008635 
1365.984130  	73.052194 
1366.341436  	73.202554 
1366.698743  	73.462796 
1367.056050  	73.612915 
1367.413357  	73.775287 
1367.770664  	73.867487 
1368.127971  	73.878106 
1368.485278  	74.007647 
1368.842584  	74.013544 
1369.199891  	74.006223 
1369.557198  	74.169627 
1369.914505  	74.106746 
1370.271812  	74.015547 
1370.629119  	74.166782 
1370.986426  	74.171207 
1371.343732  	74.037078 
1371.701039  	73.830723 
1372.058346  	73.579517 
1372.415653  	73.446545 
1372.772960  	73.202899 
1373.130267  	73.071086 
1373.487574  	73.310499 
1373.844881  	73.135677 
1374.202187  	72.228167 
1374.559494  	71.783880 
1374.916801  	71.780631 
1375.274108  	71.457603 
1375.631415  	71.034489 
1375.988722  	70.928567 
1376.346029  	70.639262 
1376.703335  	70.184642 
1377.060642  	69.843052 
1377.417949  	69.650453 
1377.775256  	69.490683 
1378.132563  	69.058000 
1378.489870  	68.594488 
1378.847177  	68.311693 
1379.204483  	68.040745 
1379.561790  	67.742481 
1379.919097  	67.516892 
1380.276404  	67.390271 
1380.633711  	67.094070 
1380.991018  	66.740518 
1381.348325  	66.474133 
1381.705631  	66.170767 
1382.062938  	65.985209 
1382.420245  	65.843274 
1382.777552  	65.716259 
1383.134859  	65.615377 
1383.492166  	65.371412 
1383.849473  	65.076901 
1384.206779  	64.792029 
1384.564086  	64.649342 
1384.921393  	64.463324 
1385.278700  	64.124496 
1385.636007  	63.956197 
1385.993314  	63.738614 
1386.350621  	63.608440 
1386.707928  	63.433314 
1387.065234  	62.859584 
1387.422541  	63.086100 
1387.779848  	63.667164 
1388.137155  	63.009477 
1388.494462  	62.621462 
1388.851769  	62.412842 
1389.209076  	62.181899 
1389.566382  	62.010117 
1389.923689  	61.710964 
1390.280996  	61.610580 
1390.638303  	61.522821 
1390.995610  	61.262959 
1391.352917  	61.121275 
1391.710224  	60.842330 
1392.067530  	60.422928 
1392.424837  	60.123012 
1392.782144  	59.850668 
1393.139451  	59.432656 
1393.496758  	58.747243 
1393.854065  	57.741803 
1394.211372  	57.191493 
1394.568678  	58.264488 
1394.925985  	57.555690 
1395.283292  	55.758068 
1395.640599  	55.321668 
1395.997906  	55.179789 
1396.355213  	54.181853 
1396.712520  	53.077009 
1397.069826  	51.614609 
1397.427133  	50.236465 
1397.784440  	49.288059 
1398.141747  	47.894997 
1398.499054  	45.768987 
1398.856361  	44.191978 
1399.213668  	45.251820 
1399.570975  	46.398339 
1399.928281  	45.946610 
1400.285588  	46.612863 
1400.642895  	48.190959 
1401.000202  	49.913348 
1401.357509  	51.656434 
1401.714816  	53.208671 
1402.072123  	54.757823 
1402.429429  	56.189369 
1402.786736  	57.458034 
1403.144043  	58.545014 
1403.501350  	59.294611 
1403.858657  	60.044833 
1404.215964  	60.439100 
1404.573271  	60.363605 
1404.930577  	60.985875 
1405.287884  	61.976046 
1405.645191  	61.861194 
1406.002498  	61.760941 
1406.359805  	61.912633 
1406.717112  	61.753050 
1407.074419  	61.574147 
1407.431725  	61.545701 
1407.789032  	61.399398 
1408.146339  	61.121067 
1408.503646  	60.920362 
1408.860953  	60.851129 
1409.218260  	60.553288 
1409.575567  	60.169682 
1409.932873  	59.952330 
1410.290180  	59.651271 
1410.647487  	59.173480 
1411.004794  	58.498937 
1411.362101  	57.905139 
1411.719408  	57.596145 
1412.076715  	57.253466 
1412.434022  	56.761687 
1412.791328  	56.274881 
1413.148635  	55.874483 
1413.505942  	55.322620 
1413.863249  	54.627012 
1414.220556  	54.046538 
1414.577863  	53.558947 
1414.935170  	53.184315 
1415.292476  	52.656679 
1415.649783  	51.823038 
1416.007090  	51.164819 
1416.364397  	50.703527 
1416.721704  	49.797286 
1417.079011  	48.929908 
1417.436318  	49.136537 
1417.793624  	49.001645 
1418.150931  	47.715923 
1418.508238  	46.250961 
1418.865545  	44.434343 
1419.222852  	44.433648 
1419.580159  	48.570896 
1419.937466  	46.820802 
1420.294772  	44.743042 
1420.652079  	43.999275 
1421.009386  	43.828736 
1421.366693  	43.499474 
1421.724000  	43.117057 
1422.081307  	42.942045 
1422.438614  	42.711374 
1422.795920  	42.444038 
1423.153227  	42.129480 
1423.510534  	42.011938 
1423.867841  	42.798346 
1424.225148  	43.768849 
1424.582455  	43.805219 
1424.939762  	43.492275 
1425.297068  	43.562615 
1425.654375  	44.003652 
1426.011682  	44.296046 
1426.368989  	44.529445 
1426.726296  	44.668654 
1427.083603  	44.796216 
1427.440910  	45.083772 
1427.798217  	45.359372 
1428.155523  	45.680099 
1428.512830  	45.947092 
1428.870137  	46.238404 
1429.227444  	46.248183 
1429.584751  	46.214089 
1429.942058  	47.963949 
1430.299365  	49.700413 
1430.656671  	49.635070 
1431.013978  	50.053816 
1431.371285  	50.990803 
1431.728592  	52.067847 
1432.085899  	53.303863 
1432.443206  	54.381612 
1432.800513  	55.535447 
1433.157819  	56.988429 
1433.515126  	58.651490 
1433.872433  	60.130676 
1434.229740  	61.241611 
1434.587047  	62.396278 
1434.944354  	63.698333 
1435.301661  	64.946906 
1435.658967  	66.255072 
1436.016274  	67.307824 
1436.373581  	67.597424 
1436.730888  	69.017196 
1437.088195  	72.326867 
1437.445502  	72.369095 
1437.802809  	72.542978 
1438.160115  	73.043272 
1438.517422  	73.460255 
1438.874729  	73.827754 
1439.232036  	74.142880 
1439.589343  	74.508897 
1439.946650  	74.803783 
1440.303957  	74.891222 
1440.661264  	74.987523 
1441.018570  	75.037512 
1441.375877  	75.016805 
1441.733184  	75.109088 
1442.090491  	75.246245 
1442.447798  	75.242175 
1442.805105  	75.182920 
1443.162412  	75.240540 
1443.519718  	75.356944 
1443.877025  	75.459930 
1444.234332  	75.535042 
1444.591639  	75.569290 
1444.948946  	75.713817 
1445.306253  	76.126550 
1445.663560  	76.512122 
1446.020866  	76.656371 
1446.378173  	76.894718 
1446.735480  	77.330425 
1447.092787  	77.847060 
1447.450094  	78.445470 
1447.807401  	78.961682 
1448.164708  	79.289211 
1448.522014  	79.988521 
1448.879321  	80.959628 
1449.236628  	81.587193 
1449.593935  	81.817172 
1449.951242  	82.177350 
1450.308549  	82.624915 
1450.665856  	83.029672 
1451.023162  	83.363429 
1451.380469  	83.599986 
1451.737776  	83.604858 
1452.095083  	83.283537 
1452.452390  	83.261507 
1452.809697  	83.494516 
1453.167004  	83.572196 
1453.524311  	83.438494 
1453.881617  	83.210614 
1454.238924  	83.349766 
1454.596231  	83.619754 
1454.953538  	83.664834 
1455.310845  	83.658048 
1455.668152  	83.510896 
1456.025459  	83.735498 
1456.382765  	84.432213 
1456.740072  	83.591979 
1457.097379  	80.817697 
1457.454686  	82.255435 
1457.811993  	83.526010 
1458.169300  	83.839065 
1458.526607  	82.934584 
1458.883913  	83.083475 
1459.241220  	83.429956 
1459.598527  	83.245428 
1459.955834  	83.529493 
1460.313141  	83.839014 
1460.670448  	83.860816 
1461.027755  	84.023159 
1461.385061  	84.104651 
1461.742368  	84.153195 
1462.099675  	84.294238 
1462.456982  	84.330006 
1462.814289  	84.366121 
1463.171596  	84.281299 
1463.528903  	84.211668 
1463.886209  	84.225449 
1464.243516  	84.266002 
1464.600823  	84.573007 
1464.958130  	84.086487 
1465.315437  	83.258949 
1465.672744  	83.561608 
1466.030051  	83.745893 
1466.387358  	83.810445 
1466.744664  	83.775852 
1467.101971  	83.616037 
1467.459278  	83.606846 
1467.816585  	83.463380 
1468.173892  	83.188833 
1468.531199  	82.992828 
1468.888506  	82.846589 
1469.245812  	82.862267 
1469.603119  	82.726735 
1469.960426  	82.412436 
1470.317733  	82.405962 
1470.675040  	82.374178 
1471.032347  	82.094925 
1471.389654  	82.103228 
1471.746960  	82.339246 
1472.104267  	81.544686 
1472.461574  	80.255519 
1472.818881  	80.388063 
1473.176188  	81.174492 
1473.533495  	80.870906 
1473.890802  	79.322201 
1474.248108  	79.390948 
1474.605415  	79.657345 
1474.962722  	79.489377 
1475.320029  	79.210828 
1475.677336  	79.268714 
1476.034643  	79.484626 
1476.391950  	78.603064 
1476.749256  	77.658668 
1477.106563  	77.684706 
1477.463870  	77.525819 
1477.821177  	77.024867 
1478.178484  	76.759128 
1478.535791  	76.579339 
1478.893098  	76.232425 
1479.250405  	75.932429 
1479.607711  	75.620811 
1479.965018  	75.286892 
1480.322325  	74.849061 
1480.679632  	74.351153 
1481.036939  	74.005956 
1481.394246  	73.459799 
1481.751553  	72.822854 
1482.108859  	72.367526 
1482.466166  	71.982365 
1482.823473  	71.652083 
1483.180780  	71.148334 
1483.538087  	70.621346 
1483.895394  	70.101529 
1484.252701  	69.435431 
1484.610007  	68.879023 
1484.967314  	68.335062 
1485.324621  	67.704712 
1485.681928  	67.150236 
1486.039235  	66.796394 
1486.396542  	66.406629 
1486.753849  	65.728090 
1487.111155  	65.656467 
1487.468462  	66.654243 
1487.825769  	66.905280 
1488.183076  	66.981548 
1488.540383  	67.443654 
1488.897690  	68.196863 
1489.254997  	69.178096 
1489.612303  	70.273897 
1489.969610  	71.897566 
1490.326917  	73.057533 
1490.684224  	74.188529 
1491.041531  	75.444843 
1491.398838  	75.606856 
1491.756145  	76.163918 
1492.113452  	76.953288 
1492.470758  	77.599066 
1492.828065  	78.143692 
1493.185372  	78.176682 
1493.542679  	78.250986 
1493.899986  	78.539432 
1494.257293  	78.850560 
1494.614600  	79.148904 
1494.971906  	79.263503 
1495.329213  	79.419786 
1495.686520  	79.582345 
1496.043827  	79.833470 
1496.401134  	79.289905 
1496.758441  	78.542750 
1497.115748  	78.891468 
1497.473054  	79.158025 
1497.830361  	79.204683 
1498.187668  	79.405691 
1498.544975  	79.843938 
1498.902282  	79.463110 
1499.259589  	78.156577 
1499.616896  	78.436893 
1499.974202  	78.829409 
1500.331509  	78.503398 
1500.688816  	78.481863 
1501.046123  	78.572957 
1501.403430  	78.415015 
1501.760737  	78.280319 
1502.118044  	78.051660 
1502.475350  	77.888775 
1502.832657  	77.767235 
1503.189964  	77.771058 
1503.547271  	77.868986 
1503.904578  	77.879553 
1504.261885  	77.830523 
1504.619192  	77.554662 
1504.976498  	77.541253 
1505.333805  	78.468810 
1505.691112  	78.661536 
1506.048419  	76.643762 
1506.405726  	76.895448 
1506.763033  	77.930332 
1507.120340  	76.184037 
1507.477647  	75.294739 
1507.834953  	75.928628 
1508.192260  	76.281286 
1508.549567  	76.577352 
1508.906874  	76.137423 
1509.264181  	76.075106 
1509.621488  	76.540788 
1509.978795  	76.348177 
1510.336101  	76.052033 
1510.693408  	76.106078 
1511.050715  	76.237585 
1511.408022  	76.224205 
1511.765329  	76.096742 
1512.122636  	76.206351 
1512.479943  	75.649554 
1512.837249  	75.261175 
1513.194556  	75.664601 
1513.551863  	75.726422 
1513.909170  	75.569163 
1514.266477  	75.668720 
1514.623784  	75.822649 
1514.981091  	75.617349 
1515.338397  	75.079443 
1515.695704  	74.957248 
1516.053011  	75.107679 
1516.410318  	75.361127 
1516.767625  	75.191549 
1517.124932  	74.817935 
1517.482239  	75.149970 
1517.839545  	74.855976 
1518.196852  	74.476403 
1518.554159  	74.567806 
1518.911466  	74.695026 
1519.268773  	74.572941 
1519.626080  	74.358625 
1519.983387  	74.599148 
1520.340694  	74.187598 
1520.698000  	73.444220 
1521.055307  	74.722653 
1521.412614  	75.502888 
1521.769921  	73.687339 
1522.127228  	73.700656 
1522.484535  	74.551607 
1522.841842  	74.457927 
1523.199148  	73.555180 
1523.556455  	73.731525 
1523.913762  	73.806744 
1524.271069  	73.664390 
1524.628376  	73.873118 
1524.985683  	73.917035 
1525.342990  	74.325861 
1525.700296  	74.449409 
1526.057603  	73.811686 
1526.414910  	73.796082 
1526.772217  	73.828042 
1527.129524  	74.256934 
1527.486831  	74.474611 
1527.844138  	73.750416 
1528.201444  	73.970530 
1528.558751  	74.434432 
1528.916058  	74.054067 
1529.273365  	73.867191 
1529.630672  	73.961830 
1529.987979  	74.072853 
1530.345286  	74.026973 
1530.702592  	73.928957 
1531.059899  	73.881249 
1531.417206  	73.928595 
1531.774513  	74.099167 
1532.131820  	73.829090 
1532.489127  	73.628239 
1532.846434  	73.839778 
1533.203741  	73.719588 
1533.561047  	73.512920 
1533.918354  	73.537374 
1534.275661  	72.848395 
1534.632968  	72.583660 
1534.990275  	72.772593 
1535.347582  	72.891744 
1535.704889  	72.883614 
1536.062195  	72.980785 
1536.419502  	73.110749 
1536.776809  	73.085689 
1537.134116  	72.824853 
1537.491423  	72.469749 
1537.848730  	72.457165 
1538.206037  	72.537952 
1538.563343  	72.123317 
1538.920650  	72.361200 
1539.277957  	72.441575 
1539.635264  	71.199339 
1539.992571  	71.790944 
1540.349878  	72.540297 
1540.707185  	71.633530 
1541.064491  	71.422109 
1541.421798  	71.362724 
1541.779105  	71.686021 
1542.136412  	72.109325 
1542.493719  	70.621437 
1542.851026  	70.355832 
1543.208333  	70.802424 
1543.565639  	71.140686 
1543.922946  	70.825296 
1544.280253  	70.351702 
1544.637560  	70.155620 
1544.994867  	70.509405 
1545.352174  	70.766096 
1545.709481  	70.081335 
1546.066788  	69.828355 
1546.424094  	69.704063 
1546.781401  	69.473727 
1547.138708  	69.446909 
1547.496015  	69.366066 
1547.853322  	69.229957 
1548.210629  	69.116382 
1548.567936  	68.840865 
1548.925242  	68.523068 
1549.282549  	68.183291 
1549.639856  	67.863226 
1549.997163  	67.844025 
1550.354470  	67.965071 
1550.711777  	67.574966 
1551.069084  	67.156399 
1551.426390  	66.965316 
1551.783697  	66.674495 
1552.141004  	66.515576 
1552.498311  	66.274848 
1552.855618  	65.907895 
1553.212925  	65.732179 
1553.570232  	65.046025 
1553.927538  	64.571371 
1554.284845  	65.737889 
1554.642152  	65.545583 
1554.999459  	64.239480 
1555.356766  	63.901775 
1555.714073  	63.752876 
1556.071380  	63.460919 
1556.428686  	63.029175 
1556.785993  	62.134101 
1557.143300  	61.292905 
1557.500607  	61.873234 
1557.857914  	61.122295 
1558.215221  	59.574117 
1558.572528  	62.705693 
1558.929835  	61.678582 
1559.287141  	59.193584 
1559.644448  	58.514001 
1560.001755  	60.103048 
1560.359062  	62.764167 
1560.716369  	60.535553 
1561.073676  	58.809146 
1561.430983  	58.062387 
1561.788289  	57.613686 
1562.145596  	57.256770 
1562.502903  	56.838232 
1562.860210  	56.263553 
1563.217517  	55.789660 
1563.574824  	55.487926 
1563.932131  	54.938384 
1564.289437  	53.881853 
1564.646744  	53.397519 
1565.004051  	54.143172 
1565.361358  	53.617652 
1565.718665  	52.476170 
1566.075972  	52.022121 
1566.433279  	51.430221 
1566.790585  	50.835307 
1567.147892  	50.359991 
1567.505199  	49.576004 
1567.862506  	48.942791 
1568.219813  	47.967428 
1568.577120  	46.844428 
1568.934427  	46.117078 
1569.291733  	44.750669 
1569.649040  	45.122502 
1570.006347  	47.549601 
1570.363654  	45.556560 
1570.720961  	43.612006 
1571.078268  	43.050230 
1571.435575  	42.685267 
1571.792882  	42.433635 
1572.150188  	42.565296 
1572.507495  	43.094553 
1572.864802  	44.048638 
1573.222109  	45.013019 
1573.579416  	45.973040 
1573.936723  	47.059187 
1574.294030  	48.053842 
1574.651336  	48.782239 
1575.008643  	49.059564 
1575.365950  	48.457117 
1575.723257  	47.181607 
1576.080564  	48.781565 
1576.437871  	53.858091 
1576.795178  	51.384847 
1577.152484  	49.744311 
1577.509791  	49.166139 
1577.867098  	48.643931 
1578.224405  	48.053677 
1578.581712  	47.340933 
1578.939019  	46.501922 
1579.296326  	45.715309 
1579.653632  	45.146352 
1580.010939  	44.554972 
1580.368246  	43.734139 
1580.725553  	43.042352 
1581.082860  	42.412007 
1581.440167  	41.653162 
1581.797474  	40.888031 
1582.154780  	39.957187 
1582.512087  	38.913658 
1582.869394  	38.027700 
1583.226701  	37.389004 
1583.584008  	36.766892 
1583.941315  	35.915194 
1584.298622  	35.161447 
1584.655928  	34.626476 
1585.013235  	34.104185 
1585.370542  	33.707545 
1585.727849  	33.563571 
1586.085156  	33.557369 
1586.442463  	33.535072 
1586.799770  	33.674332 
1587.157077  	34.209572 
1587.514383  	35.106482 
1587.871690  	36.178377 
1588.228997  	37.439173 
1588.586304  	39.117032 
1588.943611  	41.091149 
1589.300918  	43.398947 
1589.658225  	46.331185 
1590.015531  	49.536867 
1590.372838  	52.566399 
1590.730145  	55.637506 
1591.087452  	58.651356 
1591.444759  	61.292926 
1591.802066  	63.782841 
1592.159373  	65.979821 
1592.516679  	67.754789 
1592.873986  	69.351185 
1593.231293  	70.778474 
1593.588600  	71.867546 
1593.945907  	72.548335 
1594.303214  	73.132493 
1594.660521  	73.693577 
1595.017827  	74.183252 
1595.375134  	74.551687 
1595.732441  	74.543831 
1596.089748  	74.423700 
1596.447055  	74.450969 
1596.804362  	74.552992 
1597.161669  	74.532792 
1597.518975  	74.308541 
1597.876282  	74.080158 
1598.233589  	73.674689 
1598.590896  	73.300178 
1598.948203  	73.200561 
1599.305510  	72.934713 
1599.662817  	72.599414 
1600.020124  	72.290228 
1600.377430  	71.786052 
1600.734737  	71.156062 
1601.092044  	70.549828 
1601.449351  	70.100680 
1601.806658  	69.645856 
1602.163965  	69.069463 
1602.521272  	68.417001 
1602.878578  	67.697671 
1603.235885  	66.994790 
1603.593192  	66.247354 
1603.950499  	65.607433 
1604.307806  	65.253515 
1604.665113  	64.910232 
1605.022420  	64.459869 
1605.379726  	64.190935 
1605.737033  	64.057576 
1606.094340  	63.827291 
1606.451647  	63.652930 
1606.808954  	63.573853 
1607.166261  	63.628354 
1607.523568  	63.786433 
1607.880874  	63.727467 
1608.238181  	63.644787 
1608.595488  	63.495845 
1608.952795  	63.268856 
1609.310102  	63.466482 
1609.667409  	63.649837 
1610.024716  	63.528729 
1610.382022  	63.610149 
1610.739329  	63.589537 
1611.096636  	63.344685 
1611.453943  	63.133950 
1611.811250  	62.983830 
1612.168557  	63.064240 
1612.525864  	63.245417 
1612.883171  	63.192828 
1613.240477  	63.274233 
1613.597784  	63.647091 
1613.955091  	63.774892 
1614.312398  	63.795833 
1614.669705  	64.148853 
1615.027012  	64.533828 
1615.384319  	64.674319 
1615.741625  	64.698506 
1616.098932  	64.617727 
1616.456239  	64.853262 
1616.813546  	67.247426 
1617.170853  	67.519997 
1617.528160  	66.797779 
1617.885467  	67.034225 
1618.242773  	67.314787 
1618.600080  	67.503597 
1618.957387  	67.881028 
1619.314694  	67.928696 
1619.672001  	67.919686 
1620.029308  	68.006158 
1620.386615  	67.899650 
1620.743921  	67.829642 
1621.101228  	67.794282 
1621.458535  	67.894209 
1621.815842  	67.866402 
1622.173149  	67.613120 
1622.530456  	67.520148 
1622.887763  	67.013554 
1623.245069  	66.706552 
1623.602376  	67.587693 
1623.959683  	67.257501 
1624.316990  	66.612048 
1624.674297  	66.589772 
1625.031604  	66.451134 
1625.388911  	66.023284 
1625.746218  	65.545637 
1626.103524  	65.361521 
1626.460831  	65.347900 
1626.818138  	64.980967 
1627.175445  	64.275381 
1627.532752  	63.989214 
1627.890059  	64.488203 
1628.247366  	64.296519 
1628.604672  	63.596876 
1628.961979  	63.196385 
1629.319286  	62.930226 
1629.676593  	62.648145 
1630.033900  	62.226671 
1630.391207  	61.917388 
1630.748514  	61.806169 
1631.105820  	61.537769 
1631.463127  	61.193505 
1631.820434  	60.931957 
1632.177741  	60.515475 
1632.535048  	59.963536 
1632.892355  	59.660542 
1633.249662  	59.438393 
1633.606968  	59.085976 
1633.964275  	58.480711 
1634.321582  	57.381885 
1634.678889  	56.572843 
1635.036196  	56.672898 
1635.393503  	58.415947 
1635.750810  	61.119223 
1636.108116  	58.885497 
1636.465423  	56.666020 
1636.822730  	55.545150 
1637.180037  	54.936960 
1637.537344  	55.582384 
1637.894651  	55.867357 
1638.251958  	54.927820 
1638.609265  	54.477638 
1638.966571  	54.171506 
1639.323878  	53.814762 
1639.681185  	53.409954 
1640.038492  	52.946681 
1640.395799  	52.785770 
1640.753106  	52.514133 
1641.110413  	52.002580 
1641.467719  	51.446347 
1641.825026  	50.980662 
1642.182333  	50.694772 
1642.539640  	50.404995 
1642.896947  	50.137182 
1643.254254  	49.704635 
1643.611561  	49.250947 
1643.968867  	48.870925 
1644.326174  	48.351502 
1644.683481  	47.898130 
1645.040788  	46.878462 
1645.398095  	45.223111 
1645.755402  	45.004047 
1646.112709  	49.056708 
1646.470015  	48.610514 
1646.827322  	45.404038 
1647.184629  	44.777149 
1647.541936  	46.148902 
1647.899243  	45.080705 
1648.256550  	45.195776 
1648.613857  	46.007328 
1648.971163  	44.451030 
1649.328470  	43.496613 
1649.685777  	43.308948 
1650.043084  	42.851273 
1650.400391  	42.398888 
1650.757698  	41.810207 
1651.115005  	40.963933 
1651.472312  	39.595279 
1651.829618  	37.514395 
1652.186925  	36.232931 
1652.544232  	39.326300 
1652.901539  	41.496661 
1653.258846  	44.334616 
1653.616153  	43.643453 
1653.973460  	37.842894 
1654.330766  	37.097729 
1654.688073  	40.862417 
1655.045380  	39.406560 
1655.402687  	37.150696 
1655.759994  	36.165191 
1656.117301  	35.333385 
1656.474608  	34.694037 
1656.831914  	34.241205 
1657.189221  	34.013798 
1657.546528  	33.718717 
1657.903835  	33.162815 
1658.261142  	32.810329 
1658.618449  	32.415603 
1658.975756  	31.881001 
1659.333062  	31.420613 
1659.690369  	30.938062 
1660.047676  	30.509718 
1660.404983  	30.068101 
1660.762290  	29.499282 
1661.119597  	29.027126 
1661.476904  	28.812051 
1661.834210  	27.911387 
1662.191517  	25.837255 
1662.548824  	25.386000 
1662.906131  	29.565666 
1663.263438  	29.901985 
1663.620745  	27.217592 
1663.978052  	26.149930 
1664.335359  	25.575907 
1664.692665  	24.887039 
1665.049972  	24.489268 
1665.407279  	24.145244 
1665.764586  	23.720230 
1666.121893  	23.226005 
1666.479200  	22.825202 
1666.836507  	22.476905 
1667.193813  	22.080337 
1667.551120  	21.413417 
1667.908427  	20.706281 
1668.265734  	20.845326 
1668.623041  	19.949301 
1668.980348  	17.964995 
1669.337655  	21.137100 
1669.694961  	24.782042 
1670.052268  	21.854792 
1670.409575  	20.069399 
1670.766882  	18.589897 
1671.124189  	17.459759 
1671.481496  	19.367895 
1671.838803  	21.206040 
1672.196109  	19.831093 
1672.553416  	19.037311 
1672.910723  	18.929156 
1673.268030  	18.679554 
1673.625337  	18.774472 
1673.982644  	18.764913 
1674.339951  	18.071965 
1674.697257  	16.944681 
1675.054564  	17.127908 
1675.411871  	23.364862 
1675.769178  	24.487590 
1676.126485  	22.389891 
1676.483792  	22.099181 
1676.841099  	22.647480 
1677.198405  	23.418870 
1677.555712  	24.249879 
1677.913019  	25.074065 
1678.270326  	25.902038 
1678.627633  	26.822652 
1678.984940  	27.538166 
1679.342247  	27.964579 
1679.699554  	28.782154 
1680.056860  	29.935429 
1680.414167  	31.395480 
1680.771474  	32.726043 
1681.128781  	33.206869 
1681.486088  	33.662949 
1681.843395  	34.331980 
1682.200702  	34.990824 
1682.558008  	35.390966 
1682.915315  	36.030301 
1683.272622  	37.596879 
1683.629929  	38.028973 
1683.987236  	38.214339 
1684.344543  	38.968264 
1684.701850  	40.887180 
1685.059156  	45.646053 
1685.416463  	44.702219 
1685.773770  	43.615085 
1686.131077  	43.855391 
1686.488384  	44.469139 
1686.845691  	45.205167 
1687.202998  	45.834398 
1687.560304  	46.356460 
1687.917611  	46.950940 
1688.274918  	48.170007 
1688.632225  	49.479455 
1688.989532  	49.706790 
1689.346839  	49.941662 
1689.704146  	50.351463 
1690.061452  	50.948847 
1690.418759  	51.897218 
1690.776066  	52.441211 
1691.133373  	52.887809 
1691.490680  	53.311810 
1691.847987  	53.866532 
1692.205294  	54.568504 
1692.562601  	55.011478 
1692.919907  	55.422104 
1693.277214  	55.755743 
1693.634521  	56.203037 
1693.991828  	56.861389 
1694.349135  	57.251073 
1694.706442  	57.307879 
1695.063749  	57.245210 
1695.421055  	57.606636 
1695.778362  	59.923546 
1696.135669  	62.548772 
1696.492976  	61.667338 
1696.850283  	61.070359 
1697.207590  	61.512525 
1697.564897  	62.524646 
1697.922203  	63.375816 
1698.279510  	63.807441 
1698.636817  	63.925196 
1698.994124  	64.113931 
1699.351431  	64.391755 
1699.708738  	64.953721 
1700.066045  	64.499923 
1700.423351  	63.076477 
1700.780658  	68.385881 
1701.137965  	69.068156 
1701.495272  	68.709939 
1701.852579  	69.040847 
1702.209886  	69.475797 
1702.567193  	69.919298 
1702.924499  	70.219856 
1703.281806  	70.704685 
1703.639113  	71.227111 
1703.996420  	71.489673 
1704.353727  	72.045690 
1704.711034  	72.563245 
1705.068341  	72.936789 
1705.425648  	73.428903 
1705.782954  	73.689869 
1706.140261  	74.036811 
1706.497568  	74.622574 
1706.854875  	75.102192 
1707.212182  	75.773456 
1707.569489  	76.496276 
1707.926796  	76.920391 
1708.284102  	77.244867 
1708.641409  	77.773271 
1708.998716  	78.413559 
1709.356023  	78.802174 
1709.713330  	78.950848 
1710.070637  	79.413220 
1710.427944  	80.000534 
1710.785250  	80.418204 
1711.142557  	81.122845 
1711.499864  	81.747671 
1711.857171  	82.146356 
1712.214478  	82.530317 
1712.571785  	82.613753 
1712.929092  	82.861133 
1713.286398  	83.640855 
1713.643705  	84.252233 
1714.001012  	84.226081 
1714.358319  	84.107021 
1714.715626  	84.464384 
1715.072933  	84.501694 
1715.430240  	84.347625 
1715.787546  	84.986499 
1716.144853  	85.408887 
1716.502160  	85.728241 
1716.859467  	86.376701 
1717.216774  	86.472425 
1717.574081  	84.817171 
1717.931388  	85.160224 
1718.288695  	86.340905 
1718.646001  	86.075685 
1719.003308  	84.834047 
1719.360615  	85.446991 
1719.717922  	86.145664 
1720.075229  	86.249477 
1720.432536  	86.496149 
1720.789843  	86.779534 
1721.147149  	86.738792 
1721.504456  	86.622865 
1721.861763  	86.507352 
1722.219070  	86.684628 
1722.576377  	87.008304 
1722.933684  	87.115737 
1723.290991  	87.012741 
1723.648297  	86.714241 
1724.005604  	86.754303 
1724.362911  	87.048982 
1724.720218  	87.182600 
1725.077525  	87.228716 
1725.434832  	87.080044 
1725.792139  	86.921629 
1726.149445  	87.104966 
1726.506752  	87.394465 
1726.864059  	87.534406 
1727.221366  	87.612400 
1727.578673  	87.599825 
1727.935980  	87.515080 
1728.293287  	87.574308 
1728.650593  	87.546086 
1729.007900  	87.547220 
1729.365207  	88.005211 
1729.722514  	88.319665 
1730.079821  	87.756336 
1730.437128  	87.191062 
1730.794435  	87.394150 
1731.151742  	87.620010 
1731.509048  	87.659292 
1731.866355  	87.718281 
1732.223662  	87.630513 
1732.580969  	87.905307 
1732.938276  	88.704725 
1733.295583  	88.593515 
1733.652890  	87.319040 
1734.010196  	87.812321 
1734.367503  	88.124712 
1734.724810  	85.743363 
1735.082117  	85.863085 
1735.439424  	87.245566 
1735.796731  	87.858216 
1736.154038  	88.148425 
1736.511344  	88.288264 
1736.868651  	88.349293 
1737.225958  	88.620964 
1737.583265  	88.665891 
1737.940572  	88.379012 
1738.297879  	88.279019 
1738.655186  	88.466166 
1739.012492  	88.862114 
1739.369799  	89.418207 
1739.727106  	89.216092 
1740.084413  	87.528160 
1740.441720  	87.756879 
1740.799027  	88.366563 
1741.156334  	88.240875 
1741.513640  	88.257221 
1741.870947  	88.423892 
1742.228254  	88.560507 
1742.585561  	88.919070 
1742.942868  	88.977511 
1743.300175  	88.267299 
1743.657482  	87.662504 
1744.014789  	87.918520 
1744.372095  	88.173573 
1744.729402  	88.113732 
1745.086709  	88.137110 
1745.444016  	88.148222 
1745.801323  	88.002336 
1746.158630  	87.718354 
1746.515937  	87.835040 
1746.873243  	88.068500 
1747.230550  	87.551916 
1747.587857  	87.322437 
1747.945164  	87.785508 
1748.302471  	88.012346 
1748.659778  	87.589015 
1749.017085  	87.130887 
1749.374391  	87.460099 
1749.731698  	87.636958 
1750.089005  	87.727165 
1750.446312  	88.181554 
1750.803619  	88.531927 
1751.160926  	88.075685 
1751.518233  	86.664680 
1751.875539  	86.502760 
1752.232846  	86.879576 
1752.590153  	87.152120 
1752.947460  	87.218051 
1753.304767  	86.912491 
1753.662074  	86.642498 
1754.019381  	86.563045 
1754.376687  	86.617599 
1754.733994  	86.633739 
1755.091301  	86.542804 
1755.448608  	86.832417 
1755.805915  	87.141472 
1756.163222  	87.356295 
1756.520529  	87.572658 
1756.877835  	86.546267 
1757.235142  	85.595189 
1757.592449  	86.055839 
1757.949756  	86.424375 
1758.307063  	86.497068 
1758.664370  	86.486318 
1759.021677  	86.369385 
1759.378984  	86.157159 
1759.736290  	86.064599 
1760.093597  	86.206315 
1760.450904  	86.318322 
1760.808211  	86.323044 
1761.165518  	86.541765 
1761.522825  	86.889745 
1761.880132  	86.226607 
1762.237438  	85.059147 
1762.594745  	85.045040 
1762.952052  	85.189973 
1763.309359  	85.246391 
1763.666666  	85.208905 
1764.023973  	85.222319 
1764.381280  	85.411189 
1764.738586  	85.356278 
1765.095893  	85.136265 
1765.453200  	85.003233 
1765.810507  	84.856138 
1766.167814  	84.827308 
1766.525121  	84.788482 
1766.882428  	84.713561 
1767.239734  	84.870936 
1767.597041  	85.089661 
1767.954348  	85.174405 
1768.311655  	84.421771 
1768.668962  	83.472997 
1769.026269  	83.766154 
1769.383576  	84.201793 
1769.740882  	84.197899 
1770.098189  	84.215296 
1770.455496  	84.389517 
1770.812803  	84.674852 
1771.170110  	84.572406 
1771.527417  	83.781505 
1771.884724  	83.734293 
1772.242031  	84.006276 
1772.599337  	83.758193 
1772.956644  	82.520317 
1773.313951  	82.352120 
1773.671258  	83.095396 
1774.028565  	83.562900 
1774.385872  	83.472583 
1774.743179  	83.324780 
1775.100485  	83.314535 
1775.457792  	83.248857 
1775.815099  	82.943008 
1776.172406  	82.698353 
1776.529713  	82.712478 
1776.887020  	82.872909 
1777.244327  	82.880996 
1777.601633  	82.701183 
1777.958940  	82.697147 
1778.316247  	82.670679 
1778.673554  	82.608702 
1779.030861  	82.683659 
1779.388168  	82.604014 
1779.745475  	82.534792 
1780.102781  	82.690663 
1780.460088  	82.756303 
1780.817395  	82.254945 
1781.174702  	81.736171 
1781.532009  	81.829329 
1781.889316  	81.940259 
1782.246623  	81.736106 
1782.603929  	81.560594 
1782.961236  	81.709944 
1783.318543  	81.916365 
1783.675850  	81.825058 
1784.033157  	81.709071 
1784.390464  	81.848129 
1784.747771  	81.779200 
1785.105078  	80.947103 
1785.462384  	80.582278 
1785.819691  	81.035640 
1786.176998  	81.279112 
1786.534305  	81.286370 
1786.891612  	81.165575 
1787.248919  	80.836470 
1787.606226  	80.713251 
1787.963532  	80.838523 
1788.320839  	80.900139 
1788.678146  	80.745807 
1789.035453  	80.596154 
1789.392760  	80.781462 
1789.750067  	81.063328 
1790.107374  	81.048177 
1790.464680  	81.078615 
1790.821987  	81.216011 
1791.179294  	80.461504 
1791.536601  	79.950045 
1791.893908  	80.295460 
1792.251215  	80.480709 
1792.608522  	80.607494 
1792.965828  	80.230803 
1793.323135  	79.907093 
1793.680442  	80.181586 
1794.037749  	80.392571 
1794.395056  	80.473600 
1794.752363  	80.203699 
1795.109670  	80.108298 
1795.466976  	80.538364 
1795.824283  	80.373406 
1796.181590  	80.046992 
1796.538897  	80.112984 
1796.896204  	80.061883 
1797.253511  	79.978366 
1797.610818  	79.811919 
1797.968125  	79.692619 
1798.325431  	79.667885 
1798.682738  	79.739441 
1799.040045  	79.747194 
1799.397352  	79.390005 
1799.754659  	78.795009 
1800.111966  	78.500362 
1800.469273  	79.006374 
1800.826579  	79.465045 
1801.183886  	79.282920 
1801.541193  	79.243865 
1801.898500  	79.230108 
1802.255807  	79.020068 
1802.613114  	78.696007 
1802.970421  	78.419759 
1803.327727  	78.679268 
1803.685034  	78.974129 
1804.042341  	79.071213 
1804.399648  	79.114076 
1804.756955  	79.022865 
1805.114262  	78.873127 
1805.471569  	78.790531 
1805.828875  	79.074260 
1806.186182  	79.412601 
1806.543489  	79.381743 
1806.900796  	79.222524 
1807.258103  	79.224915 
1807.615410  	79.492248 
1807.972717  	79.501080 
1808.330023  	79.154209 
1808.687330  	79.011236 
1809.044637  	79.195815 
1809.401944  	79.517689 
1809.759251  	79.523950 
1810.116558  	79.425549 
1810.473865  	79.586252 
1810.831172  	79.521225 
1811.188478  	79.293354 
1811.545785  	79.305993 
1811.903092  	79.466379 
1812.260399  	79.520953 
1812.617706  	79.322597 
1812.975013  	79.376960 
1813.332320  	79.664898 
1813.689626  	79.610915 
1814.046933  	79.743462 
1814.404240  	80.298110 
1814.761547  	80.393170 
1815.118854  	80.426332 
1815.476161  	80.754516 
1815.833468  	80.650513 
1816.190774  	80.320698 
1816.548081  	80.150485 
1816.905388  	80.220585 
1817.262695  	80.373819 
1817.620002  	80.251099 
1817.977309  	80.207259 
1818.334616  	80.379112 
1818.691922  	80.506980 
1819.049229  	80.499119 
1819.406536  	80.511717 
1819.763843  	80.504320 
1820.121150  	80.328291 
1820.478457  	80.417103 
1820.835764  	80.523827 
1821.193070  	80.423854 
1821.550377  	80.389238 
1821.907684  	80.308548 
1822.264991  	80.421872 
1822.622298  	80.435494 
1822.979605  	80.256961 
1823.336912  	80.253509 
1823.694219  	80.071755 
1824.051525  	80.053839 
1824.408832  	80.260729 
1824.766139  	80.268296 
1825.123446  	80.099986 
1825.480753  	79.665659 
1825.838060  	79.591220 
1826.195367  	79.744318 
1826.552673  	79.914393 
1826.909980  	80.083842 
1827.267287  	80.173566 
1827.624594  	80.444679 
1827.981901  	80.615947 
1828.339208  	80.504969 
1828.696515  	80.396642 
1829.053821  	80.191973 
1829.411128  	79.837208 
1829.768435  	80.201979 
1830.125742  	81.260603 
1830.483049  	80.664121 
1830.840356  	79.978312 
1831.197663  	80.418917 
1831.554969  	80.298165 
1831.912276  	80.050068 
1832.269583  	80.323353 
1832.626890  	80.301609 
1832.984197  	80.331476 
1833.341504  	80.512121 
1833.698811  	80.426741 
1834.056117  	80.438089 
1834.413424  	80.649460 
1834.770731  	80.596017 
1835.128038  	80.480798 
1835.485345  	80.602659 
1835.842652  	80.272422 
1836.199959  	80.092627 
1836.557265  	80.694055 
1836.914572  	80.795744 
1837.271879  	80.527908 
1837.629186  	80.669419 
1837.986493  	80.519253 
1838.343800  	80.239014 
1838.701107  	80.425820 
1839.058414  	80.832920 
1839.415720  	80.982837 
1839.773027  	80.919121 
1840.130334  	80.729505 
1840.487641  	80.294008 
1840.844948  	80.331976 
1841.202255  	81.006605 
1841.559562  	81.280169 
1841.916868  	81.227619 
1842.274175  	81.213155 
1842.631482  	81.108209 
1842.988789  	81.101313 
1843.346096  	81.063716 
1843.703403  	81.445629 
1844.060710  	82.264318 
1844.418016  	81.419251 
1844.775323  	80.559558 
1845.132630  	80.803024 
1845.489937  	81.018812 
1845.847244  	81.107464 
1846.204551  	81.045478 
1846.561858  	81.030784 
1846.919164  	80.808559 
1847.276471  	80.514616 
1847.633778  	80.516791 
1847.991085  	80.534430 
1848.348392  	80.531576 
1848.705699  	80.375602 
1849.063006  	80.542922 
1849.420312  	81.134485 
1849.777619  	81.272322 
1850.134926  	81.179511 
1850.492233  	81.048365 
1850.849540  	81.000140 
1851.206847  	81.285019 
1851.564154  	81.341793 
1851.921461  	81.055306 
1852.278767  	80.973522 
1852.636074  	81.389501 
1852.993381  	81.487494 
1853.350688  	80.938525 
1853.707995  	80.727645 
1854.065302  	80.652760 
1854.422609  	80.627249 
1854.779915  	81.065175 
1855.137222  	81.200755 
1855.494529  	80.871804 
1855.851836  	80.742760 
1856.209143  	81.156656 
1856.566450  	81.651167 
1856.923757  	81.263343 
1857.281063  	80.572926 
1857.638370  	80.520587 
1857.995677  	80.497032 
1858.352984  	80.286416 
1858.710291  	80.297654 
1859.067598  	80.383130 
1859.424905  	80.569676 
1859.782211  	80.755767 
1860.139518  	80.898357 
1860.496825  	81.079578 
1860.854132  	80.992159 
1861.211439  	80.917490 
1861.568746  	81.016202 
1861.926053  	80.991927 
1862.283359  	80.781458 
1862.640666  	80.470252 
1862.997973  	80.493603 
1863.355280  	80.537320 
1863.712587  	80.549300 
1864.069894  	80.988688 
1864.427201  	80.984513 
1864.784508  	80.572632 
1865.141814  	80.594907 
1865.499121  	80.864924 
1865.856428  	81.052763 
1866.213735  	81.020302 
1866.571042  	80.865328 
1866.928349  	80.651393 
1867.285656  	80.731042 
1867.642962  	81.046608 
1868.000269  	80.608999 
1868.357576  	80.016660 
1868.714883  	80.245370 
1869.072190  	80.705436 
1869.429497  	80.675314 
1869.786804  	80.237688 
1870.144110  	80.220855 
1870.501417  	80.332959 
1870.858724  	80.406534 
1871.216031  	80.408293 
1871.573338  	80.082148 
1871.930645  	79.831579 
1872.287952  	80.170070 
1872.645258  	80.512357 
1873.002565  	80.136225 
1873.359872  	80.071884 
1873.717179  	80.943262 
1874.074486  	81.218964 
1874.431793  	80.816877 
1874.789100  	80.988244 
1875.146406  	80.864872 
1875.503713  	80.115679 
1875.861020  	80.188021 
1876.218327  	80.455893 
1876.575634  	80.070596 
1876.932941  	80.041857 
1877.290248  	80.298425 
1877.647555  	80.608100 
1878.004861  	80.823627 
1878.362168  	80.394680 
1878.719475  	80.200262 
1879.076782  	80.481147 
1879.434089  	80.738535 
1879.791396  	80.940682 
1880.148703  	80.828530 
1880.506009  	80.714825 
1880.863316  	80.659816 
1881.220623  	80.484302 
1881.577930  	80.476425 
1881.935237  	80.553138 
1882.292544  	80.556695 
1882.649851  	80.342178 
1883.007157  	80.035101 
1883.364464  	80.037344 
1883.721771  	80.145655 
1884.079078  	79.856895 
1884.436385  	79.410127 
1884.793692  	79.417880 
1885.150999  	79.801468 
1885.508305  	80.165797 
1885.865612  	80.252825 
1886.222919  	80.271013 
1886.580226  	80.414276 
1886.937533  	80.320115 
1887.294840  	80.158917 
1887.652147  	80.028413 
1888.009453  	79.846242 
1888.366760  	79.912911 
1888.724067  	80.203887 
1889.081374  	80.642741 
1889.438681  	81.056365 
1889.795988  	81.058245 
1890.153295  	80.319571 
1890.510602  	80.016124 
1890.867908  	80.683715 
1891.225215  	80.504017 
1891.582522  	79.736367 
1891.939829  	80.149422 
1892.297136  	80.960968 
1892.654443  	81.214392 
1893.011750  	80.548418 
1893.369056  	80.120386 
1893.726363  	80.630485 
1894.083670  	80.248916 
1894.440977  	79.603244 
1894.798284  	80.079666 
1895.155591  	80.423548 
1895.512898  	80.138785 
1895.870204  	80.236530 
1896.227511  	80.291994 
1896.584818  	79.950133 
1896.942125  	80.284002 
1897.299432  	80.775211 
1897.656739  	80.577817 
1898.014046  	80.313076 
1898.371352  	79.763189 
1898.728659  	79.786562 
1899.085966  	80.425851 
1899.443273  	79.886326 
1899.800580  	79.915868 
1900.157887  	81.160794 
1900.515194  	80.941961 
1900.872500  	80.327374 
1901.229807  	80.805091 
1901.587114  	81.150364 
1901.944421  	81.020301 
1902.301728  	80.389671 
1902.659035  	80.449400 
1903.016342  	81.444740 
1903.373649  	80.890118 
1903.730955  	80.273438 
1904.088262  	81.219971 
1904.445569  	81.222067 
1904.802876  	80.295085 
1905.160183  	79.893119 
1905.517490  	79.926072 
1905.874797  	80.339869 
1906.232103  	80.718488 
1906.589410  	80.860906 
1906.946717  	81.016943 
1907.304024  	81.259201 
1907.661331  	81.304583 
1908.018638  	80.827964 
1908.375945  	80.251361 
1908.733251  	80.158640 
1909.090558  	80.364270 
1909.447865  	80.320103 
1909.805172  	79.771473 
1910.162479  	79.132068 
1910.519786  	79.002777 
1910.877093  	79.078155 
1911.234399  	79.677945 
1911.591706  	80.709517 
1911.949013  	80.780725 
1912.306320  	80.870167 
1912.663627  	80.981980 
1913.020934  	80.230078 
1913.378241  	80.532154 
1913.735547  	81.125675 
1914.092854  	80.907427 
1914.450161  	80.705231 
1914.807468  	80.260513 
1915.164775  	80.400048 
1915.522082  	80.429918 
1915.879389  	79.665959 
1916.236696  	79.416995 
1916.594002  	79.444692 
1916.951309  	79.574924 
1917.308616  	79.758777 
1917.665923  	79.889677 
1918.023230  	79.855509 
1918.380537  	79.403966 
1918.737844  	79.466526 
1919.095150  	79.604730 
1919.452457  	79.521907 
1919.809764  	79.133353 
1920.167071  	79.212751 
1920.524378  	80.258219 
1920.881685  	80.379262 
1921.238992  	80.048359 
1921.596298  	80.476595 
1921.953605  	80.531320 
1922.310912  	80.033955 
1922.668219  	79.796747 
1923.025526  	80.165452 
1923.382833  	80.308240 
1923.740140  	80.250279 
1924.097446  	80.594156 
1924.454753  	81.000594 
1924.812060  	81.017673 
1925.169367  	80.047899 
1925.526674  	79.175286 
1925.883981  	79.106005 
1926.241288  	79.261113 
1926.598594  	79.235278 
1926.955901  	78.320381 
1927.313208  	78.291915 
1927.670515  	79.677322 
1928.027822  	80.359969 
1928.385129  	80.200642 
1928.742436  	79.445777 
1929.099742  	78.946062 
1929.457049  	79.031108 
1929.814356  	78.941392 
1930.171663  	79.080641 
1930.528970  	79.369759 
1930.886277  	79.655450 
1931.243584  	79.896960 
1931.600891  	79.810038 
1931.958197  	79.019715 
1932.315504  	77.751633 
1932.672811  	77.268079 
1933.030118  	77.822026 
1933.387425  	78.672741 
1933.744732  	78.818880 
1934.102039  	79.146163 
1934.459345  	79.869312 
1934.816652  	79.003064 
1935.173959  	78.101580 
1935.531266  	78.287201 
1935.888573  	78.331520 
1936.245880  	78.947700 
1936.603187  	79.626068 
1936.960493  	79.266013 
1937.317800  	78.522148 
1937.675107  	78.262271 
1938.032414  	78.773614 
1938.389721  	80.182840 
1938.747028  	81.375601 
1939.104335  	81.202062 
1939.461641  	80.620409 
1939.818948  	79.359864 
1940.176255  	78.996577 
1940.533562  	80.532250 
1940.890869  	80.149402 
1941.248176  	79.049716 
1941.605483  	79.635839 
1941.962789  	80.598744 
1942.320096  	81.639977 
1942.677403  	81.280537 
1943.034710  	80.853951 
1943.392017  	81.637786 
1943.749324  	82.022621 
1944.106631  	81.659098 
1944.463938  	80.265146 
1944.821244  	79.242961 
1945.178551  	79.196548 
1945.535858  	79.792691 
1945.893165  	81.108184 
1946.250472  	81.934959 
1946.607779  	82.394960 
1946.965086  	82.915670 
1947.322392  	82.446659 
1947.679699  	81.325436 
1948.037006  	81.322457 
1948.394313  	81.706858 
1948.751620  	81.859383 
1949.108927  	82.997108 
1949.466234  	82.818568 
1949.823540  	81.226959 
1950.180847  	80.072230 
1950.538154  	79.931484 
1950.895461  	81.611921 
1951.252768  	81.544305 
1951.610075  	81.089301 
1951.967382  	82.317744 
1952.324688  	81.650202 
1952.681995  	81.344678 
1953.039302  	80.714049 
1953.396609  	80.038437 
1953.753916  	81.989904 
1954.111223  	81.771484 
1954.468530  	81.315203 
1954.825836  	82.570301 
1955.183143  	81.858060 
1955.540450  	81.527930 
1955.897757  	81.986724 
1956.255064  	81.650810 
1956.612371  	81.376479 
1956.969678  	81.168809 
1957.326985  	80.749528 
1957.684291  	81.279589 
1958.041598  	82.204361 
1958.398905  	81.460224 
1958.756212  	82.633759 
1959.113519  	84.544590 
1959.470826  	81.964169 
1959.828133  	81.342490 
1960.185439  	83.441940 
1960.542746  	82.848539 
1960.900053  	81.468978 
1961.257360  	80.492723 
1961.614667  	80.358426 
1961.971974  	81.337372 
1962.329281  	81.733167 
1962.686587  	82.615632 
1963.043894  	82.969786 
1963.401201  	81.091614 
1963.758508  	80.462857 
1964.115815  	81.613871 
1964.473122  	81.696223 
1964.830429  	81.368658 
1965.187735  	81.526915 
1965.545042  	82.340299 
1965.902349  	83.500454 
1966.259656  	82.881166 
1966.616963  	81.355336 
1966.974270  	81.615314 
1967.331577  	83.010928 
1967.688883  	83.302421 
1968.046190  	83.473367 
1968.403497  	83.759880 
1968.760804  	82.605946 
1969.118111  	82.041942 
1969.475418  	81.275511 
1969.832725  	78.940672 
1970.190032  	78.812675 
1970.547338  	81.114214 
1970.904645  	81.941180 
1971.261952  	80.323343 
1971.619259  	80.448581 
1971.976566  	83.637277 
1972.333873  	83.966258 
1972.691180  	80.568242 
1973.048486  	78.937080 
1973.405793  	79.984171 
1973.763100  	80.595313 
1974.120407  	80.492140 
1974.477714  	80.908305 
1974.835021  	80.513460 
1975.192328  	80.020900 
1975.549634  	80.290909 
1975.906941  	80.694142 
1976.264248  	81.822345 
1976.621555  	82.780310 
1976.978862  	83.916479 
1977.336169  	83.928410 
1977.693476  	81.037849 
1978.050782  	79.365136 
1978.408089  	80.827571 
1978.765396  	80.787429 
1979.122703  	79.247374 
1979.480010  	81.306875 
1979.837317  	83.410450 
1980.194624  	81.504854 
1980.551930  	81.377512 
1980.909237  	83.478980 
1981.266544  	83.432852 
1981.623851  	81.610632 
1981.981158  	80.114557 
1982.338465  	79.484364 
1982.695772  	79.577684 
1983.053079  	82.479872 
1983.410385  	85.867666 
1983.767692  	85.658270 
1984.124999  	83.379470 
1984.482306  	80.460914 
1984.839613  	81.465753 
1985.196920  	85.225905 
1985.554227  	84.850764 
1985.911533  	83.620752 
1986.268840  	82.851570 
1986.626147  	81.302569 
1986.983454  	81.758725 
1987.340761  	82.668657 
1987.698068  	82.485780 
1988.055375  	81.321884 
1988.412681  	80.641502 
1988.769988  	82.577883 
1989.127295  	83.734206 
1989.484602  	83.118928 
1989.841909  	83.617725 
1990.199216  	83.638416 
1990.556523  	81.976956 
1990.913829  	80.791080 
1991.271136  	81.068819 
1991.628443  	81.664526 
1991.985750  	81.232180 
1992.343057  	81.143464 
1992.700364  	82.273651 
1993.057671  	83.335799 
1993.414977  	84.313004 
1993.772284  	83.826041 
1994.129591  	81.666213 
1994.486898  	81.031449 
1994.844205  	81.110557 
1995.201512  	81.408530 
1995.558819  	82.539864 
1995.916126  	81.904990 
1996.273432  	82.108505 
1996.630739  	84.509901 
1996.988046  	84.190210 
1997.345353  	82.328214 
1997.702660  	82.058193 
1998.059967  	83.031578 
1998.417274  	84.085839 
1998.774580  	83.936116 
1999.131887  	82.827325 
1999.489194  	82.105376 
1999.846501  	83.251875 
2000.203808  	84.007135 
2000.561115  	82.481295 
2000.918422  	82.925141 
2001.275728  	84.898651 
2001.633035  	84.188479 
2001.990342  	82.359349 
2002.347649  	83.031566 
2002.704956  	85.563396 
2003.062263  	84.690851 
2003.419570  	81.669645 
2003.776876  	81.813084 
2004.134183  	84.000385 
2004.491490  	85.743096 
2004.848797  	84.635656 
2005.206104  	81.536075 
2005.563411  	81.461730 
2005.920718  	83.182925 
2006.278024  	83.258861 
2006.635331  	82.580432 
2006.992638  	82.172403 
2007.349945  	81.726289 
2007.707252  	82.528287 
2008.064559  	84.635191 
2008.421866  	84.112000 
2008.779172  	83.516077 
2009.136479  	85.622518 
2009.493786  	84.516845 
2009.851093  	82.767787 
2010.208400  	85.226459 
2010.565707  	86.566836 
2010.923014  	84.641457 
2011.280321  	81.251947 
2011.637627  	79.909067 
2011.994934  	82.429303 
2012.352241  	83.472505 
2012.709548  	82.299065 
2013.066855  	81.942424 
2013.424162  	81.627570 
2013.781469  	82.599784 
2014.138775  	83.510415 
2014.496082  	83.151865 
2014.853389  	83.104300 
2015.210696  	83.207778 
2015.568003  	84.587512 
2015.925310  	83.880959 
2016.282617  	81.280097 
2016.639923  	82.108692 
2016.997230  	81.047081 
2017.354537  	80.072819 
2017.711844  	82.228839 
2018.069151  	80.515861 
2018.426458  	80.311277 
2018.783765  	83.307422 
2019.141071  	81.853863 
2019.498378  	79.858372 
2019.855685  	80.859397 
2020.212992  	83.715046 
2020.570299  	84.366675 
2020.927606  	82.143040 
2021.284913  	82.753967 
2021.642219  	84.404658 
2021.999526  	84.282575 
2022.356833  	84.306650 
2022.714140  	84.003674 
2023.071447  	83.235250 
2023.428754  	82.702349 
2023.786061  	82.727609 
2024.143368  	81.633531 
2024.500674  	80.398576 
2024.857981  	82.086319 
2025.215288  	83.215927 
2025.572595  	81.679828 
2025.929902  	82.038090 
2026.287209  	83.312588 
2026.644516  	80.915374 
2027.001822  	79.416719 
2027.359129  	81.006071 
2027.716436  	80.661629 
2028.073743  	79.877124 
2028.431050  	79.839500 
2028.788357  	79.394442 
2029.145664  	80.327300 
2029.502970  	81.242356 
2029.860277  	82.751101 
2030.217584  	83.260877 
2030.574891  	80.231547 
2030.932198  	78.565196 
2031.289505  	78.915247 
2031.646812  	80.730679 
2032.004118  	83.172988 
2032.361425  	82.686456 
2032.718732  	82.354194 
2033.076039  	82.425634 
2033.433346  	81.270450 
2033.790653  	81.835260 
2034.147960  	82.526349 
2034.505266  	81.660769 
2034.862573  	81.403999 
2035.219880  	82.612798 
2035.577187  	83.349360 
2035.934494  	82.589549 
2036.291801  	82.857884 
2036.649108  	82.569144 
2037.006415  	80.660064 
2037.363721  	79.805557 
2037.721028  	79.165622 
2038.078335  	80.395136 
2038.435642  	82.731520 
2038.792949  	82.026759 
2039.150256  	81.452758 
2039.507563  	81.914491 
2039.864869  	81.772070 
2040.222176  	81.663407 
2040.579483  	80.046610 
2040.936790  	78.515268 
2041.294097  	79.452092 
2041.651404  	81.507596 
2042.008711  	81.641712 
2042.366017  	79.542827 
2042.723324  	79.048495 
2043.080631  	80.637288 
2043.437938  	82.690499 
2043.795245  	83.592462 
2044.152552  	81.960822 
2044.509859  	81.101566 
2044.867165  	80.895773 
2045.224472  	79.886881 
2045.581779  	79.637148 
2045.939086  	79.444951 
2046.296393  	80.557808 
2046.653700  	82.342982 
2047.011007  	82.730511 
2047.368313  	83.595124 
2047.725620  	83.339813 
2048.082927  	81.276207 
2048.440234  	80.032777 
2048.797541  	81.053757 
2049.154848  	83.254656 
2049.512155  	82.134389 
2049.869462  	79.440112 
2050.226768  	79.402966 
2050.584075  	79.941665 
2050.941382  	79.721485 
2051.298689  	79.093901 
2051.655996  	79.565386 
2052.013303  	81.800954 
2052.370610  	81.976187 
2052.727916  	80.452908 
2053.085223  	81.011068 
2053.442530  	81.972719 
2053.799837  	81.600132 
2054.157144  	80.450159 
2054.514451  	79.305893 
2054.871758  	79.932267 
2055.229064  	80.974352 
2055.586371  	81.143637 
2055.943678  	81.201506 
2056.300985  	80.334733 
2056.658292  	80.078328 
2057.015599  	80.876156 
2057.372906  	80.628007 
2057.730212  	80.313008 
2058.087519  	80.038521 
2058.444826  	79.476505 
2058.802133  	79.553976 
2059.159440  	80.221415 
2059.516747  	81.547997 
2059.874054  	81.473566 
2060.231360  	79.613708 
2060.588667  	79.176873 
2060.945974  	80.035725 
2061.303281  	80.389268 
2061.660588  	80.501693 
2062.017895  	80.725484 
2062.375202  	80.598513 
2062.732509  	80.010148 
2063.089815  	79.633734 
2063.447122  	79.187232 
2063.804429  	78.187554 
2064.161736  	77.684178 
2064.519043  	78.996733 
2064.876350  	81.342991 
2065.233657  	81.191316 
2065.590963  	78.683477 
2065.948270  	78.107883 
2066.305577  	79.369665 
2066.662884  	79.658456 
2067.020191  	79.327963 
2067.377498  	79.169221 
2067.734805  	80.104922 
2068.092111  	81.698023 
2068.449418  	81.400749 
2068.806725  	80.610048 
2069.164032  	80.613851 
2069.521339  	80.052012 
2069.878646  	79.883383 
2070.235953  	80.131933 
2070.593259  	80.061811 
2070.950566  	80.101105 
2071.307873  	79.761759 
2071.665180  	79.705696 
2072.022487  	80.180004 
2072.379794  	80.261460 
2072.737101  	79.790725 
2073.094407  	79.136859 
2073.451714  	79.865658 
2073.809021  	81.022965 
2074.166328  	80.668221 
2074.523635  	80.018644 
2074.880942  	79.007645 
2075.238249  	78.530412 
2075.595556  	79.996612 
2075.952862  	80.218330 
2076.310169  	78.438440 
2076.667476  	77.745969 
2077.024783  	78.327240 
2077.382090  	78.696564 
2077.739397  	79.111535 
2078.096704  	80.061130 
2078.454010  	79.797927 
2078.811317  	78.247781 
2079.168624  	78.301902 
2079.525931  	79.735578 
2079.883238  	79.847534 
2080.240545  	78.557038 
2080.597852  	78.252646 
2080.955158  	79.159235 
2081.312465  	79.298365 
2081.669772  	78.984228 
2082.027079  	79.025609 
2082.384386  	78.550813 
2082.741693  	77.829787 
2083.099000  	78.021762 
2083.456306  	78.889611 
2083.813613  	79.429549 
2084.170920  	80.050025 
2084.528227  	80.289199 
2084.885534  	79.251328 
2085.242841  	78.820834 
2085.600148  	79.214504 
2085.957454  	79.124576 
2086.314761  	78.657592 
2086.672068  	77.736938 
2087.029375  	77.312459 
2087.386682  	77.976758 
2087.743989  	79.218962 
2088.101296  	80.257896 
2088.458602  	79.512923 
2088.815909  	77.950017 
2089.173216  	77.625158 
2089.530523  	78.072832 
2089.887830  	78.462601 
2090.245137  	78.681548 
2090.602444  	78.844599 
2090.959751  	79.158611 
2091.317057  	79.621953 
2091.674364  	79.607014 
2092.031671  	78.786873 
2092.388978  	78.103399 
2092.746285  	77.939915 
2093.103592  	77.953436 
2093.460899  	78.180075 
2093.818205  	78.611620 
2094.175512  	79.111663 
2094.532819  	79.287212 
2094.890126  	79.062829 
2095.247433  	78.917533 
2095.604740  	78.375461 
2095.962047  	77.145017 
2096.319353  	76.820733 
2096.676660  	77.719009 
2097.033967  	78.747923 
2097.391274  	79.414343 
2097.748581  	78.470951 
2098.105888  	77.437039 
2098.463195  	78.357025 
2098.820501  	78.949338 
2099.177808  	79.135350 
2099.535115  	79.614202 
2099.892422  	78.803532 
2100.249729  	78.218168 
2100.607036  	79.227468 
2100.964343  	80.320602 
2101.321649  	79.345564 
2101.678956  	77.356096 
2102.036263  	77.349790 
2102.393570  	78.266573 
2102.750877  	78.752421 
2103.108184  	79.058350 
2103.465491  	78.949398 
2103.822798  	79.231387 
2104.180104  	79.458224 
2104.537411  	78.961536 
2104.894718  	78.404890 
2105.252025  	77.936680 
2105.609332  	78.186870 
2105.966639  	78.707198 
2106.323946  	78.235769 
2106.681252  	77.915417 
2107.038559  	78.644076 
2107.395866  	79.118686 
2107.753173  	79.263737 
2108.110480  	79.194907 
2108.467787  	78.117806 
2108.825094  	77.612439 
2109.182400  	77.950810 
2109.539707  	77.649265 
2109.897014  	77.312828 
2110.254321  	77.461201 
2110.611628  	78.338077 
2110.968935  	78.823884 
2111.326242  	78.050941 
2111.683548  	78.171265 
2112.040855  	78.791231 
2112.398162  	78.716876 
2112.755469  	79.037424 
2113.112776  	79.243578 
2113.470083  	78.987896 
2113.827390  	78.720087 
2114.184696  	78.183456 
2114.542003  	77.971392 
2114.899310  	78.121822 
2115.256617  	77.644456 
2115.613924  	77.556016 
2115.971231  	78.691833 
2116.328538  	79.302876 
2116.685845  	79.173139 
2117.043151  	79.035515 
2117.400458  	79.044214 
2117.757765  	79.458395 
2118.115072  	79.084313 
2118.472379  	78.537158 
2118.829686  	78.623981 
2119.186993  	77.874256 
2119.544299  	77.423009 
2119.901606  	78.580199 
2120.258913  	79.619148 
2120.616220  	79.380134 
2120.973527  	79.193624 
2121.330834  	79.626150 
2121.688141  	79.536842 
2122.045447  	79.739530 
2122.402754  	80.228273 
2122.760061  	79.463154 
2123.117368  	78.767086 
2123.474675  	78.977667 
2123.831982  	79.168870 
2124.189289  	78.777506 
2124.546595  	78.154194 
2124.903902  	78.146690 
2125.261209  	78.361286 
2125.618516  	78.397002 
2125.975823  	78.761911 
2126.333130  	79.755813 
2126.690437  	80.492545 
2127.047743  	80.427681 
2127.405050  	80.347795 
2127.762357  	80.030753 
2128.119664  	79.506648 
2128.476971  	78.568172 
2128.834278  	78.128714 
2129.191585  	79.592607 
2129.548892  	79.690833 
2129.906198  	78.776861 
2130.263505  	79.176690 
2130.620812  	78.380288 
2130.978119  	78.107909 
2131.335426  	78.835433 
2131.692733  	78.718635 
2132.050040  	79.401054 
2132.407346  	79.544343 
2132.764653  	79.160245 
2133.121960  	79.783323 
2133.479267  	79.485734 
2133.836574  	78.281445 
2134.193881  	78.872647 
2134.551188  	80.805046 
2134.908494  	79.881732 
2135.265801  	77.909074 
2135.623108  	77.909521 
2135.980415  	77.724329 
2136.337722  	78.564527 
2136.695029  	79.586661 
2137.052336  	78.909360 
2137.409642  	78.415157 
2137.766949  	77.013653 
2138.124256  	76.986282 
2138.481563  	79.359051 
2138.838870  	79.324637 
2139.196177  	77.951358 
2139.553484  	77.948780 
2139.910790  	78.168312 
2140.268097  	77.626296 
2140.625404  	77.081911 
2140.982711  	77.721855 
2141.340018  	78.976905 
2141.697325  	80.251510 
2142.054632  	80.120420 
2142.411939  	78.508696 
2142.769245  	77.538001 
2143.126552  	77.535852 
2143.483859  	79.131910 
2143.841166  	80.776537 
2144.198473  	79.549039 
2144.555780  	77.975696 
2144.913087  	78.166751 
2145.270393  	78.953105 
2145.627700  	79.204481 
2145.985007  	79.519066 
2146.342314  	81.052319 
2146.699621  	82.751805 
2147.056928  	82.517631 
2147.414235  	80.814040 
2147.771541  	80.303891 
2148.128848  	80.022632 
2148.486155  	78.986475 
2148.843462  	79.471568 
2149.200769  	80.009516 
2149.558076  	80.613571 
2149.915383  	81.472798 
2150.272689  	79.582340 
2150.629996  	78.525530 
2150.987303  	78.720588 
2151.344610  	77.519291 
2151.701917  	78.425626 
2152.059224  	79.010841 
2152.416531  	77.528901 
2152.773837  	78.315679 
2153.131144  	79.402723 
2153.488451  	78.897892 
2153.845758  	78.483025 
2154.203065  	77.859485 
2154.560372  	77.069191 
2154.917679  	76.960807 
2155.274986  	77.311378 
2155.632292  	78.355012 
2155.989599  	81.009245 
2156.346906  	83.040006 
2156.704213  	81.042316 
2157.061520  	77.536368 
2157.418827  	76.341577 
2157.776134  	77.822268 
2158.133440  	80.621089 
2158.490747  	81.645880 
2158.848054  	78.291659 
2159.205361  	75.500800 
2159.562668  	77.264374 
2159.919975  	79.333299 
2160.277282  	80.991604 
2160.634588  	81.400279 
2160.991895  	79.100493 
2161.349202  	80.161794 
2161.706509  	83.062124 
2162.063816  	82.286236 
2162.421123  	81.117617 
2162.778430  	79.864429 
2163.135736  	77.925334 
2163.493043  	78.613366 
2163.850350  	79.862068 
2164.207657  	78.484864 
2164.564964  	78.107726 
2164.922271  	79.427970 
2165.279578  	77.510227 
2165.636884  	77.040898 
2165.994191  	80.345296 
2166.351498  	80.835535 
2166.708805  	80.308517 
2167.066112  	79.985809 
2167.423419  	79.093895 
2167.780726  	79.992335 
2168.138032  	79.268668 
2168.495339  	77.265260 
2168.852646  	77.444361 
2169.209953  	78.578329 
2169.567260  	80.542286 
2169.924567  	81.291699 
2170.281874  	79.290558 
2170.639181  	77.462009 
2170.996487  	76.958651 
2171.353794  	77.788038 
2171.711101  	78.342030 
2172.068408  	77.347493 
2172.425715  	77.447153 
2172.783022  	77.824767 
2173.140329  	76.983160 
2173.497635  	77.184453 
2173.854942  	77.478544 
2174.212249  	78.506787 
2174.569556  	81.444657 
2174.926863  	80.917949 
2175.284170  	78.544098 
2175.641477  	78.035100 
2175.998783  	76.455928 
2176.356090  	76.225379 
2176.713397  	78.076537 
2177.070704  	78.130767 
2177.428011  	78.136327 
2177.785318  	78.100160 
2178.142625  	76.721284 
2178.499931  	76.751278 
2178.857238  	78.194489 
2179.214545  	79.012557 
2179.571852  	79.347039 
2179.929159  	79.663300 
2180.286466  	79.277561 
2180.643773  	77.774297 
2181.001079  	76.328284 
2181.358386  	76.229283 
2181.715693  	76.682396 
2182.073000  	75.829040 
2182.430307  	75.597002 
2182.787614  	77.139605 
2183.144921  	77.482267 
2183.502228  	77.310891 
2183.859534  	77.196354 
2184.216841  	75.732460 
2184.574148  	75.294862 
2184.931455  	76.285654 
2185.288762  	76.784456 
2185.646069  	76.465572 
2186.003376  	76.600663 
2186.360682  	78.584499 
2186.717989  	79.112830 
2187.075296  	77.153485 
2187.432603  	77.080341 
2187.789910  	77.975632 
2188.147217  	77.988635 
2188.504524  	77.950940 
2188.861830  	77.465418 
2189.219137  	77.934291 
2189.576444  	79.350047 
2189.933751  	79.044007 
2190.291058  	78.279905 
2190.648365  	78.427257 
2191.005672  	78.363061 
2191.362978  	78.531393 
2191.720285  	78.341342 
2192.077592  	77.319240 
2192.434899  	77.104299 
2192.792206  	76.620215 
2193.149513  	76.845222 
2193.506820  	78.905833 
2193.864126  	79.032711 
2194.221433  	77.889548 
2194.578740  	78.290079 
2194.936047  	79.401358 
2195.293354  	79.338228 
2195.650661  	78.013767 
2196.007968  	78.553794 
2196.365275  	78.897807 
2196.722581  	77.400897 
2197.079888  	77.874385 
2197.437195  	78.535553 
2197.794502  	78.435189 
2198.151809  	78.662756 
2198.509116  	78.386850 
2198.866423  	78.552549 
2199.223729  	78.090963 
2199.581036  	78.382589 
2199.938343  	79.730115 
2200.295650  	78.363411 
2200.652957  	76.809904 
2201.010264  	76.700258 
2201.367571  	76.696902 
2201.724877  	77.845113 
2202.082184  	78.556286 
2202.439491  	77.214654 
2202.796798  	76.311711 
2203.154105  	76.864984 
2203.511412  	76.398033 
2203.868719  	75.826789 
2204.226025  	76.930350 
2204.583332  	77.740872 
2204.940639  	78.073711 
2205.297946  	78.060885 
2205.655253  	78.010672 
2206.012560  	79.240295 
2206.369867  	79.580734 
2206.727173  	79.214246 
2207.084480  	79.682508 
2207.441787  	78.259991 
2207.799094  	76.101109 
2208.156401  	76.580394 
2208.513708  	77.532089 
2208.871015  	77.427272 
2209.228322  	77.812123 
2209.585628  	78.093015 
2209.942935  	78.272322 
2210.300242  	77.981567 
2210.657549  	77.229404 
2211.014856  	77.554500 
2211.372163  	77.739597 
2211.729470  	78.803117 
2212.086776  	79.664311 
2212.444083  	77.299383 
2212.801390  	76.303486 
2213.158697  	76.994433 
2213.516004  	76.756155 
2213.873311  	76.475265 
2214.230618  	75.514487 
2214.587924  	75.687294 
2214.945231  	76.555374 
2215.302538  	76.222854 
2215.659845  	76.027825 
2216.017152  	76.048316 
2216.374459  	77.511250 
2216.731766  	78.639123 
2217.089072  	77.318256 
2217.446379  	76.844287 
2217.803686  	77.029436 
2218.160993  	76.563165 
2218.518300  	76.532829 
2218.875607  	77.053261 
2219.232914  	77.230228 
2219.590220  	76.452147 
2219.947527  	76.017454 
2220.304834  	76.130323 
2220.662141  	76.181098 
2221.019448  	76.583065 
2221.376755  	77.096599 
2221.734062  	77.132978 
2222.091369  	76.532930 
2222.448675  	76.408989 
2222.805982  	77.007270 
2223.163289  	77.387856 
2223.520596  	77.088859 
2223.877903  	76.200966 
2224.235210  	76.091045 
2224.592517  	76.161687 
2224.949823  	75.454870 
2225.307130  	75.662371 
2225.664437  	77.096986 
2226.021744  	78.657442 
2226.379051  	78.889978 
2226.736358  	77.664807 
2227.093665  	76.842841 
2227.450971  	76.718628 
2227.808278  	76.861819 
2228.165585  	76.650748 
2228.522892  	76.896104 
2228.880199  	77.716086 
2229.237506  	77.270009 
2229.594813  	77.567430 
2229.952119  	78.501991 
2230.309426  	77.416524 
2230.666733  	76.721728 
2231.024040  	76.853814 
2231.381347  	76.849402 
2231.738654  	77.501421 
2232.095961  	77.295623 
2232.453267  	76.360575 
2232.810574  	76.866021 
2233.167881  	77.659847 
2233.525188  	76.789699 
2233.882495  	75.776555 
2234.239802  	75.882132 
2234.597109  	76.083792 
2234.954416  	76.309545 
2235.311722  	76.333566 
2235.669029  	76.724850 
2236.026336  	77.777040 
2236.383643  	76.811954 
2236.740950  	75.587047 
2237.098257  	76.676136 
2237.455564  	76.874590 
2237.812870  	76.002784 
2238.170177  	76.122287 
2238.527484  	76.339521 
2238.884791  	76.033181 
2239.242098  	75.778014 
2239.599405  	76.142560 
2239.956712  	76.052449 
2240.314018  	75.175363 
2240.671325  	75.361924 
2241.028632  	75.982426 
2241.385939  	76.024449 
2241.743246  	76.707120 
2242.100553  	77.795675 
2242.457860  	77.715176 
2242.815166  	76.463187 
2243.172473  	75.691836 
2243.529780  	76.056450 
2243.887087  	76.207238 
2244.244394  	75.717027 
2244.601701  	75.362999 
2244.959008  	74.919707 
2245.316314  	74.942944 
2245.673621  	75.737979 
2246.030928  	75.835373 
2246.388235  	75.232808 
2246.745542  	74.599308 
2247.102849  	74.670742 
2247.460156  	75.481953 
2247.817463  	75.127519 
2248.174769  	74.626987 
2248.532076  	75.265904 
2248.889383  	75.844098 
2249.246690  	76.004352 
2249.603997  	74.686728 
2249.961304  	73.840832 
2250.318611  	75.435322 
2250.675917  	76.145758 
2251.033224  	75.370519 
2251.390531  	74.794412 
2251.747838  	74.779903 
2252.105145  	75.615779 
2252.462452  	75.859170 
2252.819759  	74.926849 
2253.177065  	73.955037 
2253.534372  	73.741248 
2253.891679  	74.372629 
2254.248986  	74.932319 
2254.606293  	74.420375 
2254.963600  	73.113804 
2255.320907  	73.112055 
2255.678213  	74.647175 
2256.035520  	75.225191 
2256.392827  	74.843643 
2256.750134  	74.617030 
2257.107441  	74.479077 
2257.464748  	74.526078 
2257.822055  	74.461568 
2258.179361  	73.950625 
2258.536668  	73.895654 
2258.893975  	74.412879 
2259.251282  	74.369179 
2259.608589  	74.363289 
2259.965896  	74.846896 
2260.323203  	75.064310 
2260.680509  	75.002371 
2261.037816  	74.711011 
2261.395123  	74.762567 
2261.752430  	74.985025 
2262.109737  	75.231644 
2262.467044  	75.822255 
2262.824351  	75.401225 
2263.181658  	75.016149 
2263.538964  	75.705432 
2263.896271  	75.920903 
2264.253578  	75.774228 
2264.610885  	74.905086 
2264.968192  	74.056033 
2265.325499  	74.398122 
2265.682806  	74.718244 
2266.040112  	75.683077 
2266.397419  	76.358271 
2266.754726  	75.292272 
2267.112033  	74.918486 
2267.469340  	75.332243 
2267.826647  	75.230079 
2268.183954  	75.090457 
2268.541260  	75.066013 
2268.898567  	75.211305 
2269.255874  	75.377086 
2269.613181  	75.521360 
2269.970488  	75.774320 
2270.327795  	76.068759 
2270.685102  	76.109128 
2271.042408  	75.430894 
2271.399715  	75.024583 
2271.757022  	75.242074 
2272.114329  	74.798929 
2272.471636  	74.329781 
2272.828943  	74.658290 
2273.186250  	74.838030 
2273.543556  	74.819938 
2273.900863  	74.821530 
2274.258170  	74.713871 
2274.615477  	74.828690 
2274.972784  	74.875329 
2275.330091  	74.582809 
2275.687398  	74.488697 
2276.044705  	74.648664 
2276.402011  	74.727668 
2276.759318  	74.903678 
2277.116625  	74.862098 
2277.473932  	74.263959 
2277.831239  	74.145317 
2278.188546  	74.538026 
2278.545853  	74.397765 
2278.903159  	74.528700 
2279.260466  	75.091993 
2279.617773  	75.009880 
2279.975080  	74.948751 
2280.332387  	75.106121 
2280.689694  	74.972870 
2281.047001  	75.139774 
2281.404307  	75.300382 
2281.761614  	74.890115 
2282.118921  	74.466735 
2282.476228  	74.147116 
2282.833535  	74.122171 
2283.190842  	74.671133 
2283.548149  	74.950935 
2283.905455  	74.885951 
2284.262762  	75.011311 
2284.620069  	74.602053 
2284.977376  	73.922479 
2285.334683  	74.009300 
2285.691990  	74.156112 
2286.049297  	73.902353 
2286.406603  	73.646431 
2286.763910  	73.491182 
2287.121217  	73.797672 
2287.478524  	74.173108 
2287.835831  	73.878818 
2288.193138  	73.452847 
2288.550445  	73.331010 
2288.907752  	73.534385 
2289.265058  	74.012015 
2289.622365  	74.046120 
2289.979672  	73.584119 
2290.336979  	73.489515 
2290.694286  	73.548585 
2291.051593  	73.423053 
2291.408900  	73.734247 
2291.766206  	73.983961 
2292.123513  	73.788229 
2292.480820  	74.045882 
2292.838127  	74.221236 
2293.195434  	73.881288 
2293.552741  	73.827422 
2293.910048  	73.977159 
2294.267354  	73.846323 
2294.624661  	73.487625 
2294.981968  	73.353612 
2295.339275  	73.462395 
2295.696582  	73.822347 
2296.053889  	74.298719 
2296.411196  	73.944255 
2296.768502  	73.687925 
2297.125809  	73.908100 
2297.483116  	73.519148 
2297.840423  	73.597985 
2298.197730  	74.112030 
2298.555037  	74.052182 
2298.912344  	73.987973 
2299.269650  	73.899624 
2299.626957  	73.932134 
2299.984264  	73.887760 
2300.341571  	73.574152 
2300.698878  	73.650919 
2301.056185  	73.774033 
2301.413492  	73.822460 
2301.770799  	73.752427 
2302.128105  	73.641594 
2302.485412  	74.101795 
2302.842719  	74.339459 
2303.200026  	73.902626 
2303.557333  	73.510163 
2303.914640  	73.343533 
2304.271947  	73.415628 
2304.629253  	73.532280 
2304.986560  	73.715021 
2305.343867  	74.104143 
2305.701174  	74.124362 
2306.058481  	73.443429 
2306.415788  	73.073470 
2306.773095  	73.509579 
2307.130401  	73.557806 
2307.487708  	73.541996 
2307.845015  	73.730914 
2308.202322  	73.336532 
2308.559629  	73.316131 
2308.916936  	74.033455 
2309.274243  	74.217411 
2309.631549  	73.666946 
2309.988856  	73.028409 
2310.346163  	72.869156 
2310.703470  	73.278549 
2311.060777  	73.478886 
2311.418084  	73.040932 
2311.775391  	72.797728 
2312.132697  	72.889304 
2312.490004  	72.788786 
2312.847311  	73.185779 
2313.204618  	74.038273 
2313.561925  	73.450784 
2313.919232  	72.934170 
2314.276539  	73.491735 
2314.633846  	73.387919 
2314.991152  	73.128664 
2315.348459  	73.337586 
2315.705766  	72.837799 
2316.063073  	72.878641 
2316.420380  	73.220648 
2316.777687  	73.170351 
2317.134994  	73.420256 
2317.492300  	73.139846 
2317.849607  	72.887578 
2318.206914  	73.334758 
2318.564221  	73.481134 
2318.921528  	73.809661 
2319.278835  	73.822039 
2319.636142  	72.897110 
2319.993448  	72.981078 
2320.350755  	73.094356 
2320.708062  	72.928858 
2321.065369  	73.633480 
2321.422676  	73.470957 
2321.779983  	72.363430 
2322.137290  	72.408924 
2322.494596  	72.404273 
2322.851903  	72.552090 
2323.209210  	73.296285 
2323.566517  	72.704175 
2323.923824  	72.436778 
2324.281131  	72.458295 
2324.638438  	72.473515 
2324.995744  	73.674950 
2325.353051  	73.502457 
2325.710358  	72.604362 
2326.067665  	72.750092 
2326.424972  	72.984364 
2326.782279  	73.739145 
2327.139586  	73.617153 
2327.496893  	72.781332 
2327.854199  	72.746757 
2328.211506  	72.482220 
2328.568813  	72.847622 
2328.926120  	73.118682 
2329.283427  	72.525913 
2329.640734  	72.619771 
2329.998041  	72.498389 
2330.355347  	73.016199 
2330.712654  	73.551522 
2331.069961  	72.567549 
2331.427268  	72.423796 
2331.784575  	72.380506 
2332.141882  	72.937636 
2332.499189  	73.688642 
2332.856495  	72.513786 
2333.213802  	72.302096 
2333.571109  	72.549450 
2333.928416  	72.752687 
2334.285723  	73.129884 
2334.643030  	72.458703 
2335.000337  	72.119009 
2335.357643  	72.171228 
2335.714950  	72.356308 
2336.072257  	73.050345 
2336.429564  	72.780999 
2336.786871  	72.119700 
2337.144178  	72.406743 
2337.501485  	73.416877 
2337.858791  	73.537797 
2338.216098  	72.392100 
2338.573405  	71.859424 
2338.930712  	72.092339 
2339.288019  	72.777138 
2339.645326  	72.562419 
2340.002633  	72.225435 
2340.359939  	72.598530 
2340.717246  	72.705202 
2341.074553  	72.664989 
2341.431860  	72.241112 
2341.789167  	71.537177 
2342.146474  	71.751408 
2342.503781  	72.848018 
2342.861088  	73.619810 
2343.218394  	72.732268 
2343.575701  	72.036005 
2343.933008  	72.088412 
2344.290315  	72.348490 
2344.647622  	72.596319 
2345.004929  	71.964592 
2345.362236  	71.370263 
2345.719542  	71.945091 
2346.076849  	73.036459 
2346.434156  	72.945383 
2346.791463  	72.085802 
2347.148770  	71.825642 
2347.506077  	72.415380 
2347.863384  	72.512214 
2348.220690  	71.948360 
2348.577997  	71.807417 
2348.935304  	71.804890 
2349.292611  	71.840880 
2349.649918  	71.919757 
2350.007225  	72.005723 
2350.364532  	72.215449 
2350.721838  	71.970851 
2351.079145  	71.752437 
2351.436452  	72.167291 
2351.793759  	71.770188 
2352.151066  	71.167330 
2352.508373  	71.841143 
2352.865680  	72.792922 
2353.222986  	72.420252 
2353.580293  	71.157709 
2353.937600  	71.183393 
2354.294907  	72.370082 
2354.652214  	72.669529 
2355.009521  	71.674289 
2355.366828  	71.192206 
2355.724135  	71.555908 
2356.081441  	72.170373 
2356.438748  	71.179546 
2356.796055  	70.742733 
2357.153362  	72.291106 
2357.510669  	73.503134 
2357.867976  	71.555945 
2358.225283  	70.645691 
2358.582589  	72.252506 
2358.939896  	72.808480 
2359.297203  	70.705189 
2359.654510  	70.610774 
2360.011817  	71.811689 
2360.369124  	71.930372 
2360.726431  	70.802360 
2361.083737  	71.015767 
2361.441044  	72.863679 
2361.798351  	72.689635 
2362.155658  	70.593748 
2362.512965  	71.235718 
2362.870272  	73.030011 
2363.227579  	71.719518 
2363.584885  	70.171236 
2363.942192  	71.265617 
2364.299499  	72.562637 
2364.656806  	71.108115 
2365.014113  	70.457631 
2365.371420  	71.743787 
2365.728727  	71.818027 
2366.086033  	70.751552 
2366.443340  	71.293865 
2366.800647  	71.836714 
2367.157954  	71.200361 
2367.515261  	71.257455 
2367.872568  	71.787130 
2368.229875  	71.275714 
2368.587182  	70.543387 
2368.944488  	71.462416 
2369.301795  	71.771622 
2369.659102  	70.027906 
2370.016409  	70.454285 
2370.373716  	71.697241 
2370.731023  	70.934597 
2371.088330  	70.917100 
2371.445636  	71.586481 
2371.802943  	70.745798 
2372.160250  	70.246842 
2372.517557  	71.271523 
2372.874864  	71.411024 
2373.232171  	70.639683 
2373.589478  	71.452328 
2373.946784  	71.788953 
2374.304091  	70.757443 
2374.661398  	71.046762 
2375.018705  	71.176095 
2375.376012  	70.629166 
2375.733319  	71.242282 
2376.090626  	71.444066 
2376.447932  	70.961033 
2376.805239  	71.178164 
2377.162546  	70.969656 
2377.519853  	70.775715 
2377.877160  	71.311569 
2378.234467  	71.041473 
2378.591774  	70.551710 
2378.949080  	70.669748 
2379.306387  	70.698525 
2379.663694  	70.851080 
2380.021001  	70.696758 
2380.378308  	70.335218 
2380.735615  	70.525289 
2381.092922  	70.614088 
2381.450229  	70.634872 
2381.807535  	70.797277 
2382.164842  	70.886350 
2382.522149  	70.966496 
2382.879456  	70.650683 
2383.236763  	70.488213 
2383.594070  	70.909288 
2383.951377  	70.813431 
2384.308683  	70.171860 
2384.665990  	70.048237 
2385.023297  	70.483402 
2385.380604  	70.704097 
2385.737911  	70.694572 
2386.095218  	70.793281 
2386.452525  	70.599921 
2386.809831  	70.348653 
2387.167138  	70.503226 
2387.524445  	70.545581 
2387.881752  	70.560184 
2388.239059  	70.782183 
2388.596366  	70.644789 
2388.953673  	70.309705 
2389.310979  	70.237076 
2389.668286  	70.356875 
2390.025593  	70.423180 
2390.382900  	70.121666 
2390.740207  	69.903845 
2391.097514  	70.172128 
2391.454821  	70.364168 
2391.812127  	70.354230 
2392.169434  	70.377405 
2392.526741  	70.326445 
2392.884048  	70.286363 
2393.241355  	70.468738 
2393.598662  	70.590227 
2393.955969  	70.460090 
2394.313276  	70.420894 
2394.670582  	70.336238 
2395.027889  	70.287201 
2395.385196  	70.390495 
2395.742503  	70.191641 
2396.099810  	70.204065 
2396.457117  	70.280607 
2396.814424  	69.872996 
2397.171730  	69.845738 
2397.529037  	69.953589 
2397.886344  	69.896595 
2398.243651  	70.168858 
2398.600958  	70.168097 
2398.958265  	69.727865 
2399.315572  	69.355635 
2399.672878  	69.388137 
2400.030185  	69.763638 
2400.387492  	69.774511 
2400.744799  	69.340881 
2401.102106  	69.123096 
2401.459413  	69.424398 
2401.816720  	69.672360 
2402.174026  	69.618919 
2402.531333  	69.759491 
2402.888640  	69.803146 
2403.245947  	69.721761 
2403.603254  	69.711305 
2403.960561  	69.458921 
2404.317868  	69.543602 
2404.675174  	70.016339 
2405.032481  	70.186311 
2405.389788  	70.151816 
2405.747095  	69.983151 
2406.104402  	69.780188 
2406.461709  	69.606317 
2406.819016  	69.420733 
2407.176323  	69.465687 
2407.533629  	69.575229 
2407.890936  	69.712720 
2408.248243  	69.812819 
2408.605550  	69.529181 
2408.962857  	69.360602 
2409.320164  	69.553242 
2409.677471  	69.476524 
2410.034777  	69.191602 
2410.392084  	69.481392 
2410.749391  	70.010031 
2411.106698  	69.667296 
2411.464005  	69.037642 
2411.821312  	68.909480 
2412.178619  	68.968923 
2412.535925  	69.251871 
2412.893232  	69.369425 
2413.250539  	69.237778 
2413.607846  	69.320119 
2413.965153  	69.170189 
2414.322460  	69.014898 
2414.679767  	69.050089 
2415.037073  	68.830310 
2415.394380  	68.944682 
2415.751687  	69.401568 
2416.108994  	69.427874 
2416.466301  	69.158730 
2416.823608  	69.079088 
2417.180915  	69.287519 
2417.538221  	69.456330 
2417.895528  	69.232529 
2418.252835  	68.745279 
2418.610142  	68.529482 
2418.967449  	68.673391 
2419.324756  	68.772952 
2419.682063  	68.747413 
2420.039369  	68.662046 
2420.396676  	68.723564 
2420.753983  	68.945504 
2421.111290  	68.886842 
2421.468597  	68.708332 
2421.825904  	68.754937 
2422.183211  	68.724003 
2422.540518  	68.580453 
2422.897824  	68.524918 
2423.255131  	68.415319 
2423.612438  	68.628450 
2423.969745  	69.094159 
2424.327052  	68.794324 
2424.684359  	68.393900 
2425.041666  	68.778300 
2425.398972  	68.980388 
2425.756279  	68.625644 
2426.113586  	68.514176 
2426.470893  	68.878207 
2426.828200  	69.022848 
2427.185507  	68.974904 
2427.542814  	69.124896 
2427.900120  	68.856252 
2428.257427  	68.458823 
2428.614734  	68.451808 
2428.972041  	68.343637 
2429.329348  	68.128890 
2429.686655  	68.157115 
2430.043962  	68.447433 
2430.401268  	68.431894 
2430.758575  	68.255864 
2431.115882  	68.463860 
2431.473189  	68.591038 
2431.830496  	68.652086 
2432.187803  	68.619456 
2432.545110  	68.471045 
2432.902416  	68.573922 
2433.259723  	68.670421 
2433.617030  	68.835364 
2433.974337  	68.744979 
2434.331644  	68.503751 
2434.688951  	68.746033 
2435.046258  	68.705686 
2435.403565  	68.458885 
2435.760871  	68.380492 
2436.118178  	68.310004 
2436.475485  	68.464462 
2436.832792  	68.370061 
2437.190099  	68.362114 
2437.547406  	68.961857 
2437.904713  	69.262095 
2438.262019  	68.936485 
2438.619326  	68.638649 
2438.976633  	68.636878 
2439.333940  	68.632627 
2439.691247  	68.613352 
2440.048554  	68.456879 
2440.405861  	68.208072 
2440.763167  	68.322548 
2441.120474  	68.456300 
2441.477781  	68.417162 
2441.835088  	68.291287 
2442.192395  	68.275981 
2442.549702  	68.643942 
2442.907009  	68.810896 
2443.264315  	68.653560 
2443.621622  	68.182179 
2443.978929  	67.839752 
2444.336236  	68.415437 
2444.693543  	68.745993 
2445.050850  	68.466736 
2445.408157  	68.355087 
2445.765463  	68.269469 
2446.122770  	68.422463 
2446.480077  	68.511147 
2446.837384  	68.405982 
2447.194691  	68.565931 
2447.551998  	68.443164 
2447.909305  	68.064473 
2448.266612  	67.981699 
2448.623918  	68.104862 
2448.981225  	68.353464 
2449.338532  	68.333096 
2449.695839  	67.951015 
2450.053146  	68.201095 
2450.410453  	68.933515 
2450.767760  	68.724124 
2451.125066  	67.948151 
2451.482373  	67.705951 
2451.839680  	67.703192 
2452.196987  	67.617538 
2452.554294  	67.552923 
2452.911601  	67.489987 
2453.268908  	67.352905 
2453.626214  	67.247429 
2453.983521  	67.474662 
2454.340828  	67.720271 
2454.698135  	67.544547 
2455.055442  	67.532605 
2455.412749  	67.881676 
2455.770056  	67.838774 
2456.127362  	67.622405 
2456.484669  	67.770346 
2456.841976  	67.909562 
2457.199283  	67.715555 
2457.556590  	67.361602 
2457.913897  	67.354144 
2458.271204  	67.521736 
2458.628510  	67.498040 
2458.985817  	67.738439 
2459.343124  	67.793251 
2459.700431  	67.487807 
2460.057738  	67.642904 
2460.415045  	67.540366 
2460.772352  	66.894381 
2461.129659  	66.982685 
2461.486965  	67.477633 
2461.844272  	67.205276 
2462.201579  	66.759090 
2462.558886  	66.861646 
2462.916193  	67.023529 
2463.273500  	67.035208 
2463.630807  	67.015759 
2463.988113  	66.917786 
2464.345420  	66.734015 
2464.702727  	66.518634 
2465.060034  	66.477276 
2465.417341  	66.565776 
2465.774648  	66.596464 
2466.131955  	66.610785 
2466.489261  	66.985178 
2466.846568  	67.535386 
2467.203875  	67.303265 
2467.561182  	66.762520 
2467.918489  	66.807195 
2468.275796  	67.127386 
2468.633103  	67.195667 
2468.990409  	66.741564 
2469.347716  	66.544227 
2469.705023  	66.764596 
2470.062330  	66.671098 
2470.419637  	66.649117 
2470.776944  	66.625760 
2471.134251  	66.600199 
2471.491557  	66.870601 
2471.848864  	66.752754 
2472.206171  	66.318393 
2472.563478  	66.104593 
2472.920785  	66.077855 
2473.278092  	65.953292 
2473.635399  	65.921407 
2473.992706  	66.326604 
2474.350012  	66.406840 
2474.707319  	66.177733 
2475.064626  	66.250061 
2475.421933  	66.330103 
2475.779240  	66.483198 
2476.136547  	66.527346 
2476.493854  	66.180982 
2476.851160  	65.796084 
2477.208467  	65.735594 
2477.565774  	65.962274 
2477.923081  	65.864302 
2478.280388  	65.532361 
2478.637695  	65.397753 
2478.995002  	65.420091 
2479.352308  	65.518047 
2479.709615  	65.415341 
2480.066922  	65.561079 
2480.424229  	66.049988 
2480.781536  	66.121153 
2481.138843  	66.037851 
2481.496150  	65.924750 
2481.853456  	65.786700 
2482.210763  	65.997282 
2482.568070  	66.236809 
2482.925377  	66.375473 
2483.282684  	66.262033 
2483.639991  	65.849138 
2483.997298  	65.770984 
2484.354604  	65.981694 
2484.711911  	65.998615 
2485.069218  	65.679963 
2485.426525  	65.263245 
2485.783832  	65.068013 
2486.141139  	65.219418 
2486.498446  	65.638778 
2486.855753  	65.635665 
2487.213059  	65.408973 
2487.570366  	65.411573 
2487.927673  	64.974106 
2488.284980  	64.779680 
2488.642287  	65.182804 
2488.999594  	65.219139 
2489.356901  	65.269844 
2489.714207  	65.319201 
2490.071514  	65.087678 
2490.428821  	65.066691 
2490.786128  	65.155980 
2491.143435  	65.211965 
2491.500742  	65.025622 
2491.858049  	64.707492 
2492.215355  	64.664994 
2492.572662  	64.690779 
2492.929969  	64.687584 
2493.287276  	64.524772 
2493.644583  	64.368946 
2494.001890  	64.634183 
2494.359197  	64.879381 
2494.716503  	64.703413 
2495.073810  	64.435331 
2495.431117  	64.433362 
2495.788424  	64.525958 
2496.145731  	64.628601 
2496.503038  	64.702239 
2496.860345  	64.511439 
2497.217651  	64.567897 
2497.574958  	64.954635 
2497.932265  	65.052612 
2498.289572  	64.765551 
2498.646879  	64.444267 
2499.004186  	64.714550 
2499.361493  	64.921372 
2499.718800  	64.482899 
2500.076106  	64.595317 
2500.433413  	64.829662 
2500.790720  	64.105116 
2501.148027  	63.656008 
2501.505334  	64.072288 
2501.862641  	64.202194 
2502.219948  	64.057941 
2502.577254  	64.205732 
2502.934561  	64.109436 
2503.291868  	64.038386 
2503.649175  	64.379414 
2504.006482  	64.345024 
2504.363789  	63.989169 
2504.721096  	63.837331 
2505.078402  	63.987454 
2505.435709  	64.352816 
2505.793016  	64.443383 
2506.150323  	64.458692 
2506.507630  	64.684121 
2506.864937  	64.323177 
2507.222244  	63.699062 
2507.579550  	63.943330 
2507.936857  	64.488115 
2508.294164  	64.674290 
2508.651471  	64.536337 
2509.008778  	63.980603 
2509.366085  	63.612241 
2509.723392  	63.641076 
2510.080698  	63.820721 
2510.438005  	64.081079 
2510.795312  	64.008841 
2511.152619  	63.877038 
2511.509926  	63.903668 
2511.867233  	64.048939 
2512.224540  	64.185197 
2512.581846  	63.739770 
2512.939153  	63.544448 
2513.296460  	63.826814 
2513.653767  	63.704143 
2514.011074  	63.606388 
2514.368381  	63.545529 
2514.725688  	63.585870 
2515.082995  	63.879762 
2515.440301  	63.718189 
2515.797608  	63.569951 
2516.154915  	63.791391 
2516.512222  	63.648276 
2516.869529  	63.191827 
2517.226836  	63.055373 
2517.584143  	63.172612 
2517.941449  	63.026580 
2518.298756  	62.898427 
2518.656063  	63.169808 
2519.013370  	63.331944 
2519.370677  	63.120751 
2519.727984  	63.056275 
2520.085291  	63.179832 
2520.442597  	63.129975 
2520.799904  	63.389156 
2521.157211  	63.723779 
2521.514518  	63.369529 
2521.871825  	63.156917 
2522.229132  	63.314890 
2522.586439  	63.053542 
2522.943745  	62.850114 
2523.301052  	63.028368 
2523.658359  	62.929788 
2524.015666  	62.819029 
2524.372973  	62.942933 
2524.730280  	62.641182 
2525.087587  	62.379067 
2525.444893  	62.623369 
2525.802200  	62.861551 
2526.159507  	63.073633 
2526.516814  	63.054138 
2526.874121  	62.875922 
2527.231428  	62.840108 
2527.588735  	62.638752 
2527.946042  	62.565982 
2528.303348  	62.587562 
2528.660655  	62.229113 
2529.017962  	62.086886 
2529.375269  	62.659650 
2529.732576  	63.236939 
2530.089883  	63.042017 
2530.447190  	62.576992 
2530.804496  	62.405474 
2531.161803  	62.208364 
2531.519110  	61.968318 
2531.876417  	61.891920 
2532.233724  	61.985706 
2532.591031  	62.309857 
2532.948338  	62.654827 
2533.305644  	62.613473 
2533.662951  	62.498642 
2534.020258  	62.516896 
2534.377565  	62.237086 
2534.734872  	62.188981 
2535.092179  	62.623167 
2535.449486  	62.881226 
2535.806792  	62.875862 
2536.164099  	62.478805 
2536.521406  	62.075796 
2536.878713  	62.142918 
2537.236020  	62.164845 
2537.593327  	62.006678 
2537.950634  	61.816261 
2538.307940  	61.708332 
2538.665247  	61.820646 
2539.022554  	62.046935 
2539.379861  	62.060316 
2539.737168  	61.677533 
2540.094475  	61.583714 
2540.451782  	61.872881 
2540.809089  	62.042356 
2541.166395  	62.118397 
2541.523702  	61.975728 
2541.881009  	61.814548 
2542.238316  	61.779888 
2542.595623  	61.977152 
2542.952930  	62.315967 
2543.310237  	62.049679 
2543.667543  	61.686987 
2544.024850  	61.558192 
2544.382157  	61.344125 
2544.739464  	61.478418 
2545.096771  	61.528668 
2545.454078  	61.239263 
2545.811385  	61.151148 
2546.168691  	61.378717 
2546.525998  	61.646544 
2546.883305  	61.618242 
2547.240612  	61.599792 
2547.597919  	61.552989 
2547.955226  	61.273643 
2548.312533  	60.978586 
2548.669839  	60.777748 
2549.027146  	60.930258 
2549.384453  	60.958420 
2549.741760  	61.108779 
2550.099067  	61.743308 
2550.456374  	61.547905 
2550.813681  	61.062346 
2551.170987  	61.188141 
2551.528294  	61.373594 
2551.885601  	61.637658 
2552.242908  	61.585102 
2552.600215  	61.250004 
2552.957522  	60.976046 
2553.314829  	60.804133 
2553.672136  	61.242759 
2554.029442  	61.730235 
2554.386749  	61.746497 
2554.744056  	61.628304 
2555.101363  	61.633433 
2555.458670  	61.845617 
2555.815977  	61.660960 
2556.173284  	61.466820 
2556.530590  	61.832590 
2556.887897  	61.876869 
2557.245204  	61.574032 
2557.602511  	61.496244 
2557.959818  	61.689228 
2558.317125  	61.805753 
2558.674432  	61.486159 
2559.031738  	61.357195 
2559.389045  	61.501110 
2559.746352  	61.292908 
2560.103659  	61.309650 
2560.460966  	61.991085 
2560.818273  	62.556001 
2561.175580  	62.482592 
2561.532886  	62.155267 
2561.890193  	61.881937 
2562.247500  	61.709066 
2562.604807  	61.914565 
2562.962114  	62.267642 
2563.319421  	62.329431 
2563.676728  	62.293131 
2564.034034  	62.230688 
2564.391341  	62.154480 
2564.748648  	62.249848 
2565.105955  	62.372418 
2565.463262  	62.243908 
2565.820569  	62.023796 
2566.177876  	62.222696 
2566.535183  	62.561943 
2566.892489  	62.590456 
2567.249796  	62.574498 
2567.607103  	62.456256 
2567.964410  	62.402884 
2568.321717  	62.582629 
2568.679024  	62.732263 
2569.036331  	62.884250 
2569.393637  	62.629974 
2569.750944  	62.443743 
2570.108251  	62.998944 
2570.465558  	63.252270 
2570.822865  	63.122760 
2571.180172  	63.014262 
2571.537479  	62.860313 
2571.894785  	63.182121 
2572.252092  	63.553724 
2572.609399  	63.436551 
2572.966706  	63.170161 
2573.324013  	63.013459 
2573.681320  	63.144223 
2574.038627  	63.392245 
2574.395933  	63.514390 
2574.753240  	63.513033 
2575.110547  	63.437052 
2575.467854  	63.422091 
2575.825161  	63.638594 
2576.182468  	63.766651 
2576.539775  	63.630823 
2576.897081  	63.994709 
2577.254388  	64.416209 
2577.611695  	64.211501 
2577.969002  	64.263297 
2578.326309  	64.372382 
2578.683616  	64.253736 
2579.040923  	64.380695 
2579.398230  	64.360791 
2579.755536  	64.146735 
2580.112843  	64.115437 
2580.470150  	64.249082 
2580.827457  	64.130117 
2581.184764  	63.856706 
2581.542071  	63.951523 
2581.899378  	63.958065 
2582.256684  	63.853151 
2582.613991  	64.015194 
2582.971298  	64.229873 
2583.328605  	64.416738 
2583.685912  	64.375985 
2584.043219  	64.347237 
2584.400526  	64.540488 
2584.757832  	64.628353 
2585.115139  	64.764763 
2585.472446  	65.002498 
2585.829753  	65.159380 
2586.187060  	65.051503 
2586.544367  	64.742421 
2586.901674  	64.631975 
2587.258980  	64.662061 
2587.616287  	64.756409 
2587.973594  	65.012081 
2588.330901  	65.212999 
2588.688208  	65.156611 
2589.045515  	65.132794 
2589.402822  	65.383975 
2589.760128  	65.491183 
2590.117435  	65.438808 
2590.474742  	65.508187 
2590.832049  	65.551869 
2591.189356  	65.544492 
2591.546663  	65.489875 
2591.903970  	65.459084 
2592.261276  	65.447594 
2592.618583  	65.431168 
2592.975890  	65.602073 
2593.333197  	65.774626 
2593.690504  	65.740225 
2594.047811  	65.650770 
2594.405118  	65.696904 
2594.762425  	65.725491 
2595.119731  	65.526382 
2595.477038  	65.471009 
2595.834345  	65.635110 
2596.191652  	65.855262 
2596.548959  	66.132164 
2596.906266  	66.171232 
2597.263573  	66.143172 
2597.620879  	66.265642 
2597.978186  	66.170116 
2598.335493  	65.987634 
2598.692800  	66.006183 
2599.050107  	66.029324 
2599.407414  	66.090784 
2599.764721  	66.243515 
2600.122027  	66.179650 
2600.479334  	66.048297 
2600.836641  	66.062158 
2601.193948  	66.013999 
2601.551255  	66.055077 
2601.908562  	66.067087 
2602.265869  	65.743004 
2602.623175  	65.694698 
2602.980482  	66.044872 
2603.337789  	66.016288 
2603.695096  	65.775244 
2604.052403  	65.780179 
2604.409710  	65.802168 
2604.767017  	65.890679 
2605.124323  	66.156177 
2605.481630  	66.284092 
2605.838937  	65.982903 
2606.196244  	65.613226 
2606.553551  	65.831487 
2606.910858  	66.066317 
2607.268165  	65.931948 
2607.625472  	66.093882 
2607.982778  	66.095274 
2608.340085  	65.728821 
2608.697392  	65.788106 
2609.054699  	65.946375 
2609.412006  	65.854448 
2609.769313  	65.981055 
2610.126620  	66.153095 
2610.483926  	66.019710 
2610.841233  	65.876349 
2611.198540  	65.894886 
2611.555847  	66.019022 
2611.913154  	65.970732 
2612.270461  	65.720182 
2612.627768  	65.856106 
2612.985074  	65.982020 
2613.342381  	65.740121 
2613.699688  	65.690984 
2614.056995  	65.708129 
2614.414302  	65.752444 
2614.771609  	65.758725 
2615.128916  	65.808436 
2615.486222  	66.193577 
2615.843529  	66.196321 
2616.200836  	66.139629 
2616.558143  	66.414010 
2616.915450  	66.192709 
2617.272757  	65.745642 
2617.630064  	65.518508 
2617.987370  	65.644597 
2618.344677  	65.971837 
2618.701984  	65.942021 
2619.059291  	65.781826 
2619.416598  	65.697832 
2619.773905  	65.739812 
2620.131212  	65.843380 
2620.488519  	65.790645 
2620.845825  	65.859000 
2621.203132  	65.752336 
2621.560439  	65.309975 
2621.917746  	65.354362 
2622.275053  	65.862866 
2622.632360  	65.894948 
2622.989667  	65.560583 
2623.346973  	65.774577 
2623.704280  	66.179763 
2624.061587  	66.006273 
2624.418894  	65.662768 
2624.776201  	65.606094 
2625.133508  	65.675566 
2625.490815  	65.671154 
2625.848121  	65.703593 
2626.205428  	65.817740 
2626.562735  	65.800252 
2626.920042  	65.656252 
2627.277349  	65.687354 
2627.634656  	65.925761 
2627.991963  	65.977001 
2628.349269  	65.846781 
2628.706576  	65.647969 
2629.063883  	65.448865 
2629.421190  	65.642088 
2629.778497  	65.836852 
2630.135804  	65.746737 
2630.493111  	65.712745 
2630.850417  	65.461742 
2631.207724  	65.258106 
2631.565031  	65.502311 
2631.922338  	65.677009 
2632.279645  	65.726762 
2632.636952  	65.752032 
2632.994259  	65.440936 
2633.351566  	65.155807 
2633.708872  	65.316048 
2634.066179  	65.469844 
2634.423486  	65.512207 
2634.780793  	65.613008 
2635.138100  	65.531736 
2635.495407  	65.464961 
2635.852714  	65.534772 
2636.210020  	65.508183 
2636.567327  	65.426371 
2636.924634  	65.442334 
2637.281941  	65.653972 
2637.639248  	65.726484 
2637.996555  	65.571517 
2638.353862  	65.502151 
2638.711168  	65.365526 
2639.068475  	65.235856 
2639.425782  	65.229451 
2639.783089  	65.200357 
2640.140396  	65.210839 
2640.497703  	65.183737 
2640.855010  	65.153579 
2641.212316  	65.173833 
2641.569623  	65.131580 
2641.926930  	65.132228 
2642.284237  	65.200127 
2642.641544  	65.261475 
2642.998851  	65.281387 
2643.356158  	65.311169 
2643.713464  	65.333472 
2644.070771  	65.139873 
2644.428078  	64.894370 
2644.785385  	64.845249 
2645.142692  	64.918829 
2645.499999  	64.952146 
2645.857306  	64.836976 
2646.214613  	64.802818 
2646.571919  	64.839815 
2646.929226  	64.718607 
2647.286533  	64.669718 
2647.643840  	64.701542 
2648.001147  	64.765286 
2648.358454  	64.882833 
2648.715761  	64.823052 
2649.073067  	64.843052 
2649.430374  	64.929086 
2649.787681  	64.771297 
2650.144988  	64.691868 
2650.502295  	64.598930 
2650.859602  	64.414502 
2651.216909  	64.477206 
2651.574215  	64.564790 
2651.931522  	64.580846 
2652.288829  	64.612696 
2652.646136  	64.563744 
2653.003443  	64.602168 
2653.360750  	64.665550 
2653.718057  	64.493620 
2654.075363  	64.275823 
2654.432670  	64.221907 
2654.789977  	64.356101 
2655.147284  	64.559995 
2655.504591  	64.387766 
2655.861898  	64.087891 
2656.219205  	64.257775 
2656.576511  	64.460480 
2656.933818  	64.470898 
2657.291125  	64.435195 
2657.648432  	64.340148 
2658.005739  	64.480431 
2658.363046  	64.518906 
2658.720353  	64.337074 
2659.077660  	64.311938 
2659.434966  	64.079995 
2659.792273  	63.819201 
2660.149580  	63.924396 
2660.506887  	64.085680 
2660.864194  	64.130431 
2661.221501  	64.038797 
2661.578808  	63.985189 
2661.936114  	64.085896 
2662.293421  	64.143158 
2662.650728  	64.059633 
2663.008035  	63.972646 
2663.365342  	63.957489 
2663.722649  	63.867807 
2664.079956  	63.875304 
2664.437262  	63.984810 
2664.794569  	63.885963 
2665.151876  	63.819170 
2665.509183  	63.922911 
2665.866490  	63.980364 
2666.223797  	63.896583 
2666.581104  	63.813959 
2666.938410  	63.873017 
2667.295717  	63.906281 
2667.653024  	64.041567 
2668.010331  	64.245378 
2668.367638  	64.125426 
2668.724945  	63.964352 
2669.082252  	64.069699 
2669.439558  	64.175781 
2669.796865  	64.025038 
2670.154172  	63.852633 
2670.511479  	63.937702 
2670.868786  	64.032368 
2671.226093  	64.030886 
2671.583400  	64.006666 
2671.940706  	63.988728 
2672.298013  	64.015551 
2672.655320  	63.959751 
2673.012627  	63.993514 
2673.369934  	64.138759 
2673.727241  	64.128195 
2674.084548  	64.163468 
2674.441855  	64.255570 
2674.799161  	64.201332 
2675.156468  	64.167833 
2675.513775  	64.187678 
2675.871082  	64.145407 
2676.228389  	64.113223 
2676.585696  	64.150471 
2676.943003  	64.256451 
2677.300309  	64.399423 
2677.657616  	64.420561 
2678.014923  	64.342194 
2678.372230  	64.384573 
2678.729537  	64.523424 
2679.086844  	64.631980 
2679.444151  	64.708455 
2679.801457  	64.730592 
2680.158764  	64.674230 
2680.516071  	64.661362 
2680.873378  	64.796306 
2681.230685  	64.951343 
2681.587992  	64.928248 
2681.945299  	64.707104 
2682.302605  	64.588299 
2682.659912  	64.721435 
2683.017219  	64.887721 
2683.374526  	65.059814 
2683.731833  	65.177118 
2684.089140  	65.200516 
2684.446447  	65.315529 
2684.803753  	65.353323 
2685.161060  	65.272436 
2685.518367  	65.235683 
2685.875674  	65.203727 
2686.232981  	65.413601 
2686.590288  	65.867665 
2686.947595  	66.127368 
2687.304902  	66.094793 
2687.662208  	65.948573 
2688.019515  	65.873098 
2688.376822  	65.939166 
2688.734129  	66.121579 
2689.091436  	66.302681 
2689.448743  	66.329731 
2689.806050  	66.357483 
2690.163356  	66.494047 
2690.520663  	66.618386 
2690.877970  	66.739038 
2691.235277  	66.817470 
2691.592584  	66.822097 
2691.949891  	66.849130 
2692.307198  	66.916708 
2692.664504  	67.008959 
2693.021811  	67.121730 
2693.379118  	67.183370 
2693.736425  	67.143426 
2694.093732  	67.235547 
2694.451039  	67.478604 
2694.808346  	67.484547 
2695.165652  	67.412772 
2695.522959  	67.481846 
2695.880266  	67.509937 
2696.237573  	67.617675 
2696.594880  	67.785691 
2696.952187  	67.834367 
2697.309494  	67.813818 
2697.666800  	67.774585 
2698.024107  	67.770918 
2698.381414  	67.782352 
2698.738721  	67.944884 
2699.096028  	68.184688 
2699.453335  	68.111998 
2699.810642  	68.006774 
2700.167949  	68.150820 
2700.525255  	68.333927 
2700.882562  	68.430889 
2701.239869  	68.367693 
2701.597176  	68.335888 
2701.954483  	68.364017 
2702.311790  	68.243166 
2702.669097  	68.263746 
2703.026403  	68.524526 
2703.383710  	68.584634 
2703.741017  	68.411256 
2704.098324  	68.409737 
2704.455631  	68.461178 
2704.812938  	68.280716 
2705.170245  	68.255387 
2705.527551  	68.378140 
2705.884858  	68.284183 
2706.242165  	68.287404 
2706.599472  	68.421888 
2706.956779  	68.497124 
2707.314086  	68.634885 
2707.671393  	68.578185 
2708.028699  	68.387796 
2708.386006  	68.495791 
2708.743313  	68.722223 
2709.100620  	68.864267 
2709.457927  	68.821825 
2709.815234  	68.530480 
2710.172541  	68.404385 
2710.529847  	68.549533 
2710.887154  	68.631591 
2711.244461  	68.653405 
2711.601768  	68.673592 
2711.959075  	68.568072 
2712.316382  	68.408594 
2712.673689  	68.438060 
2713.030996  	68.581412 
2713.388302  	68.578315 
2713.745609  	68.518746 
2714.102916  	68.501986 
2714.460223  	68.462804 
2714.817530  	68.480490 
2715.174837  	68.510304 
2715.532144  	68.450257 
2715.889450  	68.409104 
2716.246757  	68.384017 
2716.604064  	68.354536 
2716.961371  	68.441504 
2717.318678  	68.511840 
2717.675985  	68.379510 
2718.033292  	68.220216 
2718.390598  	68.202831 
2718.747905  	68.209461 
2719.105212  	68.182458 
2719.462519  	68.210923 
2719.819826  	68.284172 
2720.177133  	68.388790 
2720.534440  	68.403725 
2720.891746  	68.203749 
2721.249053  	68.063287 
2721.606360  	68.096337 
2721.963667  	68.174776 
2722.320974  	68.226161 
2722.678281  	68.094250 
2723.035588  	67.998948 
2723.392894  	68.058857 
2723.750201  	68.018513 
2724.107508  	67.980183 
2724.464815  	67.969806 
2724.822122  	67.944624 
2725.179429  	67.947675 
2725.536736  	67.881866 
2725.894043  	67.806128 
2726.251349  	67.715705 
2726.608656  	67.692766 
2726.965963  	67.796829 
2727.323270  	67.812669 
2727.680577  	67.818362 
2728.037884  	67.810859 
2728.395191  	67.799470 
2728.752497  	67.901378 
2729.109804  	67.857008 
2729.467111  	67.791285 
2729.824418  	67.809688 
2730.181725  	67.655593 
2730.539032  	67.590505 
2730.896339  	67.670932 
2731.253645  	67.675209 
2731.610952  	67.707751 
2731.968259  	67.727220 
2732.325566  	67.758360 
2732.682873  	67.871309 
2733.040180  	67.867163 
2733.397487  	67.826957 
2733.754793  	67.920253 
2734.112100  	67.971512 
2734.469407  	68.045769 
2734.826714  	68.314749 
2735.184021  	68.420837 
2735.541328  	68.300952 
2735.898635  	68.362604 
2736.255941  	68.406510 
2736.613248  	68.249849 
2736.970555  	68.247798 
2737.327862  	68.416763 
2737.685169  	68.515254 
2738.042476  	68.482040 
2738.399783  	68.459431 
2738.757090  	68.558415 
2739.114396  	68.625538 
2739.471703  	68.681395 
2739.829010  	68.893909 
2740.186317  	69.119676 
2740.543624  	69.120585 
2740.900931  	69.021147 
2741.258238  	69.080960 
2741.615544  	69.156031 
2741.972851  	69.074470 
2742.330158  	68.960735 
2742.687465  	68.970618 
2743.044772  	69.070518 
2743.402079  	69.056891 
2743.759386  	69.109496 
2744.116692  	69.298734 
2744.473999  	69.295270 
2744.831306  	69.224756 
2745.188613  	69.206275 
2745.545920  	69.232575 
2745.903227  	69.355287 
2746.260534  	69.330144 
2746.617840  	69.247966 
2746.975147  	69.336613 
2747.332454  	69.484221 
2747.689761  	69.574933 
2748.047068  	69.563711 
2748.404375  	69.573273 
2748.761682  	69.637464 
2749.118988  	69.669026 
2749.476295  	69.679658 
2749.833602  	69.624515 
2750.190909  	69.609296 
2750.548216  	69.716736 
2750.905523  	69.680182 
2751.262830  	69.524704 
2751.620136  	69.574902 
2751.977443  	69.608825 
2752.334750  	69.459080 
2752.692057  	69.414317 
2753.049364  	69.355180 
2753.406671  	69.205829 
2753.763978  	69.107686 
2754.121285  	69.083065 
2754.478591  	69.264778 
2754.835898  	69.428066 
2755.193205  	69.376469 
2755.550512  	69.246613 
2755.907819  	69.122804 
2756.265126  	69.145434 
2756.622433  	69.160595 
2756.979739  	69.073065 
2757.337046  	69.002488 
2757.694353  	68.958527 
2758.051660  	69.037583 
2758.408967  	69.126574 
2758.766274  	69.134741 
2759.123581  	69.009580 
2759.480887  	68.783453 
2759.838194  	68.791407 
2760.195501  	68.810888 
2760.552808  	68.646009 
2760.910115  	68.616130 
2761.267422  	68.741193 
2761.624729  	68.830291 
2761.982035  	68.761897 
2762.339342  	68.664383 
2762.696649  	68.639500 
2763.053956  	68.685896 
2763.411263  	68.807208 
2763.768570  	68.742762 
2764.125877  	68.548569 
2764.483183  	68.510568 
2764.840490  	68.620481 
2765.197797  	68.722815 
2765.555104  	68.650385 
2765.912411  	68.544667 
2766.269718  	68.527891 
2766.627025  	68.546587 
2766.984332  	68.553628 
2767.341638  	68.434341 
2767.698945  	68.341451 
2768.056252  	68.430066 
2768.413559  	68.557950 
2768.770866  	68.506743 
2769.128173  	68.283573 
2769.485480  	68.175065 
2769.842786  	68.189699 
2770.200093  	68.188254 
2770.557400  	68.165547 
2770.914707  	68.201100 
2771.272014  	68.351689 
2771.629321  	68.444892 
2771.986628  	68.444970 
2772.343934  	68.331728 
2772.701241  	68.160504 
2773.058548  	68.148351 
2773.415855  	68.131943 
2773.773162  	68.112790 
2774.130469  	68.141861 
2774.487776  	68.053593 
2774.845082  	67.980497 
2775.202389  	67.938458 
2775.559696  	67.935590 
2775.917003  	68.008310 
2776.274310  	68.045068 
2776.631617  	68.074689 
2776.988924  	67.937059 
2777.346230  	67.707092 
2777.703537  	67.763166 
2778.060844  	67.882767 
2778.418151  	67.731953 
2778.775458  	67.543854 
2779.132765  	67.528674 
2779.490072  	67.479741 
2779.847379  	67.459233 
2780.204685  	67.617656 
2780.561992  	67.582334 
2780.919299  	67.373330 
2781.276606  	67.325844 
2781.633913  	67.294367 
2781.991220  	67.204108 
2782.348527  	67.170639 
2782.705833  	67.231002 
2783.063140  	67.320920 
2783.420447  	67.302934 
2783.777754  	67.278157 
2784.135061  	67.310501 
2784.492368  	67.222957 
2784.849675  	67.086086 
2785.206981  	67.100613 
2785.564288  	67.179222 
2785.921595  	67.102707 
2786.278902  	66.963387 
2786.636209  	67.081645 
2786.993516  	67.279941 
2787.350823  	67.172220 
2787.708129  	66.990622 
2788.065436  	66.884161 
2788.422743  	66.687095 
2788.780050  	66.717442 
2789.137357  	66.940941 
2789.494664  	66.828071 
2789.851971  	66.721542 
2790.209277  	66.865644 
2790.566584  	66.854765 
2790.923891  	66.831737 
2791.281198  	66.828614 
2791.638505  	66.723476 
2791.995812  	66.651087 
2792.353119  	66.407393 
2792.710426  	66.282582 
2793.067732  	66.491073 
2793.425039  	66.477283 
2793.782346  	66.375200 
2794.139653  	66.381504 
2794.496960  	66.280995 
2794.854267  	66.230028 
2795.211574  	66.207215 
2795.568880  	66.151578 
2795.926187  	66.131755 
2796.283494  	66.016460 
2796.640801  	65.874117 
2796.998108  	65.904086 
2797.355415  	65.984877 
2797.712722  	65.843335 
2798.070028  	65.609459 
2798.427335  	65.640594 
2798.784642  	65.812943 
2799.141949  	65.735297 
2799.499256  	65.555338 
2799.856563  	65.643171 
2800.213870  	65.829927 
2800.571176  	65.919679 
2800.928483  	65.853015 
2801.285790  	65.586383 
2801.643097  	65.414314 
2802.000404  	65.406033 
2802.357711  	65.549240 
2802.715018  	65.720745 
2803.072324  	65.468640 
2803.429631  	65.165176 
2803.786938  	65.279435 
2804.144245  	65.513146 
2804.501552  	65.552934 
2804.858859  	65.329778 
2805.216166  	65.228273 
2805.573473  	65.344217 
2805.930779  	65.335424 
2806.288086  	65.281087 
2806.645393  	65.313226 
2807.002700  	65.376002 
2807.360007  	65.369144 
2807.717314  	65.392888 
2808.074621  	65.477393 
2808.431927  	65.349768 
2808.789234  	65.132604 
2809.146541  	65.049624 
2809.503848  	65.169142 
2809.861155  	65.316380 
2810.218462  	65.191630 
2810.575769  	65.182516 
2810.933075  	65.333905 
2811.290382  	65.213990 
2811.647689  	65.066721 
2812.004996  	65.151103 
2812.362303  	65.269486 
2812.719610  	65.243623 
2813.076917  	65.347245 
2813.434223  	65.579994 
2813.791530  	65.465008 
2814.148837  	65.194812 
2814.506144  	65.108053 
2814.863451  	65.220053 
2815.220758  	65.353325 
2815.578065  	65.327060 
2815.935371  	65.473391 
2816.292678  	65.571382 
2816.649985  	65.305854 
2817.007292  	65.193127 
2817.364599  	65.229637 
2817.721906  	65.262025 
2818.079213  	65.415515 
2818.436520  	65.503887 
2818.793826  	65.487730 
2819.151133  	65.449374 
2819.508440  	65.493161 
2819.865747  	65.628216 
2820.223054  	65.692654 
2820.580361  	65.690122 
2820.937668  	65.565654 
2821.294974  	65.529445 
2821.652281  	65.730813 
2822.009588  	65.670966 
2822.366895  	65.558957 
2822.724202  	65.744438 
2823.081509  	65.757120 
2823.438816  	65.650000 
2823.796122  	65.545102 
2824.153429  	65.416517 
2824.510736  	65.470710 
2824.868043  	65.419801 
2825.225350  	65.416917 
2825.582657  	65.566724 
2825.939964  	65.388915 
2826.297270  	65.298603 
2826.654577  	65.404974 
2827.011884  	65.299260 
2827.369191  	65.292809 
2827.726498  	65.450464 
2828.083805  	65.493544 
2828.441112  	65.386975 
2828.798418  	65.292760 
2829.155725  	65.287629 
2829.513032  	65.345271 
2829.870339  	65.459142 
2830.227646  	65.434551 
2830.584953  	65.432121 
2830.942260  	65.524355 
2831.299567  	65.455060 
2831.656873  	65.446254 
2832.014180  	65.423040 
2832.371487  	65.353555 
2832.728794  	65.444565 
2833.086101  	65.426392 
2833.443408  	65.386514 
2833.800715  	65.355841 
2834.158021  	65.242376 
2834.515328  	65.348662 
2834.872635  	65.420109 
2835.229942  	65.212113 
2835.587249  	65.177958 
2835.944556  	65.467462 
2836.301863  	65.607536 
2836.659169  	65.354948 
2837.016476  	65.025311 
2837.373783  	64.969346 
2837.731090  	65.219431 
2838.088397  	65.391238 
2838.445704  	65.409652 
2838.803011  	65.414768 
2839.160317  	65.216667 
2839.517624  	65.161180 
2839.874931  	65.398393 
2840.232238  	65.375701 
2840.589545  	65.123517 
2840.946852  	65.049533 
2841.304159  	65.253768 
2841.661465  	65.425687 
2842.018772  	65.438809 
2842.376079  	65.465401 
2842.733386  	65.355573 
2843.090693  	65.283913 
2843.448000  	65.488846 
2843.805307  	65.668768 
2844.162613  	65.684835 
2844.519920  	65.690666 
2844.877227  	65.789661 
2845.234534  	65.740329 
2845.591841  	65.558957 
2845.949148  	65.578385 
2846.306455  	65.614896 
2846.663762  	65.717365 
2847.021068  	65.989381 
2847.378375  	65.997378 
2847.735682  	65.861969 
2848.092989  	65.947790 
2848.450296  	66.055733 
2848.807603  	65.973987 
2849.164910  	65.820235 
2849.522216  	65.818955 
2849.879523  	66.099516 
2850.236830  	66.419318 
2850.594137  	66.484993 
2850.951444  	66.565495 
2851.308751  	66.646404 
2851.666058  	66.427102 
2852.023364  	66.295682 
2852.380671  	66.392663 
2852.737978  	66.396382 
2853.095285  	66.321126 
2853.452592  	66.395998 
2853.809899  	66.676950 
2854.167206  	66.742329 
2854.524512  	66.554390 
2854.881819  	66.574980 
2855.239126  	66.682751 
2855.596433  	66.740200 
2855.953740  	66.867512 
2856.311047  	66.853815 
2856.668354  	66.640897 
2857.025660  	66.657878 
2857.382967  	66.952304 
2857.740274  	66.978526 
2858.097581  	66.756661 
2858.454888  	66.706568 
2858.812195  	66.831295 
2859.169502  	66.978239 
2859.526809  	66.990158 
2859.884115  	66.899393 
2860.241422  	66.779511 
2860.598729  	66.641253 
2860.956036  	66.679199 
2861.313343  	66.855563 
2861.670650  	67.023448 
2862.027957  	67.145325 
2862.385263  	67.136225 
2862.742570  	67.039501 
2863.099877  	66.989955 
2863.457184  	67.133193 
2863.814491  	67.278257 
2864.171798  	67.230150 
2864.529105  	67.259550 
2864.886411  	67.262547 
2865.243718  	67.096992 
2865.601025  	67.106051 
2865.958332  	67.233334 
2866.315639  	67.219166 
2866.672946  	67.230403 
2867.030253  	67.319647 
2867.387559  	67.264816 
2867.744866  	67.261084 
2868.102173  	67.534039 
2868.459480  	67.783294 
2868.816787  	67.801472 
2869.174094  	67.647171 
2869.531401  	67.533564 
2869.888707  	67.548516 
2870.246014  	67.497512 
2870.603321  	67.473108 
2870.960628  	67.544357 
2871.317935  	67.591451 
2871.675242  	67.662807 
2872.032549  	67.747622 
2872.389856  	67.842623 
2872.747162  	67.845896 
2873.104469  	67.711123 
2873.461776  	67.691153 
2873.819083  	67.743933 
2874.176390  	67.789645 
2874.533697  	67.930854 
2874.891004  	67.980081 
2875.248310  	67.934601 
2875.605617  	67.948880 
2875.962924  	67.854163 
2876.320231  	67.661040 
2876.677538  	67.585816 
2877.034845  	67.637596 
2877.392152  	67.669328 
2877.749458  	67.579936 
2878.106765  	67.545109 
2878.464072  	67.712073 
2878.821379  	67.892441 
2879.178686  	67.839620 
2879.535993  	67.681049 
2879.893300  	67.750468 
2880.250606  	67.755776 
2880.607913  	67.507224 
2880.965220  	67.478624 
2881.322527  	67.593773 
2881.679834  	67.558156 
2882.037141  	67.486897 
2882.394448  	67.467318 
2882.751754  	67.403872 
2883.109061  	67.263860 
2883.466368  	67.339532 
2883.823675  	67.460828 
2884.180982  	67.463370 
2884.538289  	67.656067 
2884.895596  	67.602821 
2885.252903  	67.287105 
2885.610209  	67.360667 
2885.967516  	67.602823 
2886.324823  	67.636531 
2886.682130  	67.472593 
2887.039437  	67.346220 
2887.396744  	67.369399 
2887.754051  	67.317008 
2888.111357  	67.195879 
2888.468664  	67.149230 
2888.825971  	67.221776 
2889.183278  	67.323976 
2889.540585  	67.380711 
2889.897892  	67.437565 
2890.255199  	67.446724 
2890.612505  	67.483133 
2890.969812  	67.546716 
2891.327119  	67.408758 
2891.684426  	67.063861 
2892.041733  	66.952784 
2892.399040  	67.200842 
2892.756347  	67.261090 
2893.113653  	67.217213 
2893.470960  	67.248025 
2893.828267  	67.141377 
2894.185574  	67.239617 
2894.542881  	67.309819 
2894.900188  	67.155832 
2895.257495  	67.326331 
2895.614801  	67.539946 
2895.972108  	67.486372 
2896.329415  	67.423283 
2896.686722  	67.409217 
2897.044029  	67.326307 
2897.401336  	67.123632 
2897.758643  	67.110575 
2898.115950  	67.369217 
2898.473256  	67.562001 
2898.830563  	67.457261 
2899.187870  	67.227127 
2899.545177  	67.263118 
2899.902484  	67.307388 
2900.259791  	67.323955 
2900.617098  	67.605364 
2900.974404  	67.569657 
2901.331711  	67.361400 
2901.689018  	67.538807 
2902.046325  	67.530718 
2902.403632  	67.399436 
2902.760939  	67.508170 
2903.118246  	67.463526 
2903.475552  	67.478242 
2903.832859  	67.753952 
2904.190166  	67.769039 
2904.547473  	67.546473 
2904.904780  	67.605315 
2905.262087  	67.847097 
2905.619394  	67.790044 
2905.976700  	67.636548 
2906.334007  	67.673459 
2906.691314  	67.690021 
2907.048621  	67.714884 
2907.405928  	67.804537 
2907.763235  	67.796680 
2908.120542  	67.585980 
2908.477848  	67.456385 
2908.835155  	67.718012 
2909.192462  	67.862391 
2909.549769  	67.756432 
2909.907076  	67.774745 
2910.264383  	67.725215 
2910.621690  	67.643439 
2910.978997  	67.678600 
2911.336303  	67.746692 
2911.693610  	67.807179 
2912.050917  	67.907741 
2912.408224  	68.017792 
2912.765531  	67.764618 
2913.122838  	67.599832 
2913.480145  	67.977712 
2913.837451  	68.098254 
2914.194758  	67.941332 
2914.552065  	68.055639 
2914.909372  	68.251983 
2915.266679  	68.300901 
2915.623986  	68.160537 
2915.981293  	68.043052 
2916.338599  	68.126927 
2916.695906  	68.196619 
2917.053213  	68.124346 
2917.410520  	68.151871 
2917.767827  	68.275333 
2918.125134  	68.171271 
2918.482441  	67.991596 
2918.839747  	68.063804 
2919.197054  	68.390663 
2919.554361  	68.655635 
2919.911668  	68.566176 
2920.268975  	68.374597 
2920.626282  	68.390629 
2920.983589  	68.511515 
2921.340895  	68.311478 
2921.698202  	68.022505 
2922.055509  	68.226983 
2922.412816  	68.407293 
2922.770123  	68.438315 
2923.127430  	68.607208 
2923.484737  	68.529253 
2923.842043  	68.356434 
2924.199350  	68.321112 
2924.556657  	68.425256 
2924.913964  	68.599005 
2925.271271  	68.707677 
2925.628578  	68.889322 
2925.985885  	68.742158 
2926.343192  	68.379896 
2926.700498  	68.392834 
2927.057805  	68.464184 
2927.415112  	68.557307 
2927.772419  	68.613980 
2928.129726  	68.424253 
2928.487033  	68.417602 
2928.844340  	68.674241 
2929.201646  	68.828764 
2929.558953  	68.683032 
2929.916260  	68.489700 
2930.273567  	68.519162 
2930.630874  	68.626778 
2930.988181  	68.772090 
2931.345488  	68.861896 
2931.702794  	68.762756 
2932.060101  	68.593442 
2932.417408  	68.451658 
2932.774715  	68.346912 
2933.132022  	68.349184 
2933.489329  	68.556435 
2933.846636  	68.743002 
2934.203942  	68.708562 
2934.561249  	68.556729 
2934.918556  	68.381046 
2935.275863  	68.386954 
2935.633170  	68.575563 
2935.990477  	68.782167 
2936.347784  	68.884620 
2936.705090  	68.676671 
2937.062397  	68.364689 
2937.419704  	68.323925 
2937.777011  	68.572902 
2938.134318  	68.695407 
2938.491625  	68.466483 
2938.848932  	68.411407 
2939.206239  	68.489217 
2939.563545  	68.369721 
2939.920852  	68.482522 
2940.278159  	68.775176 
2940.635466  	68.781847 
2940.992773  	68.554759 
2941.350080  	68.455122 
2941.707387  	68.548499 
2942.064693  	68.487112 
2942.422000  	68.432305 
2942.779307  	68.535075 
2943.136614  	68.488423 
2943.493921  	68.497208 
2943.851228  	68.607149 
2944.208535  	68.573556 
2944.565841  	68.529998 
2944.923148  	68.417497 
2945.280455  	68.300727 
2945.637762  	68.490185 
2945.995069  	68.748999 
2946.352376  	68.782222 
2946.709683  	68.747073 
2947.066989  	68.713933 
2947.424296  	68.617576 
2947.781603  	68.539377 
2948.138910  	68.580407 
2948.496217  	68.696319 
2948.853524  	68.734175 
2949.210831  	68.711906 
2949.568137  	68.609482 
2949.925444  	68.355582 
2950.282751  	68.335868 
2950.640058  	68.639484 
2950.997365  	68.790709 
2951.354672  	68.706234 
2951.711979  	68.632305 
2952.069286  	68.558801 
2952.426592  	68.339331 
2952.783899  	68.306777 
2953.141206  	68.487633 
2953.498513  	68.352222 
2953.855820  	68.181077 
2954.213127  	68.164899 
2954.570434  	68.212027 
2954.927740  	68.508693 
2955.285047  	68.590304 
2955.642354  	68.427618 
2955.999661  	68.387382 
2956.356968  	68.372248 
2956.714275  	68.356696 
2957.071582  	68.186503 
2957.428888  	68.214826 
2957.786195  	68.426074 
2958.143502  	68.206649 
2958.500809  	68.187844 
2958.858116  	68.384004 
2959.215423  	68.140686 
2959.572730  	67.966376 
2959.930036  	68.047791 
2960.287343  	68.182772 
2960.644650  	68.248253 
2961.001957  	68.058589 
2961.359264  	67.987783 
2961.716571  	68.142650 
2962.073878  	68.148043 
2962.431184  	68.078908 
2962.788491  	68.069123 
2963.145798  	68.040372 
2963.503105  	68.077200 
2963.860412  	68.165429 
2964.217719  	68.076893 
2964.575026  	67.925658 
2964.932333  	68.087114 
2965.289639  	68.336632 
2965.646946  	68.145189 
2966.004253  	67.854071 
2966.361560  	67.880103 
2966.718867  	67.886272 
2967.076174  	67.887152 
2967.433481  	67.996775 
2967.790787  	67.868271 
2968.148094  	67.730765 
2968.505401  	67.910868 
2968.862708  	67.975292 
2969.220015  	67.902379 
2969.577322  	68.037365 
2969.934629  	68.108810 
2970.291935  	67.988471 
2970.649242  	67.766393 
2971.006549  	67.605537 
2971.363856  	67.852613 
2971.721163  	68.094784 
2972.078470  	68.054607 
2972.435777  	68.065715 
2972.793083  	68.025347 
2973.150390  	67.907844 
2973.507697  	67.885837 
2973.865004  	68.012558 
2974.222311  	68.111021 
2974.579618  	68.084783 
2974.936925  	68.103761 
2975.294231  	67.959542 
2975.651538  	67.889570 
2976.008845  	68.112924 
2976.366152  	68.182662 
2976.723459  	68.140811 
2977.080766  	68.012313 
2977.438073  	67.972851 
2977.795380  	68.094022 
2978.152686  	68.100465 
2978.509993  	68.219704 
2978.867300  	68.168276 
2979.224607  	68.049377 
2979.581914  	68.098211 
2979.939221  	67.860161 
2980.296528  	68.009335 
2980.653834  	68.490764 
2981.011141  	68.504590 
2981.368448  	68.398540 
2981.725755  	68.304474 
2982.083062  	68.341958 
2982.440369  	68.460368 
2982.797676  	68.502539 
2983.154982  	68.593412 
2983.512289  	68.490697 
2983.869596  	68.554810 
2984.226903  	68.846485 
2984.584210  	68.895466 
2984.941517  	69.028040 
2985.298824  	69.198141 
2985.656130  	69.101102 
2986.013437  	68.917091 
2986.370744  	68.864691 
2986.728051  	68.972135 
2987.085358  	69.035736 
2987.442665  	69.152204 
2987.799972  	69.300563 
2988.157278  	69.130675 
2988.514585  	68.831985 
2988.871892  	68.739351 
2989.229199  	68.866663 
2989.586506  	69.196546 
2989.943813  	69.533120 
2990.301120  	69.532242 
2990.658427  	69.320446 
2991.015733  	69.229028 
2991.373040  	69.299160 
2991.730347  	69.546633 
2992.087654  	69.694243 
2992.444961  	69.585628 
2992.802268  	69.570712 
2993.159575  	69.630460 
2993.516881  	69.622528 
2993.874188  	69.558324 
2994.231495  	69.430579 
2994.588802  	69.372554 
2994.946109  	69.369143 
2995.303416  	69.479511 
2995.660723  	69.711818 
2996.018029  	69.816457 
2996.375336  	69.791133 
2996.732643  	69.624465 
2997.089950  	69.488631 
2997.447257  	69.605132 
2997.804564  	69.666190 
2998.161871  	69.692672 
2998.519177  	69.844450 
2998.876484  	69.828557 
2999.233791  	69.681374 
2999.591098  	69.692780 
2999.948405  	69.799970 
3000.305712  	69.841958 
3000.663019  	69.920521 
3001.020325  	70.027304 
3001.377632  	70.114214 
3001.734939  	70.266807 
3002.092246  	70.219853 
3002.449553  	70.038590 
3002.806860  	70.021443 
3003.164167  	69.959524 
3003.521473  	69.943254 
3003.878780  	70.055076 
3004.236087  	70.114765 
3004.593394  	70.129261 
3004.950701  	70.098367 
3005.308008  	70.184278 
3005.665315  	70.291332 
3006.022622  	70.311873 
3006.379928  	70.437982 
3006.737235  	70.462008 
3007.094542  	70.371110 
3007.451849  	70.389425 
3007.809156  	70.494165 
3008.166463  	70.539993 
3008.523770  	70.412217 
3008.881076  	70.461705 
3009.238383  	70.632926 
3009.595690  	70.500806 
3009.952997  	70.454401 
3010.310304  	70.657155 
3010.667611  	70.637554 
3011.024918  	70.483234 
3011.382224  	70.623954 
3011.739531  	70.891689 
3012.096838  	70.959670 
3012.454145  	70.910485 
3012.811452  	70.922220 
3013.168759  	71.053167 
3013.526066  	71.105937 
3013.883372  	71.165476 
3014.240679  	71.327986 
3014.597986  	71.169489 
3014.955293  	70.970771 
3015.312600  	71.073975 
3015.669907  	71.143140 
3016.027214  	71.166474 
3016.384520  	71.196603 
3016.741827  	71.394976 
3017.099134  	71.638087 
3017.456441  	71.415030 
3017.813748  	71.167941 
3018.171055  	71.358623 
3018.528362  	71.530139 
3018.885669  	71.495793 
3019.242975  	71.522329 
3019.600282  	71.509877 
3019.957589  	71.449949 
3020.314896  	71.576186 
3020.672203  	71.551118 
3021.029510  	71.501899 
3021.386817  	71.820129 
3021.744123  	71.918390 
3022.101430  	71.707884 
3022.458737  	71.563646 
3022.816044  	71.488173 
3023.173351  	71.682944 
3023.530658  	71.999477 
3023.887965  	72.065722 
3024.245271  	71.964723 
3024.602578  	71.901670 
3024.959885  	72.000427 
3025.317192  	72.187832 
3025.674499  	72.186070 
3026.031806  	72.071351 
3026.389113  	72.127603 
3026.746419  	72.111170 
3027.103726  	72.063519 
3027.461033  	72.209963 
3027.818340  	72.134573 
3028.175647  	72.028608 
3028.532954  	72.118926 
3028.890261  	72.123478 
3029.247567  	72.332393 
3029.604874  	72.477496 
3029.962181  	72.252911 
3030.319488  	72.301288 
3030.676795  	72.572760 
3031.034102  	72.653074 
3031.391409  	72.631382 
3031.748716  	72.520780 
3032.106022  	72.311680 
3032.463329  	72.192673 
3032.820636  	72.306621 
3033.177943  	72.457577 
3033.535250  	72.443526 
3033.892557  	72.376264 
3034.249864  	72.401221 
3034.607170  	72.495700 
3034.964477  	72.615736 
3035.321784  	72.798120 
3035.679091  	72.837288 
3036.036398  	72.606042 
3036.393705  	72.486933 
3036.751012  	72.603058 
3037.108318  	72.673164 
3037.465625  	72.574301 
3037.822932  	72.388890 
3038.180239  	72.314805 
3038.537546  	72.392120 
3038.894853  	72.440042 
3039.252160  	72.340267 
3039.609466  	72.114807 
3039.966773  	71.860026 
3040.324080  	71.746269 
3040.681387  	71.861608 
3041.038694  	71.935842 
3041.396001  	71.839485 
3041.753308  	71.770514 
3042.110614  	71.622891 
3042.467921  	71.447576 
3042.825228  	71.524462 
3043.182535  	71.586887 
3043.539842  	71.453057 
3043.897149  	71.328614 
3044.254456  	71.250927 
3044.611763  	71.282014 
3044.969069  	71.489200 
3045.326376  	71.718853 
3045.683683  	71.691513 
3046.040990  	71.482732 
3046.398297  	71.632847 
3046.755604  	71.879084 
3047.112911  	71.654594 
3047.470217  	71.581493 
3047.827524  	71.921667 
3048.184831  	72.165069 
3048.542138  	72.393841 
3048.899445  	72.517707 
3049.256752  	72.406414 
3049.614059  	72.416070 
3049.971365  	72.518876 
3050.328672  	72.660965 
3050.685979  	72.775585 
3051.043286  	72.789778 
3051.400593  	72.990979 
3051.757900  	73.133624 
3052.115207  	73.107602 
3052.472513  	73.266143 
3052.829820  	73.403562 
3053.187127  	73.544081 
3053.544434  	73.735749 
3053.901741  	73.716368 
3054.259048  	73.735090 
3054.616355  	73.883152 
3054.973661  	74.033893 
3055.330968  	74.100322 
3055.688275  	74.061577 
3056.045582  	74.171764 
3056.402889  	74.142175 
3056.760196  	73.947735 
3057.117503  	74.057686 
3057.474810  	74.097586 
3057.832116  	74.145352 
3058.189423  	74.497346 
3058.546730  	74.495383 
3058.904037  	74.162173 
3059.261344  	74.058341 
3059.618651  	74.183612 
3059.975958  	74.299428 
3060.333264  	74.146519 
3060.690571  	74.026020 
3061.047878  	74.279431 
3061.405185  	74.505311 
3061.762492  	74.566144 
3062.119799  	74.628759 
3062.477106  	74.532881 
3062.834412  	74.287334 
3063.191719  	74.207010 
3063.549026  	74.368029 
3063.906333  	74.426515 
3064.263640  	74.319020 
3064.620947  	74.267989 
3064.978254  	74.038641 
3065.335560  	73.712738 
3065.692867  	73.694968 
3066.050174  	73.731481 
3066.407481  	73.623894 
3066.764788  	73.424718 
3067.122095  	73.226213 
3067.479402  	73.326375 
3067.836708  	73.471022 
3068.194015  	73.391553 
3068.551322  	73.400808 
3068.908629  	73.431739 
3069.265936  	73.292092 
3069.623243  	73.192210 
3069.980550  	73.283301 
3070.337857  	73.411903 
3070.695163  	73.452398 
3071.052470  	73.569011 
3071.409777  	73.695896 
3071.767084  	73.684566 
3072.124391  	73.733489 
3072.481698  	73.807524 
3072.839005  	73.824028 
3073.196311  	73.899953 
3073.553618  	73.858048 
3073.910925  	73.661675 
3074.268232  	73.660136 
3074.625539  	73.861529 
3074.982846  	73.957698 
3075.340153  	73.980608 
3075.697459  	73.996728 
3076.054766  	73.869192 
3076.412073  	73.792185 
3076.769380  	73.703321 
3077.126687  	73.330803 
3077.483994  	73.207156 
3077.841301  	73.536262 
3078.198607  	73.803036 
3078.555914  	73.883090 
3078.913221  	73.886754 
3079.270528  	74.022811 
3079.627835  	74.148867 
3079.985142  	74.117181 
3080.342449  	74.325657 
3080.699755  	74.410028 
3081.057062  	74.175498 
3081.414369  	74.114452 
3081.771676  	74.014461 
3082.128983  	74.000492 
3082.486290  	74.224586 
3082.843597  	74.240749 
3083.200904  	74.188667 
3083.558210  	74.243363 
3083.915517  	74.305514 
3084.272824  	74.168355 
3084.630131  	73.909111 
3084.987438  	74.038818 
3085.344745  	74.251125 
3085.702052  	74.102991 
3086.059358  	73.750943 
3086.416665  	73.484783 
3086.773972  	73.594538 
3087.131279  	73.617570 
3087.488586  	73.187129 
3087.845893  	72.726545 
3088.203200  	72.631863 
3088.560506  	72.877862 
3088.917813  	72.771131 
3089.275120  	72.312476 
3089.632427  	72.037083 
3089.989734  	71.762573 
3090.347041  	71.776129 
3090.704348  	72.011081 
3091.061654  	71.940503 
3091.418961  	71.931962 
3091.776268  	71.732446 
3092.133575  	71.298416 
3092.490882  	71.396743 
3092.848189  	71.556488 
3093.205496  	71.574564 
3093.562802  	71.885926 
3093.920109  	72.069956 
3094.277416  	72.199337 
3094.634723  	72.469242 
3094.992030  	72.446697 
3095.349337  	72.390883 
3095.706644  	72.665393 
3096.063950  	72.959765 
3096.421257  	73.076977 
3096.778564  	73.227390 
3097.135871  	73.548999 
3097.493178  	73.946036 
3097.850485  	74.243601 
3098.207792  	74.248637 
3098.565099  	74.361293 
3098.922405  	74.833606 
3099.279712  	74.948682 
3099.637019  	74.774511 
3099.994326  	74.970892 
3100.351633  	75.355308 
3100.708940  	75.656928 
3101.066247  	75.785647 
3101.423553  	75.740979 
3101.780860  	75.825727 
3102.138167  	76.187027 
3102.495474  	76.451402 
3102.852781  	76.463752 
3103.210088  	76.517005 
3103.567395  	76.511293 
3103.924701  	76.567669 
3104.282008  	76.932845 
3104.639315  	77.145606 
3104.996622  	77.057011 
3105.353929  	77.010820 
3105.711236  	77.246610 
3106.068543  	77.417913 
3106.425849  	77.255990 
3106.783156  	77.434212 
3107.140463  	77.767115 
3107.497770  	77.730929 
3107.855077  	77.852577 
3108.212384  	78.021073 
3108.569691  	77.864318 
3108.926997  	77.761339 
3109.284304  	77.909165 
3109.641611  	78.028339 
3109.998918  	78.048875 
3110.356225  	78.209435 
3110.713532  	78.388339 
3111.070839  	78.482627 
3111.428146  	78.534712 
3111.785452  	78.480568 
3112.142759  	78.507912 
3112.500066  	78.485749 
3112.857373  	78.240601 
3113.214680  	78.333185 
3113.571987  	78.814447 
3113.929294  	78.874665 
3114.286600  	78.598937 
3114.643907  	78.663683 
3115.001214  	78.865860 
3115.358521  	78.939110 
3115.715828  	78.823356 
3116.073135  	78.608647 
3116.430442  	78.817444 
3116.787748  	79.152938 
3117.145055  	79.129274 
3117.502362  	79.097832 
3117.859669  	79.229999 
3118.216976  	79.279306 
3118.574283  	79.126110 
3118.931590  	79.131091 
3119.288896  	79.374448 
3119.646203  	79.477555 
3120.003510  	79.432144 
3120.360817  	79.381463 
3120.718124  	79.493107 
3121.075431  	79.541551 
3121.432738  	79.370929 
3121.790044  	79.508141 
3122.147351  	79.774165 
3122.504658  	79.687500 
3122.861965  	79.542234 
3123.219272  	79.663826 
3123.576579  	79.840179 
3123.933886  	79.795245 
3124.291193  	79.879356 
3124.648499  	80.008629 
3125.005806  	79.725976 
3125.363113  	79.572894 
3125.720420  	79.835250 
3126.077727  	79.953489 
3126.435034  	79.785431 
3126.792341  	79.770828 
3127.149647  	80.002904 
3127.506954  	80.026026 
3127.864261  	79.955302 
3128.221568  	80.079606 
3128.578875  	80.066329 
3128.936182  	79.984605 
3129.293489  	80.107918 
3129.650795  	80.280148 
3130.008102  	80.434061 
3130.365409  	80.340277 
3130.722716  	80.055506 
3131.080023  	80.119371 
3131.437330  	80.214983 
3131.794637  	80.125989 
3132.151943  	80.339070 
3132.509250  	80.551107 
3132.866557  	80.446430 
3133.223864  	80.310359 
3133.581171  	80.258314 
3133.938478  	80.419704 
3134.295785  	80.576289 
3134.653091  	80.454635 
3135.010398  	80.545539 
3135.367705  	80.847934 
3135.725012  	80.709354 
3136.082319  	80.502357 
3136.439626  	80.572650 
3136.796933  	80.557237 
3137.154240  	80.668427 
3137.511546  	80.700083 
3137.868853  	80.474240 
3138.226160  	80.626692 
3138.583467  	80.840383 
3138.940774  	80.827024 
3139.298081  	80.892214 
3139.655388  	80.810430 
3140.012694  	80.640847 
3140.370001  	80.603834 
3140.727308  	80.707141 
3141.084615  	80.924656 
3141.441922  	81.023903 
3141.799229  	80.929372 
3142.156536  	80.804986 
3142.513842  	80.832443 
3142.871149  	81.039621 
3143.228456  	81.314519 
3143.585763  	81.377401 
3143.943070  	81.200424 
3144.300377  	81.175179 
3144.657684  	81.235258 
3145.014990  	81.302133 
3145.372297  	81.315868 
3145.729604  	81.133705 
3146.086911  	81.196892 
3146.444218  	81.311601 
3146.801525  	81.296805 
3147.158832  	81.565064 
3147.516138  	81.657968 
3147.873445  	81.563966 
3148.230752  	81.711147 
3148.588059  	81.792493 
3148.945366  	81.819206 
3149.302673  	81.828566 
3149.659980  	81.696215 
3150.017287  	81.636737 
3150.374593  	81.640786 
3150.731900  	81.677978 
3151.089207  	81.793521 
3151.446514  	81.780036 
3151.803821  	81.784551 
3152.161128  	81.989269 
3152.518435  	82.042204 
3152.875741  	81.897115 
3153.233048  	81.844062 
3153.590355  	81.907794 
3153.947662  	81.857604 
3154.304969  	81.751170 
3154.662276  	82.002577 
3155.019583  	82.289782 
3155.376889  	82.300001 
3155.734196  	82.321593 
3156.091503  	82.277431 
3156.448810  	82.272902 
3156.806117  	82.196359 
3157.163424  	81.949266 
3157.520731  	82.143256 
3157.878037  	82.408134 
3158.235344  	82.221519 
3158.592651  	82.058433 
3158.949958  	82.101934 
3159.307265  	82.133789 
3159.664572  	82.102167 
3160.021879  	82.315298 
3160.379185  	82.582187 
3160.736492  	82.512963 
3161.093799  	82.597376 
3161.451106  	82.664084 
3161.808413  	82.324245 
3162.165720  	82.310428 
3162.523027  	82.502744 
3162.880334  	82.260247 
3163.237640  	82.086152 
3163.594947  	82.134784 
3163.952254  	82.113356 
3164.309561  	82.176765 
3164.666868  	82.208582 
3165.024175  	82.285687 
3165.381482  	82.438454 
3165.738788  	82.360537 
3166.096095  	82.448416 
3166.453402  	82.565758 
3166.810709  	82.222367 
3167.168016  	81.972328 
3167.525323  	82.291930 
3167.882630  	82.938884 
3168.239936  	83.099723 
3168.597243  	82.685936 
3168.954550  	82.450557 
3169.311857  	82.387313 
3169.669164  	82.534463 
3170.026471  	82.775099 
3170.383778  	82.839902 
3170.741084  	83.149543 
3171.098391  	83.321695 
3171.455698  	82.984922 
3171.813005  	82.718103 
3172.170312  	82.637400 
3172.527619  	82.569940 
3172.884926  	82.521996 
3173.242232  	82.487167 
3173.599539  	82.520368 
3173.956846  	82.898710 
3174.314153  	83.252455 
3174.671460  	82.906179 
3175.028767  	82.701244 
3175.386074  	83.139648 
3175.743380  	83.454083 
3176.100687  	83.464702 
3176.457994  	83.287004 
3176.815301  	83.192466 
3177.172608  	83.273576 
3177.529915  	83.212303 
3177.887222  	83.243912 
3178.244529  	83.418083 
3178.601835  	83.499652 
3178.959142  	83.602749 
3179.316449  	83.686269 
3179.673756  	83.564274 
3180.031063  	83.315193 
3180.388370  	83.263000 
3180.745677  	83.303683 
3181.102983  	83.229150 
3181.460290  	83.240884 
3181.817597  	83.315953 
3182.174904  	83.423213 
3182.532211  	83.588488 
3182.889518  	83.750676 
3183.246825  	83.905572 
3183.604131  	83.792798 
3183.961438  	83.524364 
3184.318745  	83.554155 
3184.676052  	83.701540 
3185.033359  	83.757453 
3185.390666  	84.052659 
3185.747973  	84.368992 
3186.105279  	84.125164 
3186.462586  	83.830180 
3186.819893  	83.928522 
3187.177200  	84.034203 
3187.534507  	84.040548 
3187.891814  	83.821660 
3188.249121  	83.619379 
3188.606427  	83.904393 
3188.963734  	84.139129 
3189.321041  	83.946327 
3189.678348  	83.802174 
3190.035655  	83.953290 
3190.392962  	84.064944 
3190.750269  	83.937318 
3191.107576  	83.932577 
3191.464882  	84.137983 
3191.822189  	84.278675 
3192.179496  	84.302845 
3192.536803  	84.287079 
3192.894110  	84.355136 
3193.251417  	84.462283 
3193.608724  	84.378966 
3193.966030  	84.256005 
3194.323337  	84.384485 
3194.680644  	84.397531 
3195.037951  	84.086492 
3195.395258  	83.942795 
3195.752565  	84.119467 
3196.109872  	84.363956 
3196.467178  	84.258827 
3196.824485  	83.924929 
3197.181792  	84.042067 
3197.539099  	84.336979 
3197.896406  	84.455933 
3198.253713  	84.587995 
3198.611020  	84.632951 
3198.968326  	84.542965 
3199.325633  	84.277576 
3199.682940  	84.074224 
3200.040247  	84.231641 
3200.397554  	84.555828 
3200.754861  	84.767564 
3201.112168  	84.679912 
3201.469474  	84.608139 
3201.826781  	84.655229 
3202.184088  	84.544318 
3202.541395  	84.500505 
3202.898702  	84.535153 
3203.256009  	84.643298 
3203.613316  	84.803994 
3203.970623  	84.663189 
3204.327929  	84.507423 
3204.685236  	84.654848 
3205.042543  	84.801574 
3205.399850  	84.697273 
3205.757157  	84.522604 
3206.114464  	84.514020 
3206.471771  	84.642248 
3206.829077  	84.745285 
3207.186384  	84.528439 
3207.543691  	84.267710 
3207.900998  	84.362526 
3208.258305  	84.588531 
3208.615612  	84.937378 
3208.972919  	85.149749 
3209.330225  	84.988889 
3209.687532  	84.752560 
3210.044839  	84.475420 
3210.402146  	84.491878 
3210.759453  	84.748299 
3211.116760  	84.714548 
3211.474067  	84.733574 
3211.831373  	84.854225 
3212.188680  	84.723145 
3212.545987  	84.617947 
3212.903294  	84.631400 
3213.260601  	84.744892 
3213.617908  	85.123921 
3213.975215  	85.250385 
3214.332521  	84.865649 
3214.689828  	84.709557 
3215.047135  	84.926017 
3215.404442  	85.135988 
3215.761749  	85.203431 
3216.119056  	85.150124 
3216.476363  	85.199654 
3216.833670  	85.159221 
3217.190976  	85.073346 
3217.548283  	85.206256 
3217.905590  	85.136246 
3218.262897  	85.139342 
3218.620204  	85.421079 
3218.977511  	85.287002 
3219.334818  	85.109018 
3219.692124  	85.348214 
3220.049431  	85.462007 
3220.406738  	85.347313 
3220.764045  	85.237112 
3221.121352  	85.078226 
3221.478659  	84.959546 
3221.835966  	85.104147 
3222.193272  	85.350286 
3222.550579  	85.452529 
3222.907886  	85.461349 
3223.265193  	85.449274 
3223.622500  	85.621168 
3223.979807  	85.771780 
3224.337114  	85.482777 
3224.694420  	85.330284 
3225.051727  	85.312584 
3225.409034  	84.987130 
3225.766341  	85.121420 
3226.123648  	85.521089 
3226.480955  	85.533485 
3226.838262  	85.562043 
3227.195568  	85.526016 
3227.552875  	85.557751 
3227.910182  	85.537537 
3228.267489  	85.167048 
3228.624796  	85.417161 
3228.982103  	85.972605 
3229.339410  	85.918769 
3229.696717  	85.793663 
3230.054023  	85.745593 
3230.411330  	85.722091 
3230.768637  	85.810594 
3231.125944  	85.866060 
3231.483251  	85.966723 
3231.840558  	86.042871 
3232.197865  	85.937927 
3232.555171  	85.808770 
3232.912478  	85.934239 
3233.269785  	86.099301 
3233.627092  	86.045188 
3233.984399  	85.968656 
3234.341706  	85.802417 
3234.699013  	85.676947 
3235.056319  	85.739776 
3235.413626  	85.805147 
3235.770933  	85.908940 
3236.128240  	85.825637 
3236.485547  	85.765542 
3236.842854  	86.022527 
3237.200161  	85.979902 
3237.557467  	85.853910 
3237.914774  	86.069270 
3238.272081  	86.074936 
3238.629388  	85.986051 
3238.986695  	86.072374 
3239.344002  	86.065853 
3239.701309  	86.171403 
3240.058615  	86.149143 
3240.415922  	85.834909 
3240.773229  	86.055805 
3241.130536  	86.439330 
3241.487843  	86.490424 
3241.845150  	86.608788 
3242.202457  	86.336237 
3242.559764  	85.934683 
3242.917070  	85.993540 
3243.274377  	86.079372 
3243.631684  	86.161096 
3243.988991  	86.129331 
3244.346298  	85.994931 
3244.703605  	86.041058 
3245.060912  	86.088360 
3245.418218  	86.219038 
3245.775525  	86.230416 
3246.132832  	85.888797 
3246.490139  	85.713487 
3246.847446  	85.994862 
3247.204753  	86.438905 
3247.562060  	86.507585 
3247.919366  	86.174823 
3248.276673  	86.087302 
3248.633980  	86.319477 
3248.991287  	86.247258 
3249.348594  	86.045058 
3249.705901  	86.140073 
3250.063208  	86.155474 
3250.420514  	86.268782 
3250.777821  	86.558272 
3251.135128  	86.689735 
3251.492435  	86.880596 
3251.849742  	86.725322 
3252.207049  	86.453517 
3252.564356  	86.650340 
3252.921662  	86.613609 
3253.278969  	86.448254 
3253.636276  	86.512196 
3253.993583  	86.559846 
3254.350890  	86.510825 
3254.708197  	86.244822 
3255.065504  	86.213117 
3255.422810  	86.434149 
3255.780117  	86.392786 
3256.137424  	86.218831 
3256.494731  	86.177719 
3256.852038  	86.377546 
3257.209345  	86.524729 
3257.566652  	86.422523 
3257.923959  	86.245957 
3258.281265  	86.213982 
3258.638572  	86.475333 
3258.995879  	86.583324 
3259.353186  	86.489923 
3259.710493  	86.561652 
3260.067800  	86.638976 
3260.425107  	86.550735 
3260.782413  	86.374073 
3261.139720  	86.470312 
3261.497027  	86.560857 
3261.854334  	86.487430 
3262.211641  	86.790777 
3262.568948  	86.976009 
3262.926255  	86.850699 
3263.283561  	86.776835 
3263.640868  	86.663816 
3263.998175  	86.631807 
3264.355482  	86.424925 
3264.712789  	86.385616 
3265.070096  	86.850670 
3265.427403  	87.008834 
3265.784709  	86.929684 
3266.142016  	86.815708 
3266.499323  	86.550310 
3266.856630  	86.564684 
3267.213937  	86.689337 
3267.571244  	86.588001 
3267.928551  	86.505249 
3268.285857  	86.639888 
3268.643164  	86.739203 
3269.000471  	86.583977 
3269.357778  	86.556359 
3269.715085  	86.793478 
3270.072392  	86.760936 
3270.429699  	86.451058 
3270.787006  	86.562966 
3271.144312  	86.854624 
3271.501619  	86.719972 
3271.858926  	86.703988 
3272.216233  	86.961412 
3272.573540  	87.025371 
3272.930847  	86.918094 
3273.288154  	86.781846 
3273.645460  	86.692106 
3274.002767  	86.597492 
3274.360074  	86.618223 
3274.717381  	86.748038 
3275.074688  	86.841938 
3275.431995  	87.071068 
3275.789302  	87.123921 
3276.146608  	86.974395 
3276.503915  	86.792315 
3276.861222  	86.365555 
3277.218529  	86.366494 
3277.575836  	86.667760 
3277.933143  	86.556790 
3278.290450  	86.617453 
3278.647756  	86.811126 
3279.005063  	86.863171 
3279.362370  	87.048946 
3279.719677  	86.980848 
3280.076984  	86.719094 
3280.434291  	86.759961 
3280.791598  	86.872551 
3281.148904  	86.820948 
3281.506211  	86.769771 
3281.863518  	86.818414 
3282.220825  	86.882336 
3282.578132  	86.906490 
3282.935439  	86.960263 
3283.292746  	87.236681 
3283.650053  	87.627593 
3284.007359  	87.558525 
3284.364666  	87.195135 
3284.721973  	87.125776 
3285.079280  	87.111985 
3285.436587  	87.041728 
3285.793894  	87.007298 
3286.151201  	86.800211 
3286.508507  	86.687335 
3286.865814  	86.689710 
3287.223121  	86.622944 
3287.580428  	86.790180 
3287.937735  	86.926442 
3288.295042  	86.861812 
3288.652349  	86.837129 
3289.009655  	86.754777 
3289.366962  	86.897917 
3289.724269  	86.991667 
3290.081576  	86.673974 
3290.438883  	86.819827 
3290.796190  	87.228591 
3291.153497  	87.230406 
3291.510803  	87.390517 
3291.868110  	87.454065 
3292.225417  	87.117189 
3292.582724  	87.156717 
3292.940031  	87.353983 
3293.297338  	87.211602 
3293.654645  	87.201224 
3294.011951  	87.344152 
3294.369258  	87.352639 
3294.726565  	87.301155 
3295.083872  	87.185489 
3295.441179  	87.149236 
3295.798486  	87.275518 
3296.155793  	87.391242 
3296.513100  	87.420093 
3296.870406  	87.322303 
3297.227713  	87.331213 
3297.585020  	87.498349 
3297.942327  	87.433597 
3298.299634  	87.321640 
3298.656941  	87.399023 
3299.014248  	87.340640 
3299.371554  	87.224381 
3299.728861  	87.333261 
3300.086168  	87.322162 
3300.443475  	87.045116 
3300.800782  	87.002213 
3301.158089  	87.131881 
3301.515396  	87.126087 
3301.872702  	87.245650 
3302.230009  	87.352112 
3302.587316  	87.176633 
3302.944623  	87.102489 
3303.301930  	87.299955 
3303.659237  	87.401370 
3304.016544  	87.238354 
3304.373850  	87.236684 
3304.731157  	87.587848 
3305.088464  	87.733023 
3305.445771  	87.520293 
3305.803078  	87.412259 
3306.160385  	87.527951 
3306.517692  	87.639783 
3306.874998  	87.528650 
3307.232305  	87.368988 
3307.589612  	87.534577 
3307.946919  	87.695346 
3308.304226  	87.482226 
3308.661533  	87.303317 
3309.018840  	87.314785 
3309.376147  	87.341669 
3309.733453  	87.400660 
3310.090760  	87.279855 
3310.448067  	87.152780 
3310.805374  	87.491983 
3311.162681  	87.730420 
3311.519988  	87.405990 
3311.877295  	87.195502 
3312.234601  	87.428790 
3312.591908  	87.760376 
3312.949215  	87.796553 
3313.306522  	87.537042 
3313.663829  	87.388490 
3314.021136  	87.428217 
3314.378443  	87.673484 
3314.735749  	87.773931 
3315.093056  	87.307597 
3315.450363  	87.220279 
3315.807670  	87.688269 
3316.164977  	87.922496 
3316.522284  	88.236782 
3316.879591  	88.311389 
3317.236897  	87.926584 
3317.594204  	87.889434 
3317.951511  	87.993009 
3318.308818  	88.019303 
3318.666125  	87.948658 
3319.023432  	87.580944 
3319.380739  	87.510529 
3319.738045  	87.764294 
3320.095352  	87.765878 
3320.452659  	87.616692 
3320.809966  	87.545912 
3321.167273  	87.592374 
3321.524580  	87.675441 
3321.881887  	87.746267 
3322.239194  	87.886407 
3322.596500  	87.945157 
3322.953807  	87.759244 
3323.311114  	87.620859 
3323.668421  	87.751765 
3324.025728  	87.915439 
3324.383035  	87.959449 
3324.740342  	87.850534 
3325.097648  	87.698546 
3325.454955  	87.774433 
3325.812262  	87.972647 
3326.169569  	88.022512 
3326.526876  	87.838340 
3326.884183  	87.688539 
3327.241490  	87.877818 
3327.598796  	88.058223 
3327.956103  	88.036137 
3328.313410  	87.981812 
3328.670717  	87.833186 
3329.028024  	87.714786 
3329.385331  	87.719835 
3329.742638  	87.832442 
3330.099944  	87.979777 
3330.457251  	87.809134 
3330.814558  	87.617671 
3331.171865  	87.751833 
3331.529172  	87.660438 
3331.886479  	87.412095 
3332.243786  	87.505234 
3332.601092  	87.743484 
3332.958399  	87.916312 
3333.315706  	87.909008 
3333.673013  	87.909127 
3334.030320  	88.142193 
3334.387627  	88.132041 
3334.744934  	87.892070 
3335.102240  	87.768871 
3335.459547  	87.700658 
3335.816854  	87.850983 
3336.174161  	87.992111 
3336.531468  	87.969278 
3336.888775  	88.114500 
3337.246082  	88.118418 
3337.603389  	88.040754 
3337.960695  	88.273394 
3338.318002  	88.292351 
3338.675309  	87.997270 
3339.032616  	87.975669 
3339.389923  	88.216039 
3339.747230  	88.293376 
3340.104537  	88.058561 
3340.461843  	87.886341 
3340.819150  	87.933825 
3341.176457  	87.683295 
3341.533764  	87.456311 
3341.891071  	87.884573 
3342.248378  	88.267482 
3342.605685  	88.275293 
3342.962991  	88.206232 
3343.320298  	87.897785 
3343.677605  	87.732606 
3344.034912  	87.987054 
3344.392219  	88.262935 
3344.749526  	88.248946 
3345.106833  	87.952480 
3345.464139  	88.018393 
3345.821446  	88.335685 
3346.178753  	88.143102 
3346.536060  	87.964670 
3346.893367  	88.127417 
3347.250674  	88.123861 
3347.607981  	87.979873 
3347.965287  	88.014591 
3348.322594  	88.187010 
3348.679901  	88.065512 
3349.037208  	87.860308 
3349.394515  	87.963190 
3349.751822  	87.940063 
3350.109129  	87.759960 
3350.466436  	87.596537 
3350.823742  	87.620712 
3351.181049  	88.082678 
3351.538356  	88.236091 
3351.895663  	87.953118 
3352.252970  	87.891013 
3352.610277  	87.928883 
3352.967584  	88.042391 
3353.324890  	88.106150 
3353.682197  	88.012556 
3354.039504  	88.162269 
3354.396811  	88.408340 
3354.754118  	88.351679 
3355.111425  	88.107059 
3355.468732  	88.007808 
3355.826038  	87.897624 
3356.183345  	87.763969 
3356.540652  	87.980779 
3356.897959  	88.056561 
3357.255266  	87.922641 
3357.612573  	88.098434 
3357.969880  	88.171259 
3358.327186  	88.006290 
3358.684493  	88.014225 
3359.041800  	88.132693 
3359.399107  	87.980874 
3359.756414  	87.785605 
3360.113721  	87.910718 
3360.471028  	87.973152 
3360.828334  	87.997615 
3361.185641  	87.919992 
3361.542948  	87.662849 
3361.900255  	87.844542 
3362.257562  	88.010671 
3362.614869  	87.806985 
3362.972176  	87.766776 
3363.329483  	87.916493 
3363.686789  	88.228595 
3364.044096  	88.380572 
3364.401403  	88.231980 
3364.758710  	88.215123 
3365.116017  	88.382911 
3365.473324  	88.524681 
3365.830631  	88.552807 
3366.187937  	88.591966 
3366.545244  	88.420766 
3366.902551  	87.968915 
3367.259858  	87.737088 
3367.617165  	87.769481 
3367.974472  	87.896036 
3368.331779  	88.019527 
3368.689085  	88.165548 
3369.046392  	88.375263 
3369.403699  	88.448940 
3369.761006  	88.386780 
3370.118313  	88.247598 
3370.475620  	88.224742 
3370.832927  	88.290471 
3371.190233  	88.262037 
3371.547540  	88.276354 
3371.904847  	88.055959 
3372.262154  	87.707308 
3372.619461  	87.668611 
3372.976768  	87.905186 
3373.334075  	88.218980 
3373.691381  	88.181419 
3374.048688  	88.081562 
3374.405995  	88.131751 
3374.763302  	88.163265 
3375.120609  	88.415960 
3375.477916  	88.255448 
3375.835223  	87.823645 
3376.192530  	87.867247 
3376.549836  	87.802090 
3376.907143  	87.800056 
3377.264450  	88.060060 
3377.621757  	87.984730 
3377.979064  	87.968120 
3378.336371  	88.450599 
3378.693678  	88.881104 
3379.050984  	88.668433 
3379.408291  	88.201004 
3379.765598  	88.123701 
3380.122905  	88.263002 
3380.480212  	88.260247 
3380.837519  	88.265525 
3381.194826  	88.343266 
3381.552132  	88.164971 
3381.909439  	88.037740 
3382.266746  	88.318180 
3382.624053  	88.482611 
3382.981360  	88.320063 
3383.338667  	88.180341 
3383.695974  	88.223959 
3384.053280  	88.126911 
3384.410587  	88.010006 
3384.767894  	88.263034 
3385.125201  	88.230655 
3385.482508  	88.085478 
3385.839815  	88.197552 
3386.197122  	87.868543 
3386.554428  	87.776249 
3386.911735  	88.080609 
3387.269042  	87.990323 
3387.626349  	88.050643 
3387.983656  	88.091008 
3388.340963  	87.874548 
3388.698270  	88.004384 
3389.055577  	88.108468 
3389.412883  	88.046478 
3389.770190  	88.051293 
3390.127497  	87.825801 
3390.484804  	87.763385 
3390.842111  	88.350140 
3391.199418  	88.669918 
3391.556725  	88.247284 
3391.914031  	88.156526 
3392.271338  	88.385159 
3392.628645  	88.216390 
3392.985952  	87.989134 
3393.343259  	87.870433 
3393.700566  	87.845375 
3394.057873  	87.818929 
3394.415179  	87.819249 
3394.772486  	88.080613 
3395.129793  	88.024574 
3395.487100  	87.901800 
3395.844407  	88.242534 
3396.201714  	88.349466 
3396.559021  	88.274434 
3396.916327  	88.250519 
3397.273634  	88.129378 
3397.630941  	87.996306 
3397.988248  	87.826081 
3398.345555  	87.931161 
3398.702862  	88.140711 
3399.060169  	88.080231 
3399.417475  	87.976361 
3399.774782  	87.969766 
3400.132089  	88.163424 
3400.489396  	88.300921 
3400.846703  	88.228521 
3401.204010  	88.184358 
3401.561317  	88.290871 
3401.918624  	88.591091 
3402.275930  	88.552742 
3402.633237  	88.258331 
3402.990544  	88.339197 
3403.347851  	88.474308 
3403.705158  	88.540610 
3404.062465  	88.641736 
3404.419772  	88.565511 
3404.777078  	88.324335 
3405.134385  	88.106620 
3405.491692  	88.089980 
3405.848999  	88.223842 
3406.206306  	88.308184 
3406.563613  	88.163751 
3406.920920  	88.117506 
3407.278226  	88.352599 
3407.635533  	88.325081 
3407.992840  	88.193965 
3408.350147  	88.181953 
3408.707454  	88.080522 
3409.064761  	88.183668 
3409.422068  	88.471005 
3409.779374  	88.535848 
3410.136681  	88.304514 
3410.493988  	88.235001 
3410.851295  	88.445783 
3411.208602  	88.413211 
3411.565909  	88.256365 
3411.923216  	88.118726 
3412.280522  	87.937165 
3412.637829  	88.059453 
3412.995136  	88.289106 
3413.352443  	88.218595 
3413.709750  	88.072916 
3414.067057  	88.090277 
3414.424364  	88.073481 
3414.781671  	88.130249 
3415.138977  	88.438954 
3415.496284  	88.538118 
3415.853591  	88.416492 
3416.210898  	88.262435 
3416.568205  	87.973360 
3416.925512  	87.904563 
3417.282819  	88.071592 
3417.640125  	88.089789 
3417.997432  	87.987513 
3418.354739  	88.033299 
3418.712046  	88.237813 
3419.069353  	88.323972 
3419.426660  	88.297611 
3419.783967  	88.270334 
3420.141273  	88.317273 
3420.498580  	88.317194 
3420.855887  	88.002240 
3421.213194  	87.814560 
3421.570501  	88.002784 
3421.927808  	88.195025 
3422.285115  	88.261739 
3422.642421  	88.124328 
3422.999728  	88.004188 
3423.357035  	88.143152 
3423.714342  	88.230417 
3424.071649  	88.175393 
3424.428956  	88.149665 
3424.786263  	88.042503 
3425.143569  	87.897355 
3425.500876  	88.049288 
3425.858183  	88.303808 
3426.215490  	88.226455 
3426.572797  	88.109627 
3426.930104  	88.141854 
3427.287411  	87.972981 
3427.644717  	87.837882 
3428.002024  	88.068415 
3428.359331  	88.319405 
3428.716638  	88.375274 
3429.073945  	88.274816 
3429.431252  	88.241264 
3429.788559  	88.445325 
3430.145866  	88.417341 
3430.503172  	88.130128 
3430.860479  	88.028901 
3431.217786  	87.967754 
3431.575093  	87.967406 
3431.932400  	88.177016 
3432.289707  	88.264508 
3432.647014  	88.093676 
3433.004320  	87.862108 
3433.361627  	87.770160 
3433.718934  	87.940710 
3434.076241  	88.139212 
3434.433548  	88.145977 
3434.790855  	88.259373 
3435.148162  	88.488665 
3435.505468  	88.478908 
3435.862775  	88.296262 
3436.220082  	88.207508 
3436.577389  	88.373501 
3436.934696  	88.566934 
3437.292003  	88.559375 
3437.649310  	88.580587 
3438.006616  	88.647310 
3438.363923  	88.695869 
3438.721230  	88.558692 
3439.078537  	88.080294 
3439.435844  	87.811701 
3439.793151  	87.877114 
3440.150458  	87.827808 
3440.507764  	87.888851 
3440.865071  	88.168620 
3441.222378  	88.174826 
3441.579685  	88.139297 
3441.936992  	88.401272 
3442.294299  	88.303628 
3442.651606  	87.786589 
3443.008913  	87.515017 
3443.366219  	87.577475 
3443.723526  	87.850633 
3444.080833  	88.089385 
3444.438140  	88.080966 
3444.795447  	87.964350 
3445.152754  	87.914256 
3445.510061  	87.870645 
3445.867367  	87.819349 
3446.224674  	88.124681 
3446.581981  	88.622141 
3446.939288  	88.745351 
3447.296595  	88.378327 
3447.653902  	87.594291 
3448.011209  	87.223732 
3448.368515  	87.700444 
3448.725822  	88.169237 
3449.083129  	88.279972 
3449.440436  	88.350664 
3449.797743  	88.358685 
3450.155050  	88.096418 
3450.512357  	87.836172 
3450.869663  	87.865952 
3451.226970  	87.863385 
3451.584277  	87.847311 
3451.941584  	87.967005 
3452.298891  	87.976787 
3452.656198  	88.065307 
3453.013505  	88.158658 
3453.370811  	87.987565 
3453.728118  	88.055202 
3454.085425  	88.289049 
3454.442732  	88.210582 
3454.800039  	87.968860 
3455.157346  	87.703365 
3455.514653  	87.892027 
3455.871960  	88.397277 
3456.229266  	88.284550 
3456.586573  	87.964177 
3456.943880  	87.950976 
3457.301187  	88.065044 
3457.658494  	88.151133 
3458.015801  	87.892161 
3458.373108  	87.846872 
3458.730414  	88.168893 
3459.087721  	88.114399 
3459.445028  	88.077852 
3459.802335  	88.261557 
3460.159642  	88.109729 
3460.516949  	87.852990 
3460.874256  	87.943730 
3461.231562  	88.088638 
3461.588869  	88.074128 
3461.946176  	88.144506 
3462.303483  	88.134667 
3462.660790  	88.041674 
3463.018097  	88.129872 
3463.375404  	88.303183 
3463.732710  	88.465479 
3464.090017  	88.392923 
3464.447324  	88.098751 
3464.804631  	88.082086 
3465.161938  	88.476953 
3465.519245  	88.508091 
3465.876552  	87.970527 
3466.233858  	87.846248 
3466.591165  	87.973551 
3466.948472  	87.949266 
3467.305779  	88.082591 
3467.663086  	88.122212 
3468.020393  	88.178260 
3468.377700  	87.993980 
3468.735007  	87.652339 
3469.092313  	87.872588 
3469.449620  	87.906885 
3469.806927  	87.726999 
3470.164234  	87.846200 
3470.521541  	87.862872 
3470.878848  	87.917687 
3471.236155  	87.954685 
3471.593461  	87.920935 
3471.950768  	88.080704 
3472.308075  	88.239531 
3472.665382  	88.265629 
3473.022689  	88.398361 
3473.379996  	88.565222 
3473.737303  	88.276898 
3474.094609  	88.189616 
3474.451916  	88.576680 
3474.809223  	88.500912 
3475.166530  	88.385575 
3475.523837  	88.372677 
3475.881144  	88.148647 
3476.238451  	88.242217 
3476.595757  	88.319247 
3476.953064  	88.219116 
3477.310371  	88.294702 
3477.667678  	88.185554 
3478.024985  	87.952212 
3478.382292  	88.169583 
3478.739599  	88.403541 
3479.096905  	88.260907 
3479.454212  	88.399741 
3479.811519  	88.566089 
3480.168826  	88.423158 
3480.526133  	88.210359 
3480.883440  	87.714054 
3481.240747  	87.662888 
3481.598054  	88.069684 
3481.955360  	88.218177 
3482.312667  	88.368763 
3482.669974  	87.907333 
3483.027281  	87.243061 
3483.384588  	87.518242 
3483.741895  	87.925946 
3484.099202  	88.161786 
3484.456508  	88.329184 
3484.813815  	88.064423 
3485.171122  	87.819866 
3485.528429  	87.935587 
3485.885736  	88.067911 
3486.243043  	88.142471 
3486.600350  	88.339355 
3486.957656  	88.478631 
3487.314963  	88.235588 
3487.672270  	87.945853 
3488.029577  	88.162693 
3488.386884  	88.380990 
3488.744191  	88.108525 
3489.101498  	87.946313 
3489.458804  	87.980220 
3489.816111  	87.977237 
3490.173418  	88.075334 
3490.530725  	88.213338 
3490.888032  	88.250891 
3491.245339  	88.016332 
3491.602646  	87.856888 
3491.959952  	87.970658 
3492.317259  	88.002642 
3492.674566  	88.213674 
3493.031873  	88.265115 
3493.389180  	87.913677 
3493.746487  	87.898283 
3494.103794  	87.859567 
3494.461101  	87.769696 
3494.818407  	88.234453 
3495.175714  	88.501328 
3495.533021  	88.238273 
3495.890328  	88.103244 
3496.247635  	88.190642 
3496.604942  	88.297122 
3496.962249  	88.237094 
3497.319555  	87.961136 
3497.676862  	87.802949 
3498.034169  	87.823801 
3498.391476  	87.850248 
3498.748783  	87.936932 
3499.106090  	87.950012 
3499.463397  	87.795890 
3499.820703  	87.774932 
3500.178010  	88.006496 
3500.535317  	88.095355 
3500.892624  	87.871092 
3501.249931  	87.880965 
3501.607238  	88.131747 
3501.964545  	88.086574 
3502.321851  	87.847282 
3502.679158  	87.702518 
3503.036465  	87.814874 
3503.393772  	87.846280 
3503.751079  	87.431761 
3504.108386  	87.289867 
3504.465693  	87.723404 
3504.822999  	88.135802 
3505.180306  	88.099639 
3505.537613  	87.797463 
3505.894920  	87.700683 
3506.252227  	87.678246 
3506.609534  	87.677648 
3506.966841  	87.936031 
3507.324147  	88.155792 
3507.681454  	88.234054 
3508.038761  	88.367186 
3508.396068  	88.406854 
3508.753375  	88.193522 
3509.110682  	87.938719 
3509.467989  	87.776038 
3509.825296  	87.533814 
3510.182602  	87.647136 
3510.539909  	88.194553 
3510.897216  	88.192432 
3511.254523  	87.805656 
3511.611830  	87.736191 
3511.969137  	87.815214 
3512.326444  	87.951402 
3512.683750  	87.831460 
3513.041057  	87.507190 
3513.398364  	87.534714 
3513.755671  	87.658058 
3514.112978  	87.960305 
3514.470285  	88.308317 
3514.827592  	88.172567 
3515.184898  	88.186736 
3515.542205  	88.156882 
3515.899512  	87.693570 
3516.256819  	87.581357 
3516.614126  	87.634460 
3516.971433  	87.506108 
3517.328740  	87.558860 
3517.686046  	87.835735 
3518.043353  	88.075957 
3518.400660  	88.045515 
3518.757967  	87.847462 
3519.115274  	87.714988 
3519.472581  	87.856858 
3519.829888  	87.981718 
3520.187194  	87.785124 
3520.544501  	87.721789 
3520.901808  	87.805219 
3521.259115  	87.832949 
3521.616422  	87.811621 
3521.973729  	87.843330 
3522.331036  	88.086611 
3522.688343  	88.060341 
3523.045649  	87.925161 
3523.402956  	87.923531 
3523.760263  	87.734138 
3524.117570  	87.785993 
3524.474877  	87.740972 
3524.832184  	87.502393 
3525.189491  	87.590662 
3525.546797  	87.568670 
3525.904104  	87.427883 
3526.261411  	87.343993 
3526.618718  	87.519915 
3526.976025  	87.945585 
3527.333332  	87.926737 
3527.690639  	87.782034 
3528.047945  	87.768682 
3528.405252  	87.634224 
3528.762559  	87.663570 
3529.119866  	87.740801 
3529.477173  	87.622164 
3529.834480  	87.371010 
3530.191787  	87.370751 
3530.549093  	87.837048 
3530.906400  	88.156057 
3531.263707  	87.765919 
3531.621014  	87.292514 
3531.978321  	87.576563 
3532.335628  	87.981388 
3532.692935  	87.971256 
3533.050241  	87.892129 
3533.407548  	87.647623 
3533.764855  	87.642648 
3534.122162  	87.952910 
3534.479469  	87.934560 
3534.836776  	87.962239 
3535.194083  	88.085901 
3535.551390  	87.868579 
3535.908696  	87.779915 
3536.266003  	88.003163 
3536.623310  	87.811343 
3536.980617  	87.461783 
3537.337924  	87.805629 
3537.695231  	88.010088 
3538.052538  	87.697120 
3538.409844  	87.781356 
3538.767151  	88.137687 
3539.124458  	88.146259 
3539.481765  	87.775133 
3539.839072  	87.419105 
3540.196379  	87.438511 
3540.553686  	87.689657 
3540.910992  	87.809444 
3541.268299  	87.543511 
3541.625606  	87.291084 
3541.982913  	87.384009 
3542.340220  	87.580222 
3542.697527  	87.811801 
3543.054834  	87.884871 
3543.412140  	87.855185 
3543.769447  	87.879784 
3544.126754  	87.773137 
3544.484061  	87.819705 
3544.841368  	88.075249 
3545.198675  	87.957032 
3545.555982  	87.329654 
3545.913288  	87.131182 
3546.270595  	87.751745 
3546.627902  	88.266042 
3546.985209  	88.220114 
3547.342516  	87.448709 
3547.699823  	86.714214 
3548.057130  	87.049040 
3548.414437  	87.396870 
3548.771743  	87.454278 
3549.129050  	87.648453 
3549.486357  	87.672319 
3549.843664  	87.826776 
3550.200971  	88.049714 
3550.558278  	88.056757 
3550.915585  	88.041826 
3551.272891  	88.046919 
3551.630198  	88.152586 
3551.987505  	88.104840 
3552.344812  	87.962934 
3552.702119  	87.602003 
3553.059426  	87.026376 
3553.416733  	87.451799 
3553.774039  	88.065384 
3554.131346  	87.640251 
3554.488653  	87.288908 
3554.845960  	87.420451 
3555.203267  	87.432058 
3555.560574  	87.272649 
3555.917881  	87.409465 
3556.275187  	87.883262 
3556.632494  	87.830116 
3556.989801  	87.614127 
3557.347108  	87.844050 
3557.704415  	87.841126 
3558.061722  	87.754362 
3558.419029  	88.011068 
3558.776335  	88.191049 
3559.133642  	88.076190 
3559.490949  	87.831832 
3559.848256  	87.768387 
3560.205563  	87.936106 
3560.562870  	87.988401 
3560.920177  	87.941549 
3561.277484  	88.082173 
3561.634790  	88.227188 
3561.992097  	88.133203 
3562.349404  	87.879327 
3562.706711  	87.518322 
3563.064018  	87.183716 
3563.421325  	87.220566 
3563.778632  	87.530379 
3564.135938  	87.626626 
3564.493245  	87.679538 
3564.850552  	87.896105 
3565.207859  	87.952034 
3565.565166  	88.170741 
3565.922473  	88.245265 
3566.279780  	87.286432 
3566.637086  	86.835503 
3566.994393  	87.541939 
3567.351700  	87.931368 
3567.709007  	88.077906 
3568.066314  	88.147882 
3568.423621  	87.391764 
3568.780928  	86.226994 
3569.138234  	86.340473 
3569.495541  	87.366836 
3569.852848  	87.798032 
3570.210155  	87.469146 
3570.567462  	87.271827 
3570.924769  	87.417188 
3571.282076  	87.574524 
3571.639382  	87.606995 
3571.996689  	87.467316 
3572.353996  	87.221732 
3572.711303  	87.267641 
3573.068610  	87.582761 
3573.425917  	87.745464 
3573.783224  	87.827366 
3574.140531  	87.924423 
3574.497837  	87.984005 
3574.855144  	87.933671 
3575.212451  	87.722822 
3575.569758  	87.654078 
3575.927065  	87.751014 
3576.284372  	87.943021 
3576.641679  	88.164947 
3576.998985  	87.802831 
3577.356292  	87.208971 
3577.713599  	87.344339 
3578.070906  	87.562920 
3578.428213  	87.417820 
3578.785520  	87.366523 
3579.142827  	87.123759 
3579.500133  	86.963102 
3579.857440  	87.372409 
3580.214747  	87.515975 
3580.572054  	87.378887 
3580.929361  	87.457866 
3581.286668  	87.282003 
3581.643975  	86.982342 
3582.001281  	87.041661 
3582.358588  	87.358472 
3582.715895  	87.636570 
3583.073202  	87.868860 
3583.430509  	88.174255 
3583.787816  	88.017288 
3584.145123  	87.480014 
3584.502429  	87.596789 
3584.859736  	88.035081 
3585.217043  	88.094612 
3585.574350  	88.002193 
3585.931657  	87.851301 
3586.288964  	88.006638 
3586.646271  	88.193550 
3587.003577  	87.060346 
3587.360884  	86.163578 
3587.718191  	87.077593 
3588.075498  	88.048552 
3588.432805  	88.332729 
3588.790112  	87.716323 
3589.147419  	86.328851 
3589.504726  	86.000669 
3589.862032  	86.708684 
3590.219339  	87.284017 
3590.576646  	87.590530 
3590.933953  	87.422769 
3591.291260  	87.061017 
3591.648567  	87.137442 
3592.005874  	87.526515 
3592.363180  	87.970958 
3592.720487  	88.430740 
3593.077794  	88.342732 
3593.435101  	87.237170 
3593.792408  	86.554768 
3594.149715  	87.285220 
3594.507022  	87.803195 
3594.864328  	87.762301 
3595.221635  	87.853405 
3595.578942  	87.573844 
3595.936249  	87.282261 
3596.293556  	87.349607 
3596.650863  	87.375867 
3597.008170  	87.579348 
3597.365476  	87.631470 
3597.722783  	87.655790 
3598.080090  	87.972442 
3598.437397  	87.908188 
3598.794704  	87.569067 
3599.152011  	87.556328 
3599.509318  	87.834788 
3599.866624  	87.816399 
3600.223931  	87.414194 
3600.581238  	87.580297 
3600.938545  	87.855343 
3601.295852  	87.531790 
3601.653159  	87.324975 
3602.010466  	87.325067 
3602.367773  	87.367956 
3602.725079  	87.285674 
3603.082386  	87.017580 
3603.439693  	87.092753 
3603.797000  	87.265975 
3604.154307  	87.206200 
3604.511614  	87.274639 
3604.868921  	87.368497 
3605.226227  	87.295413 
3605.583534  	87.442022 
3605.940841  	87.715977 
3606.298148  	87.516926 
3606.655455  	87.448867 
3607.012762  	87.887894 
3607.370069  	87.544734 
3607.727375  	86.988538 
3608.084682  	87.365978 
3608.441989  	87.534683 
3608.799296  	87.573786 
3609.156603  	87.931283 
3609.513910  	87.149274 
3609.871217  	85.821511 
3610.228523  	86.268242 
3610.585830  	87.342706 
3610.943137  	87.751588 
3611.300444  	87.607830 
3611.657751  	87.585616 
3612.015058  	88.157862 
3612.372365  	88.871420 
3612.729671  	88.357480 
3613.086978  	86.671977 
3613.444285  	86.160307 
3613.801592  	86.873914 
3614.158899  	87.622499 
3614.516206  	88.142497 
3614.873513  	87.737001 
3615.230820  	86.959948 
3615.588126  	86.882087 
3615.945433  	86.900534 
3616.302740  	87.131718 
3616.660047  	87.610313 
3617.017354  	87.892204 
3617.374661  	88.239407 
3617.731968  	88.222684 
3618.089274  	87.572343 
3618.446581  	87.087172 
3618.803888  	87.053614 
3619.161195  	87.607197 
3619.518502  	88.034032 
3619.875809  	86.947523 
3620.233116  	85.560924 
3620.590422  	85.890826 
3620.947729  	86.908764 
3621.305036  	87.387599 
3621.662343  	87.292725 
3622.019650  	87.396838 
3622.376957  	87.690649 
3622.734264  	87.669360 
3623.091570  	87.633044 
3623.448877  	87.545988 
3623.806184  	87.177327 
3624.163491  	87.133596 
3624.520798  	87.405079 
3624.878105  	87.543187 
3625.235412  	87.672972 
3625.592718  	87.627969 
3625.950025  	87.517409 
3626.307332  	87.453627 
3626.664639  	86.905652 
3627.021946  	86.909566 
3627.379253  	87.941219 
3627.736560  	88.647144 
3628.093867  	89.440416 
3628.451173  	89.778581 
3628.808480  	87.458957 
3629.165787  	85.838108 
3629.523094  	86.152957 
3629.880401  	85.153589 
3630.237708  	84.169513 
3630.595015  	85.060406 
3630.952321  	86.369461 
3631.309628  	86.774612 
3631.666935  	86.823737 
3632.024242  	87.114181 
3632.381549  	87.238848 
3632.738856  	87.495062 
3633.096163  	87.604696 
3633.453469  	87.404461 
3633.810776  	87.452216 
3634.168083  	87.060079 
3634.525390  	86.349671 
3634.882697  	86.348845 
3635.240004  	86.757681 
3635.597311  	87.040796 
3635.954617  	87.165690 
3636.311924  	87.191692 
3636.669231  	87.041969 
3637.026538  	87.053516 
3637.383845  	87.052009 
3637.741152  	86.937507 
3638.098459  	87.177716 
3638.455765  	87.007195 
3638.813072  	86.465464 
3639.170379  	86.507661 
3639.527686  	86.792153 
3639.884993  	86.971972 
3640.242300  	87.029862 
3640.599607  	87.166188 
3640.956914  	87.364988 
3641.314220  	87.396256 
3641.671527  	87.302805 
3642.028834  	87.038976 
3642.386141  	87.071618 
3642.743448  	87.154207 
3643.100755  	86.755717 
3643.458062  	86.879641 
3643.815368  	87.321113 
3644.172675  	87.221955 
3644.529982  	87.149498 
3644.887289  	87.333321 
3645.244596  	87.478260 
3645.601903  	87.506761 
3645.959210  	87.503785 
3646.316516  	87.954422 
3646.673823  	88.511022 
3647.031130  	88.127515 
3647.388437  	87.385543 
3647.745744  	86.695031 
3648.103051  	86.230728 
3648.460358  	87.068389 
3648.817664  	88.110273 
3649.174971  	88.393277 
3649.532278  	87.151947 
3649.889585  	84.915481 
3650.246892  	86.036477 
3650.604199  	88.101341 
3650.961506  	87.683260 
3651.318812  	86.305883 
3651.676119  	85.188492 
3652.033426  	84.804799 
3652.390733  	85.625528 
3652.748040  	86.378148 
3653.105347  	86.807542 
3653.462654  	87.014803 
3653.819961  	86.839137 
3654.177267  	86.806352 
3654.534574  	87.061119 
3654.891881  	87.431532 
3655.249188  	87.720263 
3655.606495  	87.725761 
3655.963802  	88.015732 
3656.321109  	88.119744 
3656.678415  	86.535742 
3657.035722  	85.347755 
3657.393029  	86.108535 
3657.750336  	86.848561 
3658.107643  	86.885072 
3658.464950  	86.701719 
3658.822257  	86.845656 
3659.179563  	87.174543 
3659.536870  	87.272346 
3659.894177  	87.201107 
3660.251484  	86.940039 
3660.608791  	86.763694 
3660.966098  	86.773340 
3661.323405  	86.763116 
3661.680711  	87.051690 
3662.038018  	87.181205 
3662.395325  	86.999541 
3662.752632  	87.237357 
3663.109939  	87.497334 
3663.467246  	87.410929 
3663.824553  	87.161564 
3664.181859  	86.900800 
3664.539166  	86.854988 
3664.896473  	86.850909 
3665.253780  	86.966887 
3665.611087  	87.061943 
3665.968394  	86.708176 
3666.325701  	86.475446 
3666.683008  	86.738798 
3667.040314  	87.087069 
3667.397621  	87.361017 
3667.754928  	87.656081 
3668.112235  	87.873261 
3668.469542  	87.929086 
3668.826849  	87.460540 
3669.184156  	86.169426 
3669.541462  	86.129188 
3669.898769  	87.586866 
3670.256076  	88.034288 
3670.613383  	87.744163 
3670.970690  	86.518159 
3671.327997  	84.142945 
3671.685304  	84.325911 
3672.042610  	85.696243 
3672.399917  	86.573343 
3672.757224  	87.231638 
3673.114531  	87.201435 
3673.471838  	87.145290 
3673.829145  	87.876069 
3674.186452  	88.387496 
3674.543758  	88.702561 
3674.901065  	89.149550 
3675.258372  	87.600975 
3675.615679  	85.270206 
3675.972986  	85.675477 
3676.330293  	85.428573 
3676.687600  	84.370476 
3677.044906  	85.275247 
3677.402213  	86.514499 
3677.759520  	86.624723 
3678.116827  	86.469011 
3678.474134  	87.027974 
3678.831441  	87.520994 
3679.188748  	87.558493 
3679.546054  	87.581024 
3679.903361  	86.989171 
3680.260668  	86.625180 
3680.617975  	87.092120 
3680.975282  	86.919409 
3681.332589  	86.677010 
3681.689896  	87.038771 
3682.047203  	87.103170 
3682.404509  	87.103664 
3682.761816  	87.272886 
3683.119123  	87.137532 
3683.476430  	87.110045 
3683.833737  	87.347603 
3684.191044  	87.314483 
3684.548351  	87.189979 
3684.905657  	86.995354 
3685.262964  	86.712538 
3685.620271  	86.971550 
3685.977578  	87.149939 
3686.334885  	87.003951 
3686.692192  	87.347840 
3687.049499  	87.782868 
3687.406805  	88.177077 
3687.764112  	88.558546 
3688.121419  	88.377387 
3688.478726  	87.538994 
3688.836033  	85.475204 
3689.193340  	84.283458 
3689.550647  	85.416090 
3689.907953  	86.932452 
3690.265260  	87.920185 
3690.622567  	88.056998 
3690.979874  	87.772949 
3691.337181  	87.181197 
3691.694488  	86.258277 
3692.051795  	86.096199 
3692.409101  	86.654622 
3692.766408  	87.136108 
3693.123715  	87.188971 
3693.481022  	87.071525 
3693.838329  	86.964756 
3694.195636  	86.710231 
3694.552943  	86.835757 
3694.910250  	87.171426 
3695.267556  	87.068156 
3695.624863  	86.816644 
3695.982170  	86.912606 
3696.339477  	87.346432 
3696.696784  	87.493344 
3697.054091  	87.319450 
3697.411398  	87.193223 
3697.768704  	87.239710 
3698.126011  	87.427474 
3698.483318  	87.052823 
3698.840625  	86.711112 
3699.197932  	87.249120 
3699.555239  	87.415958 
3699.912546  	87.032420 
3700.269852  	87.126322 
3700.627159  	87.495731 
3700.984466  	87.805024 
3701.341773  	88.308305 
3701.699080  	88.452294 
3702.056387  	86.948018 
3702.413694  	85.220214 
3702.771000  	85.531037 
3703.128307  	86.483488 
3703.485614  	87.064643 
3703.842921  	87.319571 
3704.200228  	87.100095 
3704.557535  	86.874509 
3704.914842  	87.018001 
3705.272148  	87.028903 
3705.629455  	86.710369 
3705.986762  	86.604031 
3706.344069  	86.858414 
3706.701376  	86.885194 
3707.058683  	86.778328 
3707.415990  	87.023946 
3707.773297  	87.224913 
3708.130603  	87.377118 
3708.487910  	87.555832 
3708.845217  	87.338977 
3709.202524  	87.197527 
3709.559831  	86.795194 
3709.917138  	85.707382 
3710.274445  	85.871839 
3710.631751  	87.104304 
3710.989058  	87.915689 
3711.346365  	88.084438 
3711.703672  	88.130045 
3712.060979  	88.035092 
3712.418286  	86.310927 
3712.775593  	84.022516 
3713.132899  	84.297532 
3713.490206  	85.891374 
3713.847513  	87.012048 
3714.204820  	87.217710 
3714.562127  	87.002118 
3714.919434  	86.786815 
3715.276741  	86.535273 
3715.634047  	86.347153 
3715.991354  	86.403845 
3716.348661  	86.680882 
3716.705968  	86.806205 
3717.063275  	86.804879 
3717.420582  	86.944525 
3717.777889  	87.146845 
3718.135195  	87.387278 
3718.492502  	87.368476 
3718.849809  	87.097706 
3719.207116  	86.620453 
3719.564423  	85.753003 
3719.921730  	85.901938 
3720.279037  	87.041030 
3720.636344  	87.462247 
3720.993650  	87.492188 
3721.350957  	87.791849 
3721.708264  	87.742759 
3722.065571  	87.470605 
3722.422878  	86.928381 
3722.780185  	85.903425 
3723.137492  	85.930329 
3723.494798  	86.764283 
3723.852105  	87.023297 
3724.209412  	86.986990 
3724.566719  	87.259125 
3724.924026  	87.513084 
3725.281333  	87.294284 
3725.638640  	86.894309 
3725.995946  	86.789926 
3726.353253  	87.105470 
3726.710560  	87.263556 
3727.067867  	86.243795 
3727.425174  	85.281761 
3727.782481  	85.619384 
3728.139788  	86.022516 
3728.497094  	86.268770 
3728.854401  	86.555548 
3729.211708  	86.792142 
3729.569015  	87.213131 
3729.926322  	87.210993 
3730.283629  	86.816446 
3730.640936  	87.000311 
3730.998242  	87.321134 
3731.355549  	87.297063 
3731.712856  	87.675036 
3732.070163  	88.014490 
3732.427470  	86.616930 
3732.784777  	85.014734 
3733.142084  	85.580246 
3733.499391  	86.667544 
3733.856697  	87.462280 
3734.214004  	88.160045 
3734.571311  	88.205724 
3734.928618  	87.145122 
3735.285925  	86.267498 
3735.643232  	85.913830 
3736.000539  	85.542430 
3736.357845  	86.625768 
3736.715152  	87.917287 
3737.072459  	87.068843 
3737.429766  	85.900429 
3737.787073  	86.328590 
3738.144380  	87.159146 
3738.501687  	87.206027 
3738.858993  	86.301343 
3739.216300  	86.079560 
3739.573607  	86.770641 
3739.930914  	87.176673 
3740.288221  	87.315882 
3740.645528  	87.456479 
3741.002835  	87.465878 
3741.360141  	86.929766 
3741.717448  	86.139629 
3742.074755  	86.142121 
3742.432062  	86.813546 
3742.789369  	87.390945 
3743.146676  	87.736557 
3743.503983  	88.536501 
3743.861289  	90.011717 
3744.218596  	90.111309 
3744.575903  	86.978125 
3744.933210  	83.099454 
3745.290517  	81.684542 
3745.647824  	82.996365 
3746.005131  	85.377917 
3746.362438  	86.723544 
3746.719744  	87.099963 
3747.077051  	87.306907 
3747.434358  	87.009382 
3747.791665  	86.360882 
3748.148972  	86.561268 
3748.506279  	87.374764 
3748.863586  	88.037769 
3749.220892  	88.375794 
3749.578199  	86.787394 
3749.935506  	83.873783 
3750.292813  	83.952319 
3750.650120  	85.831430 
3751.007427  	87.326148 
3751.364734  	87.784735 
3751.722040  	87.616258 
3752.079347  	87.916858 
3752.436654  	87.155961 
3752.793961  	84.433486 
3753.151268  	84.182794 
3753.508575  	85.728857 
3753.865882  	86.447309 
3754.223188  	86.442455 
3754.580495  	86.455433 
3754.937802  	86.649841 
3755.295109  	86.822280 
3755.652416  	86.833660 
3756.009723  	86.892125 
3756.367030  	87.047472 
3756.724336  	86.871015 
3757.081643  	86.184588 
3757.438950  	85.910818 
3757.796257  	86.461933 
3758.153564  	86.945210 
3758.510871  	87.187532 
3758.868178  	87.229887 
3759.225484  	86.935126 
3759.582791  	86.921896 
3759.940098  	86.768357 
3760.297405  	85.741533 
3760.654712  	85.270233 
3761.012019  	85.885518 
3761.369326  	86.525673 
3761.726633  	86.720778 
3762.083939  	86.805108 
3762.441246  	86.860077 
3762.798553  	86.552654 
3763.155860  	86.354687 
3763.513167  	86.642504 
3763.870474  	86.870060 
3764.227781  	86.859562 
3764.585087  	86.918024 
3764.942394  	87.055850 
3765.299701  	87.222486 
3765.657008  	87.350563 
3766.014315  	86.574496 
3766.371622  	85.059575 
3766.728929  	85.218960 
3767.086235  	86.594602 
3767.443542  	87.088992 
3767.800849  	86.927320 
3768.158156  	87.121903 
3768.515463  	87.368940 
3768.872770  	87.451377 
3769.230077  	87.676154 
3769.587383  	87.805678 
3769.944690  	87.139441 
3770.301997  	85.701915 
3770.659304  	85.136810 
3771.016611  	85.993797 
3771.373918  	86.757077 
3771.731225  	86.838162 
3772.088531  	86.666418 
3772.445838  	86.620736 
3772.803145  	86.759994 
3773.160452  	86.927459 
3773.517759  	86.882260 
3773.875066  	86.907686 
3774.232373  	87.068235 
3774.589680  	86.956898 
3774.946986  	86.873618 
3775.304293  	86.904686 
3775.661600  	86.774023 
3776.018907  	86.606311 
3776.376214  	86.346929 
3776.733521  	86.376599 
3777.090828  	86.808561 
3777.448134  	86.852010 
3777.805441  	86.624479 
3778.162748  	86.790632 
3778.520055  	87.214922 
3778.877362  	87.405639 
3779.234669  	87.520102 
3779.591976  	87.327943 
3779.949282  	86.002647 
3780.306589  	85.238787 
3780.663896  	85.805577 
3781.021203  	86.256829 
3781.378510  	86.710955 
3781.735817  	86.905043 
3782.093124  	86.586665 
3782.450430  	86.524265 
3782.807737  	86.428699 
3783.165044  	86.350825 
3783.522351  	86.797427 
3783.879658  	87.130444 
3784.236965  	87.168004 
3784.594272  	87.167280 
3784.951578  	86.888548 
3785.308885  	86.537783 
3785.666192  	86.388368 
3786.023499  	86.325889 
3786.380806  	86.457726 
3786.738113  	86.705199 
3787.095420  	86.757646 
3787.452727  	86.759070 
3787.810033  	86.861774 
3788.167340  	86.802280 
3788.524647  	86.694497 
3788.881954  	86.775692 
3789.239261  	86.789699 
3789.596568  	86.689452 
3789.953875  	86.458457 
3790.311181  	86.212427 
3790.668488  	86.464557 
3791.025795  	86.892330 
3791.383102  	87.055631 
3791.740409  	87.026947 
3792.097716  	86.695586 
3792.455023  	86.399324 
3792.812329  	86.439623 
3793.169636  	86.596843 
3793.526943  	86.619872 
3793.884250  	86.539041 
3794.241557  	86.618251 
3794.598864  	86.706836 
3794.956171  	87.047842 
3795.313477  	87.671369 
3795.670784  	87.682836 
3796.028091  	87.383529 
3796.385398  	87.254260 
3796.742705  	86.673322 
3797.100012  	85.709776 
3797.457319  	85.555867 
3797.814625  	86.275469 
3798.171932  	86.434481 
3798.529239  	86.043597 
3798.886546  	86.270563 
3799.243853  	86.712197 
3799.601160  	87.116937 
3799.958467  	87.690171 
3800.315774  	88.150414 
3800.673080  	88.291354 
3801.030387  	88.404218 
3801.387694  	88.689173 
3801.745001  	86.814206 
3802.102308  	83.684029 
3802.459615  	84.029537 
3802.816922  	85.485283 
3803.174228  	85.742550 
3803.531535  	85.558453 
3803.888842  	85.893096 
3804.246149  	86.410504 
3804.603456  	86.608610 
3804.960763  	86.527316 
3805.318070  	86.582275 
3805.675376  	87.147859 
3806.032683  	87.653038 
3806.389990  	87.700677 
3806.747297  	87.781963 
3807.104604  	87.234207 
3807.461911  	85.441198 
3807.819218  	84.172498 
3808.176524  	84.536237 
3808.533831  	85.554957 
3808.891138  	86.241980 
3809.248445  	86.509349 
3809.605752  	86.715194 
3809.963059  	86.817125 
3810.320366  	86.700638 
3810.677672  	86.627666 
3811.034979  	86.844155 
3811.392286  	86.834643 
3811.749593  	86.607251 
3812.106900  	86.758479 
3812.464207  	86.831307 
3812.821514  	86.682733 
3813.178821  	86.823324 
3813.536127  	86.997050 
3813.893434  	87.007368 
3814.250741  	87.007862 
3814.608048  	87.035554 
3814.965355  	87.347147 
3815.322662  	87.953712 
3815.679969  	88.632067 
3816.037275  	88.906871 
3816.394582  	86.939132 
3816.751889  	84.141953 
3817.109196  	84.358179 
3817.466503  	85.719099 
3817.823810  	86.496203 
3818.181117  	86.697101 
3818.538423  	86.634093 
3818.895730  	86.526740 
3819.253037  	86.556427 
3819.610344  	87.089685 
3819.967651  	87.554853 
3820.324958  	87.679554 
3820.682265  	88.461643 
3821.039571  	88.247125 
3821.396878  	86.060655 
3821.754185  	85.587508 
3822.111492  	85.709826 
3822.468799  	84.887281 
3822.826106  	85.217114 
3823.183413  	86.184659 
3823.540719  	86.274266 
3823.898026  	86.084052 
3824.255333  	86.415983 
3824.612640  	86.607584 
3824.969947  	86.501795 
3825.327254  	86.837572 
3825.684561  	87.441651 
3826.041868  	87.470346 
3826.399174  	87.282205 
3826.756481  	87.120612 
3827.113788  	85.961909 
3827.471095  	84.988933 
3827.828402  	85.614148 
3828.185709  	86.391165 
3828.543016  	86.595280 
3828.900322  	86.471066 
3829.257629  	86.321780 
3829.614936  	86.212630 
3829.972243  	86.191121 
3830.329550  	86.814380 
3830.686857  	87.465629 
3831.044164  	87.356711 
3831.401470  	87.504196 
3831.758777  	87.636759 
3832.116084  	86.446517 
3832.473391  	85.633331 
3832.830698  	86.310113 
3833.188005  	86.753535 
3833.545312  	86.543123 
3833.902618  	86.651093 
3834.259925  	87.142206 
3834.617232  	87.530173 
3834.974539  	87.497263 
3835.331846  	86.101926 
3835.689153  	84.634683 
3836.046460  	85.481020 
3836.403766  	86.898930 
3836.761073  	87.609113 
3837.118380  	88.261738 
3837.475687  	88.654875 
3837.832994  	88.063525 
3838.190301  	85.989331 
3838.547608  	83.668492 
3838.904914  	84.252471 
3839.262221  	85.833328 
3839.619528  	86.623792 
3839.976835  	87.127945 
3840.334142  	86.822589 
3840.691449  	86.000189 
3841.048756  	86.092391 
3841.406063  	85.743700 
3841.763369  	85.115403 
3842.120676  	85.739250 
3842.477983  	86.603618 
3842.835290  	87.030162 
3843.192597  	87.325424 
3843.549904  	87.308635 
3843.907211  	86.571352 
3844.264517  	85.556804 
3844.621824  	85.468875 
3844.979131  	86.205841 
3845.336438  	86.641217 
3845.693745  	86.496190 
3846.051052  	86.472890 
3846.408359  	86.700551 
3846.765665  	86.662441 
3847.122972  	86.566747 
3847.480279  	86.569206 
3847.837586  	86.445883 
3848.194893  	86.512204 
3848.552200  	86.863365 
3848.909507  	87.136068 
3849.266813  	87.226702 
3849.624120  	87.110650 
3849.981427  	86.748288 
3850.338734  	86.490585 
3850.696041  	86.845739 
3851.053348  	87.392377 
3851.410655  	87.725032 
3851.767961  	88.439222 
3852.125268  	88.488430 
3852.482575  	86.457992 
3852.839882  	85.349858 
3853.197189  	86.781117 
3853.554496  	88.924831 
3853.911803  	90.030508 
3854.269110  	87.440005 
3854.626416  	83.303718 
3854.983723  	82.114104 
3855.341030  	83.254689 
3855.698337  	85.300815 
3856.055644  	86.428988 
3856.412951  	86.374740 
3856.770258  	86.241132 
3857.127564  	86.483495 
3857.484871  	86.358894 
3857.842178  	85.478097 
3858.199485  	85.311742 
3858.556792  	86.123076 
3858.914099  	86.620076 
3859.271406  	86.657873 
3859.628712  	86.776144 
3859.986019  	86.870924 
3860.343326  	86.701915 
3860.700633  	86.709199 
3861.057940  	86.802169 
3861.415247  	86.504691 
3861.772554  	86.396353 
3862.129860  	86.093764 
3862.487167  	85.526883 
3862.844474  	86.126679 
3863.201781  	86.884413 
3863.559088  	86.998855 
3863.916395  	87.223993 
3864.273702  	87.535114 
3864.631008  	87.353910 
3864.988315  	86.801043 
3865.345622  	85.894563 
3865.702929  	84.534018 
3866.060236  	84.378145 
3866.417543  	85.410802 
3866.774850  	86.021612 
3867.132157  	86.342680 
3867.489463  	86.617224 
3867.846770  	86.708502 
3868.204077  	86.869213 
3868.561384  	86.850685 
3868.918691  	87.282035 
3869.275998  	88.186446 
3869.633305  	87.448039 
3869.990611  	86.295678 
3870.347918  	86.228147 
3870.705225  	84.858939 
3871.062532  	84.363565 
3871.419839  	85.710559 
3871.777146  	86.244922 
3872.134453  	86.058270 
3872.491759  	86.374781 
3872.849066  	86.727500 
3873.206373  	86.965954 
3873.563680  	87.242696 
3873.920987  	87.166224 
3874.278294  	86.732387 
3874.635601  	85.794578 
3874.992907  	84.869184 
3875.350214  	85.240322 
3875.707521  	86.149505 
3876.064828  	86.313905 
3876.422135  	86.052011 
3876.779442  	86.055678 
3877.136749  	86.221431 
3877.494055  	86.422518 
3877.851362  	86.428278 
3878.208669  	86.425847 
3878.565976  	86.869301 
3878.923283  	87.333017 
3879.280590  	87.709030 
3879.637897  	88.194272 
3879.995204  	88.427217 
3880.352510  	87.783410 
3880.709817  	85.782557 
3881.067124  	84.508222 
3881.424431  	84.917345 
3881.781738  	85.402747 
3882.139045  	85.950333 
3882.496352  	86.474037 
3882.853658  	86.740547 
3883.210965  	86.984737 
3883.568272  	86.735416 
3883.925579  	86.255102 
3884.282886  	86.551972 
3884.640193  	87.244077 
3884.997500  	87.571044 
3885.354806  	87.732950 
3885.712113  	87.828602 
3886.069420  	86.451757 
3886.426727  	84.131687 
3886.784034  	84.034892 
3887.141341  	85.224618 
3887.498648  	85.766153 
3887.855954  	85.846472 
3888.213261  	86.179244 
3888.570568  	86.519927 
3888.927875  	86.563142 
3889.285182  	86.510371 
3889.642489  	86.587594 
3889.999796  	86.797804 
3890.357102  	86.790297 
3890.714409  	86.682715 
3891.071716  	87.058325 
3891.429023  	87.110772 
3891.786330  	85.542766 
3892.143637  	84.203806 
3892.500944  	84.838907 
3892.858251  	85.657352 
3893.215557  	85.860265 
3893.572864  	86.346586 
3893.930171  	86.895179 
3894.287478  	86.772946 
3894.644785  	86.420057 
3895.002092  	86.197684 
3895.359399  	86.148460 
3895.716705  	86.209801 
3896.074012  	86.311000 
3896.431319  	86.531187 
3896.788626  	86.611042 
3897.145933  	86.593782 
3897.503240  	86.661339 
3897.860547  	86.615646 
3898.217853  	86.729005 
3898.575160  	86.923572 
3898.932467  	87.058225 
3899.289774  	87.479075 
3899.647081  	86.742322 
3900.004388  	84.833917 
3900.361695  	84.890429 
3900.719001  	86.219635 
3901.076308  	86.916217 
3901.433615  	87.052961 
3901.790922  	87.012999 
3902.148229  	86.136512 
3902.505536  	84.878162 
3902.862843  	85.348922 
3903.220149  	86.704243 
3903.577456  	87.161186 
3903.934763  	86.991225 
3904.292070  	86.768610 
3904.649377  	85.606282 
3905.006684  	84.570707 
3905.363991  	85.445430 
3905.721298  	86.594270 
3906.078604  	86.708988 
3906.435911  	85.939918 
3906.793218  	85.333347 
3907.150525  	85.792828 
3907.507832  	86.442267 
3907.865139  	86.583061 
3908.222446  	86.706953 
3908.579752  	86.672180 
3908.937059  	86.400965 
3909.294366  	86.429077 
3909.651673  	86.552966 
3910.008980  	86.482881 
3910.366287  	86.411193 
3910.723594  	86.227482 
3911.080900  	86.048746 
3911.438207  	86.306659 
3911.795514  	86.628103 
3912.152821  	86.599915 
3912.510128  	86.404310 
3912.867435  	86.225196 
3913.224742  	86.258207 
3913.582048  	86.295422 
3913.939355  	86.261353 
3914.296662  	86.471517 
3914.653969  	86.749430 
3915.011276  	86.940697 
3915.368583  	86.850223 
3915.725890  	86.562673 
3916.083196  	86.840636 
3916.440503  	87.222754 
3916.797810  	86.782412 
3917.155117  	86.324872 
3917.512424  	86.084170 
3917.869731  	85.142316 
3918.227038  	84.856817 
3918.584344  	86.107009 
3918.941651  	87.080776 
3919.298958  	87.095722 
3919.656265  	86.923366 
3920.013572  	86.843969 
3920.370879  	86.519515 
3920.728186  	85.679948 
3921.085493  	85.415025 
3921.442799  	86.004851 
3921.800106  	86.291836 
3922.157413  	86.362831 
3922.514720  	86.568203 
3922.872027  	86.664307 
3923.229334  	86.759244 
3923.586641  	86.865009 
3923.943947  	86.763590 
3924.301254  	86.408035 
3924.658561  	86.228148 
3925.015868  	86.377573 
3925.373175  	86.325368 
3925.730482  	86.048004 
3926.087789  	86.088246 
3926.445095  	86.597048 
3926.802402  	86.851919 
3927.159709  	86.538893 
3927.517016  	86.413045 
3927.874323  	86.533917 
3928.231630  	86.537901 
3928.588937  	86.509429 
3928.946243  	86.457105 
3929.303550  	86.541925 
3929.660857  	86.619725 
3930.018164  	86.588394 
3930.375471  	86.814699 
3930.732778  	86.944565 
3931.090085  	86.696220 
3931.447391  	86.577492 
3931.804698  	86.758065 
3932.162005  	86.864016 
3932.519312  	86.538165 
3932.876619  	85.811720 
3933.233926  	85.416537 
3933.591233  	85.750051 
3933.948540  	86.211278 
3934.305846  	86.348923 
3934.663153  	86.266913 
3935.020460  	86.267044 
3935.377767  	86.465966 
3935.735074  	86.497859 
3936.092381  	86.314641 
3936.449688  	86.367565 
3936.806994  	86.528909 
3937.164301  	86.462060 
3937.521608  	86.286420 
3937.878915  	86.270945 
3938.236222  	86.448757 
3938.593529  	86.430011 
3938.950836  	86.184390 
3939.308142  	86.260363 
3939.665449  	86.658285 
3940.022756  	86.816617 
3940.380063  	86.685804 
3940.737370  	86.611079 
3941.094677  	86.518889 
3941.451984  	86.346375 
3941.809290  	86.295608 
3942.166597  	86.390262 
3942.523904  	86.516751 
3942.881211  	86.337071 
3943.238518  	85.921143 
3943.595825  	85.904757 
3943.953132  	86.231828 
3944.310438  	86.560763 
3944.667745  	86.575898 
3945.025052  	86.210270 
3945.382359  	85.990750 
3945.739666  	85.965384 
3946.096973  	86.117287 
3946.454280  	86.467387 
3946.811587  	86.509416 
3947.168893  	86.511893 
3947.526200  	86.708991 
3947.883507  	86.477201 
3948.240814  	86.146262 
3948.598121  	86.170063 
3948.955428  	86.231505 
3949.312735  	86.376609 
3949.670041  	86.572815 
3950.027348  	86.514184 
3950.384655  	86.122653 
3950.741962  	85.758282 
3951.099269  	85.949983 
3951.456576  	86.288340 
3951.813883  	86.332327 
3952.171189  	86.450951 
3952.528496  	86.516647 
3952.885803  	86.411750 
3953.243110  	86.537153 
3953.600417  	86.602213 
3953.957724  	86.525683 
3954.315031  	86.559629 
3954.672337  	86.466151 
3955.029644  	86.522372 
3955.386951  	86.908358 
3955.744258  	87.084884 
3956.101565  	86.847057 
3956.458872  	86.351366 
3956.816179  	86.183393 
3957.173485  	86.560481 
3957.530792  	86.621606 
3957.888099  	86.456901 
3958.245406  	86.597651 
3958.602713  	86.507931 
3958.960020  	86.338866 
3959.317327  	86.524527 
3959.674634  	86.637159 
3960.031940  	86.484211 
3960.389247  	86.260849 
3960.746554  	86.269853 
3961.103861  	86.424929 
3961.461168  	86.395578 
3961.818475  	86.400084 
3962.175782  	86.344485 
3962.533088  	85.997454 
3962.890395  	85.908597 
3963.247702  	86.254579 
3963.605009  	86.377782 
3963.962316  	86.127733 
3964.319623  	86.145061 
3964.676930  	86.356630 
3965.034236  	86.274143 
3965.391543  	86.171388 
3965.748850  	86.286687 
3966.106157  	86.460977 
3966.463464  	86.477952 
3966.820771  	86.430849 
3967.178078  	86.482183 
3967.535384  	86.343108 
3967.892691  	86.178450 
3968.249998  	86.287420 
3968.607305  	86.389344 
3968.964612  	86.475451 
3969.321919  	86.523227 
3969.679226  	86.362359 
3970.036532  	86.244093 
3970.393839  	86.252182 
3970.751146  	86.204632 
3971.108453  	86.248420 
3971.465760  	86.533985 
3971.823067  	86.731043 
3972.180374  	86.513041 
3972.537681  	86.297035 
3972.894987  	86.587139 
3973.252294  	86.838153 
3973.609601  	86.700375 
3973.966908  	86.611526 
3974.324215  	86.434519 
3974.681522  	86.318889 
3975.038829  	86.603030 
3975.396135  	86.701949 
3975.753442  	86.436059 
3976.110749  	86.265426 
3976.468056  	86.462610 
3976.825363  	86.682289 
3977.182670  	86.509075 
3977.539977  	86.383998 
3977.897283  	86.551617 
3978.254590  	86.694377 
3978.611897  	86.461360 
3978.969204  	86.104398 
3979.326511  	86.280864 
3979.683818  	86.525658 
3980.041125  	86.472672 
3980.398431  	86.529475 
3980.755738  	86.593090 
3981.113045  	86.565697 
3981.470352  	86.500319 
3981.827659  	86.435055 
3982.184966  	86.301440 
3982.542273  	86.138112 
3982.899579  	86.245524 
3983.256886  	86.433236 
3983.614193  	86.527148 
3983.971500  	86.484535 
3984.328807  	86.333972 
3984.686114  	86.276932 
3985.043421  	86.210766 
3985.400728  	86.163162 
3985.758034  	86.033371 
3986.115341  	86.047390 
3986.472648  	86.444600 
3986.829955  	86.478690 
3987.187262  	86.324361 
3987.544569  	86.466197 
3987.901876  	86.530661 
3988.259182  	86.331573 
3988.616489  	85.981343 
3988.973796  	86.129952 
3989.331103  	86.606703 
3989.688410  	86.603752 
3990.045717  	86.335426 
3990.403024  	86.131807 
3990.760330  	86.344375 
3991.117637  	86.710496 
3991.474944  	86.574683 
3991.832251  	86.367654 
3992.189558  	86.457884 
3992.546865  	86.694359 
3992.904172  	86.699892 
3993.261478  	86.457810 
3993.618785  	86.438590 
3993.976092  	86.465250 
3994.333399  	86.340919 
3994.690706  	86.183894 
3995.048013  	86.143999 
3995.405320  	86.200011 
3995.762626  	86.064506 
3996.119933  	86.168843 
3996.477240  	86.543562 
3996.834547  	86.456591 
3997.191854  	86.111391 
3997.549161  	86.095920 
3997.906468  	86.353171 
3998.263775  	86.494276 
3998.621081  	86.568184 
3998.978388  	86.565755 
3999.335695  	86.241403 
3999.693002  	86.149480 
4000.050309  	86.340367 