##TITLE=N26_4-chloroaniline_1
##DATA TYPE=INFRARED SPECTRUM
##XUNITS=1/CM
##YUNITS=%T
399.826377  	21.811953 
400.183684  	23.247366 
400.540991  	26.649578 
400.898298  	27.669533 
401.255605  	28.766433 
401.612912  	28.369152 
401.970219  	25.782489 
402.327525  	25.924212 
402.684832  	29.170739 
403.042139  	32.184965 
403.399446  	31.978278 
403.756753  	29.706762 
404.114060  	29.938059 
404.471367  	30.397316 
404.828674  	29.432414 
405.185980  	29.858553 
405.543287  	31.766044 
405.900594  	32.505555 
406.257901  	30.483071 
406.615208  	28.602375 
406.972515  	29.536315 
407.329822  	30.700269 
407.687128  	30.129019 
408.044435  	30.189906 
408.401742  	31.691601 
408.759049  	32.010545 
409.116356  	33.589660 
409.473663  	36.314927 
409.830970  	33.847463 
410.188276  	30.626536 
410.545583  	32.211281 
410.902890  	33.921968 
411.260197  	34.199317 
411.617504  	33.642211 
411.974811  	31.839761 
412.332118  	32.471257 
412.689424  	34.941312 
413.046731  	34.781592 
413.404038  	34.023715 
413.761345  	34.039502 
414.118652  	33.376375 
414.475959  	32.990329 
414.833266  	33.175141 
415.190572  	34.444401 
415.547879  	36.474647 
415.905186  	37.249282 
416.262493  	37.324135 
416.619800  	36.870910 
416.977107  	36.068790 
417.334414  	36.770906 
417.691720  	38.175842 
418.049027  	37.974828 
418.406334  	36.252338 
418.763641  	34.588945 
419.120948  	36.260347 
419.478255  	38.088456 
419.835562  	38.234832 
420.192869  	37.088873 
420.550175  	36.366480 
420.907482  	36.818766 
421.264789  	39.229420 
421.622096  	40.294505 
421.979403  	39.159027 
422.336710  	38.089907 
422.694017  	37.787909 
423.051323  	38.581175 
423.408630  	39.164289 
423.765937  	39.122397 
424.123244  	38.981119 
424.480551  	39.444396 
424.837858  	40.750716 
425.195165  	40.586307 
425.552471  	39.570411 
425.909778  	40.009989 
426.267085  	40.156513 
426.624392  	40.301236 
426.981699  	40.189230 
427.339006  	39.441615 
427.696313  	39.006705 
428.053619  	37.990790 
428.410926  	37.128883 
428.768233  	38.349005 
429.125540  	40.535066 
429.482847  	40.142420 
429.840154  	37.516501 
430.197461  	36.825312 
430.554767  	37.657953 
430.912074  	37.844692 
431.269381  	38.866685 
431.626688  	39.904640 
431.983995  	39.966456 
432.341302  	39.055564 
432.698609  	38.427521 
433.055916  	38.911210 
433.413222  	38.802085 
433.770529  	38.587803 
434.127836  	39.313451 
434.485143  	40.168759 
434.842450  	38.961476 
435.199757  	37.462294 
435.557064  	38.719391 
435.914370  	39.676825 
436.271677  	39.051275 
436.628984  	40.388766 
436.986291  	41.028476 
437.343598  	40.199326 
437.700905  	40.359606 
438.058212  	40.953497 
438.415518  	40.237763 
438.772825  	39.057702 
439.130132  	39.312162 
439.487439  	40.620537 
439.844746  	40.393512 
440.202053  	39.188545 
440.559360  	38.929079 
440.916666  	39.448936 
441.273973  	40.105341 
441.631280  	39.144981 
441.988587  	37.542777 
442.345894  	38.946327 
442.703201  	39.283729 
443.060508  	38.447489 
443.417814  	39.379096 
443.775121  	39.854500 
444.132428  	40.260345 
444.489735  	39.657810 
444.847042  	37.375611 
445.204349  	38.333588 
445.561656  	39.332421 
445.918963  	37.778548 
446.276269  	37.592313 
446.633576  	38.150756 
446.990883  	38.398939 
447.348190  	38.725733 
447.705497  	39.319674 
448.062804  	39.021217 
448.420111  	36.604791 
448.777417  	35.843545 
449.134724  	37.458616 
449.492031  	38.733283 
449.849338  	38.392692 
450.206645  	36.794818 
450.563952  	36.916907 
450.921259  	38.384745 
451.278565  	39.015004 
451.635872  	38.512984 
451.993179  	37.288152 
452.350486  	36.902919 
452.707793  	37.633540 
453.065100  	39.602868 
453.422407  	40.246961 
453.779713  	38.411283 
454.137020  	36.692810 
454.494327  	35.861578 
454.851634  	36.134818 
455.208941  	37.665952 
455.566248  	38.024933 
455.923555  	36.973363 
456.280861  	36.431488 
456.638168  	36.902980 
456.995475  	37.259961 
457.352782  	36.976022 
457.710089  	37.798586 
458.067396  	38.178482 
458.424703  	36.492150 
458.782010  	36.217301 
459.139316  	37.977606 
459.496623  	39.398104 
459.853930  	38.636177 
460.211237  	36.279968 
460.568544  	35.350994 
460.925851  	36.507346 
461.283158  	36.215875 
461.640464  	35.623744 
461.997771  	36.261714 
462.355078  	36.174662 
462.712385  	37.912764 
463.069692  	39.423223 
463.426999  	37.411426 
463.784306  	36.427782 
464.141612  	37.532599 
464.498919  	38.252553 
464.856226  	37.030756 
465.213533  	35.600667 
465.570840  	35.903135 
465.928147  	36.453055 
466.285454  	36.914794 
466.642760  	36.164628 
467.000067  	35.027434 
467.357374  	35.911812 
467.714681  	36.472009 
468.071988  	36.176009 
468.429295  	36.407590 
468.786602  	36.590533 
469.143908  	36.872853 
469.501215  	36.916139 
469.858522  	36.883956 
470.215829  	36.885074 
470.573136  	36.121509 
470.930443  	35.483469 
471.287750  	36.564585 
471.645057  	36.336378 
472.002363  	32.858207 
472.359670  	31.692155 
472.716977  	35.152708 
473.074284  	37.299622 
473.431591  	37.222902 
473.788898  	36.463498 
474.146205  	36.420512 
474.503511  	36.027520 
474.860818  	35.402154 
475.218125  	35.926542 
475.575432  	36.336910 
475.932739  	35.921285 
476.290046  	34.381886 
476.647353  	33.828702 
477.004659  	35.080579 
477.361966  	35.219507 
477.719273  	35.008686 
478.076580  	34.857589 
478.433887  	35.186728 
478.791194  	36.203964 
479.148501  	34.768134 
479.505807  	32.621573 
479.863114  	33.214287 
480.220421  	35.039579 
480.577728  	35.614379 
480.935035  	35.576625 
481.292342  	36.074897 
481.649649  	35.510824 
482.006955  	33.952529 
482.364262  	33.434703 
482.721569  	34.340866 
483.078876  	35.155591 
483.436183  	34.381785 
483.793490  	33.264033 
484.150797  	32.662472 
484.508104  	32.120737 
484.865410  	32.215810 
485.222717  	32.759816 
485.580024  	33.322507 
485.937331  	34.540257 
486.294638  	34.566384 
486.651945  	33.172175 
487.009252  	33.199211 
487.366558  	32.965468 
487.723865  	31.709287 
488.081172  	32.158719 
488.438479  	32.672831 
488.795786  	32.871975 
489.153093  	32.919419 
489.510400  	31.467745 
489.867706  	31.920487 
490.225013  	33.176251 
490.582320  	32.119741 
490.939627  	31.364309 
491.296934  	31.256483 
491.654241  	31.278534 
492.011548  	31.317522 
492.368854  	30.493051 
492.726161  	30.212048 
493.083468  	30.079843 
493.440775  	29.309447 
493.798082  	28.892740 
494.155389  	28.932641 
494.512696  	28.649657 
494.870002  	28.454986 
495.227309  	28.622101 
495.584616  	28.433903 
495.941923  	28.063705 
496.299230  	27.329592 
496.656537  	26.748014 
497.013844  	27.099428 
497.371151  	27.004154 
497.728457  	26.236871 
498.085764  	25.228163 
498.443071  	24.220421 
498.800378  	24.379879 
499.157685  	25.393750 
499.514992  	25.355163 
499.872299  	23.524336 
500.229605  	22.247580 
500.586912  	22.815955 
500.944219  	22.946702 
501.301526  	22.190769 
501.658833  	21.270373 
502.016140  	20.215585 
502.373447  	19.407117 
502.730753  	19.602281 
503.088060  	20.398201 
503.445367  	20.423076 
503.802674  	20.073185 
504.159981  	19.951475 
504.517288  	18.944191 
504.874595  	18.223824 
505.231901  	18.534649 
505.589208  	18.814701 
505.946515  	19.046726 
506.303822  	19.653739 
506.661129  	21.317991 
507.018436  	23.611480 
507.375743  	25.263417 
507.733049  	27.452875 
508.090356  	30.267454 
508.447663  	32.846759 
508.804970  	35.826650 
509.162277  	38.380467 
509.519584  	40.060079 
509.876891  	42.855881 
510.234197  	47.024665 
510.591504  	50.420919 
510.948811  	52.315505 
511.306118  	54.525836 
511.663425  	57.424847 
512.020732  	59.652931 
512.378039  	61.748627 
512.735346  	63.820904 
513.092652  	64.323469 
513.449959  	64.733101 
513.807266  	66.070201 
514.164573  	66.498714 
514.521880  	66.829407 
514.879187  	67.498296 
515.236494  	67.195045 
515.593800  	67.152074 
515.951107  	67.578947 
516.308414  	66.790365 
516.665721  	65.376192 
517.023028  	65.685527 
517.380335  	66.073826 
517.737642  	64.972121 
518.094948  	64.748848 
518.452255  	64.914333 
518.809562  	64.320944 
519.166869  	64.249797 
519.524176  	64.094718 
519.881483  	63.906540 
520.238790  	63.906633 
520.596096  	63.216295 
520.953403  	63.043017 
521.310710  	63.075520 
521.668017  	62.313558 
522.025324  	61.925178 
522.382631  	61.480983 
522.739938  	60.752780 
523.097244  	60.966122 
523.454551  	61.387709 
523.811858  	60.927315 
524.169165  	60.370975 
524.526472  	60.466350 
524.883779  	60.420036 
525.241086  	60.112459 
525.598393  	60.370632 
525.955699  	60.107817 
526.313006  	59.101566 
526.670313  	59.123911 
527.027620  	59.323759 
527.384927  	58.900150 
527.742234  	58.095991 
528.099541  	57.755585 
528.456847  	58.194037 
528.814154  	58.196530 
529.171461  	57.954728 
529.528768  	58.263611 
529.886075  	58.215474 
530.243382  	57.464723 
530.600689  	56.657550 
530.957995  	56.401670 
531.315302  	56.524785 
531.672609  	56.189881 
532.029916  	55.550808 
532.387223  	55.481583 
532.744530  	55.876288 
533.101837  	55.988401 
533.459143  	55.949772 
533.816450  	55.929756 
534.173757  	55.835024 
534.531064  	56.052005 
534.888371  	56.142559 
535.245678  	55.580269 
535.602985  	55.189468 
535.960291  	55.939685 
536.317598  	56.919727 
536.674905  	56.341924 
537.032212  	55.303477 
537.389519  	55.020445 
537.746826  	55.037738 
538.104133  	55.363540 
538.461440  	55.841493 
538.818746  	56.221068 
539.176053  	55.931451 
539.533360  	55.009439 
539.890667  	55.098528 
540.247974  	55.608747 
540.605281  	55.297398 
540.962588  	54.725729 
541.319894  	54.511375 
541.677201  	54.777104 
542.034508  	54.464385 
542.391815  	53.700923 
542.749122  	53.736928 
543.106429  	54.010809 
543.463736  	53.956502 
543.821042  	53.859798 
544.178349  	53.800664 
544.535656  	53.503666 
544.892963  	53.520873 
545.250270  	53.925493 
545.607577  	53.567303 
545.964884  	53.415439 
546.322190  	53.776736 
546.679497  	53.646039 
547.036804  	53.420083 
547.394111  	53.169568 
547.751418  	53.662711 
548.108725  	54.251529 
548.466032  	53.554179 
548.823338  	53.079096 
549.180645  	53.193608 
549.537952  	53.415341 
549.895259  	53.401725 
550.252566  	52.933690 
550.609873  	52.961368 
550.967180  	52.945164 
551.324487  	52.764870 
551.681793  	53.001392 
552.039100  	53.223451 
552.396407  	53.383165 
552.753714  	53.421533 
553.111021  	53.572773 
553.468328  	53.586215 
553.825635  	53.398028 
554.182941  	53.414074 
554.540248  	52.762099 
554.897555  	52.537796 
555.254862  	53.476368 
555.612169  	53.682279 
555.969476  	53.394184 
556.326783  	53.191222 
556.684089  	52.553673 
557.041396  	52.293374 
557.398703  	52.796503 
557.756010  	52.790339 
558.113317  	52.352269 
558.470624  	52.432924 
558.827931  	52.341790 
559.185237  	52.550946 
559.542544  	53.466187 
559.899851  	53.527956 
560.257158  	53.040344 
560.614465  	52.986265 
560.971772  	53.005048 
561.329079  	52.595556 
561.686385  	52.084495 
562.043692  	52.213085 
562.400999  	52.479220 
562.758306  	52.721463 
563.115613  	53.084323 
563.472920  	53.289685 
563.830227  	53.548703 
564.187534  	53.338608 
564.544840  	52.952763 
564.902147  	52.951282 
565.259454  	52.708337 
565.616761  	52.618772 
565.974068  	52.917164 
566.331375  	53.559098 
566.688682  	54.427342 
567.045988  	54.583178 
567.403295  	54.095602 
567.760602  	53.564419 
568.117909  	53.106334 
568.475216  	52.959517 
568.832523  	53.175242 
569.189830  	53.631860 
569.547136  	53.456838 
569.904443  	52.598951 
570.261750  	52.351937 
570.619057  	52.825733 
570.976364  	53.243578 
571.333671  	53.379520 
571.690978  	53.244630 
572.048284  	53.102637 
572.405591  	52.866834 
572.762898  	52.311469 
573.120205  	52.065125 
573.477512  	52.316435 
573.834819  	52.849849 
574.192126  	53.619519 
574.549432  	53.737397 
574.906739  	53.371215 
575.264046  	53.511626 
575.621353  	53.700337 
575.978660  	53.356845 
576.335967  	52.563429 
576.693274  	52.300300 
577.050581  	52.733982 
577.407887  	53.049493 
577.765194  	53.158474 
578.122501  	53.172197 
578.479808  	53.095038 
578.837115  	53.135796 
579.194422  	53.004088 
579.551729  	52.799760 
579.909035  	52.674880 
580.266342  	52.586112 
580.623649  	52.741156 
580.980956  	53.019359 
581.338263  	53.330954 
581.695570  	53.436100 
582.052877  	53.268365 
582.410183  	53.058565 
582.767490  	52.778665 
583.124797  	52.672939 
583.482104  	52.536356 
583.839411  	52.719756 
584.196718  	53.714085 
584.554025  	53.945654 
584.911331  	53.216880 
585.268638  	52.809083 
585.625945  	52.451003 
585.983252  	52.545366 
586.340559  	53.074648 
586.697866  	53.108060 
587.055173  	53.061258 
587.412479  	52.916313 
587.769786  	52.531433 
588.127093  	52.584967 
588.484400  	52.737437 
588.841707  	52.751513 
589.199014  	53.112530 
589.556321  	53.208318 
589.913627  	52.742545 
590.270934  	52.600681 
590.628241  	52.629194 
590.985548  	52.729978 
591.342855  	53.111237 
591.700162  	52.800762 
592.057469  	52.488775 
592.414776  	52.906061 
592.772082  	52.618832 
593.129389  	52.437803 
593.486696  	53.063003 
593.844003  	53.079564 
594.201310  	52.838541 
594.558617  	52.916214 
594.915924  	52.792685 
595.273230  	52.739894 
595.630537  	52.659594 
595.987844  	52.184894 
596.345151  	52.042711 
596.702458  	52.412144 
597.059765  	52.695531 
597.417072  	52.964386 
597.774378  	53.037674 
598.131685  	52.705929 
598.488992  	52.320133 
598.846299  	52.101106 
599.203606  	52.488056 
599.560913  	52.707772 
599.918220  	51.992500 
600.275526  	51.736503 
600.632833  	51.918755 
600.990140  	51.727971 
601.347447  	51.774624 
601.704754  	52.014810 
602.062061  	52.277684 
602.419368  	52.326285 
602.776674  	52.052003 
603.133981  	51.958704 
603.491288  	51.795807 
603.848595  	51.753067 
604.205902  	52.084257 
604.563209  	52.257252 
604.920516  	52.419335 
605.277823  	52.269842 
605.635129  	51.749653 
605.992436  	51.703622 
606.349743  	51.614733 
606.707050  	51.084551 
607.064357  	50.999108 
607.421664  	51.436528 
607.778971  	51.469859 
608.136277  	51.082245 
608.493584  	51.248287 
608.850891  	51.506124 
609.208198  	51.052127 
609.565505  	50.774002 
609.922812  	51.040432 
610.280119  	51.302920 
610.637425  	51.351662 
610.994732  	51.145137 
611.352039  	50.818474 
611.709346  	50.347725 
612.066653  	49.826541 
612.423960  	49.823869 
612.781267  	50.172811 
613.138573  	50.039769 
613.495880  	49.780700 
613.853187  	49.837344 
614.210494  	49.480007 
614.567801  	49.213207 
614.925108  	49.439561 
615.282415  	49.328714 
615.639721  	49.423702 
615.997028  	49.482983 
616.354335  	48.714069 
616.711642  	48.180088 
617.068949  	48.082894 
617.426256  	48.097719 
617.783563  	47.977367 
618.140870  	47.219260 
618.498176  	46.655372 
618.855483  	46.915701 
619.212790  	47.296034 
619.570097  	47.177506 
619.927404  	46.905910 
620.284711  	46.781775 
620.642018  	46.565682 
620.999324  	46.269682 
621.356631  	46.246685 
621.713938  	46.383344 
622.071245  	46.020504 
622.428552  	45.539732 
622.785859  	45.341557 
623.143166  	44.965886 
623.500472  	44.938873 
623.857779  	45.015211 
624.215086  	44.708912 
624.572393  	44.707295 
624.929700  	44.631766 
625.287007  	44.263803 
625.644314  	43.858774 
626.001620  	43.569604 
626.358927  	43.501485 
626.716234  	43.061029 
627.073541  	42.703366 
627.430848  	42.561071 
627.788155  	42.170902 
628.145462  	41.905283 
628.502768  	41.626017 
628.860075  	41.516604 
629.217382  	41.342881 
629.574689  	40.938042 
629.931996  	40.851375 
630.289303  	40.212594 
630.646610  	39.392828 
631.003917  	39.199163 
631.361223  	38.517725 
631.718530  	37.278053 
632.075837  	36.217656 
632.433144  	35.554144 
632.790451  	34.839503 
633.147758  	33.918954 
633.505065  	33.506165 
633.862371  	33.279802 
634.219678  	32.953130 
634.576985  	32.899166 
634.934292  	32.806575 
635.291599  	32.374935 
635.648906  	31.893391 
636.006213  	31.944664 
636.363519  	31.905016 
636.720826  	31.076578 
637.078133  	30.587620 
637.435440  	30.544924 
637.792747  	30.390874 
638.150054  	30.861227 
638.507361  	31.493534 
638.864667  	31.769092 
639.221974  	32.311576 
639.579281  	33.047397 
639.936588  	34.022499 
640.293895  	34.771464 
640.651202  	35.111655 
641.008509  	36.065171 
641.365815  	37.372090 
641.723122  	38.726548 
642.080429  	40.564086 
642.437736  	42.656946 
642.795043  	44.974336 
643.152350  	47.430719 
643.509657  	50.341938 
643.866964  	54.139923 
644.224270  	58.332733 
644.581577  	62.389139 
644.938884  	66.081867 
645.296191  	69.646505 
645.653498  	73.212451 
646.010805  	76.124937 
646.368112  	77.927285 
646.725418  	79.116586 
647.082725  	80.210720 
647.440032  	80.950683 
647.797339  	81.239339 
648.154646  	81.734240 
648.511953  	82.146153 
648.869260  	81.766420 
649.226566  	81.502375 
649.583873  	82.119021 
649.941180  	82.442677 
650.298487  	81.927953 
650.655794  	81.397222 
651.013101  	81.273437 
651.370408  	81.389876 
651.727714  	80.982379 
652.085021  	80.122519 
652.442328  	79.940172 
652.799635  	79.599076 
653.156942  	78.871193 
653.514249  	78.497522 
653.871556  	78.184379 
654.228862  	77.880756 
654.586169  	77.622708 
654.943476  	77.321862 
655.300783  	77.044765 
655.658090  	76.631397 
656.015397  	76.154758 
656.372704  	75.693230 
656.730011  	75.489634 
657.087317  	75.734045 
657.444624  	75.835887 
657.801931  	75.457020 
658.159238  	75.118810 
658.516545  	74.917826 
658.873852  	74.486146 
659.231159  	74.401000 
659.588465  	74.579503 
659.945772  	74.187473 
660.303079  	73.659984 
660.660386  	73.576290 
661.017693  	73.676866 
661.375000  	72.927576 
661.732307  	72.069479 
662.089613  	72.183115 
662.446920  	72.204364 
662.804227  	71.849877 
663.161534  	71.464362 
663.518841  	71.102852 
663.876148  	71.102051 
664.233455  	70.944276 
664.590761  	70.847486 
664.948068  	71.023639 
665.305375  	70.829663 
665.662682  	70.579812 
666.019989  	70.427368 
666.377296  	70.277588 
666.734603  	70.194865 
667.091909  	70.215024 
667.449216  	69.833388 
667.806523  	64.537681 
668.163830  	66.269231 
668.521137  	69.074020 
668.878444  	69.400964 
669.235751  	69.305721 
669.593057  	69.161397 
669.950364  	68.831875 
670.307671  	68.630118 
670.664978  	68.608760 
671.022285  	68.556128 
671.379592  	68.230434 
671.736899  	67.995888 
672.094206  	68.088258 
672.451512  	68.163716 
672.808819  	68.050585 
673.166126  	67.911677 
673.523433  	67.819550 
673.880740  	67.795578 
674.238047  	67.904656 
674.595354  	67.843669 
674.952660  	67.665855 
675.309967  	67.580145 
675.667274  	67.380843 
676.024581  	67.307726 
676.381888  	67.395899 
676.739195  	67.151710 
677.096502  	66.847078 
677.453808  	66.946565 
677.811115  	66.769075 
678.168422  	66.239892 
678.525729  	66.541197 
678.883036  	66.993066 
679.240343  	66.593127 
679.597650  	66.076523 
679.954956  	65.894124 
680.312263  	66.209781 
680.669570  	66.409171 
681.026877  	65.951605 
681.384184  	65.783221 
681.741491  	65.631927 
682.098798  	65.319770 
682.456104  	65.128404 
682.813411  	65.149830 
683.170718  	65.604921 
683.528025  	65.800491 
683.885332  	65.424438 
684.242639  	65.143882 
684.599946  	65.088643 
684.957253  	65.065501 
685.314559  	64.925293 
685.671866  	64.952677 
686.029173  	65.218945 
686.386480  	65.131340 
686.743787  	64.807041 
687.101094  	64.668163 
687.458401  	64.552031 
687.815707  	64.313175 
688.173014  	64.269759 
688.530321  	64.249552 
688.887628  	63.911465 
689.244935  	63.650591 
689.602242  	63.781732 
689.959549  	64.113940 
690.316855  	64.007723 
690.674162  	63.358582 
691.031469  	63.206061 
691.388776  	63.506505 
691.746083  	63.322458 
692.103390  	62.766487 
692.460697  	62.858629 
692.818003  	63.245129 
693.175310  	63.137206 
693.532617  	62.695518 
693.889924  	62.466752 
694.247231  	62.603450 
694.604538  	62.615437 
694.961845  	62.447058 
695.319151  	62.158987 
695.676458  	61.509222 
696.033765  	61.232130 
696.391072  	61.136779 
696.748379  	60.373655 
697.105686  	59.747115 
697.462993  	59.433907 
697.820300  	58.742939 
698.177606  	57.977774 
698.534913  	57.590998 
698.892220  	57.425440 
699.249527  	57.666319 
699.606834  	58.863619 
699.964141  	60.661689 
700.321448  	62.594931 
700.678754  	64.100670 
701.036061  	64.493850 
701.393368  	64.753366 
701.750675  	65.270492 
702.107982  	65.344296 
702.465289  	65.422055 
702.822596  	65.669902 
703.179902  	65.705093 
703.537209  	65.580585 
703.894516  	65.677813 
704.251823  	65.947633 
704.609130  	66.095492 
704.966437  	66.179203 
705.323744  	65.975690 
705.681050  	65.715713 
706.038357  	65.497697 
706.395664  	65.097821 
706.752971  	65.186144 
707.110278  	65.285109 
707.467585  	64.947761 
707.824892  	64.970437 
708.182198  	64.902773 
708.539505  	64.593489 
708.896812  	64.663723 
709.254119  	64.884342 
709.611426  	64.828591 
709.968733  	64.503549 
710.326040  	64.553255 
710.683347  	65.041640 
711.040653  	65.184829 
711.397960  	64.835690 
711.755267  	64.710174 
712.112574  	65.055276 
712.469881  	65.062228 
712.827188  	64.811418 
713.184495  	64.799200 
713.541801  	64.756525 
713.899108  	64.815123 
714.256415  	64.643904 
714.613722  	64.473987 
714.971029  	64.982050 
715.328336  	65.086582 
715.685643  	64.821414 
716.042949  	64.873495 
716.400256  	64.710932 
716.757563  	64.581157 
717.114870  	64.542742 
717.472177  	64.637974 
717.829484  	65.084812 
718.186791  	64.964656 
718.544097  	64.506200 
718.901404  	64.535481 
719.258711  	64.685614 
719.616018  	64.795870 
719.973325  	64.870370 
720.330632  	64.838663 
720.687939  	64.705315 
721.045245  	64.547571 
721.402552  	64.572278 
721.759859  	64.590012 
722.117166  	64.680050 
722.474473  	64.938324 
722.831780  	64.832013 
723.189087  	64.560979 
723.546394  	64.424454 
723.903700  	64.126339 
724.261007  	64.087544 
724.618314  	64.581886 
724.975621  	65.068303 
725.332928  	65.119653 
725.690235  	64.669860 
726.047542  	64.228416 
726.404848  	64.107735 
726.762155  	64.175399 
727.119462  	64.416742 
727.476769  	64.586430 
727.834076  	64.762018 
728.191383  	64.811803 
728.548690  	64.477189 
728.905996  	64.671268 
729.263303  	64.922474 
729.620610  	64.408781 
729.977917  	64.459815 
730.335224  	64.772218 
730.692531  	64.421224 
731.049838  	64.543262 
731.407144  	65.063424 
731.764451  	64.858313 
732.121758  	64.272633 
732.479065  	64.153045 
732.836372  	64.260025 
733.193679  	64.207761 
733.550986  	64.389347 
733.908292  	64.516047 
734.265599  	64.435425 
734.622906  	64.633633 
734.980213  	64.836231 
735.337520  	64.974590 
735.694827  	64.961179 
736.052134  	64.678774 
736.409441  	64.562156 
736.766747  	64.556324 
737.124054  	64.847411 
737.481361  	65.131220 
737.838668  	64.645333 
738.195975  	64.316924 
738.553282  	64.649462 
738.910589  	64.928272 
739.267895  	64.804453 
739.625202  	64.454834 
739.982509  	64.481052 
740.339816  	64.853134 
740.697123  	65.030804 
741.054430  	64.809724 
741.411737  	64.614510 
741.769043  	64.749246 
742.126350  	64.526841 
742.483657  	64.174325 
742.840964  	64.164419 
743.198271  	64.119244 
743.555578  	64.472956 
743.912885  	64.916220 
744.270191  	64.918275 
744.627498  	65.042441 
744.984805  	65.066250 
745.342112  	64.873109 
745.699419  	64.768069 
746.056726  	64.727921 
746.414033  	64.631002 
746.771339  	64.332588 
747.128646  	64.253588 
747.485953  	64.230849 
747.843260  	64.047682 
748.200567  	64.279257 
748.557874  	64.398853 
748.915181  	64.488310 
749.272488  	65.161922 
749.629794  	65.136396 
749.987101  	64.473451 
750.344408  	64.565419 
750.701715  	64.865963 
751.059022  	64.706687 
751.416329  	64.225589 
751.773636  	63.856880 
752.130942  	64.089235 
752.488249  	64.190191 
752.845556  	64.114007 
753.202863  	64.403557 
753.560170  	64.352463 
753.917477  	64.295667 
754.274784  	64.429396 
754.632090  	64.190205 
754.989397  	64.203786 
755.346704  	64.317035 
755.704011  	64.328094 
756.061318  	64.497031 
756.418625  	64.498077 
756.775932  	64.563859 
757.133238  	64.349845 
757.490545  	63.922846 
757.847852  	63.970997 
758.205159  	63.882859 
758.562466  	63.763504 
758.919773  	64.043035 
759.277080  	64.346060 
759.634386  	64.339138 
759.991693  	64.032655 
760.349000  	64.339587 
760.706307  	64.823356 
761.063614  	64.305340 
761.420921  	63.678867 
761.778228  	63.772816 
762.135534  	64.364445 
762.492841  	64.747300 
762.850148  	64.537041 
763.207455  	64.369047 
763.564762  	64.325741 
763.922069  	64.109993 
764.279376  	63.699832 
764.636683  	63.381655 
764.993989  	63.543386 
765.351296  	63.712554 
765.708603  	63.824977 
766.065910  	64.007058 
766.423217  	63.767128 
766.780524  	63.581246 
767.137831  	63.707371 
767.495137  	63.685788 
767.852444  	63.704825 
768.209751  	63.749962 
768.567058  	63.525262 
768.924365  	63.260468 
769.281672  	63.271927 
769.638979  	63.251177 
769.996285  	63.085789 
770.353592  	63.083568 
770.710899  	62.903315 
771.068206  	62.768885 
771.425513  	63.115391 
771.782820  	63.301763 
772.140127  	63.155232 
772.497433  	62.759653 
772.854740  	62.208013 
773.212047  	61.965390 
773.569354  	61.902924 
773.926661  	61.896882 
774.283968  	62.085977 
774.641275  	62.477471 
774.998581  	62.612613 
775.355888  	62.183609 
775.713195  	62.004985 
776.070502  	62.042550 
776.427809  	61.775095 
776.785116  	61.654995 
777.142423  	61.783303 
777.499730  	62.028942 
777.857036  	61.976920 
778.214343  	61.361928 
778.571650  	60.944080 
778.928957  	61.196978 
779.286264  	61.690084 
779.643571  	61.642601 
780.000878  	61.249736 
780.358184  	61.134056 
780.715491  	61.130591 
781.072798  	61.197917 
781.430105  	60.887789 
781.787412  	60.232513 
782.144719  	60.101161 
782.502026  	60.165553 
782.859332  	60.136664 
783.216639  	60.250887 
783.573946  	60.461756 
783.931253  	60.460811 
784.288560  	59.850580 
784.645867  	59.511906 
785.003174  	59.873980 
785.360480  	59.845501 
785.717787  	59.395756 
786.075094  	59.044279 
786.432401  	58.855098 
786.789708  	58.914436 
787.147015  	58.913708 
787.504322  	58.667653 
787.861628  	58.383716 
788.218935  	58.288181 
788.576242  	58.415421 
788.933549  	58.237840 
789.290856  	57.931490 
789.648163  	57.958289 
790.005470  	57.601706 
790.362777  	57.222781 
790.720083  	57.454844 
791.077390  	57.344386 
791.434697  	56.949755 
791.792004  	56.660965 
792.149311  	56.336473 
792.506618  	56.214557 
792.863925  	56.011475 
793.221231  	55.825619 
793.578538  	55.717618 
793.935845  	55.552791 
794.293152  	55.701403 
794.650459  	55.721762 
795.007766  	55.401413 
795.365073  	54.941957 
795.722379  	54.391908 
796.079686  	54.078971 
796.436993  	53.757963 
796.794300  	53.396792 
797.151607  	53.014476 
797.508914  	52.669122 
797.866221  	52.805134 
798.223527  	52.715856 
798.580834  	52.225293 
798.938141  	51.854897 
799.295448  	51.376934 
799.652755  	51.079741 
800.010062  	50.899737 
800.367369  	50.416373 
800.724675  	49.813515 
801.081982  	49.128122 
801.439289  	48.768256 
801.796596  	48.885340 
802.153903  	48.613502 
802.511210  	48.015397 
802.868517  	47.627541 
803.225824  	46.833397 
803.583130  	46.016171 
803.940437  	45.881506 
804.297744  	45.354100 
804.655051  	44.353405 
805.012358  	43.636962 
805.369665  	43.244866 
805.726972  	43.076879 
806.084278  	42.361694 
806.441585  	41.319386 
806.798892  	40.570190 
807.156199  	39.651902 
807.513506  	38.944094 
807.870813  	38.454630 
808.228120  	37.646213 
808.585426  	36.797405 
808.942733  	36.075694 
809.300040  	35.520378 
809.657347  	34.727436 
810.014654  	33.479470 
810.371961  	32.437444 
810.729268  	31.588962 
811.086574  	30.688688 
811.443881  	29.883835 
811.801188  	29.027648 
812.158495  	28.116611 
812.515802  	27.292423 
812.873109  	26.341192 
813.230416  	25.387678 
813.587722  	24.712113 
813.945029  	24.046921 
814.302336  	23.369023 
814.659643  	22.592747 
815.016950  	21.852349 
815.374257  	21.610525 
815.731564  	21.063048 
816.088871  	20.134928 
816.446177  	19.697593 
816.803484  	19.300761 
817.160791  	18.751555 
817.518098  	18.366997 
817.875405  	18.317143 
818.232712  	18.555017 
818.590019  	18.608338 
818.947325  	18.687011 
819.304632  	19.076160 
819.661939  	19.748721 
820.019246  	20.624522 
820.376553  	21.394510 
820.733860  	22.126334 
821.091167  	22.819923 
821.448473  	23.591997 
821.805780  	24.610773 
822.163087  	25.634217 
822.520394  	26.737226 
822.877701  	27.726940 
823.235008  	28.544731 
823.592315  	29.614034 
823.949621  	30.760125 
824.306928  	31.559286 
824.664235  	31.898058 
825.021542  	32.210898 
825.378849  	32.771240 
825.736156  	33.356293 
826.093463  	33.658585 
826.450769  	33.530955 
826.808076  	33.500512 
827.165383  	33.310485 
827.522690  	32.778614 
827.879997  	32.983298 
828.237304  	33.523724 
828.594611  	33.725069 
828.951918  	33.821276 
829.309224  	33.749517 
829.666531  	33.992637 
830.023838  	34.541677 
830.381145  	35.090904 
830.738452  	36.021483 
831.095759  	37.056849 
831.453066  	38.073961 
831.810372  	39.396813 
832.167679  	40.742492 
832.524986  	41.957947 
832.882293  	43.417542 
833.239600  	45.161473 
833.596907  	46.754284 
833.954214  	48.311839 
834.311520  	50.206586 
834.668827  	52.152078 
835.026134  	54.230259 
835.383441  	56.546422 
835.740748  	58.430888 
836.098055  	60.308637 
836.455362  	62.686288 
836.812668  	64.427668 
837.169975  	65.764163 
837.527282  	67.609946 
837.884589  	69.134995 
838.241896  	70.315710 
838.599203  	71.677881 
838.956510  	73.015769 
839.313816  	74.345124 
839.671123  	75.228489 
840.028430  	75.601990 
840.385737  	76.030595 
840.743044  	76.609856 
841.100351  	77.509668 
841.457658  	78.361757 
841.814964  	78.514910 
842.172271  	78.347349 
842.529578  	78.595923 
842.886885  	79.175895 
843.244192  	79.249578 
843.601499  	79.103685 
843.958806  	79.509808 
844.316113  	79.871494 
844.673419  	80.057537 
845.030726  	80.423877 
845.388033  	80.628801 
845.745340  	80.805068 
846.102647  	80.947109 
846.459954  	80.830654 
846.817261  	80.863756 
847.174567  	81.048529 
847.531874  	81.196677 
847.889181  	81.242375 
848.246488  	81.156056 
848.603795  	81.324252 
848.961102  	81.573542 
849.318409  	81.508825 
849.675715  	81.219729 
850.033022  	80.953066 
850.390329  	81.100760 
850.747636  	81.127818 
851.104943  	80.809453 
851.462250  	81.147739 
851.819557  	81.701571 
852.176863  	81.788473 
852.534170  	81.844283 
852.891477  	81.877212 
853.248784  	81.855396 
853.606091  	81.558860 
853.963398  	81.291546 
854.320705  	81.774034 
854.678011  	82.093870 
855.035318  	81.882253 
855.392625  	81.961809 
855.749932  	82.120706 
856.107239  	81.954673 
856.464546  	81.540396 
856.821853  	81.363255 
857.179160  	81.612409 
857.536466  	81.762048 
857.893773  	81.910057 
858.251080  	82.052816 
858.608387  	81.853074 
858.965694  	81.630542 
859.323001  	81.547342 
859.680308  	81.656737 
860.037614  	81.833839 
860.394921  	81.649663 
860.752228  	81.292842 
861.109535  	81.231529 
861.466842  	81.496979 
861.824149  	81.801804 
862.181456  	82.112817 
862.538762  	82.280354 
862.896069  	82.241002 
863.253376  	82.372802 
863.610683  	82.045717 
863.967990  	81.557560 
864.325297  	82.105675 
864.682604  	82.546584 
865.039910  	82.457377 
865.397217  	82.681365 
865.754524  	82.628383 
866.111831  	82.219662 
866.469138  	81.881931 
866.826445  	81.759812 
867.183752  	81.867124 
867.541058  	81.987707 
867.898365  	82.159120 
868.255672  	82.000331 
868.612979  	81.846334 
868.970286  	82.133905 
869.327593  	81.893628 
869.684900  	81.668863 
870.042207  	82.026336 
870.399513  	81.926145 
870.756820  	81.936406 
871.114127  	82.382803 
871.471434  	82.236824 
871.828741  	81.942851 
872.186048  	82.120353 
872.543355  	82.256179 
872.900661  	82.118155 
873.257968  	81.937098 
873.615275  	81.891513 
873.972582  	81.942257 
874.329889  	81.870781 
874.687196  	81.486304 
875.044503  	81.162858 
875.401809  	81.397713 
875.759116  	81.696247 
876.116423  	81.726924 
876.473730  	81.827275 
876.831037  	81.805021 
877.188344  	81.645496 
877.545651  	81.600475 
877.902957  	81.627446 
878.260264  	81.764670 
878.617571  	81.876470 
878.974878  	81.805138 
879.332185  	81.576306 
879.689492  	81.345905 
880.046799  	81.202339 
880.404105  	81.105867 
880.761412  	81.258898 
881.118719  	81.434837 
881.476026  	81.425491 
881.833333  	81.526346 
882.190640  	81.464426 
882.547947  	81.074121 
882.905254  	80.825709 
883.262560  	81.009655 
883.619867  	81.288956 
883.977174  	81.312148 
884.334481  	81.371868 
884.691788  	81.409035 
885.049095  	81.184144 
885.406402  	80.987740 
885.763708  	81.092249 
886.121015  	81.274327 
886.478322  	80.944485 
886.835629  	80.538811 
887.192936  	80.696116 
887.550243  	80.858910 
887.907550  	80.884818 
888.264856  	81.134493 
888.622163  	81.367163 
888.979470  	81.143199 
889.336777  	80.795164 
889.694084  	80.885094 
890.051391  	80.969134 
890.408698  	80.794149 
890.766004  	80.874888 
891.123311  	81.331438 
891.480618  	81.522807 
891.837925  	80.872129 
892.195232  	80.095476 
892.552539  	79.953175 
892.909846  	80.285930 
893.267152  	80.660749 
893.624459  	80.688984 
893.981766  	80.654679 
894.339073  	80.759493 
894.696380  	80.697394 
895.053687  	80.674237 
895.410994  	80.924370 
895.768301  	81.057488 
896.125607  	80.943387 
896.482914  	81.085836 
896.840221  	81.300842 
897.197528  	81.134151 
897.554835  	80.857277 
897.912142  	80.793380 
898.269449  	81.260889 
898.626755  	81.577033 
898.984062  	81.103634 
899.341369  	80.979448 
899.698676  	81.371140 
900.055983  	81.425526 
900.413290  	81.156556 
900.770597  	80.904921 
901.127903  	80.941539 
901.485210  	81.076807 
901.842517  	81.213029 
902.199824  	81.311817 
902.557131  	81.087991 
902.914438  	80.843559 
903.271745  	80.844742 
903.629051  	81.007895 
903.986358  	80.988258 
904.343665  	80.649086 
904.700972  	80.510980 
905.058279  	80.459120 
905.415586  	80.367125 
905.772893  	80.448700 
906.130199  	80.499726 
906.487506  	80.652802 
906.844813  	80.723509 
907.202120  	80.593088 
907.559427  	80.654347 
907.916734  	80.607591 
908.274041  	80.593896 
908.631348  	80.826244 
908.988654  	80.952866 
909.345961  	81.156288 
909.703268  	81.091538 
910.060575  	80.710539 
910.417882  	80.746856 
910.775189  	80.805990 
911.132496  	80.537980 
911.489802  	80.393393 
911.847109  	80.608067 
912.204416  	80.793833 
912.561723  	80.476322 
912.919030  	80.245944 
913.276337  	80.444191 
913.633644  	80.580864 
913.990950  	80.564324 
914.348257  	80.489369 
914.705564  	80.359860 
915.062871  	80.077128 
915.420178  	80.060422 
915.777485  	80.552318 
916.134792  	80.741629 
916.492098  	80.561403 
916.849405  	80.359898 
917.206712  	80.132111 
917.564019  	80.073342 
917.921326  	80.021833 
918.278633  	79.968116 
918.635940  	80.097047 
918.993246  	80.198406 
919.350553  	80.003871 
919.707860  	79.691534 
920.065167  	79.694113 
920.422474  	79.794961 
920.779781  	79.875607 
921.137088  	79.975509 
921.494394  	79.788076 
921.851701  	79.454935 
922.209008  	79.185296 
922.566315  	79.240192 
922.923622  	79.459265 
923.280929  	79.403551 
923.638236  	79.459205 
923.995543  	79.509515 
924.352849  	79.362832 
924.710156  	79.241965 
925.067463  	78.962959 
925.424770  	78.522250 
925.782077  	77.904338 
926.139384  	77.355319 
926.496691  	76.849508 
926.853997  	76.105895 
927.211304  	75.408315 
927.568611  	74.504250 
927.925918  	74.040297 
928.283225  	74.787172 
928.640532  	75.621348 
928.997839  	76.300174 
929.355145  	77.256317 
929.712452  	78.071813 
930.069759  	78.426994 
930.427066  	78.648139 
930.784373  	79.173127 
931.141680  	79.297278 
931.498987  	79.012513 
931.856293  	79.201082 
932.213600  	79.305197 
932.570907  	79.109688 
932.928214  	79.270762 
933.285521  	79.555707 
933.642828  	79.335308 
934.000135  	78.837578 
934.357441  	78.608307 
934.714748  	78.283080 
935.072055  	77.789202 
935.429362  	77.488232 
935.786669  	77.209024 
936.143976  	77.058470 
936.501283  	77.232442 
936.858590  	77.737291 
937.215896  	78.410816 
937.573203  	78.982749 
937.930510  	79.509451 
938.287817  	79.746446 
938.645124  	79.518939 
939.002431  	79.242708 
939.359738  	79.386928 
939.717044  	79.864886 
940.074351  	79.885644 
940.431658  	79.657539 
940.788965  	79.827951 
941.146272  	79.933050 
941.503579  	79.855313 
941.860886  	79.885663 
942.218192  	80.072664 
942.575499  	80.250995 
942.932806  	80.194218 
943.290113  	80.203027 
943.647420  	80.091078 
944.004727  	79.718624 
944.362034  	79.733649 
944.719340  	79.823116 
945.076647  	79.767889 
945.433954  	80.055216 
945.791261  	80.294541 
946.148568  	80.261566 
946.505875  	80.116146 
946.863182  	79.779289 
947.220488  	79.709623 
947.577795  	79.977634 
947.935102  	80.062755 
948.292409  	80.064970 
948.649716  	80.049164 
949.007023  	79.921379 
949.364330  	79.830642 
949.721637  	79.718994 
950.078943  	79.648835 
950.436250  	79.766372 
950.793557  	79.948773 
951.150864  	79.967295 
951.508171  	79.914791 
951.865478  	80.091621 
952.222785  	80.102196 
952.580091  	79.917239 
952.937398  	80.028165 
953.294705  	80.061436 
953.652012  	80.073906 
954.009319  	80.115859 
954.366626  	79.744758 
954.723933  	79.619389 
955.081239  	79.750614 
955.438546  	79.535826 
955.795853  	79.458819 
956.153160  	79.605356 
956.510467  	79.721315 
956.867774  	79.748846 
957.225081  	79.650621 
957.582387  	79.749088 
957.939694  	79.705721 
958.297001  	79.327607 
958.654308  	79.383787 
959.011615  	79.587513 
959.368922  	79.467033 
959.726229  	79.542978 
960.083535  	79.760287 
960.440842  	79.803355 
960.798149  	79.571507 
961.155456  	79.197025 
961.512763  	79.185676 
961.870070  	79.244715 
962.227377  	79.099326 
962.584684  	79.306604 
962.941990  	79.831929 
963.299297  	80.096541 
963.656604  	79.905803 
964.013911  	79.497934 
964.371218  	79.138347 
964.728525  	79.135761 
965.085832  	79.405877 
965.443138  	79.459696 
965.800445  	79.487728 
966.157752  	79.512464 
966.515059  	79.422194 
966.872366  	79.479445 
967.229673  	79.407063 
967.586980  	79.296291 
967.944286  	79.281357 
968.301593  	79.382871 
968.658900  	79.726938 
969.016207  	79.555352 
969.373514  	79.247508 
969.730821  	79.425124 
970.088128  	79.454974 
970.445434  	79.781722 
970.802741  	80.344111 
971.160048  	80.166023 
971.517355  	79.655336 
971.874662  	79.423118 
972.231969  	79.386249 
972.589276  	79.272496 
972.946582  	79.121717 
973.303889  	79.208059 
973.661196  	79.448555 
974.018503  	79.626301 
974.375810  	79.608665 
974.733117  	79.367342 
975.090424  	79.233775 
975.447731  	79.471628 
975.805037  	79.672306 
976.162344  	79.545551 
976.519651  	79.270730 
976.876958  	79.186433 
977.234265  	79.551911 
977.591572  	79.755578 
977.948879  	79.518163 
978.306185  	79.260206 
978.663492  	79.131312 
979.020799  	79.371310 
979.378106  	79.470738 
979.735413  	79.148666 
980.092720  	78.898791 
980.450027  	78.742741 
980.807333  	78.873422 
981.164640  	78.926459 
981.521947  	78.787622 
981.879254  	78.941579 
982.236561  	79.010241 
982.593868  	79.091920 
982.951175  	79.086509 
983.308481  	78.824103 
983.665788  	78.897457 
984.023095  	78.989991 
984.380402  	78.733314 
984.737709  	78.340426 
985.095016  	78.263576 
985.452323  	78.471249 
985.809629  	78.485377 
986.166936  	78.638225 
986.524243  	78.667889 
986.881550  	78.533699 
987.238857  	78.756130 
987.596164  	78.720786 
987.953471  	78.473243 
988.310778  	78.357750 
988.668084  	78.294542 
989.025391  	78.448332 
989.382698  	78.503684 
989.740005  	78.389416 
990.097312  	78.283827 
990.454619  	78.140059 
990.811926  	78.005273 
991.169232  	78.056380 
991.526539  	78.267845 
991.883846  	78.081808 
992.241153  	77.780681 
992.598460  	77.700217 
992.955767  	77.260492 
993.313074  	76.886144 
993.670380  	76.904091 
994.027687  	76.779838 
994.384994  	76.642400 
994.742301  	76.457908 
995.099608  	76.199723 
995.456915  	76.293059 
995.814222  	76.293606 
996.171528  	76.064473 
996.528835  	76.156971 
996.886142  	76.190285 
997.243449  	76.045331 
997.600756  	75.920234 
997.958063  	75.613477 
998.315370  	75.345496 
998.672676  	74.961661 
999.029983  	74.331657 
999.387290  	73.783400 
999.744597  	73.416825 
1000.101904  	73.252227 
1000.459211  	72.799690 
1000.816518  	72.085643 
1001.173824  	71.488507 
1001.531131  	70.671132 
1001.888438  	69.652204 
1002.245745  	68.372280 
1002.603052  	67.018496 
1002.960359  	65.954396 
1003.317666  	64.534227 
1003.674973  	62.610825 
1004.032279  	60.712468 
1004.389586  	59.115588 
1004.746893  	57.931416 
1005.104200  	57.349869 
1005.461507  	57.556914 
1005.818814  	58.073567 
1006.176121  	58.675472 
1006.533427  	59.590473 
1006.890734  	61.179955 
1007.248041  	63.877869 
1007.605348  	66.760368 
1007.962655  	69.115949 
1008.319962  	71.180186 
1008.677269  	72.540650 
1009.034575  	73.442237 
1009.391882  	74.545260 
1009.749189  	75.448753 
1010.106496  	75.817300 
1010.463803  	76.086526 
1010.821110  	76.303664 
1011.178417  	76.346954 
1011.535723  	76.534695 
1011.893030  	76.735032 
1012.250337  	76.823910 
1012.607644  	76.820055 
1012.964951  	76.876168 
1013.322258  	77.379009 
1013.679565  	77.583857 
1014.036871  	77.333966 
1014.394178  	77.470406 
1014.751485  	77.561710 
1015.108792  	77.346014 
1015.466099  	77.293376 
1015.823406  	77.316833 
1016.180713  	77.202777 
1016.538020  	77.120062 
1016.895326  	77.042191 
1017.252633  	76.937144 
1017.609940  	77.187516 
1017.967247  	77.120477 
1018.324554  	76.592778 
1018.681861  	76.904133 
1019.039168  	77.365215 
1019.396474  	76.956812 
1019.753781  	76.666063 
1020.111088  	76.928366 
1020.468395  	76.939781 
1020.825702  	76.716827 
1021.183009  	77.018214 
1021.540316  	76.836767 
1021.897622  	76.168156 
1022.254929  	76.849910 
1022.612236  	77.553337 
1022.969543  	76.991409 
1023.326850  	76.548736 
1023.684157  	76.348328 
1024.041464  	76.105642 
1024.398770  	76.021120 
1024.756077  	76.075364 
1025.113384  	76.342761 
1025.470691  	76.621091 
1025.827998  	76.612213 
1026.185305  	76.156221 
1026.542612  	75.798736 
1026.899918  	75.944085 
1027.257225  	76.103189 
1027.614532  	76.464656 
1027.971839  	76.902243 
1028.329146  	76.728332 
1028.686453  	76.531517 
1029.043760  	76.667694 
1029.401067  	76.676822 
1029.758373  	76.647093 
1030.115680  	76.688272 
1030.472987  	76.733839 
1030.830294  	76.718112 
1031.187601  	76.434017 
1031.544908  	76.286910 
1031.902215  	76.497518 
1032.259521  	76.486676 
1032.616828  	76.593259 
1032.974135  	77.161203 
1033.331442  	77.461950 
1033.688749  	77.395498 
1034.046056  	77.133239 
1034.403363  	76.781454 
1034.760669  	76.777156 
1035.117976  	76.850487 
1035.475283  	76.778859 
1035.832590  	76.813633 
1036.189897  	76.716461 
1036.547204  	76.487603 
1036.904511  	76.424352 
1037.261817  	76.478736 
1037.619124  	76.579099 
1037.976431  	76.585258 
1038.333738  	76.538860 
1038.691045  	76.643486 
1039.048352  	76.619534 
1039.405659  	76.461068 
1039.762965  	76.562877 
1040.120272  	76.699067 
1040.477579  	76.492673 
1040.834886  	76.111414 
1041.192193  	75.966456 
1041.549500  	76.034178 
1041.906807  	76.002647 
1042.264114  	76.102785 
1042.621420  	76.267674 
1042.978727  	76.021477 
1043.336034  	75.797624 
1043.693341  	75.928590 
1044.050648  	75.888237 
1044.407955  	75.516658 
1044.765262  	75.249220 
1045.122568  	75.273100 
1045.479875  	75.200383 
1045.837182  	74.876177 
1046.194489  	74.661765 
1046.551796  	74.487944 
1046.909103  	74.206350 
1047.266410  	74.195064 
1047.623716  	74.261720 
1047.981023  	73.977006 
1048.338330  	73.884877 
1048.695637  	74.076780 
1049.052944  	73.731455 
1049.410251  	72.959619 
1049.767558  	72.549206 
1050.124864  	72.565131 
1050.482171  	72.530321 
1050.839478  	72.181343 
1051.196785  	71.725144 
1051.554092  	71.525331 
1051.911399  	71.407165 
1052.268706  	71.047174 
1052.626012  	70.906266 
1052.983319  	71.021478 
1053.340626  	70.911486 
1053.697933  	71.149414 
1054.055240  	71.890238 
1054.412547  	72.372887 
1054.769854  	72.660915 
1055.127161  	73.158323 
1055.484467  	73.824740 
1055.841774  	74.337367 
1056.199081  	74.691773 
1056.556388  	75.196143 
1056.913695  	75.455243 
1057.271002  	75.215325 
1057.628309  	74.952139 
1057.985615  	74.931536 
1058.342922  	75.363601 
1058.700229  	75.939356 
1059.057536  	75.890287 
1059.414843  	75.578597 
1059.772150  	75.676461 
1060.129457  	75.903445 
1060.486763  	76.024673 
1060.844070  	76.229543 
1061.201377  	76.302276 
1061.558684  	75.983938 
1061.915991  	75.849903 
1062.273298  	75.990705 
1062.630605  	75.638925 
1062.987911  	75.202878 
1063.345218  	75.178139 
1063.702525  	75.149704 
1064.059832  	75.207047 
1064.417139  	75.275249 
1064.774446  	75.210393 
1065.131753  	75.248527 
1065.489059  	75.154728 
1065.846366  	74.858593 
1066.203673  	74.695236 
1066.560980  	74.807398 
1066.918287  	74.642351 
1067.275594  	74.059920 
1067.632901  	73.986398 
1067.990208  	74.035223 
1068.347514  	73.620317 
1068.704821  	73.345493 
1069.062128  	73.045121 
1069.419435  	72.581898 
1069.776742  	72.240672 
1070.134049  	72.064802 
1070.491356  	72.251793 
1070.848662  	72.753063 
1071.205969  	73.136754 
1071.563276  	73.247114 
1071.920583  	73.549883 
1072.277890  	73.580510 
1072.635197  	72.954712 
1072.992504  	72.789781 
1073.349810  	72.823322 
1073.707117  	72.694791 
1074.064424  	72.801717 
1074.421731  	72.558997 
1074.779038  	72.298856 
1075.136345  	72.005270 
1075.493652  	71.432328 
1075.850958  	71.241860 
1076.208265  	70.962994 
1076.565572  	70.803623 
1076.922879  	70.833212 
1077.280186  	70.410673 
1077.637493  	70.345996 
1077.994800  	70.166897 
1078.352106  	69.364850 
1078.709413  	69.097944 
1079.066720  	69.163824 
1079.424027  	68.979469 
1079.781334  	68.692436 
1080.138641  	68.076908 
1080.495948  	66.954335 
1080.853255  	66.043034 
1081.210561  	65.855810 
1081.567868  	65.671757 
1081.925175  	65.169131 
1082.282482  	64.414415 
1082.639789  	63.396570 
1082.997096  	62.347961 
1083.354403  	60.995449 
1083.711709  	59.803953 
1084.069016  	59.027323 
1084.426323  	57.517612 
1084.783630  	55.506192 
1085.140937  	53.871090 
1085.498244  	52.087051 
1085.855551  	49.723521 
1086.212857  	47.205939 
1086.570164  	44.460381 
1086.927471  	41.284115 
1087.284778  	38.307786 
1087.642085  	35.631010 
1087.999392  	33.314021 
1088.356699  	31.875389 
1088.714005  	31.219605 
1089.071312  	31.609483 
1089.428619  	33.468463 
1089.785926  	36.669439 
1090.143233  	40.735972 
1090.500540  	44.806086 
1090.857847  	48.280595 
1091.215153  	50.597362 
1091.572460  	51.476854 
1091.929767  	50.817479 
1092.287074  	48.323407 
1092.644381  	45.559752 
1093.001688  	44.337098 
1093.358995  	45.421648 
1093.716301  	49.966771 
1094.073608  	57.103837 
1094.430915  	64.376359 
1094.788222  	70.748896 
1095.145529  	75.710088 
1095.502836  	78.837768 
1095.860143  	80.575776 
1096.217450  	81.761041 
1096.574756  	82.578432 
1096.932063  	82.946765 
1097.289370  	83.179304 
1097.646677  	83.234834 
1098.003984  	83.154828 
1098.361291  	83.280590 
1098.718598  	83.407689 
1099.075904  	83.292243 
1099.433211  	83.206171 
1099.790518  	83.060122 
1100.147825  	82.582379 
1100.505132  	82.275360 
1100.862439  	82.248923 
1101.219746  	82.125828 
1101.577052  	82.026260 
1101.934359  	81.800836 
1102.291666  	81.306796 
1102.648973  	80.995857 
1103.006280  	80.993887 
1103.363587  	80.856060 
1103.720894  	80.598418 
1104.078200  	80.374332 
1104.435507  	79.933483 
1104.792814  	79.606147 
1105.150121  	79.455098 
1105.507428  	79.168636 
1105.864735  	78.898376 
1106.222042  	78.606745 
1106.579348  	78.493831 
1106.936655  	78.339355 
1107.293962  	77.925358 
1107.651269  	77.647304 
1108.008576  	77.099396 
1108.365883  	76.698993 
1108.723190  	76.857864 
1109.080497  	76.649113 
1109.437803  	75.985482 
1109.795110  	75.217630 
1110.152417  	74.732330 
1110.509724  	74.519147 
1110.867031  	74.236081 
1111.224338  	74.010881 
1111.581645  	73.432881 
1111.938951  	72.644143 
1112.296258  	72.088483 
1112.653565  	71.436209 
1113.010872  	70.803320 
1113.368179  	70.266206 
1113.725486  	69.847268 
1114.082793  	69.637539 
1114.440099  	69.175410 
1114.797406  	68.239493 
1115.154713  	67.475097 
1115.512020  	67.379689 
1115.869327  	67.339879 
1116.226634  	67.137565 
1116.583941  	67.090517 
1116.941247  	67.115315 
1117.298554  	67.480327 
1117.655861  	67.983934 
1118.013168  	68.235082 
1118.370475  	68.428549 
1118.727782  	68.816093 
1119.085089  	69.703415 
1119.442395  	70.330532 
1119.799702  	70.312272 
1120.157009  	70.593000 
1120.514316  	70.917551 
1120.871623  	71.153160 
1121.228930  	71.711277 
1121.586237  	71.934792 
1121.943544  	71.958577 
1122.300850  	72.282069 
1122.658157  	72.435782 
1123.015464  	72.477830 
1123.372771  	72.471246 
1123.730078  	72.281212 
1124.087385  	72.288105 
1124.444692  	72.411985 
1124.801998  	72.714650 
1125.159305  	73.055541 
1125.516612  	72.846380 
1125.873919  	72.801710 
1126.231226  	73.231960 
1126.588533  	73.503620 
1126.945840  	73.716343 
1127.303146  	73.912987 
1127.660453  	73.913752 
1128.017760  	73.845202 
1128.375067  	74.145107 
1128.732374  	74.773303 
1129.089681  	75.300191 
1129.446988  	75.756597 
1129.804294  	75.876122 
1130.161601  	76.049922 
1130.518908  	76.810404 
1130.876215  	77.218152 
1131.233522  	77.267896 
1131.590829  	77.675671 
1131.948136  	78.001558 
1132.305442  	78.045099 
1132.662749  	78.303608 
1133.020056  	78.698077 
1133.377363  	78.862686 
1133.734670  	79.067570 
1134.091977  	79.210478 
1134.449284  	79.166935 
1134.806591  	79.405451 
1135.163897  	79.716533 
1135.521204  	79.721144 
1135.878511  	79.453216 
1136.235818  	79.227553 
1136.593125  	79.191342 
1136.950432  	79.230578 
1137.307739  	79.624552 
1137.665045  	79.916230 
1138.022352  	79.674714 
1138.379659  	79.430638 
1138.736966  	79.276760 
1139.094273  	79.240691 
1139.451580  	79.182983 
1139.808887  	79.046936 
1140.166193  	79.277161 
1140.523500  	79.511230 
1140.880807  	79.280934 
1141.238114  	79.023274 
1141.595421  	79.104706 
1141.952728  	79.040099 
1142.310035  	78.630722 
1142.667341  	78.493590 
1143.024648  	78.560239 
1143.381955  	78.405825 
1143.739262  	78.091483 
1144.096569  	77.945897 
1144.453876  	78.111696 
1144.811183  	78.147444 
1145.168489  	78.022796 
1145.525796  	78.076121 
1145.883103  	78.158152 
1146.240410  	78.135794 
1146.597717  	78.179374 
1146.955024  	78.285684 
1147.312331  	78.183684 
1147.669638  	77.964134 
1148.026944  	77.766056 
1148.384251  	77.619713 
1148.741558  	77.579457 
1149.098865  	77.274404 
1149.456172  	76.986989 
1149.813479  	77.137546 
1150.170786  	77.239247 
1150.528092  	77.242222 
1150.885399  	77.264208 
1151.242706  	77.193845 
1151.600013  	77.162820 
1151.957320  	77.125015 
1152.314627  	77.070998 
1152.671934  	77.139760 
1153.029240  	77.215544 
1153.386547  	77.144629 
1153.743854  	77.027029 
1154.101161  	76.880140 
1154.458468  	76.653900 
1154.815775  	76.507578 
1155.173082  	76.486187 
1155.530388  	76.550631 
1155.887695  	76.613211 
1156.245002  	76.592487 
1156.602309  	76.594250 
1156.959616  	76.539744 
1157.316923  	76.353232 
1157.674230  	76.290039 
1158.031536  	76.507065 
1158.388843  	76.605787 
1158.746150  	76.222841 
1159.103457  	75.771122 
1159.460764  	75.675029 
1159.818071  	75.796867 
1160.175378  	75.940241 
1160.532685  	76.223266 
1160.889991  	76.405432 
1161.247298  	76.092280 
1161.604605  	75.794500 
1161.961912  	75.684361 
1162.319219  	75.481969 
1162.676526  	75.406652 
1163.033833  	75.392740 
1163.391139  	75.289180 
1163.748446  	75.135473 
1164.105753  	75.101565 
1164.463060  	75.023202 
1164.820367  	74.571025 
1165.177674  	74.393528 
1165.534981  	74.498285 
1165.892287  	74.459080 
1166.249594  	74.569766 
1166.606901  	74.452807 
1166.964208  	74.106934 
1167.321515  	73.978254 
1167.678822  	73.838555 
1168.036129  	73.594726 
1168.393435  	73.363005 
1168.750742  	73.191016 
1169.108049  	72.858884 
1169.465356  	72.567620 
1169.822663  	72.567803 
1170.179970  	72.355643 
1170.537277  	72.117093 
1170.894583  	72.042978 
1171.251890  	71.695045 
1171.609197  	71.182602 
1171.966504  	70.754884 
1172.323811  	70.475503 
1172.681118  	70.159106 
1173.038425  	69.672517 
1173.395731  	69.087758 
1173.753038  	68.400682 
1174.110345  	67.738427 
1174.467652  	67.139411 
1174.824959  	66.700396 
1175.182266  	66.266205 
1175.539573  	65.404078 
1175.896880  	64.280437 
1176.254186  	63.229499 
1176.611493  	62.359151 
1176.968800  	61.391412 
1177.326107  	60.120175 
1177.683414  	58.728302 
1178.040721  	56.999389 
1178.398028  	54.937416 
1178.755334  	52.691888 
1179.112641  	50.055571 
1179.469948  	46.932080 
1179.827255  	43.400338 
1180.184562  	40.076620 
1180.541869  	37.384416 
1180.899176  	35.906323 
1181.256482  	36.890625 
1181.613789  	40.082337 
1181.971096  	43.881809 
1182.328403  	46.750889 
1182.685710  	47.751879 
1183.043017  	47.101513 
1183.400324  	45.423456 
1183.757630  	43.593549 
1184.114937  	42.881301 
1184.472244  	44.404900 
1184.829551  	48.792791 
1185.186858  	55.373186 
1185.544165  	62.512957 
1185.901472  	69.062245 
1186.258778  	74.329410 
1186.616085  	77.874442 
1186.973392  	80.241031 
1187.330699  	81.994752 
1187.688006  	82.988070 
1188.045313  	83.497309 
1188.402620  	83.915425 
1188.759927  	84.101307 
1189.117233  	84.241000 
1189.474540  	84.523852 
1189.831847  	84.576222 
1190.189154  	84.406834 
1190.546461  	84.291005 
1190.903768  	84.192104 
1191.261075  	84.110821 
1191.618381  	83.962152 
1191.975688  	83.745886 
1192.332995  	83.671762 
1192.690302  	83.589231 
1193.047609  	83.411406 
1193.404916  	83.238256 
1193.762223  	83.050888 
1194.119529  	83.034203 
1194.476836  	83.026881 
1194.834143  	82.748094 
1195.191450  	82.559147 
1195.548757  	82.533036 
1195.906064  	82.401948 
1196.263371  	82.197750 
1196.620677  	82.035181 
1196.977984  	81.991137 
1197.335291  	81.882058 
1197.692598  	81.617256 
1198.049905  	81.417855 
1198.407212  	81.327957 
1198.764519  	81.372353 
1199.121825  	81.325756 
1199.479132  	81.073006 
1199.836439  	81.044401 
1200.193746  	80.980383 
1200.551053  	80.690400 
1200.908360  	80.693173 
1201.265667  	80.704710 
1201.622974  	80.456172 
1201.980280  	80.247620 
1202.337587  	80.071165 
1202.694894  	79.980210 
1203.052201  	80.030881 
1203.409508  	80.190788 
1203.766815  	80.174914 
1204.124122  	79.747574 
1204.481428  	79.544667 
1204.838735  	79.600253 
1205.196042  	79.375676 
1205.553349  	79.330324 
1205.910656  	79.541005 
1206.267963  	79.474964 
1206.625270  	79.224518 
1206.982576  	78.990635 
1207.339883  	78.869298 
1207.697190  	78.849484 
1208.054497  	78.726367 
1208.411804  	78.627867 
1208.769111  	78.663081 
1209.126418  	78.532438 
1209.483724  	78.337724 
1209.841031  	78.446219 
1210.198338  	78.537621 
1210.555645  	78.330525 
1210.912952  	78.183802 
1211.270259  	78.148223 
1211.627566  	78.066754 
1211.984872  	78.012065 
1212.342179  	77.930574 
1212.699486  	77.964628 
1213.056793  	78.125419 
1213.414100  	77.987974 
1213.771407  	77.712345 
1214.128714  	77.649269 
1214.486021  	77.687835 
1214.843327  	77.800936 
1215.200634  	77.822995 
1215.557941  	77.597151 
1215.915248  	77.431552 
1216.272555  	77.476739 
1216.629862  	77.513080 
1216.987169  	77.468140 
1217.344475  	77.376283 
1217.701782  	77.176838 
1218.059089  	77.014986 
1218.416396  	76.970516 
1218.773703  	76.935380 
1219.131010  	76.970405 
1219.488317  	76.951661 
1219.845623  	76.883491 
1220.202930  	76.923706 
1220.560237  	76.926800 
1220.917544  	76.930277 
1221.274851  	76.887274 
1221.632158  	76.808253 
1221.989465  	76.849119 
1222.346771  	76.755713 
1222.704078  	76.589271 
1223.061385  	76.517516 
1223.418692  	76.495252 
1223.775999  	76.466697 
1224.133306  	76.229126 
1224.490613  	76.038726 
1224.847919  	75.943106 
1225.205226  	75.851734 
1225.562533  	76.098240 
1225.919840  	76.213865 
1226.277147  	76.012161 
1226.634454  	76.015302 
1226.991761  	75.966389 
1227.349068  	75.721063 
1227.706374  	75.485137 
1228.063681  	75.283991 
1228.420988  	75.364349 
1228.778295  	75.494645 
1229.135602  	75.148538 
1229.492909  	74.812731 
1229.850216  	74.909078 
1230.207522  	74.985724 
1230.564829  	74.941714 
1230.922136  	74.884575 
1231.279443  	74.831071 
1231.636750  	74.833557 
1231.994057  	74.675290 
1232.351364  	74.538200 
1232.708670  	74.553075 
1233.065977  	74.398509 
1233.423284  	74.216883 
1233.780591  	74.192932 
1234.137898  	74.275938 
1234.495205  	74.308860 
1234.852512  	74.095539 
1235.209818  	73.865627 
1235.567125  	73.872369 
1235.924432  	73.982830 
1236.281739  	73.865118 
1236.639046  	73.577238 
1236.996353  	73.485645 
1237.353660  	73.498687 
1237.710966  	73.500719 
1238.068273  	73.490048 
1238.425580  	73.367575 
1238.782887  	73.264424 
1239.140194  	73.200396 
1239.497501  	73.019689 
1239.854808  	72.710741 
1240.212115  	72.530146 
1240.569421  	72.689454 
1240.926728  	72.843038 
1241.284035  	72.752275 
1241.641342  	72.643104 
1241.998649  	72.523101 
1242.355956  	72.363978 
1242.713263  	72.327773 
1243.070569  	72.316526 
1243.427876  	72.183942 
1243.785183  	72.059027 
1244.142490  	71.987598 
1244.499797  	71.849608 
1244.857104  	71.650664 
1245.214411  	71.602295 
1245.571717  	71.644937 
1245.929024  	71.464812 
1246.286331  	71.316855 
1246.643638  	71.316401 
1247.000945  	71.096315 
1247.358252  	70.921119 
1247.715559  	70.977593 
1248.072865  	70.934242 
1248.430172  	70.805518 
1248.787479  	70.658871 
1249.144786  	70.428251 
1249.502093  	70.265672 
1249.859400  	70.222800 
1250.216707  	70.109374 
1250.574013  	70.021846 
1250.931320  	69.957959 
1251.288627  	69.614634 
1251.645934  	69.348118 
1252.003241  	69.415536 
1252.360548  	69.322291 
1252.717855  	68.955965 
1253.075161  	68.650874 
1253.432468  	68.587807 
1253.789775  	68.539392 
1254.147082  	68.343406 
1254.504389  	68.201007 
1254.861696  	67.972647 
1255.219003  	67.609316 
1255.576310  	67.389760 
1255.933616  	67.224173 
1256.290923  	67.009619 
1256.648230  	66.835115 
1257.005537  	66.669452 
1257.362844  	66.366890 
1257.720151  	65.952921 
1258.077458  	65.673783 
1258.434764  	65.490504 
1258.792071  	65.151653 
1259.149378  	64.709598 
1259.506685  	64.419316 
1259.863992  	64.213525 
1260.221299  	63.903392 
1260.578606  	63.602992 
1260.935912  	63.238694 
1261.293219  	62.778745 
1261.650526  	62.425521 
1262.007833  	62.016448 
1262.365140  	61.518173 
1262.722447  	61.160868 
1263.079754  	60.908097 
1263.437060  	60.604337 
1263.794367  	60.235335 
1264.151674  	59.877837 
1264.508981  	59.473240 
1264.866288  	59.139000 
1265.223595  	58.890137 
1265.580902  	58.491485 
1265.938208  	58.189456 
1266.295515  	57.977978 
1266.652822  	57.559136 
1267.010129  	57.061840 
1267.367436  	56.620429 
1267.724743  	56.292246 
1268.082050  	55.841676 
1268.439357  	55.256018 
1268.796663  	54.756803 
1269.153970  	54.042620 
1269.511277  	53.273399 
1269.868584  	52.690244 
1270.225891  	52.117308 
1270.583198  	51.617020 
1270.940505  	51.006938 
1271.297811  	50.263321 
1271.655118  	49.619176 
1272.012425  	48.995566 
1272.369732  	48.328283 
1272.727039  	47.685473 
1273.084346  	47.180610 
1273.441653  	46.681877 
1273.798959  	46.077637 
1274.156266  	45.480243 
1274.513573  	44.925084 
1274.870880  	44.491888 
1275.228187  	44.018552 
1275.585494  	43.414483 
1275.942801  	42.948794 
1276.300107  	42.631730 
1276.657414  	42.207656 
1277.014721  	41.593499 
1277.372028  	41.125797 
1277.729335  	40.808372 
1278.086642  	40.291856 
1278.443949  	39.722938 
1278.801255  	39.162195 
1279.158562  	38.548520 
1279.515869  	38.098959 
1279.873176  	37.826770 
1280.230483  	37.455068 
1280.587790  	36.888852 
1280.945097  	36.373862 
1281.302404  	36.009369 
1281.659710  	35.739664 
1282.017017  	35.407521 
1282.374324  	34.896191 
1282.731631  	34.456748 
1283.088938  	33.998428 
1283.446245  	33.366179 
1283.803552  	32.751325 
1284.160858  	32.078258 
1284.518165  	31.440667 
1284.875472  	30.949256 
1285.232779  	30.379635 
1285.590086  	29.651865 
1285.947393  	28.806434 
1286.304700  	28.070417 
1286.662006  	27.564157 
1287.019313  	27.157394 
1287.376620  	26.914775 
1287.733927  	26.723376 
1288.091234  	26.521722 
1288.448541  	26.726024 
1288.805848  	27.348422 
1289.163154  	28.140690 
1289.520461  	29.188010 
1289.877768  	30.508297 
1290.235075  	32.090329 
1290.592382  	33.881688 
1290.949689  	35.725124 
1291.306996  	37.609227 
1291.664302  	39.616140 
1292.021609  	41.835939 
1292.378916  	44.274464 
1292.736223  	46.993563 
1293.093530  	50.031415 
1293.450837  	53.133789 
1293.808144  	56.356840 
1294.165451  	59.913577 
1294.522757  	63.302728 
1294.880064  	66.225294 
1295.237371  	69.004489 
1295.594678  	71.603535 
1295.951985  	73.833369 
1296.309292  	75.628298 
1296.666599  	77.160059 
1297.023905  	78.704693 
1297.381212  	80.165767 
1297.738519  	81.378155 
1298.095826  	82.231835 
1298.453133  	82.968676 
1298.810440  	83.703714 
1299.167747  	84.196559 
1299.525053  	84.740251 
1299.882360  	85.291390 
1300.239667  	85.540813 
1300.596974  	85.791720 
1300.954281  	86.252843 
1301.311588  	86.712760 
1301.668895  	86.779381 
1302.026201  	86.745712 
1302.383508  	87.006334 
1302.740815  	87.141129 
1303.098122  	87.151783 
1303.455429  	87.207676 
1303.812736  	87.153693 
1304.170043  	87.128400 
1304.527349  	87.140520 
1304.884656  	87.184585 
1305.241963  	87.340351 
1305.599270  	87.364650 
1305.956577  	87.238758 
1306.313884  	87.206366 
1306.671191  	87.147639 
1307.028498  	87.020436 
1307.385804  	87.017192 
1307.743111  	86.972568 
1308.100418  	86.766115 
1308.457725  	86.619579 
1308.815032  	86.629870 
1309.172339  	86.587608 
1309.529646  	86.332574 
1309.886952  	86.179817 
1310.244259  	86.211413 
1310.601566  	86.105089 
1310.958873  	85.945107 
1311.316180  	85.759679 
1311.673487  	85.652964 
1312.030794  	85.852322 
1312.388100  	85.794900 
1312.745407  	85.473654 
1313.102714  	85.437003 
1313.460021  	85.186932 
1313.817328  	84.949587 
1314.174635  	85.174107 
1314.531942  	85.114595 
1314.889248  	84.742102 
1315.246555  	84.529415 
1315.603862  	84.535371 
1315.961169  	84.605722 
1316.318476  	84.522973 
1316.675783  	84.577450 
1317.033090  	84.570558 
1317.390396  	84.315361 
1317.747703  	84.320151 
1318.105010  	84.458279 
1318.462317  	84.547631 
1318.819624  	84.277791 
1319.176931  	83.840841 
1319.534238  	83.906356 
1319.891545  	83.805587 
1320.248851  	83.578763 
1320.606158  	83.563580 
1320.963465  	83.311914 
1321.320772  	83.078868 
1321.678079  	82.894326 
1322.035386  	82.701820 
1322.392693  	82.705478 
1322.749999  	82.653749 
1323.107306  	82.439582 
1323.464613  	82.215603 
1323.821920  	82.195733 
1324.179227  	81.982462 
1324.536534  	81.358977 
1324.893841  	81.065779 
1325.251147  	81.159114 
1325.608454  	81.240181 
1325.965761  	81.177426 
1326.323068  	81.025920 
1326.680375  	80.982097 
1327.037682  	80.905297 
1327.394989  	80.815790 
1327.752295  	80.809873 
1328.109602  	80.829016 
1328.466909  	80.824042 
1328.824216  	80.696903 
1329.181523  	80.697611 
1329.538830  	80.811785 
1329.896137  	80.864652 
1330.253443  	80.954472 
1330.610750  	80.923922 
1330.968057  	80.869971 
1331.325364  	80.903232 
1331.682671  	80.909618 
1332.039978  	80.979210 
1332.397285  	81.060767 
1332.754592  	81.084829 
1333.111898  	81.051508 
1333.469205  	81.039062 
1333.826512  	81.111498 
1334.183819  	81.148402 
1334.541126  	81.106717 
1334.898433  	80.993914 
1335.255740  	80.969663 
1335.613046  	81.033752 
1335.970353  	81.210032 
1336.327660  	81.495384 
1336.684967  	81.159582 
1337.042274  	80.668044 
1337.399581  	80.870127 
1337.756888  	81.093534 
1338.114194  	81.284540 
1338.471501  	81.229375 
1338.828808  	80.807526 
1339.186115  	80.871831 
1339.543422  	81.086108 
1339.900729  	81.377692 
1340.258036  	81.434221 
1340.615342  	80.620584 
1340.972649  	80.499052 
1341.329956  	80.984079 
1341.687263  	81.040320 
1342.044570  	80.926827 
1342.401877  	80.944095 
1342.759184  	81.013506 
1343.116490  	81.021604 
1343.473797  	81.107512 
1343.831104  	81.123664 
1344.188411  	80.969190 
1344.545718  	81.046004 
1344.903025  	81.022478 
1345.260332  	80.880023 
1345.617638  	80.899757 
1345.974945  	80.742628 
1346.332252  	80.555421 
1346.689559  	80.527057 
1347.046866  	80.681841 
1347.404173  	80.779037 
1347.761480  	80.643669 
1348.118787  	80.766334 
1348.476093  	80.866319 
1348.833400  	80.700178 
1349.190707  	80.571234 
1349.548014  	80.280100 
1349.905321  	80.068142 
1350.262628  	80.147849 
1350.619935  	80.274136 
1350.977241  	80.358595 
1351.334548  	80.332256 
1351.691855  	80.280800 
1352.049162  	80.259172 
1352.406469  	80.198930 
1352.763776  	80.158398 
1353.121083  	80.160995 
1353.478389  	80.048361 
1353.835696  	79.898102 
1354.193003  	80.008952 
1354.550310  	80.129803 
1354.907617  	79.969861 
1355.264924  	79.871388 
1355.622231  	79.984333 
1355.979537  	80.029197 
1356.336844  	80.017493 
1356.694151  	80.007375 
1357.051458  	79.837407 
1357.408765  	79.805185 
1357.766072  	79.807847 
1358.123379  	79.568542 
1358.480685  	79.666553 
1358.837992  	79.812265 
1359.195299  	79.742503 
1359.552606  	79.870621 
1359.909913  	79.719145 
1360.267220  	79.617052 
1360.624527  	80.105166 
1360.981834  	79.880361 
1361.339140  	78.806855 
1361.696447  	79.056142 
1362.053754  	79.782846 
1362.411061  	79.874167 
1362.768368  	79.972377 
1363.125675  	79.477372 
1363.482982  	78.314564 
1363.840288  	78.703341 
1364.197595  	79.360738 
1364.554902  	79.387998 
1364.912209  	79.328413 
1365.269516  	79.389465 
1365.626823  	79.491274 
1365.984130  	79.485536 
1366.341436  	79.421685 
1366.698743  	79.380547 
1367.056050  	79.352643 
1367.413357  	79.344058 
1367.770664  	79.359084 
1368.127971  	79.613564 
1368.485278  	79.446135 
1368.842584  	78.676887 
1369.199891  	78.699631 
1369.557198  	79.085814 
1369.914505  	79.148833 
1370.271812  	79.204480 
1370.629119  	79.194066 
1370.986426  	79.094562 
1371.343732  	79.096304 
1371.701039  	79.143880 
1372.058346  	79.169854 
1372.415653  	79.154505 
1372.772960  	79.202979 
1373.130267  	79.621601 
1373.487574  	79.941821 
1373.844881  	78.891814 
1374.202187  	78.216269 
1374.559494  	79.143702 
1374.916801  	79.442388 
1375.274108  	78.503969 
1375.631415  	78.407958 
1375.988722  	78.792334 
1376.346029  	78.725381 
1376.703335  	78.688090 
1377.060642  	78.847488 
1377.417949  	79.011323 
1377.775256  	78.995736 
1378.132563  	78.659223 
1378.489870  	78.518210 
1378.847177  	78.685977 
1379.204483  	78.723556 
1379.561790  	78.495688 
1379.919097  	78.355862 
1380.276404  	78.460052 
1380.633711  	78.400068 
1380.991018  	78.344107 
1381.348325  	78.386813 
1381.705631  	78.258211 
1382.062938  	78.203213 
1382.420245  	78.139730 
1382.777552  	78.152616 
1383.134859  	78.293594 
1383.492166  	78.120978 
1383.849473  	78.078006 
1384.206779  	78.261232 
1384.564086  	78.183057 
1384.921393  	78.137199 
1385.278700  	78.123539 
1385.636007  	78.105945 
1385.993314  	78.412629 
1386.350621  	78.363063 
1386.707928  	78.041741 
1387.065234  	78.668381 
1387.422541  	78.390432 
1387.779848  	76.071301 
1388.137155  	76.482466 
1388.494462  	77.621799 
1388.851769  	77.739982 
1389.209076  	77.750973 
1389.566382  	77.792236 
1389.923689  	77.709715 
1390.280996  	77.696518 
1390.638303  	77.544617 
1390.995610  	77.429212 
1391.352917  	77.383894 
1391.710224  	77.262545 
1392.067530  	77.185177 
1392.424837  	77.124140 
1392.782144  	77.119483 
1393.139451  	77.225713 
1393.496758  	77.253689 
1393.854065  	77.704216 
1394.211372  	78.462013 
1394.568678  	76.518616 
1394.925985  	74.860153 
1395.283292  	76.418579 
1395.640599  	77.050366 
1395.997906  	75.757896 
1396.355213  	75.720077 
1396.712520  	76.307281 
1397.069826  	76.532963 
1397.427133  	76.815817 
1397.784440  	76.469617 
1398.141747  	75.709984 
1398.499054  	76.273614 
1398.856361  	77.343776 
1399.213668  	76.192287 
1399.570975  	74.491656 
1399.928281  	75.168518 
1400.285588  	75.759601 
1400.642895  	75.836863 
1401.000202  	75.967068 
1401.357509  	75.810065 
1401.714816  	75.698723 
1402.072123  	75.941182 
1402.429429  	76.040965 
1402.786736  	75.941137 
1403.144043  	75.796980 
1403.501350  	75.882318 
1403.858657  	75.964401 
1404.215964  	76.005572 
1404.573271  	76.441001 
1404.930577  	75.812349 
1405.287884  	74.284155 
1405.645191  	74.717696 
1406.002498  	75.386966 
1406.359805  	75.324153 
1406.717112  	75.233486 
1407.074419  	75.270732 
1407.431725  	75.308762 
1407.789032  	75.330699 
1408.146339  	75.322241 
1408.503646  	75.271570 
1408.860953  	75.202969 
1409.218260  	75.106604 
1409.575567  	75.016202 
1409.932873  	75.053738 
1410.290180  	75.026978 
1410.647487  	74.881393 
1411.004794  	74.817712 
1411.362101  	74.752528 
1411.719408  	74.469644 
1412.076715  	74.211717 
1412.434022  	74.306300 
1412.791328  	74.361094 
1413.148635  	74.274570 
1413.505942  	74.225607 
1413.863249  	74.075554 
1414.220556  	74.019512 
1414.577863  	74.000840 
1414.935170  	73.885670 
1415.292476  	73.953650 
1415.649783  	74.077998 
1416.007090  	73.812712 
1416.364397  	73.243892 
1416.721704  	73.473671 
1417.079011  	74.281673 
1417.436318  	73.785175 
1417.793624  	72.657080 
1418.150931  	72.958014 
1418.508238  	73.765817 
1418.865545  	74.942833 
1419.222852  	75.397120 
1419.580159  	70.515110 
1419.937466  	70.107122 
1420.294772  	71.853380 
1420.652079  	72.550314 
1421.009386  	72.545150 
1421.366693  	72.490659 
1421.724000  	72.480000 
1422.081307  	72.607458 
1422.438614  	72.596802 
1422.795920  	72.529016 
1423.153227  	72.624435 
1423.510534  	72.825588 
1423.867841  	72.610176 
1424.225148  	71.512274 
1424.582455  	71.029549 
1424.939762  	71.320483 
1425.297068  	71.573391 
1425.654375  	71.692870 
1426.011682  	71.731108 
1426.368989  	71.622543 
1426.726296  	71.425404 
1427.083603  	71.272710 
1427.440910  	71.157948 
1427.798217  	71.154259 
1428.155523  	71.205678 
1428.512830  	70.950347 
1428.870137  	70.695989 
1429.227444  	71.033393 
1429.584751  	71.695978 
1429.942058  	70.908811 
1430.299365  	69.052512 
1430.656671  	69.260207 
1431.013978  	69.758557 
1431.371285  	69.605212 
1431.728592  	69.569580 
1432.085899  	69.204796 
1432.443206  	68.846227 
1432.800513  	68.942165 
1433.157819  	68.694603 
1433.515126  	68.125759 
1433.872433  	67.764746 
1434.229740  	67.745063 
1434.587047  	67.629108 
1434.944354  	67.294084 
1435.301661  	67.057678 
1435.658967  	66.593696 
1436.016274  	66.639324 
1436.373581  	68.140423 
1436.730888  	67.154016 
1437.088195  	61.535942 
1437.445502  	62.326579 
1437.802809  	63.293853 
1438.160115  	63.292272 
1438.517422  	63.007378 
1438.874729  	62.442033 
1439.232036  	61.837933 
1439.589343  	61.617474 
1439.946650  	61.296837 
1440.303957  	60.894824 
1440.661264  	60.714814 
1441.018570  	60.693326 
1441.375877  	60.637585 
1441.733184  	60.573902 
1442.090491  	60.654819 
1442.447798  	60.751631 
1442.805105  	60.983571 
1443.162412  	61.201527 
1443.519718  	61.414857 
1443.877025  	61.884917 
1444.234332  	62.182142 
1444.591639  	62.502998 
1444.948946  	62.834573 
1445.306253  	62.886775 
1445.663560  	63.195997 
1446.020866  	63.476294 
1446.378173  	63.622761 
1446.735480  	63.829955 
1447.092787  	64.003595 
1447.450094  	64.892660 
1447.807401  	65.540342 
1448.164708  	63.699278 
1448.522014  	63.278659 
1448.879321  	64.328249 
1449.236628  	64.602235 
1449.593935  	64.574244 
1449.951242  	64.749292 
1450.308549  	64.731175 
1450.665856  	64.851263 
1451.023162  	64.841340 
1451.380469  	64.968181 
1451.737776  	65.468380 
1452.095083  	65.133861 
1452.452390  	64.600255 
1452.809697  	64.900512 
1453.167004  	65.096003 
1453.524311  	64.871307 
1453.881617  	64.817758 
1454.238924  	64.996284 
1454.596231  	64.953665 
1454.953538  	65.093165 
1455.310845  	64.825428 
1455.668152  	63.907079 
1456.025459  	64.798524 
1456.382765  	67.343606 
1456.740072  	67.549298 
1457.097379  	59.690078 
1457.454686  	60.628914 
1457.811993  	63.216171 
1458.169300  	64.038681 
1458.526607  	61.945772 
1458.883913  	62.015461 
1459.241220  	62.264025 
1459.598527  	61.185141 
1459.955834  	61.249430 
1460.313141  	61.645775 
1460.670448  	61.411088 
1461.027755  	61.092893 
1461.385061  	60.781897 
1461.742368  	60.529200 
1462.099675  	60.311347 
1462.456982  	60.068601 
1462.814289  	59.781742 
1463.171596  	59.291007 
1463.528903  	59.116079 
1463.886209  	59.093313 
1464.243516  	59.173103 
1464.600823  	59.935666 
1464.958130  	58.658913 
1465.315437  	56.174741 
1465.672744  	56.577701 
1466.030051  	56.957186 
1466.387358  	56.750658 
1466.744664  	56.493394 
1467.101971  	56.239420 
1467.459278  	55.857956 
1467.816585  	55.330542 
1468.173892  	54.868945 
1468.531199  	54.266921 
1468.888506  	53.588278 
1469.245812  	53.110976 
1469.603119  	52.649727 
1469.960426  	52.147976 
1470.317733  	51.726523 
1470.675040  	51.561525 
1471.032347  	51.515524 
1471.389654  	51.617848 
1471.746960  	52.105306 
1472.104267  	51.443141 
1472.461574  	49.852159 
1472.818881  	50.234309 
1473.176188  	51.695669 
1473.533495  	51.657701 
1473.890802  	49.617605 
1474.248108  	49.892584 
1474.605415  	50.412842 
1474.962722  	50.457582 
1475.320029  	50.211029 
1475.677336  	50.033054 
1476.034643  	50.371667 
1476.391950  	49.010123 
1476.749256  	47.224315 
1477.106563  	47.044929 
1477.463870  	46.597035 
1477.821177  	45.888756 
1478.178484  	45.283429 
1478.535791  	44.624801 
1478.893098  	43.838448 
1479.250405  	42.926260 
1479.607711  	42.168491 
1479.965018  	41.330924 
1480.322325  	40.326317 
1480.679632  	39.581546 
1481.036939  	38.923538 
1481.394246  	37.807580 
1481.751553  	36.661280 
1482.108859  	35.901996 
1482.466166  	35.055410 
1482.823473  	34.151028 
1483.180780  	33.202449 
1483.538087  	32.094975 
1483.895394  	31.143829 
1484.252701  	30.259469 
1484.610007  	29.309810 
1484.967314  	28.257777 
1485.324621  	27.167999 
1485.681928  	26.260738 
1486.039235  	25.680082 
1486.396542  	25.220065 
1486.753849  	24.528621 
1487.111155  	24.556489 
1487.468462  	25.072382 
1487.825769  	24.128901 
1488.183076  	23.447295 
1488.540383  	23.038911 
1488.897690  	22.625377 
1489.254997  	22.107062 
1489.612303  	21.512870 
1489.969610  	21.111790 
1490.326917  	19.965266 
1490.684224  	19.728528 
1491.041531  	20.220112 
1491.398838  	19.557125 
1491.756145  	19.290130 
1492.113452  	19.164476 
1492.470758  	19.341725 
1492.828065  	20.138116 
1493.185372  	21.066243 
1493.542679  	22.402974 
1493.899986  	23.917945 
1494.257293  	25.701760 
1494.614600  	27.695107 
1494.971906  	29.575950 
1495.329213  	31.389235 
1495.686520  	32.470936 
1496.043827  	33.865152 
1496.401134  	36.363525 
1496.758441  	37.186109 
1497.115748  	37.681709 
1497.473054  	37.530870 
1497.830361  	37.118171 
1498.187668  	36.627183 
1498.544975  	36.247187 
1498.902282  	36.436142 
1499.259589  	36.538979 
1499.616896  	37.532201 
1499.974202  	39.169188 
1500.331509  	41.390107 
1500.688816  	44.055890 
1501.046123  	46.724951 
1501.403430  	49.610265 
1501.760737  	52.751738 
1502.118044  	56.177117 
1502.475350  	59.501811 
1502.832657  	62.706540 
1503.189964  	66.225200 
1503.547271  	69.806474 
1503.904578  	73.341041 
1504.261885  	76.427498 
1504.619192  	78.944327 
1504.976498  	81.404535 
1505.333805  	83.081153 
1505.691112  	82.942754 
1506.048419  	83.946655 
1506.405726  	85.988735 
1506.763033  	87.220018 
1507.120340  	83.183363 
1507.477647  	83.455189 
1507.834953  	86.096472 
1508.192260  	87.468371 
1508.549567  	86.953871 
1508.906874  	86.684423 
1509.264181  	88.288308 
1509.621488  	88.367998 
1509.978795  	87.197505 
1510.336101  	87.668622 
1510.693408  	88.123041 
1511.050715  	88.461859 
1511.408022  	88.821499 
1511.765329  	89.299992 
1512.122636  	89.052244 
1512.479943  	87.020242 
1512.837249  	87.351547 
1513.194556  	88.316377 
1513.551863  	88.225892 
1513.909170  	88.059896 
1514.266477  	88.499959 
1514.623784  	88.830556 
1514.981091  	87.903118 
1515.338397  	87.467839 
1515.695704  	88.285491 
1516.053011  	88.815239 
1516.410318  	88.409619 
1516.767625  	87.354198 
1517.124932  	87.436597 
1517.482239  	86.362161 
1517.839545  	85.038502 
1518.196852  	86.078074 
1518.554159  	86.920608 
1518.911466  	87.238370 
1519.268773  	87.361596 
1519.626080  	87.856837 
1519.983387  	87.647760 
1520.340694  	85.497554 
1520.698000  	86.437674 
1521.055307  	88.010975 
1521.412614  	84.140548 
1521.769921  	83.446410 
1522.127228  	85.700462 
1522.484535  	86.693720 
1522.841842  	84.152792 
1523.199148  	83.469586 
1523.556455  	84.366810 
1523.913762  	84.482090 
1524.271069  	84.740495 
1524.628376  	84.872546 
1524.985683  	85.061740 
1525.342990  	84.554659 
1525.700296  	81.679356 
1526.057603  	81.940953 
1526.414910  	83.073605 
1526.772217  	83.582469 
1527.129524  	83.580918 
1527.486831  	82.275200 
1527.844138  	82.516147 
1528.201444  	83.787300 
1528.558751  	83.228124 
1528.916058  	82.285237 
1529.273365  	82.881824 
1529.630672  	83.503888 
1529.987979  	83.730245 
1530.345286  	83.772318 
1530.702592  	83.950538 
1531.059899  	84.491107 
1531.417206  	84.656633 
1531.774513  	83.980969 
1532.131820  	83.942230 
1532.489127  	84.961957 
1532.846434  	85.791358 
1533.203741  	85.613085 
1533.561047  	84.903410 
1533.918354  	83.528670 
1534.275661  	82.673012 
1534.632968  	83.513812 
1534.990275  	84.315094 
1535.347582  	84.462320 
1535.704889  	84.421490 
1536.062195  	84.603012 
1536.419502  	84.791428 
1536.776809  	84.646878 
1537.134116  	84.481295 
1537.491423  	84.804259 
1537.848730  	85.308808 
1538.206037  	85.656650 
1538.563343  	86.543763 
1538.920650  	86.276767 
1539.277957  	80.555067 
1539.635264  	82.227512 
1539.992571  	85.157284 
1540.349878  	82.140580 
1540.707185  	79.858449 
1541.064491  	82.032569 
1541.421798  	84.164126 
1541.779105  	85.415813 
1542.136412  	81.385140 
1542.493719  	78.171889 
1542.851026  	80.727979 
1543.208333  	82.372585 
1543.565639  	81.754583 
1543.922946  	80.909087 
1544.280253  	81.324393 
1544.637560  	82.269758 
1544.994867  	82.350065 
1545.352174  	79.125912 
1545.709481  	78.356481 
1546.066788  	79.681628 
1546.424094  	80.071065 
1546.781401  	80.111027 
1547.138708  	80.080278 
1547.496015  	79.810098 
1547.853322  	79.745981 
1548.210629  	79.556703 
1548.567936  	79.250548 
1548.925242  	79.225079 
1549.282549  	79.328159 
1549.639856  	79.000437 
1549.997163  	78.095669 
1550.354470  	77.250035 
1550.711777  	77.041626 
1551.069084  	77.496023 
1551.426390  	77.676898 
1551.783697  	77.516300 
1552.141004  	77.594385 
1552.498311  	77.462594 
1552.855618  	77.357138 
1553.212925  	77.466503 
1553.570232  	77.919073 
1553.927538  	78.969395 
1554.284845  	77.718701 
1554.642152  	73.600083 
1554.999459  	74.494675 
1555.356766  	75.975505 
1555.714073  	76.272750 
1556.071380  	76.290103 
1556.428686  	76.629857 
1556.785993  	77.102116 
1557.143300  	78.398374 
1557.500607  	78.941688 
1557.857914  	76.277174 
1558.215221  	77.468305 
1558.572528  	75.950346 
1558.929835  	73.686464 
1559.287141  	76.799292 
1559.644448  	79.283858 
1560.001755  	78.360546 
1560.359062  	73.293124 
1560.716369  	73.740048 
1561.073676  	75.627332 
1561.430983  	76.666236 
1561.788289  	76.908792 
1562.145596  	76.952166 
1562.502903  	76.899514 
1562.860210  	77.010475 
1563.217517  	77.211533 
1563.574824  	77.193713 
1563.932131  	77.131342 
1564.289437  	77.463432 
1564.646744  	77.757669 
1565.004051  	76.523958 
1565.361358  	75.671244 
1565.718665  	76.410299 
1566.075972  	76.770961 
1566.433279  	76.651415 
1566.790585  	76.706226 
1567.147892  	76.537772 
1567.505199  	76.278496 
1567.862506  	76.072316 
1568.219813  	76.243469 
1568.577120  	76.594730 
1568.934427  	76.037415 
1569.291733  	75.895081 
1569.649040  	75.585995 
1570.006347  	72.000517 
1570.363654  	71.878061 
1570.720961  	73.432695 
1571.078268  	73.882215 
1571.435575  	73.775415 
1571.792882  	73.746131 
1572.150188  	73.617762 
1572.507495  	73.368664 
1572.864802  	73.074402 
1573.222109  	72.598795 
1573.579416  	72.063986 
1573.936723  	71.630099 
1574.294030  	70.997523 
1574.651336  	70.403338 
1575.008643  	69.989028 
1575.365950  	69.851433 
1575.723257  	70.697347 
1576.080564  	69.992914 
1576.437871  	63.366794 
1576.795178  	64.108764 
1577.152484  	66.328092 
1577.509791  	67.754282 
1577.867098  	68.517788 
1578.224405  	69.077795 
1578.581712  	69.439943 
1578.939019  	69.375290 
1579.296326  	69.177816 
1579.653632  	69.028108 
1580.010939  	68.705114 
1580.368246  	68.335340 
1580.725553  	68.188481 
1581.082860  	68.116290 
1581.440167  	67.942079 
1581.797474  	67.748584 
1582.154780  	67.527228 
1582.512087  	67.168289 
1582.869394  	66.872190 
1583.226701  	66.798462 
1583.584008  	66.629951 
1583.941315  	66.395846 
1584.298622  	66.380890 
1584.655928  	66.338302 
1585.013235  	66.086413 
1585.370542  	65.800477 
1585.727849  	65.648150 
1586.085156  	65.543189 
1586.442463  	65.351295 
1586.799770  	65.201878 
1587.157077  	65.093683 
1587.514383  	64.915280 
1587.871690  	64.688609 
1588.228997  	64.546924 
1588.586304  	64.432934 
1588.943611  	64.145781 
1589.300918  	63.971127 
1589.658225  	63.887595 
1590.015531  	63.509191 
1590.372838  	63.132010 
1590.730145  	62.974509 
1591.087452  	62.847907 
1591.444759  	62.596663 
1591.802066  	62.249097 
1592.159373  	61.941219 
1592.516679  	61.620750 
1592.873986  	61.324755 
1593.231293  	61.059123 
1593.588600  	60.765187 
1593.945907  	60.586903 
1594.303214  	60.384769 
1594.660521  	59.933691 
1595.017827  	59.459529 
1595.375134  	58.964537 
1595.732441  	58.315222 
1596.089748  	57.718500 
1596.447055  	57.116064 
1596.804362  	56.545438 
1597.161669  	56.178379 
1597.518975  	55.587330 
1597.876282  	54.863115 
1598.233589  	54.332022 
1598.590896  	53.729177 
1598.948203  	53.121338 
1599.305510  	52.500450 
1599.662817  	51.764626 
1600.020124  	51.171147 
1600.377430  	50.729713 
1600.734737  	50.237735 
1601.092044  	49.616391 
1601.449351  	48.965647 
1601.806658  	48.299417 
1602.163965  	47.638445 
1602.521272  	47.007634 
1602.878578  	46.315101 
1603.235885  	45.604601 
1603.593192  	44.643419 
1603.950499  	43.592101 
1604.307806  	42.853831 
1604.665113  	42.086209 
1605.022420  	41.269296 
1605.379726  	40.494525 
1605.737033  	39.508988 
1606.094340  	38.554614 
1606.451647  	37.688315 
1606.808954  	36.604447 
1607.166261  	35.493311 
1607.523568  	34.619627 
1607.880874  	33.788274 
1608.238181  	32.985154 
1608.595488  	32.201774 
1608.952795  	31.320011 
1609.310102  	30.580951 
1609.667409  	29.837083 
1610.024716  	28.925928 
1610.382022  	28.289277 
1610.739329  	27.736681 
1611.096636  	27.013706 
1611.453943  	26.447213 
1611.811250  	26.003784 
1612.168557  	25.438660 
1612.525864  	24.986882 
1612.883171  	24.723358 
1613.240477  	24.424864 
1613.597784  	24.246747 
1613.955091  	24.275424 
1614.312398  	24.291128 
1614.669705  	24.364918 
1615.027012  	24.586192 
1615.384319  	24.912500 
1615.741625  	25.347853 
1616.098932  	25.555840 
1616.456239  	25.931580 
1616.813546  	28.928082 
1617.170853  	30.554176 
1617.528160  	31.204719 
1617.885467  	32.632463 
1618.242773  	34.323947 
1618.600080  	36.263310 
1618.957387  	38.308314 
1619.314694  	40.476916 
1619.672001  	42.737044 
1620.029308  	44.921890 
1620.386615  	47.336460 
1620.743921  	49.794295 
1621.101228  	52.165722 
1621.458535  	54.540447 
1621.815842  	56.911169 
1622.173149  	59.149814 
1622.530456  	60.968817 
1622.887763  	62.843918 
1623.245069  	64.708110 
1623.602376  	65.565602 
1623.959683  	66.588726 
1624.316990  	68.451044 
1624.674297  	70.208448 
1625.031604  	71.575404 
1625.388911  	72.654221 
1625.746218  	73.591715 
1626.103524  	74.318405 
1626.460831  	75.073714 
1626.818138  	75.984725 
1627.175445  	76.865827 
1627.532752  	77.363512 
1627.890059  	77.044024 
1628.247366  	76.952233 
1628.604672  	77.741783 
1628.961979  	78.464831 
1629.319286  	78.793044 
1629.676593  	79.162854 
1630.033900  	79.579376 
1630.391207  	79.794787 
1630.748514  	80.071951 
1631.105820  	80.269116 
1631.463127  	80.388258 
1631.820434  	80.803156 
1632.177741  	81.166183 
1632.535048  	81.275796 
1632.892355  	81.406563 
1633.249662  	81.663727 
1633.606968  	81.999321 
1633.964275  	82.439414 
1634.321582  	83.263671 
1634.678889  	84.034701 
1635.036196  	83.800178 
1635.393503  	82.751893 
1635.750810  	81.055068 
1636.108116  	80.951158 
1636.465423  	82.381934 
1636.822730  	83.790248 
1637.180037  	84.446930 
1637.537344  	83.453357 
1637.894651  	82.591292 
1638.251958  	83.386698 
1638.609265  	83.808177 
1638.966571  	83.884687 
1639.323878  	84.170412 
1639.681185  	84.303542 
1640.038492  	84.369396 
1640.395799  	84.137147 
1640.753106  	83.948354 
1641.110413  	84.162382 
1641.467719  	84.218428 
1641.825026  	84.345623 
1642.182333  	84.451635 
1642.539640  	84.205539 
1642.896947  	84.100610 
1643.254254  	84.281074 
1643.611561  	84.495498 
1643.968867  	84.554443 
1644.326174  	84.650339 
1644.683481  	84.921129 
1645.040788  	85.518202 
1645.398095  	86.806526 
1645.755402  	87.459251 
1646.112709  	83.887796 
1646.470015  	83.468648 
1646.827322  	85.948498 
1647.184629  	86.785054 
1647.541936  	85.827466 
1647.899243  	86.187547 
1648.256550  	86.328538 
1648.613857  	85.605707 
1648.971163  	86.228179 
1649.328470  	86.972259 
1649.685777  	87.092841 
1650.043084  	87.162671 
1650.400391  	87.438888 
1650.757698  	87.724930 
1651.115005  	87.996500 
1651.472312  	88.819337 
1651.829618  	90.307478 
1652.186925  	91.212022 
1652.544232  	89.084828 
1652.901539  	87.823975 
1653.258846  	85.543540 
1653.616153  	84.288828 
1653.973460  	87.877392 
1654.330766  	88.874722 
1654.688073  	86.254392 
1655.045380  	86.647458 
1655.402687  	88.148749 
1655.759994  	88.837884 
1656.117301  	89.044469 
1656.474608  	89.004837 
1656.831914  	89.113684 
1657.189221  	89.217577 
1657.546528  	89.248790 
1657.903835  	89.389092 
1658.261142  	89.364923 
1658.618449  	89.259091 
1658.975756  	89.227003 
1659.333062  	89.194123 
1659.690369  	89.161738 
1660.047676  	89.206628 
1660.404983  	89.317673 
1660.762290  	89.385655 
1661.119597  	89.535688 
1661.476904  	89.527934 
1661.834210  	89.503953 
1662.191517  	90.359297 
1662.548824  	90.819090 
1662.906131  	88.112925 
1663.263438  	87.143230 
1663.620745  	88.603853 
1663.978052  	89.233100 
1664.335359  	89.406920 
1664.692665  	89.597443 
1665.049972  	89.588205 
1665.407279  	89.484142 
1665.764586  	89.428417 
1666.121893  	89.576273 
1666.479200  	89.622511 
1666.836507  	89.431174 
1667.193813  	89.437312 
1667.551120  	89.688473 
1667.908427  	89.806672 
1668.265734  	89.474110 
1668.623041  	89.822364 
1668.980348  	90.856930 
1669.337655  	88.457411 
1669.694961  	85.427162 
1670.052268  	87.356002 
1670.409575  	88.859196 
1670.766882  	89.937773 
1671.124189  	90.823868 
1671.481496  	89.547655 
1671.838803  	87.666360 
1672.196109  	88.346980 
1672.553416  	88.953348 
1672.910723  	88.908513 
1673.268030  	88.954622 
1673.625337  	89.061781 
1673.982644  	89.417966 
1674.339951  	90.059049 
1674.697257  	91.128532 
1675.054564  	91.773545 
1675.411871  	86.839335 
1675.769178  	85.237342 
1676.126485  	87.622900 
1676.483792  	88.504430 
1676.841099  	88.323798 
1677.198405  	88.474052 
1677.555712  	88.992025 
1677.913019  	89.020955 
1678.270326  	88.894319 
1678.627633  	89.006689 
1678.984940  	89.191662 
1679.342247  	89.450131 
1679.699554  	89.288813 
1680.056860  	88.699442 
1680.414167  	88.030024 
1680.771474  	87.589928 
1681.128781  	87.951550 
1681.486088  	88.377971 
1681.843395  	88.332299 
1682.200702  	88.451371 
1682.558008  	89.503662 
1682.915315  	90.365864 
1683.272622  	88.909628 
1683.629929  	87.886758 
1683.987236  	88.409364 
1684.344543  	88.489982 
1684.701850  	87.873831 
1685.059156  	83.207683 
1685.416463  	83.930580 
1685.773770  	86.249115 
1686.131077  	87.121751 
1686.488384  	87.528755 
1686.845691  	87.788843 
1687.202998  	87.825448 
1687.560304  	87.990435 
1687.917611  	87.990655 
1688.274918  	87.447215 
1688.632225  	86.791331 
1688.989532  	87.103854 
1689.346839  	87.912949 
1689.704146  	88.393249 
1690.061452  	87.958409 
1690.418759  	86.982600 
1690.776066  	87.191932 
1691.133373  	87.633382 
1691.490680  	87.606121 
1691.847987  	87.942325 
1692.205294  	88.109331 
1692.562601  	87.871464 
1692.919907  	87.908505 
1693.277214  	87.946358 
1693.634521  	87.872642 
1693.991828  	87.955074 
1694.349135  	88.140287 
1694.706442  	88.616101 
1695.063749  	89.882212 
1695.421055  	91.652809 
1695.778362  	89.373220 
1696.135669  	82.458422 
1696.492976  	84.122696 
1696.850283  	86.439231 
1697.207590  	87.762806 
1697.564897  	87.908209 
1697.922203  	87.643514 
1698.279510  	87.926795 
1698.636817  	88.664112 
1698.994124  	89.431645 
1699.351431  	90.655134 
1699.708738  	92.082163 
1700.066045  	89.687715 
1700.423351  	84.553528 
1700.780658  	82.156735 
1701.137965  	82.408575 
1701.495272  	85.247498 
1701.852579  	87.174169 
1702.209886  	87.961840 
1702.567193  	88.135595 
1702.924499  	88.097067 
1703.281806  	88.213652 
1703.639113  	88.545333 
1703.996420  	89.351341 
1704.353727  	88.902395 
1704.711034  	86.399757 
1705.068341  	86.722462 
1705.425648  	88.277623 
1705.782954  	89.421953 
1706.140261  	89.236234 
1706.497568  	86.694463 
1706.854875  	86.549183 
1707.212182  	87.730799 
1707.569489  	87.794676 
1707.926796  	87.969883 
1708.284102  	88.291366 
1708.641409  	88.197912 
1708.998716  	88.087812 
1709.356023  	88.201956 
1709.713330  	88.612621 
1710.070637  	88.533859 
1710.427944  	87.594218 
1710.785250  	87.372060 
1711.142557  	87.934239 
1711.499864  	88.219594 
1711.857171  	88.081304 
1712.214478  	88.034514 
1712.571785  	88.392792 
1712.929092  	88.579282 
1713.286398  	88.531964 
1713.643705  	88.848888 
1714.001012  	88.561054 
1714.358319  	88.369884 
1714.715626  	89.659030 
1715.072933  	88.886821 
1715.430240  	85.733041 
1715.787546  	86.183331 
1716.144853  	87.574562 
1716.502160  	88.612399 
1716.859467  	90.030162 
1717.216774  	90.531949 
1717.574081  	85.819856 
1717.931388  	85.305154 
1718.288695  	88.515777 
1718.646001  	88.198013 
1719.003308  	85.268470 
1719.360615  	86.185472 
1719.717922  	87.334353 
1720.075229  	87.744850 
1720.432536  	87.926119 
1720.789843  	87.931139 
1721.147149  	87.897164 
1721.504456  	87.867434 
1721.861763  	87.948473 
1722.219070  	87.985640 
1722.576377  	87.856619 
1722.933684  	87.852215 
1723.290991  	87.772155 
1723.648297  	87.173356 
1724.005604  	86.833993 
1724.362911  	87.232917 
1724.720218  	87.439235 
1725.077525  	87.421552 
1725.434832  	87.702956 
1725.792139  	87.746256 
1726.149445  	87.444983 
1726.506752  	87.152953 
1726.864059  	87.055390 
1727.221366  	87.272921 
1727.578673  	87.414683 
1727.935980  	87.406583 
1728.293287  	87.484451 
1728.650593  	87.321552 
1729.007900  	87.076417 
1729.365207  	87.595622 
1729.722514  	88.032082 
1730.079821  	86.649222 
1730.437128  	85.728840 
1730.794435  	86.468794 
1731.151742  	86.910433 
1731.509048  	86.925932 
1731.866355  	86.948398 
1732.223662  	86.970449 
1732.580969  	87.630086 
1732.938276  	89.275427 
1733.295583  	88.902622 
1733.652890  	85.065468 
1734.010196  	87.052975 
1734.367503  	89.332495 
1734.724810  	83.482541 
1735.082117  	82.226757 
1735.439424  	84.794305 
1735.796731  	86.249470 
1736.154038  	86.610522 
1736.511344  	86.764701 
1736.868651  	87.171157 
1737.225958  	87.066010 
1737.583265  	86.694567 
1737.940572  	86.745809 
1738.297879  	87.028996 
1738.655186  	87.143893 
1739.012492  	87.317194 
1739.369799  	88.211674 
1739.727106  	87.688032 
1740.084413  	84.326545 
1740.441720  	84.865530 
1740.799027  	86.354028 
1741.156334  	86.639675 
1741.513640  	86.570384 
1741.870947  	86.640689 
1742.228254  	86.821238 
1742.585561  	87.055368 
1742.942868  	87.037562 
1743.300175  	86.303403 
1743.657482  	85.410142 
1744.014789  	85.545938 
1744.372095  	86.041648 
1744.729402  	86.087244 
1745.086709  	86.264692 
1745.444016  	86.668637 
1745.801323  	86.420326 
1746.158630  	85.966804 
1746.515937  	86.287523 
1746.873243  	86.540670 
1747.230550  	85.923436 
1747.587857  	85.430097 
1747.945164  	86.072998 
1748.302471  	87.169757 
1748.659778  	86.741187 
1749.017085  	85.269494 
1749.374391  	85.276915 
1749.731698  	85.312484 
1750.089005  	85.514882 
1750.446312  	86.743916 
1750.803619  	87.799613 
1751.160926  	86.547139 
1751.518233  	82.673141 
1751.875539  	82.895668 
1752.232846  	84.851933 
1752.590153  	85.514070 
1752.947460  	85.375716 
1753.304767  	85.543319 
1753.662074  	85.597280 
1754.019381  	85.470437 
1754.376687  	85.525503 
1754.733994  	85.611126 
1755.091301  	85.343505 
1755.448608  	85.140543 
1755.805915  	85.404036 
1756.163222  	86.035592 
1756.520529  	86.531498 
1756.877835  	84.768645 
1757.235142  	82.898804 
1757.592449  	83.764604 
1757.949756  	84.439050 
1758.307063  	84.426737 
1758.664370  	84.399549 
1759.021677  	84.304633 
1759.378984  	84.514416 
1759.736290  	84.649252 
1760.093597  	84.536058 
1760.450904  	84.654356 
1760.808211  	84.846804 
1761.165518  	85.396377 
1761.522825  	86.103474 
1761.880132  	84.356671 
1762.237438  	82.057065 
1762.594745  	83.096059 
1762.952052  	84.157149 
1763.309359  	84.252298 
1763.666666  	84.409321 
1764.023973  	84.752368 
1764.381280  	84.835431 
1764.738586  	84.637426 
1765.095893  	84.473693 
1765.453200  	84.478048 
1765.810507  	84.386536 
1766.167814  	84.380641 
1766.525121  	84.625588 
1766.882428  	84.888758 
1767.239734  	85.198510 
1767.597041  	86.126230 
1767.954348  	86.663266 
1768.311655  	83.923489 
1768.668962  	82.658256 
1769.026269  	84.224961 
1769.383576  	84.997870 
1769.740882  	85.218995 
1770.098189  	85.548428 
1770.455496  	85.953194 
1770.812803  	86.789026 
1771.170110  	86.576174 
1771.527417  	84.528661 
1771.884724  	84.939867 
1772.242031  	87.192112 
1772.599337  	87.055954 
1772.956644  	82.674677 
1773.313951  	83.080808 
1773.671258  	84.714714 
1774.028565  	85.335485 
1774.385872  	85.715206 
1774.743179  	86.025168 
1775.100485  	86.325793 
1775.457792  	86.484635 
1775.815099  	85.755572 
1776.172406  	85.306375 
1776.529713  	85.767329 
1776.887020  	85.863152 
1777.244327  	85.849793 
1777.601633  	86.305751 
1777.958940  	86.426360 
1778.316247  	86.343857 
1778.673554  	86.439029 
1779.030861  	86.422048 
1779.388168  	86.264500 
1779.745475  	86.144881 
1780.102781  	86.546813 
1780.460088  	86.717614 
1780.817395  	85.502106 
1781.174702  	84.988823 
1781.532009  	85.823656 
1781.889316  	86.349709 
1782.246623  	86.158923 
1782.603929  	86.100416 
1782.961236  	86.307461 
1783.318543  	86.252621 
1783.675850  	86.213840 
1784.033157  	86.415088 
1784.390464  	86.884971 
1784.747771  	87.062493 
1785.105078  	85.847555 
1785.462384  	85.119017 
1785.819691  	85.776544 
1786.176998  	86.317904 
1786.534305  	86.382722 
1786.891612  	86.257362 
1787.248919  	86.151845 
1787.606226  	86.226555 
1787.963532  	86.368503 
1788.320839  	86.404422 
1788.678146  	86.354738 
1789.035453  	86.343734 
1789.392760  	86.477909 
1789.750067  	86.573784 
1790.107374  	86.790537 
1790.464680  	87.684026 
1790.821987  	87.630421 
1791.179294  	85.361189 
1791.536601  	85.187144 
1791.893908  	87.125805 
1792.251215  	88.508590 
1792.608522  	87.198438 
1792.965828  	83.576476 
1793.323135  	84.093944 
1793.680442  	85.644249 
1794.037749  	86.063403 
1794.395056  	86.143748 
1794.752363  	86.139031 
1795.109670  	86.077241 
1795.466976  	86.383671 
1795.824283  	86.389481 
1796.181590  	85.900788 
1796.538897  	85.671460 
1796.896204  	85.896726 
1797.253511  	86.080983 
1797.610818  	85.768604 
1797.968125  	85.573029 
1798.325431  	85.893941 
1798.682738  	86.315909 
1799.040045  	86.925626 
1799.397352  	86.956292 
1799.754659  	85.351434 
1800.111966  	84.787889 
1800.469273  	85.743314 
1800.826579  	86.398919 
1801.183886  	86.354316 
1801.541193  	85.683899 
1801.898500  	85.809393 
1802.255807  	86.447411 
1802.613114  	85.839720 
1802.970421  	85.498074 
1803.327727  	85.969165 
1803.685034  	85.843643 
1804.042341  	85.724221 
1804.399648  	86.037765 
1804.756955  	86.299313 
1805.114262  	86.247055 
1805.471569  	86.059640 
1805.828875  	86.167379 
1806.186182  	86.233290 
1806.543489  	86.046882 
1806.900796  	85.948766 
1807.258103  	85.978320 
1807.615410  	85.804649 
1807.972717  	85.412758 
1808.330023  	85.413833 
1808.687330  	85.622509 
1809.044637  	85.668944 
1809.401944  	85.665348 
1809.759251  	85.781723 
1810.116558  	86.318058 
1810.473865  	86.268172 
1810.831172  	84.817128 
1811.188478  	84.491585 
1811.545785  	85.404715 
1811.903092  	85.771025 
1812.260399  	85.599848 
1812.617706  	85.441673 
1812.975013  	85.264532 
1813.332320  	85.342831 
1813.689626  	85.625722 
1814.046933  	85.737672 
1814.404240  	85.686050 
1814.761547  	85.330744 
1815.118854  	85.109699 
1815.476161  	85.354537 
1815.833468  	85.349035 
1816.190774  	85.153304 
1816.548081  	85.205771 
1816.905388  	85.591323 
1817.262695  	85.837666 
1817.620002  	85.230135 
1817.977309  	84.956328 
1818.334616  	85.307917 
1818.691922  	85.220090 
1819.049229  	85.072165 
1819.406536  	84.930627 
1819.763843  	84.605050 
1820.121150  	84.448449 
1820.478457  	84.485635 
1820.835764  	84.571516 
1821.193070  	84.468054 
1821.550377  	84.520050 
1821.907684  	84.647206 
1822.264991  	84.487811 
1822.622298  	84.692207 
1822.979605  	84.767608 
1823.336912  	84.411620 
1823.694219  	84.645337 
1824.051525  	84.960822 
1824.408832  	85.296188 
1824.766139  	86.279254 
1825.123446  	85.973213 
1825.480753  	83.813959 
1825.838060  	83.857629 
1826.195367  	84.512576 
1826.552673  	84.512424 
1826.909980  	84.736878 
1827.267287  	85.069419 
1827.624594  	85.492079 
1827.981901  	85.779527 
1828.339208  	85.612507 
1828.696515  	85.973180 
1829.053821  	86.174758 
1829.411128  	85.640700 
1829.768435  	85.951252 
1830.125742  	85.339834 
1830.483049  	83.417876 
1830.840356  	83.765765 
1831.197663  	84.776036 
1831.554969  	85.136032 
1831.912276  	85.053007 
1832.269583  	85.043776 
1832.626890  	85.241865 
1832.984197  	85.298048 
1833.341504  	85.209835 
1833.698811  	85.121604 
1834.056117  	85.272518 
1834.413424  	85.545323 
1834.770731  	85.318151 
1835.128038  	85.155902 
1835.485345  	85.381266 
1835.842652  	85.286109 
1836.199959  	85.261110 
1836.557265  	85.511672 
1836.914572  	85.420732 
1837.271879  	85.024975 
1837.629186  	84.780483 
1837.986493  	84.845600 
1838.343800  	84.955973 
1838.701107  	84.997691 
1839.058414  	84.812233 
1839.415720  	84.288973 
1839.773027  	84.312546 
1840.130334  	85.002244 
1840.487641  	85.187269 
1840.844948  	85.090620 
1841.202255  	85.450531 
1841.559562  	85.515636 
1841.916868  	84.965829 
1842.274175  	84.624647 
1842.631482  	84.853288 
1842.988789  	85.244315 
1843.346096  	85.733769 
1843.703403  	87.099258 
1844.060710  	87.910966 
1844.418016  	83.514838 
1844.775323  	82.006116 
1845.132630  	84.059877 
1845.489937  	84.804097 
1845.847244  	84.991635 
1846.204551  	85.393324 
1846.561858  	85.221036 
1846.919164  	85.108650 
1847.276471  	85.248062 
1847.633778  	85.060616 
1847.991085  	84.816697 
1848.348392  	84.838655 
1848.705699  	84.977957 
1849.063006  	85.076053 
1849.420312  	84.932273 
1849.777619  	84.742090 
1850.134926  	84.802621 
1850.492233  	84.795847 
1850.849540  	84.809811 
1851.206847  	85.169747 
1851.564154  	85.312687 
1851.921461  	85.020177 
1852.278767  	84.926923 
1852.636074  	84.944545 
1852.993381  	84.633290 
1853.350688  	84.848227 
1853.707995  	85.272706 
1854.065302  	84.581654 
1854.422609  	84.074674 
1854.779915  	84.431954 
1855.137222  	84.733485 
1855.494529  	84.803584 
1855.851836  	84.405729 
1856.209143  	84.202995 
1856.566450  	84.350083 
1856.923757  	84.380815 
1857.281063  	84.770340 
1857.638370  	84.990994 
1857.995677  	84.864832 
1858.352984  	84.820356 
1858.710291  	84.790100 
1859.067598  	84.973329 
1859.424905  	84.897626 
1859.782211  	84.445403 
1860.139518  	84.088970 
1860.496825  	83.977651 
1860.854132  	84.170792 
1861.211439  	84.350632 
1861.568746  	84.310945 
1861.926053  	84.280390 
1862.283359  	84.458593 
1862.640666  	84.353620 
1862.997973  	84.195457 
1863.355280  	84.578836 
1863.712587  	84.106389 
1864.069894  	83.298468 
1864.427201  	83.828540 
1864.784508  	84.142368 
1865.141814  	83.758701 
1865.499121  	83.891276 
1865.856428  	84.131815 
1866.213735  	84.066782 
1866.571042  	83.816627 
1866.928349  	83.403159 
1867.285656  	83.794010 
1867.642962  	84.962791 
1868.000269  	84.615212 
1868.357576  	83.615018 
1868.714883  	84.394901 
1869.072190  	85.047160 
1869.429497  	83.332545 
1869.786804  	81.949709 
1870.144110  	83.108315 
1870.501417  	83.777914 
1870.858724  	82.894149 
1871.216031  	82.324855 
1871.573338  	82.512204 
1871.930645  	82.939428 
1872.287952  	83.172819 
1872.645258  	82.919433 
1873.002565  	82.526913 
1873.359872  	82.029097 
1873.717179  	81.914150 
1874.074486  	81.784155 
1874.431793  	81.332457 
1874.789100  	81.294669 
1875.146406  	81.258962 
1875.503713  	81.173461 
1875.861020  	80.813326 
1876.218327  	80.216371 
1876.575634  	80.254222 
1876.932941  	80.370486 
1877.290248  	80.238868 
1877.647555  	79.773066 
1878.004861  	79.197951 
1878.362168  	79.021523 
1878.719475  	78.731461 
1879.076782  	78.373437 
1879.434089  	77.949715 
1879.791396  	77.578344 
1880.148703  	77.445377 
1880.506009  	77.438718 
1880.863316  	77.863945 
1881.220623  	77.794607 
1881.577930  	77.392328 
1881.935237  	77.540338 
1882.292544  	77.396089 
1882.649851  	77.234643 
1883.007157  	77.559619 
1883.364464  	78.143019 
1883.721771  	78.694139 
1884.079078  	78.890628 
1884.436385  	79.151676 
1884.793692  	79.524389 
1885.150999  	80.048131 
1885.508305  	80.645842 
1885.865612  	80.773460 
1886.222919  	80.736620 
1886.580226  	81.167280 
1886.937533  	82.045374 
1887.294840  	82.545276 
1887.652147  	82.585546 
1888.009453  	82.684019 
1888.366760  	82.789959 
1888.724067  	83.322968 
1889.081374  	84.084419 
1889.438681  	83.831270 
1889.795988  	82.772943 
1890.153295  	83.084248 
1890.510602  	84.239238 
1890.867908  	84.574636 
1891.225215  	84.027080 
1891.582522  	83.593711 
1891.939829  	84.107152 
1892.297136  	84.449882 
1892.654443  	83.838106 
1893.011750  	84.032981 
1893.369056  	84.403687 
1893.726363  	84.218587 
1894.083670  	84.399049 
1894.440977  	84.303742 
1894.798284  	84.603559 
1895.155591  	85.030378 
1895.512898  	84.286254 
1895.870204  	84.163174 
1896.227511  	84.539011 
1896.584818  	84.590645 
1896.942125  	85.106313 
1897.299432  	85.423663 
1897.656739  	84.988458 
1898.014046  	84.911344 
1898.371352  	85.370491 
1898.728659  	85.751226 
1899.085966  	85.587061 
1899.443273  	84.566437 
1899.800580  	84.337097 
1900.157887  	85.494592 
1900.515194  	85.880937 
1900.872500  	85.512821 
1901.229807  	85.625035 
1901.587114  	86.023084 
1901.944421  	85.861266 
1902.301728  	84.811437 
1902.659035  	84.260094 
1903.016342  	84.603920 
1903.373649  	84.884556 
1903.730955  	85.018869 
1904.088262  	84.993357 
1904.445569  	84.935771 
1904.802876  	85.394275 
1905.160183  	85.912787 
1905.517490  	85.599128 
1905.874797  	85.223345 
1906.232103  	85.218094 
1906.589410  	84.891646 
1906.946717  	84.879027 
1907.304024  	85.431717 
1907.661331  	85.560504 
1908.018638  	84.860484 
1908.375945  	84.284125 
1908.733251  	84.393270 
1909.090558  	84.685849 
1909.447865  	85.817828 
1909.805172  	86.690107 
1910.162479  	85.400561 
1910.519786  	84.507591 
1910.877093  	85.077587 
1911.234399  	85.349618 
1911.591706  	85.076485 
1911.949013  	84.991300 
1912.306320  	85.110559 
1912.663627  	84.876973 
1913.020934  	84.649292 
1913.378241  	84.773231 
1913.735547  	85.062195 
1914.092854  	85.125293 
1914.450161  	85.195129 
1914.807468  	85.704950 
1915.164775  	85.709865 
1915.522082  	85.908369 
1915.879389  	86.288876 
1916.236696  	85.441678 
1916.594002  	84.834187 
1916.951309  	84.735392 
1917.308616  	85.091590 
1917.665923  	85.885423 
1918.023230  	84.157266 
1918.380537  	82.033028 
1918.737844  	83.393937 
1919.095150  	84.929917 
1919.452457  	84.749028 
1919.809764  	83.874754 
1920.167071  	83.931836 
1920.524378  	84.566027 
1920.881685  	84.880909 
1921.238992  	84.341398 
1921.596298  	84.003170 
1921.953605  	84.810099 
1922.310912  	85.344201 
1922.668219  	85.513317 
1923.025526  	84.562212 
1923.382833  	83.046471 
1923.740140  	84.294954 
1924.097446  	85.339423 
1924.454753  	84.490239 
1924.812060  	84.438470 
1925.169367  	84.758558 
1925.526674  	84.247217 
1925.883981  	83.766488 
1926.241288  	83.938025 
1926.598594  	84.342908 
1926.955901  	84.959269 
1927.313208  	85.629092 
1927.670515  	85.178560 
1928.027822  	84.389222 
1928.385129  	84.158230 
1928.742436  	84.071984 
1929.099742  	84.526971 
1929.457049  	85.103194 
1929.814356  	84.768345 
1930.171663  	83.880726 
1930.528970  	83.904736 
1930.886277  	84.998718 
1931.243584  	85.430477 
1931.600891  	84.711392 
1931.958197  	83.803334 
1932.315504  	83.760348 
1932.672811  	84.977225 
1933.030118  	85.798079 
1933.387425  	85.174007 
1933.744732  	84.556990 
1934.102039  	84.855344 
1934.459345  	85.011485 
1934.816652  	84.320296 
1935.173959  	84.085324 
1935.531266  	84.294293 
1935.888573  	83.623018 
1936.245880  	83.605597 
1936.603187  	84.859743 
1936.960493  	85.745725 
1937.317800  	86.071373 
1937.675107  	85.175140 
1938.032414  	84.035531 
1938.389721  	84.510555 
1938.747028  	84.747366 
1939.104335  	84.718033 
1939.461641  	85.411930 
1939.818948  	85.278297 
1940.176255  	84.802523 
1940.533562  	85.173016 
1940.890869  	85.653835 
1941.248176  	85.708466 
1941.605483  	86.155776 
1941.962789  	87.044001 
1942.320096  	86.219060 
1942.677403  	84.049907 
1943.034710  	83.633423 
1943.392017  	84.228559 
1943.749324  	84.191048 
1944.106631  	84.364605 
1944.463938  	85.618688 
1944.821244  	85.996179 
1945.178551  	84.750261 
1945.535858  	84.608235 
1945.893165  	86.128683 
1946.250472  	86.825655 
1946.607779  	86.032125 
1946.965086  	85.890511 
1947.322392  	86.184298 
1947.679699  	84.981807 
1948.037006  	84.569155 
1948.394313  	85.665556 
1948.751620  	85.413170 
1949.108927  	85.641918 
1949.466234  	86.602625 
1949.823540  	84.996325 
1950.180847  	84.706635 
1950.538154  	86.761481 
1950.895461  	85.741807 
1951.252768  	83.733054 
1951.610075  	84.015154 
1951.967382  	84.024191 
1952.324688  	82.553710 
1952.681995  	81.674564 
1953.039302  	82.754038 
1953.396609  	83.902589 
1953.753916  	85.105835 
1954.111223  	86.485462 
1954.468530  	86.183174 
1954.825836  	86.475302 
1955.183143  	86.802510 
1955.540450  	85.670695 
1955.897757  	85.843203 
1956.255064  	86.135265 
1956.612371  	85.087173 
1956.969678  	83.774854 
1957.326985  	83.439431 
1957.684291  	83.882337 
1958.041598  	83.441079 
1958.398905  	84.537631 
1958.756212  	86.368241 
1959.113519  	85.519362 
1959.470826  	84.992392 
1959.828133  	85.081798 
1960.185439  	84.765831 
1960.542746  	85.275390 
1960.900053  	85.285966 
1961.257360  	84.913719 
1961.614667  	85.023493 
1961.971974  	85.615872 
1962.329281  	86.263343 
1962.686587  	85.230120 
1963.043894  	83.423814 
1963.401201  	83.043065 
1963.758508  	83.654489 
1964.115815  	84.422890 
1964.473122  	84.702370 
1964.830429  	83.529307 
1965.187735  	82.244362 
1965.545042  	82.839766 
1965.902349  	83.740877 
1966.259656  	82.902925 
1966.616963  	82.697779 
1966.974270  	84.375110 
1967.331577  	84.942371 
1967.688883  	83.994860 
1968.046190  	83.064831 
1968.403497  	82.783703 
1968.760804  	84.271132 
1969.118111  	85.407366 
1969.475418  	85.695475 
1969.832725  	85.183997 
1970.190032  	82.214194 
1970.547338  	81.422489 
1970.904645  	83.167825 
1971.261952  	83.765502 
1971.619259  	84.830952 
1971.976566  	84.916874 
1972.333873  	84.512191 
1972.691180  	84.771556 
1973.048486  	83.869981 
1973.405793  	82.093004 
1973.763100  	79.409962 
1974.120407  	80.374593 
1974.477714  	84.708492 
1974.835021  	84.056265 
1975.192328  	81.932494 
1975.549634  	83.470104 
1975.906941  	86.764839 
1976.264248  	88.585039 
1976.621555  	85.501509 
1976.978862  	82.427902 
1977.336169  	84.011735 
1977.693476  	85.375153 
1978.050782  	84.493470 
1978.408089  	83.574083 
1978.765396  	82.144576 
1979.122703  	80.998598 
1979.480010  	81.601532 
1979.837317  	83.405574 
1980.194624  	84.864456 
1980.551930  	84.317572 
1980.909237  	83.154704 
1981.266544  	83.539876 
1981.623851  	84.687277 
1981.981158  	84.409932 
1982.338465  	83.367917 
1982.695772  	83.713311 
1983.053079  	84.334127 
1983.410385  	84.650926 
1983.767692  	84.830556 
1984.124999  	83.487975 
1984.482306  	83.183892 
1984.839613  	85.428248 
1985.196920  	86.881323 
1985.554227  	86.266100 
1985.911533  	84.688247 
1986.268840  	84.355209 
1986.626147  	85.000937 
1986.983454  	84.350568 
1987.340761  	83.448738 
1987.698068  	83.697811 
1988.055375  	85.012345 
1988.412681  	84.848794 
1988.769988  	82.607904 
1989.127295  	81.845847 
1989.484602  	82.896643 
1989.841909  	84.296418 
1990.199216  	84.372358 
1990.556523  	83.492143 
1990.913829  	83.444474 
1991.271136  	83.013812 
1991.628443  	83.619640 
1991.985750  	84.052480 
1992.343057  	82.055660 
1992.700364  	83.079573 
1993.057671  	84.961164 
1993.414977  	83.408748 
1993.772284  	81.813628 
1994.129591  	82.416137 
1994.486898  	83.989022 
1994.844205  	84.053957 
1995.201512  	83.139836 
1995.558819  	82.913804 
1995.916126  	82.863633 
1996.273432  	83.182235 
1996.630739  	83.796653 
1996.988046  	84.814250 
1997.345353  	85.064809 
1997.702660  	84.757420 
1998.059967  	85.567683 
1998.417274  	84.819856 
1998.774580  	84.064867 
1999.131887  	85.809992 
1999.489194  	85.815375 
1999.846501  	84.719872 
2000.203808  	84.875149 
2000.561115  	84.559855 
2000.918422  	83.140917 
2001.275728  	81.747477 
2001.633035  	82.489518 
2001.990342  	84.557462 
2002.347649  	84.351526 
2002.704956  	82.685519 
2003.062263  	83.389973 
2003.419570  	85.015810 
2003.776876  	84.222756 
2004.134183  	84.243015 
2004.491490  	85.590323 
2004.848797  	84.078105 
2005.206104  	82.250350 
2005.563411  	82.539988 
2005.920718  	83.009701 
2006.278024  	83.244416 
2006.635331  	83.393072 
2006.992638  	82.982781 
2007.349945  	82.042840 
2007.707252  	82.606302 
2008.064559  	84.483204 
2008.421866  	84.233099 
2008.779172  	82.968576 
2009.136479  	83.013260 
2009.493786  	83.355967 
2009.851093  	83.642050 
2010.208400  	83.359004 
2010.565707  	83.412158 
2010.923014  	84.564133 
2011.280321  	83.679203 
2011.637627  	82.715006 
2011.994934  	84.884143 
2012.352241  	85.307667 
2012.709548  	83.425682 
2013.066855  	83.183468 
2013.424162  	84.233645 
2013.781469  	85.502496 
2014.138775  	84.416143 
2014.496082  	82.528833 
2014.853389  	83.514055 
2015.210696  	84.310203 
2015.568003  	84.434514 
2015.925310  	84.140600 
2016.282617  	81.452621 
2016.639923  	80.386630 
2016.997230  	81.834216 
2017.354537  	82.901287 
2017.711844  	83.555414 
2018.069151  	81.371798 
2018.426458  	78.264190 
2018.783765  	80.365010 
2019.141071  	83.979309 
2019.498378  	84.269775 
2019.855685  	83.793142 
2020.212992  	82.671725 
2020.570299  	81.962155 
2020.927606  	84.305283 
2021.284913  	85.114365 
2021.642219  	83.126959 
2021.999526  	82.904700 
2022.356833  	83.433398 
2022.714140  	82.542351 
2023.071447  	82.172063 
2023.428754  	83.138450 
2023.786061  	83.904863 
2024.143368  	85.043149 
2024.500674  	86.260687 
2024.857981  	85.115790 
2025.215288  	83.745139 
2025.572595  	84.153330 
2025.929902  	84.747052 
2026.287209  	84.026096 
2026.644516  	83.184907 
2027.001822  	84.235396 
2027.359129  	85.104109 
2027.716436  	84.616792 
2028.073743  	84.175301 
2028.431050  	84.206533 
2028.788357  	84.910142 
2029.145664  	83.619727 
2029.502970  	82.013816 
2029.860277  	82.894719 
2030.217584  	83.294418 
2030.574891  	83.320523 
2030.932198  	82.756807 
2031.289505  	82.924814 
2031.646812  	85.548085 
2032.004118  	85.724953 
2032.361425  	85.185894 
2032.718732  	86.467960 
2033.076039  	85.817273 
2033.433346  	84.212278 
2033.790653  	83.274295 
2034.147960  	82.433629 
2034.505266  	79.861282 
2034.862573  	77.813328 
2035.219880  	80.125625 
2035.577187  	83.454579 
2035.934494  	85.503635 
2036.291801  	86.716454 
2036.649108  	87.001009 
2037.006415  	86.455801 
2037.363721  	84.327456 
2037.721028  	84.368411 
2038.078335  	85.805455 
2038.435642  	84.617295 
2038.792949  	84.406810 
2039.150256  	85.867979 
2039.507563  	85.680580 
2039.864869  	84.961522 
2040.222176  	85.570169 
2040.579483  	85.522379 
2040.936790  	83.442067 
2041.294097  	82.987461 
2041.651404  	83.684751 
2042.008711  	83.236341 
2042.366017  	83.776445 
2042.723324  	84.782464 
2043.080631  	84.945557 
2043.437938  	84.192850 
2043.795245  	83.655131 
2044.152552  	84.098023 
2044.509859  	83.075619 
2044.867165  	81.591260 
2045.224472  	81.401177 
2045.581779  	81.681021 
2045.939086  	83.136451 
2046.296393  	84.075153 
2046.653700  	83.462404 
2047.011007  	83.736055 
2047.368313  	84.018216 
2047.725620  	83.035730 
2048.082927  	82.999010 
2048.440234  	85.169546 
2048.797541  	86.655043 
2049.154848  	84.645189 
2049.512155  	82.749873 
2049.869462  	83.084514 
2050.226768  	83.245645 
2050.584075  	83.213361 
2050.941382  	83.611653 
2051.298689  	83.768800 
2051.655996  	83.468031 
2052.013303  	83.241006 
2052.370610  	84.172594 
2052.727916  	84.570480 
2053.085223  	83.042751 
2053.442530  	82.432646 
2053.799837  	83.456665 
2054.157144  	84.160645 
2054.514451  	83.876943 
2054.871758  	83.140586 
2055.229064  	82.833599 
2055.586371  	83.506238 
2055.943678  	84.430746 
2056.300985  	83.627151 
2056.658292  	82.897225 
2057.015599  	84.576644 
2057.372906  	85.089140 
2057.730212  	83.460020 
2058.087519  	83.044363 
2058.444826  	84.234737 
2058.802133  	84.918386 
2059.159440  	84.000847 
2059.516747  	83.550704 
2059.874054  	83.783580 
2060.231360  	82.981240 
2060.588667  	83.394800 
2060.945974  	85.375100 
2061.303281  	85.085329 
2061.660588  	82.960954 
2062.017895  	82.653471 
2062.375202  	83.470865 
2062.732509  	83.305888 
2063.089815  	82.461506 
2063.447122  	81.691715 
2063.804429  	81.564001 
2064.161736  	81.765528 
2064.519043  	82.673715 
2064.876350  	84.545389 
2065.233657  	84.999644 
2065.590963  	84.217431 
2065.948270  	83.237988 
2066.305577  	83.027185 
2066.662884  	84.347255 
2067.020191  	84.689511 
2067.377498  	84.958851 
2067.734805  	85.298064 
2068.092111  	83.612352 
2068.449418  	82.365914 
2068.806725  	81.827555 
2069.164032  	81.996810 
2069.521339  	82.787631 
2069.878646  	82.347813 
2070.235953  	82.865220 
2070.593259  	83.167535 
2070.950566  	81.929377 
2071.307873  	82.390686 
2071.665180  	83.289290 
2072.022487  	83.256700 
2072.379794  	83.094506 
2072.737101  	82.933642 
2073.094407  	83.344966 
2073.451714  	83.390057 
2073.809021  	83.116158 
2074.166328  	83.614475 
2074.523635  	84.110452 
2074.880942  	84.192929 
2075.238249  	84.528615 
2075.595556  	84.951989 
2075.952862  	84.534586 
2076.310169  	84.056424 
2076.667476  	83.947999 
2077.024783  	82.874484 
2077.382090  	82.269252 
2077.739397  	83.418110 
2078.096704  	83.667305 
2078.454010  	82.708587 
2078.811317  	82.792412 
2079.168624  	83.137875 
2079.525931  	83.183293 
2079.883238  	83.536016 
2080.240545  	83.896701 
2080.597852  	83.958029 
2080.955158  	83.300155 
2081.312465  	82.984161 
2081.669772  	82.985558 
2082.027079  	82.403929 
2082.384386  	82.864559 
2082.741693  	83.579277 
2083.099000  	83.585201 
2083.456306  	83.952251 
2083.813613  	84.139299 
2084.170920  	84.747353 
2084.528227  	84.873695 
2084.885534  	83.811730 
2085.242841  	83.839056 
2085.600148  	83.935216 
2085.957454  	83.357185 
2086.314761  	83.174106 
2086.672068  	82.699876 
2087.029375  	82.480935 
2087.386682  	83.449369 
2087.743989  	84.357129 
2088.101296  	83.635366 
2088.458602  	82.799975 
2088.815909  	83.500908 
2089.173216  	83.773913 
2089.530523  	83.322230 
2089.887830  	82.968686 
2090.245137  	82.219963 
2090.602444  	82.593464 
2090.959751  	83.778281 
2091.317057  	84.072305 
2091.674364  	84.011226 
2092.031671  	83.357406 
2092.388978  	83.293683 
2092.746285  	84.154518 
2093.103592  	83.730450 
2093.460899  	83.737013 
2093.818205  	84.435138 
2094.175512  	83.885033 
2094.532819  	83.436613 
2094.890126  	82.622975 
2095.247433  	81.952179 
2095.604740  	82.621052 
2095.962047  	82.621188 
2096.319353  	82.825822 
2096.676660  	83.261193 
2097.033967  	82.304117 
2097.391274  	81.906287 
2097.748581  	82.657019 
2098.105888  	83.041232 
2098.463195  	82.863042 
2098.820501  	82.777408 
2099.177808  	82.888845 
2099.535115  	83.120351 
2099.892422  	82.911371 
2100.249729  	81.833639 
2100.607036  	81.769197 
2100.964343  	82.514596 
2101.321649  	82.616979 
2101.678956  	82.707636 
2102.036263  	82.581236 
2102.393570  	82.734344 
2102.750877  	82.578556 
2103.108184  	82.145141 
2103.465491  	83.185518 
2103.822798  	83.467648 
2104.180104  	82.980706 
2104.537411  	83.122023 
2104.894718  	82.941877 
2105.252025  	83.429055 
2105.609332  	83.756217 
2105.966639  	83.288494 
2106.323946  	82.964667 
2106.681252  	82.849991 
2107.038559  	83.185997 
2107.395866  	83.177546 
2107.753173  	83.569031 
2108.110480  	83.787749 
2108.467787  	82.787633 
2108.825094  	82.766348 
2109.182400  	82.768795 
2109.539707  	82.827488 
2109.897014  	83.579686 
2110.254321  	82.976335 
2110.611628  	82.787732 
2110.968935  	82.981128 
2111.326242  	82.305616 
2111.683548  	82.688913 
2112.040855  	83.294630 
2112.398162  	83.091416 
2112.755469  	82.655462 
2113.112776  	82.585313 
2113.470083  	83.407539 
2113.827390  	83.874903 
2114.184696  	84.163594 
2114.542003  	84.633079 
2114.899310  	84.096717 
2115.256617  	83.696010 
2115.613924  	84.142823 
2115.971231  	84.234533 
2116.328538  	84.117249 
2116.685845  	84.333541 
2117.043151  	84.111603 
2117.400458  	83.008444 
2117.757765  	82.715077 
2118.115072  	83.380070 
2118.472379  	83.107711 
2118.829686  	83.084470 
2119.186993  	83.911379 
2119.544299  	83.897820 
2119.901606  	83.571111 
2120.258913  	83.702431 
2120.616220  	84.112699 
2120.973527  	84.083473 
2121.330834  	83.430082 
2121.688141  	83.747183 
2122.045447  	84.728240 
2122.402754  	84.809576 
2122.760061  	84.143062 
2123.117368  	83.575532 
2123.474675  	83.190902 
2123.831982  	82.683642 
2124.189289  	82.998924 
2124.546595  	83.429044 
2124.903902  	82.816590 
2125.261209  	82.973819 
2125.618516  	83.464336 
2125.975823  	82.973534 
2126.333130  	82.682666 
2126.690437  	82.635698 
2127.047743  	82.180363 
2127.405050  	82.309210 
2127.762357  	83.679095 
2128.119664  	84.417341 
2128.476971  	84.226527 
2128.834278  	84.549870 
2129.191585  	84.443229 
2129.548892  	83.749480 
2129.906198  	83.573410 
2130.263505  	84.142625 
2130.620812  	84.467972 
2130.978119  	84.151799 
2131.335426  	84.733987 
2131.692733  	84.989299 
2132.050040  	84.165950 
2132.407346  	84.155770 
2132.764653  	84.127413 
2133.121960  	83.863622 
2133.479267  	83.277830 
2133.836574  	81.951069 
2134.193881  	82.198100 
2134.551188  	83.773535 
2134.908494  	84.682560 
2135.265801  	84.750607 
2135.623108  	84.494333 
2135.980415  	84.642979 
2136.337722  	85.293943 
2136.695029  	85.636250 
2137.052336  	84.518999 
2137.409642  	82.911286 
2137.766949  	83.080813 
2138.124256  	84.672272 
2138.481563  	85.582121 
2138.838870  	85.304260 
2139.196177  	84.801848 
2139.553484  	84.034418 
2139.910790  	83.250876 
2140.268097  	82.906177 
2140.625404  	82.353829 
2140.982711  	82.351742 
2141.340018  	83.412188 
2141.697325  	84.463692 
2142.054632  	84.534151 
2142.411939  	83.970817 
2142.769245  	85.006393 
2143.126552  	86.797212 
2143.483859  	85.209602 
2143.841166  	81.819893 
2144.198473  	81.435000 
2144.555780  	83.529356 
2144.913087  	84.837761 
2145.270393  	84.579318 
2145.627700  	83.499075 
2145.985007  	83.316291 
2146.342314  	84.069725 
2146.699621  	83.956932 
2147.056928  	84.197632 
2147.414235  	85.135882 
2147.771541  	85.537428 
2148.128848  	85.444704 
2148.486155  	83.189857 
2148.843462  	80.503535 
2149.200769  	81.149860 
2149.558076  	82.577346 
2149.915383  	82.850143 
2150.272689  	84.476274 
2150.629996  	85.794314 
2150.987303  	84.587241 
2151.344610  	84.322930 
2151.701917  	86.824129 
2152.059224  	87.791538 
2152.416531  	85.417355 
2152.773837  	84.448196 
2153.131144  	84.418999 
2153.488451  	82.674878 
2153.845758  	82.463654 
2154.203065  	84.482113 
2154.560372  	86.104417 
2154.917679  	85.693023 
2155.274986  	84.855685 
2155.632292  	86.564257 
2155.989599  	86.635090 
2156.346906  	83.868772 
2156.704213  	82.434819 
2157.061520  	81.741451 
2157.418827  	83.506712 
2157.776134  	86.481136 
2158.133440  	84.904026 
2158.490747  	84.992243 
2158.848054  	88.265623 
2159.205361  	85.829610 
2159.562668  	82.336893 
2159.919975  	83.044316 
2160.277282  	81.926730 
2160.634588  	80.532404 
2160.991895  	81.143361 
2161.349202  	81.054839 
2161.706509  	81.947939 
2162.063816  	80.762079 
2162.421123  	78.198864 
2162.778430  	81.128144 
2163.135736  	85.384893 
2163.493043  	84.617734 
2163.850350  	81.782644 
2164.207657  	80.849332 
2164.564964  	80.904652 
2164.922271  	81.407774 
2165.279578  	83.832941 
2165.636884  	84.418539 
2165.994191  	83.737426 
2166.351498  	82.786781 
2166.708805  	79.704983 
2167.066112  	80.251756 
2167.423419  	83.208566 
2167.780726  	84.372944 
2168.138032  	84.371266 
2168.495339  	82.025290 
2168.852646  	81.432840 
2169.209953  	84.798653 
2169.567260  	86.089778 
2169.924567  	83.413254 
2170.281874  	81.167539 
2170.639181  	82.050818 
2170.996487  	82.177731 
2171.353794  	80.881538 
2171.711101  	81.935188 
2172.068408  	83.713855 
2172.425715  	83.527812 
2172.783022  	82.574770 
2173.140329  	82.979374 
2173.497635  	82.695211 
2173.854942  	81.006235 
2174.212249  	80.894679 
2174.569556  	81.588511 
2174.926863  	82.055991 
2175.284170  	81.586518 
2175.641477  	80.504308 
2175.998783  	80.143344 
2176.356090  	80.792294 
2176.713397  	83.092584 
2177.070704  	83.298974 
2177.428011  	82.602220 
2177.785318  	84.334029 
2178.142625  	82.763006 
2178.499931  	80.188620 
2178.857238  	80.090139 
2179.214545  	80.259325 
2179.571852  	81.840049 
2179.929159  	83.065222 
2180.286466  	82.709342 
2180.643773  	81.973953 
2181.001079  	81.270223 
2181.358386  	81.577652 
2181.715693  	82.110533 
2182.073000  	82.995002 
2182.430307  	83.977389 
2182.787614  	84.827403 
2183.144921  	84.866877 
2183.502228  	82.272800 
2183.859534  	81.017479 
2184.216841  	82.396569 
2184.574148  	82.452120 
2184.931455  	81.677956 
2185.288762  	82.031360 
2185.646069  	82.458217 
2186.003376  	82.066775 
2186.360682  	82.805371 
2186.717989  	83.257925 
2187.075296  	82.013569 
2187.432603  	81.976459 
2187.789910  	82.651511 
2188.147217  	83.205754 
2188.504524  	82.333491 
2188.861830  	81.196434 
2189.219137  	83.483977 
2189.576444  	83.994450 
2189.933751  	82.416950 
2190.291058  	83.341686 
2190.648365  	83.151575 
2191.005672  	82.520478 
2191.362978  	83.423205 
2191.720285  	83.519089 
2192.077592  	82.740509 
2192.434899  	82.631128 
2192.792206  	83.846378 
2193.149513  	84.385296 
2193.506820  	84.784691 
2193.864126  	85.761295 
2194.221433  	84.899993 
2194.578740  	83.493317 
2194.936047  	82.946165 
2195.293354  	82.795678 
2195.650661  	82.938449 
2196.007968  	83.624934 
2196.365275  	84.572413 
2196.722581  	84.168698 
2197.079888  	83.647403 
2197.437195  	83.572877 
2197.794502  	83.859701 
2198.151809  	84.917164 
2198.509116  	83.789047 
2198.866423  	82.999224 
2199.223729  	84.784931 
2199.581036  	84.960046 
2199.938343  	84.285147 
2200.295650  	84.529798 
2200.652957  	84.357084 
2201.010264  	83.644272 
2201.367571  	83.772401 
2201.724877  	85.083777 
2202.082184  	85.599013 
2202.439491  	85.418530 
2202.796798  	84.401908 
2203.154105  	83.333649 
2203.511412  	84.606539 
2203.868719  	84.897721 
2204.226025  	84.057725 
2204.583332  	84.559229 
2204.940639  	83.571417 
2205.297946  	82.538761 
2205.655253  	83.529339 
2206.012560  	84.063085 
2206.369867  	83.338965 
2206.727173  	82.871885 
2207.084480  	83.066694 
2207.441787  	82.476925 
2207.799094  	82.195620 
2208.156401  	83.555887 
2208.513708  	84.571125 
2208.871015  	84.523043 
2209.228322  	83.795907 
2209.585628  	83.258621 
2209.942935  	83.455863 
2210.300242  	83.478770 
2210.657549  	83.788796 
2211.014856  	83.506176 
2211.372163  	82.836382 
2211.729470  	84.136939 
2212.086776  	85.000282 
2212.444083  	84.002045 
2212.801390  	83.388262 
2213.158697  	82.990260 
2213.516004  	82.860301 
2213.873311  	83.217050 
2214.230618  	83.200481 
2214.587924  	82.902836 
2214.945231  	82.743003 
2215.302538  	83.650016 
2215.659845  	85.260156 
2216.017152  	85.208688 
2216.374459  	83.957101 
2216.731766  	84.099697 
2217.089072  	85.263686 
2217.446379  	85.155175 
2217.803686  	83.702067 
2218.160993  	82.022007 
2218.518300  	81.310299 
2218.875607  	82.734093 
2219.232914  	84.563021 
2219.590220  	84.814542 
2219.947527  	84.028945 
2220.304834  	82.577854 
2220.662141  	81.455734 
2221.019448  	81.405813 
2221.376755  	81.645519 
2221.734062  	81.844772 
2222.091369  	81.906943 
2222.448675  	82.173793 
2222.805982  	82.834502 
2223.163289  	82.840590 
2223.520596  	82.817023 
2223.877903  	83.420235 
2224.235210  	83.317795 
2224.592517  	82.852357 
2224.949823  	82.437969 
2225.307130  	81.614450 
2225.664437  	82.196231 
2226.021744  	83.743158 
2226.379051  	83.442003 
2226.736358  	82.694397 
2227.093665  	82.728027 
2227.450971  	82.284930 
2227.808278  	82.567538 
2228.165585  	83.572654 
2228.522892  	83.464077 
2228.880199  	83.789961 
2229.237506  	84.014004 
2229.594813  	81.854017 
2229.952119  	80.487525 
2230.309426  	81.110436 
2230.666733  	81.902860 
2231.024040  	83.316164 
2231.381347  	83.443145 
2231.738654  	82.333736 
2232.095961  	82.968779 
2232.453267  	83.817656 
2232.810574  	83.458430 
2233.167881  	82.711369 
2233.525188  	83.062400 
2233.882495  	84.137551 
2234.239802  	83.227574 
2234.597109  	82.866355 
2234.954416  	84.053558 
2235.311722  	83.748067 
2235.669029  	83.529102 
2236.026336  	83.323087 
2236.383643  	82.496562 
2236.740950  	82.726511 
2237.098257  	82.791393 
2237.455564  	82.801949 
2237.812870  	82.745968 
2238.170177  	82.153024 
2238.527484  	82.601706 
2238.884791  	82.397900 
2239.242098  	81.513627 
2239.599405  	81.955793 
2239.956712  	82.386113 
2240.314018  	82.741829 
2240.671325  	82.881939 
2241.028632  	82.423116 
2241.385939  	82.578431 
2241.743246  	82.960252 
2242.100553  	83.329321 
2242.457860  	82.911537 
2242.815166  	81.889672 
2243.172473  	81.941076 
2243.529780  	81.688382 
2243.887087  	81.600380 
2244.244394  	82.410185 
2244.601701  	82.518426 
2244.959008  	83.301184 
2245.316314  	83.891399 
2245.673621  	82.711000 
2246.030928  	82.156816 
2246.388235  	82.482593 
2246.745542  	82.839075 
2247.102849  	83.115548 
2247.460156  	83.121986 
2247.817463  	82.667084 
2248.174769  	82.003394 
2248.532076  	82.726192 
2248.889383  	83.639068 
2249.246690  	83.446398 
2249.603997  	83.515669 
2249.961304  	82.979049 
2250.318611  	82.300442 
2250.675917  	82.684088 
2251.033224  	83.233436 
2251.390531  	84.325474 
2251.747838  	84.705823 
2252.105145  	83.623207 
2252.462452  	83.355284 
2252.819759  	83.425543 
2253.177065  	83.473983 
2253.534372  	84.281832 
2253.891679  	83.969055 
2254.248986  	82.513237 
2254.606293  	82.294778 
2254.963600  	83.546003 
2255.320907  	84.368583 
2255.678213  	83.254490 
2256.035520  	82.551338 
2256.392827  	83.560901 
2256.750134  	83.383166 
2257.107441  	82.328597 
2257.464748  	82.600536 
2257.822055  	83.643379 
2258.179361  	84.662965 
2258.536668  	84.598137 
2258.893975  	84.129780 
2259.251282  	84.158891 
2259.608589  	83.405210 
2259.965896  	83.184011 
2260.323203  	84.127206 
2260.680509  	84.148305 
2261.037816  	83.390150 
2261.395123  	82.864143 
2261.752430  	83.297467 
2262.109737  	84.134811 
2262.467044  	83.798998 
2262.824351  	83.265281 
2263.181658  	83.125742 
2263.538964  	83.227929 
2263.896271  	84.072188 
2264.253578  	84.008929 
2264.610885  	83.124191 
2264.968192  	83.451540 
2265.325499  	83.926839 
2265.682806  	83.554082 
2266.040112  	83.436697 
2266.397419  	83.796889 
2266.754726  	83.670159 
2267.112033  	83.207479 
2267.469340  	83.456366 
2267.826647  	83.408594 
2268.183954  	82.814330 
2268.541260  	82.822812 
2268.898567  	82.549829 
2269.255874  	82.371466 
2269.613181  	82.778019 
2269.970488  	82.240552 
2270.327795  	82.011891 
2270.685102  	82.627631 
2271.042408  	82.644205 
2271.399715  	83.525241 
2271.757022  	84.503301 
2272.114329  	83.804526 
2272.471636  	83.651496 
2272.828943  	83.757200 
2273.186250  	83.032552 
2273.543556  	83.164848 
2273.900863  	83.397228 
2274.258170  	82.814445 
2274.615477  	82.982118 
2274.972784  	83.763247 
2275.330091  	83.513696 
2275.687398  	82.627882 
2276.044705  	82.646912 
2276.402011  	82.642798 
2276.759318  	82.018981 
2277.116625  	82.370875 
2277.473932  	83.124172 
2277.831239  	82.868440 
2278.188546  	82.297205 
2278.545853  	82.573547 
2278.903159  	83.459011 
2279.260466  	83.308157 
2279.617773  	82.561410 
2279.975080  	82.500400 
2280.332387  	82.543238 
2280.689694  	82.781737 
2281.047001  	83.057914 
2281.404307  	82.799486 
2281.761614  	82.726509 
2282.118921  	82.606770 
2282.476228  	82.230579 
2282.833535  	82.525994 
2283.190842  	83.036431 
2283.548149  	82.802917 
2283.905455  	82.265144 
2284.262762  	82.109530 
2284.620069  	82.109189 
2284.977376  	82.167515 
2285.334683  	82.698900 
2285.691990  	83.198491 
2286.049297  	83.199155 
2286.406603  	83.188955 
2286.763910  	83.210159 
2287.121217  	83.009992 
2287.478524  	82.604607 
2287.835831  	82.220631 
2288.193138  	82.133862 
2288.550445  	82.114300 
2288.907752  	82.068261 
2289.265058  	82.223952 
2289.622365  	82.591227 
2289.979672  	82.991102 
2290.336979  	83.068907 
2290.694286  	82.873262 
2291.051593  	82.670459 
2291.408900  	82.513395 
2291.766206  	82.330603 
2292.123513  	82.180988 
2292.480820  	82.473337 
2292.838127  	82.732089 
2293.195434  	82.539388 
2293.552741  	82.493289 
2293.910048  	82.473823 
2294.267354  	82.385031 
2294.624661  	82.493825 
2294.981968  	82.727710 
2295.339275  	82.974567 
2295.696582  	82.973557 
2296.053889  	82.648020 
2296.411196  	81.934086 
2296.768502  	81.740947 
2297.125809  	82.387053 
2297.483116  	82.364186 
2297.840423  	82.297693 
2298.197730  	82.877868 
2298.555037  	82.605655 
2298.912344  	82.058008 
2299.269650  	82.152861 
2299.626957  	82.244313 
2299.984264  	82.197278 
2300.341571  	81.972246 
2300.698878  	81.654013 
2301.056185  	81.871321 
2301.413492  	82.335818 
2301.770799  	82.379320 
2302.128105  	82.538329 
2302.485412  	82.546595 
2302.842719  	81.989943 
2303.200026  	82.176669 
2303.557333  	82.436223 
2303.914640  	82.102539 
2304.271947  	82.383159 
2304.629253  	82.475476 
2304.986560  	81.515202 
2305.343867  	81.160365 
2305.701174  	81.658625 
2306.058481  	81.908488 
2306.415788  	82.223040 
2306.773095  	82.521441 
2307.130401  	81.722963 
2307.487708  	80.952900 
2307.845015  	81.293422 
2308.202322  	82.110250 
2308.559629  	82.843111 
2308.916936  	82.603935 
2309.274243  	81.611759 
2309.631549  	81.193724 
2309.988856  	81.452602 
2310.346163  	81.970368 
2310.703470  	82.438975 
2311.060777  	82.262385 
2311.418084  	80.879003 
2311.775391  	80.404028 
2312.132697  	81.599394 
2312.490004  	82.396006 
2312.847311  	82.712779 
2313.204618  	82.269836 
2313.561925  	80.495391 
2313.919232  	80.591754 
2314.276539  	81.872797 
2314.633846  	82.894282 
2314.991152  	83.511713 
2315.348459  	81.603615 
2315.705766  	80.323814 
2316.063073  	81.865633 
2316.420380  	82.423009 
2316.777687  	83.021233 
2317.134994  	83.174594 
2317.492300  	80.352948 
2317.849607  	80.037871 
2318.206914  	81.743569 
2318.564221  	82.803307 
2318.921528  	83.506970 
2319.278835  	81.962965 
2319.636142  	80.149824 
2319.993448  	81.356145 
2320.350755  	83.082049 
2320.708062  	84.078799 
2321.065369  	82.906193 
2321.422676  	79.895931 
2321.779983  	80.227327 
2322.137290  	82.630208 
2322.494596  	83.908980 
2322.851903  	83.710992 
2323.209210  	81.567331 
2323.566517  	79.375792 
2323.923824  	80.839648 
2324.281131  	82.964344 
2324.638438  	84.017589 
2324.995744  	83.134782 
2325.353051  	79.981566 
2325.710358  	80.561282 
2326.067665  	82.844971 
2326.424972  	83.960261 
2326.782279  	83.993850 
2327.139586  	81.177371 
2327.496893  	80.260853 
2327.854199  	82.278152 
2328.211506  	83.835501 
2328.568813  	84.167985 
2328.926120  	81.036073 
2329.283427  	79.784400 
2329.640734  	82.283863 
2329.998041  	84.264839 
2330.355347  	85.154142 
2330.712654  	82.145327 
2331.069961  	79.692210 
2331.427268  	81.638764 
2331.784575  	83.530216 
2332.141882  	84.590656 
2332.499189  	82.129900 
2332.856495  	79.774263 
2333.213802  	81.661123 
2333.571109  	83.649989 
2333.928416  	84.730816 
2334.285723  	82.185903 
2334.643030  	79.848407 
2335.000337  	82.038643 
2335.357643  	84.280945 
2335.714950  	84.927073 
2336.072257  	81.434444 
2336.429564  	78.578666 
2336.786871  	81.161889 
2337.144178  	84.148223 
2337.501485  	84.953337 
2337.858791  	81.453113 
2338.216098  	78.998370 
2338.573405  	81.089682 
2338.930712  	83.570004 
2339.288019  	83.219825 
2339.645326  	79.524615 
2340.002633  	79.377460 
2340.359939  	82.113119 
2340.717246  	84.532396 
2341.074553  	83.981104 
2341.431860  	80.124170 
2341.789167  	80.383096 
2342.146474  	83.044647 
2342.503781  	83.618740 
2342.861088  	81.000993 
2343.218394  	79.354554 
2343.575701  	81.070857 
2343.933008  	83.797571 
2344.290315  	84.517382 
2344.647622  	81.728148 
2345.004929  	81.027993 
2345.362236  	83.006141 
2345.719542  	84.083681 
2346.076849  	82.228646 
2346.434156  	80.471891 
2346.791463  	81.756160 
2347.148770  	83.173146 
2347.506077  	82.965929 
2347.863384  	81.964998 
2348.220690  	81.874535 
2348.577997  	82.594633 
2348.935304  	83.019910 
2349.292611  	83.178688 
2349.649918  	83.381696 
2350.007225  	82.654929 
2350.364532  	82.060635 
2350.721838  	83.065472 
2351.079145  	84.327228 
2351.436452  	84.030368 
2351.793759  	81.985499 
2352.151066  	82.219137 
2352.508373  	84.358289 
2352.865680  	84.601721 
2353.222986  	82.197780 
2353.580293  	81.618918 
2353.937600  	83.883987 
2354.294907  	85.386439 
2354.652214  	82.520772 
2355.009521  	81.144443 
2355.366828  	83.829697 
2355.724135  	85.196876 
2356.081441  	82.545241 
2356.438748  	81.030783 
2356.796055  	83.193498 
2357.153362  	84.520625 
2357.510669  	81.740936 
2357.867976  	80.193265 
2358.225283  	83.313557 
2358.582589  	85.198163 
2358.939896  	81.851165 
2359.297203  	80.568287 
2359.654510  	83.637622 
2360.011817  	84.767192 
2360.369124  	81.668463 
2360.726431  	81.185245 
2361.083737  	83.820970 
2361.441044  	83.200846 
2361.798351  	79.602606 
2362.155658  	81.323804 
2362.512965  	84.288197 
2362.870272  	83.050290 
2363.227579  	80.627828 
2363.584885  	82.877803 
2363.942192  	84.444419 
2364.299499  	81.641402 
2364.656806  	80.853647 
2365.014113  	83.974757 
2365.371420  	84.440987 
2365.728727  	81.033614 
2366.086033  	81.482261 
2366.443340  	83.864043 
2366.800647  	82.400625 
2367.157954  	81.089971 
2367.515261  	83.543137 
2367.872568  	83.312209 
2368.229875  	79.870938 
2368.587182  	81.134728 
2368.944488  	83.542188 
2369.301795  	81.443407 
2369.659102  	80.707814 
2370.016409  	83.447274 
2370.373716  	82.846067 
2370.731023  	81.143560 
2371.088330  	83.113086 
2371.445636  	83.506552 
2371.802943  	81.537659 
2372.160250  	82.705937 
2372.517557  	84.537090 
2372.874864  	83.234544 
2373.232171  	82.925005 
2373.589478  	84.021425 
2373.946784  	82.556354 
2374.304091  	82.123052 
2374.661398  	83.597257 
2375.018705  	83.030893 
2375.376012  	82.696112 
2375.733319  	83.347309 
2376.090626  	82.364096 
2376.447932  	82.186853 
2376.805239  	83.144255 
2377.162546  	82.809625 
2377.519853  	82.979440 
2377.877160  	83.464651 
2378.234467  	82.896760 
2378.591774  	83.127146 
2378.949080  	83.102001 
2379.306387  	82.383189 
2379.663694  	82.755112 
2380.021001  	82.764319 
2380.378308  	82.339546 
2380.735615  	82.403414 
2381.092922  	82.498953 
2381.450229  	82.746549 
2381.807535  	82.610545 
2382.164842  	82.489990 
2382.522149  	82.589402 
2382.879456  	82.447160 
2383.236763  	82.824344 
2383.594070  	82.977241 
2383.951377  	82.823024 
2384.308683  	83.129127 
2384.665990  	83.051115 
2385.023297  	82.981366 
2385.380604  	83.066816 
2385.737911  	82.829217 
2386.095218  	82.966386 
2386.452525  	83.212895 
2386.809831  	83.175817 
2387.167138  	83.112644 
2387.524445  	82.903977 
2387.881752  	82.739288 
2388.239059  	82.776463 
2388.596366  	82.852762 
2388.953673  	83.001220 
2389.310979  	83.067830 
2389.668286  	82.957027 
2390.025593  	82.906812 
2390.382900  	82.792781 
2390.740207  	82.636693 
2391.097514  	82.713800 
2391.454821  	82.846205 
2391.812127  	83.047343 
2392.169434  	83.200577 
2392.526741  	82.914767 
2392.884048  	82.618929 
2393.241355  	82.901397 
2393.598662  	83.167102 
2393.955969  	82.878612 
2394.313276  	82.984645 
2394.670582  	83.348513 
2395.027889  	83.144118 
2395.385196  	83.122473 
2395.742503  	83.029346 
2396.099810  	82.697845 
2396.457117  	82.909906 
2396.814424  	82.998454 
2397.171730  	82.833837 
2397.529037  	82.731962 
2397.886344  	82.575159 
2398.243651  	82.527968 
2398.600958  	82.311990 
2398.958265  	82.370507 
2399.315572  	82.806868 
2399.672878  	82.818599 
2400.030185  	82.779395 
2400.387492  	82.738443 
2400.744799  	82.399731 
2401.102106  	82.226205 
2401.459413  	82.362290 
2401.816720  	82.589665 
2402.174026  	82.465248 
2402.531333  	82.029923 
2402.888640  	81.926079 
2403.245947  	82.159761 
2403.603254  	82.312381 
2403.960561  	82.181648 
2404.317868  	81.982481 
2404.675174  	81.971741 
2405.032481  	81.990689 
2405.389788  	81.965827 
2405.747095  	81.855683 
2406.104402  	81.755700 
2406.461709  	81.875234 
2406.819016  	81.922653 
2407.176323  	81.844128 
2407.533629  	81.823105 
2407.890936  	81.963377 
2408.248243  	82.264258 
2408.605550  	82.104060 
2408.962857  	81.895026 
2409.320164  	82.347586 
2409.677471  	82.599371 
2410.034777  	82.509656 
2410.392084  	82.587384 
2410.749391  	82.762785 
2411.106698  	82.780797 
2411.464005  	82.239729 
2411.821312  	81.863672 
2412.178619  	82.207895 
2412.535925  	82.402298 
2412.893232  	82.294181 
2413.250539  	82.353831 
2413.607846  	82.614760 
2413.965153  	82.804776 
2414.322460  	82.745044 
2414.679767  	82.654386 
2415.037073  	82.616248 
2415.394380  	82.590995 
2415.751687  	82.635041 
2416.108994  	82.652554 
2416.466301  	82.637943 
2416.823608  	82.846681 
2417.180915  	82.891264 
2417.538221  	82.467948 
2417.895528  	82.386953 
2418.252835  	82.576338 
2418.610142  	82.569080 
2418.967449  	82.649331 
2419.324756  	82.536910 
2419.682063  	82.364590 
2420.039369  	82.265081 
2420.396676  	81.839188 
2420.753983  	81.763427 
2421.111290  	82.276079 
2421.468597  	82.537369 
2421.825904  	82.570762 
2422.183211  	82.572561 
2422.540518  	82.168380 
2422.897824  	82.070961 
2423.255131  	82.485250 
2423.612438  	82.352559 
2423.969745  	82.503400 
2424.327052  	82.947078 
2424.684359  	82.454787 
2425.041666  	82.165981 
2425.398972  	82.268964 
2425.756279  	82.213953 
2426.113586  	82.443997 
2426.470893  	82.461232 
2426.828200  	82.321361 
2427.185507  	82.269165 
2427.542814  	82.208150 
2427.900120  	82.404602 
2428.257427  	82.456623 
2428.614734  	82.246168 
2428.972041  	82.112255 
2429.329348  	82.180621 
2429.686655  	82.221514 
2430.043962  	81.908589 
2430.401268  	81.717636 
2430.758575  	81.861406 
2431.115882  	81.979484 
2431.473189  	81.868260 
2431.830496  	81.789246 
2432.187803  	82.086440 
2432.545110  	82.248142 
2432.902416  	82.165750 
2433.259723  	81.911018 
2433.617030  	81.380294 
2433.974337  	81.360782 
2434.331644  	81.761151 
2434.688951  	81.983193 
2435.046258  	82.137118 
2435.403565  	82.194317 
2435.760871  	82.280028 
2436.118178  	82.163332 
2436.475485  	81.861986 
2436.832792  	82.060662 
2437.190099  	82.406325 
2437.547406  	82.328222 
2437.904713  	82.045765 
2438.262019  	81.944421 
2438.619326  	82.016486 
2438.976633  	81.896809 
2439.333940  	81.833583 
2439.691247  	81.993914 
2440.048554  	82.066995 
2440.405861  	82.244997 
2440.763167  	82.513931 
2441.120474  	82.572161 
2441.477781  	82.644893 
2441.835088  	82.774026 
2442.192395  	82.518746 
2442.549702  	82.008123 
2442.907009  	81.852875 
2443.264315  	81.991845 
2443.621622  	82.162796 
2443.978929  	82.304144 
2444.336236  	82.338864 
2444.693543  	82.505362 
2445.050850  	82.626961 
2445.408157  	82.465245 
2445.765463  	82.467866 
2446.122770  	82.449616 
2446.480077  	82.167329 
2446.837384  	82.175115 
2447.194691  	82.388965 
2447.551998  	82.319914 
2447.909305  	82.147161 
2448.266612  	82.059500 
2448.623918  	82.001747 
2448.981225  	82.164761 
2449.338532  	82.568803 
2449.695839  	82.766847 
2450.053146  	82.381619 
2450.410453  	82.035007 
2450.767760  	82.523934 
2451.125066  	82.926707 
2451.482373  	82.515056 
2451.839680  	82.228506 
2452.196987  	82.388235 
2452.554294  	82.448128 
2452.911601  	82.064516 
2453.268908  	81.564659 
2453.626214  	81.686343 
2453.983521  	82.344613 
2454.340828  	82.681992 
2454.698135  	82.424366 
2455.055442  	82.348247 
2455.412749  	82.394793 
2455.770056  	82.102182 
2456.127362  	82.248828 
2456.484669  	82.369111 
2456.841976  	81.882114 
2457.199283  	81.991258 
2457.556590  	82.611347 
2457.913897  	82.914200 
2458.271204  	82.980725 
2458.628510  	82.822465 
2458.985817  	82.593998 
2459.343124  	82.718817 
2459.700431  	82.977076 
2460.057738  	82.731189 
2460.415045  	82.501076 
2460.772352  	82.710243 
2461.129659  	82.744699 
2461.486965  	82.655628 
2461.844272  	82.557934 
2462.201579  	82.739792 
2462.558886  	83.292200 
2462.916193  	83.155910 
2463.273500  	82.749659 
2463.630807  	82.988978 
2463.988113  	82.998786 
2464.345420  	82.478867 
2464.702727  	82.306772 
2465.060034  	82.581593 
2465.417341  	82.652356 
2465.774648  	82.454616 
2466.131955  	82.431469 
2466.489261  	82.812120 
2466.846568  	83.187569 
2467.203875  	83.060008 
2467.561182  	82.905851 
2467.918489  	82.858517 
2468.275796  	82.768117 
2468.633103  	83.025290 
2468.990409  	83.056227 
2469.347716  	82.607119 
2469.705023  	82.593996 
2470.062330  	83.104482 
2470.419637  	83.436015 
2470.776944  	83.202984 
2471.134251  	83.030574 
2471.491557  	83.169949 
2471.848864  	82.906069 
2472.206171  	82.727691 
2472.563478  	83.069720 
2472.920785  	83.245852 
2473.278092  	83.235903 
2473.635399  	83.000332 
2473.992706  	82.645142 
2474.350012  	82.739693 
2474.707319  	82.789761 
2475.064626  	82.605101 
2475.421933  	82.728173 
2475.779240  	83.013347 
2476.136547  	83.109488 
2476.493854  	82.753902 
2476.851160  	82.339161 
2477.208467  	82.393193 
2477.565774  	82.792462 
2477.923081  	83.466530 
2478.280388  	83.545856 
2478.637695  	82.816554 
2478.995002  	82.828404 
2479.352308  	83.643842 
2479.709615  	84.045732 
2480.066922  	83.677852 
2480.424229  	83.159881 
2480.781536  	83.162401 
2481.138843  	83.198811 
2481.496150  	82.991582 
2481.853456  	82.780336 
2482.210763  	82.564409 
2482.568070  	82.806666 
2482.925377  	83.334862 
2483.282684  	83.359453 
2483.639991  	83.070335 
2483.997298  	82.998270 
2484.354604  	83.108360 
2484.711911  	83.178487 
2485.069218  	83.204559 
2485.426525  	82.961553 
2485.783832  	82.546953 
2486.141139  	82.562913 
2486.498446  	82.850514 
2486.855753  	83.000952 
2487.213059  	82.935684 
2487.570366  	82.754825 
2487.927673  	82.604074 
2488.284980  	82.437963 
2488.642287  	82.800412 
2488.999594  	83.617408 
2489.356901  	83.721751 
2489.714207  	83.195884 
2490.071514  	82.848833 
2490.428821  	82.939871 
2490.786128  	83.048138 
2491.143435  	82.855730 
2491.500742  	82.960703 
2491.858049  	83.119602 
2492.215355  	82.940327 
2492.572662  	82.920787 
2492.929969  	82.855251 
2493.287276  	82.711196 
2493.644583  	82.748779 
2494.001890  	82.775148 
2494.359197  	82.746022 
2494.716503  	82.644782 
2495.073810  	82.767688 
2495.431117  	83.194743 
2495.788424  	83.389580 
2496.145731  	83.035264 
2496.503038  	82.405819 
2496.860345  	82.287465 
2497.217651  	82.538208 
2497.574958  	82.350320 
2497.932265  	82.110370 
2498.289572  	82.452511 
2498.646879  	82.907816 
2499.004186  	82.758552 
2499.361493  	82.540390 
2499.718800  	82.847711 
2500.076106  	83.001941 
2500.433413  	82.818450 
2500.790720  	82.766588 
2501.148027  	82.853025 
2501.505334  	82.801825 
2501.862641  	82.559697 
2502.219948  	82.646470 
2502.577254  	83.135604 
2502.934561  	83.199965 
2503.291868  	82.628997 
2503.649175  	82.323822 
2504.006482  	82.628239 
2504.363789  	82.838168 
2504.721096  	82.701353 
2505.078402  	82.509840 
2505.435709  	82.650216 
2505.793016  	83.020067 
2506.150323  	83.012037 
2506.507630  	83.061031 
2506.864937  	83.416775 
2507.222244  	83.357897 
2507.579550  	82.983691 
2507.936857  	82.756097 
2508.294164  	82.817620 
2508.651471  	82.986702 
2509.008778  	82.858288 
2509.366085  	82.708388 
2509.723392  	82.774415 
2510.080698  	82.831480 
2510.438005  	83.036473 
2510.795312  	83.117427 
2511.152619  	82.807060 
2511.509926  	82.803910 
2511.867233  	82.891911 
2512.224540  	82.676841 
2512.581846  	82.863944 
2512.939153  	83.222621 
2513.296460  	83.236932 
2513.653767  	82.955969 
2514.011074  	82.558362 
2514.368381  	82.724849 
2514.725688  	83.140711 
2515.082995  	83.032801 
2515.440301  	82.582399 
2515.797608  	82.281556 
2516.154915  	82.580393 
2516.512222  	82.828889 
2516.869529  	82.596290 
2517.226836  	82.804595 
2517.584143  	83.295582 
2517.941449  	83.182620 
2518.298756  	82.593743 
2518.656063  	82.474169 
2519.013370  	83.099370 
2519.370677  	83.158158 
2519.727984  	82.424207 
2520.085291  	82.355530 
2520.442597  	82.690390 
2520.799904  	82.576567 
2521.157211  	82.673127 
2521.514518  	82.687951 
2521.871825  	82.271683 
2522.229132  	82.407504 
2522.586439  	82.814250 
2522.943745  	82.779245 
2523.301052  	82.442820 
2523.658359  	82.198013 
2524.015666  	82.356618 
2524.372973  	82.456132 
2524.730280  	82.544941 
2525.087587  	82.645808 
2525.444893  	82.467972 
2525.802200  	82.626856 
2526.159507  	82.696809 
2526.516814  	82.405282 
2526.874121  	82.283190 
2527.231428  	81.993734 
2527.588735  	82.085558 
2527.946042  	82.679180 
2528.303348  	82.770348 
2528.660655  	82.585925 
2529.017962  	82.534354 
2529.375269  	82.594404 
2529.732576  	82.901347 
2530.089883  	83.212997 
2530.447190  	83.156178 
2530.804496  	82.873236 
2531.161803  	82.645575 
2531.519110  	82.612335 
2531.876417  	82.737085 
2532.233724  	82.360378 
2532.591031  	81.953639 
2532.948338  	82.386869 
2533.305644  	82.629798 
2533.662951  	82.519639 
2534.020258  	82.420300 
2534.377565  	82.093006 
2534.734872  	82.326472 
2535.092179  	82.502228 
2535.449486  	82.076452 
2535.806792  	82.167592 
2536.164099  	82.365660 
2536.521406  	82.360514 
2536.878713  	82.412999 
2537.236020  	82.292786 
2537.593327  	82.324667 
2537.950634  	82.300632 
2538.307940  	82.298715 
2538.665247  	82.435542 
2539.022554  	82.073419 
2539.379861  	81.907978 
2539.737168  	82.228588 
2540.094475  	82.359033 
2540.451782  	82.376168 
2540.809089  	82.359842 
2541.166395  	82.541080 
2541.523702  	82.644642 
2541.881009  	82.406789 
2542.238316  	82.410439 
2542.595623  	82.299085 
2542.952930  	82.094140 
2543.310237  	82.360923 
2543.667543  	82.448286 
2544.024850  	82.115770 
2544.382157  	81.968041 
2544.739464  	82.282571 
2545.096771  	82.505301 
2545.454078  	82.194759 
2545.811385  	81.956815 
2546.168691  	81.931254 
2546.525998  	81.937106 
2546.883305  	82.180876 
2547.240612  	82.345473 
2547.597919  	82.349354 
2547.955226  	82.468179 
2548.312533  	82.301960 
2548.669839  	81.845878 
2549.027146  	81.744183 
2549.384453  	81.944950 
2549.741760  	82.226523 
2550.099067  	82.543159 
2550.456374  	82.563404 
2550.813681  	82.365590 
2551.170987  	82.106666 
2551.528294  	81.905385 
2551.885601  	81.926845 
2552.242908  	81.722551 
2552.600215  	81.492204 
2552.957522  	81.734073 
2553.314829  	81.873109 
2553.672136  	81.701569 
2554.029442  	81.675391 
2554.386749  	81.848623 
2554.744056  	81.824216 
2555.101363  	81.604221 
2555.458670  	81.646036 
2555.815977  	81.522143 
2556.173284  	81.097730 
2556.530590  	81.168207 
2556.887897  	81.409296 
2557.245204  	81.564406 
2557.602511  	82.110709 
2557.959818  	82.349771 
2558.317125  	81.895287 
2558.674432  	81.576822 
2559.031738  	81.519447 
2559.389045  	81.399797 
2559.746352  	81.257566 
2560.103659  	81.181937 
2560.460966  	81.297669 
2560.818273  	81.620846 
2561.175580  	81.784226 
2561.532886  	81.448774 
2561.890193  	80.978225 
2562.247500  	80.795229 
2562.604807  	80.790578 
2562.962114  	80.841741 
2563.319421  	80.832653 
2563.676728  	80.847423 
2564.034034  	81.078918 
2564.391341  	81.092762 
2564.748648  	80.642189 
2565.105955  	80.409295 
2565.463262  	80.666376 
2565.820569  	80.866645 
2566.177876  	80.949641 
2566.535183  	80.946428 
2566.892489  	80.652396 
2567.249796  	80.611165 
2567.607103  	80.878295 
2567.964410  	80.845350 
2568.321717  	80.555588 
2568.679024  	80.317549 
2569.036331  	80.558953 
2569.393637  	80.951185 
2569.750944  	80.743496 
2570.108251  	80.576676 
2570.465558  	80.905961 
2570.822865  	81.100779 
2571.180172  	81.066584 
2571.537479  	81.036772 
2571.894785  	80.965274 
2572.252092  	80.975250 
2572.609399  	80.904013 
2572.966706  	80.516456 
2573.324013  	80.471983 
2573.681320  	80.848508 
2574.038627  	80.918216 
2574.395933  	80.700400 
2574.753240  	80.364261 
2575.110547  	80.352250 
2575.467854  	80.734524 
2575.825161  	80.768642 
2576.182468  	80.889961 
2576.539775  	81.114369 
2576.897081  	80.752377 
2577.254388  	80.589681 
2577.611695  	80.815931 
2577.969002  	80.940070 
2578.326309  	81.139274 
2578.683616  	81.220291 
2579.040923  	81.240487 
2579.398230  	81.304203 
2579.755536  	81.277612 
2580.112843  	81.424732 
2580.470150  	81.289302 
2580.827457  	81.008362 
2581.184764  	81.490097 
2581.542071  	81.785868 
2581.899378  	81.471142 
2582.256684  	81.428715 
2582.613991  	81.279465 
2582.971298  	81.121623 
2583.328605  	81.352381 
2583.685912  	81.287079 
2584.043219  	81.199035 
2584.400526  	81.454233 
2584.757832  	81.508492 
2585.115139  	81.540671 
2585.472446  	81.679079 
2585.829753  	81.586321 
2586.187060  	81.464283 
2586.544367  	81.581053 
2586.901674  	81.968741 
2587.258980  	82.415719 
2587.616287  	82.527238 
2587.973594  	82.217631 
2588.330901  	81.899453 
2588.688208  	82.019321 
2589.045515  	82.144819 
2589.402822  	82.185932 
2589.760128  	82.585092 
2590.117435  	82.530916 
2590.474742  	82.112630 
2590.832049  	82.210735 
2591.189356  	82.141948 
2591.546663  	81.846646 
2591.903970  	81.823586 
2592.261276  	81.776039 
2592.618583  	81.759180 
2592.975890  	81.919094 
2593.333197  	81.921832 
2593.690504  	81.745020 
2594.047811  	81.935835 
2594.405118  	82.081462 
2594.762425  	81.767965 
2595.119731  	81.820311 
2595.477038  	82.017770 
2595.834345  	82.030774 
2596.191652  	82.131664 
2596.548959  	82.089973 
2596.906266  	82.048728 
2597.263573  	81.748243 
2597.620879  	81.347334 
2597.978186  	81.393714 
2598.335493  	81.357302 
2598.692800  	81.283959 
2599.050107  	81.166776 
2599.407414  	80.946903 
2599.764721  	81.140738 
2600.122027  	81.212753 
2600.479334  	80.945371 
2600.836641  	80.909703 
2601.193948  	81.066514 
2601.551255  	81.013552 
2601.908562  	80.820849 
2602.265869  	81.012212 
2602.623175  	81.168889 
2602.980482  	80.972913 
2603.337789  	80.966337 
2603.695096  	80.985096 
2604.052403  	80.992443 
2604.409710  	81.217663 
2604.767017  	81.273476 
2605.124323  	81.149689 
2605.481630  	81.230252 
2605.838937  	81.361812 
2606.196244  	81.295073 
2606.553551  	81.259571 
2606.910858  	81.292953 
2607.268165  	81.282425 
2607.625472  	81.376565 
2607.982778  	81.350956 
2608.340085  	81.048702 
2608.697392  	80.956449 
2609.054699  	81.202967 
2609.412006  	81.447035 
2609.769313  	81.650012 
2610.126620  	81.753542 
2610.483926  	81.610240 
2610.841233  	81.283766 
2611.198540  	80.885152 
2611.555847  	80.855165 
2611.913154  	81.286641 
2612.270461  	81.601258 
2612.627768  	81.718532 
2612.985074  	81.689327 
2613.342381  	81.590501 
2613.699688  	81.771032 
2614.056995  	81.878515 
2614.414302  	81.609988 
2614.771609  	81.516186 
2615.128916  	81.779750 
2615.486222  	81.961619 
2615.843529  	81.894931 
2616.200836  	81.709619 
2616.558143  	81.585708 
2616.915450  	81.648571 
2617.272757  	81.767961 
2617.630064  	81.899364 
2617.987370  	82.005805 
2618.344677  	82.069709 
2618.701984  	82.120550 
2619.059291  	81.861068 
2619.416598  	81.616147 
2619.773905  	81.698441 
2620.131212  	81.531308 
2620.488519  	81.363106 
2620.845825  	81.574022 
2621.203132  	81.613794 
2621.560439  	81.475727 
2621.917746  	81.554902 
2622.275053  	81.655835 
2622.632360  	81.640703 
2622.989667  	81.773056 
2623.346973  	81.754927 
2623.704280  	81.388049 
2624.061587  	81.340389 
2624.418894  	81.569462 
2624.776201  	81.513429 
2625.133508  	81.338463 
2625.490815  	81.366855 
2625.848121  	81.510823 
2626.205428  	81.494888 
2626.562735  	81.570765 
2626.920042  	81.895562 
2627.277349  	81.913406 
2627.634656  	81.785893 
2627.991963  	81.915324 
2628.349269  	81.842462 
2628.706576  	81.582787 
2629.063883  	81.544209 
2629.421190  	81.660896 
2629.778497  	81.816553 
2630.135804  	81.748896 
2630.493111  	81.505164 
2630.850417  	81.491840 
2631.207724  	81.500956 
2631.565031  	81.402538 
2631.922338  	81.414972 
2632.279645  	81.432302 
2632.636952  	81.353087 
2632.994259  	81.220745 
2633.351566  	81.299543 
2633.708872  	81.627876 
2634.066179  	81.705508 
2634.423486  	81.673709 
2634.780793  	81.813595 
2635.138100  	81.628308 
2635.495407  	81.286491 
2635.852714  	81.372081 
2636.210020  	81.620061 
2636.567327  	81.741123 
2636.924634  	81.551777 
2637.281941  	81.196542 
2637.639248  	81.239622 
2637.996555  	81.315125 
2638.353862  	81.226423 
2638.711168  	81.379317 
2639.068475  	81.381376 
2639.425782  	81.050969 
2639.783089  	80.775319 
2640.140396  	80.822851 
2640.497703  	80.949551 
2640.855010  	80.801586 
2641.212316  	80.762949 
2641.569623  	80.800012 
2641.926930  	80.832372 
2642.284237  	80.958914 
2642.641544  	80.786650 
2642.998851  	80.734440 
2643.356158  	80.859779 
2643.713464  	80.950161 
2644.070771  	81.335136 
2644.428078  	81.305699 
2644.785385  	81.050563 
2645.142692  	81.235898 
2645.499999  	81.178401 
2645.857306  	81.041864 
2646.214613  	81.223686 
2646.571919  	81.362114 
2646.929226  	81.258833 
2647.286533  	81.093021 
2647.643840  	81.275497 
2648.001147  	81.480735 
2648.358454  	81.380420 
2648.715761  	81.411216 
2649.073067  	81.543852 
2649.430374  	81.499115 
2649.787681  	81.451754 
2650.144988  	81.630567 
2650.502295  	81.833920 
2650.859602  	81.702468 
2651.216909  	81.439001 
2651.574215  	81.416181 
2651.931522  	81.535541 
2652.288829  	81.658751 
2652.646136  	81.798956 
2653.003443  	81.846910 
2653.360750  	81.764156 
2653.718057  	81.523959 
2654.075363  	81.265538 
2654.432670  	81.284937 
2654.789977  	81.378816 
2655.147284  	81.433966 
2655.504591  	81.458030 
2655.861898  	81.329762 
2656.219205  	81.430147 
2656.576511  	81.561320 
2656.933818  	81.352356 
2657.291125  	81.283554 
2657.648432  	81.322487 
2658.005739  	81.292252 
2658.363046  	81.252329 
2658.720353  	81.111296 
2659.077660  	81.163610 
2659.434966  	81.311711 
2659.792273  	81.184566 
2660.149580  	81.034513 
2660.506887  	81.084045 
2660.864194  	81.238944 
2661.221501  	81.310718 
2661.578808  	81.275644 
2661.936114  	81.310748 
2662.293421  	81.376585 
2662.650728  	81.301532 
2663.008035  	81.190172 
2663.365342  	81.257739 
2663.722649  	81.303001 
2664.079956  	81.240596 
2664.437262  	81.365839 
2664.794569  	81.497748 
2665.151876  	81.461123 
2665.509183  	81.476232 
2665.866490  	81.530760 
2666.223797  	81.524680 
2666.581104  	81.484011 
2666.938410  	81.498755 
2667.295717  	81.495855 
2667.653024  	81.404450 
2668.010331  	81.316667 
2668.367638  	81.176354 
2668.724945  	81.190445 
2669.082252  	81.372654 
2669.439558  	81.403820 
2669.796865  	81.520833 
2670.154172  	81.699093 
2670.511479  	81.743661 
2670.868786  	81.796641 
2671.226093  	81.843540 
2671.583400  	81.927960 
2671.940706  	81.853508 
2672.298013  	81.732606 
2672.655320  	81.931426 
2673.012627  	82.006586 
2673.369934  	81.890031 
2673.727241  	81.882446 
2674.084548  	81.931008 
2674.441855  	82.068478 
2674.799161  	82.168993 
2675.156468  	82.167023 
2675.513775  	82.097326 
2675.871082  	82.008389 
2676.228389  	82.038593 
2676.585696  	82.132649 
2676.943003  	82.193404 
2677.300309  	82.065379 
2677.657616  	81.863432 
2678.014923  	81.887967 
2678.372230  	82.096016 
2678.729537  	82.327197 
2679.086844  	82.381558 
2679.444151  	82.338746 
2679.801457  	82.316067 
2680.158764  	82.264975 
2680.516071  	82.248171 
2680.873378  	82.164363 
2681.230685  	82.133766 
2681.587992  	82.165816 
2681.945299  	82.219561 
2682.302605  	82.458310 
2682.659912  	82.412108 
2683.017219  	82.218437 
2683.374526  	82.303924 
2683.731833  	82.325396 
2684.089140  	82.412312 
2684.446447  	82.491562 
2684.803753  	82.334556 
2685.161060  	82.229480 
2685.518367  	82.211127 
2685.875674  	82.263626 
2686.232981  	82.249576 
2686.590288  	82.203684 
2686.947595  	82.352950 
2687.304902  	82.452026 
2687.662208  	82.381819 
2688.019515  	82.264448 
2688.376822  	82.247037 
2688.734129  	82.341789 
2689.091436  	82.335396 
2689.448743  	82.313081 
2689.806050  	82.378085 
2690.163356  	82.362457 
2690.520663  	82.218220 
2690.877970  	82.187815 
2691.235277  	82.394017 
2691.592584  	82.524637 
2691.949891  	82.457819 
2692.307198  	82.430343 
2692.664504  	82.479212 
2693.021811  	82.480111 
2693.379118  	82.506151 
2693.736425  	82.569775 
2694.093732  	82.581519 
2694.451039  	82.724130 
2694.808346  	82.810874 
2695.165652  	82.572572 
2695.522959  	82.470114 
2695.880266  	82.621735 
2696.237573  	82.644488 
2696.594880  	82.473856 
2696.952187  	82.291990 
2697.309494  	82.241778 
2697.666800  	82.270555 
2698.024107  	82.361606 
2698.381414  	82.495407 
2698.738721  	82.511907 
2699.096028  	82.328563 
2699.453335  	82.082117 
2699.810642  	82.113331 
2700.167949  	82.373346 
2700.525255  	82.462462 
2700.882562  	82.391106 
2701.239869  	82.307737 
2701.597176  	82.177102 
2701.954483  	82.079135 
2702.311790  	82.084918 
2702.669097  	82.069805 
2703.026403  	82.096539 
2703.383710  	82.219498 
2703.741017  	82.207914 
2704.098324  	82.175518 
2704.455631  	82.263321 
2704.812938  	82.183628 
2705.170245  	81.957531 
2705.527551  	81.962687 
2705.884858  	82.150241 
2706.242165  	82.105271 
2706.599472  	81.948236 
2706.956779  	81.955906 
2707.314086  	81.930746 
2707.671393  	81.958768 
2708.028699  	82.139337 
2708.386006  	82.187509 
2708.743313  	82.068585 
2709.100620  	81.921369 
2709.457927  	81.924879 
2709.815234  	82.059934 
2710.172541  	82.060312 
2710.529847  	82.109932 
2710.887154  	82.385598 
2711.244461  	82.487599 
2711.601768  	82.343624 
2711.959075  	82.325198 
2712.316382  	82.393886 
2712.673689  	82.353545 
2713.030996  	82.302369 
2713.388302  	82.274926 
2713.745609  	82.199125 
2714.102916  	82.235592 
2714.460223  	82.439425 
2714.817530  	82.447113 
2715.174837  	82.320864 
2715.532144  	82.384453 
2715.889450  	82.313644 
2716.246757  	82.168672 
2716.604064  	82.327123 
2716.961371  	82.391988 
2717.318678  	82.220689 
2717.675985  	82.119322 
2718.033292  	82.096931 
2718.390598  	82.158100 
2718.747905  	82.245615 
2719.105212  	82.261746 
2719.462519  	82.291360 
2719.819826  	82.351551 
2720.177133  	82.360760 
2720.534440  	82.259683 
2720.891746  	82.128251 
2721.249053  	82.162478 
2721.606360  	82.204486 
2721.963667  	82.016518 
2722.320974  	81.976846 
2722.678281  	82.219989 
2723.035588  	82.254315 
2723.392894  	82.092278 
2723.750201  	82.055416 
2724.107508  	82.119549 
2724.464815  	82.126470 
2724.822122  	82.004395 
2725.179429  	81.943245 
2725.536736  	82.012236 
2725.894043  	82.043076 
2726.251349  	82.073100 
2726.608656  	82.148619 
2726.965963  	82.132414 
2727.323270  	81.948369 
2727.680577  	81.844327 
2728.037884  	81.997531 
2728.395191  	82.049562 
2728.752497  	81.925242 
2729.109804  	81.904039 
2729.467111  	81.842164 
2729.824418  	81.721722 
2730.181725  	81.689118 
2730.539032  	81.661674 
2730.896339  	81.772217 
2731.253645  	81.938683 
2731.610952  	81.873618 
2731.968259  	81.804244 
2732.325566  	81.823342 
2732.682873  	81.800681 
2733.040180  	81.837472 
2733.397487  	81.878739 
2733.754793  	81.888878 
2734.112100  	81.970905 
2734.469407  	82.066869 
2734.826714  	82.032482 
2735.184021  	81.851854 
2735.541328  	81.741834 
2735.898635  	81.733987 
2736.255941  	81.759911 
2736.613248  	81.918887 
2736.970555  	81.984958 
2737.327862  	81.753463 
2737.685169  	81.476144 
2738.042476  	81.490366 
2738.399783  	81.797465 
2738.757090  	81.924893 
2739.114396  	81.827803 
2739.471703  	81.929337 
2739.829010  	82.041541 
2740.186317  	81.899593 
2740.543624  	81.759945 
2740.900931  	81.811744 
2741.258238  	81.919342 
2741.615544  	81.900216 
2741.972851  	81.859612 
2742.330158  	81.889223 
2742.687465  	81.843663 
2743.044772  	81.806834 
2743.402079  	81.843368 
2743.759386  	81.836633 
2744.116692  	81.900131 
2744.473999  	81.986909 
2744.831306  	81.981197 
2745.188613  	81.996996 
2745.545920  	81.950590 
2745.903227  	81.847757 
2746.260534  	81.813322 
2746.617840  	81.916121 
2746.975147  	82.144981 
2747.332454  	82.141195 
2747.689761  	82.027575 
2748.047068  	82.067723 
2748.404375  	82.000297 
2748.761682  	82.020947 
2749.118988  	82.159449 
2749.476295  	82.129286 
2749.833602  	82.089773 
2750.190909  	82.078706 
2750.548216  	82.083052 
2750.905523  	82.099461 
2751.262830  	82.181605 
2751.620136  	82.221672 
2751.977443  	81.910312 
2752.334750  	81.776987 
2752.692057  	82.018779 
2753.049364  	82.123241 
2753.406671  	82.096882 
2753.763978  	81.962470 
2754.121285  	81.922370 
2754.478591  	82.028805 
2754.835898  	82.056121 
2755.193205  	82.224998 
2755.550512  	82.350942 
2755.907819  	82.290041 
2756.265126  	82.209312 
2756.622433  	82.105854 
2756.979739  	82.173938 
2757.337046  	82.179827 
2757.694353  	82.075003 
2758.051660  	82.162630 
2758.408967  	82.130167 
2758.766274  	82.070594 
2759.123581  	82.289114 
2759.480887  	82.455489 
2759.838194  	82.367713 
2760.195501  	82.225880 
2760.552808  	82.218923 
2760.910115  	82.198547 
2761.267422  	82.049918 
2761.624729  	81.990778 
2761.982035  	82.117557 
2762.339342  	82.277249 
2762.696649  	82.363892 
2763.053956  	82.344657 
2763.411263  	82.183641 
2763.768570  	82.136668 
2764.125877  	82.299392 
2764.483183  	82.284453 
2764.840490  	82.107501 
2765.197797  	82.091710 
2765.555104  	82.264274 
2765.912411  	82.414946 
2766.269718  	82.417704 
2766.627025  	82.336168 
2766.984332  	82.157632 
2767.341638  	82.017998 
2767.698945  	81.976297 
2768.056252  	81.963238 
2768.413559  	82.083896 
2768.770866  	82.135762 
2769.128173  	82.090081 
2769.485480  	82.037397 
2769.842786  	81.872311 
2770.200093  	81.902241 
2770.557400  	82.009070 
2770.914707  	81.945678 
2771.272014  	81.927894 
2771.629321  	81.895587 
2771.986628  	81.965941 
2772.343934  	82.056348 
2772.701241  	81.952552 
2773.058548  	81.944189 
2773.415855  	81.885798 
2773.773162  	81.790120 
2774.130469  	81.928967 
2774.487776  	81.906853 
2774.845082  	81.763641 
2775.202389  	81.905061 
2775.559696  	82.029012 
2775.917003  	81.832861 
2776.274310  	81.666606 
2776.631617  	81.837793 
2776.988924  	82.044072 
2777.346230  	82.032927 
2777.703537  	81.965281 
2778.060844  	81.914023 
2778.418151  	81.978822 
2778.775458  	82.190885 
2779.132765  	82.233427 
2779.490072  	82.143961 
2779.847379  	82.151160 
2780.204685  	82.125552 
2780.561992  	82.077334 
2780.919299  	82.037999 
2781.276606  	81.976862 
2781.633913  	81.973919 
2781.991220  	81.918355 
2782.348527  	81.879746 
2782.705833  	81.980435 
2783.063140  	82.033979 
2783.420447  	82.001691 
2783.777754  	81.958220 
2784.135061  	82.034885 
2784.492368  	82.251746 
2784.849675  	82.373756 
2785.206981  	82.317387 
2785.564288  	82.179509 
2785.921595  	82.167094 
2786.278902  	82.253802 
2786.636209  	82.229196 
2786.993516  	82.223572 
2787.350823  	82.263955 
2787.708129  	82.267121 
2788.065436  	82.282741 
2788.422743  	82.198265 
2788.780050  	82.043983 
2789.137357  	82.044735 
2789.494664  	82.205012 
2789.851971  	82.236347 
2790.209277  	82.111826 
2790.566584  	82.229127 
2790.923891  	82.445202 
2791.281198  	82.360096 
2791.638505  	82.223608 
2791.995812  	82.225542 
2792.353119  	82.177345 
2792.710426  	82.097532 
2793.067732  	82.175392 
2793.425039  	82.379289 
2793.782346  	82.512767 
2794.139653  	82.587188 
2794.496960  	82.616882 
2794.854267  	82.415875 
2795.211574  	82.126349 
2795.568880  	82.066669 
2795.926187  	82.172499 
2796.283494  	82.309565 
2796.640801  	82.459200 
2796.998108  	82.555236 
2797.355415  	82.548636 
2797.712722  	82.421457 
2798.070028  	82.227525 
2798.427335  	82.076887 
2798.784642  	82.155576 
2799.141949  	82.448666 
2799.499256  	82.465121 
2799.856563  	82.150535 
2800.213870  	81.991479 
2800.571176  	81.980205 
2800.928483  	81.963737 
2801.285790  	82.029554 
2801.643097  	81.993431 
2802.000404  	81.786382 
2802.357711  	81.795659 
2802.715018  	81.987653 
2803.072324  	81.933383 
2803.429631  	81.730553 
2803.786938  	81.642731 
2804.144245  	81.623721 
2804.501552  	81.586262 
2804.858859  	81.540377 
2805.216166  	81.527366 
2805.573473  	81.447224 
2805.930779  	81.385100 
2806.288086  	81.528170 
2806.645393  	81.638563 
2807.002700  	81.634863 
2807.360007  	81.741274 
2807.717314  	81.912096 
2808.074621  	82.026207 
2808.431927  	82.144596 
2808.789234  	82.253169 
2809.146541  	82.232446 
2809.503848  	82.208445 
2809.861155  	82.314222 
2810.218462  	82.399506 
2810.575769  	82.296303 
2810.933075  	82.112639 
2811.290382  	82.158481 
2811.647689  	82.244073 
2812.004996  	82.140991 
2812.362303  	82.195232 
2812.719610  	82.376386 
2813.076917  	82.417706 
2813.434223  	82.273787 
2813.791530  	82.101277 
2814.148837  	82.217962 
2814.506144  	82.370330 
2814.863451  	82.345079 
2815.220758  	82.312549 
2815.578065  	82.171889 
2815.935371  	82.045229 
2816.292678  	81.970601 
2816.649985  	81.890207 
2817.007292  	82.082944 
2817.364599  	82.314380 
2817.721906  	82.311834 
2818.079213  	82.337318 
2818.436520  	82.351780 
2818.793826  	82.202894 
2819.151133  	82.068151 
2819.508440  	82.089749 
2819.865747  	82.152002 
2820.223054  	82.059852 
2820.580361  	82.022984 
2820.937668  	82.247523 
2821.294974  	82.253290 
2821.652281  	81.999808 
2822.009588  	82.010869 
2822.366895  	82.114479 
2822.724202  	82.113591 
2823.081509  	82.073428 
2823.438816  	81.965148 
2823.796122  	81.967924 
2824.153429  	81.940344 
2824.510736  	81.858846 
2824.868043  	82.075906 
2825.225350  	82.296290 
2825.582657  	82.264159 
2825.939964  	82.271745 
2826.297270  	82.325120 
2826.654577  	82.230777 
2827.011884  	82.109294 
2827.369191  	82.143658 
2827.726498  	82.142833 
2828.083805  	82.031779 
2828.441112  	82.090783 
2828.798418  	82.244012 
2829.155725  	82.161141 
2829.513032  	81.950994 
2829.870339  	81.954046 
2830.227646  	82.080996 
2830.584953  	81.987909 
2830.942260  	81.820674 
2831.299567  	81.965323 
2831.656873  	82.189256 
2832.014180  	82.128220 
2832.371487  	82.079118 
2832.728794  	82.179627 
2833.086101  	82.077632 
2833.443408  	81.854677 
2833.800715  	81.900018 
2834.158021  	82.037612 
2834.515328  	81.931108 
2834.872635  	81.928439 
2835.229942  	82.011589 
2835.587249  	81.725126 
2835.944556  	81.588496 
2836.301863  	81.802064 
2836.659169  	81.812532 
2837.016476  	81.688184 
2837.373783  	81.605729 
2837.731090  	81.688861 
2838.088397  	81.904255 
2838.445704  	81.967928 
2838.803011  	81.996769 
2839.160317  	81.862049 
2839.517624  	81.560328 
2839.874931  	81.575853 
2840.232238  	81.745890 
2840.589545  	81.801465 
2840.946852  	81.811323 
2841.304159  	81.798171 
2841.661465  	81.820366 
2842.018772  	81.747098 
2842.376079  	81.594137 
2842.733386  	81.540291 
2843.090693  	81.516258 
2843.448000  	81.507668 
2843.805307  	81.477078 
2844.162613  	81.493464 
2844.519920  	81.644987 
2844.877227  	81.525781 
2845.234534  	81.192466 
2845.591841  	81.176205 
2845.949148  	81.278716 
2846.306455  	81.218883 
2846.663762  	81.131255 
2847.021068  	81.068725 
2847.378375  	81.072810 
2847.735682  	81.091285 
2848.092989  	81.076331 
2848.450296  	81.247246 
2848.807603  	81.471993 
2849.164910  	81.362815 
2849.522216  	81.228286 
2849.879523  	81.266704 
2850.236830  	81.070167 
2850.594137  	80.920841 
2850.951444  	81.084192 
2851.308751  	81.206606 
2851.666058  	81.322517 
2852.023364  	81.236743 
2852.380671  	80.983145 
2852.737978  	81.113179 
2853.095285  	81.224693 
2853.452592  	81.048372 
2853.809899  	80.887320 
2854.167206  	80.801450 
2854.524512  	80.996564 
2854.881819  	81.172179 
2855.239126  	81.074579 
2855.596433  	81.007937 
2855.953740  	80.859426 
2856.311047  	80.718533 
2856.668354  	80.724891 
2857.025660  	80.774340 
2857.382967  	81.022171 
2857.740274  	81.222755 
2858.097581  	81.106243 
2858.454888  	80.914446 
2858.812195  	80.884694 
2859.169502  	80.900621 
2859.526809  	80.657503 
2859.884115  	80.496401 
2860.241422  	80.692562 
2860.598729  	80.806133 
2860.956036  	80.762108 
2861.313343  	80.748733 
2861.670650  	80.850864 
2862.027957  	81.032031 
2862.385263  	81.072609 
2862.742570  	81.094050 
2863.099877  	81.244064 
2863.457184  	81.257604 
2863.814491  	81.064648 
2864.171798  	81.049192 
2864.529105  	81.232764 
2864.886411  	81.288482 
2865.243718  	81.282921 
2865.601025  	81.148806 
2865.958332  	81.072652 
2866.315639  	81.456378 
2866.672946  	81.731549 
2867.030253  	81.591476 
2867.387559  	81.323282 
2867.744866  	81.188937 
2868.102173  	81.502592 
2868.459480  	81.776174 
2868.816787  	81.745429 
2869.174094  	81.663606 
2869.531401  	81.442737 
2869.888707  	81.453505 
2870.246014  	81.672941 
2870.603321  	81.722926 
2870.960628  	81.672725 
2871.317935  	81.377120 
2871.675242  	81.270574 
2872.032549  	81.566683 
2872.389856  	81.461729 
2872.747162  	81.162978 
2873.104469  	81.236345 
2873.461776  	81.269559 
2873.819083  	81.163225 
2874.176390  	81.216238 
2874.533697  	81.323992 
2874.891004  	81.382585 
2875.248310  	81.352113 
2875.605617  	81.229692 
2875.962924  	81.325387 
2876.320231  	81.561196 
2876.677538  	81.528271 
2877.034845  	81.437081 
2877.392152  	81.554083 
2877.749458  	81.618016 
2878.106765  	81.510260 
2878.464072  	81.447764 
2878.821379  	81.495414 
2879.178686  	81.496588 
2879.535993  	81.355798 
2879.893300  	81.290655 
2880.250606  	81.406479 
2880.607913  	81.322002 
2880.965220  	81.140873 
2881.322527  	81.231942 
2881.679834  	81.330918 
2882.037141  	81.395326 
2882.394448  	81.445664 
2882.751754  	81.261562 
2883.109061  	81.155794 
2883.466368  	81.296320 
2883.823675  	81.268160 
2884.180982  	81.035112 
2884.538289  	81.029136 
2884.895596  	81.202350 
2885.252903  	81.181664 
2885.610209  	81.065528 
2885.967516  	81.004930 
2886.324823  	80.973415 
2886.682130  	80.893980 
2887.039437  	80.691961 
2887.396744  	80.576392 
2887.754051  	80.607515 
2888.111357  	80.598628 
2888.468664  	80.521189 
2888.825971  	80.388444 
2889.183278  	80.157737 
2889.540585  	79.947174 
2889.897892  	79.972392 
2890.255199  	80.008354 
2890.612505  	79.969236 
2890.969812  	80.068475 
2891.327119  	80.071100 
2891.684426  	80.113944 
2892.041733  	80.280940 
2892.399040  	80.239131 
2892.756347  	80.348199 
2893.113653  	80.485817 
2893.470960  	80.309383 
2893.828267  	80.424241 
2894.185574  	80.798987 
2894.542881  	80.854309 
2894.900188  	80.646033 
2895.257495  	80.585405 
2895.614801  	80.784884 
2895.972108  	80.812807 
2896.329415  	80.674741 
2896.686722  	80.735611 
2897.044029  	80.796978 
2897.401336  	80.885456 
2897.758643  	81.219008 
2898.115950  	81.300806 
2898.473256  	80.930725 
2898.830563  	80.776389 
2899.187870  	80.820309 
2899.545177  	80.581994 
2899.902484  	80.559598 
2900.259791  	80.892626 
2900.617098  	80.899937 
2900.974404  	80.745154 
2901.331711  	80.831987 
2901.689018  	80.945930 
2902.046325  	80.961401 
2902.403632  	81.041206 
2902.760939  	81.210669 
2903.118246  	81.159439 
2903.475552  	80.977118 
2903.832859  	81.084730 
2904.190166  	81.270828 
2904.547473  	81.220063 
2904.904780  	81.065723 
2905.262087  	81.035119 
2905.619394  	81.086311 
2905.976700  	81.055939 
2906.334007  	81.131658 
2906.691314  	81.340699 
2907.048621  	81.368902 
2907.405928  	81.126408 
2907.763235  	80.922520 
2908.120542  	81.154897 
2908.477848  	81.433723 
2908.835155  	81.389672 
2909.192462  	81.518195 
2909.549769  	81.692019 
2909.907076  	81.469439 
2910.264383  	81.272696 
2910.621690  	81.379330 
2910.978997  	81.430780 
2911.336303  	81.397076 
2911.693610  	81.487184 
2912.050917  	81.507552 
2912.408224  	81.646803 
2912.765531  	81.973841 
2913.122838  	81.855249 
2913.480145  	81.561099 
2913.837451  	81.381965 
2914.194758  	81.097431 
2914.552065  	81.306529 
2914.909372  	81.852802 
2915.266679  	81.954003 
2915.623986  	81.846939 
2915.981293  	81.686877 
2916.338599  	81.483176 
2916.695906  	81.491306 
2917.053213  	81.652582 
2917.410520  	81.725615 
2917.767827  	81.526118 
2918.125134  	81.320280 
2918.482441  	81.335864 
2918.839747  	81.380567 
2919.197054  	81.555732 
2919.554361  	81.743013 
2919.911668  	81.669715 
2920.268975  	81.542043 
2920.626282  	81.446678 
2920.983589  	81.431648 
2921.340895  	81.442480 
2921.698202  	81.428350 
2922.055509  	81.582232 
2922.412816  	81.624089 
2922.770123  	81.501385 
2923.127430  	81.474942 
2923.484737  	81.471962 
2923.842043  	81.507160 
2924.199350  	81.339882 
2924.556657  	81.219221 
2924.913964  	81.547505 
2925.271271  	81.631593 
2925.628578  	81.600376 
2925.985885  	81.837379 
2926.343192  	81.687535 
2926.700498  	81.351031 
2927.057805  	81.315551 
2927.415112  	81.384742 
2927.772419  	81.410352 
2928.129726  	81.373727 
2928.487033  	81.392944 
2928.844340  	81.401246 
2929.201646  	81.259439 
2929.558953  	81.141132 
2929.916260  	81.272469 
2930.273567  	81.584442 
2930.630874  	81.634099 
2930.988181  	81.460791 
2931.345488  	81.375702 
2931.702794  	81.238544 
2932.060101  	81.227825 
2932.417408  	81.426004 
2932.774715  	81.483935 
2933.132022  	81.412948 
2933.489329  	81.316867 
2933.846636  	81.307408 
2934.203942  	81.354322 
2934.561249  	81.330718 
2934.918556  	81.400376 
2935.275863  	81.378791 
2935.633170  	81.291945 
2935.990477  	81.470460 
2936.347784  	81.494176 
2936.705090  	81.307785 
2937.062397  	81.377785 
2937.419704  	81.491477 
2937.777011  	81.349259 
2938.134318  	81.232925 
2938.491625  	81.439793 
2938.848932  	81.658420 
2939.206239  	81.708553 
2939.563545  	81.749716 
2939.920852  	81.647437 
2940.278159  	81.638257 
2940.635466  	81.821020 
2940.992773  	81.739225 
2941.350080  	81.564017 
2941.707387  	81.509435 
2942.064693  	81.447119 
2942.422000  	81.454862 
2942.779307  	81.515531 
2943.136614  	81.526543 
2943.493921  	81.458795 
2943.851228  	81.504175 
2944.208535  	81.739530 
2944.565841  	81.815355 
2944.923148  	81.674421 
2945.280455  	81.550418 
2945.637762  	81.455279 
2945.995069  	81.326597 
2946.352376  	81.395074 
2946.709683  	81.690883 
2947.066989  	81.661690 
2947.424296  	81.446504 
2947.781603  	81.404147 
2948.138910  	81.298177 
2948.496217  	81.381164 
2948.853524  	81.496518 
2949.210831  	81.259450 
2949.568137  	81.184034 
2949.925444  	81.316677 
2950.282751  	81.488237 
2950.640058  	81.665948 
2950.997365  	81.519452 
2951.354672  	81.362123 
2951.711979  	81.469162 
2952.069286  	81.359904 
2952.426592  	81.014185 
2952.783899  	81.061935 
2953.141206  	81.416331 
2953.498513  	81.390045 
2953.855820  	81.211689 
2954.213127  	81.291276 
2954.570434  	81.391831 
2954.927740  	81.479037 
2955.285047  	81.501288 
2955.642354  	81.263771 
2955.999661  	81.093889 
2956.356968  	81.356855 
2956.714275  	81.566337 
2957.071582  	81.385692 
2957.428888  	81.307089 
2957.786195  	81.349064 
2958.143502  	81.271853 
2958.500809  	81.140970 
2958.858116  	81.130906 
2959.215423  	81.392338 
2959.572730  	81.505609 
2959.930036  	81.319525 
2960.287343  	81.098048 
2960.644650  	81.030786 
2961.001957  	81.230948 
2961.359264  	81.204646 
2961.716571  	81.174287 
2962.073878  	81.443537 
2962.431184  	81.240261 
2962.788491  	80.886754 
2963.145798  	80.905430 
2963.503105  	80.953277 
2963.860412  	81.033401 
2964.217719  	81.151073 
2964.575026  	81.193561 
2964.932333  	81.171373 
2965.289639  	81.162366 
2965.646946  	81.138524 
2966.004253  	81.124781 
2966.361560  	81.137234 
2966.718867  	80.948511 
2967.076174  	80.913052 
2967.433481  	81.166518 
2967.790787  	81.203609 
2968.148094  	81.013343 
2968.505401  	80.785521 
2968.862708  	80.766636 
2969.220015  	80.922905 
2969.577322  	80.983432 
2969.934629  	81.000404 
2970.291935  	80.992734 
2970.649242  	81.013570 
2971.006549  	81.017281 
2971.363856  	80.981946 
2971.721163  	80.927134 
2972.078470  	80.814299 
2972.435777  	80.724066 
2972.793083  	80.539560 
2973.150390  	80.619833 
2973.507697  	81.006508 
2973.865004  	81.154928 
2974.222311  	81.359664 
2974.579618  	81.393928 
2974.936925  	81.036894 
2975.294231  	80.968149 
2975.651538  	81.042998 
2976.008845  	80.975781 
2976.366152  	80.978782 
2976.723459  	80.949442 
2977.080766  	80.717203 
2977.438073  	80.666816 
2977.795380  	80.879530 
2978.152686  	80.803484 
2978.509993  	80.683376 
2978.867300  	80.734195 
2979.224607  	80.668157 
2979.581914  	80.636580 
2979.939221  	80.719239 
2980.296528  	80.779684 
2980.653834  	80.597001 
2981.011141  	80.393947 
2981.368448  	80.440791 
2981.725755  	80.542516 
2982.083062  	80.711325 
2982.440369  	80.671733 
2982.797676  	80.574535 
2983.154982  	80.823271 
2983.512289  	80.925774 
2983.869596  	80.761735 
2984.226903  	80.622092 
2984.584210  	80.681301 
2984.941517  	80.734394 
2985.298824  	80.597763 
2985.656130  	80.669708 
2986.013437  	80.747221 
2986.370744  	80.719345 
2986.728051  	80.795858 
2987.085358  	80.781480 
2987.442665  	80.800909 
2987.799972  	80.879753 
2988.157278  	80.918896 
2988.514585  	80.931851 
2988.871892  	81.030681 
2989.229199  	81.097231 
2989.586506  	80.826693 
2989.943813  	80.824137 
2990.301120  	81.061230 
2990.658427  	80.990222 
2991.015733  	81.028352 
2991.373040  	81.081847 
2991.730347  	80.991841 
2992.087654  	80.959543 
2992.444961  	80.892994 
2992.802268  	80.859643 
2993.159575  	80.865200 
2993.516881  	80.859592 
2993.874188  	80.816807 
2994.231495  	80.877431 
2994.588802  	81.036708 
2994.946109  	80.968536 
2995.303416  	80.899614 
2995.660723  	80.916685 
2996.018029  	80.783911 
2996.375336  	80.788784 
2996.732643  	81.063500 
2997.089950  	81.174618 
2997.447257  	81.053003 
2997.804564  	81.090030 
2998.161871  	81.115703 
2998.519177  	81.072551 
2998.876484  	81.190969 
2999.233791  	81.202227 
2999.591098  	81.147894 
2999.948405  	81.101807 
3000.305712  	80.994915 
3000.663019  	81.061478 
3001.020325  	81.264152 
3001.377632  	81.351643 
3001.734939  	81.216381 
3002.092246  	81.134451 
3002.449553  	81.039370 
3002.806860  	80.748880 
3003.164167  	80.831918 
3003.521473  	81.164242 
3003.878780  	81.287239 
3004.236087  	81.319311 
3004.593394  	81.336660 
3004.950701  	81.398218 
3005.308008  	81.298573 
3005.665315  	81.270108 
3006.022622  	81.524148 
3006.379928  	81.548570 
3006.737235  	81.401680 
3007.094542  	81.221336 
3007.451849  	81.098254 
3007.809156  	81.157627 
3008.166463  	81.081614 
3008.523770  	80.950331 
3008.881076  	80.846121 
3009.238383  	80.881951 
3009.595690  	81.097753 
3009.952997  	81.016530 
3010.310304  	80.908159 
3010.667611  	80.987674 
3011.024918  	81.075024 
3011.382224  	81.292041 
3011.739531  	81.210748 
3012.096838  	81.006545 
3012.454145  	81.198399 
3012.811452  	81.271823 
3013.168759  	81.176430 
3013.526066  	81.145709 
3013.883372  	81.096611 
3014.240679  	81.117184 
3014.597986  	80.942521 
3014.955293  	80.750117 
3015.312600  	81.065924 
3015.669907  	81.302776 
3016.027214  	81.007277 
3016.384520  	80.888002 
3016.741827  	81.165921 
3017.099134  	81.203584 
3017.456441  	81.038999 
3017.813748  	81.033114 
3018.171055  	80.948317 
3018.528362  	80.865244 
3018.885669  	80.906152 
3019.242975  	80.908925 
3019.600282  	81.024323 
3019.957589  	81.044158 
3020.314896  	80.888765 
3020.672203  	80.946728 
3021.029510  	81.017881 
3021.386817  	80.987771 
3021.744123  	81.047443 
3022.101430  	81.083354 
3022.458737  	81.103254 
3022.816044  	81.121708 
3023.173351  	81.029056 
3023.530658  	80.894092 
3023.887965  	80.782966 
3024.245271  	80.676727 
3024.602578  	80.726621 
3024.959885  	80.921004 
3025.317192  	80.914251 
3025.674499  	80.832570 
3026.031806  	80.911662 
3026.389113  	81.013428 
3026.746419  	81.085223 
3027.103726  	80.872923 
3027.461033  	80.607162 
3027.818340  	80.767973 
3028.175647  	80.785361 
3028.532954  	80.630332 
3028.890261  	80.818431 
3029.247567  	80.909518 
3029.604874  	80.752075 
3029.962181  	80.745705 
3030.319488  	80.791617 
3030.676795  	80.547160 
3031.034102  	80.246129 
3031.391409  	80.261061 
3031.748716  	80.295066 
3032.106022  	80.292088 
3032.463329  	80.381640 
3032.820636  	80.419891 
3033.177943  	80.541721 
3033.535250  	80.566856 
3033.892557  	80.329468 
3034.249864  	80.189282 
3034.607170  	80.254366 
3034.964477  	80.330391 
3035.321784  	80.226970 
3035.679091  	80.122941 
3036.036398  	80.068497 
3036.393705  	79.912935 
3036.751012  	80.086549 
3037.108318  	80.425934 
3037.465625  	80.270862 
3037.822932  	79.966775 
3038.180239  	79.898609 
3038.537546  	79.992640 
3038.894853  	80.204154 
3039.252160  	80.183932 
3039.609466  	79.970368 
3039.966773  	80.050431 
3040.324080  	80.232739 
3040.681387  	80.358216 
3041.038694  	80.515473 
3041.396001  	80.557580 
3041.753308  	80.623211 
3042.110614  	80.629795 
3042.467921  	80.542077 
3042.825228  	80.510379 
3043.182535  	80.283638 
3043.539842  	80.124531 
3043.897149  	80.215885 
3044.254456  	80.353768 
3044.611763  	80.546830 
3044.969069  	80.558201 
3045.326376  	80.412405 
3045.683683  	80.262382 
3046.040990  	80.245952 
3046.398297  	80.390707 
3046.755604  	80.343274 
3047.112911  	80.305921 
3047.470217  	80.460591 
3047.827524  	80.788133 
3048.184831  	81.055263 
3048.542138  	80.801212 
3048.899445  	80.639210 
3049.256752  	80.763734 
3049.614059  	80.701762 
3049.971365  	80.594038 
3050.328672  	80.528778 
3050.685979  	80.659701 
3051.043286  	80.791148 
3051.400593  	80.779020 
3051.757900  	80.854270 
3052.115207  	80.825408 
3052.472513  	80.759633 
3052.829820  	80.692708 
3053.187127  	80.723477 
3053.544434  	80.937424 
3053.901741  	80.846461 
3054.259048  	80.690776 
3054.616355  	80.701475 
3054.973661  	80.556662 
3055.330968  	80.463487 
3055.688275  	80.530032 
3056.045582  	80.542712 
3056.402889  	80.346330 
3056.760196  	79.929096 
3057.117503  	79.728934 
3057.474810  	79.923229 
3057.832116  	79.796114 
3058.189423  	79.354125 
3058.546730  	79.478158 
3058.904037  	79.866848 
3059.261344  	79.910921 
3059.618651  	79.835469 
3059.975958  	79.868767 
3060.333264  	80.023359 
3060.690571  	80.210705 
3061.047878  	80.470812 
3061.405185  	80.779609 
3061.762492  	81.109446 
3062.119799  	81.311131 
3062.477106  	81.126427 
3062.834412  	81.005988 
3063.191719  	81.066722 
3063.549026  	81.002161 
3063.906333  	80.950651 
3064.263640  	80.950307 
3064.620947  	80.947270 
3064.978254  	80.854361 
3065.335560  	80.992499 
3065.692867  	81.311220 
3066.050174  	81.140413 
3066.407481  	80.853801 
3066.764788  	80.849848 
3067.122095  	81.007480 
3067.479402  	81.161288 
3067.836708  	81.034074 
3068.194015  	81.052692 
3068.551322  	81.339758 
3068.908629  	81.351279 
3069.265936  	81.145977 
3069.623243  	81.213210 
3069.980550  	81.410674 
3070.337857  	81.343334 
3070.695163  	81.452399 
3071.052470  	81.640655 
3071.409777  	81.348633 
3071.767084  	81.048229 
3072.124391  	81.105699 
3072.481698  	81.195297 
3072.839005  	81.050758 
3073.196311  	80.988299 
3073.553618  	81.139459 
3073.910925  	81.243310 
3074.268232  	81.329469 
3074.625539  	81.216579 
3074.982846  	81.047640 
3075.340153  	81.063029 
3075.697459  	81.165455 
3076.054766  	81.389730 
3076.412073  	81.377199 
3076.769380  	81.293776 
3077.126687  	81.395998 
3077.483994  	81.351757 
3077.841301  	81.273422 
3078.198607  	81.131577 
3078.555914  	81.099871 
3078.913221  	81.292920 
3079.270528  	81.394223 
3079.627835  	81.493933 
3079.985142  	81.326442 
3080.342449  	80.965800 
3080.699755  	81.089205 
3081.057062  	81.417528 
3081.414369  	81.336490 
3081.771676  	81.112834 
3082.128983  	81.079267 
3082.486290  	80.976727 
3082.843597  	81.017070 
3083.200904  	81.299347 
3083.558210  	81.402058 
3083.915517  	81.333162 
3084.272824  	81.064403 
3084.630131  	80.905141 
3084.987438  	81.121184 
3085.344745  	81.223570 
3085.702052  	81.140104 
3086.059358  	81.124848 
3086.416665  	81.135395 
3086.773972  	81.050468 
3087.131279  	81.014116 
3087.488586  	80.986718 
3087.845893  	80.781019 
3088.203200  	80.728011 
3088.560506  	80.858042 
3088.917813  	80.958501 
3089.275120  	80.874121 
3089.632427  	80.623688 
3089.989734  	80.604376 
3090.347041  	80.700103 
3090.704348  	80.876184 
3091.061654  	81.106108 
3091.418961  	80.991963 
3091.776268  	80.791854 
3092.133575  	80.759043 
3092.490882  	80.682395 
3092.848189  	80.500777 
3093.205496  	80.616874 
3093.562802  	80.902356 
3093.920109  	80.754690 
3094.277416  	80.579972 
3094.634723  	80.491821 
3094.992030  	80.416554 
3095.349337  	80.718017 
3095.706644  	80.958924 
3096.063950  	80.715388 
3096.421257  	80.319417 
3096.778564  	80.615332 
3097.135871  	81.097427 
3097.493178  	80.639520 
3097.850485  	80.394254 
3098.207792  	80.766837 
3098.565099  	80.816893 
3098.922405  	80.753338 
3099.279712  	80.773924 
3099.637019  	80.875784 
3099.994326  	80.926110 
3100.351633  	80.890760 
3100.708940  	81.008711 
3101.066247  	80.965415 
3101.423553  	80.734639 
3101.780860  	80.611167 
3102.138167  	80.564980 
3102.495474  	80.590103 
3102.852781  	80.711502 
3103.210088  	80.805153 
3103.567395  	80.821704 
3103.924701  	80.875953 
3104.282008  	80.896369 
3104.639315  	80.852017 
3104.996622  	80.755085 
3105.353929  	80.740017 
3105.711236  	80.940264 
3106.068543  	80.950475 
3106.425849  	80.891043 
3106.783156  	81.044090 
3107.140463  	81.117734 
3107.497770  	81.070883 
3107.855077  	80.831119 
3108.212384  	80.606842 
3108.569691  	80.621159 
3108.926997  	80.613410 
3109.284304  	80.734701 
3109.641611  	80.966446 
3109.998918  	80.862737 
3110.356225  	80.482764 
3110.713532  	80.394002 
3111.070839  	80.768354 
3111.428146  	80.986429 
3111.785452  	80.773365 
3112.142759  	80.713209 
3112.500066  	80.996727 
3112.857373  	81.044884 
3113.214680  	80.850596 
3113.571987  	80.782509 
3113.929294  	80.750592 
3114.286600  	80.728023 
3114.643907  	80.604704 
3115.001214  	80.529761 
3115.358521  	80.756869 
3115.715828  	80.918598 
3116.073135  	80.845620 
3116.430442  	80.592894 
3116.787748  	80.470965 
3117.145055  	80.711330 
3117.502362  	80.950107 
3117.859669  	80.985992 
3118.216976  	80.820205 
3118.574283  	80.799175 
3118.931590  	80.902094 
3119.288896  	80.760125 
3119.646203  	80.790069 
3120.003510  	80.952720 
3120.360817  	80.974298 
3120.718124  	80.860357 
3121.075431  	80.527864 
3121.432738  	80.427292 
3121.790044  	80.680495 
3122.147351  	80.967254 
3122.504658  	80.975016 
3122.861965  	80.685604 
3123.219272  	80.670879 
3123.576579  	80.863523 
3123.933886  	80.962654 
3124.291193  	80.947785 
3124.648499  	80.752468 
3125.005806  	80.676700 
3125.363113  	80.787847 
3125.720420  	80.901830 
3126.077727  	80.940612 
3126.435034  	80.906246 
3126.792341  	80.936447 
3127.149647  	80.898941 
3127.506954  	80.734201 
3127.864261  	80.634264 
3128.221568  	80.618208 
3128.578875  	80.739418 
3128.936182  	81.031363 
3129.293489  	81.158454 
3129.650795  	80.935069 
3130.008102  	80.725239 
3130.365409  	80.747511 
3130.722716  	80.796049 
3131.080023  	80.652032 
3131.437330  	80.537989 
3131.794637  	80.620024 
3132.151943  	80.569332 
3132.509250  	80.625960 
3132.866557  	80.911351 
3133.223864  	80.907323 
3133.581171  	80.795479 
3133.938478  	80.795624 
3134.295785  	80.859712 
3134.653091  	80.971503 
3135.010398  	80.745299 
3135.367705  	80.267885 
3135.725012  	80.216465 
3136.082319  	80.671027 
3136.439626  	80.999185 
3136.796933  	81.031848 
3137.154240  	80.986356 
3137.511546  	80.824246 
3137.868853  	80.769809 
3138.226160  	80.846370 
3138.583467  	80.808728 
3138.940774  	80.810345 
3139.298081  	80.973952 
3139.655388  	81.143746 
3140.012694  	81.035334 
3140.370001  	80.815999 
3140.727308  	80.871375 
3141.084615  	81.024837 
3141.441922  	81.065826 
3141.799229  	81.011307 
3142.156536  	80.910401 
3142.513842  	80.860721 
3142.871149  	80.932985 
3143.228456  	81.010543 
3143.585763  	80.965807 
3143.943070  	80.875794 
3144.300377  	80.689592 
3144.657684  	80.608250 
3145.014990  	80.818744 
3145.372297  	80.892172 
3145.729604  	80.682205 
3146.086911  	80.480095 
3146.444218  	80.603587 
3146.801525  	80.879527 
3147.158832  	80.866386 
3147.516138  	80.761365 
3147.873445  	80.603337 
3148.230752  	80.361779 
3148.588059  	80.319977 
3148.945366  	80.353519 
3149.302673  	80.298547 
3149.659980  	80.171589 
3150.017287  	80.162753 
3150.374593  	80.460295 
3150.731900  	80.847041 
3151.089207  	80.979351 
3151.446514  	80.859309 
3151.803821  	80.771815 
3152.161128  	80.574087 
3152.518435  	80.366931 
3152.875741  	80.574795 
3153.233048  	80.854457 
3153.590355  	80.958288 
3153.947662  	80.919750 
3154.304969  	80.835785 
3154.662276  	80.867146 
3155.019583  	80.833050 
3155.376889  	80.868239 
3155.734196  	80.930005 
3156.091503  	80.940786 
3156.448810  	80.991403 
3156.806117  	80.725111 
3157.163424  	80.791910 
3157.520731  	81.355669 
3157.878037  	81.341288 
3158.235344  	81.126784 
3158.592651  	81.111892 
3158.949958  	81.184402 
3159.307265  	81.458273 
3159.664572  	81.283535 
3160.021879  	80.913620 
3160.379185  	81.142722 
3160.736492  	81.546250 
3161.093799  	81.693844 
3161.451106  	81.472489 
3161.808413  	81.229187 
3162.165720  	81.278586 
3162.523027  	81.075296 
3162.880334  	80.808773 
3163.237640  	80.892875 
3163.594947  	80.905998 
3163.952254  	80.867104 
3164.309561  	80.917581 
3164.666868  	81.133627 
3165.024175  	81.377757 
3165.381482  	81.127953 
3165.738788  	80.883088 
3166.096095  	80.922794 
3166.453402  	80.807935 
3166.810709  	80.914184 
3167.168016  	81.186584 
3167.525323  	81.189214 
3167.882630  	81.089443 
3168.239936  	80.992324 
3168.597243  	80.839185 
3168.954550  	80.496647 
3169.311857  	80.400966 
3169.669164  	80.835012 
3170.026471  	81.040024 
3170.383778  	80.937428 
3170.741084  	80.996054 
3171.098391  	81.110199 
3171.455698  	81.084904 
3171.813005  	80.952362 
3172.170312  	80.848839 
3172.527619  	80.758943 
3172.884926  	80.821949 
3173.242232  	80.906234 
3173.599539  	80.773386 
3173.956846  	80.942665 
3174.314153  	81.088577 
3174.671460  	80.718885 
3175.028767  	80.507505 
3175.386074  	80.459678 
3175.743380  	80.538358 
3176.100687  	80.872834 
3176.457994  	80.860854 
3176.815301  	80.656516 
3177.172608  	80.626285 
3177.529915  	80.587741 
3177.887222  	80.549567 
3178.244529  	80.288891 
3178.601835  	79.880134 
3178.959142  	79.948653 
3179.316449  	80.500728 
3179.673756  	80.898570 
3180.031063  	80.812463 
3180.388370  	80.650710 
3180.745677  	80.526855 
3181.102983  	80.185931 
3181.460290  	80.044809 
3181.817597  	80.139578 
3182.174904  	80.007408 
3182.532211  	79.868405 
3182.889518  	79.856398 
3183.246825  	79.786790 
3183.604131  	79.709333 
3183.961438  	79.877232 
3184.318745  	80.251674 
3184.676052  	80.143791 
3185.033359  	79.696375 
3185.390666  	79.646789 
3185.747973  	79.767608 
3186.105279  	79.842149 
3186.462586  	79.840901 
3186.819893  	79.705403 
3187.177200  	79.633092 
3187.534507  	79.563257 
3187.891814  	79.472589 
3188.249121  	79.384976 
3188.606427  	79.302538 
3188.963734  	79.338039 
3189.321041  	79.479664 
3189.678348  	79.731418 
3190.035655  	79.775154 
3190.392962  	79.564365 
3190.750269  	79.562433 
3191.107576  	79.619493 
3191.464882  	79.563911 
3191.822189  	79.512522 
3192.179496  	79.373856 
3192.536803  	79.125732 
3192.894110  	78.958955 
3193.251417  	79.064912 
3193.608724  	79.241832 
3193.966030  	79.284081 
3194.323337  	79.221274 
3194.680644  	79.056944 
3195.037951  	78.975417 
3195.395258  	79.075013 
3195.752565  	79.068032 
3196.109872  	78.770238 
3196.467178  	78.612948 
3196.824485  	78.762365 
3197.181792  	78.754948 
3197.539099  	78.726296 
3197.896406  	78.789469 
3198.253713  	78.689706 
3198.611020  	78.624677 
3198.968326  	78.547567 
3199.325633  	78.419370 
3199.682940  	78.680676 
3200.040247  	79.200061 
3200.397554  	79.325629 
3200.754861  	79.229128 
3201.112168  	79.410639 
3201.469474  	79.589003 
3201.826781  	79.745579 
3202.184088  	80.001759 
3202.541395  	80.047889 
3202.898702  	79.993755 
3203.256009  	79.986727 
3203.613316  	80.075161 
3203.970623  	80.313742 
3204.327929  	80.440103 
3204.685236  	80.326736 
3205.042543  	80.243353 
3205.399850  	80.467451 
3205.757157  	80.649325 
3206.114464  	80.613453 
3206.471771  	80.572764 
3206.829077  	80.394834 
3207.186384  	80.458141 
3207.543691  	80.707269 
3207.900998  	80.502101 
3208.258305  	80.394217 
3208.615612  	80.769042 
3208.972919  	80.995259 
3209.330225  	80.752262 
3209.687532  	80.624293 
3210.044839  	80.930684 
3210.402146  	80.937053 
3210.759453  	80.638723 
3211.116760  	80.576892 
3211.474067  	80.669996 
3211.831373  	80.926129 
3212.188680  	81.095397 
3212.545987  	81.000071 
3212.903294  	80.963987 
3213.260601  	80.933419 
3213.617908  	80.852148 
3213.975215  	80.695254 
3214.332521  	80.424096 
3214.689828  	80.532785 
3215.047135  	80.927635 
3215.404442  	80.996732 
3215.761749  	80.921346 
3216.119056  	80.902465 
3216.476363  	80.909792 
3216.833670  	81.120783 
3217.190976  	81.385101 
3217.548283  	81.490522 
3217.905590  	81.534601 
3218.262897  	81.576540 
3218.620204  	81.555579 
3218.977511  	81.405335 
3219.334818  	81.187392 
3219.692124  	81.038293 
3220.049431  	80.978293 
3220.406738  	80.881998 
3220.764045  	80.856334 
3221.121352  	81.135878 
3221.478659  	81.405190 
3221.835966  	81.298457 
3222.193272  	81.111285 
3222.550579  	81.109680 
3222.907886  	81.069649 
3223.265193  	81.093743 
3223.622500  	81.330195 
3223.979807  	81.346354 
3224.337114  	81.246102 
3224.694420  	81.282831 
3225.051727  	81.229862 
3225.409034  	81.143180 
3225.766341  	81.033492 
3226.123648  	81.021013 
3226.480955  	81.128911 
3226.838262  	81.145788 
3227.195568  	81.262096 
3227.552875  	81.222171 
3227.910182  	80.989055 
3228.267489  	80.958075 
3228.624796  	80.839915 
3228.982103  	80.657415 
3229.339410  	80.645125 
3229.696717  	80.780471 
3230.054023  	80.990383 
3230.411330  	80.989900 
3230.768637  	80.942936 
3231.125944  	81.066245 
3231.483251  	81.191833 
3231.840558  	81.234923 
3232.197865  	81.058144 
3232.555171  	80.868324 
3232.912478  	81.124459 
3233.269785  	81.438457 
3233.627092  	81.359638 
3233.984399  	81.304937 
3234.341706  	81.256209 
3234.699013  	81.110484 
3235.056319  	81.247972 
3235.413626  	81.367546 
3235.770933  	81.304129 
3236.128240  	81.240473 
3236.485547  	81.195380 
3236.842854  	81.272462 
3237.200161  	81.165348 
3237.557467  	81.008621 
3237.914774  	81.020205 
3238.272081  	80.867378 
3238.629388  	80.844922 
3238.986695  	81.129356 
3239.344002  	81.443962 
3239.701309  	81.518334 
3240.058615  	81.199109 
3240.415922  	80.863337 
3240.773229  	80.742236 
3241.130536  	80.851267 
3241.487843  	81.077672 
3241.845150  	81.141131 
3242.202457  	81.150540 
3242.559764  	81.097482 
3242.917070  	80.868804 
3243.274377  	80.914949 
3243.631684  	81.360909 
3243.988991  	81.482795 
3244.346298  	81.272271 
3244.703605  	81.329436 
3245.060912  	81.366594 
3245.418218  	81.187115 
3245.775525  	81.046328 
3246.132832  	81.060976 
3246.490139  	81.243962 
3246.847446  	81.365256 
3247.204753  	81.413914 
3247.562060  	81.331694 
3247.919366  	81.246483 
3248.276673  	81.403625 
3248.633980  	81.294218 
3248.991287  	81.147018 
3249.348594  	81.430293 
3249.705901  	81.500817 
3250.063208  	81.232638 
3250.420514  	81.143530 
3250.777821  	81.224375 
3251.135128  	81.194154 
3251.492435  	81.135942 
3251.849742  	81.156726 
3252.207049  	81.199367 
3252.564356  	81.253868 
3252.921662  	81.316201 
3253.278969  	81.470908 
3253.636276  	81.286333 
3253.993583  	80.978991 
3254.350890  	81.341389 
3254.708197  	81.447926 
3255.065504  	81.100798 
3255.422810  	81.125815 
3255.780117  	81.218736 
3256.137424  	81.382718 
3256.494731  	81.354774 
3256.852038  	80.952263 
3257.209345  	80.697339 
3257.566652  	80.493763 
3257.923959  	80.619137 
3258.281265  	80.938340 
3258.638572  	80.950620 
3258.995879  	81.156465 
3259.353186  	81.315304 
3259.710493  	81.211576 
3260.067800  	81.298827 
3260.425107  	81.249273 
3260.782413  	80.951728 
3261.139720  	80.619508 
3261.497027  	80.569157 
3261.854334  	80.961399 
3262.211641  	81.025204 
3262.568948  	81.057062 
3262.926255  	81.634463 
3263.283561  	81.689926 
3263.640868  	81.155329 
3263.998175  	80.867442 
3264.355482  	80.963213 
3264.712789  	81.301814 
3265.070096  	81.286184 
3265.427403  	80.983907 
3265.784709  	80.859994 
3266.142016  	80.761928 
3266.499323  	80.796563 
3266.856630  	80.892877 
3267.213937  	80.896399 
3267.571244  	80.934268 
3267.928551  	80.899149 
3268.285857  	80.769266 
3268.643164  	80.657283 
3269.000471  	80.716526 
3269.357778  	80.857322 
3269.715085  	80.934624 
3270.072392  	81.014494 
3270.429699  	81.000056 
3270.787006  	80.944470 
3271.144312  	80.756591 
3271.501619  	80.551762 
3271.858926  	80.691943 
3272.216233  	80.828483 
3272.573540  	80.958177 
3272.930847  	81.053585 
3273.288154  	80.813557 
3273.645460  	80.776873 
3274.002767  	80.936305 
3274.360074  	80.892133 
3274.717381  	80.827632 
3275.074688  	80.838785 
3275.431995  	81.003172 
3275.789302  	81.193600 
3276.146608  	81.176842 
3276.503915  	80.974418 
3276.861222  	80.706075 
3277.218529  	80.695402 
3277.575836  	81.000612 
3277.933143  	81.132730 
3278.290450  	80.954090 
3278.647756  	80.893231 
3279.005063  	80.813594 
3279.362370  	80.488422 
3279.719677  	80.485527 
3280.076984  	80.788006 
3280.434291  	80.841530 
3280.791598  	80.735714 
3281.148904  	80.721092 
3281.506211  	80.741339 
3281.863518  	80.600027 
3282.220825  	80.450262 
3282.578132  	80.535854 
3282.935439  	80.681101 
3283.292746  	80.835597 
3283.650053  	81.002900 
3284.007359  	81.027486 
3284.364666  	80.957349 
3284.721973  	80.876811 
3285.079280  	80.782392 
3285.436587  	80.738360 
3285.793894  	80.784318 
3286.151201  	80.803872 
3286.508507  	80.805785 
3286.865814  	80.871250 
3287.223121  	80.847335 
3287.580428  	80.806935 
3287.937735  	80.863051 
3288.295042  	80.802287 
3288.652349  	80.732292 
3289.009655  	80.780423 
3289.366962  	80.721905 
3289.724269  	80.599641 
3290.081576  	80.533496 
3290.438883  	80.449296 
3290.796190  	80.380568 
3291.153497  	80.364133 
3291.510803  	80.319837 
3291.868110  	80.329169 
3292.225417  	80.575107 
3292.582724  	80.738638 
3292.940031  	80.415692 
3293.297338  	80.063954 
3293.654645  	80.123576 
3294.011951  	80.264188 
3294.369258  	80.309971 
3294.726565  	80.419797 
3295.083872  	80.541575 
3295.441179  	80.571333 
3295.798486  	80.473940 
3296.155793  	80.174825 
3296.513100  	79.881229 
3296.870406  	79.918984 
3297.227713  	80.111443 
3297.585020  	80.130633 
3297.942327  	80.041845 
3298.299634  	79.952707 
3298.656941  	79.675774 
3299.014248  	79.399261 
3299.371554  	79.611892 
3299.728861  	79.949133 
3300.086168  	80.011249 
3300.443475  	80.059736 
3300.800782  	80.104723 
3301.158089  	80.079114 
3301.515396  	80.025878 
3301.872702  	80.072401 
3302.230009  	80.104801 
3302.587316  	79.933388 
3302.944623  	80.037890 
3303.301930  	80.098394 
3303.659237  	79.735497 
3304.016544  	79.701677 
3304.373850  	79.742846 
3304.731157  	79.574637 
3305.088464  	79.538286 
3305.445771  	79.486479 
3305.803078  	79.648390 
3306.160385  	79.874235 
3306.517692  	79.853167 
3306.874998  	79.874197 
3307.232305  	79.795700 
3307.589612  	79.676572 
3307.946919  	79.853843 
3308.304226  	80.131087 
3308.661533  	80.060287 
3309.018840  	79.647534 
3309.376147  	79.477737 
3309.733453  	79.591335 
3310.090760  	79.647457 
3310.448067  	79.678483 
3310.805374  	79.689775 
3311.162681  	79.670551 
3311.519988  	79.781779 
3311.877295  	79.967594 
3312.234601  	79.806185 
3312.591908  	79.501130 
3312.949215  	79.551671 
3313.306522  	79.556245 
3313.663829  	79.362661 
3314.021136  	79.404820 
3314.378443  	79.612184 
3314.735749  	79.662914 
3315.093056  	79.631136 
3315.450363  	79.751181 
3315.807670  	79.801600 
3316.164977  	79.729071 
3316.522284  	79.764593 
3316.879591  	79.816378 
3317.236897  	79.875494 
3317.594204  	79.887293 
3317.951511  	79.793672 
3318.308818  	79.715532 
3318.666125  	79.660342 
3319.023432  	79.603284 
3319.380739  	79.475822 
3319.738045  	79.457174 
3320.095352  	79.608396 
3320.452659  	79.566777 
3320.809966  	79.351160 
3321.167273  	79.329045 
3321.524580  	79.523655 
3321.881887  	79.594754 
3322.239194  	79.607711 
3322.596500  	79.593939 
3322.953807  	79.347258 
3323.311114  	79.245174 
3323.668421  	79.205263 
3324.025728  	79.214164 
3324.383035  	79.557410 
3324.740342  	79.530601 
3325.097648  	79.250330 
3325.454955  	79.236991 
3325.812262  	79.263419 
3326.169569  	79.386970 
3326.526876  	79.383211 
3326.884183  	79.340565 
3327.241490  	79.305695 
3327.598796  	78.962580 
3327.956103  	79.072130 
3328.313410  	79.438614 
3328.670717  	79.168094 
3329.028024  	78.928848 
3329.385331  	79.078468 
3329.742638  	79.272064 
3330.099944  	79.423558 
3330.457251  	79.336331 
3330.814558  	79.161384 
3331.171865  	79.038675 
3331.529172  	78.816258 
3331.886479  	78.729860 
3332.243786  	78.781290 
3332.601092  	78.862759 
3332.958399  	79.106139 
3333.315706  	79.171857 
3333.673013  	79.005771 
3334.030320  	78.872597 
3334.387627  	78.741663 
3334.744934  	78.750225 
3335.102240  	78.779413 
3335.459547  	78.753504 
3335.816854  	78.790767 
3336.174161  	78.669700 
3336.531468  	78.646843 
3336.888775  	78.902820 
3337.246082  	78.892122 
3337.603389  	78.569841 
3337.960695  	78.432518 
3338.318002  	78.480744 
3338.675309  	78.401520 
3339.032616  	78.344878 
3339.389923  	78.462316 
3339.747230  	78.515598 
3340.104537  	78.450155 
3340.461843  	78.374814 
3340.819150  	78.270968 
3341.176457  	78.183046 
3341.533764  	78.271575 
3341.891071  	78.312204 
3342.248378  	78.152704 
3342.605685  	78.091912 
3342.962991  	78.072294 
3343.320298  	78.185761 
3343.677605  	78.479141 
3344.034912  	78.356296 
3344.392219  	77.999478 
3344.749526  	78.032503 
3345.106833  	78.151293 
3345.464139  	78.005063 
3345.821446  	77.882503 
3346.178753  	77.759685 
3346.536060  	77.597056 
3346.893367  	77.726660 
3347.250674  	77.710454 
3347.607981  	77.486428 
3347.965287  	77.628758 
3348.322594  	77.637856 
3348.679901  	77.294122 
3349.037208  	77.177639 
3349.394515  	77.364864 
3349.751822  	77.475018 
3350.109129  	77.317288 
3350.466436  	77.170198 
3350.823742  	77.284109 
3351.181049  	77.642538 
3351.538356  	77.694192 
3351.895663  	77.209073 
3352.252970  	76.915696 
3352.610277  	76.874323 
3352.967584  	76.854608 
3353.324890  	76.798473 
3353.682197  	76.589095 
3354.039504  	76.499044 
3354.396811  	76.326393 
3354.754118  	76.177630 
3355.111425  	76.346723 
3355.468732  	76.352375 
3355.826038  	76.347606 
3356.183345  	76.317417 
3356.540652  	75.969537 
3356.897959  	75.856372 
3357.255266  	75.944618 
3357.612573  	75.747544 
3357.969880  	75.549641 
3358.327186  	75.581684 
3358.684493  	75.416240 
3359.041800  	75.216897 
3359.399107  	75.354824 
3359.756414  	75.280501 
3360.113721  	75.025831 
3360.471028  	74.934422 
3360.828334  	74.754015 
3361.185641  	74.648295 
3361.542948  	74.555798 
3361.900255  	74.234590 
3362.257562  	74.099376 
3362.614869  	74.249160 
3362.972176  	74.246187 
3363.329483  	73.934039 
3363.686789  	73.584321 
3364.044096  	73.389257 
3364.401403  	73.182040 
3364.758710  	72.935785 
3365.116017  	72.691827 
3365.473324  	72.307770 
3365.830631  	72.083959 
3366.187937  	72.054038 
3366.545244  	71.797144 
3366.902551  	71.584723 
3367.259858  	71.336702 
3367.617165  	70.889978 
3367.974472  	70.672033 
3368.331779  	70.300185 
3368.689085  	69.769964 
3369.046392  	69.592170 
3369.403699  	69.434023 
3369.761006  	69.081555 
3370.118313  	68.575406 
3370.475620  	68.150537 
3370.832927  	67.925849 
3371.190233  	67.510882 
3371.547540  	66.812004 
3371.904847  	65.959767 
3372.262154  	65.324842 
3372.619461  	64.971123 
3372.976768  	64.375553 
3373.334075  	63.654027 
3373.691381  	63.010814 
3374.048688  	62.260175 
3374.405995  	61.459226 
3374.763302  	60.702567 
3375.120609  	59.986777 
3375.477916  	59.142601 
3375.835223  	57.970607 
3376.192530  	56.669441 
3376.549836  	55.588202 
3376.907143  	54.515227 
3377.264450  	53.232944 
3377.621757  	52.235150 
3377.979064  	51.298700 
3378.336371  	49.756795 
3378.693678  	48.194156 
3379.050984  	46.949733 
3379.408291  	45.605316 
3379.765598  	44.322111 
3380.122905  	43.125910 
3380.480212  	41.927250 
3380.837519  	40.972072 
3381.194826  	40.178675 
3381.552132  	39.529890 
3381.909439  	39.180029 
3382.266746  	39.164612 
3382.624053  	39.555465 
3382.981360  	40.287705 
3383.338667  	41.287091 
3383.695974  	42.721457 
3384.053280  	44.733633 
3384.410587  	46.930200 
3384.767894  	49.250567 
3385.125201  	52.063754 
3385.482508  	54.779296 
3385.839815  	57.114059 
3386.197122  	59.453439 
3386.554428  	61.662131 
3386.911735  	63.826242 
3387.269042  	66.042586 
3387.626349  	68.073051 
3387.983656  	69.835998 
3388.340963  	71.284137 
3388.698270  	72.475823 
3389.055577  	73.497271 
3389.412883  	74.524230 
3389.770190  	75.639240 
3390.127497  	76.597061 
3390.484804  	77.330517 
3390.842111  	77.806476 
3391.199418  	78.216695 
3391.556725  	78.866899 
3391.914031  	79.339787 
3392.271338  	79.428490 
3392.628645  	79.573935 
3392.985952  	79.813478 
3393.343259  	80.009545 
3393.700566  	80.427525 
3394.057873  	80.922272 
3394.415179  	81.095739 
3394.772486  	81.261964 
3395.129793  	81.445887 
3395.487100  	81.398443 
3395.844407  	81.530188 
3396.201714  	81.937065 
3396.559021  	82.200006 
3396.916327  	82.100653 
3397.273634  	81.998522 
3397.630941  	82.169006 
3397.988248  	82.245102 
3398.345555  	82.103309 
3398.702862  	81.924878 
3399.060169  	82.131121 
3399.417475  	82.547362 
3399.774782  	82.328944 
3400.132089  	82.066781 
3400.489396  	82.271029 
3400.846703  	82.430226 
3401.204010  	82.737101 
3401.561317  	83.009283 
3401.918624  	82.685370 
3402.275930  	82.217785 
3402.633237  	82.276848 
3402.990544  	82.617714 
3403.347851  	82.644053 
3403.705158  	82.469686 
3404.062465  	82.370291 
3404.419772  	82.407237 
3404.777078  	82.409020 
3405.134385  	82.218090 
3405.491692  	82.142518 
3405.848999  	82.139689 
3406.206306  	82.173515 
3406.563613  	82.443844 
3406.920920  	82.511848 
3407.278226  	82.193240 
3407.635533  	81.951270 
3407.992840  	81.988433 
3408.350147  	82.074308 
3408.707454  	82.131510 
3409.064761  	82.242474 
3409.422068  	82.222013 
3409.779374  	82.077837 
3410.136681  	81.997547 
3410.493988  	81.973942 
3410.851295  	81.998657 
3411.208602  	82.121386 
3411.565909  	82.313132 
3411.923216  	82.322614 
3412.280522  	82.078368 
3412.637829  	81.839751 
3412.995136  	81.787676 
3413.352443  	81.838375 
3413.709750  	81.820442 
3414.067057  	81.857638 
3414.424364  	81.865804 
3414.781671  	81.608850 
3415.138977  	81.482401 
3415.496284  	81.728857 
3415.853591  	81.836752 
3416.210898  	81.624990 
3416.568205  	81.563119 
3416.925512  	81.555125 
3417.282819  	81.427062 
3417.640125  	81.477372 
3417.997432  	81.476070 
3418.354739  	81.532839 
3418.712046  	81.807483 
3419.069353  	81.745811 
3419.426660  	81.432112 
3419.783967  	81.207498 
3420.141273  	81.282533 
3420.498580  	81.484781 
3420.855887  	81.319601 
3421.213194  	81.221450 
3421.570501  	81.317223 
3421.927808  	81.265744 
3422.285115  	81.171454 
3422.642421  	81.017889 
3422.999728  	80.956476 
3423.357035  	81.036130 
3423.714342  	81.116678 
3424.071649  	81.210704 
3424.428956  	81.219338 
3424.786263  	81.102217 
3425.143569  	80.830212 
3425.500876  	80.617404 
3425.858183  	80.698402 
3426.215490  	80.856555 
3426.572797  	80.812117 
3426.930104  	80.536411 
3427.287411  	80.387014 
3427.644717  	80.344718 
3428.002024  	80.163377 
3428.359331  	80.158061 
3428.716638  	80.253303 
3429.073945  	80.261543 
3429.431252  	80.351426 
3429.788559  	80.354530 
3430.145866  	80.207116 
3430.503172  	80.114803 
3430.860479  	80.192132 
3431.217786  	80.309084 
3431.575093  	80.198630 
3431.932400  	80.015986 
3432.289707  	80.072600 
3432.647014  	80.194711 
3433.004320  	79.973864 
3433.361627  	79.658883 
3433.718934  	79.892694 
3434.076241  	80.283502 
3434.433548  	80.151806 
3434.790855  	79.921065 
3435.148162  	79.832569 
3435.505468  	79.686794 
3435.862775  	79.682675 
3436.220082  	79.662428 
3436.577389  	79.533615 
3436.934696  	79.591498 
3437.292003  	79.550669 
3437.649310  	79.415995 
3438.006616  	79.557202 
3438.363923  	79.563286 
3438.721230  	79.237938 
3439.078537  	79.131977 
3439.435844  	79.265681 
3439.793151  	79.265568 
3440.150458  	79.293905 
3440.507764  	79.290293 
3440.865071  	79.072898 
3441.222378  	79.067991 
3441.579685  	79.238049 
3441.936992  	79.205053 
3442.294299  	78.936862 
3442.651606  	78.568573 
3443.008913  	78.439067 
3443.366219  	78.359513 
3443.723526  	78.090060 
3444.080833  	77.972823 
3444.438140  	77.956036 
3444.795447  	77.925318 
3445.152754  	78.059655 
3445.510061  	78.307750 
3445.867367  	78.408318 
3446.224674  	78.182488 
3446.581981  	77.961376 
3446.939288  	78.022089 
3447.296595  	77.866825 
3447.653902  	77.331745 
3448.011209  	77.141294 
3448.368515  	77.186398 
3448.725822  	76.868568 
3449.083129  	76.731852 
3449.440436  	77.033724 
3449.797743  	77.017933 
3450.155050  	76.612767 
3450.512357  	76.334537 
3450.869663  	76.435113 
3451.226970  	76.639905 
3451.584277  	76.491461 
3451.941584  	76.149091 
3452.298891  	75.915035 
3452.656198  	75.717254 
3453.013505  	75.501156 
3453.370811  	75.369030 
3453.728118  	75.289526 
3454.085425  	75.318350 
3454.442732  	75.543681 
3454.800039  	75.279282 
3455.157346  	74.532118 
3455.514653  	74.328923 
3455.871960  	74.253696 
3456.229266  	73.934253 
3456.586573  	74.003683 
3456.943880  	73.928031 
3457.301187  	73.502276 
3457.658494  	73.441935 
3458.015801  	73.403810 
3458.373108  	72.946423 
3458.730414  	72.569850 
3459.087721  	72.576799 
3459.445028  	72.467394 
3459.802335  	72.074737 
3460.159642  	71.811779 
3460.516949  	71.517306 
3460.874256  	71.012879 
3461.231562  	70.429304 
3461.588869  	69.859207 
3461.946176  	69.767550 
3462.303483  	69.909022 
3462.660790  	69.489817 
3463.018097  	68.821300 
3463.375404  	68.309467 
3463.732710  	67.876990 
3464.090017  	67.634734 
3464.447324  	67.403352 
3464.804631  	66.810209 
3465.161938  	66.009419 
3465.519245  	65.376347 
3465.876552  	64.971381 
3466.233858  	64.619842 
3466.591165  	64.105212 
3466.948472  	63.429295 
3467.305779  	62.810892 
3467.663086  	62.154399 
3468.020393  	61.349407 
3468.377700  	60.752570 
3468.735007  	60.322997 
3469.092313  	59.514402 
3469.449620  	58.587090 
3469.806927  	58.159546 
3470.164234  	57.891293 
3470.521541  	57.306037 
3470.878848  	56.680163 
3471.236155  	56.318511 
3471.593461  	56.110471 
3471.950768  	55.873963 
3472.308075  	55.538021 
3472.665382  	55.213433 
3473.022689  	55.225521 
3473.379996  	55.563844 
3473.737303  	55.979896 
3474.094609  	56.463829 
3474.451916  	56.975750 
3474.809223  	57.545661 
3475.166530  	58.209185 
3475.523837  	59.114909 
3475.881144  	60.494975 
3476.238451  	61.918905 
3476.595757  	63.168543 
3476.953064  	64.362304 
3477.310371  	65.375526 
3477.667678  	66.398979 
3478.024985  	67.526658 
3478.382292  	68.972691 
3478.739599  	70.520853 
3479.096905  	71.336376 
3479.454212  	72.060523 
3479.811519  	73.119102 
3480.168826  	73.925683 
3480.526133  	74.885109 
3480.883440  	75.914694 
3481.240747  	76.447441 
3481.598054  	76.952527 
3481.955360  	77.751368 
3482.312667  	78.360278 
3482.669974  	78.595088 
3483.027281  	78.965955 
3483.384588  	79.359460 
3483.741895  	79.539151 
3484.099202  	79.926129 
3484.456508  	80.477341 
3484.813815  	80.959330 
3485.171122  	81.341228 
3485.528429  	81.538382 
3485.885736  	81.666102 
3486.243043  	81.854615 
3486.600350  	82.052551 
3486.957656  	82.137280 
3487.314963  	82.335024 
3487.672270  	82.755788 
3488.029577  	82.813876 
3488.386884  	82.471814 
3488.744191  	82.476002 
3489.101498  	82.903722 
3489.458804  	83.219495 
3489.816111  	83.370254 
3490.173418  	83.528379 
3490.530725  	83.652611 
3490.888032  	83.720032 
3491.245339  	83.670771 
3491.602646  	83.555522 
3491.959952  	83.492768 
3492.317259  	83.609409 
3492.674566  	83.862130 
3493.031873  	83.821167 
3493.389180  	83.758689 
3493.746487  	84.018120 
3494.103794  	84.180099 
3494.461101  	84.291295 
3494.818407  	84.391875 
3495.175714  	84.242831 
3495.533021  	84.034147 
3495.890328  	83.990460 
3496.247635  	84.096363 
3496.604942  	84.145904 
3496.962249  	84.083987 
3497.319555  	84.032061 
3497.676862  	84.193372 
3498.034169  	84.423529 
3498.391476  	84.369828 
3498.748783  	84.365260 
3499.106090  	84.362570 
3499.463397  	84.106251 
3499.820703  	84.018063 
3500.178010  	84.115295 
3500.535317  	84.337510 
3500.892624  	84.515651 
3501.249931  	84.419780 
3501.607238  	84.349140 
3501.964545  	84.333318 
3502.321851  	84.329952 
3502.679158  	84.247751 
3503.036465  	84.054909 
3503.393772  	83.927553 
3503.751079  	83.771349 
3504.108386  	83.795649 
3504.465693  	83.791931 
3504.822999  	83.704879 
3505.180306  	84.070996 
3505.537613  	84.291908 
3505.894920  	84.097147 
3506.252227  	84.052642 
3506.609534  	84.131512 
3506.966841  	84.189070 
3507.324147  	84.103710 
3507.681454  	84.101298 
3508.038761  	84.357534 
3508.396068  	84.389321 
3508.753375  	84.232757 
3509.110682  	84.255887 
3509.467989  	84.081384 
3509.825296  	83.520655 
3510.182602  	83.264536 
3510.539909  	83.503976 
3510.897216  	83.764573 
3511.254523  	83.840679 
3511.611830  	83.716764 
3511.969137  	83.677193 
3512.326444  	83.833658 
3512.683750  	83.996778 
3513.041057  	84.123374 
3513.398364  	83.957051 
3513.755671  	83.652407 
3514.112978  	83.683295 
3514.470285  	83.887607 
3514.827592  	84.012424 
3515.184898  	84.025307 
3515.542205  	84.053942 
3515.899512  	84.085938 
3516.256819  	83.921162 
3516.614126  	83.725079 
3516.971433  	83.689900 
3517.328740  	83.814468 
3517.686046  	83.848593 
3518.043353  	83.572151 
3518.400660  	83.521211 
3518.757967  	83.805594 
3519.115274  	83.691429 
3519.472581  	83.277669 
3519.829888  	83.295816 
3520.187194  	83.773740 
3520.544501  	84.071299 
3520.901808  	83.815696 
3521.259115  	83.510416 
3521.616422  	83.613340 
3521.973729  	83.864576 
3522.331036  	84.096386 
3522.688343  	84.313157 
3523.045649  	84.195319 
3523.402956  	83.676733 
3523.760263  	83.411160 
3524.117570  	83.569686 
3524.474877  	83.490313 
3524.832184  	83.214484 
3525.189491  	83.301325 
3525.546797  	83.601638 
3525.904104  	83.651336 
3526.261411  	83.549594 
3526.618718  	83.762137 
3526.976025  	83.866233 
3527.333332  	83.534641 
3527.690639  	83.430432 
3528.047945  	83.386944 
3528.405252  	83.449342 
3528.762559  	83.959106 
3529.119866  	83.733774 
3529.477173  	82.953972 
3529.834480  	83.017978 
3530.191787  	83.363399 
3530.549093  	83.484167 
3530.906400  	83.640731 
3531.263707  	83.594937 
3531.621014  	83.424055 
3531.978321  	83.385969 
3532.335628  	83.447713 
3532.692935  	83.635799 
3533.050241  	83.657025 
3533.407548  	83.384140 
3533.764855  	83.413554 
3534.122162  	83.685471 
3534.479469  	83.676630 
3534.836776  	83.788065 
3535.194083  	84.045755 
3535.551390  	83.854283 
3535.908696  	83.625173 
3536.266003  	83.776566 
3536.623310  	83.624122 
3536.980617  	82.966721 
3537.337924  	82.801450 
3537.695231  	83.295676 
3538.052538  	83.457308 
3538.409844  	83.328053 
3538.767151  	83.519336 
3539.124458  	83.673494 
3539.481765  	83.671201 
3539.839072  	83.625339 
3540.196379  	83.415398 
3540.553686  	83.389270 
3540.910992  	83.609468 
3541.268299  	83.778703 
3541.625606  	83.788332 
3541.982913  	83.710145 
3542.340220  	83.803111 
3542.697527  	83.897349 
3543.054834  	83.674332 
3543.412140  	83.299866 
3543.769447  	83.270809 
3544.126754  	83.532042 
3544.484061  	83.409855 
3544.841368  	83.309079 
3545.198675  	83.361010 
3545.555982  	82.779196 
3545.913288  	82.409757 
3546.270595  	82.961593 
3546.627902  	83.772329 
3546.985209  	84.070991 
3547.342516  	83.333791 
3547.699823  	82.678109 
3548.057130  	82.991052 
3548.414437  	83.347913 
3548.771743  	83.290990 
3549.129050  	83.338935 
3549.486357  	83.620596 
3549.843664  	83.586361 
3550.200971  	83.444278 
3550.558278  	83.529684 
3550.915585  	83.443923 
3551.272891  	83.336509 
3551.630198  	83.573394 
3551.987505  	83.838429 
3552.344812  	83.427847 
3552.702119  	82.744528 
3553.059426  	82.983858 
3553.416733  	83.493040 
3553.774039  	83.414774 
3554.131346  	83.104465 
3554.488653  	82.940255 
3554.845960  	83.031867 
3555.203267  	83.169445 
3555.560574  	83.218160 
3555.917881  	83.184377 
3556.275187  	83.231431 
3556.632494  	83.550010 
3556.989801  	83.635342 
3557.347108  	83.337535 
3557.704415  	83.273206 
3558.061722  	83.484622 
3558.419029  	83.480322 
3558.776335  	83.355270 
3559.133642  	83.316903 
3559.490949  	83.030768 
3559.848256  	82.989932 
3560.205563  	83.427999 
3560.562870  	83.503401 
3560.920177  	83.495952 
3561.277484  	83.551654 
3561.634790  	83.318366 
3561.992097  	83.273897 
3562.349404  	83.564339 
3562.706711  	83.681592 
3563.064018  	83.441648 
3563.421325  	83.582839 
3563.778632  	84.029178 
3564.135938  	83.920341 
3564.493245  	83.905799 
3564.850552  	84.255270 
3565.207859  	84.613513 
3565.565166  	84.832889 
3565.922473  	84.051168 
3566.279780  	83.068181 
3566.637086  	83.058328 
3566.994393  	82.786473 
3567.351700  	82.781189 
3567.709007  	84.047748 
3568.066314  	84.577834 
3568.423621  	82.835730 
3568.780928  	81.103865 
3569.138234  	81.676270 
3569.495541  	82.971333 
3569.852848  	83.660057 
3570.210155  	83.738498 
3570.567462  	83.516372 
3570.924769  	83.369515 
3571.282076  	83.462022 
3571.639382  	83.632701 
3571.996689  	83.741145 
3572.353996  	83.531803 
3572.711303  	83.227002 
3573.068610  	83.413979 
3573.425917  	83.658270 
3573.783224  	83.757555 
3574.140531  	83.980927 
3574.497837  	83.889609 
3574.855144  	83.782083 
3575.212451  	83.848306 
3575.569758  	83.670398 
3575.927065  	83.607013 
3576.284372  	83.647180 
3576.641679  	83.696157 
3576.998985  	83.792467 
3577.356292  	83.648907 
3577.713599  	83.496559 
3578.070906  	83.412191 
3578.428213  	83.507318 
3578.785520  	83.792261 
3579.142827  	83.636228 
3579.500133  	83.357277 
3579.857440  	83.288973 
3580.214747  	82.937829 
3580.572054  	82.802221 
3580.929361  	83.290960 
3581.286668  	83.551574 
3581.643975  	83.356248 
3582.001281  	83.387106 
3582.358588  	83.696275 
3582.715895  	83.863125 
3583.073202  	83.836337 
3583.430509  	83.791075 
3583.787816  	83.799096 
3584.145123  	83.605292 
3584.502429  	83.374698 
3584.859736  	83.580787 
3585.217043  	83.954768 
3585.574350  	84.355000 
3585.931657  	84.938536 
3586.288964  	85.154977 
3586.646271  	84.183311 
3587.003577  	82.129997 
3587.360884  	81.356759 
3587.718191  	82.807738 
3588.075498  	84.140494 
3588.432805  	84.381546 
3588.790112  	83.406782 
3589.147419  	81.495497 
3589.504726  	81.196542 
3589.862032  	82.355738 
3590.219339  	83.022241 
3590.576646  	83.458182 
3590.933953  	83.811142 
3591.291260  	83.762821 
3591.648567  	83.655465 
3592.005874  	83.761834 
3592.363180  	83.902062 
3592.720487  	83.750587 
3593.077794  	83.589126 
3593.435101  	83.360476 
3593.792408  	83.159883 
3594.149715  	83.642885 
3594.507022  	83.977802 
3594.864328  	84.142412 
3595.221635  	84.251847 
3595.578942  	83.238455 
3595.936249  	82.377405 
3596.293556  	82.517886 
3596.650863  	82.698922 
3597.008170  	83.306482 
3597.365476  	83.934711 
3597.722783  	83.874222 
3598.080090  	83.448147 
3598.437397  	82.969638 
3598.794704  	82.823882 
3599.152011  	83.162109 
3599.509318  	83.556267 
3599.866624  	83.671421 
3600.223931  	83.661558 
3600.581238  	83.630532 
3600.938545  	83.593153 
3601.295852  	83.272006 
3601.653159  	82.516917 
3602.010466  	82.782479 
3602.367773  	83.768200 
3602.725079  	83.644687 
3603.082386  	83.166535 
3603.439693  	83.189988 
3603.797000  	83.194829 
3604.154307  	83.321650 
3604.511614  	83.567190 
3604.868921  	83.634148 
3605.226227  	83.512705 
3605.583534  	83.590988 
3605.940841  	83.815613 
3606.298148  	83.730930 
3606.655455  	83.987419 
3607.012762  	84.415825 
3607.370069  	83.483378 
3607.727375  	82.456253 
3608.084682  	83.289538 
3608.441989  	84.468496 
3608.799296  	84.830079 
3609.156603  	84.572758 
3609.513910  	82.728694 
3609.871217  	80.644676 
3610.228523  	81.301263 
3610.585830  	82.477554 
3610.943137  	83.121549 
3611.300444  	83.894078 
3611.657751  	84.386709 
3612.015058  	84.832532 
3612.372365  	85.037112 
3612.729671  	83.618169 
3613.086978  	81.571799 
3613.444285  	81.419889 
3613.801592  	82.723808 
3614.158899  	83.613545 
3614.516206  	83.670045 
3614.873513  	83.013131 
3615.230820  	81.843787 
3615.588126  	81.831443 
3615.945433  	82.930371 
3616.302740  	83.769167 
3616.660047  	84.283300 
3617.017354  	84.274075 
3617.374661  	84.130520 
3617.731968  	84.206464 
3618.089274  	83.127801 
3618.446581  	82.045832 
3618.803888  	82.540003 
3619.161195  	83.692133 
3619.518502  	84.491672 
3619.875809  	82.751706 
3620.233116  	80.288665 
3620.590422  	81.325916 
3620.947729  	82.884807 
3621.305036  	82.752870 
3621.662343  	82.243747 
3622.019650  	82.584011 
3622.376957  	83.013841 
3622.734264  	82.856595 
3623.091570  	83.062236 
3623.448877  	83.327004 
3623.806184  	82.800197 
3624.163491  	82.578870 
3624.520798  	83.038436 
3624.878105  	83.441386 
3625.235412  	83.291567 
3625.592718  	82.830142 
3625.950025  	83.075026 
3626.307332  	83.591086 
3626.664639  	83.388135 
3627.021946  	83.451592 
3627.379253  	84.227647 
3627.736560  	85.009082 
3628.093867  	86.105140 
3628.451173  	86.076622 
3628.808480  	82.427485 
3629.165787  	80.889065 
3629.523094  	82.758877 
3629.880401  	80.901992 
3630.237708  	78.372207 
3630.595015  	80.144203 
3630.952321  	82.049688 
3631.309628  	82.079709 
3631.666935  	82.200136 
3632.024242  	83.038914 
3632.381549  	83.419481 
3632.738856  	83.631431 
3633.096163  	83.631826 
3633.453469  	83.395416 
3633.810776  	83.687904 
3634.168083  	82.949224 
3634.525390  	81.571497 
3634.882697  	82.052581 
3635.240004  	82.947616 
3635.597311  	83.126854 
3635.954617  	83.034700 
3636.311924  	82.969772 
3636.669231  	83.115527 
3637.026538  	82.983957 
3637.383845  	82.744209 
3637.741152  	82.983441 
3638.098459  	83.062049 
3638.455765  	82.639638 
3638.813072  	82.365485 
3639.170379  	82.650938 
3639.527686  	83.052401 
3639.884993  	83.015356 
3640.242300  	82.866478 
3640.599607  	83.038281 
3640.956914  	83.276204 
3641.314220  	83.267541 
3641.671527  	83.226697 
3642.028834  	83.455807 
3642.386141  	83.392173 
3642.743448  	82.650292 
3643.100755  	82.186212 
3643.458062  	82.455736 
3643.815368  	82.860978 
3644.172675  	83.134900 
3644.529982  	83.258215 
3644.887289  	83.314303 
3645.244596  	83.508611 
3645.601903  	83.685520 
3645.959210  	83.922848 
3646.316516  	84.429444 
3646.673823  	84.558332 
3647.031130  	84.062005 
3647.388437  	83.229124 
3647.745744  	81.437576 
3648.103051  	80.827122 
3648.460358  	83.094731 
3648.817664  	84.830946 
3649.174971  	84.435747 
3649.532278  	82.661816 
3649.889585  	80.421125 
3650.246892  	81.075557 
3650.604199  	83.214937 
3650.961506  	83.048943 
3651.318812  	80.953663 
3651.676119  	79.492603 
3652.033426  	79.619323 
3652.390733  	81.170600 
3652.748040  	82.522967 
3653.105347  	82.905290 
3653.462654  	82.874247 
3653.819961  	82.838456 
3654.177267  	82.847366 
3654.534574  	83.100870 
3654.891881  	83.700425 
3655.249188  	84.240569 
3655.606495  	84.564582 
3655.963802  	84.935588 
3656.321109  	83.973283 
3656.678415  	80.859820 
3657.035722  	79.642095 
3657.393029  	81.193037 
3657.750336  	82.507235 
3658.107643  	83.042718 
3658.464950  	82.963356 
3658.822257  	82.857843 
3659.179563  	83.057381 
3659.536870  	83.075010 
3659.894177  	83.253337 
3660.251484  	83.479825 
3660.608791  	83.408368 
3660.966098  	83.494925 
3661.323405  	83.443273 
3661.680711  	83.188871 
3662.038018  	83.079017 
3662.395325  	83.102437 
3662.752632  	83.154780 
3663.109939  	83.000714 
3663.467246  	82.943790 
3663.824553  	83.084654 
3664.181859  	83.111206 
3664.539166  	83.051064 
3664.896473  	82.898413 
3665.253780  	82.749006 
3665.611087  	82.638618 
3665.968394  	82.774764 
3666.325701  	83.139121 
3666.683008  	83.002310 
3667.040314  	82.654012 
3667.397621  	83.066763 
3667.754928  	84.015541 
3668.112235  	84.597623 
3668.469542  	84.927969 
3668.826849  	84.613455 
3669.184156  	82.570267 
3669.541462  	81.602885 
3669.898769  	82.994714 
3670.256076  	84.227661 
3670.613383  	84.590134 
3670.970690  	82.076252 
3671.327997  	78.083666 
3671.685304  	78.597975 
3672.042610  	80.916278 
3672.399917  	81.821746 
3672.757224  	81.938842 
3673.114531  	82.490209 
3673.471838  	83.271102 
3673.829145  	83.953752 
3674.186452  	85.009125 
3674.543758  	86.064984 
3674.901065  	85.733384 
3675.258372  	82.985746 
3675.615679  	80.310105 
3675.972986  	80.452836 
3676.330293  	79.540703 
3676.687600  	78.132921 
3677.044906  	79.766724 
3677.402213  	81.793753 
3677.759520  	82.146656 
3678.116827  	82.364185 
3678.474134  	83.336174 
3678.831441  	83.721681 
3679.188748  	83.638674 
3679.546054  	83.242852 
3679.903361  	81.965342 
3680.260668  	81.451308 
3680.617975  	82.089977 
3680.975282  	82.547670 
3681.332589  	82.665495 
3681.689896  	82.896268 
3682.047203  	83.228877 
3682.404509  	82.999763 
3682.761816  	82.735950 
3683.119123  	83.072866 
3683.476430  	83.239512 
3683.833737  	83.151859 
3684.191044  	83.013990 
3684.548351  	82.785866 
3684.905657  	82.700985 
3685.262964  	82.752879 
3685.620271  	82.932089 
3685.977578  	83.137505 
3686.334885  	83.305465 
3686.692192  	83.415001 
3687.049499  	83.725104 
3687.406805  	84.588822 
3687.764112  	85.400958 
3688.121419  	85.798882 
3688.478726  	84.508083 
3688.836033  	79.857673 
3689.193340  	77.724057 
3689.550647  	80.196799 
3689.907953  	82.729859 
3690.265260  	84.031882 
3690.622567  	84.201897 
3690.979874  	83.708692 
3691.337181  	83.019320 
3691.694488  	81.187805 
3692.051795  	79.944724 
3692.409101  	81.141318 
3692.766408  	82.196197 
3693.123715  	82.328113 
3693.481022  	82.598154 
3693.838329  	82.750872 
3694.195636  	82.933810 
3694.552943  	83.140510 
3694.910250  	83.004855 
3695.267556  	83.055560 
3695.624863  	83.041417 
3695.982170  	82.963938 
3696.339477  	83.052248 
3696.696784  	82.767076 
3697.054091  	82.478305 
3697.411398  	82.678214 
3697.768704  	83.136679 
3698.126011  	83.264490 
3698.483318  	82.733557 
3698.840625  	82.370978 
3699.197932  	82.653688 
3699.555239  	83.021797 
3699.912546  	83.006618 
3700.269852  	83.074264 
3700.627159  	83.757697 
3700.984466  	84.328624 
3701.341773  	84.521171 
3701.699080  	84.351596 
3702.056387  	82.646031 
3702.413694  	80.678439 
3702.771000  	81.068418 
3703.128307  	82.404032 
3703.485614  	82.953321 
3703.842921  	82.980234 
3704.200228  	83.130875 
3704.557535  	83.222729 
3704.914842  	83.239234 
3705.272148  	83.269856 
3705.629455  	83.042573 
3705.986762  	82.918704 
3706.344069  	83.201169 
3706.701376  	83.281616 
3707.058683  	83.073325 
3707.415990  	83.078024 
3707.773297  	83.373097 
3708.130603  	83.816793 
3708.487910  	84.108819 
3708.845217  	84.284804 
3709.202524  	84.373394 
3709.559831  	83.142083 
3709.917138  	81.038858 
3710.274445  	81.027823 
3710.631751  	82.815308 
3710.989058  	84.370290 
3711.346365  	84.813339 
3711.703672  	84.780603 
3712.060979  	84.727380 
3712.418286  	82.357915 
3712.775593  	79.021180 
3713.132899  	79.511172 
3713.490206  	81.442955 
3713.847513  	82.348011 
3714.204820  	82.672905 
3714.562127  	82.980277 
3714.919434  	82.976695 
3715.276741  	82.276168 
3715.634047  	81.705191 
3715.991354  	82.081679 
3716.348661  	82.510322 
3716.705968  	82.577788 
3717.063275  	82.764001 
3717.420582  	83.048223 
3717.777889  	83.392710 
3718.135195  	83.556258 
3718.492502  	83.696344 
3718.849809  	83.883552 
3719.207116  	82.982191 
3719.564423  	81.980453 
3719.921730  	82.434990 
3720.279037  	82.975914 
3720.636344  	83.050175 
3720.993650  	83.361517 
3721.350957  	83.911535 
3721.708264  	84.212648 
3722.065571  	84.126720 
3722.422878  	83.212834 
3722.780185  	81.537364 
3723.137492  	81.465367 
3723.494798  	82.421132 
3723.852105  	82.506427 
3724.209412  	82.638654 
3724.566719  	83.040073 
3724.924026  	82.967889 
3725.281333  	82.903086 
3725.638640  	82.839068 
3725.995946  	82.676255 
3726.353253  	83.112049 
3726.710560  	83.362910 
3727.067867  	81.908915 
3727.425174  	80.949636 
3727.782481  	81.878217 
3728.139788  	82.246429 
3728.497094  	82.225608 
3728.854401  	82.693138 
3729.211708  	82.748489 
3729.569015  	82.774245 
3729.926322  	83.156036 
3730.283629  	83.473605 
3730.640936  	83.726868 
3730.998242  	84.026428 
3731.355549  	84.396702 
3731.712856  	84.786529 
3732.070163  	84.792730 
3732.427470  	82.332339 
3732.784777  	79.175609 
3733.142084  	80.147252 
3733.499391  	82.313554 
3733.856697  	84.006703 
3734.214004  	85.801597 
3734.571311  	85.990132 
3734.928618  	84.072570 
3735.285925  	82.329852 
3735.643232  	81.355259 
3736.000539  	80.742771 
3736.357845  	81.582547 
3736.715152  	82.985528 
3737.072459  	81.843379 
3737.429766  	80.174691 
3737.787073  	81.531899 
3738.144380  	83.030666 
3738.501687  	82.996404 
3738.858993  	82.212414 
3739.216300  	81.994074 
3739.573607  	82.684800 
3739.930914  	83.194854 
3740.288221  	83.442202 
3740.645528  	83.735260 
3741.002835  	83.520293 
3741.360141  	82.842763 
3741.717448  	82.199289 
3742.074755  	82.004730 
3742.432062  	82.596505 
3742.789369  	83.647704 
3743.146676  	84.708039 
3743.503983  	85.999469 
3743.861289  	87.754211 
3744.218596  	87.937568 
3744.575903  	83.456377 
3744.933210  	77.799863 
3745.290517  	76.080725 
3745.647824  	77.228833 
3746.005131  	79.827368 
3746.362438  	81.904911 
3746.719744  	83.002828 
3747.077051  	83.563789 
3747.434358  	83.906943 
3747.791665  	83.930763 
3748.148972  	83.841332 
3748.506279  	84.509731 
3748.863586  	85.757420 
3749.220892  	86.416710 
3749.578199  	84.059552 
3749.935506  	79.030107 
3750.292813  	78.647801 
3750.650120  	81.612810 
3751.007427  	83.981815 
3751.364734  	85.364783 
3751.722040  	85.827184 
3752.079347  	85.419716 
3752.436654  	82.904163 
3752.793961  	79.025176 
3753.151268  	78.807318 
3753.508575  	80.774688 
3753.865882  	82.190289 
3754.223188  	82.576411 
3754.580495  	82.492432 
3754.937802  	82.926567 
3755.295109  	83.705537 
3755.652416  	84.024711 
3756.009723  	83.855440 
3756.367030  	83.903293 
3756.724336  	83.583758 
3757.081643  	82.016875 
3757.438950  	81.393357 
3757.796257  	82.416897 
3758.153564  	83.300819 
3758.510871  	83.911842 
3758.868178  	84.277501 
3759.225484  	83.822926 
3759.582791  	83.001504 
3759.940098  	82.253853 
3760.297405  	80.980088 
3760.654712  	80.550704 
3761.012019  	81.835826 
3761.369326  	82.631241 
3761.726633  	82.704110 
3762.083939  	83.033635 
3762.441246  	83.083489 
3762.798553  	83.106291 
3763.155860  	83.287931 
3763.513167  	83.075339 
3763.870474  	82.957580 
3764.227781  	83.174281 
3764.585087  	83.550455 
3764.942394  	83.841653 
3765.299701  	84.040735 
3765.657008  	84.165071 
3766.014315  	82.828073 
3766.371622  	80.708898 
3766.728929  	80.701014 
3767.086235  	81.871886 
3767.443542  	82.549169 
3767.800849  	82.863430 
3768.158156  	83.232040 
3768.515463  	83.647039 
3768.872770  	84.049772 
3769.230077  	84.566934 
3769.587383  	84.937503 
3769.944690  	84.029244 
3770.301997  	81.330619 
3770.659304  	79.768600 
3771.016611  	81.188636 
3771.373918  	82.661481 
3771.731225  	82.790546 
3772.088531  	82.783196 
3772.445838  	83.077942 
3772.803145  	83.135726 
3773.160452  	82.977420 
3773.517759  	82.802264 
3773.875066  	82.836964 
3774.232373  	82.972607 
3774.589680  	82.989520 
3774.946986  	82.870054 
3775.304293  	82.662944 
3775.661600  	82.653666 
3776.018907  	82.667331 
3776.376214  	82.568766 
3776.733521  	82.592504 
3777.090828  	82.623578 
3777.448134  	82.730562 
3777.805441  	82.863225 
3778.162748  	83.138107 
3778.520055  	83.588478 
3778.877362  	83.535736 
3779.234669  	83.582065 
3779.591976  	83.453040 
3779.949282  	81.504620 
3780.306589  	80.149214 
3780.663896  	81.076678 
3781.021203  	82.091041 
3781.378510  	82.337933 
3781.735817  	82.371934 
3782.093124  	82.396689 
3782.450430  	82.169539 
3782.807737  	82.120145 
3783.165044  	82.579689 
3783.522351  	82.986963 
3783.879658  	83.138770 
3784.236965  	83.198545 
3784.594272  	83.000108 
3784.951578  	82.393769 
3785.308885  	81.868306 
3785.666192  	82.085491 
3786.023499  	82.480756 
3786.380806  	82.452965 
3786.738113  	82.538447 
3787.095420  	82.754099 
3787.452727  	82.568296 
3787.810033  	82.449631 
3788.167340  	82.700064 
3788.524647  	82.881042 
3788.881954  	82.891873 
3789.239261  	82.774945 
3789.596568  	82.637169 
3789.953875  	82.572111 
3790.311181  	82.594382 
3790.668488  	82.843184 
3791.025795  	83.099343 
3791.383102  	83.036420 
3791.740409  	82.797072 
3792.097716  	82.851513 
3792.455023  	83.016573 
3792.812329  	82.838647 
3793.169636  	82.914004 
3793.526943  	83.032850 
3793.884250  	82.557111 
3794.241557  	82.380564 
3794.598864  	82.808036 
3794.956171  	83.321329 
3795.313477  	83.564636 
3795.670784  	83.574568 
3796.028091  	84.027395 
3796.385398  	84.155224 
3796.742705  	82.682579 
3797.100012  	81.133417 
3797.457319  	81.613699 
3797.814625  	82.685815 
3798.171932  	82.573068 
3798.529239  	82.370133 
3798.886546  	82.976866 
3799.243853  	83.278136 
3799.601160  	83.422865 
3799.958467  	84.082373 
3800.315774  	84.984949 
3800.673080  	85.511505 
3801.030387  	85.262681 
3801.387694  	84.082383 
3801.745001  	80.857165 
3802.102308  	78.022050 
3802.459615  	79.151005 
3802.816922  	81.156021 
3803.174228  	81.894959 
3803.531535  	81.576409 
3803.888842  	81.599289 
3804.246149  	82.484584 
3804.603456  	82.956318 
3804.960763  	82.944389 
3805.318070  	83.484496 
3805.675376  	84.262563 
3806.032683  	84.678169 
3806.389990  	84.934199 
3806.747297  	84.990142 
3807.104604  	83.462170 
3807.461911  	79.745809 
3807.819218  	78.447468 
3808.176524  	80.599063 
3808.533831  	82.153471 
3808.891138  	82.377631 
3809.248445  	82.441546 
3809.605752  	82.526017 
3809.963059  	82.779760 
3810.320366  	83.065651 
3810.677672  	83.002734 
3811.034979  	82.906862 
3811.392286  	82.825655 
3811.749593  	82.814896 
3812.106900  	82.874932 
3812.464207  	82.757936 
3812.821514  	82.725473 
3813.178821  	82.915773 
3813.536127  	83.120306 
3813.893434  	83.035629 
3814.250741  	82.896179 
3814.608048  	83.349675 
3814.965355  	84.076963 
3815.322662  	84.879398 
3815.679969  	85.737869 
3816.037275  	84.843457 
3816.394582  	80.929477 
3816.751889  	77.684917 
3817.109196  	78.852586 
3817.466503  	81.456052 
3817.823810  	82.571041 
3818.181117  	82.653690 
3818.538423  	83.035565 
3818.895730  	83.173937 
3819.253037  	82.964577 
3819.610344  	83.658289 
3819.967651  	84.946709 
3820.324958  	85.703336 
3820.682265  	85.819669 
3821.039571  	83.876727 
3821.396878  	80.484301 
3821.754185  	80.087099 
3822.111492  	79.952872 
3822.468799  	79.002055 
3822.826106  	80.153050 
3823.183413  	81.589038 
3823.540719  	82.099884 
3823.898026  	82.537874 
3824.255333  	82.507095 
3824.612640  	82.149048 
3824.969947  	82.332997 
3825.327254  	82.901296 
3825.684561  	83.332502 
3826.041868  	83.235090 
3826.399174  	83.088384 
3826.756481  	83.056971 
3827.113788  	82.017321 
3827.471095  	81.015710 
3827.828402  	81.657415 
3828.185709  	82.433406 
3828.543016  	82.528562 
3828.900322  	82.637720 
3829.257629  	82.869399 
3829.614936  	83.058460 
3829.972243  	83.196186 
3830.329550  	83.258128 
3830.686857  	83.337569 
3831.044164  	83.514783 
3831.401470  	83.977552 
3831.758777  	83.884822 
3832.116084  	81.829888 
3832.473391  	80.239576 
3832.830698  	81.285734 
3833.188005  	82.643492 
3833.545312  	83.154877 
3833.902618  	83.425867 
3834.259925  	83.640915 
3834.617232  	84.032521 
3834.974539  	83.966266 
3835.331846  	81.838938 
3835.689153  	79.937160 
3836.046460  	80.838779 
3836.403766  	82.489825 
3836.761073  	83.730284 
3837.118380  	84.763349 
3837.475687  	85.494647 
3837.832994  	85.008236 
3838.190301  	81.477095 
3838.547608  	78.023893 
3838.904914  	79.047777 
3839.262221  	81.293968 
3839.619528  	82.729498 
3839.976835  	83.458056 
3840.334142  	82.725584 
3840.691449  	81.683485 
3841.048756  	81.921964 
3841.406063  	81.298495 
3841.763369  	80.399417 
3842.120676  	81.494911 
3842.477983  	82.906280 
3842.835290  	83.411161 
3843.192597  	83.541809 
3843.549904  	83.408406 
3843.907211  	82.257973 
3844.264517  	80.505574 
3844.621824  	80.391395 
3844.979131  	81.412483 
3845.336438  	81.898662 
3845.693745  	82.061541 
3846.051052  	82.257316 
3846.408359  	82.373352 
3846.765665  	82.356476 
3847.122972  	82.340428 
3847.480279  	82.408186 
3847.837586  	82.343036 
3848.194893  	82.264188 
3848.552200  	82.366781 
3848.909507  	82.605273 
3849.266813  	82.752687 
3849.624120  	82.549972 
3849.981427  	82.344718 
3850.338734  	82.401020 
3850.696041  	82.817693 
3851.053348  	83.618785 
3851.410655  	84.177677 
3851.767961  	84.238451 
3852.125268  	83.655430 
3852.482575  	81.652628 
3852.839882  	80.459890 
3853.197189  	82.819852 
3853.554496  	85.853089 
3853.911803  	86.089331 
3854.269110  	81.898779 
3854.626416  	75.917061 
3854.983723  	74.758798 
3855.341030  	77.659585 
3855.698337  	80.497277 
3856.055644  	81.804293 
3856.412951  	82.302368 
3856.770258  	82.614391 
3857.127564  	82.525393 
3857.484871  	81.547117 
3857.842178  	80.631730 
3858.199485  	80.983694 
3858.556792  	81.525192 
3858.914099  	81.609851 
3859.271406  	81.867555 
3859.628712  	82.196596 
3859.986019  	82.286999 
3860.343326  	82.529478 
3860.700633  	82.913348 
3861.057940  	83.151293 
3861.415247  	83.305905 
3861.772554  	82.958614 
3862.129860  	81.582037 
3862.487167  	80.342733 
3862.844474  	80.841859 
3863.201781  	81.963457 
3863.559088  	82.416358 
3863.916395  	82.783690 
3864.273702  	83.387881 
3864.631008  	83.657989 
3864.988315  	83.502674 
3865.345622  	81.683159 
3865.702929  	78.993114 
3866.060236  	79.227450 
3866.417543  	80.879467 
3866.774850  	81.280368 
3867.132157  	81.418058 
3867.489463  	82.014228 
3867.846770  	82.361462 
3868.204077  	82.735075 
3868.561384  	83.376311 
3868.918691  	84.351271 
3869.275998  	84.883202 
3869.633305  	83.077960 
3869.990611  	81.116917 
3870.347918  	80.165229 
3870.705225  	78.133037 
3871.062532  	78.542978 
3871.419839  	80.749188 
3871.777146  	81.205026 
3872.134453  	80.874143 
3872.491759  	81.426751 
3872.849066  	82.293748 
3873.206373  	82.927520 
3873.563680  	83.348693 
3873.920987  	83.266112 
3874.278294  	82.326920 
3874.635601  	80.682517 
3874.992907  	79.692048 
3875.350214  	80.338213 
3875.707521  	81.259802 
3876.064828  	81.493930 
3876.422135  	81.495627 
3876.779442  	81.621505 
3877.136749  	81.866077 
3877.494055  	82.042308 
3877.851362  	82.148829 
3878.208669  	82.367051 
3878.565976  	82.458932 
3878.923283  	82.509997 
3879.280590  	82.964292 
3879.637897  	83.699504 
3879.995204  	84.084693 
3880.352510  	83.249150 
3880.709817  	80.945336 
3881.067124  	79.439613 
3881.424431  	79.910846 
3881.781738  	80.719223 
3882.139045  	81.361515 
3882.496352  	81.860847 
3882.853658  	82.140618 
3883.210965  	82.337642 
3883.568272  	82.009158 
3883.925579  	81.724315 
3884.282886  	82.340796 
3884.640193  	83.111791 
3884.997500  	83.877533 
3885.354806  	84.586118 
3885.712113  	84.241652 
3886.069420  	81.635084 
3886.426727  	78.519154 
3886.784034  	78.939964 
3887.141341  	80.833311 
3887.498648  	81.853897 
3887.855954  	82.279274 
3888.213261  	82.239783 
3888.570568  	82.176393 
3888.927875  	82.328908 
3889.285182  	82.446943 
3889.642489  	82.831495 
3889.999796  	83.284157 
3890.357102  	83.434544 
3890.714409  	83.445162 
3891.071716  	83.548300 
3891.429023  	82.849276 
3891.786330  	80.443392 
3892.143637  	79.319594 
3892.500944  	80.564892 
3892.858251  	81.628521 
3893.215557  	81.958476 
3893.572864  	82.120935 
3893.930171  	82.329915 
3894.287478  	82.255190 
3894.644785  	81.807297 
3895.002092  	81.839593 
3895.359399  	82.307560 
3895.716705  	82.326815 
3896.074012  	82.177514 
3896.431319  	82.266846 
3896.788626  	82.360667 
3897.145933  	82.475644 
3897.503240  	82.655916 
3897.860547  	83.109063 
3898.217853  	83.593423 
3898.575160  	83.347832 
3898.932467  	83.355043 
3899.289774  	83.731748 
3899.647081  	81.983090 
3900.004388  	79.513982 
3900.361695  	80.075106 
3900.719001  	82.121588 
3901.076308  	83.418755 
3901.433615  	84.020238 
3901.790922  	84.097598 
3902.148229  	82.337026 
3902.505536  	80.071412 
3902.862843  	80.582708 
3903.220149  	82.379003 
3903.577456  	83.530434 
3903.934763  	84.204356 
3904.292070  	83.672165 
3904.649377  	81.003388 
3905.006684  	79.723959 
3905.363991  	81.246064 
3905.721298  	82.091395 
3906.078604  	81.627547 
3906.435911  	81.062681 
3906.793218  	81.091510 
3907.150525  	81.882800 
3907.507832  	82.405698 
3907.865139  	82.313606 
3908.222446  	82.232501 
3908.579752  	82.192966 
3908.937059  	82.154860 
3909.294366  	82.153188 
3909.651673  	82.392148 
3910.008980  	82.847243 
3910.366287  	82.815016 
3910.723594  	82.565938 
3911.080900  	82.536450 
3911.438207  	82.379087 
3911.795514  	82.344393 
3912.152821  	82.419942 
3912.510128  	82.326058 
3912.867435  	82.347332 
3913.224742  	82.297533 
3913.582048  	82.210603 
3913.939355  	82.432535 
3914.296662  	82.563885 
3914.653969  	82.569786 
3915.011276  	82.782339 
3915.368583  	82.950358 
3915.725890  	82.948216 
3916.083196  	83.064817 
3916.440503  	83.126242 
3916.797810  	82.850747 
3917.155117  	82.644153 
3917.512424  	82.110452 
3917.869731  	81.042286 
3918.227038  	81.064765 
3918.584344  	82.131437 
3918.941651  	82.864518 
3919.298958  	83.109153 
3919.656265  	83.365475 
3920.013572  	83.583807 
3920.370879  	82.694542 
3920.728186  	81.246035 
3921.085493  	81.281447 
3921.442799  	82.138556 
3921.800106  	82.551548 
3922.157413  	82.785564 
3922.514720  	83.074073 
3922.872027  	83.128407 
3923.229334  	83.037895 
3923.586641  	83.048786 
3923.943947  	82.877516 
3924.301254  	82.628734 
3924.658561  	82.735992 
3925.015868  	82.878299 
3925.373175  	82.515354 
3925.730482  	81.769258 
3926.087789  	81.713778 
3926.445095  	82.344305 
3926.802402  	82.575140 
3927.159709  	82.577287 
3927.517016  	82.687514 
3927.874323  	82.707122 
3928.231630  	82.782841 
3928.588937  	82.786596 
3928.946243  	82.705885 
3929.303550  	82.805319 
3929.660857  	82.811242 
3930.018164  	82.630473 
3930.375471  	82.728828 
3930.732778  	82.930401 
3931.090085  	82.827451 
3931.447391  	82.985140 
3931.804698  	83.454097 
3932.162005  	83.385161 
3932.519312  	82.536687 
3932.876619  	81.409054 
3933.233926  	81.301941 
3933.591233  	82.123098 
3933.948540  	82.484057 
3934.305846  	82.459594 
3934.663153  	82.485625 
3935.020460  	82.632586 
3935.377767  	82.866037 
3935.735074  	82.843483 
3936.092381  	82.736570 
3936.449688  	82.671565 
3936.806994  	82.640972 
3937.164301  	82.704442 
3937.521608  	82.611215 
3937.878915  	82.645233 
3938.236222  	82.781934 
3938.593529  	82.707550 
3938.950836  	82.790035 
3939.308142  	82.746542 
3939.665449  	82.447736 
3940.022756  	82.580684 
3940.380063  	82.965488 
3940.737370  	83.010182 
3941.094677  	82.931372 
3941.451984  	83.078936 
3941.809290  	83.124222 
3942.166597  	83.014886 
3942.523904  	83.073070 
3942.881211  	82.750696 
3943.238518  	81.790577 
3943.595825  	81.257954 
3943.953132  	81.779054 
3944.310438  	82.593719 
3944.667745  	82.885040 
3945.025052  	82.833725 
3945.382359  	82.749257 
3945.739666  	82.726858 
3946.096973  	83.024881 
3946.454280  	83.168863 
3946.811587  	83.014244 
3947.168893  	83.110242 
3947.526200  	83.012899 
3947.883507  	82.469342 
3948.240814  	82.234147 
3948.598121  	82.432108 
3948.955428  	82.491818 
3949.312735  	82.469421 
3949.670041  	82.865999 
3950.027348  	83.044549 
3950.384655  	82.455323 
3950.741962  	82.067461 
3951.099269  	82.143374 
3951.456576  	82.325346 
3951.813883  	82.582288 
3952.171189  	82.566703 
3952.528496  	82.435056 
3952.885803  	82.558891 
3953.243110  	82.639489 
3953.600417  	82.552211 
3953.957724  	82.634991 
3954.315031  	82.863376 
3954.672337  	82.873425 
3955.029644  	82.879502 
3955.386951  	82.995197 
3955.744258  	82.880700 
3956.101565  	82.705011 
3956.458872  	82.586395 
3956.816179  	82.651434 
3957.173485  	82.915148 
3957.530792  	82.793960 
3957.888099  	82.565289 
3958.245406  	82.591203 
3958.602713  	82.506381 
3958.960020  	82.470517 
3959.317327  	82.483812 
3959.674634  	82.358602 
3960.031940  	82.328977 
3960.389247  	82.324344 
3960.746554  	82.321554 
3961.103861  	82.629596 
3961.461168  	83.059461 
3961.818475  	82.977348 
3962.175782  	82.362312 
3962.533088  	82.034086 
3962.890395  	82.457081 
3963.247702  	82.999538 
3963.605009  	83.096908 
3963.962316  	82.974045 
3964.319623  	82.869504 
3964.676930  	82.858572 
3965.034236  	82.744000 
3965.391543  	82.365948 
3965.748850  	82.328402 
3966.106157  	82.614570 
3966.463464  	82.788897 
3966.820771  	83.012212 
3967.178078  	82.980963 
3967.535384  	82.748614 
3967.892691  	82.634871 
3968.249998  	82.401088 
3968.607305  	82.426110 
3968.964612  	82.786759 
3969.321919  	82.908619 
3969.679226  	82.723552 
3970.036532  	82.609394 
3970.393839  	82.930322 
3970.751146  	83.216455 
3971.108453  	83.061252 
3971.465760  	82.867699 
3971.823067  	82.878555 
3972.180374  	82.898101 
3972.537681  	82.604965 
3972.894987  	82.463720 
3973.252294  	82.638126 
3973.609601  	82.589013 
3973.966908  	82.717523 
3974.324215  	82.775038 
3974.681522  	82.537890 
3975.038829  	82.808725 
3975.396135  	83.045943 
3975.753442  	82.945209 
3976.110749  	82.872697 
3976.468056  	82.579473 
3976.825363  	82.433322 
3977.182670  	82.546540 
3977.539977  	82.637581 
3977.897283  	82.803032 
3978.254590  	82.944320 
3978.611897  	82.970000 
3978.969204  	82.844984 
3979.326511  	82.761012 
3979.683818  	82.864077 
3980.041125  	82.830034 
3980.398431  	82.671624 
3980.755738  	82.848569 
3981.113045  	83.248010 
3981.470352  	83.123107 
3981.827659  	82.649556 
3982.184966  	82.523302 
3982.542273  	82.528217 
3982.899579  	82.422759 
3983.256886  	82.293578 
3983.614193  	82.332722 
3983.971500  	82.650994 
3984.328807  	82.890947 
3984.686114  	82.823076 
3985.043421  	82.643716 
3985.400728  	82.731845 
3985.758034  	82.866532 
3986.115341  	82.642906 
3986.472648  	82.503140 
3986.829955  	82.624122 
3987.187262  	82.808217 
3987.544569  	82.965775 
3987.901876  	83.033084 
3988.259182  	83.104663 
3988.616489  	82.934620 
3988.973796  	82.634456 
3989.331103  	82.607027 
3989.688410  	82.681754 
3990.045717  	82.815175 
3990.403024  	82.844247 
3990.760330  	82.431256 
3991.117637  	82.011272 
3991.474944  	82.253728 
3991.832251  	82.748008 
3992.189558  	82.701161 
3992.546865  	82.503148 
3992.904172  	82.537315 
3993.261478  	82.531707 
3993.618785  	82.656052 
3993.976092  	82.974547 
3994.333399  	83.074838 
3994.690706  	82.936411 
3995.048013  	82.826175 
3995.405320  	82.671634 
3995.762626  	82.601820 
3996.119933  	82.732773 
3996.477240  	82.686903 
3996.834547  	82.674853 
3997.191854  	82.931776 
3997.549161  	83.121388 
3997.906468  	83.095894 
3998.263775  	82.861126 
3998.621081  	82.726956 
3998.978388  	82.986498 
3999.335695  	83.344342 
3999.693002  	83.184004 
4000.050309  	82.744771 